datetime,open,high,low,close,volume
2023-12-01 05:00:00+00:00,1329.25,1330.25,1327.5,1328.75,0
2023-12-01 06:00:00+00:00,1328.75,1330.25,1327.75,1329.0,1722
2023-12-01 07:00:00+00:00,1328.75,1330.25,1328.75,1329.75,1630
2023-12-01 08:00:00+00:00,1330.0,1351.5,1329.75,1350.5,0
2023-12-01 09:00:00+00:00,1330.5,1352.25,1330.5,1331.75,842
2023-12-01 10:00:00+00:00,1331.75,1351.75,1327.5,1328.0,9001
2023-12-01 11:00:00+00:00,1347.75,1348.25,1326.5,1346.75,0
2023-12-01 12:00:00+00:00,1326.5,1351.0,1326.0,1330.25,11806
2023-12-01 13:00:00+00:00,1350.25,1352.75,1329.0,1350.5,0
2023-12-01 14:00:00+00:00,1350.0,1351.5,1326.0,1330.0,32958
2023-12-01 15:00:00+00:00,1330.25,1355.25,1327.5,1350.5,0
2023-12-01 16:00:00+00:00,1330.5,1351.75,1326.75,1327.5,45225
2023-12-01 17:00:00+00:00,1327.25,1356.5,1326.5,1335.25,13526
2023-12-01 18:00:00+00:00,1355.25,1355.75,1328.25,1328.25,9915
2023-12-01 19:00:00+00:00,1328.25,1349.25,1323.5,1323.75,19855
2023-12-04 01:00:00+00:00,1322.5,1343.0,1314.25,1316.0,9899
2023-12-04 02:00:00+00:00,1315.75,1337.75,1312.75,1315.75,2890
2023-12-04 03:00:00+00:00,1315.5,1337.25,1314.0,1315.5,1024
2023-12-04 04:00:00+00:00,1315.5,1336.5,1314.5,1315.25,446
2023-12-04 05:00:00+00:00,1336.0,1337.5,1314.0,1314.5,642
2023-12-04 06:00:00+00:00,1314.5,1336.5,1313.5,1313.75,1320
2023-12-04 07:00:00+00:00,1313.75,1335.0,1311.5,1312.5,1218
2023-12-04 08:00:00+00:00,1312.5,1335.25,1311.25,1334.5,0
2023-12-04 09:00:00+00:00,1313.5,1336.5,1311.5,1314.75,13178
2023-12-04 10:00:00+00:00,1314.75,1338.0,1314.75,1317.0,696
2023-12-04 11:00:00+00:00,1317.0,1338.25,1314.25,1315.5,1864
2023-12-04 12:00:00+00:00,1315.75,1337.75,1314.25,1336.5,908
2023-12-04 13:00:00+00:00,1315.25,1343.75,1315.0,1321.5,6366
2023-12-04 14:00:00+00:00,1322.0,1347.0,1318.5,1324.75,25099
2023-12-04 15:00:00+00:00,1324.75,1347.5,1323.0,1347.0,13611
2023-12-04 16:00:00+00:00,1347.0,1349.0,1317.25,1319.75,14348
2023-12-04 17:00:00+00:00,1340.0,1340.0,1305.5,1306.75,22045
2023-12-04 18:00:00+00:00,1307.0,1328.0,1303.5,1305.5,14891
2023-12-04 19:00:00+00:00,1305.5,1328.25,1304.5,1307.25,11970
2023-12-05 01:00:00+00:00,1307.25,1333.0,1304.75,1308.75,0
2023-12-05 02:00:00+00:00,1329.0,1330.25,1307.5,1307.5,1649
2023-12-05 03:00:00+00:00,1307.75,1329.0,1307.75,1308.5,301
2023-12-05 04:00:00+00:00,1308.75,1329.5,1307.75,1308.5,157
2023-12-05 05:00:00+00:00,1329.0,1330.25,1308.0,1310.5,690
2023-12-05 06:00:00+00:00,1310.5,1332.5,1309.75,1312.0,2594
2023-12-05 07:00:00+00:00,1312.0,1332.0,1310.5,1311.5,449
2023-12-05 08:00:00+00:00,1311.25,1332.75,1309.75,1311.5,1535
2023-12-05 09:00:00+00:00,1311.25,1332.25,1309.25,1329.25,0
2023-12-05 10:00:00+00:00,1309.5,1331.25,1309.0,1310.25,8260
2023-12-05 11:00:00+00:00,1310.5,1332.0,1307.5,1327.25,0
2023-12-05 12:00:00+00:00,1307.25,1330.5,1307.0,1310.25,10096
2023-12-05 13:00:00+00:00,1310.0,1335.25,1307.75,1314.25,6987
2023-12-05 14:00:00+00:00,1314.0,1334.25,1306.5,1310.25,15270
2023-12-05 15:00:00+00:00,1330.5,1333.75,1301.0,1303.5,18182
2023-12-05 16:00:00+00:00,1303.5,1324.5,1298.5,1299.25,14409
2023-12-05 17:00:00+00:00,1299.0,1320.5,1294.0,1296.25,17033
2023-12-05 18:00:00+00:00,1317.0,1324.0,1294.75,1302.5,15068
2023-12-05 19:00:00+00:00,1302.5,1329.75,1301.5,1308.5,10494
2023-12-06 01:00:00+00:00,1309.25,1332.5,1301.0,1304.75,0
2023-12-06 02:00:00+00:00,1324.75,1327.5,1304.75,1325.75,0
2023-12-06 03:00:00+00:00,1325.5,1326.0,1304.5,1305.25,3317
2023-12-06 04:00:00+00:00,1305.0,1326.25,1304.5,1325.25,0
2023-12-06 05:00:00+00:00,1305.25,1329.25,1304.75,1329.0,1586
2023-12-06 06:00:00+00:00,1308.75,1330.5,1308.0,1309.5,4637
2023-12-06 07:00:00+00:00,1329.75,1330.25,1309.0,1309.5,543
2023-12-06 08:00:00+00:00,1329.75,1332.5,1309.25,1312.25,847
2023-12-06 09:00:00+00:00,1312.0,1333.25,1310.5,1331.25,0
2023-12-06 10:00:00+00:00,1311.25,1332.0,1309.5,1311.25,4702
2023-12-06 11:00:00+00:00,1311.5,1334.0,1310.5,1312.5,755
2023-12-06 12:00:00+00:00,1312.25,1333.25,1309.75,1330.0,0
2023-12-06 13:00:00+00:00,1330.25,1332.0,1307.0,1328.0,3164
2023-12-06 14:00:00+00:00,1307.0,1327.5,1297.25,1297.5,24455
2023-12-06 15:00:00+00:00,1297.5,1322.5,1296.75,1299.75,19013
2023-12-06 16:00:00+00:00,1300.0,1322.75,1295.25,1297.0,11592
2023-12-06 17:00:00+00:00,1297.0,1322.75,1294.25,1319.0,0
2023-12-06 18:00:00+00:00,1299.0,1319.25,1293.75,1296.25,32656
2023-12-06 19:00:00+00:00,1296.5,1316.5,1295.0,1296.5,8140
2023-12-07 01:00:00+00:00,1296.0,1317.5,1292.25,1295.75,0
2023-12-07 02:00:00+00:00,1315.5,1316.75,1294.5,1296.0,1175
2023-12-07 03:00:00+00:00,1296.0,1318.75,1295.75,1298.25,915
2023-12-07 04:00:00+00:00,1318.0,1318.25,1297.75,1317.75,0
2023-12-07 05:00:00+00:00,1297.75,1322.75,1297.75,1322.25,841
2023-12-07 06:00:00+00:00,1302.5,1323.25,1301.75,1302.25,6322
2023-12-07 07:00:00+00:00,1302.25,1323.0,1300.5,1303.5,1947
2023-12-07 08:00:00+00:00,1303.5,1323.25,1299.5,1299.75,956
2023-12-07 09:00:00+00:00,1299.75,1320.75,1299.5,1301.0,1671
2023-12-07 10:00:00+00:00,1320.5,1322.5,1300.75,1322.0,807
2023-12-07 11:00:00+00:00,1302.75,1326.5,1302.25,1305.5,1937
2023-12-07 12:00:00+00:00,1305.75,1327.0,1303.5,1307.0,2042
2023-12-07 13:00:00+00:00,1307.25,1329.5,1303.25,1324.0,0
2023-12-07 14:00:00+00:00,1322.0,1325.75,1301.0,1322.25,17941
2023-12-07 15:00:00+00:00,1303.0,1323.75,1298.75,1303.0,33575
2023-12-07 16:00:00+00:00,1322.5,1330.0,1301.0,1311.5,15573
2023-12-07 17:00:00+00:00,1329.75,1330.5,1307.5,1327.25,0
2023-12-07 18:00:00+00:00,1327.5,1336.5,1309.0,1311.25,43792
2023-12-07 19:00:00+00:00,1329.75,1331.5,1309.75,1310.5,15158
2023-12-08 01:00:00+00:00,1330.75,1336.25,1310.5,1313.25,0
2023-12-08 02:00:00+00:00,1313.0,1335.0,1313.0,1333.25,752
2023-12-08 03:00:00+00:00,1333.25,1333.25,1313.0,1314.5,2227
2023-12-08 04:00:00+00:00,1314.25,1332.75,1314.0,1314.75,234
2023-12-08 05:00:00+00:00,1314.75,1333.5,1314.25,1315.0,532
2023-12-08 06:00:00+00:00,1315.0,1335.0,1315.0,1316.0,757
2023-12-08 07:00:00+00:00,1315.75,1334.0,1314.25,1315.5,339
2023-12-08 08:00:00+00:00,1333.0,1333.5,1313.75,1315.5,364
2023-12-08 09:00:00+00:00,1315.5,1333.5,1314.75,1314.75,366
2023-12-08 10:00:00+00:00,1314.75,1333.5,1314.5,1333.25,0
2023-12-08 11:00:00+00:00,1333.5,1334.25,1332.5,1334.0,399
2023-12-08 12:00:00+00:00,1334.0,1338.5,1333.75,1337.5,651
2023-12-08 13:00:00+00:00,1337.75,1341.75,1336.25,1340.75,6634
2023-12-08 14:00:00+00:00,1339.5,1348.0,1339.25,1344.25,13154
2023-12-08 15:00:00+00:00,1344.5,1344.75,1339.0,1340.25,9738
2023-12-08 16:00:00+00:00,1340.25,1341.25,1338.0,1339.5,3469
2023-12-08 17:00:00+00:00,1340.0,1345.75,1320.5,1322.0,21886
2023-12-08 18:00:00+00:00,1322.0,1322.25,1318.0,1319.25,10438
2023-12-08 19:00:00+00:00,1319.5,1326.75,1319.0,1325.0,7798
2023-12-11 01:00:00+00:00,1328.5,1333.5,1327.75,1332.25,2721
2023-12-11 02:00:00+00:00,1332.25,1334.25,1330.25,1331.0,892
2023-12-11 03:00:00+00:00,1330.75,1331.5,1330.5,1331.25,103
2023-12-11 04:00:00+00:00,1330.75,1331.0,1330.0,1330.25,38
2023-12-11 05:00:00+00:00,1330.25,1330.75,1328.5,1330.25,132
2023-12-11 06:00:00+00:00,1330.25,1333.25,1329.5,1330.75,1260
2023-12-11 07:00:00+00:00,1331.0,1332.5,1330.75,1332.5,134
2023-12-11 08:00:00+00:00,1332.75,1336.25,1332.75,1333.0,602
2023-12-11 09:00:00+00:00,1332.5,1332.75,1329.75,1329.75,380
2023-12-11 10:00:00+00:00,1329.5,1330.25,1327.75,1327.75,476
2023-12-11 11:00:00+00:00,1327.5,1329.5,1326.5,1329.0,221
2023-12-11 12:00:00+00:00,1329.5,1335.5,1329.25,1334.75,1559
2023-12-11 13:00:00+00:00,1334.5,1335.75,1332.5,1335.75,6161
2023-12-11 14:00:00+00:00,1335.75,1344.5,1335.5,1341.75,15844
2023-12-11 15:00:00+00:00,1341.75,1345.75,1339.75,1343.5,12980
2023-12-11 16:00:00+00:00,1343.5,1347.75,1340.75,1347.5,9961
2023-12-11 17:00:00+00:00,1347.5,1352.0,1344.0,1347.75,16152
2023-12-11 18:00:00+00:00,1347.75,1352.75,1347.5,1350.0,9656
2023-12-11 19:00:00+00:00,1350.0,1355.0,1350.0,1354.5,16516
2023-12-12 01:00:00+00:00,1353.25,1357.75,1351.25,1353.25,0
2023-12-12 02:00:00+00:00,1353.25,1353.25,1351.0,1351.5,537
2023-12-12 03:00:00+00:00,1351.25,1351.25,1349.0,1349.75,384
2023-12-12 04:00:00+00:00,1349.75,1350.0,1348.5,1349.0,999
2023-12-12 05:00:00+00:00,1349.0,1354.0,1349.0,1354.0,1275
2023-12-12 06:00:00+00:00,1354.0,1358.0,1353.5,1357.25,2311
2023-12-12 07:00:00+00:00,1357.25,1357.75,1356.5,1357.0,323
2023-12-12 08:00:00+00:00,1356.75,1360.0,1356.25,1358.25,1610
2023-12-12 09:00:00+00:00,1358.25,1359.0,1356.75,1358.5,411
2023-12-12 10:00:00+00:00,1358.75,1360.0,1357.25,1357.25,857
2023-12-12 11:00:00+00:00,1357.5,1357.75,1353.75,1354.25,686
2023-12-12 12:00:00+00:00,1354.25,1355.5,1353.5,1354.0,1186
2023-12-12 13:00:00+00:00,1353.75,1355.25,1350.5,1352.0,3510
2023-12-12 14:00:00+00:00,1350.0,1351.0,1344.5,1345.0,13971
2023-12-12 15:00:00+00:00,1345.0,1350.0,1343.25,1348.0,18578
2023-12-12 16:00:00+00:00,1348.25,1352.25,1344.5,1344.5,16505
2023-12-12 17:00:00+00:00,1344.75,1345.0,1338.5,1342.0,20855
2023-12-12 18:00:00+00:00,1342.0,1344.0,1341.25,1342.5,10968
2023-12-12 19:00:00+00:00,1342.75,1344.0,1342.0,1342.0,0
2023-12-13 01:00:00+00:00,1341.75,1342.25,1334.0,1338.25,5231
2023-12-13 02:00:00+00:00,1338.5,1340.75,1338.0,1339.5,1757
2023-12-13 03:00:00+00:00,1339.0,1340.5,1337.75,1340.0,2351
2023-12-13 04:00:00+00:00,1339.5,1339.5,1338.75,1339.25,151
2023-12-13 05:00:00+00:00,1339.25,1340.75,1339.25,1340.25,955
2023-12-13 06:00:00+00:00,1339.75,1341.0,1338.25,1338.5,988
2023-12-13 07:00:00+00:00,1338.25,1338.25,1334.5,1334.5,1058
2023-12-13 08:00:00+00:00,1334.25,1334.25,1332.5,1333.0,1258
2023-12-13 09:00:00+00:00,1333.25,1333.75,1330.75,1331.5,1924
2023-12-13 10:00:00+00:00,1331.5,1331.5,1329.5,1330.5,1754
2023-12-13 11:00:00+00:00,1330.75,1333.0,1329.75,1331.75,1263
2023-12-13 12:00:00+00:00,1331.5,1335.25,1330.5,1334.25,2234
2023-12-13 13:00:00+00:00,1334.25,1336.25,1332.5,1333.25,1901
2023-12-13 14:00:00+00:00,1334.25,1334.75,1323.25,1330.0,11968
2023-12-13 15:00:00+00:00,1330.0,1330.0,1321.75,1322.5,17329
2023-12-13 16:00:00+00:00,1322.5,1328.0,1322.0,1327.5,6999
2023-12-13 17:00:00+00:00,1327.75,1328.25,1322.25,1323.0,7462
2023-12-13 18:00:00+00:00,1323.25,1326.0,1323.0,1323.5,7606
2023-12-13 19:00:00+00:00,1323.5,1328.0,1323.25,1328.0,11883
2023-12-14 01:00:00+00:00,1329.0,1334.75,1328.5,1331.75,0
2023-12-14 02:00:00+00:00,1331.75,1332.0,1328.5,1328.75,371
2023-12-14 03:00:00+00:00,1329.0,1329.0,1325.75,1326.25,431
2023-12-14 04:00:00+00:00,1326.5,1328.5,1326.5,1328.0,68
2023-12-14 05:00:00+00:00,1327.5,1330.25,1326.5,1329.5,696
2023-12-14 06:00:00+00:00,1329.25,1331.0,1327.75,1328.25,1735
2023-12-14 07:00:00+00:00,1328.25,1329.5,1327.0,1327.5,313
2023-12-14 08:00:00+00:00,1327.0,1329.0,1326.5,1327.75,1149
2023-12-14 09:00:00+00:00,1327.75,1328.0,1324.75,1325.25,540
2023-12-14 10:00:00+00:00,1325.0,1325.25,1323.0,1324.0,887
2023-12-14 11:00:00+00:00,1324.0,1325.75,1323.75,1324.5,372
2023-12-14 12:00:00+00:00,1324.5,1331.0,1324.5,1329.0,1135
2023-12-14 13:00:00+00:00,1329.75,1332.5,1329.0,1331.5,2281
2023-12-14 14:00:00+00:00,1331.5,1337.5,1329.5,1332.75,15284
2023-12-14 15:00:00+00:00,1333.0,1333.25,1326.75,1328.0,9244
2023-12-14 16:00:00+00:00,1327.75,1331.25,1327.25,1329.0,4558
2023-12-14 17:00:00+00:00,1329.25,1333.5,1327.5,1330.75,4645
2023-12-14 18:00:00+00:00,1331.0,1333.0,1329.0,1330.25,7031
2023-12-14 19:00:00+00:00,1330.0,1335.25,1329.0,1334.5,5204
2023-12-15 01:00:00+00:00,1334.0,1336.5,1331.5,1332.25,0
2023-12-15 02:00:00+00:00,1332.0,1333.75,1332.0,1333.75,416
2023-12-15 03:00:00+00:00,1334.0,1334.5,1332.25,1333.25,2670
2023-12-15 04:00:00+00:00,1333.0,1333.5,1332.25,1333.25,61
2023-12-15 05:00:00+00:00,1333.0,1333.5,1331.0,1331.0,487
2023-12-15 06:00:00+00:00,1331.25,1333.25,1331.0,1331.5,1203
2023-12-15 07:00:00+00:00,1331.75,1335.75,1331.5,1335.5,788
2023-12-15 08:00:00+00:00,1335.75,1337.75,1335.0,1337.75,513
2023-12-15 09:00:00+00:00,1337.5,1337.5,1334.25,1334.25,837
2023-12-15 10:00:00+00:00,1334.25,1334.25,1331.5,1332.5,543
2023-12-15 11:00:00+00:00,1332.5,1332.75,1329.0,1331.25,697
2023-12-15 12:00:00+00:00,1331.25,1334.25,1331.25,1334.0,972
2023-12-15 13:00:00+00:00,1333.75,1335.25,1331.25,1333.5,2187
2023-12-15 14:00:00+00:00,1335.0,1337.25,1326.5,1327.0,11924
2023-12-15 15:00:00+00:00,1327.25,1331.0,1320.75,1322.25,12430
2023-12-15 16:00:00+00:00,1322.25,1330.0,1322.0,1326.25,13816
2023-12-15 17:00:00+00:00,1326.25,1327.5,1321.25,1327.25,12443
2023-12-15 18:00:00+00:00,1327.5,1330.75,1326.25,1330.5,7225
2023-12-15 19:00:00+00:00,1330.5,1332.75,1330.5,1332.5,12014
2023-12-18 01:00:00+00:00,1332.75,1337.0,1327.25,1327.75,2626
2023-12-18 02:00:00+00:00,1327.5,1328.25,1324.0,1325.25,760
2023-12-18 03:00:00+00:00,1325.25,1326.75,1324.5,1326.0,372
2023-12-18 04:00:00+00:00,1326.0,1327.25,1325.75,1326.25,272
2023-12-18 05:00:00+00:00,1325.75,1327.25,1324.0,1325.25,824
2023-12-18 06:00:00+00:00,1325.5,1328.75,1324.75,1328.25,785
2023-12-18 07:00:00+00:00,1328.25,1328.5,1326.0,1326.25,335
2023-12-18 08:00:00+00:00,1326.0,1330.5,1325.25,1325.25,1154
2023-12-18 09:00:00+00:00,1325.25,1326.0,1322.75,1324.5,1100
2023-12-18 10:00:00+00:00,1323.5,1327.25,1323.25,1326.0,541
2023-12-18 11:00:00+00:00,1325.75,1330.0,1325.5,1329.75,1381
2023-12-18 12:00:00+00:00,1330.0,1330.5,1328.5,1329.25,1081
2023-12-18 13:00:00+00:00,1329.5,1332.5,1328.25,1331.5,1819
2023-12-18 14:00:00+00:00,1331.5,1333.25,1325.0,1330.0,15688
2023-12-18 15:00:00+00:00,1330.0,1332.25,1327.5,1330.75,9087
2023-12-18 16:00:00+00:00,1330.75,1336.0,1330.75,1332.5,17516
2023-12-18 17:00:00+00:00,1332.5,1336.25,1330.75,1334.75,12756
2023-12-18 18:00:00+00:00,1335.0,1339.75,1333.5,1338.25,11209
2023-12-18 19:00:00+00:00,1338.25,1340.75,1338.0,1340.75,9527
2023-12-19 01:00:00+00:00,1339.0,1340.5,1332.25,1332.75,0
2023-12-19 02:00:00+00:00,1332.5,1336.25,1332.5,1335.5,1022
2023-12-19 03:00:00+00:00,1335.25,1335.5,1334.25,1334.75,173
2023-12-19 04:00:00+00:00,1334.5,1334.75,1333.75,1334.0,110
2023-12-19 05:00:00+00:00,1334.25,1334.25,1331.5,1332.75,549
2023-12-19 06:00:00+00:00,1332.75,1334.75,1332.25,1332.5,952
2023-12-19 07:00:00+00:00,1332.75,1333.0,1330.5,1330.5,644
2023-12-19 08:00:00+00:00,1331.0,1331.25,1329.25,1329.5,872
2023-12-19 09:00:00+00:00,1329.25,1330.75,1329.0,1330.25,976
2023-12-19 10:00:00+00:00,1330.0,1332.0,1329.0,1331.0,1183
2023-12-19 11:00:00+00:00,1331.0,1331.0,1327.25,1328.25,1882
2023-12-19 12:00:00+00:00,1328.25,1330.0,1327.0,1328.0,1616
2023-12-19 13:00:00+00:00,1328.0,1330.25,1326.5,1329.0,5596
2023-12-19 14:00:00+00:00,1329.5,1331.25,1320.25,1324.25,22635
2023-12-19 15:00:00+00:00,1324.25,1329.25,1323.5,1325.5,24776
2023-12-19 16:00:00+00:00,1325.25,1325.5,1322.25,1322.5,11114
2023-12-19 17:00:00+00:00,1322.25,1323.75,1320.5,1323.0,15739
2023-12-19 18:00:00+00:00,1323.0,1326.0,1321.25,1323.0,14218
2023-12-19 19:00:00+00:00,1323.0,1323.25,1321.25,1322.25,14334
2023-12-20 01:00:00+00:00,1322.25,1324.75,1320.5,1324.0,0
2023-12-20 02:00:00+00:00,1323.75,1326.25,1323.5,1325.5,2435
2023-12-20 03:00:00+00:00,1325.5,1325.5,1324.25,1325.0,710
2023-12-20 04:00:00+00:00,1325.25,1325.5,1325.0,1325.0,476
2023-12-20 05:00:00+00:00,1325.25,1326.25,1325.0,1325.5,1126
2023-12-20 06:00:00+00:00,1325.5,1326.25,1325.0,1325.0,710
2023-12-20 07:00:00+00:00,1325.0,1325.75,1324.5,1325.25,1012
2023-12-20 08:00:00+00:00,1325.25,1325.5,1323.0,1323.5,741
2023-12-20 09:00:00+00:00,1323.25,1324.5,1322.75,1322.75,1009
2023-12-20 10:00:00+00:00,1322.75,1324.75,1322.75,1324.5,1056
2023-12-20 11:00:00+00:00,1324.75,1325.25,1322.5,1322.75,1495
2023-12-20 12:00:00+00:00,1322.75,1325.75,1322.5,1324.25,1966
2023-12-20 13:00:00+00:00,1324.5,1324.5,1319.25,1321.25,3537
2023-12-20 14:00:00+00:00,1323.0,1328.25,1316.75,1319.25,24535
2023-12-20 15:00:00+00:00,1319.25,1323.0,1319.0,1321.0,14370
2023-12-20 16:00:00+00:00,1321.25,1323.25,1320.0,1321.0,10185
2023-12-20 17:00:00+00:00,1321.0,1321.75,1311.25,1314.5,14773
2023-12-20 18:00:00+00:00,1314.5,1317.75,1313.5,1317.0,19873
2023-12-20 19:00:00+00:00,1317.25,1318.0,1315.25,1316.5,7381
2023-12-21 01:00:00+00:00,1316.5,1316.75,1313.0,1314.0,0
2023-12-21 02:00:00+00:00,1314.0,1314.25,1310.5,1311.0,1629
2023-12-21 03:00:00+00:00,1311.25,1311.75,1310.5,1311.25,749
2023-12-21 04:00:00+00:00,1311.25,1312.25,1311.0,1311.75,437
2023-12-21 05:00:00+00:00,1311.75,1312.75,1311.0,1312.5,532
2023-12-21 06:00:00+00:00,1312.75,1316.0,1312.75,1315.5,3052
2023-12-21 07:00:00+00:00,1315.25,1315.75,1312.25,1312.25,513
2023-12-21 08:00:00+00:00,1312.0,1313.5,1311.75,1313.25,552
2023-12-21 09:00:00+00:00,1313.0,1313.0,1311.0,1311.0,478
2023-12-21 10:00:00+00:00,1311.25,1311.25,1310.0,1310.25,997
2023-12-21 11:00:00+00:00,1310.0,1311.25,1310.0,1310.75,1020
2023-12-21 12:00:00+00:00,1311.0,1315.75,1310.75,1315.5,1462
2023-12-21 13:00:00+00:00,1315.25,1316.0,1310.5,1312.75,2353
2023-12-21 14:00:00+00:00,1313.0,1313.0,1303.25,1303.5,17792
2023-12-21 15:00:00+00:00,1303.75,1305.75,1299.25,1303.5,22332
2023-12-21 16:00:00+00:00,1303.5,1309.75,1303.0,1307.25,12813
2023-12-21 17:00:00+00:00,1307.25,1309.0,1305.25,1306.5,7710
2023-12-21 18:00:00+00:00,1306.75,1307.25,1303.0,1303.25,7474
2023-12-21 19:00:00+00:00,1303.5,1304.75,1300.0,1300.0,0
2023-12-22 01:00:00+00:00,1301.0,1303.75,1298.25,1303.0,3295
2023-12-22 02:00:00+00:00,1303.25,1303.5,1299.75,1300.5,767
2023-12-22 03:00:00+00:00,1300.5,1305.0,1300.0,1303.25,1324
2023-12-22 04:00:00+00:00,1303.0,1303.5,1302.5,1303.0,94
2023-12-22 05:00:00+00:00,1302.75,1304.75,1302.25,1302.75,858
2023-12-22 06:00:00+00:00,1302.5,1303.25,1301.5,1302.5,404
2023-12-22 07:00:00+00:00,1302.5,1303.0,1301.0,1301.75,314
2023-12-22 08:00:00+00:00,1301.5,1304.0,1301.5,1302.25,485
2023-12-22 09:00:00+00:00,1302.25,1303.75,1302.25,1303.5,504
2023-12-22 10:00:00+00:00,1303.5,1304.5,1302.25,1304.25,450
2023-12-22 11:00:00+00:00,1304.25,1305.0,1303.0,1303.5,1050
2023-12-22 12:00:00+00:00,1303.25,1304.75,1302.75,1302.75,1198
2023-12-22 13:00:00+00:00,1303.0,1307.5,1303.0,1306.25,2633
2023-12-22 14:00:00+00:00,1305.5,1307.75,1302.75,1303.25,15330
2023-12-22 15:00:00+00:00,1303.25,1310.5,1303.0,1305.75,17267
2023-12-22 16:00:00+00:00,1305.5,1308.75,1304.75,1305.75,10370
2023-12-22 17:00:00+00:00,1305.75,1308.0,1304.25,1307.5,7686
2023-12-22 18:00:00+00:00,1307.5,1309.0,1306.0,1308.75,6351
2023-12-22 19:00:00+00:00,1308.75,1309.5,1305.0,1305.75,7132
2023-12-26 14:00:00+00:00,1307.0,1313.75,1304.5,1307.0,17290
2023-12-26 15:00:00+00:00,1307.0,1307.25,1302.5,1304.75,11011
2023-12-26 16:00:00+00:00,1304.5,1308.25,1302.75,1305.25,9210
2023-12-26 17:00:00+00:00,1305.0,1311.75,1305.0,1311.25,8245
2023-12-26 18:00:00+00:00,1311.25,1319.0,1310.75,1319.0,12493
2023-12-26 19:00:00+00:00,1319.0,1319.75,1317.25,1318.0,8642
2023-12-27 01:00:00+00:00,1317.25,1318.5,1313.75,1317.75,0
2023-12-27 02:00:00+00:00,1317.75,1318.0,1316.5,1316.75,540
2023-12-27 03:00:00+00:00,1316.75,1317.75,1315.75,1317.5,464
2023-12-27 04:00:00+00:00,1317.5,1318.0,1317.25,1317.75,190
2023-12-27 05:00:00+00:00,1317.75,1318.0,1315.5,1317.0,701
2023-12-27 06:00:00+00:00,1317.25,1319.25,1316.25,1319.25,979
2023-12-27 07:00:00+00:00,1319.0,1319.25,1317.5,1318.25,452
2023-12-27 08:00:00+00:00,1318.25,1318.75,1317.0,1318.0,396
2023-12-27 09:00:00+00:00,1318.0,1318.0,1316.0,1317.25,576
2023-12-27 10:00:00+00:00,1317.25,1317.75,1315.25,1316.25,509
2023-12-27 11:00:00+00:00,1316.0,1316.5,1315.0,1315.5,629
2023-12-27 12:00:00+00:00,1315.5,1315.5,1311.75,1314.0,1773
2023-12-27 13:00:00+00:00,1313.75,1316.25,1312.25,1315.75,2237
2023-12-27 14:00:00+00:00,1315.5,1316.0,1311.0,1312.25,11553
2023-12-27 15:00:00+00:00,1312.5,1314.25,1309.0,1312.5,13071
2023-12-27 16:00:00+00:00,1312.5,1313.25,1310.25,1313.0,7883
2023-12-27 17:00:00+00:00,1312.75,1316.75,1312.5,1316.25,9753
2023-12-27 18:00:00+00:00,1316.25,1322.25,1315.75,1319.5,14585
2023-12-27 19:00:00+00:00,1319.75,1322.75,1319.5,1320.75,9191
2023-12-28 01:00:00+00:00,1319.5,1323.0,1318.0,1321.25,0
2023-12-28 02:00:00+00:00,1321.5,1321.5,1318.75,1319.75,916
2023-12-28 03:00:00+00:00,1319.75,1320.0,1318.5,1319.5,209
2023-12-28 04:00:00+00:00,1319.5,1320.0,1319.25,1319.5,109
2023-12-28 05:00:00+00:00,1319.25,1321.75,1319.0,1321.5,604
2023-12-28 06:00:00+00:00,1321.25,1322.25,1320.75,1321.5,1247
2023-12-28 07:00:00+00:00,1321.5,1321.5,1319.75,1321.25,364
2023-12-28 08:00:00+00:00,1321.5,1321.75,1318.25,1318.5,683
2023-12-28 09:00:00+00:00,1318.5,1319.0,1317.75,1318.25,732
2023-12-28 10:00:00+00:00,1318.5,1319.0,1317.0,1318.25,1067
2023-12-28 11:00:00+00:00,1318.25,1320.0,1318.0,1318.75,1228
2023-12-28 12:00:00+00:00,1318.75,1320.5,1318.25,1320.5,613
2023-12-28 13:00:00+00:00,1320.5,1324.0,1320.5,1323.5,3431
2023-12-28 14:00:00+00:00,1323.25,1327.5,1323.0,1325.75,13939
2023-12-28 15:00:00+00:00,1325.75,1326.0,1322.0,1323.0,14071
2023-12-28 16:00:00+00:00,1323.0,1323.0,1317.5,1318.0,10497
2023-12-28 17:00:00+00:00,1318.25,1319.0,1313.0,1315.0,13847
2023-12-28 18:00:00+00:00,1314.75,1315.0,1309.0,1311.5,11303
2023-12-28 19:00:00+00:00,1311.5,1312.5,1310.75,1311.5,7382
2023-12-29 01:00:00+00:00,1311.25,1314.0,1311.25,1312.25,0
2023-12-29 02:00:00+00:00,1312.25,1314.5,1312.25,1314.0,1097
2023-12-29 03:00:00+00:00,1313.75,1315.0,1313.0,1314.0,1462
2023-12-29 04:00:00+00:00,1313.75,1314.75,1313.75,1314.5,236
2023-12-29 05:00:00+00:00,1314.5,1316.75,1314.5,1315.75,920
2023-12-29 06:00:00+00:00,1316.0,1316.0,1312.0,1312.25,1302
2023-12-29 07:00:00+00:00,1312.25,1313.5,1311.25,1311.5,1092
2023-12-29 08:00:00+00:00,1311.25,1311.75,1309.25,1311.0,768
2023-12-29 09:00:00+00:00,1311.0,1311.5,1309.25,1309.75,408
2023-12-29 10:00:00+00:00,1309.5,1312.0,1309.5,1311.25,367
2023-12-29 11:00:00+00:00,1311.25,1311.75,1310.5,1310.5,325
2023-12-29 12:00:00+00:00,1310.5,1310.75,1308.0,1308.5,1482
2023-12-29 13:00:00+00:00,1308.75,1310.5,1308.0,1309.75,1356
2023-12-29 14:00:00+00:00,1310.5,1310.5,1303.0,1304.5,14899
2023-12-29 15:00:00+00:00,1304.5,1307.0,1303.0,1303.75,13352
2023-12-29 16:00:00+00:00,1303.75,1303.75,1298.5,1300.5,10018
2023-12-29 17:00:00+00:00,1300.5,1301.75,1296.75,1297.5,9297
2023-12-29 18:00:00+00:00,1297.5,1300.5,1297.5,1299.75,8564
2023-12-29 19:00:00+00:00,1299.5,1299.75,1296.75,1297.5,7506
2024-01-02 14:00:00+00:00,1290.5,1290.75,1272.0,1275.25,33139
2024-01-02 15:00:00+00:00,1275.25,1276.0,1267.75,1269.5,22273
2024-01-02 16:00:00+00:00,1269.75,1273.25,1267.75,1267.75,15210
2024-01-02 17:00:00+00:00,1267.75,1275.75,1267.25,1274.0,12818
2024-01-02 18:00:00+00:00,1273.75,1276.0,1272.5,1273.75,11079
2024-01-02 19:00:00+00:00,1273.5,1274.25,1271.25,1273.5,11396
2024-01-03 01:00:00+00:00,1273.5,1275.25,1271.25,1274.5,0
2024-01-03 02:00:00+00:00,1274.25,1275.0,1270.5,1270.5,652
2024-01-03 03:00:00+00:00,1270.5,1271.5,1269.75,1271.5,384
2024-01-03 04:00:00+00:00,1271.75,1272.0,1270.25,1270.25,319
2024-01-03 05:00:00+00:00,1270.5,1272.5,1270.5,1271.5,618
2024-01-03 06:00:00+00:00,1271.5,1273.5,1271.25,1273.0,719
2024-01-03 07:00:00+00:00,1273.25,1273.5,1271.0,1272.0,723
2024-01-03 08:00:00+00:00,1271.75,1272.25,1267.75,1268.25,1509
2024-01-03 09:00:00+00:00,1268.25,1270.5,1267.75,1269.25,1368
2024-01-03 10:00:00+00:00,1269.5,1270.25,1268.5,1268.75,537
2024-01-03 11:00:00+00:00,1269.0,1270.0,1268.25,1269.75,573
2024-01-03 12:00:00+00:00,1269.75,1273.0,1268.75,1273.0,1819
2024-01-03 13:00:00+00:00,1272.75,1274.5,1271.0,1273.25,2529
2024-01-03 14:00:00+00:00,1274.0,1274.25,1265.75,1267.25,16863
2024-01-03 15:00:00+00:00,1267.25,1276.25,1267.0,1275.5,15942
2024-01-03 16:00:00+00:00,1275.5,1277.75,1273.25,1277.5,15034
2024-01-03 17:00:00+00:00,1277.75,1280.0,1277.0,1278.75,13346
2024-01-03 18:00:00+00:00,1278.75,1280.0,1276.25,1276.75,10453
2024-01-03 19:00:00+00:00,1276.75,1278.25,1276.0,1277.0,8181
2024-01-04 01:00:00+00:00,1277.0,1280.75,1276.0,1277.25,0
2024-01-04 02:00:00+00:00,1277.25,1277.5,1274.25,1275.25,963
2024-01-04 03:00:00+00:00,1275.5,1275.5,1274.0,1274.0,508
2024-01-04 04:00:00+00:00,1274.0,1275.0,1273.5,1274.75,366
2024-01-04 05:00:00+00:00,1274.5,1275.5,1274.0,1274.5,688
2024-01-04 06:00:00+00:00,1274.75,1276.25,1274.5,1274.75,1109
2024-01-04 07:00:00+00:00,1274.5,1276.5,1274.5,1275.75,539
2024-01-04 08:00:00+00:00,1275.75,1276.25,1273.5,1274.5,813
2024-01-04 09:00:00+00:00,1274.5,1275.75,1273.75,1275.0,997
2024-01-04 10:00:00+00:00,1275.0,1275.25,1273.75,1274.5,485
2024-01-04 11:00:00+00:00,1274.5,1275.25,1273.75,1274.5,912
2024-01-04 12:00:00+00:00,1274.25,1274.75,1272.0,1272.75,1264
2024-01-04 13:00:00+00:00,1272.75,1274.75,1271.75,1272.25,1717
2024-01-04 14:00:00+00:00,1272.0,1272.25,1265.0,1266.25,19708
2024-01-04 15:00:00+00:00,1266.25,1274.75,1266.0,1271.5,13566
2024-01-04 16:00:00+00:00,1271.5,1273.0,1265.5,1266.25,12202
2024-01-04 17:00:00+00:00,1266.25,1269.0,1265.0,1266.75,9382
2024-01-04 18:00:00+00:00,1267.0,1268.25,1266.25,1267.5,7002
2024-01-04 19:00:00+00:00,1267.5,1268.75,1266.0,1267.0,9317
2024-01-05 01:00:00+00:00,1267.25,1271.5,1265.5,1270.25,0
2024-01-05 02:00:00+00:00,1270.0,1270.0,1267.5,1269.25,668
2024-01-05 03:00:00+00:00,1269.0,1269.5,1268.25,1269.25,333
2024-01-05 04:00:00+00:00,1269.25,1269.5,1268.0,1268.0,194
2024-01-05 05:00:00+00:00,1268.25,1268.75,1267.75,1268.5,399
2024-01-05 06:00:00+00:00,1268.5,1269.0,1266.25,1266.75,1075
2024-01-05 07:00:00+00:00,1266.75,1267.5,1266.25,1266.5,216
2024-01-05 08:00:00+00:00,1266.25,1267.75,1264.5,1264.75,748
2024-01-05 09:00:00+00:00,1264.75,1265.25,1264.25,1264.5,857
2024-01-05 10:00:00+00:00,1264.5,1265.25,1263.75,1265.0,893
2024-01-05 11:00:00+00:00,1265.0,1265.75,1263.25,1264.75,631
2024-01-05 12:00:00+00:00,1264.5,1265.5,1263.25,1264.5,1175
2024-01-05 13:00:00+00:00,1264.5,1265.0,1259.0,1260.0,4453
2024-01-05 14:00:00+00:00,1261.75,1262.0,1257.5,1260.0,15482
2024-01-05 15:00:00+00:00,1260.0,1266.0,1259.5,1262.0,16239
2024-01-05 16:00:00+00:00,1262.0,1263.0,1259.0,1259.75,8177
2024-01-05 17:00:00+00:00,1259.75,1261.0,1258.0,1258.5,8020
2024-01-05 18:00:00+00:00,1258.5,1259.25,1255.5,1256.0,8097
2024-01-05 19:00:00+00:00,1256.25,1257.75,1255.0,1257.0,9076
2024-01-08 01:00:00+00:00,1258.0,1261.0,1255.5,1255.75,2521
2024-01-08 02:00:00+00:00,1256.25,1257.0,1254.25,1256.5,1062
2024-01-08 03:00:00+00:00,1256.25,1258.5,1256.25,1258.5,377
2024-01-08 04:00:00+00:00,1258.25,1258.75,1257.75,1258.5,264
2024-01-08 05:00:00+00:00,1258.25,1258.25,1256.5,1256.75,438
2024-01-08 06:00:00+00:00,1256.75,1257.5,1254.75,1255.25,1283
2024-01-08 07:00:00+00:00,1255.25,1256.5,1255.0,1256.0,395
2024-01-08 08:00:00+00:00,1256.0,1256.0,1254.5,1255.0,590
2024-01-08 09:00:00+00:00,1255.0,1255.25,1252.75,1252.75,901
2024-01-08 10:00:00+00:00,1252.75,1253.5,1251.0,1253.5,1324
2024-01-08 11:00:00+00:00,1253.5,1253.75,1250.5,1251.0,1607
2024-01-08 12:00:00+00:00,1251.0,1252.75,1249.5,1252.0,3731
2024-01-08 13:00:00+00:00,1252.0,1252.0,1245.5,1246.75,4030
2024-01-08 14:00:00+00:00,1246.75,1247.25,1236.0,1237.5,26354
2024-01-08 15:00:00+00:00,1237.25,1245.25,1236.0,1243.5,21681
2024-01-08 16:00:00+00:00,1243.5,1245.0,1238.5,1240.0,11267
2024-01-08 17:00:00+00:00,1240.25,1245.0,1239.5,1242.75,9588
2024-01-08 18:00:00+00:00,1242.75,1246.0,1242.75,1245.75,8748
2024-01-08 19:00:00+00:00,1246.0,1246.5,1243.75,1245.75,13797
2024-01-09 01:00:00+00:00,1245.25,1249.5,1245.25,1248.75,0
2024-01-09 02:00:00+00:00,1248.5,1249.5,1248.0,1249.5,835
2024-01-09 03:00:00+00:00,1249.25,1250.0,1248.25,1248.75,610
2024-01-09 04:00:00+00:00,1248.75,1249.25,1248.25,1248.75,157
2024-01-09 05:00:00+00:00,1248.75,1249.5,1247.75,1247.75,653
2024-01-09 06:00:00+00:00,1247.75,1248.75,1247.0,1247.25,765
2024-01-09 07:00:00+00:00,1247.25,1247.5,1245.5,1245.75,752
2024-01-09 08:00:00+00:00,1246.0,1248.0,1245.0,1247.75,865
2024-01-09 09:00:00+00:00,1248.0,1249.5,1247.75,1248.75,849
2024-01-09 10:00:00+00:00,1248.5,1249.25,1248.0,1249.25,593
2024-01-09 11:00:00+00:00,1249.25,1250.5,1248.5,1248.75,1156
2024-01-09 12:00:00+00:00,1249.25,1250.0,1247.75,1248.75,5093
2024-01-09 13:00:00+00:00,1249.0,1251.0,1246.25,1246.75,4492
2024-01-09 14:00:00+00:00,1246.5,1246.75,1234.0,1239.25,21094
2024-01-09 15:00:00+00:00,1239.25,1245.25,1237.75,1244.25,17172
2024-01-09 16:00:00+00:00,1244.25,1249.5,1244.25,1247.0,14107
2024-01-09 17:00:00+00:00,1247.25,1249.25,1244.0,1248.5,8889
2024-01-09 18:00:00+00:00,1248.75,1251.5,1246.75,1248.75,10101
2024-01-09 19:00:00+00:00,1248.5,1249.25,1246.75,1247.75,10376
2024-01-10 01:00:00+00:00,1249.0,1250.0,1246.5,1247.75,0
2024-01-10 02:00:00+00:00,1247.75,1248.5,1246.75,1246.75,948
2024-01-10 03:00:00+00:00,1246.75,1247.25,1244.5,1244.75,580
2024-01-10 04:00:00+00:00,1244.75,1246.75,1244.5,1246.5,598
2024-01-10 05:00:00+00:00,1246.25,1247.25,1244.5,1246.5,901
2024-01-10 06:00:00+00:00,1246.5,1247.75,1245.25,1245.25,943
2024-01-10 07:00:00+00:00,1245.25,1245.25,1242.5,1242.5,470
2024-01-10 08:00:00+00:00,1242.75,1243.25,1240.75,1240.75,1263
2024-01-10 09:00:00+00:00,1241.0,1243.5,1240.75,1241.25,1300
2024-01-10 10:00:00+00:00,1241.25,1244.0,1241.0,1242.0,4823
2024-01-10 11:00:00+00:00,1241.75,1243.5,1241.0,1242.5,2070
2024-01-10 12:00:00+00:00,1243.0,1245.25,1242.5,1243.5,2351
2024-01-10 13:00:00+00:00,1243.25,1243.75,1240.25,1242.0,3241
2024-01-10 14:00:00+00:00,1243.0,1243.0,1235.25,1239.75,19590
2024-01-10 15:00:00+00:00,1239.5,1242.0,1237.75,1240.25,12103
2024-01-10 16:00:00+00:00,1240.25,1246.5,1238.75,1245.25,11812
2024-01-10 17:00:00+00:00,1245.25,1245.25,1237.75,1239.0,10612
2024-01-10 18:00:00+00:00,1239.0,1239.75,1236.5,1238.25,10766
2024-01-10 19:00:00+00:00,1238.25,1238.5,1235.5,1235.5,12949
2024-01-11 01:00:00+00:00,1236.25,1244.75,1236.0,1244.25,0
2024-01-11 02:00:00+00:00,1244.5,1244.5,1242.5,1244.5,1221
2024-01-11 03:00:00+00:00,1244.25,1247.5,1244.0,1247.5,1638
2024-01-11 04:00:00+00:00,1247.5,1247.5,1246.5,1247.5,408
2024-01-11 05:00:00+00:00,1247.75,1249.75,1247.25,1249.25,2047
2024-01-11 06:00:00+00:00,1249.0,1249.5,1247.0,1247.0,1079
2024-01-11 07:00:00+00:00,1247.0,1247.75,1246.25,1246.5,816
2024-01-11 08:00:00+00:00,1246.25,1247.5,1245.75,1247.25,900
2024-01-11 09:00:00+00:00,1247.25,1247.5,1245.25,1245.25,1046
2024-01-11 10:00:00+00:00,1245.25,1245.75,1243.5,1244.0,3375
2024-01-11 11:00:00+00:00,1244.0,1244.75,1243.75,1244.75,827
2024-01-11 12:00:00+00:00,1244.75,1245.0,1242.25,1242.5,1352
2024-01-11 13:00:00+00:00,1242.75,1245.75,1239.5,1240.0,7993
2024-01-11 14:00:00+00:00,1238.0,1243.25,1234.25,1242.0,17053
2024-01-11 15:00:00+00:00,1242.25,1242.5,1236.25,1237.0,14809
2024-01-11 16:00:00+00:00,1237.0,1241.75,1236.25,1240.25,8244
2024-01-11 17:00:00+00:00,1240.5,1241.75,1238.25,1238.75,6646
2024-01-11 18:00:00+00:00,1239.0,1241.25,1238.0,1238.5,11020
2024-01-11 19:00:00+00:00,1238.5,1239.0,1235.5,1236.75,14360
2024-01-12 01:00:00+00:00,1237.0,1243.25,1237.0,1242.5,0
2024-01-12 02:00:00+00:00,1242.5,1243.75,1241.75,1243.5,4260
2024-01-12 03:00:00+00:00,1243.5,1244.5,1241.25,1242.0,2436
2024-01-12 04:00:00+00:00,1241.75,1242.0,1239.5,1241.0,686
2024-01-12 05:00:00+00:00,1240.75,1241.75,1240.5,1241.25,1823
2024-01-12 06:00:00+00:00,1241.0,1242.75,1241.0,1242.5,2419
2024-01-12 07:00:00+00:00,1242.75,1243.75,1242.0,1242.25,1032
2024-01-12 08:00:00+00:00,1242.25,1243.75,1241.75,1242.0,1120
2024-01-12 09:00:00+00:00,1242.25,1243.5,1242.0,1243.0,871
2024-01-12 10:00:00+00:00,1243.0,1243.75,1242.5,1242.75,1808
2024-01-12 11:00:00+00:00,1242.75,1244.25,1242.75,1243.75,1578
2024-01-12 12:00:00+00:00,1244.0,1244.5,1242.25,1243.5,2062
2024-01-12 13:00:00+00:00,1243.25,1246.75,1242.25,1245.0,7026
2024-01-12 14:00:00+00:00,1243.5,1243.75,1236.0,1239.0,24232
2024-01-12 15:00:00+00:00,1238.75,1241.5,1235.5,1238.0,11790
2024-01-12 16:00:00+00:00,1237.75,1239.5,1233.25,1234.5,18899
2024-01-12 17:00:00+00:00,1234.75,1234.75,1203.0,1210.5,76567
2024-01-12 18:00:00+00:00,1210.5,1226.75,1210.25,1218.75,38554
2024-01-12 19:00:00+00:00,1218.5,1227.75,1218.25,1226.25,14795
2024-01-16 05:00:00+00:00,1232.0,1232.25,1230.75,1231.5,305
2024-01-16 06:00:00+00:00,1231.5,1234.0,1231.25,1233.75,1098
2024-01-16 07:00:00+00:00,1233.5,1234.5,1232.5,1233.5,1249
2024-01-16 08:00:00+00:00,1233.25,1233.5,1229.25,1229.5,1842
2024-01-16 09:00:00+00:00,1229.5,1230.5,1228.25,1230.25,1357
2024-01-16 10:00:00+00:00,1230.0,1232.25,1229.5,1232.0,1090
2024-01-16 11:00:00+00:00,1231.75,1233.5,1230.75,1233.5,1863
2024-01-16 12:00:00+00:00,1233.5,1235.5,1230.75,1233.25,2385
2024-01-16 13:00:00+00:00,1233.5,1237.75,1232.75,1235.25,7800
2024-01-16 14:00:00+00:00,1233.75,1235.0,1228.75,1231.0,21662
2024-01-16 15:00:00+00:00,1231.0,1233.5,1222.75,1223.75,22525
2024-01-16 16:00:00+00:00,1223.75,1230.75,1221.25,1229.0,15057
2024-01-16 17:00:00+00:00,1229.0,1232.25,1224.0,1224.75,14284
2024-01-16 18:00:00+00:00,1225.0,1225.25,1220.75,1223.75,8647
2024-01-16 19:00:00+00:00,1224.0,1229.25,1223.75,1227.5,10543
2024-01-17 01:00:00+00:00,1227.25,1231.0,1226.25,1226.5,0
2024-01-17 02:00:00+00:00,1226.5,1227.75,1225.5,1226.0,869
2024-01-17 03:00:00+00:00,1225.75,1226.0,1223.75,1223.75,563
2024-01-17 04:00:00+00:00,1224.0,1225.0,1223.25,1224.75,296
2024-01-17 05:00:00+00:00,1224.75,1225.0,1223.0,1224.5,608
2024-01-17 06:00:00+00:00,1224.5,1224.5,1222.5,1223.0,908
2024-01-17 07:00:00+00:00,1223.25,1224.0,1222.5,1223.75,673
2024-01-17 08:00:00+00:00,1223.75,1225.5,1222.5,1223.75,1338
2024-01-17 09:00:00+00:00,1223.75,1224.25,1221.25,1222.0,958
2024-01-17 10:00:00+00:00,1222.0,1222.5,1219.25,1220.0,1818
2024-01-17 11:00:00+00:00,1220.25,1221.5,1220.0,1220.75,979
2024-01-17 12:00:00+00:00,1220.5,1221.0,1217.75,1219.75,1295
2024-01-17 13:00:00+00:00,1219.25,1219.25,1213.75,1215.0,3537
2024-01-17 14:00:00+00:00,1214.0,1215.0,1207.0,1212.75,26123
2024-01-17 15:00:00+00:00,1213.0,1217.25,1210.0,1214.75,27048
2024-01-17 16:00:00+00:00,1215.0,1217.5,1208.5,1210.0,15788
2024-01-17 17:00:00+00:00,1209.75,1211.75,1207.25,1208.0,11995
2024-01-17 18:00:00+00:00,1208.0,1208.5,1205.0,1206.25,16850
2024-01-17 19:00:00+00:00,1206.25,1208.5,1205.0,1205.75,10307
2024-01-18 01:00:00+00:00,1206.0,1212.25,1205.0,1211.25,0
2024-01-18 02:00:00+00:00,1211.25,1211.25,1203.75,1204.5,2400
2024-01-18 03:00:00+00:00,1204.5,1208.0,1204.5,1207.5,1111
2024-01-18 04:00:00+00:00,1207.5,1208.0,1206.75,1206.75,82
2024-01-18 05:00:00+00:00,1207.0,1208.75,1206.75,1208.5,1105
2024-01-18 06:00:00+00:00,1208.5,1210.75,1208.5,1209.5,1525
2024-01-18 07:00:00+00:00,1210.0,1211.0,1208.75,1209.5,502
2024-01-18 08:00:00+00:00,1209.5,1211.0,1208.25,1210.5,695
2024-01-18 09:00:00+00:00,1210.5,1213.25,1210.25,1212.25,1418
2024-01-18 10:00:00+00:00,1212.25,1213.75,1212.0,1213.5,1238
2024-01-18 11:00:00+00:00,1213.75,1214.5,1212.25,1213.5,1515
2024-01-18 12:00:00+00:00,1213.75,1214.0,1211.0,1211.5,1709
2024-01-18 13:00:00+00:00,1211.5,1212.5,1205.75,1206.0,3504
2024-01-18 14:00:00+00:00,1205.5,1210.0,1203.75,1207.25,18080
2024-01-18 15:00:00+00:00,1207.25,1209.0,1201.0,1206.25,18355
2024-01-18 16:00:00+00:00,1206.25,1208.0,1205.0,1206.75,10068
2024-01-18 17:00:00+00:00,1206.5,1209.5,1204.75,1207.25,8406
2024-01-18 18:00:00+00:00,1207.5,1216.0,1207.25,1214.5,13363
2024-01-18 19:00:00+00:00,1214.75,1216.0,1212.75,1213.25,8980
2024-01-19 01:00:00+00:00,1213.0,1218.0,1212.75,1217.0,0
2024-01-19 02:00:00+00:00,1217.0,1219.75,1216.5,1219.5,1021
2024-01-19 03:00:00+00:00,1219.75,1220.5,1219.25,1219.25,1209
2024-01-19 04:00:00+00:00,1219.25,1219.25,1217.5,1217.5,519
2024-01-19 05:00:00+00:00,1217.5,1219.75,1217.5,1219.5,1199
2024-01-19 06:00:00+00:00,1219.5,1220.25,1218.0,1219.75,1198
2024-01-19 07:00:00+00:00,1219.75,1220.5,1218.75,1218.75,918
2024-01-19 08:00:00+00:00,1218.75,1219.75,1218.0,1219.75,750
2024-01-19 09:00:00+00:00,1219.5,1220.5,1219.25,1220.0,785
2024-01-19 10:00:00+00:00,1220.0,1220.75,1219.0,1220.0,943
2024-01-19 11:00:00+00:00,1219.75,1221.25,1219.0,1221.0,460
2024-01-19 12:00:00+00:00,1221.0,1222.75,1220.25,1221.25,1424
2024-01-19 13:00:00+00:00,1221.5,1225.75,1221.25,1224.25,4241
2024-01-19 14:00:00+00:00,1224.25,1227.0,1220.75,1221.75,14800
2024-01-19 15:00:00+00:00,1221.75,1222.75,1216.5,1217.5,15553
2024-01-19 16:00:00+00:00,1217.5,1219.5,1215.75,1217.0,9013
2024-01-19 17:00:00+00:00,1217.0,1218.5,1215.25,1216.25,7739
2024-01-19 18:00:00+00:00,1216.25,1217.0,1210.75,1212.75,10813
2024-01-19 19:00:00+00:00,1212.75,1214.25,1212.0,1214.0,10600
2024-01-22 01:00:00+00:00,1216.75,1220.75,1215.5,1217.0,3487
2024-01-22 02:00:00+00:00,1216.75,1219.75,1216.25,1219.25,829
2024-01-22 03:00:00+00:00,1219.0,1221.5,1219.0,1220.5,1142
2024-01-22 04:00:00+00:00,1220.75,1220.75,1218.5,1218.75,246
2024-01-22 05:00:00+00:00,1218.5,1219.5,1217.75,1218.25,514
2024-01-22 06:00:00+00:00,1218.5,1218.5,1214.25,1215.25,1481
2024-01-22 07:00:00+00:00,1215.25,1216.75,1214.5,1214.5,385
2024-01-22 08:00:00+00:00,1214.5,1214.5,1210.5,1212.0,1636
2024-01-22 09:00:00+00:00,1212.0,1214.25,1210.5,1212.0,895
2024-01-22 10:00:00+00:00,1212.0,1214.5,1211.25,1212.75,643
2024-01-22 11:00:00+00:00,1213.0,1214.5,1211.75,1211.75,999
2024-01-22 12:00:00+00:00,1211.5,1212.75,1210.0,1210.25,1074
2024-01-22 13:00:00+00:00,1210.0,1217.25,1209.5,1213.5,3931
2024-01-22 14:00:00+00:00,1213.0,1217.75,1210.5,1215.25,15025
2024-01-22 15:00:00+00:00,1215.25,1220.75,1214.75,1217.25,10896
2024-01-22 16:00:00+00:00,1217.25,1220.75,1215.25,1220.75,10879
2024-01-22 17:00:00+00:00,1220.75,1223.5,1219.75,1221.0,11682
2024-01-22 18:00:00+00:00,1220.75,1224.25,1219.75,1222.75,9852
2024-01-22 19:00:00+00:00,1222.75,1225.75,1222.75,1223.75,9387
2024-01-23 01:00:00+00:00,1224.25,1225.0,1221.5,1225.0,0
2024-01-23 02:00:00+00:00,1225.0,1226.5,1223.5,1223.75,1039
2024-01-23 03:00:00+00:00,1224.0,1226.5,1223.0,1226.5,789
2024-01-23 04:00:00+00:00,1226.25,1226.5,1225.5,1225.75,86
2024-01-23 05:00:00+00:00,1225.75,1225.75,1224.0,1225.0,841
2024-01-23 06:00:00+00:00,1225.0,1226.5,1224.0,1226.5,1858
2024-01-23 07:00:00+00:00,1226.25,1228.25,1224.75,1226.75,2019
2024-01-23 08:00:00+00:00,1226.5,1228.25,1225.75,1227.5,980
2024-01-23 09:00:00+00:00,1227.25,1227.75,1226.25,1227.0,686
2024-01-23 10:00:00+00:00,1227.0,1228.0,1226.75,1227.5,387
2024-01-23 11:00:00+00:00,1227.25,1229.5,1226.25,1229.0,795
2024-01-23 12:00:00+00:00,1228.75,1231.0,1228.0,1230.75,1810
2024-01-23 13:00:00+00:00,1230.75,1234.0,1230.25,1232.75,5533
2024-01-23 14:00:00+00:00,1232.0,1234.75,1230.0,1231.0,15969
2024-01-23 15:00:00+00:00,1231.0,1234.0,1227.0,1228.75,18871
2024-01-23 16:00:00+00:00,1229.0,1231.5,1227.5,1230.0,9714
2024-01-23 17:00:00+00:00,1230.25,1233.5,1229.5,1232.75,7745
2024-01-23 18:00:00+00:00,1232.5,1236.25,1230.75,1236.0,9918
2024-01-23 19:00:00+00:00,1236.0,1240.5,1236.0,1239.25,0
2024-01-24 01:00:00+00:00,1239.0,1241.5,1237.75,1241.5,4900
2024-01-24 02:00:00+00:00,1241.75,1242.25,1239.75,1240.75,1695
2024-01-24 03:00:00+00:00,1240.75,1240.75,1237.0,1237.5,965
2024-01-24 04:00:00+00:00,1237.25,1237.25,1236.0,1236.75,337
2024-01-24 05:00:00+00:00,1236.75,1237.75,1236.25,1237.25,680
2024-01-24 06:00:00+00:00,1237.25,1239.5,1236.0,1239.25,1018
2024-01-24 07:00:00+00:00,1239.0,1243.0,1238.75,1242.5,2466
2024-01-24 08:00:00+00:00,1242.0,1243.75,1242.0,1243.25,1085
2024-01-24 09:00:00+00:00,1243.25,1244.75,1242.0,1242.25,2036
2024-01-24 10:00:00+00:00,1242.0,1242.75,1241.0,1241.5,1005
2024-01-24 11:00:00+00:00,1241.25,1242.5,1240.0,1241.75,2359
2024-01-24 12:00:00+00:00,1241.75,1242.25,1237.5,1237.75,3402
2024-01-24 13:00:00+00:00,1237.75,1244.0,1237.5,1243.0,2699
2024-01-24 14:00:00+00:00,1243.75,1246.0,1237.25,1238.25,23971
2024-01-24 15:00:00+00:00,1238.25,1240.75,1235.25,1238.25,11872
2024-01-24 16:00:00+00:00,1238.25,1244.5,1237.75,1244.25,12143
2024-01-24 17:00:00+00:00,1244.25,1245.75,1242.0,1245.0,18666
2024-01-24 18:00:00+00:00,1244.75,1245.5,1240.25,1240.75,16147
2024-01-24 19:00:00+00:00,1240.5,1241.5,1239.0,1239.5,10706
2024-01-25 01:00:00+00:00,1240.0,1244.25,1239.25,1243.75,0
2024-01-25 02:00:00+00:00,1243.75,1247.5,1242.5,1245.5,2593
2024-01-25 03:00:00+00:00,1245.5,1247.25,1245.25,1245.25,867
2024-01-25 04:00:00+00:00,1245.25,1245.25,1244.75,1245.0,187
2024-01-25 05:00:00+00:00,1245.0,1245.25,1243.25,1243.25,493
2024-01-25 06:00:00+00:00,1243.25,1244.0,1241.75,1243.25,1236
2024-01-25 07:00:00+00:00,1243.25,1243.5,1242.25,1242.75,786
2024-01-25 08:00:00+00:00,1242.75,1244.0,1242.5,1243.75,472
2024-01-25 09:00:00+00:00,1243.25,1244.25,1242.0,1243.25,850
2024-01-25 10:00:00+00:00,1243.25,1243.5,1241.75,1242.5,727
2024-01-25 11:00:00+00:00,1242.75,1243.75,1241.5,1242.0,445
2024-01-25 12:00:00+00:00,1242.25,1243.5,1240.0,1241.25,1661
2024-01-25 13:00:00+00:00,1241.25,1241.75,1236.5,1237.0,2552
2024-01-25 14:00:00+00:00,1237.5,1238.5,1225.75,1232.75,33275
2024-01-25 15:00:00+00:00,1232.5,1232.5,1220.0,1222.75,30763
2024-01-25 16:00:00+00:00,1223.0,1223.0,1215.5,1220.25,17415
2024-01-25 17:00:00+00:00,1220.25,1224.0,1219.75,1221.0,10172
2024-01-25 18:00:00+00:00,1221.0,1224.0,1220.25,1223.0,7766
2024-01-25 19:00:00+00:00,1222.75,1223.75,1222.0,1222.75,0
2024-01-26 01:00:00+00:00,1223.5,1225.0,1221.25,1223.0,5279
2024-01-26 02:00:00+00:00,1223.0,1226.0,1223.0,1226.0,3048
2024-01-26 03:00:00+00:00,1226.0,1227.25,1225.75,1226.0,1347
2024-01-26 04:00:00+00:00,1226.25,1226.5,1225.5,1226.0,175
2024-01-26 05:00:00+00:00,1225.75,1230.75,1225.75,1230.25,2801
2024-01-26 06:00:00+00:00,1230.25,1230.5,1226.0,1226.5,3401
2024-01-26 07:00:00+00:00,1226.75,1226.75,1220.75,1221.25,2383
2024-01-26 08:00:00+00:00,1221.5,1222.5,1220.75,1221.75,879
2024-01-26 09:00:00+00:00,1221.5,1221.75,1218.5,1219.5,2187
2024-01-26 10:00:00+00:00,1219.5,1221.75,1218.5,1221.5,762
2024-01-26 11:00:00+00:00,1221.5,1222.0,1218.75,1218.75,1035
2024-01-26 12:00:00+00:00,1218.75,1219.75,1212.5,1213.75,3059
2024-01-26 13:00:00+00:00,1213.75,1214.75,1210.5,1212.25,6825
2024-01-26 14:00:00+00:00,1212.0,1214.0,1208.5,1212.0,17275
2024-01-26 15:00:00+00:00,1212.0,1218.0,1211.25,1216.75,13039
2024-01-26 16:00:00+00:00,1217.0,1217.5,1212.25,1213.5,7690
2024-01-26 17:00:00+00:00,1213.75,1214.0,1209.0,1209.75,11582
2024-01-26 18:00:00+00:00,1210.0,1212.0,1209.25,1209.25,8366
2024-01-26 19:00:00+00:00,1209.5,1209.75,1208.5,1208.75,9107
2024-01-29 01:00:00+00:00,1210.75,1212.5,1207.0,1211.25,4484
2024-01-29 02:00:00+00:00,1211.25,1211.25,1209.0,1210.0,1321
2024-01-29 03:00:00+00:00,1210.0,1210.75,1207.75,1209.0,1350
2024-01-29 04:00:00+00:00,1209.0,1210.5,1208.75,1209.75,365
2024-01-29 05:00:00+00:00,1209.75,1210.75,1208.5,1209.25,1482
2024-01-29 06:00:00+00:00,1209.5,1210.25,1205.75,1206.0,2187
2024-01-29 07:00:00+00:00,1206.0,1207.75,1205.0,1205.25,2529
2024-01-29 08:00:00+00:00,1205.5,1206.25,1204.0,1204.0,2198
2024-01-29 09:00:00+00:00,1204.0,1204.5,1198.25,1198.5,5644
2024-01-29 10:00:00+00:00,1198.5,1203.0,1198.0,1201.75,2257
2024-01-29 11:00:00+00:00,1201.75,1202.75,1200.0,1201.0,1220
2024-01-29 12:00:00+00:00,1200.75,1204.25,1200.0,1203.5,1937
2024-01-29 13:00:00+00:00,1203.5,1206.25,1202.0,1202.0,2927
2024-01-29 14:00:00+00:00,1199.75,1200.5,1194.25,1197.0,36666
2024-01-29 15:00:00+00:00,1197.0,1202.25,1194.5,1201.5,19492
2024-01-29 16:00:00+00:00,1201.5,1207.5,1195.5,1197.75,16085
2024-01-29 17:00:00+00:00,1197.75,1201.0,1192.75,1194.75,12192
2024-01-29 18:00:00+00:00,1194.5,1195.75,1191.5,1193.75,18991
2024-01-29 19:00:00+00:00,1193.75,1195.0,1193.0,1193.5,11563
2024-01-30 01:00:00+00:00,1193.75,1195.0,1190.5,1191.25,0
2024-01-30 02:00:00+00:00,1191.0,1191.75,1190.5,1190.75,648
2024-01-30 03:00:00+00:00,1190.5,1192.75,1190.25,1190.5,842
2024-01-30 04:00:00+00:00,1190.5,1190.5,1189.25,1190.0,676
2024-01-30 05:00:00+00:00,1190.0,1191.0,1189.25,1189.75,983
2024-01-30 06:00:00+00:00,1189.75,1190.75,1188.25,1189.75,1434
2024-01-30 07:00:00+00:00,1189.75,1192.75,1187.75,1192.75,1697
2024-01-30 08:00:00+00:00,1192.75,1197.25,1192.75,1194.75,3465
2024-01-30 09:00:00+00:00,1194.75,1195.5,1192.25,1192.25,949
2024-01-30 10:00:00+00:00,1192.25,1193.5,1191.5,1193.0,1552
2024-01-30 11:00:00+00:00,1193.25,1193.25,1192.0,1192.5,862
2024-01-30 12:00:00+00:00,1192.5,1195.5,1191.25,1195.5,2745
2024-01-30 13:00:00+00:00,1195.5,1198.25,1195.25,1197.0,5718
2024-01-30 14:00:00+00:00,1197.0,1203.5,1195.5,1201.0,20581
2024-01-30 15:00:00+00:00,1201.0,1205.25,1198.25,1205.25,16555
2024-01-30 16:00:00+00:00,1205.0,1210.5,1204.5,1209.75,14589
2024-01-30 17:00:00+00:00,1209.5,1214.5,1209.0,1211.25,14510
2024-01-30 18:00:00+00:00,1211.25,1218.75,1209.5,1218.0,12719
2024-01-30 19:00:00+00:00,1217.75,1221.25,1216.75,1220.25,13533
2024-01-31 01:00:00+00:00,1218.75,1219.0,1215.0,1216.5,0
2024-01-31 02:00:00+00:00,1216.5,1216.75,1214.75,1216.0,796
2024-01-31 03:00:00+00:00,1216.25,1216.75,1215.0,1215.25,290
2024-01-31 04:00:00+00:00,1215.25,1216.25,1215.25,1216.0,257
2024-01-31 05:00:00+00:00,1215.75,1216.0,1212.5,1212.75,1202
2024-01-31 06:00:00+00:00,1213.0,1213.25,1211.25,1213.0,1273
2024-01-31 07:00:00+00:00,1212.75,1212.75,1209.5,1209.5,1340
2024-01-31 08:00:00+00:00,1209.75,1210.0,1207.0,1208.0,1701
2024-01-31 09:00:00+00:00,1207.75,1209.75,1206.75,1207.75,2432
2024-01-31 10:00:00+00:00,1208.0,1209.5,1207.75,1208.25,663
2024-01-31 11:00:00+00:00,1208.5,1209.75,1208.25,1209.25,677
2024-01-31 12:00:00+00:00,1209.25,1213.0,1209.25,1211.75,1292
2024-01-31 13:00:00+00:00,1211.75,1214.5,1211.25,1212.75,2792
2024-01-31 14:00:00+00:00,1212.25,1217.0,1208.25,1214.0,17260
2024-01-31 15:00:00+00:00,1214.0,1216.75,1209.5,1210.5,13816
2024-01-31 16:00:00+00:00,1210.25,1211.25,1206.75,1209.75,10781
2024-01-31 17:00:00+00:00,1209.75,1215.75,1209.75,1213.0,24101
2024-01-31 18:00:00+00:00,1213.0,1221.75,1211.25,1221.0,20603
2024-01-31 19:00:00+00:00,1220.75,1223.0,1218.75,1222.25,15272
2024-02-01 01:00:00+00:00,1221.25,1221.75,1215.0,1217.75,0
2024-02-01 02:00:00+00:00,1217.75,1221.0,1217.5,1219.75,940
2024-02-01 03:00:00+00:00,1219.5,1221.5,1217.25,1217.75,903
2024-02-01 04:00:00+00:00,1217.75,1218.75,1217.75,1218.75,233
2024-02-01 05:00:00+00:00,1218.75,1218.75,1216.0,1216.0,857
2024-02-01 06:00:00+00:00,1216.25,1217.0,1214.75,1216.75,877
2024-02-01 07:00:00+00:00,1216.5,1217.5,1214.25,1215.75,723
2024-02-01 08:00:00+00:00,1215.75,1226.5,1214.0,1215.5,653
2024-02-01 09:00:00+00:00,1215.5,1228.75,1214.75,1215.0,683
2024-02-01 10:00:00+00:00,1215.0,1226.25,1213.5,1222.75,0
2024-02-01 11:00:00+00:00,1222.5,1224.25,1221.0,1221.75,365
2024-02-01 12:00:00+00:00,1221.75,1223.25,1219.75,1223.0,626
2024-02-01 13:00:00+00:00,1222.75,1223.75,1218.25,1219.0,2225
2024-02-01 14:00:00+00:00,1220.0,1221.0,1213.5,1214.5,11202
2024-02-01 15:00:00+00:00,1214.0,1224.25,1214.0,1217.75,9330
2024-02-01 16:00:00+00:00,1217.75,1218.5,1213.25,1214.25,6610
2024-02-01 17:00:00+00:00,1214.0,1216.25,1210.75,1212.25,10332
2024-02-01 18:00:00+00:00,1212.0,1215.25,1211.0,1214.0,5451
2024-02-01 19:00:00+00:00,1214.0,1214.5,1212.5,1214.0,4469
2024-02-02 01:00:00+00:00,1213.75,1217.0,1211.75,1216.5,0
2024-02-02 02:00:00+00:00,1216.25,1216.25,1213.25,1214.75,468
2024-02-02 03:00:00+00:00,1214.75,1215.25,1213.75,1215.25,135
2024-02-02 04:00:00+00:00,1214.5,1214.5,1213.0,1213.5,134
2024-02-02 05:00:00+00:00,1213.25,1213.5,1212.0,1212.0,94
2024-02-02 06:00:00+00:00,1211.5,1212.0,1209.25,1210.75,398
2024-02-02 07:00:00+00:00,1210.75,1214.0,1210.75,1213.5,313
2024-02-02 08:00:00+00:00,1213.5,1215.0,1210.5,1210.75,575
2024-02-02 09:00:00+00:00,1210.75,1212.25,1210.5,1212.0,183
2024-02-02 10:00:00+00:00,1212.5,1213.5,1212.0,1212.25,72
2024-02-02 11:00:00+00:00,1212.0,1216.25,1212.0,1216.25,985
2024-02-02 12:00:00+00:00,1216.25,1218.25,1214.0,1214.75,1154
2024-02-02 13:00:00+00:00,1214.5,1217.25,1210.25,1212.0,1517
2024-02-02 14:00:00+00:00,1211.25,1213.5,1206.5,1208.5,6830
2024-02-02 15:00:00+00:00,1208.75,1211.75,1205.25,1206.0,6191
2024-02-02 16:00:00+00:00,1206.25,1206.25,1202.5,1205.25,7229
2024-02-02 17:00:00+00:00,1205.0,1205.0,1199.5,1203.0,5739
2024-02-02 18:00:00+00:00,1203.0,1203.25,1197.75,1198.0,6062
2024-02-02 19:00:00+00:00,1197.75,1200.0,1197.0,1198.25,8713
2024-02-05 01:00:00+00:00,1199.75,1202.5,1193.75,1202.25,2946
2024-02-05 02:00:00+00:00,1202.5,1202.5,1199.75,1200.5,829
2024-02-05 03:00:00+00:00,1200.75,1204.75,1200.75,1202.25,841
2024-02-05 04:00:00+00:00,1202.25,1205.75,1202.0,1203.5,691
2024-02-05 05:00:00+00:00,1203.25,1204.5,1202.0,1203.25,663
2024-02-05 06:00:00+00:00,1203.0,1203.5,1200.5,1200.75,613
2024-02-05 07:00:00+00:00,1200.5,1201.75,1198.25,1199.75,552
2024-02-05 08:00:00+00:00,1200.0,1201.25,1198.75,1200.0,1663
2024-02-05 09:00:00+00:00,1200.0,1200.75,1196.0,1198.0,1451
2024-02-05 10:00:00+00:00,1198.0,1198.5,1196.75,1198.25,122
2024-02-05 11:00:00+00:00,1198.5,1198.5,1196.5,1197.5,224
2024-02-05 12:00:00+00:00,1196.75,1197.5,1193.0,1193.75,387
2024-02-05 13:00:00+00:00,1193.75,1195.25,1191.5,1192.25,1606
2024-02-05 14:00:00+00:00,1192.75,1195.25,1190.0,1193.5,6258
2024-02-05 15:00:00+00:00,1193.25,1200.5,1193.25,1199.75,13960
2024-02-05 16:00:00+00:00,1200.0,1203.25,1196.5,1196.75,8755
2024-02-05 17:00:00+00:00,1196.75,1204.25,1196.25,1203.5,9788
2024-02-05 18:00:00+00:00,1203.5,1205.0,1201.25,1204.0,8952
2024-02-05 19:00:00+00:00,1204.25,1207.0,1203.0,1206.25,5989
2024-02-06 01:00:00+00:00,1204.75,1207.0,1203.0,1206.25,0
2024-02-06 02:00:00+00:00,1206.0,1207.0,1202.5,1202.5,186
2024-02-06 03:00:00+00:00,1202.5,1204.25,1202.0,1204.0,78
2024-02-06 04:00:00+00:00,1204.25,1205.5,1204.25,1205.0,65
2024-02-06 05:00:00+00:00,1205.25,1206.75,1204.75,1205.5,285
2024-02-06 06:00:00+00:00,1205.0,1206.5,1204.5,1206.25,282
2024-02-06 07:00:00+00:00,1206.0,1207.0,1205.5,1206.25,754
2024-02-06 08:00:00+00:00,1206.25,1206.75,1203.5,1204.25,540
2024-02-06 09:00:00+00:00,1204.25,1207.5,1203.25,1203.5,727
2024-02-06 10:00:00+00:00,1203.5,1206.25,1203.25,1206.0,186
2024-02-06 11:00:00+00:00,1206.0,1209.0,1205.25,1208.75,447
2024-02-06 12:00:00+00:00,1208.5,1209.75,1207.25,1208.0,856
2024-02-06 13:00:00+00:00,1208.5,1212.0,1208.5,1210.5,1794
2024-02-06 14:00:00+00:00,1208.0,1212.0,1205.0,1206.0,16910
2024-02-06 15:00:00+00:00,1206.25,1211.75,1204.75,1209.5,11425
2024-02-06 16:00:00+00:00,1209.5,1213.75,1206.75,1209.75,7269
2024-02-06 17:00:00+00:00,1209.75,1210.25,1205.75,1207.25,6430
2024-02-06 18:00:00+00:00,1207.25,1208.5,1205.25,1208.0,6605
2024-02-06 19:00:00+00:00,1208.0,1209.0,1206.5,1208.75,5890
2024-02-07 01:00:00+00:00,1207.5,1210.5,1207.5,1208.5,0
2024-02-07 02:00:00+00:00,1208.5,1209.5,1202.0,1202.0,458
2024-02-07 03:00:00+00:00,1201.75,1201.75,1198.5,1200.0,578
2024-02-07 04:00:00+00:00,1199.75,1199.75,1197.5,1198.0,238
2024-02-07 05:00:00+00:00,1198.0,1198.25,1196.0,1196.75,428
2024-02-07 06:00:00+00:00,1196.5,1198.25,1195.0,1197.75,445
2024-02-07 07:00:00+00:00,1197.75,1198.5,1196.5,1196.5,542
2024-02-07 08:00:00+00:00,1196.5,1199.0,1196.5,1197.5,541
2024-02-07 09:00:00+00:00,1197.5,1199.0,1196.5,1198.5,1735
2024-02-07 10:00:00+00:00,1198.25,1198.25,1195.75,1196.0,2118
2024-02-07 11:00:00+00:00,1196.25,1197.75,1195.25,1196.25,1675
2024-02-07 12:00:00+00:00,1196.0,1196.0,1193.0,1195.25,2272
2024-02-07 13:00:00+00:00,1195.0,1196.75,1193.0,1193.5,2757
2024-02-07 14:00:00+00:00,1192.5,1194.0,1188.75,1194.0,17366
2024-02-07 15:00:00+00:00,1193.75,1203.25,1192.5,1202.0,17401
2024-02-07 16:00:00+00:00,1201.75,1202.25,1192.0,1193.75,7263
2024-02-07 17:00:00+00:00,1193.5,1196.25,1192.25,1192.5,4847
2024-02-07 18:00:00+00:00,1192.5,1197.5,1192.5,1195.25,9159
2024-02-07 19:00:00+00:00,1195.25,1198.5,1194.75,1198.25,9010
2024-02-08 01:00:00+00:00,1196.0,1199.5,1193.5,1198.5,0
2024-02-08 02:00:00+00:00,1199.0,1199.0,1196.5,1198.25,1002
2024-02-08 03:00:00+00:00,1198.0,1198.75,1196.75,1197.0,155
2024-02-08 04:00:00+00:00,1197.5,1198.5,1197.0,1197.25,237
2024-02-08 05:00:00+00:00,1197.0,1197.75,1196.25,1196.75,213
2024-02-08 06:00:00+00:00,1196.5,1199.5,1196.5,1199.0,287
2024-02-08 07:00:00+00:00,1199.0,1199.5,1198.5,1199.5,294
2024-02-08 08:00:00+00:00,1199.5,1199.75,1198.5,1199.25,607
2024-02-08 09:00:00+00:00,1199.5,1200.0,1199.0,1199.5,704
2024-02-08 10:00:00+00:00,1199.5,1200.0,1198.25,1199.75,824
2024-02-08 11:00:00+00:00,1199.75,1200.0,1196.75,1199.0,281
2024-02-08 12:00:00+00:00,1199.0,1204.75,1199.0,1202.25,4402
2024-02-08 13:00:00+00:00,1202.75,1204.5,1200.75,1202.0,817
2024-02-08 14:00:00+00:00,1200.0,1207.75,1199.0,1206.5,13826
2024-02-08 15:00:00+00:00,1206.75,1211.75,1205.75,1207.5,20055
2024-02-08 16:00:00+00:00,1207.5,1208.75,1203.5,1205.5,13032
2024-02-08 17:00:00+00:00,1205.5,1205.5,1191.5,1194.0,22843
2024-02-08 18:00:00+00:00,1194.0,1194.75,1188.25,1194.25,11434
2024-02-08 19:00:00+00:00,1194.25,1202.5,1194.0,1201.75,9778
2024-02-09 01:00:00+00:00,1201.0,1204.25,1199.5,1200.5,0
2024-02-09 02:00:00+00:00,1200.25,1200.25,1198.5,1200.25,277
2024-02-09 03:00:00+00:00,1200.0,1200.0,1198.25,1199.0,546
2024-02-09 04:00:00+00:00,1198.75,1199.0,1198.25,1198.25,207
2024-02-09 05:00:00+00:00,1198.25,1199.25,1197.0,1197.25,165
2024-02-09 06:00:00+00:00,1197.25,1197.75,1196.75,1197.5,135
2024-02-09 07:00:00+00:00,1197.5,1198.5,1197.0,1198.5,118
2024-02-09 08:00:00+00:00,1198.25,1198.5,1195.25,1195.25,1198
2024-02-09 09:00:00+00:00,1195.0,1195.75,1193.5,1193.75,406
2024-02-09 10:00:00+00:00,1193.5,1193.5,1190.25,1190.5,963
2024-02-09 11:00:00+00:00,1190.75,1191.75,1190.0,1190.75,749
2024-02-09 12:00:00+00:00,1190.75,1193.25,1189.5,1190.75,1450
2024-02-09 13:00:00+00:00,1190.75,1194.25,1190.5,1192.5,2636
2024-02-09 14:00:00+00:00,1192.0,1199.5,1190.75,1197.25,20574
2024-02-09 15:00:00+00:00,1197.0,1197.5,1188.25,1189.25,13728
2024-02-09 16:00:00+00:00,1190.0,1193.0,1188.5,1191.0,8139
2024-02-09 17:00:00+00:00,1191.0,1194.0,1190.25,1192.5,6338
2024-02-09 18:00:00+00:00,1192.75,1195.0,1190.0,1191.0,9134
2024-02-09 19:00:00+00:00,1191.0,1191.75,1189.5,1191.0,9549
2024-02-12 01:00:00+00:00,1189.0,1193.5,1188.75,1193.5,420
2024-02-12 02:00:00+00:00,1193.75,1194.0,1192.5,1193.0,237
2024-02-12 03:00:00+00:00,1193.25,1194.25,1192.75,1194.25,96
2024-02-12 04:00:00+00:00,1194.5,1195.25,1193.75,1194.0,101
2024-02-12 05:00:00+00:00,1194.25,1194.5,1194.0,1194.25,26
2024-02-12 06:00:00+00:00,1194.0,1194.5,1193.0,1193.25,78
2024-02-12 07:00:00+00:00,1192.75,1195.75,1192.75,1195.5,381
2024-02-12 08:00:00+00:00,1195.25,1197.5,1194.75,1195.75,406
2024-02-12 09:00:00+00:00,1196.0,1196.0,1193.5,1194.5,461
2024-02-12 10:00:00+00:00,1193.75,1195.0,1193.5,1194.0,301
2024-02-12 11:00:00+00:00,1194.25,1195.75,1193.25,1195.75,118
2024-02-12 12:00:00+00:00,1195.75,1198.75,1194.0,1198.5,1320
2024-02-12 13:00:00+00:00,1198.75,1200.25,1197.25,1199.0,1766
2024-02-12 14:00:00+00:00,1198.25,1202.5,1195.75,1199.75,17820
2024-02-12 15:00:00+00:00,1199.75,1201.25,1196.75,1197.25,13430
2024-02-12 16:00:00+00:00,1197.5,1202.0,1196.0,1199.5,6346
2024-02-12 17:00:00+00:00,1199.25,1202.0,1197.75,1200.25,7764
2024-02-12 18:00:00+00:00,1200.25,1201.25,1198.25,1198.75,11414
2024-02-12 19:00:00+00:00,1198.5,1198.75,1196.75,1197.0,11122
2024-02-13 01:00:00+00:00,1196.0,1196.5,1193.0,1194.75,0
2024-02-13 02:00:00+00:00,1194.75,1194.75,1193.25,1193.75,87
2024-02-13 03:00:00+00:00,1193.75,1193.75,1191.75,1192.0,90
2024-02-13 04:00:00+00:00,1192.0,1193.5,1192.0,1193.5,50
2024-02-13 05:00:00+00:00,1193.25,1193.5,1192.75,1193.0,102
2024-02-13 06:00:00+00:00,1193.0,1193.0,1191.75,1192.25,366
2024-02-13 07:00:00+00:00,1192.5,1193.75,1191.5,1193.25,684
2024-02-13 08:00:00+00:00,1193.0,1195.0,1192.0,1194.25,551
2024-02-13 09:00:00+00:00,1194.75,1196.25,1192.75,1195.75,1652
2024-02-13 10:00:00+00:00,1195.5,1196.5,1193.75,1194.25,1053
2024-02-13 11:00:00+00:00,1194.75,1194.75,1192.5,1194.5,757
2024-02-13 12:00:00+00:00,1194.5,1198.25,1194.0,1198.0,747
2024-02-13 13:00:00+00:00,1198.25,1199.25,1196.0,1197.5,2560
2024-02-13 14:00:00+00:00,1195.25,1201.25,1192.75,1197.5,13077
2024-02-13 15:00:00+00:00,1197.25,1198.25,1189.75,1193.0,15699
2024-02-13 16:00:00+00:00,1194.0,1194.5,1191.25,1192.75,13426
2024-02-13 17:00:00+00:00,1192.5,1193.25,1189.0,1189.5,15757
2024-02-13 18:00:00+00:00,1189.5,1191.5,1188.75,1190.0,14558
2024-02-13 19:00:00+00:00,1190.25,1192.75,1189.5,1192.5,8483
2024-02-14 01:00:00+00:00,1191.75,1192.0,1183.25,1185.5,0
2024-02-14 02:00:00+00:00,1185.25,1185.75,1184.5,1185.25,247
2024-02-14 03:00:00+00:00,1185.0,1185.5,1184.25,1184.25,117
2024-02-14 04:00:00+00:00,1184.5,1185.75,1184.5,1184.75,130
2024-02-14 05:00:00+00:00,1184.5,1184.75,1183.5,1183.75,170
2024-02-14 06:00:00+00:00,1183.5,1183.75,1181.5,1183.75,527
2024-02-14 07:00:00+00:00,1183.75,1184.75,1183.75,1184.0,287
2024-02-14 08:00:00+00:00,1184.0,1185.0,1183.0,1183.0,841
2024-02-14 09:00:00+00:00,1183.25,1184.5,1182.25,1184.5,818
2024-02-14 10:00:00+00:00,1184.5,1185.5,1183.5,1184.5,411
2024-02-14 11:00:00+00:00,1184.75,1185.75,1183.5,1184.5,484
2024-02-14 12:00:00+00:00,1184.5,1185.0,1182.75,1183.25,1167
2024-02-14 13:00:00+00:00,1183.0,1188.5,1182.25,1188.0,1749
2024-02-14 14:00:00+00:00,1187.0,1193.5,1186.25,1190.75,15495
2024-02-14 15:00:00+00:00,1190.5,1192.25,1185.5,1189.0,11681
2024-02-14 16:00:00+00:00,1189.0,1189.0,1182.25,1182.25,14229
2024-02-14 17:00:00+00:00,1182.25,1183.5,1175.75,1177.75,18950
2024-02-14 18:00:00+00:00,1177.5,1178.75,1176.5,1177.5,11307
2024-02-14 19:00:00+00:00,1177.5,1177.75,1174.25,1174.25,14075
2024-02-15 01:00:00+00:00,1174.25,1174.75,1171.75,1173.25,0
2024-02-15 02:00:00+00:00,1173.25,1173.25,1171.75,1173.25,539
2024-02-15 03:00:00+00:00,1173.25,1174.5,1172.75,1173.75,228
2024-02-15 04:00:00+00:00,1173.75,1174.5,1173.75,1174.5,78
2024-02-15 05:00:00+00:00,1174.25,1174.25,1173.5,1173.75,40
2024-02-15 06:00:00+00:00,1173.0,1173.25,1171.75,1172.75,706
2024-02-15 07:00:00+00:00,1172.75,1173.25,1171.75,1172.25,501
2024-02-15 08:00:00+00:00,1172.0,1173.75,1171.75,1172.25,352
2024-02-15 09:00:00+00:00,1172.0,1174.25,1172.0,1173.0,2459
2024-02-15 10:00:00+00:00,1173.0,1174.0,1172.75,1173.75,779
2024-02-15 11:00:00+00:00,1174.0,1174.5,1172.5,1172.75,512
2024-02-15 12:00:00+00:00,1172.75,1177.5,1170.0,1176.0,3170
2024-02-15 13:00:00+00:00,1176.0,1176.25,1171.5,1172.25,1631
2024-02-15 14:00:00+00:00,1172.5,1178.5,1168.5,1177.75,18787
2024-02-15 15:00:00+00:00,1177.75,1179.5,1172.75,1173.25,14695
2024-02-15 16:00:00+00:00,1173.0,1173.25,1167.25,1170.0,20831
2024-02-15 17:00:00+00:00,1169.75,1170.0,1164.25,1166.0,14023
2024-02-15 18:00:00+00:00,1166.0,1171.5,1165.75,1168.25,7927
2024-02-15 19:00:00+00:00,1168.25,1168.25,1165.0,1166.5,9020
2024-02-16 01:00:00+00:00,1167.5,1170.0,1166.75,1170.0,0
2024-02-16 02:00:00+00:00,1170.0,1170.25,1168.75,1169.0,237
2024-02-16 03:00:00+00:00,1168.75,1170.0,1168.75,1169.5,132
2024-02-16 04:00:00+00:00,1169.75,1170.5,1169.75,1170.25,68
2024-02-16 05:00:00+00:00,1170.5,1170.75,1170.0,1170.0,249
2024-02-16 06:00:00+00:00,1169.75,1170.5,1169.5,1169.75,81
2024-02-16 07:00:00+00:00,1170.0,1170.25,1168.75,1169.75,977
2024-02-16 08:00:00+00:00,1170.0,1172.5,1170.0,1170.75,479
2024-02-16 09:00:00+00:00,1170.5,1172.0,1170.0,1170.0,470
2024-02-16 10:00:00+00:00,1170.0,1170.25,1168.75,1168.75,252
2024-02-16 11:00:00+00:00,1168.75,1171.0,1168.75,1171.0,874
2024-02-16 12:00:00+00:00,1171.0,1172.75,1168.25,1168.25,3107
2024-02-16 13:00:00+00:00,1168.5,1169.0,1165.75,1166.75,2020
2024-02-16 14:00:00+00:00,1166.75,1170.25,1165.5,1168.5,13566
2024-02-16 15:00:00+00:00,1168.5,1174.5,1168.25,1173.75,16555
2024-02-16 16:00:00+00:00,1173.75,1175.25,1171.25,1172.25,7902
2024-02-16 17:00:00+00:00,1172.5,1175.0,1171.0,1174.25,7593
2024-02-16 18:00:00+00:00,1174.25,1175.0,1171.5,1174.25,13900
2024-02-16 19:00:00+00:00,1174.5,1177.5,1173.75,1177.5,13907
2024-02-20 05:00:00+00:00,1186.75,1188.75,1186.0,1188.0,425
2024-02-20 06:00:00+00:00,1188.25,1189.75,1186.0,1186.5,1205
2024-02-20 07:00:00+00:00,1186.5,1186.5,1183.5,1185.75,635
2024-02-20 08:00:00+00:00,1185.75,1187.75,1184.5,1186.75,910
2024-02-20 09:00:00+00:00,1186.75,1187.75,1184.5,1184.75,416
2024-02-20 10:00:00+00:00,1184.75,1187.0,1184.25,1186.75,960
2024-02-20 11:00:00+00:00,1186.5,1187.25,1185.0,1186.75,1086
2024-02-20 12:00:00+00:00,1187.0,1187.0,1183.75,1186.25,2273
2024-02-20 13:00:00+00:00,1186.0,1189.5,1186.0,1188.75,4558
2024-02-20 14:00:00+00:00,1189.0,1192.0,1187.5,1190.0,17867
2024-02-20 15:00:00+00:00,1190.0,1190.75,1178.25,1179.5,14391
2024-02-20 16:00:00+00:00,1179.5,1184.25,1177.25,1183.5,11259
2024-02-20 17:00:00+00:00,1183.5,1184.25,1181.25,1182.25,11279
2024-02-20 18:00:00+00:00,1182.5,1183.0,1180.25,1182.0,5972
2024-02-20 19:00:00+00:00,1182.25,1183.75,1181.0,1183.5,9457
2024-02-21 01:00:00+00:00,1183.5,1184.0,1177.25,1179.5,0
2024-02-21 02:00:00+00:00,1179.25,1182.0,1178.75,1181.5,1141
2024-02-21 03:00:00+00:00,1181.5,1183.0,1181.0,1182.0,874
2024-02-21 04:00:00+00:00,1181.75,1181.75,1180.0,1180.25,123
2024-02-21 05:00:00+00:00,1180.25,1182.5,1179.25,1180.25,912
2024-02-21 06:00:00+00:00,1180.25,1181.25,1179.5,1180.0,1059
2024-02-21 07:00:00+00:00,1179.75,1180.0,1178.5,1179.25,241
2024-02-21 08:00:00+00:00,1179.0,1179.25,1175.5,1176.75,3761
2024-02-21 09:00:00+00:00,1177.0,1177.25,1175.5,1176.5,1192
2024-02-21 10:00:00+00:00,1176.25,1177.25,1175.5,1176.25,1113
2024-02-21 11:00:00+00:00,1176.25,1177.25,1175.25,1176.25,966
2024-02-21 12:00:00+00:00,1176.5,1176.75,1173.5,1173.75,3045
2024-02-21 13:00:00+00:00,1173.5,1177.0,1173.5,1175.5,2575
2024-02-21 14:00:00+00:00,1175.0,1175.25,1170.5,1172.75,18830
2024-02-21 15:00:00+00:00,1172.75,1174.25,1168.25,1169.25,16382
2024-02-21 16:00:00+00:00,1169.25,1174.5,1168.0,1170.0,13634
2024-02-21 17:00:00+00:00,1170.25,1172.25,1166.5,1167.75,7752
2024-02-21 18:00:00+00:00,1168.0,1170.5,1167.5,1168.0,8742
2024-02-21 19:00:00+00:00,1168.0,1168.5,1162.25,1164.25,22149
2024-02-22 01:00:00+00:00,1165.0,1167.0,1163.0,1166.25,0
2024-02-22 02:00:00+00:00,1166.25,1166.75,1164.0,1164.25,1353
2024-02-22 03:00:00+00:00,1164.5,1166.25,1163.5,1165.25,984
2024-02-22 04:00:00+00:00,1165.25,1165.5,1164.25,1165.25,368
2024-02-22 05:00:00+00:00,1165.0,1166.5,1164.75,1165.5,326
2024-02-22 06:00:00+00:00,1165.5,1168.5,1165.0,1167.75,1154
2024-02-22 07:00:00+00:00,1167.75,1169.5,1167.25,1169.25,779
2024-02-22 08:00:00+00:00,1169.25,1170.5,1168.75,1169.25,1749
2024-02-22 09:00:00+00:00,1169.25,1169.25,1165.75,1167.75,861
2024-02-22 10:00:00+00:00,1167.5,1167.75,1165.0,1165.75,883
2024-02-22 11:00:00+00:00,1165.5,1168.25,1164.75,1167.5,617
2024-02-22 12:00:00+00:00,1167.75,1172.0,1167.0,1167.75,2787
2024-02-22 13:00:00+00:00,1168.25,1168.5,1162.0,1162.25,0
2024-02-22 14:00:00+00:00,1162.5,1166.25,1159.25,1161.75,43880
2024-02-22 15:00:00+00:00,1161.5,1162.5,1159.0,1159.5,23130
2024-02-22 16:00:00+00:00,1159.5,1161.25,1158.0,1159.25,20397
2024-02-22 17:00:00+00:00,1159.0,1160.25,1157.5,1158.25,16916
2024-02-22 18:00:00+00:00,1158.25,1158.75,1152.5,1153.5,16503
2024-02-22 19:00:00+00:00,1153.25,1153.75,1151.75,1152.75,17962
2024-02-23 01:00:00+00:00,1153.0,1158.25,1153.0,1157.25,0
2024-02-23 02:00:00+00:00,1157.25,1157.5,1154.75,1155.25,1839
2024-02-23 03:00:00+00:00,1155.25,1157.0,1155.25,1155.75,1090
2024-02-23 04:00:00+00:00,1155.5,1155.75,1155.25,1155.25,376
2024-02-23 05:00:00+00:00,1155.5,1157.75,1155.0,1157.25,1479
2024-02-23 06:00:00+00:00,1157.5,1158.5,1156.5,1156.5,2407
2024-02-23 07:00:00+00:00,1156.5,1156.5,1155.5,1155.75,884
2024-02-23 08:00:00+00:00,1155.75,1157.5,1155.5,1156.0,1077
2024-02-23 09:00:00+00:00,1156.0,1157.0,1154.0,1154.0,1991
2024-02-23 10:00:00+00:00,1154.0,1154.5,1152.75,1153.25,1910
2024-02-23 11:00:00+00:00,1153.25,1154.5,1152.5,1154.5,875
2024-02-23 12:00:00+00:00,1154.25,1155.25,1152.75,1152.75,1303
2024-02-23 13:00:00+00:00,1152.75,1153.5,1145.5,1146.75,6953
2024-02-23 14:00:00+00:00,1145.25,1150.0,1144.75,1145.0,21808
2024-02-23 15:00:00+00:00,1145.0,1146.5,1140.25,1140.5,37438
2024-02-23 16:00:00+00:00,1140.5,1146.5,1138.25,1144.25,24521
2024-02-23 17:00:00+00:00,1144.0,1144.5,1139.5,1140.75,15697
2024-02-23 18:00:00+00:00,1140.75,1142.75,1138.25,1141.5,20451
2024-02-23 19:00:00+00:00,1141.5,1143.5,1140.25,1143.5,14848
2024-02-26 01:00:00+00:00,1145.0,1151.0,1144.0,1149.0,11732
2024-02-26 02:00:00+00:00,1149.0,1149.0,1147.0,1148.25,1467
2024-02-26 03:00:00+00:00,1148.25,1148.25,1144.25,1144.5,1681
2024-02-26 04:00:00+00:00,1144.5,1145.25,1143.5,1144.5,780
2024-02-26 05:00:00+00:00,1144.5,1146.0,1143.25,1143.25,487
2024-02-26 06:00:00+00:00,1143.5,1145.0,1142.5,1144.0,1580
2024-02-26 07:00:00+00:00,1143.75,1145.75,1143.5,1144.5,603
2024-02-26 08:00:00+00:00,1144.5,1145.25,1143.0,1144.0,989
2024-02-26 09:00:00+00:00,1143.75,1144.5,1141.25,1142.25,1028
2024-02-26 10:00:00+00:00,1142.25,1143.25,1139.0,1139.5,2305
2024-02-26 11:00:00+00:00,1139.5,1139.75,1138.0,1138.75,2138
2024-02-26 12:00:00+00:00,1138.75,1142.0,1135.75,1138.75,4553
2024-02-26 13:00:00+00:00,1138.75,1145.0,1138.25,1144.25,5264
2024-02-26 14:00:00+00:00,1142.0,1149.0,1141.25,1143.75,27137
2024-02-26 15:00:00+00:00,1143.75,1145.5,1138.0,1139.0,27308
2024-02-26 16:00:00+00:00,1139.25,1139.25,1133.5,1135.0,16791
2024-02-26 17:00:00+00:00,1135.0,1142.0,1134.5,1139.75,17828
2024-02-26 18:00:00+00:00,1139.75,1146.0,1139.5,1145.75,16318
2024-02-26 19:00:00+00:00,1145.5,1146.75,1143.5,1143.5,13337
2024-02-27 01:00:00+00:00,1145.0,1157.0,1144.0,1155.75,0
2024-02-27 02:00:00+00:00,1155.75,1157.0,1155.0,1155.0,2526
2024-02-27 03:00:00+00:00,1155.0,1156.25,1154.75,1156.25,2040
2024-02-27 04:00:00+00:00,1156.0,1157.0,1155.75,1156.75,571
2024-02-27 05:00:00+00:00,1156.5,1158.0,1156.25,1156.25,804
2024-02-27 06:00:00+00:00,1156.5,1156.5,1155.25,1155.5,2092
2024-02-27 07:00:00+00:00,1155.5,1157.75,1155.5,1157.25,2042
2024-02-27 08:00:00+00:00,1157.25,1159.5,1156.75,1159.0,2008
2024-02-27 09:00:00+00:00,1159.0,1159.75,1158.5,1159.5,2613
2024-02-27 10:00:00+00:00,1159.5,1159.5,1155.0,1157.25,2469
2024-02-27 11:00:00+00:00,1157.25,1157.5,1155.75,1157.25,1244
2024-02-27 12:00:00+00:00,1157.25,1158.0,1155.0,1157.0,3202
2024-02-27 13:00:00+00:00,1157.25,1159.75,1156.5,1157.5,8368
2024-02-27 14:00:00+00:00,1157.75,1161.5,1156.0,1157.0,26943
2024-02-27 15:00:00+00:00,1157.0,1158.0,1150.75,1153.75,28496
2024-02-27 16:00:00+00:00,1153.75,1153.75,1148.25,1149.5,23264
2024-02-27 17:00:00+00:00,1149.5,1150.0,1141.0,1142.25,15928
2024-02-27 18:00:00+00:00,1142.25,1143.25,1140.0,1141.5,16090
2024-02-27 19:00:00+00:00,1141.5,1143.75,1138.5,1143.25,11769
2024-02-28 01:00:00+00:00,1141.5,1147.75,1141.5,1143.0,0
2024-02-28 02:00:00+00:00,1143.25,1145.5,1142.0,1145.0,1342
2024-02-28 03:00:00+00:00,1145.25,1145.5,1142.75,1143.0,883
2024-02-28 04:00:00+00:00,1143.25,1144.5,1142.75,1142.75,504
2024-02-28 05:00:00+00:00,1142.75,1144.0,1142.0,1143.0,1169
2024-02-28 06:00:00+00:00,1143.25,1143.5,1141.25,1143.0,1491
2024-02-28 07:00:00+00:00,1143.0,1143.0,1140.25,1140.5,1162
2024-02-28 08:00:00+00:00,1140.25,1140.25,1136.25,1136.25,2100
2024-02-28 09:00:00+00:00,1136.25,1137.25,1135.75,1136.5,1353
2024-02-28 10:00:00+00:00,1136.5,1140.25,1136.25,1138.75,2025
2024-02-28 11:00:00+00:00,1138.75,1139.5,1137.25,1139.0,1008
2024-02-28 12:00:00+00:00,1139.25,1141.5,1138.25,1140.25,1664
2024-02-28 13:00:00+00:00,1140.5,1143.0,1139.5,1140.25,2900
2024-02-28 14:00:00+00:00,1140.25,1140.5,1134.0,1139.0,19723
2024-02-28 15:00:00+00:00,1138.75,1142.5,1137.0,1141.75,14256
2024-02-28 16:00:00+00:00,1141.75,1151.5,1141.0,1148.0,27949
2024-02-28 17:00:00+00:00,1148.0,1149.25,1144.25,1145.25,11788
2024-02-28 18:00:00+00:00,1145.0,1145.25,1142.75,1143.75,12569
2024-02-28 19:00:00+00:00,1143.75,1147.0,1143.5,1146.25,11221
2024-02-29 01:00:00+00:00,1144.75,1146.25,1139.0,1139.5,0
2024-02-29 02:00:00+00:00,1139.5,1144.0,1139.25,1142.5,2402
2024-02-29 03:00:00+00:00,1142.25,1144.25,1141.0,1141.25,1292
2024-02-29 04:00:00+00:00,1141.25,1141.5,1140.5,1141.25,390
2024-02-29 05:00:00+00:00,1141.25,1142.0,1139.75,1140.5,1494
2024-02-29 06:00:00+00:00,1140.75,1142.25,1139.25,1140.5,1395
2024-02-29 07:00:00+00:00,1140.75,1140.75,1139.0,1139.25,1108
2024-02-29 08:00:00+00:00,1139.25,1141.0,1138.25,1140.5,1525
2024-02-29 09:00:00+00:00,1140.5,1143.25,1138.75,1139.75,1211
2024-02-29 10:00:00+00:00,1140.0,1140.0,1136.75,1137.0,2161
2024-02-29 11:00:00+00:00,1136.75,1137.75,1136.25,1136.25,2103
2024-02-29 12:00:00+00:00,1136.5,1136.5,1130.25,1130.5,8594
2024-02-29 13:00:00+00:00,1130.75,1134.5,1130.25,1132.25,6140
2024-02-29 14:00:00+00:00,1133.5,1137.25,1128.5,1137.0,23246
2024-02-29 15:00:00+00:00,1136.75,1145.0,1135.25,1144.75,21764
2024-02-29 16:00:00+00:00,1144.75,1148.5,1140.25,1144.5,17375
2024-02-29 17:00:00+00:00,1144.5,1145.75,1138.0,1139.5,12382
2024-02-29 18:00:00+00:00,1139.25,1144.75,1138.75,1143.25,11917
2024-02-29 19:00:00+00:00,1143.0,1143.5,1139.0,1139.5,12098
2024-03-01 01:00:00+00:00,1139.0,1142.75,1137.25,1142.5,0
2024-03-01 02:00:00+00:00,1142.5,1145.25,1141.25,1144.75,1777
2024-03-01 03:00:00+00:00,1144.5,1145.75,1144.5,1145.25,842
2024-03-01 04:00:00+00:00,1145.0,1145.75,1145.0,1145.5,111
2024-03-01 05:00:00+00:00,1145.5,1149.25,1145.5,1148.75,2962
2024-03-01 06:00:00+00:00,1148.75,1149.5,1146.75,1147.25,2564
2024-03-01 07:00:00+00:00,1147.0,1148.25,1146.5,1147.5,753
2024-03-01 08:00:00+00:00,1147.75,1150.25,1147.75,1149.25,2050
2024-03-01 09:00:00+00:00,1149.25,1151.25,1149.0,1150.5,1753
2024-03-01 10:00:00+00:00,1150.5,1150.75,1145.75,1146.5,3799
2024-03-01 11:00:00+00:00,1146.25,1149.5,1146.25,1147.0,1380
2024-03-01 12:00:00+00:00,1147.0,1148.5,1146.0,1147.0,1663
2024-03-01 13:00:00+00:00,1147.25,1152.0,1146.75,1147.25,6303
2024-03-01 14:00:00+00:00,1147.0,1147.25,1140.5,1141.0,12776
2024-03-01 15:00:00+00:00,1141.0,1144.0,1138.5,1142.5,14467
2024-03-01 16:00:00+00:00,1142.5,1146.0,1140.75,1144.5,8866
2024-03-01 17:00:00+00:00,1144.5,1148.5,1143.5,1144.5,9706
2024-03-01 18:00:00+00:00,1145.0,1151.0,1143.25,1150.0,10032
2024-03-01 19:00:00+00:00,1150.0,1152.25,1149.0,1149.75,8187
2024-03-04 01:00:00+00:00,1152.25,1159.0,1151.75,1158.75,6720
2024-03-04 02:00:00+00:00,1158.75,1160.25,1157.5,1160.25,1728
2024-03-04 03:00:00+00:00,1160.25,1160.75,1159.25,1160.0,1558
2024-03-04 04:00:00+00:00,1159.75,1160.25,1159.25,1159.75,226
2024-03-04 05:00:00+00:00,1159.75,1160.0,1158.25,1159.75,494
2024-03-04 06:00:00+00:00,1160.0,1161.0,1159.25,1160.5,2432
2024-03-04 07:00:00+00:00,1160.5,1163.25,1160.5,1162.0,3320
2024-03-04 08:00:00+00:00,1161.75,1162.0,1158.5,1159.25,1135
2024-03-04 09:00:00+00:00,1159.25,1159.5,1158.0,1158.5,758
2024-03-04 10:00:00+00:00,1158.5,1160.75,1156.75,1158.5,1189
2024-03-04 11:00:00+00:00,1158.75,1160.0,1157.5,1159.75,886
2024-03-04 12:00:00+00:00,1159.75,1162.5,1158.25,1160.5,1784
2024-03-04 13:00:00+00:00,1160.75,1162.0,1159.5,1160.5,2126
2024-03-04 14:00:00+00:00,1159.5,1164.0,1157.25,1161.75,14786
2024-03-04 15:00:00+00:00,1161.75,1165.75,1161.0,1162.75,16894
2024-03-04 16:00:00+00:00,1162.5,1162.75,1152.5,1154.5,16685
2024-03-04 17:00:00+00:00,1154.25,1157.5,1151.0,1156.25,9466
2024-03-04 18:00:00+00:00,1156.25,1156.5,1152.5,1154.5,8894
2024-03-04 19:00:00+00:00,1154.5,1155.5,1153.75,1154.5,7716
2024-03-05 01:00:00+00:00,1155.0,1156.5,1149.25,1153.75,0
2024-03-05 02:00:00+00:00,1154.0,1154.25,1150.5,1151.25,1515
2024-03-05 03:00:00+00:00,1151.5,1152.25,1150.75,1151.25,803
2024-03-05 04:00:00+00:00,1151.25,1152.0,1150.25,1150.25,279
2024-03-05 05:00:00+00:00,1150.5,1151.5,1148.25,1151.5,2462
2024-03-05 06:00:00+00:00,1151.75,1155.0,1151.75,1153.5,3536
2024-03-05 07:00:00+00:00,1153.5,1153.5,1150.75,1151.75,1114
2024-03-05 08:00:00+00:00,1151.5,1152.0,1149.25,1150.0,1739
2024-03-05 09:00:00+00:00,1150.25,1150.5,1148.75,1150.0,687
2024-03-05 10:00:00+00:00,1149.75,1151.75,1149.5,1150.5,541
2024-03-05 11:00:00+00:00,1150.5,1153.0,1149.25,1152.25,837
2024-03-05 12:00:00+00:00,1152.25,1152.5,1148.25,1149.75,1250
2024-03-05 13:00:00+00:00,1150.0,1154.0,1147.75,1150.5,5298
2024-03-05 14:00:00+00:00,1149.25,1156.25,1146.75,1154.0,20964
2024-03-05 15:00:00+00:00,1154.25,1158.75,1150.5,1157.0,15411
2024-03-05 16:00:00+00:00,1157.0,1158.75,1149.25,1151.0,14689
2024-03-05 17:00:00+00:00,1151.0,1152.75,1149.5,1150.75,9451
2024-03-05 18:00:00+00:00,1151.0,1151.25,1147.0,1149.25,11580
2024-03-05 19:00:00+00:00,1149.25,1149.5,1147.5,1148.75,7537
2024-03-06 01:00:00+00:00,1149.25,1153.5,1149.0,1149.75,0
2024-03-06 02:00:00+00:00,1149.75,1150.5,1148.0,1149.75,647
2024-03-06 03:00:00+00:00,1149.75,1152.0,1149.5,1150.75,412
2024-03-06 04:00:00+00:00,1150.75,1151.25,1150.0,1150.25,217
2024-03-06 05:00:00+00:00,1150.5,1151.5,1150.0,1151.25,412
2024-03-06 06:00:00+00:00,1151.5,1153.0,1149.75,1150.0,0
2024-03-06 07:00:00+00:00,1150.0,1150.0,1146.0,1146.75,9870
2024-03-06 08:00:00+00:00,1146.5,1147.5,1145.75,1146.5,1127
2024-03-06 09:00:00+00:00,1146.75,1148.0,1145.25,1146.25,945
2024-03-06 10:00:00+00:00,1146.25,1150.0,1145.75,1149.25,959
2024-03-06 11:00:00+00:00,1149.5,1150.5,1148.5,1149.0,466
2024-03-06 12:00:00+00:00,1149.5,1149.75,1147.0,1147.0,665
2024-03-06 13:00:00+00:00,1147.25,1150.0,1146.0,1147.25,4260
2024-03-06 14:00:00+00:00,1147.0,1148.75,1140.25,1141.25,17578
2024-03-06 15:00:00+00:00,1141.25,1147.5,1140.25,1146.25,17071
2024-03-06 16:00:00+00:00,1146.25,1146.25,1142.0,1143.5,11163
2024-03-06 17:00:00+00:00,1143.75,1148.5,1143.0,1148.25,11486
2024-03-06 18:00:00+00:00,1148.25,1149.5,1146.0,1147.75,11572
2024-03-06 19:00:00+00:00,1147.75,1149.5,1147.5,1149.5,6784
2024-03-07 01:00:00+00:00,1149.0,1150.0,1147.0,1148.5,0
2024-03-07 02:00:00+00:00,1148.5,1152.0,1147.5,1151.75,2536
2024-03-07 03:00:00+00:00,1151.5,1152.0,1150.75,1152.0,548
2024-03-07 04:00:00+00:00,1152.0,1152.5,1151.75,1152.0,212
2024-03-07 05:00:00+00:00,1152.0,1152.25,1150.75,1151.0,384
2024-03-07 06:00:00+00:00,1151.0,1153.5,1150.5,1152.0,1074
2024-03-07 07:00:00+00:00,1152.0,1154.25,1151.5,1154.0,587
2024-03-07 08:00:00+00:00,1153.75,1154.5,1153.25,1153.5,1511
2024-03-07 09:00:00+00:00,1153.5,1155.5,1153.25,1154.75,1337
2024-03-07 10:00:00+00:00,1154.5,1156.0,1154.0,1156.0,967
2024-03-07 11:00:00+00:00,1156.0,1159.5,1155.75,1157.25,4275
2024-03-07 12:00:00+00:00,1157.25,1162.0,1157.0,1161.5,5370
2024-03-07 13:00:00+00:00,1161.75,1163.5,1160.5,1160.75,9972
2024-03-07 14:00:00+00:00,1160.25,1164.25,1157.25,1163.5,22231
2024-03-07 15:00:00+00:00,1163.25,1165.25,1156.25,1157.25,25367
2024-03-07 16:00:00+00:00,1157.25,1163.0,1156.75,1162.25,14497
2024-03-07 17:00:00+00:00,1162.25,1163.5,1157.75,1159.75,15479
2024-03-07 18:00:00+00:00,1159.75,1163.0,1159.0,1162.5,9031
2024-03-07 19:00:00+00:00,1162.75,1167.0,1162.5,1166.0,13453
2024-03-08 01:00:00+00:00,1165.0,1172.0,1163.0,1169.0,0
2024-03-08 02:00:00+00:00,1169.25,1169.5,1167.0,1168.75,1297
2024-03-08 03:00:00+00:00,1168.75,1170.5,1168.25,1170.0,1203
2024-03-08 04:00:00+00:00,1170.0,1172.0,1170.0,1171.25,614
2024-03-08 05:00:00+00:00,1171.0,1174.0,1171.0,1173.25,1630
2024-03-08 06:00:00+00:00,1173.25,1174.75,1172.0,1174.75,2949
2024-03-08 07:00:00+00:00,1174.75,1174.75,1169.5,1170.75,1301
2024-03-08 08:00:00+00:00,1170.75,1171.25,1168.5,1169.25,1634
2024-03-08 09:00:00+00:00,1169.5,1171.0,1169.0,1169.5,1338
2024-03-08 10:00:00+00:00,1169.25,1169.25,1167.0,1168.5,2247
2024-03-08 11:00:00+00:00,1168.25,1168.5,1165.0,1166.0,1828
2024-03-08 12:00:00+00:00,1166.0,1167.5,1164.25,1165.5,2814
2024-03-08 13:00:00+00:00,1165.5,1167.25,1163.5,1164.5,4059
2024-03-08 14:00:00+00:00,1164.0,1164.5,1160.5,1160.75,16448
2024-03-08 15:00:00+00:00,1160.75,1161.0,1153.75,1159.0,30187
2024-03-08 16:00:00+00:00,1159.0,1161.0,1154.25,1159.0,19176
2024-03-08 17:00:00+00:00,1159.5,1173.75,1157.5,1171.0,42034
2024-03-08 18:00:00+00:00,1171.25,1181.75,1169.25,1181.5,22378
2024-03-08 19:00:00+00:00,1181.5,1184.75,1180.5,1184.75,17670
2024-03-11 00:00:00+00:00,1185.25,1189.25,1183.5,1184.0,7358
2024-03-11 01:00:00+00:00,1184.0,1187.25,1179.75,1180.75,6327
2024-03-11 02:00:00+00:00,1180.5,1182.5,1179.5,1180.0,1401
2024-03-11 03:00:00+00:00,1179.75,1180.75,1179.5,1180.25,646
2024-03-11 04:00:00+00:00,1180.0,1181.25,1179.75,1180.25,338
2024-03-11 05:00:00+00:00,1180.5,1180.75,1178.0,1179.5,866
2024-03-11 06:00:00+00:00,1179.25,1180.5,1178.75,1179.75,1369
2024-03-11 07:00:00+00:00,1179.5,1180.0,1178.25,1179.5,722
2024-03-11 08:00:00+00:00,1179.5,1180.75,1177.25,1179.0,1316
2024-03-11 09:00:00+00:00,1179.25,1181.75,1178.25,1181.5,931
2024-03-11 10:00:00+00:00,1181.5,1181.5,1177.75,1177.75,1047
2024-03-11 11:00:00+00:00,1177.75,1178.0,1176.0,1176.5,1668
2024-03-11 12:00:00+00:00,1176.5,1178.25,1175.0,1177.0,2599
2024-03-11 13:00:00+00:00,1177.25,1183.5,1177.0,1183.5,16452
2024-03-11 14:00:00+00:00,1183.75,1186.0,1177.25,1184.0,23594
2024-03-11 15:00:00+00:00,1183.75,1185.25,1176.5,1180.0,18952
2024-03-11 16:00:00+00:00,1180.25,1180.5,1176.25,1177.75,10988
2024-03-11 17:00:00+00:00,1178.0,1181.5,1178.0,1179.5,8652
2024-03-11 18:00:00+00:00,1179.5,1180.25,1177.5,1179.75,13296
2024-03-12 00:00:00+00:00,1179.0,1181.25,1178.25,1181.25,0
2024-03-12 01:00:00+00:00,1181.25,1182.0,1179.5,1180.25,1448
2024-03-12 02:00:00+00:00,1180.0,1182.5,1179.75,1181.75,417
2024-03-12 03:00:00+00:00,1181.75,1183.25,1181.0,1182.5,788
2024-03-12 04:00:00+00:00,1182.5,1183.75,1182.5,1182.75,776
2024-03-12 05:00:00+00:00,1183.0,1184.25,1182.0,1182.5,1106
2024-03-12 06:00:00+00:00,1182.5,1183.25,1179.5,1179.75,1303
2024-03-12 07:00:00+00:00,1179.5,1180.0,1177.25,1177.25,1564
2024-03-12 08:00:00+00:00,1177.5,1178.25,1175.75,1176.75,1142
2024-03-12 09:00:00+00:00,1176.5,1179.75,1176.25,1178.5,949
2024-03-12 10:00:00+00:00,1178.5,1180.0,1176.5,1176.5,811
2024-03-12 11:00:00+00:00,1176.25,1178.25,1176.0,1177.25,907
2024-03-12 12:00:00+00:00,1177.25,1183.0,1177.25,1182.25,7152
2024-03-12 13:00:00+00:00,1181.5,1183.75,1175.75,1182.0,16427
2024-03-12 14:00:00+00:00,1181.75,1191.75,1181.75,1191.5,26336
2024-03-12 15:00:00+00:00,1191.25,1196.5,1187.0,1188.0,26656
2024-03-12 16:00:00+00:00,1188.25,1191.5,1184.25,1188.75,13675
2024-03-12 17:00:00+00:00,1188.75,1194.25,1186.5,1192.25,12557
2024-03-12 18:00:00+00:00,1192.0,1196.5,1191.75,1194.0,13981
2024-03-13 00:00:00+00:00,1192.25,1195.0,1190.25,1193.25,0
2024-03-13 01:00:00+00:00,1193.25,1194.25,1190.75,1190.75,2636
2024-03-13 02:00:00+00:00,1190.75,1191.5,1189.75,1190.5,938
2024-03-13 03:00:00+00:00,1190.0,1190.75,1189.0,1189.75,793
2024-03-13 04:00:00+00:00,1189.25,1189.75,1188.0,1188.5,743
2024-03-13 05:00:00+00:00,1188.5,1189.25,1188.0,1188.5,895
2024-03-13 06:00:00+00:00,1188.75,1189.25,1187.5,1188.25,1051
2024-03-13 07:00:00+00:00,1188.0,1189.5,1187.75,1189.5,641
2024-03-13 08:00:00+00:00,1189.75,1190.5,1188.25,1189.5,1327
2024-03-13 09:00:00+00:00,1189.75,1192.5,1189.0,1190.25,1663
2024-03-13 10:00:00+00:00,1190.25,1190.25,1186.5,1189.0,2753
2024-03-13 11:00:00+00:00,1189.25,1189.75,1183.5,1184.5,4265
2024-03-13 12:00:00+00:00,1184.5,1187.75,1183.75,1186.75,5512
2024-03-13 13:00:00+00:00,1186.0,1190.25,1182.75,1188.0,21701
2024-03-13 14:00:00+00:00,1188.0,1191.25,1185.0,1187.75,16009
2024-03-13 15:00:00+00:00,1187.5,1193.0,1185.25,1190.75,16189
2024-03-13 16:00:00+00:00,1191.0,1193.0,1188.5,1191.5,9041
2024-03-13 17:00:00+00:00,1191.5,1199.25,1189.75,1197.0,17698
2024-03-13 18:00:00+00:00,1197.25,1197.5,1195.75,1196.25,10681
2024-03-14 00:00:00+00:00,1196.0,1196.25,1193.75,1194.5,0
2024-03-14 01:00:00+00:00,1194.25,1199.0,1193.5,1198.0,3452
2024-03-14 02:00:00+00:00,1198.25,1200.5,1198.25,1198.5,3447
2024-03-14 03:00:00+00:00,1198.5,1200.0,1198.0,1198.75,408
2024-03-14 04:00:00+00:00,1198.75,1199.0,1198.5,1199.0,137
2024-03-14 05:00:00+00:00,1199.0,1200.5,1197.75,1200.0,2548
2024-03-14 06:00:00+00:00,1200.25,1201.0,1197.5,1199.25,648
2024-03-14 07:00:00+00:00,1199.25,1202.75,1198.75,1201.25,1332
2024-03-14 08:00:00+00:00,1201.25,1201.75,1200.0,1200.25,1615
2024-03-14 09:00:00+00:00,1200.25,1203.5,1199.75,1203.25,1361
2024-03-14 10:00:00+00:00,1203.25,1204.75,1202.0,1202.0,2920
2024-03-14 11:00:00+00:00,1202.0,1202.5,1199.25,1201.5,2489
2024-03-14 12:00:00+00:00,1201.5,1201.5,1197.25,1198.25,2464
2024-03-14 13:00:00+00:00,1198.75,1216.0,1198.0,1213.5,34555
2024-03-14 14:00:00+00:00,1213.75,1217.5,1203.5,1203.5,36056
2024-03-14 15:00:00+00:00,1203.75,1204.25,1193.75,1194.25,21569
2024-03-14 16:00:00+00:00,1194.25,1199.75,1191.75,1198.75,17205
2024-03-14 17:00:00+00:00,1198.75,1199.25,1193.75,1196.25,7812
2024-03-14 18:00:00+00:00,1196.25,1197.25,1194.5,1195.5,8791
2024-03-15 00:00:00+00:00,1194.5,1195.75,1192.25,1195.25,0
2024-03-15 01:00:00+00:00,1195.25,1197.0,1191.75,1195.75,3024
2024-03-15 02:00:00+00:00,1195.5,1196.0,1193.25,1194.0,1288
2024-03-15 03:00:00+00:00,1194.0,1196.5,1194.0,1195.5,636
2024-03-15 04:00:00+00:00,1195.5,1197.0,1195.25,1196.25,418
2024-03-15 05:00:00+00:00,1196.25,1198.75,1196.0,1198.0,990
2024-03-15 06:00:00+00:00,1197.75,1199.75,1196.75,1199.0,2422
2024-03-15 07:00:00+00:00,1199.25,1200.0,1197.25,1197.5,1263
2024-03-15 08:00:00+00:00,1197.5,1198.5,1193.5,1193.5,1347
2024-03-15 09:00:00+00:00,1193.75,1194.75,1188.5,1191.75,3896
2024-03-15 10:00:00+00:00,1191.75,1192.5,1188.25,1188.75,1530
2024-03-15 11:00:00+00:00,1188.5,1189.25,1187.0,1187.5,2756
2024-03-15 12:00:00+00:00,1187.5,1188.75,1186.5,1187.75,1905
2024-03-15 13:00:00+00:00,1187.25,1190.0,1183.5,1186.25,16584
2024-03-15 14:00:00+00:00,1186.25,1197.25,1184.75,1196.0,18993
2024-03-15 15:00:00+00:00,1196.25,1196.5,1188.5,1190.25,11164
2024-03-15 16:00:00+00:00,1190.25,1193.0,1188.0,1192.75,13531
2024-03-15 17:00:00+00:00,1192.75,1196.25,1191.75,1193.0,10484
2024-03-15 18:00:00+00:00,1193.25,1199.0,1193.25,1198.5,12979
2024-03-18 00:00:00+00:00,1198.5,1206.0,1198.25,1204.5,3152
2024-03-18 01:00:00+00:00,1204.5,1205.75,1202.25,1203.0,1752
2024-03-18 02:00:00+00:00,1203.25,1203.75,1199.5,1200.5,1283
2024-03-18 03:00:00+00:00,1200.25,1200.5,1197.5,1198.25,906
2024-03-18 04:00:00+00:00,1198.25,1199.0,1197.5,1197.5,397
2024-03-18 05:00:00+00:00,1197.75,1199.0,1197.5,1198.75,666
2024-03-18 06:00:00+00:00,1199.0,1199.25,1193.75,1193.75,2195
2024-03-18 07:00:00+00:00,1193.75,1195.25,1193.0,1195.25,956
2024-03-18 08:00:00+00:00,1195.0,1196.75,1194.5,1194.75,947
2024-03-18 09:00:00+00:00,1194.75,1196.5,1194.0,1195.0,1253
2024-03-18 10:00:00+00:00,1195.0,1196.0,1192.75,1193.5,1124
2024-03-18 11:00:00+00:00,1193.75,1194.75,1191.0,1192.5,2133
2024-03-18 12:00:00+00:00,1192.5,1196.25,1191.5,1195.25,2209
2024-03-18 13:00:00+00:00,1197.25,1201.75,1192.0,1192.75,19350
2024-03-18 14:00:00+00:00,1193.0,1199.5,1189.75,1190.75,15191
2024-03-18 15:00:00+00:00,1190.75,1193.75,1188.0,1188.75,11061
2024-03-18 16:00:00+00:00,1189.0,1194.5,1188.25,1192.0,7666
2024-03-18 17:00:00+00:00,1192.0,1192.75,1188.75,1189.25,7118
2024-03-18 18:00:00+00:00,1189.25,1189.5,1186.75,1188.25,7373
2024-03-19 00:00:00+00:00,1188.0,1189.0,1186.0,1186.5,0
2024-03-19 01:00:00+00:00,1186.5,1190.0,1186.5,1189.5,1819
2024-03-19 02:00:00+00:00,1189.25,1190.5,1186.5,1188.75,1308
2024-03-19 03:00:00+00:00,1189.0,1190.25,1187.75,1188.25,445
2024-03-19 04:00:00+00:00,1188.0,1188.5,1187.5,1187.75,189
2024-03-19 05:00:00+00:00,1187.75,1188.0,1185.25,1185.5,1342
2024-03-19 06:00:00+00:00,1185.5,1192.25,1184.5,1190.25,3663
2024-03-19 07:00:00+00:00,1190.5,1191.5,1189.75,1191.0,397
2024-03-19 08:00:00+00:00,1191.0,1191.0,1186.75,1186.75,1745
2024-03-19 09:00:00+00:00,1187.0,1187.25,1184.25,1184.75,1430
2024-03-19 10:00:00+00:00,1185.0,1187.75,1185.0,1186.0,1103
2024-03-19 11:00:00+00:00,1186.0,1188.75,1185.25,1185.75,1732
2024-03-19 12:00:00+00:00,1185.75,1186.0,1181.25,1183.75,3693
2024-03-19 13:00:00+00:00,1183.75,1188.75,1181.0,1184.0,18349
2024-03-19 14:00:00+00:00,1184.25,1186.0,1181.75,1185.25,15916
2024-03-19 15:00:00+00:00,1185.5,1189.5,1183.5,1188.0,11683
2024-03-19 16:00:00+00:00,1187.75,1188.75,1185.0,1185.5,9408
2024-03-19 17:00:00+00:00,1185.5,1186.5,1184.25,1185.0,8713
2024-03-19 18:00:00+00:00,1184.75,1186.5,1183.5,1185.75,11009
2024-03-20 00:00:00+00:00,1185.5,1187.0,1185.25,1186.0,0
2024-03-20 01:00:00+00:00,1185.75,1187.25,1183.75,1185.25,2191
2024-03-20 02:00:00+00:00,1185.25,1185.25,1183.5,1185.0,672
2024-03-20 03:00:00+00:00,1184.75,1187.5,1184.5,1185.75,509
2024-03-20 04:00:00+00:00,1185.5,1186.5,1185.25,1186.0,218
2024-03-20 05:00:00+00:00,1186.0,1188.0,1185.75,1187.25,709
2024-03-20 06:00:00+00:00,1187.5,1190.0,1186.5,1189.75,1448
2024-03-20 07:00:00+00:00,1190.0,1190.0,1188.25,1188.5,593
2024-03-20 08:00:00+00:00,1188.5,1189.0,1185.5,1187.5,1983
2024-03-20 09:00:00+00:00,1187.5,1190.0,1186.0,1189.75,6717
2024-03-20 10:00:00+00:00,1190.0,1193.0,1188.5,1192.75,4840
2024-03-20 11:00:00+00:00,1192.75,1193.75,1191.25,1192.75,3928
2024-03-20 12:00:00+00:00,1192.75,1193.25,1190.5,1192.25,2462
2024-03-20 13:00:00+00:00,1191.0,1199.0,1191.0,1192.5,27000
2024-03-20 14:00:00+00:00,1192.75,1195.0,1189.75,1191.0,21054
2024-03-20 15:00:00+00:00,1191.0,1195.0,1190.75,1194.75,9050
2024-03-20 16:00:00+00:00,1194.75,1202.5,1194.5,1200.25,19076
2024-03-20 17:00:00+00:00,1200.25,1206.75,1198.75,1206.5,21988
2024-03-20 18:00:00+00:00,1206.5,1211.75,1206.25,1210.25,22264
2024-03-21 00:00:00+00:00,1209.0,1226.75,1207.0,1220.75,0
2024-03-21 01:00:00+00:00,1221.0,1222.25,1215.25,1221.0,6860
2024-03-21 02:00:00+00:00,1221.0,1221.25,1218.25,1220.25,1277
2024-03-21 03:00:00+00:00,1220.0,1221.75,1219.25,1219.5,650
2024-03-21 04:00:00+00:00,1219.5,1220.0,1219.25,1219.5,516
2024-03-21 05:00:00+00:00,1219.5,1221.25,1219.25,1219.75,2041
2024-03-21 06:00:00+00:00,1219.75,1221.75,1216.5,1217.0,3417
2024-03-21 07:00:00+00:00,1216.75,1219.0,1216.75,1218.75,771
2024-03-21 08:00:00+00:00,1218.75,1219.5,1215.5,1216.0,2547
2024-03-21 09:00:00+00:00,1216.0,1217.5,1215.75,1216.75,2428
2024-03-21 10:00:00+00:00,1217.0,1217.75,1214.5,1215.75,2611
2024-03-21 11:00:00+00:00,1215.5,1216.25,1212.5,1212.75,3191
2024-03-21 12:00:00+00:00,1212.75,1215.0,1211.0,1214.0,4931
2024-03-21 13:00:00+00:00,1214.0,1216.0,1205.75,1207.25,23256
2024-03-21 14:00:00+00:00,1207.25,1212.0,1205.5,1206.5,17994
2024-03-21 15:00:00+00:00,1206.5,1209.25,1204.0,1205.75,13772
2024-03-21 16:00:00+00:00,1205.75,1211.5,1205.0,1208.25,8529
2024-03-21 17:00:00+00:00,1208.25,1212.75,1207.75,1212.0,11446
2024-03-21 18:00:00+00:00,1212.0,1214.5,1211.25,1211.25,11531
2024-03-22 00:00:00+00:00,1211.0,1211.25,1207.0,1208.5,0
2024-03-22 01:00:00+00:00,1208.25,1209.25,1204.0,1204.25,3006
2024-03-22 02:00:00+00:00,1204.25,1205.25,1200.75,1201.0,3541
2024-03-22 03:00:00+00:00,1201.25,1203.0,1201.0,1201.25,964
2024-03-22 04:00:00+00:00,1201.0,1201.0,1199.5,1200.0,1035
2024-03-22 05:00:00+00:00,1200.0,1200.75,1199.5,1199.75,1253
2024-03-22 06:00:00+00:00,1199.75,1201.0,1198.75,1199.0,1231
2024-03-22 07:00:00+00:00,1199.0,1199.5,1197.25,1198.0,2303
2024-03-22 08:00:00+00:00,1198.25,1199.75,1197.25,1197.5,2305
2024-03-22 09:00:00+00:00,1197.25,1201.0,1197.25,1199.0,2229
2024-03-22 10:00:00+00:00,1199.25,1201.25,1198.0,1200.25,1180
2024-03-22 11:00:00+00:00,1200.25,1201.0,1197.25,1198.0,1494
2024-03-22 12:00:00+00:00,1198.0,1202.0,1198.0,1201.25,2261
2024-03-22 13:00:00+00:00,1199.75,1200.0,1193.75,1194.5,23942
2024-03-22 14:00:00+00:00,1194.5,1196.75,1192.0,1192.25,18366
2024-03-22 15:00:00+00:00,1192.25,1196.75,1189.25,1194.75,15414
2024-03-22 16:00:00+00:00,1194.75,1197.25,1192.5,1195.25,6939
2024-03-22 17:00:00+00:00,1195.5,1196.25,1192.5,1192.75,7979
2024-03-22 18:00:00+00:00,1192.5,1193.0,1191.5,1192.0,9772
2024-03-25 00:00:00+00:00,1194.0,1196.5,1192.25,1193.25,2343
2024-03-25 01:00:00+00:00,1192.75,1195.0,1191.5,1193.25,1733
2024-03-25 02:00:00+00:00,1193.25,1193.25,1188.5,1190.25,3599
2024-03-25 03:00:00+00:00,1190.5,1191.5,1189.75,1191.25,482
2024-03-25 04:00:00+00:00,1191.0,1192.25,1191.0,1192.0,238
2024-03-25 05:00:00+00:00,1192.0,1193.25,1191.5,1192.75,445
2024-03-25 06:00:00+00:00,1192.5,1195.0,1190.25,1195.0,1367
2024-03-25 07:00:00+00:00,1195.0,1196.75,1194.75,1196.25,664
2024-03-25 08:00:00+00:00,1196.5,1197.25,1193.0,1193.5,1525
2024-03-25 09:00:00+00:00,1193.5,1194.75,1191.25,1193.75,1198
2024-03-25 10:00:00+00:00,1193.5,1194.75,1191.75,1194.5,1109
2024-03-25 11:00:00+00:00,1194.25,1196.25,1193.5,1195.75,626
2024-03-25 12:00:00+00:00,1195.75,1197.75,1195.25,1196.25,1450
2024-03-25 13:00:00+00:00,1197.25,1203.75,1196.5,1201.25,15311
2024-03-25 14:00:00+00:00,1201.25,1208.5,1200.5,1205.75,18791
2024-03-25 15:00:00+00:00,1205.75,1210.0,1203.5,1205.5,14158
2024-03-25 16:00:00+00:00,1205.0,1208.25,1204.0,1206.0,7676
2024-03-25 17:00:00+00:00,1205.75,1208.25,1205.75,1207.25,9100
2024-03-25 18:00:00+00:00,1207.25,1210.0,1206.75,1207.75,15317
2024-03-26 00:00:00+00:00,1207.5,1208.0,1203.75,1205.0,0
2024-03-26 01:00:00+00:00,1204.75,1205.5,1203.0,1204.25,1019
2024-03-26 02:00:00+00:00,1204.0,1205.0,1202.5,1203.0,671
2024-03-26 03:00:00+00:00,1203.25,1203.75,1202.25,1203.25,728
2024-03-26 04:00:00+00:00,1203.25,1203.5,1202.5,1202.5,318
2024-03-26 05:00:00+00:00,1202.75,1203.25,1202.0,1203.0,697
2024-03-26 06:00:00+00:00,1203.0,1204.0,1200.75,1201.0,1170
2024-03-26 07:00:00+00:00,1201.0,1201.75,1199.75,1200.25,1712
2024-03-26 08:00:00+00:00,1200.25,1202.0,1199.5,1201.75,1081
2024-03-26 09:00:00+00:00,1201.5,1203.75,1201.25,1203.25,1132
2024-03-26 10:00:00+00:00,1203.25,1205.75,1202.25,1204.0,1852
2024-03-26 11:00:00+00:00,1203.75,1205.0,1201.5,1202.0,4006
2024-03-26 12:00:00+00:00,1202.0,1203.25,1199.5,1202.5,4063
2024-03-26 13:00:00+00:00,1200.75,1208.0,1200.0,1206.25,15827
2024-03-26 14:00:00+00:00,1206.25,1206.75,1199.75,1200.75,16354
2024-03-26 15:00:00+00:00,1200.5,1202.75,1199.0,1200.5,8403
2024-03-26 16:00:00+00:00,1200.75,1202.25,1199.75,1200.5,8925
2024-03-26 17:00:00+00:00,1200.5,1204.0,1199.5,1200.25,22583
2024-03-26 18:00:00+00:00,1200.25,1200.75,1197.75,1198.0,10454
2024-03-27 00:00:00+00:00,1196.75,1197.0,1193.0,1196.25,0
2024-03-27 01:00:00+00:00,1196.25,1196.5,1194.25,1195.0,1436
2024-03-27 02:00:00+00:00,1195.0,1195.0,1192.25,1192.5,718
2024-03-27 03:00:00+00:00,1192.75,1193.0,1192.0,1192.25,423
2024-03-27 04:00:00+00:00,1192.25,1192.5,1191.75,1192.0,396
2024-03-27 05:00:00+00:00,1192.0,1194.0,1191.25,1193.0,860
2024-03-27 06:00:00+00:00,1193.25,1194.75,1193.0,1194.0,851
2024-03-27 07:00:00+00:00,1193.75,1194.75,1192.5,1194.5,2704
2024-03-27 08:00:00+00:00,1194.5,1194.75,1193.25,1193.25,792
2024-03-27 09:00:00+00:00,1193.5,1194.75,1192.0,1192.25,952
2024-03-27 10:00:00+00:00,1192.5,1193.75,1192.0,1193.75,749
2024-03-27 11:00:00+00:00,1193.75,1194.75,1192.5,1193.25,856
2024-03-27 12:00:00+00:00,1193.0,1193.75,1192.0,1192.25,910
2024-03-27 13:00:00+00:00,1191.75,1194.25,1189.5,1193.0,19222
2024-03-27 14:00:00+00:00,1193.0,1197.5,1192.25,1194.5,17469
2024-03-27 15:00:00+00:00,1194.25,1196.25,1192.25,1196.0,6256
2024-03-27 16:00:00+00:00,1196.25,1198.0,1192.5,1194.0,13702
2024-03-27 17:00:00+00:00,1194.0,1195.75,1191.0,1193.5,9512
2024-03-27 18:00:00+00:00,1193.5,1194.0,1191.5,1192.25,9334
2024-03-28 00:00:00+00:00,1191.75,1194.0,1190.25,1193.75,0
2024-03-28 01:00:00+00:00,1194.0,1194.5,1188.25,1188.75,1970
2024-03-28 02:00:00+00:00,1189.25,1191.5,1188.25,1191.25,811
2024-03-28 03:00:00+00:00,1191.0,1191.25,1189.0,1189.25,728
2024-03-28 04:00:00+00:00,1189.0,1190.5,1188.5,1189.75,245
2024-03-28 05:00:00+00:00,1189.75,1190.25,1188.25,1188.5,396
2024-03-28 06:00:00+00:00,1188.5,1189.25,1187.75,1189.0,668
2024-03-28 07:00:00+00:00,1188.75,1189.25,1186.75,1188.0,911
2024-03-28 08:00:00+00:00,1187.75,1189.5,1187.5,1189.0,973
2024-03-28 09:00:00+00:00,1188.75,1189.5,1187.5,1188.25,2681
2024-03-28 10:00:00+00:00,1188.25,1189.25,1186.5,1186.5,1114
2024-03-28 11:00:00+00:00,1186.75,1189.0,1186.25,1188.5,1578
2024-03-28 12:00:00+00:00,1188.75,1190.75,1187.75,1188.0,2313
2024-03-28 13:00:00+00:00,1188.0,1189.75,1182.0,1185.0,16323
2024-03-28 14:00:00+00:00,1185.25,1188.25,1182.5,1187.5,14266
2024-03-28 15:00:00+00:00,1187.25,1187.25,1177.0,1180.0,18464
2024-03-28 16:00:00+00:00,1180.0,1199.5,1178.25,1197.75,48619
2024-03-28 17:00:00+00:00,1197.75,1198.25,1186.75,1189.0,19741
2024-03-28 18:00:00+00:00,1189.0,1192.5,1189.0,1192.0,11310
2024-04-01 00:00:00+00:00,1196.25,1198.0,1191.5,1193.5,2981
2024-04-01 01:00:00+00:00,1193.5,1198.25,1191.0,1197.5,2911
2024-04-01 02:00:00+00:00,1197.75,1199.0,1196.5,1199.0,854
2024-04-01 03:00:00+00:00,1198.75,1199.0,1197.0,1197.25,381
2024-04-01 04:00:00+00:00,1197.5,1197.5,1195.75,1197.25,673
2024-04-01 05:00:00+00:00,1197.5,1197.5,1196.0,1197.25,241
2024-04-01 06:00:00+00:00,1197.5,1201.75,1197.5,1201.25,2787
2024-04-01 07:00:00+00:00,1201.5,1214.25,1198.5,1198.75,1031
2024-04-01 08:00:00+00:00,1198.75,1212.75,1196.75,1196.75,1024
2024-04-01 09:00:00+00:00,1210.25,1211.0,1196.25,1197.5,529
2024-04-01 10:00:00+00:00,1211.25,1212.25,1196.5,1199.0,332
2024-04-01 11:00:00+00:00,1198.75,1212.0,1195.5,1210.75,0
2024-04-01 12:00:00+00:00,1197.0,1211.5,1193.5,1208.5,1211
2024-04-01 13:00:00+00:00,1208.0,1211.25,1187.75,1194.75,25753
2024-04-01 14:00:00+00:00,1208.5,1208.5,1184.5,1185.25,15730
2024-04-01 15:00:00+00:00,1185.0,1201.25,1181.5,1200.75,0
2024-04-01 16:00:00+00:00,1186.5,1203.0,1183.75,1184.0,32485
2024-04-01 17:00:00+00:00,1184.0,1201.5,1183.25,1187.25,9490
2024-04-01 18:00:00+00:00,1187.25,1200.75,1184.5,1185.5,11252
2024-04-02 00:00:00+00:00,1199.5,1202.5,1184.25,1188.25,0
2024-04-02 01:00:00+00:00,1188.0,1203.75,1186.5,1202.5,195
2024-04-02 02:00:00+00:00,1203.0,1203.0,1199.5,1202.0,307
2024-04-02 03:00:00+00:00,1202.25,1203.0,1200.75,1201.25,137
2024-04-02 04:00:00+00:00,1201.0,1201.5,1200.5,1201.0,55
2024-04-02 05:00:00+00:00,1201.0,1201.0,1198.5,1199.0,143
2024-04-02 06:00:00+00:00,1199.0,1200.5,1198.5,1200.0,183
2024-04-02 07:00:00+00:00,1199.25,1199.25,1197.0,1198.0,208
2024-04-02 08:00:00+00:00,1197.75,1198.0,1196.25,1197.0,2092
2024-04-02 09:00:00+00:00,1197.0,1201.25,1196.75,1200.75,973
2024-04-02 10:00:00+00:00,1200.75,1203.0,1200.5,1202.25,516
2024-04-02 11:00:00+00:00,1202.25,1203.5,1198.25,1200.0,1889
2024-04-02 12:00:00+00:00,1200.5,1204.0,1200.5,1201.0,3590
2024-04-02 13:00:00+00:00,1201.0,1209.25,1199.25,1206.75,11549
2024-04-02 14:00:00+00:00,1206.75,1212.5,1203.5,1204.75,20417
2024-04-02 15:00:00+00:00,1204.75,1205.25,1199.25,1202.25,8635
2024-04-02 16:00:00+00:00,1202.5,1202.75,1194.75,1198.25,13226
2024-04-02 17:00:00+00:00,1198.0,1199.25,1184.75,1187.75,21365
2024-04-02 18:00:00+00:00,1187.75,1189.75,1187.25,1189.0,8892
2024-04-03 00:00:00+00:00,1189.0,1189.25,1184.25,1184.5,0
2024-04-03 01:00:00+00:00,1184.75,1187.5,1182.75,1186.25,3507
2024-04-03 02:00:00+00:00,1186.0,1187.25,1185.75,1186.0,260
2024-04-03 03:00:00+00:00,1186.0,1188.75,1186.0,1188.75,1386
2024-04-03 04:00:00+00:00,1188.25,1189.0,1187.0,1187.25,224
2024-04-03 05:00:00+00:00,1187.0,1188.0,1186.25,1187.5,242
2024-04-03 06:00:00+00:00,1187.25,1191.75,1187.0,1191.75,1285
2024-04-03 07:00:00+00:00,1191.5,1191.75,1189.25,1189.5,804
2024-04-03 08:00:00+00:00,1189.25,1190.25,1187.75,1188.0,473
2024-04-03 09:00:00+00:00,1188.25,1189.5,1185.25,1186.0,2829
2024-04-03 10:00:00+00:00,1185.5,1190.5,1184.75,1190.5,2011
2024-04-03 11:00:00+00:00,1190.0,1193.5,1189.5,1193.0,2365
2024-04-03 12:00:00+00:00,1193.25,1193.25,1189.5,1190.25,2316
2024-04-03 13:00:00+00:00,1190.0,1191.25,1182.75,1184.5,14070
2024-04-03 14:00:00+00:00,1184.5,1188.75,1183.25,1183.5,16153
2024-04-03 15:00:00+00:00,1183.5,1186.5,1182.25,1184.75,15740
2024-04-03 16:00:00+00:00,1184.75,1197.75,1183.75,1197.5,11393
2024-04-03 17:00:00+00:00,1197.25,1200.0,1194.75,1195.0,13664
2024-04-03 18:00:00+00:00,1195.25,1196.75,1194.0,1196.25,5637
2024-04-04 00:00:00+00:00,1195.25,1198.5,1195.25,1198.25,0
2024-04-04 01:00:00+00:00,1198.25,1199.5,1197.75,1198.5,951
2024-04-04 02:00:00+00:00,1198.0,1198.0,1196.5,1197.0,209
2024-04-04 03:00:00+00:00,1197.0,1197.5,1196.0,1197.0,126
2024-04-04 04:00:00+00:00,1196.0,1197.5,1195.75,1196.5,173
2024-04-04 05:00:00+00:00,1196.75,1198.5,1196.5,1198.25,50
2024-04-04 06:00:00+00:00,1198.25,1198.25,1194.25,1194.25,397
2024-04-04 07:00:00+00:00,1194.25,1197.0,1194.25,1196.0,462
2024-04-04 08:00:00+00:00,1195.75,1198.0,1195.75,1197.5,1446
2024-04-04 09:00:00+00:00,1197.75,1198.0,1194.25,1195.5,2044
2024-04-04 10:00:00+00:00,1195.25,1196.0,1193.75,1195.25,597
2024-04-04 11:00:00+00:00,1195.25,1197.0,1192.25,1193.0,1124
2024-04-04 12:00:00+00:00,1192.75,1193.25,1187.5,1188.25,2770
2024-04-04 13:00:00+00:00,1186.5,1189.75,1183.5,1188.25,15323
2024-04-04 14:00:00+00:00,1188.25,1193.5,1188.25,1191.25,9579
2024-04-04 15:00:00+00:00,1191.0,1192.75,1187.75,1189.5,5235
2024-04-04 16:00:00+00:00,1189.25,1189.25,1186.25,1187.25,8947
2024-04-04 17:00:00+00:00,1187.5,1192.0,1187.0,1191.75,9282
2024-04-04 18:00:00+00:00,1192.0,1193.75,1191.75,1193.0,6839
2024-04-05 00:00:00+00:00,1190.25,1192.5,1188.75,1188.75,0
2024-04-05 01:00:00+00:00,1188.75,1189.25,1187.25,1187.25,125
2024-04-05 02:00:00+00:00,1187.25,1187.75,1187.0,1187.5,125
2024-04-05 03:00:00+00:00,1187.25,1188.0,1187.25,1188.0,178
2024-04-05 04:00:00+00:00,1188.0,1188.0,1186.5,1187.0,366
2024-04-05 05:00:00+00:00,1187.0,1187.25,1186.5,1187.0,134
2024-04-05 06:00:00+00:00,1187.0,1187.5,1186.5,1187.0,237
2024-04-05 07:00:00+00:00,1187.0,1187.75,1186.0,1186.0,1040
2024-04-05 08:00:00+00:00,1186.0,1186.5,1185.0,1186.25,245
2024-04-05 09:00:00+00:00,1186.5,1188.5,1185.75,1188.5,779
2024-04-05 10:00:00+00:00,1188.5,1193.75,1188.5,1193.75,2008
2024-04-05 11:00:00+00:00,1193.75,1196.0,1192.75,1194.25,3006
2024-04-05 12:00:00+00:00,1194.25,1195.5,1190.25,1190.5,999
2024-04-05 13:00:00+00:00,1191.5,1198.75,1190.0,1195.25,25451
2024-04-05 14:00:00+00:00,1195.25,1199.0,1193.0,1198.5,20550
2024-04-05 15:00:00+00:00,1198.5,1199.75,1193.25,1195.5,9268
2024-04-05 16:00:00+00:00,1195.5,1202.25,1195.5,1200.25,11115
2024-04-05 17:00:00+00:00,1200.25,1200.25,1195.5,1197.0,12665
2024-04-05 18:00:00+00:00,1197.0,1198.5,1194.75,1198.5,8431
2024-04-08 00:00:00+00:00,1198.5,1199.75,1195.0,1197.5,2478
2024-04-08 01:00:00+00:00,1197.0,1198.0,1195.0,1198.0,905
2024-04-08 02:00:00+00:00,1198.25,1201.0,1197.75,1200.5,583
2024-04-08 03:00:00+00:00,1200.0,1201.0,1198.5,1199.25,172
2024-04-08 04:00:00+00:00,1199.5,1200.5,1199.5,1200.0,847
2024-04-08 05:00:00+00:00,1199.75,1201.25,1198.0,1198.75,428
2024-04-08 06:00:00+00:00,1198.5,1198.75,1195.75,1196.5,742
2024-04-08 07:00:00+00:00,1196.25,1198.0,1195.75,1197.0,249
2024-04-08 08:00:00+00:00,1197.0,1197.75,1194.25,1196.75,761
2024-04-08 09:00:00+00:00,1197.25,1197.5,1193.75,1195.5,285
2024-04-08 10:00:00+00:00,1195.0,1197.0,1194.5,1196.25,238
2024-04-08 11:00:00+00:00,1196.5,1198.75,1196.25,1198.5,928
2024-04-08 12:00:00+00:00,1198.25,1201.5,1197.5,1200.25,1188
2024-04-08 13:00:00+00:00,1200.0,1204.25,1196.75,1197.0,20964
2024-04-08 14:00:00+00:00,1197.0,1199.0,1193.5,1194.75,20776
2024-04-08 15:00:00+00:00,1195.0,1199.25,1194.5,1195.0,14157
2024-04-08 16:00:00+00:00,1195.25,1201.0,1195.0,1198.75,10951
2024-04-08 17:00:00+00:00,1199.25,1199.25,1194.5,1194.5,14702
2024-04-08 18:00:00+00:00,1194.5,1195.25,1193.75,1194.0,15067
2024-04-09 00:00:00+00:00,1194.25,1194.25,1191.0,1193.25,0
2024-04-09 01:00:00+00:00,1193.0,1194.25,1191.75,1193.0,240
2024-04-09 02:00:00+00:00,1192.75,1194.0,1191.25,1194.0,281
2024-04-09 03:00:00+00:00,1194.0,1197.0,1194.0,1194.75,205
2024-04-09 04:00:00+00:00,1194.75,1195.25,1193.75,1194.0,43
2024-04-09 05:00:00+00:00,1194.0,1194.5,1193.25,1193.25,3040
2024-04-09 06:00:00+00:00,1193.0,1197.5,1193.0,1195.75,3291
2024-04-09 07:00:00+00:00,1195.75,1196.5,1194.0,1194.25,462
2024-04-09 08:00:00+00:00,1194.0,1195.5,1192.5,1193.25,380
2024-04-09 09:00:00+00:00,1193.0,1194.0,1192.75,1193.0,197
2024-04-09 10:00:00+00:00,1193.25,1193.5,1190.25,1190.75,1780
2024-04-09 11:00:00+00:00,1191.0,1191.5,1189.75,1190.0,1280
2024-04-09 12:00:00+00:00,1190.0,1191.5,1189.0,1190.5,1127
2024-04-09 13:00:00+00:00,1190.75,1190.75,1186.5,1188.0,19763
2024-04-09 14:00:00+00:00,1188.0,1191.75,1185.5,1186.0,12451
2024-04-09 15:00:00+00:00,1185.75,1197.5,1185.75,1194.0,11890
2024-04-09 16:00:00+00:00,1194.25,1194.25,1189.25,1190.75,4997
2024-04-09 17:00:00+00:00,1190.5,1191.5,1186.5,1187.75,10477
2024-04-09 18:00:00+00:00,1188.0,1188.5,1186.5,1187.75,12367
2024-04-10 00:00:00+00:00,1186.75,1192.75,1186.75,1192.75,0
2024-04-10 01:00:00+00:00,1192.75,1193.25,1190.0,1191.0,676
2024-04-10 02:00:00+00:00,1191.0,1193.25,1190.0,1192.5,180
2024-04-10 03:00:00+00:00,1192.75,1193.25,1192.0,1192.0,50
2024-04-10 04:00:00+00:00,1192.25,1192.5,1192.0,1192.5,19
2024-04-10 05:00:00+00:00,1192.25,1192.5,1190.0,1190.5,552
2024-04-10 06:00:00+00:00,1190.75,1192.0,1190.0,1190.5,455
2024-04-10 07:00:00+00:00,1190.0,1191.25,1189.5,1191.25,185
2024-04-10 08:00:00+00:00,1191.0,1192.5,1188.75,1192.25,379
2024-04-10 09:00:00+00:00,1192.0,1193.0,1191.25,1191.5,981
2024-04-10 10:00:00+00:00,1191.5,1191.75,1190.0,1190.5,877
2024-04-10 11:00:00+00:00,1190.5,1191.25,1188.5,1188.75,288
2024-04-10 12:00:00+00:00,1188.75,1190.5,1186.5,1187.0,1695
2024-04-10 13:00:00+00:00,1186.25,1187.5,1180.25,1180.75,29840
2024-04-10 14:00:00+00:00,1180.5,1183.75,1178.0,1179.25,18490
2024-04-10 15:00:00+00:00,1179.25,1182.75,1177.25,1179.75,13124
2024-04-10 16:00:00+00:00,1179.75,1181.75,1177.75,1179.25,6064
2024-04-10 17:00:00+00:00,1179.25,1181.5,1176.25,1178.25,10227
2024-04-10 18:00:00+00:00,1178.25,1179.0,1176.75,1177.25,16693
2024-04-11 00:00:00+00:00,1177.0,1178.0,1175.75,1176.75,0
2024-04-11 01:00:00+00:00,1176.5,1179.75,1176.25,1178.25,1248
2024-04-11 02:00:00+00:00,1178.25,1179.0,1177.5,1177.75,312
2024-04-11 03:00:00+00:00,1177.5,1178.5,1177.25,1177.75,99
2024-04-11 04:00:00+00:00,1177.5,1178.0,1176.5,1177.0,222
2024-04-11 05:00:00+00:00,1177.0,1177.25,1175.75,1176.0,264
2024-04-11 06:00:00+00:00,1176.0,1176.75,1175.5,1175.75,184
2024-04-11 07:00:00+00:00,1175.75,1176.75,1174.75,1176.5,1082
2024-04-11 08:00:00+00:00,1176.75,1177.25,1175.25,1175.25,1023
2024-04-11 09:00:00+00:00,1174.75,1176.5,1173.75,1176.25,976
2024-04-11 10:00:00+00:00,1176.5,1176.75,1174.25,1175.0,711
2024-04-11 11:00:00+00:00,1175.25,1175.25,1171.75,1172.5,3479
2024-04-11 12:00:00+00:00,1172.75,1177.25,1172.5,1175.25,2353
2024-04-11 13:00:00+00:00,1176.25,1177.25,1172.75,1175.0,15346
2024-04-11 14:00:00+00:00,1174.75,1176.75,1172.0,1173.5,18311
2024-04-11 15:00:00+00:00,1173.5,1174.0,1168.75,1171.75,11296
2024-04-11 16:00:00+00:00,1171.5,1177.5,1163.75,1174.0,25576
2024-04-11 17:00:00+00:00,1174.0,1176.75,1170.0,1170.25,12438
2024-04-11 18:00:00+00:00,1170.5,1173.25,1170.0,1173.0,0
2024-04-12 00:00:00+00:00,1170.5,1172.25,1168.5,1169.5,1623
2024-04-12 01:00:00+00:00,1170.0,1170.25,1167.0,1168.5,473
2024-04-12 02:00:00+00:00,1168.75,1170.25,1168.75,1170.0,70
2024-04-12 03:00:00+00:00,1170.0,1170.75,1169.0,1169.25,105
2024-04-12 04:00:00+00:00,1169.5,1169.5,1168.0,1168.75,83
2024-04-12 05:00:00+00:00,1168.5,1170.25,1168.25,1170.0,256
2024-04-12 06:00:00+00:00,1169.75,1172.5,1169.5,1172.0,1120
2024-04-12 07:00:00+00:00,1171.75,1173.0,1170.0,1170.75,705
2024-04-12 08:00:00+00:00,1170.75,1175.0,1170.5,1174.25,1923
2024-04-12 09:00:00+00:00,1174.25,1176.0,1173.5,1175.25,1675
2024-04-12 10:00:00+00:00,1175.25,1177.0,1175.25,1175.25,738
2024-04-12 11:00:00+00:00,1175.0,1180.0,1173.75,1179.0,2333
2024-04-12 12:00:00+00:00,1179.25,1179.25,1174.25,1174.75,1983
2024-04-12 13:00:00+00:00,1175.75,1188.75,1175.25,1188.75,27688
2024-04-12 14:00:00+00:00,1188.75,1192.75,1184.25,1184.75,28825
2024-04-12 15:00:00+00:00,1184.75,1184.75,1177.5,1182.0,10483
2024-04-12 16:00:00+00:00,1182.0,1184.25,1180.25,1182.25,6696
2024-04-12 17:00:00+00:00,1182.25,1183.75,1180.75,1183.0,7741
2024-04-12 18:00:00+00:00,1182.75,1187.25,1182.75,1184.5,12151
2024-04-15 00:00:00+00:00,1185.25,1188.5,1185.0,1186.5,1715
2024-04-15 01:00:00+00:00,1185.25,1187.0,1183.75,1185.25,1074
2024-04-15 02:00:00+00:00,1185.5,1187.0,1184.25,1186.5,184
2024-04-15 03:00:00+00:00,1186.5,1187.5,1186.0,1186.0,86
2024-04-15 04:00:00+00:00,1185.75,1186.0,1185.0,1185.75,38
2024-04-15 05:00:00+00:00,1185.75,1186.0,1184.75,1185.25,129
2024-04-15 06:00:00+00:00,1184.25,1184.75,1181.0,1181.5,1014
2024-04-15 07:00:00+00:00,1181.25,1182.75,1180.75,1182.0,1963
2024-04-15 08:00:00+00:00,1182.25,1183.0,1181.25,1182.75,1221
2024-04-15 09:00:00+00:00,1182.25,1182.5,1180.75,1182.25,542
2024-04-15 10:00:00+00:00,1182.5,1183.75,1182.5,1183.75,509
2024-04-15 11:00:00+00:00,1183.75,1186.75,1182.75,1183.0,785
2024-04-15 12:00:00+00:00,1182.75,1183.75,1179.25,1181.5,2104
2024-04-15 13:00:00+00:00,1181.25,1181.75,1171.75,1172.5,15433
2024-04-15 14:00:00+00:00,1172.5,1175.75,1169.75,1173.75,16368
2024-04-15 15:00:00+00:00,1173.5,1177.0,1172.25,1173.75,9098
2024-04-15 16:00:00+00:00,1173.5,1176.0,1172.0,1172.5,7978
2024-04-15 17:00:00+00:00,1172.75,1174.5,1169.0,1173.0,11913
2024-04-15 18:00:00+00:00,1173.0,1174.0,1171.0,1172.25,12706
2024-04-16 00:00:00+00:00,1171.5,1173.0,1169.0,1171.0,0
2024-04-16 01:00:00+00:00,1171.0,1177.25,1171.0,1176.5,5071
2024-04-16 02:00:00+00:00,1176.75,1177.25,1174.75,1175.0,2355
2024-04-16 03:00:00+00:00,1175.0,1176.0,1173.75,1174.25,692
2024-04-16 04:00:00+00:00,1174.0,1174.25,1173.5,1174.0,57
2024-04-16 05:00:00+00:00,1173.75,1174.25,1172.75,1173.25,258
2024-04-16 06:00:00+00:00,1173.0,1173.75,1170.25,1171.0,760
2024-04-16 07:00:00+00:00,1171.25,1172.75,1169.25,1169.5,954
2024-04-16 08:00:00+00:00,1169.75,1172.5,1168.0,1170.25,1207
2024-04-16 09:00:00+00:00,1170.0,1171.25,1168.75,1170.25,1254
2024-04-16 10:00:00+00:00,1170.25,1173.0,1168.5,1173.0,837
2024-04-16 11:00:00+00:00,1173.0,1173.5,1171.25,1171.25,1599
2024-04-16 12:00:00+00:00,1171.5,1171.5,1167.75,1169.75,1870
2024-04-16 13:00:00+00:00,1168.5,1171.5,1166.5,1171.0,15143
2024-04-16 14:00:00+00:00,1171.0,1171.5,1161.75,1162.25,24619
2024-04-16 15:00:00+00:00,1162.25,1167.5,1161.75,1162.5,14579
2024-04-16 16:00:00+00:00,1162.5,1163.5,1158.75,1158.75,16336
2024-04-16 17:00:00+00:00,1158.75,1162.5,1158.0,1159.75,12296
2024-04-16 18:00:00+00:00,1160.0,1161.5,1159.25,1160.25,16632
2024-04-17 00:00:00+00:00,1160.5,1162.5,1159.75,1161.25,0
2024-04-17 01:00:00+00:00,1161.25,1162.0,1158.25,1159.75,603
2024-04-17 02:00:00+00:00,1159.75,1161.25,1158.25,1160.25,2130
2024-04-17 03:00:00+00:00,1160.0,1160.25,1159.25,1159.75,1232
2024-04-17 04:00:00+00:00,1160.0,1160.0,1159.0,1159.25,159
2024-04-17 05:00:00+00:00,1159.5,1159.75,1157.5,1158.0,474
2024-04-17 06:00:00+00:00,1158.25,1158.25,1157.0,1158.0,939
2024-04-17 07:00:00+00:00,1157.75,1158.0,1156.75,1157.5,867
2024-04-17 08:00:00+00:00,1157.75,1159.5,1157.25,1158.75,753
2024-04-17 09:00:00+00:00,1159.0,1160.25,1158.5,1159.75,841
2024-04-17 10:00:00+00:00,1160.25,1161.25,1159.25,1159.25,2442
2024-04-17 11:00:00+00:00,1159.25,1161.0,1158.25,1160.75,924
2024-04-17 12:00:00+00:00,1160.5,1162.25,1158.0,1159.0,2112
2024-04-17 13:00:00+00:00,1159.0,1166.0,1157.0,1165.0,17047
2024-04-17 14:00:00+00:00,1165.0,1168.0,1162.5,1166.0,14750
2024-04-17 15:00:00+00:00,1166.0,1169.5,1163.5,1164.0,13822
2024-04-17 16:00:00+00:00,1164.0,1164.5,1161.0,1164.25,9931
2024-04-17 17:00:00+00:00,1164.0,1165.75,1163.25,1164.0,6976
2024-04-17 18:00:00+00:00,1164.25,1164.75,1163.25,1163.75,0
2024-04-18 00:00:00+00:00,1164.0,1164.25,1162.0,1163.5,4879
2024-04-18 01:00:00+00:00,1163.75,1164.25,1161.0,1161.0,882
2024-04-18 02:00:00+00:00,1161.0,1164.25,1161.0,1164.0,556
2024-04-18 03:00:00+00:00,1164.0,1164.5,1163.5,1164.0,255
2024-04-18 04:00:00+00:00,1163.75,1164.25,1163.25,1163.25,97
2024-04-18 05:00:00+00:00,1163.25,1163.5,1162.0,1162.0,633
2024-04-18 06:00:00+00:00,1162.0,1164.0,1162.0,1163.0,486
2024-04-18 07:00:00+00:00,1163.0,1163.5,1159.75,1160.25,1237
2024-04-18 08:00:00+00:00,1160.0,1161.0,1159.25,1160.0,781
2024-04-18 09:00:00+00:00,1159.75,1160.75,1159.25,1159.75,3010
2024-04-18 10:00:00+00:00,1159.75,1160.25,1157.5,1157.5,2011
2024-04-18 11:00:00+00:00,1157.5,1158.0,1156.0,1156.5,1695
2024-04-18 12:00:00+00:00,1156.75,1157.25,1154.25,1156.25,3593
2024-04-18 13:00:00+00:00,1158.0,1158.75,1152.75,1157.0,17655
2024-04-18 14:00:00+00:00,1157.0,1160.75,1154.75,1156.25,16525
2024-04-18 15:00:00+00:00,1156.0,1156.0,1152.0,1153.0,13135
2024-04-18 16:00:00+00:00,1153.0,1154.75,1150.75,1152.0,13831
2024-04-18 17:00:00+00:00,1152.25,1153.25,1150.75,1150.75,8567
2024-04-18 18:00:00+00:00,1150.75,1150.75,1147.75,1148.0,15456
2024-04-19 00:00:00+00:00,1148.25,1148.75,1145.75,1146.75,0
2024-04-19 01:00:00+00:00,1146.75,1154.5,1146.5,1154.5,4447
2024-04-19 02:00:00+00:00,1154.5,1158.5,1153.75,1157.0,3919
2024-04-19 03:00:00+00:00,1157.0,1157.5,1154.5,1154.75,1167
2024-04-19 04:00:00+00:00,1155.0,1155.5,1153.75,1153.75,537
2024-04-19 05:00:00+00:00,1154.0,1155.75,1153.0,1155.25,885
2024-04-19 06:00:00+00:00,1155.5,1157.0,1154.25,1155.0,1514
2024-04-19 07:00:00+00:00,1154.75,1155.0,1152.5,1153.25,960
2024-04-19 08:00:00+00:00,1153.25,1153.25,1152.0,1152.5,965
2024-04-19 09:00:00+00:00,1152.25,1154.0,1151.5,1152.25,1116
2024-04-19 10:00:00+00:00,1152.5,1152.5,1150.75,1150.75,3050
2024-04-19 11:00:00+00:00,1150.75,1151.75,1148.75,1149.0,3087
2024-04-19 12:00:00+00:00,1149.0,1152.5,1148.5,1151.25,2959
2024-04-19 13:00:00+00:00,1152.5,1156.75,1150.5,1150.5,15075
2024-04-19 14:00:00+00:00,1150.25,1161.75,1150.25,1160.25,20711
2024-04-19 15:00:00+00:00,1160.25,1165.0,1160.25,1163.75,14842
2024-04-19 16:00:00+00:00,1163.75,1166.5,1160.75,1166.25,13196
2024-04-19 17:00:00+00:00,1166.5,1168.0,1164.0,1166.0,15777
2024-04-19 18:00:00+00:00,1166.0,1166.25,1164.25,1165.5,15790
2024-04-22 00:00:00+00:00,1162.5,1169.25,1162.5,1164.5,2480
2024-04-22 01:00:00+00:00,1164.25,1165.25,1162.5,1164.75,1469
2024-04-22 02:00:00+00:00,1164.75,1165.25,1161.25,1161.25,820
2024-04-22 03:00:00+00:00,1161.25,1162.75,1160.75,1162.25,760
2024-04-22 04:00:00+00:00,1162.0,1162.0,1161.5,1161.75,184
2024-04-22 05:00:00+00:00,1161.75,1162.5,1161.0,1161.25,816
2024-04-22 06:00:00+00:00,1161.5,1162.5,1161.0,1161.5,1243
2024-04-22 07:00:00+00:00,1161.25,1161.25,1160.25,1160.25,1148
2024-04-22 08:00:00+00:00,1160.25,1162.0,1159.75,1161.5,2809
2024-04-22 09:00:00+00:00,1161.25,1162.0,1159.75,1160.0,1639
2024-04-22 10:00:00+00:00,1160.25,1164.25,1160.0,1162.5,1106
2024-04-22 11:00:00+00:00,1162.75,1163.75,1161.5,1161.75,1354
2024-04-22 12:00:00+00:00,1162.0,1164.5,1161.0,1161.5,2082
2024-04-22 13:00:00+00:00,1162.75,1168.5,1159.75,1167.0,15175
2024-04-22 14:00:00+00:00,1167.25,1173.25,1166.25,1172.25,26981
2024-04-22 15:00:00+00:00,1172.0,1178.5,1170.75,1173.5,30303
2024-04-22 16:00:00+00:00,1173.75,1180.5,1172.75,1179.75,21324
2024-04-22 17:00:00+00:00,1179.75,1182.25,1178.25,1179.0,17157
2024-04-22 18:00:00+00:00,1179.0,1179.5,1175.25,1176.75,14085
2024-04-23 00:00:00+00:00,1176.5,1178.5,1173.25,1177.75,0
2024-04-23 01:00:00+00:00,1177.75,1179.5,1176.0,1179.25,1446
2024-04-23 02:00:00+00:00,1179.25,1184.25,1178.5,1183.25,9757
2024-04-23 03:00:00+00:00,1183.25,1183.5,1179.5,1181.0,1095
2024-04-23 04:00:00+00:00,1181.0,1181.25,1180.0,1180.25,163
2024-04-23 05:00:00+00:00,1180.5,1181.75,1179.0,1179.5,654
2024-04-23 06:00:00+00:00,1179.5,1180.25,1177.0,1178.25,2685
2024-04-23 07:00:00+00:00,1178.5,1183.25,1178.25,1183.25,3371
2024-04-23 08:00:00+00:00,1183.0,1183.75,1180.75,1181.5,1892
2024-04-23 09:00:00+00:00,1181.75,1181.75,1178.25,1178.25,1107
2024-04-23 10:00:00+00:00,1178.5,1179.25,1177.25,1178.75,633
2024-04-23 11:00:00+00:00,1178.5,1179.5,1175.0,1175.0,2341
2024-04-23 12:00:00+00:00,1175.25,1176.0,1173.25,1173.75,2045
2024-04-23 13:00:00+00:00,1174.5,1182.25,1173.0,1179.0,29289
2024-04-23 14:00:00+00:00,1179.25,1182.75,1175.25,1179.5,22253
2024-04-23 15:00:00+00:00,1179.75,1181.5,1177.75,1180.25,14744
2024-04-23 16:00:00+00:00,1180.25,1181.5,1179.0,1180.75,11863
2024-04-23 17:00:00+00:00,1180.75,1183.25,1179.5,1183.25,18001
2024-04-23 18:00:00+00:00,1183.25,1183.5,1180.75,1181.0,12049
2024-04-24 00:00:00+00:00,1181.0,1184.0,1180.25,1183.5,0
2024-04-24 01:00:00+00:00,1183.25,1186.0,1183.25,1185.5,2336
2024-04-24 02:00:00+00:00,1185.5,1186.0,1183.25,1183.75,983
2024-04-24 03:00:00+00:00,1183.75,1185.5,1183.5,1184.5,589
2024-04-24 04:00:00+00:00,1184.25,1184.75,1183.75,1184.0,211
2024-04-24 05:00:00+00:00,1184.0,1184.5,1183.0,1184.5,829
2024-04-24 06:00:00+00:00,1184.75,1185.0,1182.5,1183.25,2164
2024-04-24 07:00:00+00:00,1183.25,1183.25,1181.75,1182.0,1110
2024-04-24 08:00:00+00:00,1182.0,1182.75,1180.25,1180.25,2157
2024-04-24 09:00:00+00:00,1180.25,1182.0,1179.25,1180.0,2234
2024-04-24 10:00:00+00:00,1180.0,1181.25,1179.25,1180.5,764
2024-04-24 11:00:00+00:00,1180.75,1181.75,1179.5,1181.0,3073
2024-04-24 12:00:00+00:00,1180.75,1185.0,1180.0,1181.75,2910
2024-04-24 13:00:00+00:00,1181.5,1189.5,1180.75,1184.75,24893
2024-04-24 14:00:00+00:00,1185.0,1187.0,1181.5,1186.5,17423
2024-04-24 15:00:00+00:00,1186.5,1191.75,1183.0,1185.0,29638
2024-04-24 16:00:00+00:00,1184.75,1187.25,1182.0,1184.5,17786
2024-04-24 17:00:00+00:00,1184.25,1185.75,1179.25,1180.5,16723
2024-04-24 18:00:00+00:00,1180.75,1182.5,1180.0,1181.25,0
2024-04-25 00:00:00+00:00,1180.25,1180.75,1176.25,1176.5,4108
2024-04-25 01:00:00+00:00,1176.5,1178.0,1175.0,1175.5,2209
2024-04-25 02:00:00+00:00,1175.5,1176.5,1174.5,1174.75,850
2024-04-25 03:00:00+00:00,1174.75,1175.5,1173.25,1174.5,2696
2024-04-25 04:00:00+00:00,1174.5,1174.5,1174.0,1174.0,208
2024-04-25 05:00:00+00:00,1174.25,1174.5,1173.5,1173.75,517
2024-04-25 06:00:00+00:00,1173.75,1176.0,1173.5,1176.0,1974
2024-04-25 07:00:00+00:00,1176.0,1176.25,1173.5,1175.25,785
2024-04-25 08:00:00+00:00,1175.25,1179.25,1175.25,1178.5,2349
2024-04-25 09:00:00+00:00,1178.25,1179.0,1176.0,1177.5,613
2024-04-25 10:00:00+00:00,1177.25,1177.25,1173.25,1174.0,1668
2024-04-25 11:00:00+00:00,1174.0,1177.0,1174.0,1175.75,1175
2024-04-25 12:00:00+00:00,1175.75,1177.5,1172.0,1173.25,4876
2024-04-25 13:00:00+00:00,1172.5,1175.0,1169.0,1174.5,39192
2024-04-25 14:00:00+00:00,1174.75,1175.5,1169.25,1169.5,25591
2024-04-25 15:00:00+00:00,1169.5,1171.75,1166.75,1171.0,16409
2024-04-25 16:00:00+00:00,1171.25,1177.0,1170.0,1176.0,23394
2024-04-25 17:00:00+00:00,1175.75,1183.5,1175.75,1182.25,18338
2024-04-25 18:00:00+00:00,1182.0,1182.25,1178.25,1179.25,19039
2024-04-26 00:00:00+00:00,1179.0,1180.75,1178.0,1179.5,0
2024-04-26 01:00:00+00:00,1179.75,1180.25,1178.5,1179.75,839
2024-04-26 02:00:00+00:00,1180.0,1181.0,1179.0,1179.5,293
2024-04-26 03:00:00+00:00,1179.5,1180.25,1179.0,1180.0,838
2024-04-26 04:00:00+00:00,1179.75,1180.5,1179.0,1179.0,660
2024-04-26 05:00:00+00:00,1179.0,1180.0,1179.0,1180.0,1000
2024-04-26 06:00:00+00:00,1179.75,1180.0,1178.5,1179.0,1400
2024-04-26 07:00:00+00:00,1179.0,1179.5,1177.0,1177.0,777
2024-04-26 08:00:00+00:00,1176.75,1176.75,1175.0,1175.5,2237
2024-04-26 09:00:00+00:00,1175.25,1176.5,1174.75,1175.75,1569
2024-04-26 10:00:00+00:00,1175.5,1176.25,1175.0,1175.0,1189
2024-04-26 11:00:00+00:00,1175.25,1177.75,1172.5,1174.25,2266
2024-04-26 12:00:00+00:00,1174.5,1175.5,1172.5,1175.0,2924
2024-04-26 13:00:00+00:00,1175.25,1180.0,1173.5,1176.25,17708
2024-04-26 14:00:00+00:00,1176.5,1179.5,1175.25,1176.5,21529
2024-04-26 15:00:00+00:00,1176.5,1179.0,1176.0,1177.5,9438
2024-04-26 16:00:00+00:00,1177.5,1178.75,1175.75,1178.0,20272
2024-04-26 17:00:00+00:00,1178.0,1178.0,1172.75,1174.5,16581
2024-04-26 18:00:00+00:00,1174.75,1178.0,1174.0,1177.0,20874
2024-04-29 00:00:00+00:00,1176.0,1180.5,1175.75,1180.25,4822
2024-04-29 01:00:00+00:00,1180.25,1183.75,1176.0,1177.25,3434
2024-04-29 02:00:00+00:00,1177.0,1181.25,1177.0,1181.0,875
2024-04-29 03:00:00+00:00,1180.75,1180.75,1179.75,1180.0,298
2024-04-29 04:00:00+00:00,1180.0,1181.25,1179.75,1181.25,582
2024-04-29 05:00:00+00:00,1181.0,1181.75,1180.25,1181.5,417
2024-04-29 06:00:00+00:00,1181.5,1181.75,1179.0,1179.0,642
2024-04-29 07:00:00+00:00,1179.0,1179.75,1178.0,1178.25,1517
2024-04-29 08:00:00+00:00,1178.5,1181.75,1178.25,1181.0,1306
2024-04-29 09:00:00+00:00,1181.0,1182.75,1178.75,1182.25,1404
2024-04-29 10:00:00+00:00,1182.0,1182.5,1181.5,1182.25,1013
2024-04-29 11:00:00+00:00,1182.5,1183.5,1181.5,1182.5,2975
2024-04-29 12:00:00+00:00,1182.75,1187.0,1181.5,1182.0,5427
2024-04-29 13:00:00+00:00,1182.25,1189.5,1181.75,1183.5,27461
2024-04-29 14:00:00+00:00,1183.5,1184.0,1177.25,1180.25,29979
2024-04-29 15:00:00+00:00,1180.5,1181.5,1175.0,1178.0,17009
2024-04-29 16:00:00+00:00,1178.0,1189.0,1177.75,1188.75,21146
2024-04-29 17:00:00+00:00,1188.75,1190.25,1183.5,1183.75,27118
2024-04-29 18:00:00+00:00,1183.75,1184.0,1180.75,1183.5,16675
2024-04-30 00:00:00+00:00,1182.0,1184.0,1176.0,1177.5,0
2024-04-30 01:00:00+00:00,1177.5,1178.0,1176.0,1176.5,1758
2024-04-30 02:00:00+00:00,1176.5,1177.0,1174.0,1174.75,1818
2024-04-30 03:00:00+00:00,1174.75,1175.25,1173.75,1174.25,477
2024-04-30 04:00:00+00:00,1174.5,1174.5,1174.0,1174.25,302
2024-04-30 05:00:00+00:00,1174.0,1174.25,1172.5,1173.75,1212
2024-04-30 06:00:00+00:00,1173.75,1179.25,1173.5,1179.0,3033
2024-04-30 07:00:00+00:00,1179.0,1179.5,1176.5,1177.75,2021
2024-04-30 08:00:00+00:00,1177.5,1181.0,1177.0,1179.5,1847
2024-04-30 09:00:00+00:00,1179.25,1182.5,1179.25,1180.25,1819
2024-04-30 10:00:00+00:00,1180.0,1183.5,1179.75,1182.5,1302
2024-04-30 11:00:00+00:00,1182.0,1183.0,1179.25,1180.25,1840
2024-04-30 12:00:00+00:00,1180.25,1180.5,1177.0,1178.25,3804
2024-04-30 13:00:00+00:00,1177.5,1180.0,1171.0,1171.5,18317
2024-04-30 14:00:00+00:00,1171.75,1172.25,1161.0,1161.5,36187
2024-04-30 15:00:00+00:00,1162.25,1165.75,1161.25,1164.25,16319
2024-04-30 16:00:00+00:00,1164.5,1164.5,1158.75,1160.0,17207
2024-04-30 17:00:00+00:00,1160.0,1164.75,1159.75,1163.25,11576
2024-04-30 18:00:00+00:00,1163.25,1165.0,1162.5,1162.5,11162
2024-05-01 00:00:00+00:00,1161.0,1161.0,1156.25,1158.0,0
2024-05-01 01:00:00+00:00,1158.0,1159.0,1157.75,1158.75,464
2024-05-01 02:00:00+00:00,1158.5,1159.25,1158.25,1159.25,859
2024-05-01 03:00:00+00:00,1159.0,1159.0,1158.5,1158.5,264
2024-05-01 04:00:00+00:00,1158.75,1159.75,1158.5,1159.5,145
2024-05-01 05:00:00+00:00,1159.5,1159.5,1157.5,1157.5,396
2024-05-01 06:00:00+00:00,1157.75,1159.25,1157.25,1158.0,1343
2024-05-01 07:00:00+00:00,1158.0,1158.5,1157.5,1158.0,566
2024-05-01 08:00:00+00:00,1158.0,1158.5,1157.0,1157.75,830
2024-05-01 09:00:00+00:00,1158.0,1158.25,1156.25,1156.25,633
2024-05-01 10:00:00+00:00,1156.5,1159.0,1156.25,1156.75,910
2024-05-01 11:00:00+00:00,1157.0,1159.0,1157.0,1157.5,1215
2024-05-01 12:00:00+00:00,1157.75,1161.75,1157.75,1160.5,2616
2024-05-01 13:00:00+00:00,1161.25,1166.5,1160.5,1165.75,12523
2024-05-01 14:00:00+00:00,1165.75,1167.75,1163.0,1165.25,14974
2024-05-01 15:00:00+00:00,1165.0,1171.5,1163.75,1169.0,18635
2024-05-01 16:00:00+00:00,1169.0,1169.5,1165.0,1168.25,8856
2024-05-01 17:00:00+00:00,1168.5,1171.5,1166.0,1171.0,7935
2024-05-01 18:00:00+00:00,1171.0,1171.25,1168.75,1169.75,7614
2024-05-02 00:00:00+00:00,1170.25,1178.5,1170.25,1176.0,0
2024-05-02 01:00:00+00:00,1176.0,1177.75,1175.25,1175.25,1388
2024-05-02 02:00:00+00:00,1175.25,1176.5,1175.25,1175.5,502
2024-05-02 03:00:00+00:00,1175.75,1176.75,1175.0,1176.0,286
2024-05-02 04:00:00+00:00,1176.0,1178.25,1176.0,1177.75,480
2024-05-02 05:00:00+00:00,1177.75,1178.5,1177.5,1177.75,619
2024-05-02 06:00:00+00:00,1177.5,1179.0,1177.5,1178.5,828
2024-05-02 07:00:00+00:00,1178.5,1181.75,1178.0,1181.75,2379
2024-05-02 08:00:00+00:00,1182.0,1183.0,1180.5,1182.0,3996
2024-05-02 09:00:00+00:00,1181.5,1182.75,1180.5,1181.25,1879
2024-05-02 10:00:00+00:00,1181.0,1181.75,1179.75,1179.75,2095
2024-05-02 11:00:00+00:00,1179.5,1185.5,1179.5,1183.75,4053
2024-05-02 12:00:00+00:00,1183.5,1185.75,1183.0,1183.75,3221
2024-05-02 13:00:00+00:00,1183.5,1188.0,1180.25,1187.5,21045
2024-05-02 14:00:00+00:00,1187.5,1192.0,1186.25,1189.5,29091
2024-05-02 15:00:00+00:00,1189.5,1191.5,1186.25,1190.5,17081
2024-05-02 16:00:00+00:00,1190.5,1201.75,1190.25,1196.5,40587
2024-05-02 17:00:00+00:00,1196.5,1200.25,1194.75,1197.75,21700
2024-05-02 18:00:00+00:00,1197.75,1201.0,1196.25,1200.0,17931
2024-05-03 00:00:00+00:00,1198.25,1202.0,1197.75,1199.5,0
2024-05-03 01:00:00+00:00,1199.25,1202.25,1199.0,1201.0,1360
2024-05-03 02:00:00+00:00,1201.25,1207.25,1200.0,1206.5,4702
2024-05-03 03:00:00+00:00,1206.5,1207.0,1204.5,1205.25,1164
2024-05-03 04:00:00+00:00,1205.25,1207.0,1205.0,1206.5,606
2024-05-03 05:00:00+00:00,1206.25,1208.5,1205.75,1207.0,1942
2024-05-03 06:00:00+00:00,1206.75,1208.75,1206.0,1208.5,1108
2024-05-03 07:00:00+00:00,1208.5,1212.5,1204.75,1205.5,5103
2024-05-03 08:00:00+00:00,1205.75,1205.75,1202.5,1204.25,3842
2024-05-03 09:00:00+00:00,1204.25,1210.0,1204.0,1207.25,3468
2024-05-03 10:00:00+00:00,1207.25,1208.75,1205.75,1207.0,1280
2024-05-03 11:00:00+00:00,1207.0,1211.75,1205.75,1211.5,2988
2024-05-03 12:00:00+00:00,1211.25,1212.0,1205.0,1209.0,5917
2024-05-03 13:00:00+00:00,1208.75,1213.75,1205.25,1212.5,24114
2024-05-03 14:00:00+00:00,1212.75,1214.75,1205.0,1208.5,24541
2024-05-03 15:00:00+00:00,1208.0,1208.75,1202.5,1204.0,16957
2024-05-03 16:00:00+00:00,1204.25,1209.0,1203.5,1208.75,14225
2024-05-03 17:00:00+00:00,1209.0,1215.25,1208.5,1213.75,23525
2024-05-03 18:00:00+00:00,1213.75,1216.5,1212.75,1216.25,15325
2024-05-06 00:00:00+00:00,1214.75,1219.0,1210.75,1212.0,5447
2024-05-06 01:00:00+00:00,1211.75,1213.5,1208.75,1209.75,2893
2024-05-06 02:00:00+00:00,1209.75,1210.0,1208.75,1208.75,881
2024-05-06 03:00:00+00:00,1208.75,1209.25,1208.0,1208.25,433
2024-05-06 04:00:00+00:00,1208.25,1208.5,1208.0,1208.25,338
2024-05-06 05:00:00+00:00,1208.25,1208.75,1208.0,1208.5,888
2024-05-06 06:00:00+00:00,1208.5,1208.75,1207.25,1208.25,1763
2024-05-06 07:00:00+00:00,1208.0,1209.5,1207.75,1207.75,1591
2024-05-06 08:00:00+00:00,1208.0,1210.0,1207.0,1209.75,1720
2024-05-06 09:00:00+00:00,1210.0,1210.25,1209.5,1210.0,1928
2024-05-06 10:00:00+00:00,1210.25,1213.25,1208.0,1213.25,2157
2024-05-06 11:00:00+00:00,1213.0,1214.25,1211.75,1213.5,2851
2024-05-06 12:00:00+00:00,1213.25,1215.25,1210.5,1213.75,2044
2024-05-06 13:00:00+00:00,1215.75,1232.25,1215.5,1229.75,34583
2024-05-06 14:00:00+00:00,1229.75,1239.0,1228.75,1238.5,33061
2024-05-06 15:00:00+00:00,1238.5,1241.0,1231.75,1240.5,30371
2024-05-06 16:00:00+00:00,1240.5,1247.5,1239.25,1243.25,32476
2024-05-06 17:00:00+00:00,1243.25,1250.75,1241.5,1250.75,31062
2024-05-06 18:00:00+00:00,1250.75,1251.25,1245.75,1245.75,0
2024-05-07 00:00:00+00:00,1247.0,1255.0,1244.5,1245.25,10787
2024-05-07 01:00:00+00:00,1245.5,1248.0,1244.0,1245.75,4983
2024-05-07 02:00:00+00:00,1245.5,1246.75,1244.75,1246.25,2837
2024-05-07 03:00:00+00:00,1246.0,1247.5,1244.75,1247.0,1056
2024-05-07 04:00:00+00:00,1247.25,1248.75,1247.0,1247.5,574
2024-05-07 05:00:00+00:00,1247.5,1250.75,1247.5,1249.5,1347
2024-05-07 06:00:00+00:00,1249.5,1249.5,1246.0,1249.0,2618
2024-05-07 07:00:00+00:00,1249.0,1251.5,1248.25,1249.25,1745
2024-05-07 08:00:00+00:00,1249.5,1250.5,1243.25,1246.0,2674
2024-05-07 09:00:00+00:00,1245.75,1246.25,1241.5,1243.0,3627
2024-05-07 10:00:00+00:00,1243.0,1244.0,1241.5,1242.5,1167
2024-05-07 11:00:00+00:00,1242.5,1246.0,1242.25,1243.75,2201
2024-05-07 12:00:00+00:00,1243.75,1243.75,1240.25,1241.75,4229
2024-05-07 13:00:00+00:00,1244.0,1251.5,1242.5,1247.0,32668
2024-05-07 14:00:00+00:00,1247.0,1256.5,1246.0,1248.0,34764
2024-05-07 15:00:00+00:00,1248.0,1250.75,1244.75,1246.25,16787
2024-05-07 16:00:00+00:00,1246.25,1248.75,1243.5,1247.5,18827
2024-05-07 17:00:00+00:00,1247.5,1250.25,1245.25,1247.0,16642
2024-05-07 18:00:00+00:00,1247.25,1248.0,1244.75,1245.25,13137
2024-05-08 00:00:00+00:00,1244.0,1244.75,1239.75,1241.5,0
2024-05-08 01:00:00+00:00,1241.75,1242.0,1240.5,1241.0,1422
2024-05-08 02:00:00+00:00,1240.75,1242.5,1240.25,1242.25,1368
2024-05-08 03:00:00+00:00,1242.25,1243.0,1241.0,1241.0,1090
2024-05-08 04:00:00+00:00,1241.0,1241.25,1240.25,1240.5,489
2024-05-08 05:00:00+00:00,1240.75,1242.25,1240.0,1241.5,891
2024-05-08 06:00:00+00:00,1241.5,1243.5,1240.5,1243.25,1579
2024-05-08 07:00:00+00:00,1243.25,1244.0,1240.75,1241.25,1045
2024-05-08 08:00:00+00:00,1241.5,1247.5,1240.75,1247.25,3017
2024-05-08 09:00:00+00:00,1247.0,1248.0,1244.75,1245.25,1716
2024-05-08 10:00:00+00:00,1245.25,1246.0,1244.25,1244.25,1109
2024-05-08 11:00:00+00:00,1244.5,1245.0,1242.5,1242.5,1293
2024-05-08 12:00:00+00:00,1242.75,1243.25,1238.5,1239.25,3124
2024-05-08 13:00:00+00:00,1239.5,1240.0,1231.25,1239.0,28989
2024-05-08 14:00:00+00:00,1238.75,1242.0,1235.75,1238.25,21368
2024-05-08 15:00:00+00:00,1238.25,1243.0,1236.5,1238.25,18270
2024-05-08 16:00:00+00:00,1238.25,1240.5,1231.75,1232.25,13243
2024-05-08 17:00:00+00:00,1232.0,1233.5,1226.25,1227.5,19604
2024-05-08 18:00:00+00:00,1227.25,1229.5,1225.5,1228.75,10649
2024-05-09 00:00:00+00:00,1227.75,1232.0,1227.0,1232.0,0
2024-05-09 01:00:00+00:00,1231.75,1233.0,1229.5,1233.0,2066
2024-05-09 02:00:00+00:00,1232.75,1234.0,1232.25,1234.0,970
2024-05-09 03:00:00+00:00,1233.75,1234.75,1233.25,1234.25,899
2024-05-09 04:00:00+00:00,1234.0,1234.25,1233.5,1234.25,207
2024-05-09 05:00:00+00:00,1234.25,1235.0,1233.25,1235.0,1230
2024-05-09 06:00:00+00:00,1234.75,1236.75,1231.25,1232.0,3592
2024-05-09 07:00:00+00:00,1232.0,1232.0,1227.5,1230.25,2399
2024-05-09 08:00:00+00:00,1230.25,1232.5,1229.25,1232.25,1136
2024-05-09 09:00:00+00:00,1232.25,1233.5,1230.75,1231.25,780
2024-05-09 10:00:00+00:00,1231.5,1234.75,1231.5,1234.25,717
2024-05-09 11:00:00+00:00,1234.25,1234.75,1230.5,1230.5,1993
2024-05-09 12:00:00+00:00,1230.5,1231.0,1223.0,1224.5,6977
2024-05-09 13:00:00+00:00,1226.0,1226.5,1218.25,1220.0,21167
2024-05-09 14:00:00+00:00,1220.0,1221.0,1210.75,1213.5,28758
2024-05-09 15:00:00+00:00,1213.25,1215.5,1209.25,1210.25,17380
2024-05-09 16:00:00+00:00,1210.5,1214.0,1209.0,1210.5,15314
2024-05-09 17:00:00+00:00,1210.5,1211.25,1206.25,1208.75,12881
2024-05-09 18:00:00+00:00,1208.75,1210.25,1208.0,1209.75,11764
2024-05-10 00:00:00+00:00,1210.25,1213.25,1210.25,1212.5,0
2024-05-10 01:00:00+00:00,1212.25,1213.0,1207.0,1208.25,3922
2024-05-10 02:00:00+00:00,1208.5,1210.0,1207.75,1208.25,1183
2024-05-10 03:00:00+00:00,1208.25,1208.75,1207.25,1207.75,790
2024-05-10 04:00:00+00:00,1208.25,1209.5,1208.0,1209.0,343
2024-05-10 05:00:00+00:00,1209.0,1209.75,1208.25,1209.5,360
2024-05-10 06:00:00+00:00,1209.25,1211.5,1208.25,1210.25,1510
2024-05-10 07:00:00+00:00,1209.75,1213.5,1209.25,1212.75,1422
2024-05-10 08:00:00+00:00,1212.75,1213.0,1210.5,1212.25,1931
2024-05-10 09:00:00+00:00,1212.0,1212.75,1210.0,1211.75,2192
2024-05-10 10:00:00+00:00,1211.75,1213.5,1211.5,1211.75,676
2024-05-10 11:00:00+00:00,1211.5,1212.75,1209.0,1209.75,1124
2024-05-10 12:00:00+00:00,1209.75,1210.75,1208.5,1209.25,3681
2024-05-10 13:00:00+00:00,1210.0,1213.75,1209.0,1212.25,14473
2024-05-10 14:00:00+00:00,1212.25,1214.5,1209.5,1210.75,17627
2024-05-10 15:00:00+00:00,1210.5,1214.75,1209.75,1212.0,14722
2024-05-10 16:00:00+00:00,1212.5,1222.5,1204.5,1214.5,39358
2024-05-10 17:00:00+00:00,1214.5,1219.0,1212.75,1217.75,12265
2024-05-10 18:00:00+00:00,1218.0,1220.0,1216.0,1218.75,11156
2024-05-13 00:00:00+00:00,1219.0,1221.25,1211.5,1213.0,4067
2024-05-13 01:00:00+00:00,1213.0,1216.0,1211.5,1215.75,2903
2024-05-13 02:00:00+00:00,1216.0,1218.25,1214.75,1217.0,2468
2024-05-13 03:00:00+00:00,1216.75,1216.75,1215.0,1215.0,883
2024-05-13 04:00:00+00:00,1215.0,1216.5,1214.75,1215.75,257
2024-05-13 05:00:00+00:00,1215.5,1216.0,1214.5,1214.75,617
2024-05-13 06:00:00+00:00,1214.75,1216.75,1213.5,1216.5,1107
2024-05-13 07:00:00+00:00,1216.5,1218.5,1216.0,1217.5,1292
2024-05-13 08:00:00+00:00,1217.25,1218.75,1216.5,1218.25,851
2024-05-13 09:00:00+00:00,1218.5,1218.75,1215.0,1215.25,642
2024-05-13 10:00:00+00:00,1215.25,1215.5,1213.5,1213.75,726
2024-05-13 11:00:00+00:00,1214.0,1215.5,1212.5,1214.25,2622
2024-05-13 12:00:00+00:00,1214.25,1215.5,1213.5,1214.5,1318
2024-05-13 13:00:00+00:00,1215.0,1226.0,1214.5,1222.75,22174
2024-05-13 14:00:00+00:00,1222.75,1224.5,1217.0,1224.25,25334
2024-05-13 15:00:00+00:00,1224.25,1227.0,1222.5,1225.5,13084
2024-05-13 16:00:00+00:00,1225.5,1228.25,1221.75,1224.25,16734
2024-05-13 17:00:00+00:00,1224.25,1224.25,1220.75,1221.75,10998
2024-05-13 18:00:00+00:00,1221.75,1222.75,1218.75,1219.25,10319
2024-05-14 00:00:00+00:00,1219.25,1222.5,1218.5,1220.25,0
2024-05-14 01:00:00+00:00,1220.25,1221.5,1217.25,1217.5,1295
2024-05-14 02:00:00+00:00,1217.5,1217.75,1212.75,1213.75,2303
2024-05-14 03:00:00+00:00,1214.0,1214.5,1213.25,1214.25,377
2024-05-14 04:00:00+00:00,1214.25,1214.5,1213.5,1213.75,178
2024-05-14 05:00:00+00:00,1213.75,1216.0,1213.75,1215.75,974
2024-05-14 06:00:00+00:00,1215.75,1218.25,1214.0,1215.0,1945
2024-05-14 07:00:00+00:00,1215.25,1216.0,1213.5,1214.5,1135
2024-05-14 08:00:00+00:00,1214.5,1216.0,1212.75,1214.25,1451
2024-05-14 09:00:00+00:00,1214.0,1215.5,1211.75,1212.75,3125
2024-05-14 10:00:00+00:00,1212.75,1214.0,1211.25,1211.75,1844
2024-05-14 11:00:00+00:00,1212.0,1213.25,1210.25,1211.5,4201
2024-05-14 12:00:00+00:00,1211.5,1212.0,1207.0,1208.25,7117
2024-05-14 13:00:00+00:00,1207.75,1210.25,1203.5,1207.5,19393
2024-05-14 14:00:00+00:00,1207.5,1211.0,1206.0,1210.25,18128
2024-05-14 15:00:00+00:00,1210.5,1214.75,1209.5,1212.75,11617
2024-05-14 16:00:00+00:00,1212.5,1214.75,1211.75,1212.0,6559
2024-05-14 17:00:00+00:00,1211.75,1218.0,1210.75,1217.25,12376
2024-05-14 18:00:00+00:00,1217.0,1217.5,1214.0,1214.5,8949
2024-05-15 00:00:00+00:00,1215.0,1216.0,1214.75,1214.75,0
2024-05-15 01:00:00+00:00,1214.75,1215.75,1212.5,1215.75,1259
2024-05-15 02:00:00+00:00,1215.5,1217.75,1215.5,1216.25,721
2024-05-15 03:00:00+00:00,1216.25,1217.5,1216.0,1216.5,516
2024-05-15 04:00:00+00:00,1216.5,1217.25,1216.0,1216.0,223
2024-05-15 05:00:00+00:00,1216.25,1217.5,1216.0,1217.25,534
2024-05-15 06:00:00+00:00,1217.0,1219.5,1215.0,1219.5,1149
2024-05-15 07:00:00+00:00,1219.25,1221.75,1218.5,1221.0,1502
2024-05-15 08:00:00+00:00,1221.0,1223.5,1220.75,1223.0,1543
2024-05-15 09:00:00+00:00,1223.0,1223.25,1221.5,1221.75,944
2024-05-15 10:00:00+00:00,1221.75,1221.75,1219.25,1221.25,1000
2024-05-15 11:00:00+00:00,1221.25,1222.0,1218.75,1219.0,1780
2024-05-15 12:00:00+00:00,1218.75,1225.75,1217.25,1225.0,4114
2024-05-15 13:00:00+00:00,1225.5,1232.25,1225.25,1227.75,23955
2024-05-15 14:00:00+00:00,1227.75,1229.75,1217.0,1220.0,25903
2024-05-15 15:00:00+00:00,1220.0,1224.25,1218.75,1222.0,9836
2024-05-15 16:00:00+00:00,1222.0,1223.5,1216.0,1217.75,13754
2024-05-15 17:00:00+00:00,1217.5,1218.0,1209.5,1211.75,13370
2024-05-15 18:00:00+00:00,1211.75,1214.5,1210.75,1214.25,8743
2024-05-16 00:00:00+00:00,1214.0,1216.25,1213.0,1215.75,0
2024-05-16 01:00:00+00:00,1215.75,1216.75,1213.5,1215.5,1406
2024-05-16 02:00:00+00:00,1215.75,1216.5,1215.0,1215.75,450
2024-05-16 03:00:00+00:00,1215.75,1216.25,1215.25,1215.5,247
2024-05-16 04:00:00+00:00,1215.25,1216.25,1215.25,1215.75,196
2024-05-16 05:00:00+00:00,1215.5,1216.0,1214.5,1214.75,370
2024-05-16 06:00:00+00:00,1214.5,1214.75,1211.5,1211.75,984
2024-05-16 07:00:00+00:00,1211.75,1212.5,1211.0,1211.5,860
2024-05-16 08:00:00+00:00,1211.5,1211.75,1210.5,1211.5,699
2024-05-16 09:00:00+00:00,1211.5,1211.5,1210.0,1210.25,906
2024-05-16 10:00:00+00:00,1210.25,1213.5,1210.25,1213.25,877
2024-05-16 11:00:00+00:00,1213.25,1215.75,1212.5,1214.0,1314
2024-05-16 12:00:00+00:00,1214.25,1215.25,1213.25,1214.25,1630
2024-05-16 13:00:00+00:00,1214.25,1218.75,1213.0,1213.0,18315
2024-05-16 14:00:00+00:00,1213.0,1215.25,1210.5,1215.0,17752
2024-05-16 15:00:00+00:00,1215.0,1217.75,1212.75,1217.75,13440
2024-05-16 16:00:00+00:00,1217.75,1219.75,1213.0,1214.75,11653
2024-05-16 17:00:00+00:00,1214.5,1216.75,1214.5,1215.75,8481
2024-05-16 18:00:00+00:00,1215.75,1216.75,1214.5,1216.5,8048
2024-05-17 00:00:00+00:00,1216.5,1218.0,1215.25,1216.75,0
2024-05-17 01:00:00+00:00,1216.75,1226.25,1216.5,1226.25,6508
2024-05-17 02:00:00+00:00,1226.5,1227.0,1224.25,1224.75,2661
2024-05-17 03:00:00+00:00,1224.75,1225.25,1224.5,1224.75,231
2024-05-17 04:00:00+00:00,1225.0,1226.75,1224.25,1226.0,320
2024-05-17 05:00:00+00:00,1226.0,1229.0,1225.25,1228.25,2151
2024-05-17 06:00:00+00:00,1228.25,1230.0,1227.5,1229.25,2042
2024-05-17 07:00:00+00:00,1229.0,1230.0,1228.5,1229.25,976
2024-05-17 08:00:00+00:00,1229.25,1229.5,1227.5,1229.25,711
2024-05-17 09:00:00+00:00,1229.0,1229.5,1226.25,1227.25,1525
2024-05-17 10:00:00+00:00,1227.0,1227.75,1226.25,1227.0,432
2024-05-17 11:00:00+00:00,1227.25,1227.75,1222.75,1226.5,3160
2024-05-17 12:00:00+00:00,1226.5,1228.25,1226.0,1228.25,4230
2024-05-17 13:00:00+00:00,1228.0,1231.0,1225.25,1226.75,21900
2024-05-17 14:00:00+00:00,1226.75,1228.5,1219.5,1221.25,18409
2024-05-17 15:00:00+00:00,1221.0,1226.75,1219.0,1223.75,13562
2024-05-17 16:00:00+00:00,1223.75,1227.0,1223.0,1226.0,10707
2024-05-17 17:00:00+00:00,1226.25,1231.25,1225.75,1227.25,22738
2024-05-17 18:00:00+00:00,1227.25,1228.5,1226.25,1227.25,9957
2024-05-20 00:00:00+00:00,1227.25,1230.5,1225.5,1229.0,4002
2024-05-20 01:00:00+00:00,1229.0,1229.0,1224.25,1226.5,3439
2024-05-20 02:00:00+00:00,1226.5,1228.0,1225.25,1225.75,966
2024-05-20 03:00:00+00:00,1225.5,1225.75,1224.5,1225.0,475
2024-05-20 04:00:00+00:00,1225.0,1225.0,1224.0,1224.25,481
2024-05-20 05:00:00+00:00,1224.25,1227.75,1224.0,1227.75,1028
2024-05-20 06:00:00+00:00,1227.75,1229.5,1227.0,1229.5,1512
2024-05-20 07:00:00+00:00,1229.5,1231.75,1227.75,1231.0,1482
2024-05-20 08:00:00+00:00,1231.0,1232.0,1230.0,1231.5,866
2024-05-20 09:00:00+00:00,1231.75,1234.0,1231.25,1233.75,1492
2024-05-20 10:00:00+00:00,1234.0,1235.5,1232.75,1233.0,2492
2024-05-20 11:00:00+00:00,1232.75,1234.0,1231.5,1234.0,2142
2024-05-20 12:00:00+00:00,1234.25,1234.75,1231.0,1231.5,3166
2024-05-20 13:00:00+00:00,1233.0,1242.25,1228.75,1242.25,27084
2024-05-20 14:00:00+00:00,1242.25,1250.0,1241.5,1243.0,57333
2024-05-20 15:00:00+00:00,1243.25,1246.25,1241.0,1245.75,12425
2024-05-20 16:00:00+00:00,1246.0,1249.75,1242.25,1247.5,13923
2024-05-20 17:00:00+00:00,1247.5,1250.75,1247.25,1248.0,17739
2024-05-20 18:00:00+00:00,1248.25,1249.0,1246.75,1246.75,11660
2024-05-21 00:00:00+00:00,1246.5,1249.25,1244.0,1246.25,0
2024-05-21 01:00:00+00:00,1245.75,1247.75,1242.25,1243.0,2916
2024-05-21 02:00:00+00:00,1243.0,1244.0,1242.5,1243.0,1320
2024-05-21 03:00:00+00:00,1243.0,1243.25,1242.25,1243.0,884
2024-05-21 04:00:00+00:00,1242.75,1243.0,1242.25,1243.0,353
2024-05-21 05:00:00+00:00,1242.75,1243.25,1239.75,1240.5,2275
2024-05-21 06:00:00+00:00,1240.25,1240.5,1235.5,1235.75,3756
2024-05-21 07:00:00+00:00,1235.75,1238.75,1235.75,1238.25,1899
2024-05-21 08:00:00+00:00,1238.25,1238.75,1235.25,1236.5,2006
2024-05-21 09:00:00+00:00,1236.5,1237.25,1234.75,1235.5,2159
2024-05-21 10:00:00+00:00,1235.5,1237.75,1234.75,1237.5,1279
2024-05-21 11:00:00+00:00,1237.5,1239.75,1237.25,1238.25,2420
2024-05-21 12:00:00+00:00,1238.5,1239.75,1236.0,1238.0,3400
2024-05-21 13:00:00+00:00,1238.75,1242.5,1237.5,1237.75,22377
2024-05-21 14:00:00+00:00,1237.75,1240.75,1233.0,1233.75,18029
2024-05-21 15:00:00+00:00,1233.75,1236.5,1232.25,1232.5,12270
2024-05-21 16:00:00+00:00,1232.5,1234.0,1230.0,1231.75,14454
2024-05-21 17:00:00+00:00,1231.75,1237.75,1231.5,1236.5,12573
2024-05-21 18:00:00+00:00,1236.75,1237.25,1234.5,1235.75,9325
2024-05-22 00:00:00+00:00,1235.0,1238.0,1233.25,1236.75,0
2024-05-22 01:00:00+00:00,1236.75,1241.0,1236.75,1241.0,1524
2024-05-22 02:00:00+00:00,1241.0,1241.75,1239.75,1241.0,1106
2024-05-22 03:00:00+00:00,1241.0,1242.25,1240.75,1240.75,780
2024-05-22 04:00:00+00:00,1241.0,1241.5,1240.5,1240.75,282
2024-05-22 05:00:00+00:00,1240.75,1241.25,1238.5,1239.75,1018
2024-05-22 06:00:00+00:00,1239.75,1242.75,1238.75,1241.75,1272
2024-05-22 07:00:00+00:00,1241.75,1242.25,1239.25,1240.25,1007
2024-05-22 08:00:00+00:00,1240.5,1242.0,1239.0,1241.75,1267
2024-05-22 09:00:00+00:00,1241.5,1241.5,1239.5,1241.25,1217
2024-05-22 10:00:00+00:00,1241.25,1241.25,1239.5,1239.5,678
2024-05-22 11:00:00+00:00,1239.5,1240.75,1237.25,1238.25,1276
2024-05-22 12:00:00+00:00,1238.25,1238.25,1233.75,1236.25,4420
2024-05-22 13:00:00+00:00,1236.5,1242.25,1235.75,1237.75,16552
2024-05-22 14:00:00+00:00,1237.75,1244.25,1234.25,1242.0,23137
2024-05-22 15:00:00+00:00,1243.5,1245.5,1238.5,1239.0,13526
2024-05-22 16:00:00+00:00,1238.75,1248.75,1237.5,1247.0,13698
2024-05-22 17:00:00+00:00,1247.0,1249.75,1245.0,1246.0,16403
2024-05-22 18:00:00+00:00,1246.0,1247.75,1245.0,1247.25,11913
2024-05-23 00:00:00+00:00,1245.75,1247.5,1244.75,1246.0,0
2024-05-23 01:00:00+00:00,1246.0,1248.25,1243.5,1244.25,2085
2024-05-23 02:00:00+00:00,1244.25,1246.0,1243.5,1244.75,620
2024-05-23 03:00:00+00:00,1244.75,1245.25,1243.75,1244.25,284
2024-05-23 04:00:00+00:00,1244.5,1244.5,1243.0,1243.75,473
2024-05-23 05:00:00+00:00,1243.25,1243.75,1239.75,1240.0,1481
2024-05-23 06:00:00+00:00,1240.0,1242.75,1239.5,1242.5,1321
2024-05-23 07:00:00+00:00,1242.5,1242.5,1240.75,1242.0,655
2024-05-23 08:00:00+00:00,1242.25,1245.25,1242.0,1244.5,826
2024-05-23 09:00:00+00:00,1244.25,1247.25,1244.0,1246.5,865
2024-05-23 10:00:00+00:00,1246.5,1249.5,1246.25,1248.5,1151
2024-05-23 11:00:00+00:00,1248.5,1253.0,1248.0,1252.75,3919
2024-05-23 12:00:00+00:00,1252.5,1254.0,1251.5,1252.5,4437
2024-05-23 13:00:00+00:00,1251.75,1258.25,1247.0,1247.5,29189
2024-05-23 14:00:00+00:00,1247.0,1250.5,1242.25,1243.25,27303
2024-05-23 15:00:00+00:00,1243.25,1243.5,1237.75,1239.25,18312
2024-05-23 16:00:00+00:00,1239.25,1243.75,1236.0,1241.25,14339
2024-05-23 17:00:00+00:00,1241.25,1241.5,1239.0,1240.75,7975
2024-05-23 18:00:00+00:00,1240.5,1241.5,1237.75,1239.0,8510
2024-05-24 00:00:00+00:00,1239.0,1240.0,1237.5,1239.0,0
2024-05-24 01:00:00+00:00,1239.0,1242.5,1237.5,1241.75,1538
2024-05-24 02:00:00+00:00,1241.75,1242.0,1239.75,1241.25,664
2024-05-24 03:00:00+00:00,1241.5,1242.0,1240.5,1241.5,380
2024-05-24 04:00:00+00:00,1241.5,1242.0,1241.5,1242.0,474
2024-05-24 05:00:00+00:00,1242.0,1242.5,1241.5,1242.25,356
2024-05-24 06:00:00+00:00,1242.25,1243.25,1237.25,1237.75,1686
2024-05-24 07:00:00+00:00,1237.75,1239.5,1236.25,1239.25,855
2024-05-24 08:00:00+00:00,1239.0,1239.25,1237.0,1238.25,537
2024-05-24 09:00:00+00:00,1238.0,1239.75,1237.5,1239.5,283
2024-05-24 10:00:00+00:00,1239.5,1241.25,1239.5,1240.0,589
2024-05-24 11:00:00+00:00,1239.75,1240.5,1238.0,1240.5,995
2024-05-24 12:00:00+00:00,1240.25,1242.0,1239.5,1241.0,2122
2024-05-24 13:00:00+00:00,1241.25,1243.75,1238.25,1240.25,14299
2024-05-24 14:00:00+00:00,1240.25,1249.5,1240.25,1249.5,24811
2024-05-24 15:00:00+00:00,1249.25,1250.0,1246.25,1249.75,14540
2024-05-24 16:00:00+00:00,1250.0,1251.0,1244.5,1247.25,12648
2024-05-24 17:00:00+00:00,1247.25,1248.75,1246.0,1247.25,11115
2024-05-24 18:00:00+00:00,1247.5,1249.5,1246.5,1249.5,10727
2024-05-28 04:00:00+00:00,1250.5,1251.0,1250.0,1250.25,157
2024-05-28 05:00:00+00:00,1250.25,1252.0,1250.0,1251.75,625
2024-05-28 06:00:00+00:00,1251.75,1252.0,1245.5,1246.25,2748
2024-05-28 07:00:00+00:00,1246.5,1247.25,1245.75,1246.25,1118
2024-05-28 08:00:00+00:00,1246.0,1246.0,1242.75,1243.75,1574
2024-05-28 09:00:00+00:00,1243.75,1245.0,1243.0,1245.0,999
2024-05-28 10:00:00+00:00,1245.0,1246.25,1244.0,1244.75,1178
2024-05-28 11:00:00+00:00,1244.75,1245.5,1241.75,1241.75,2390
2024-05-28 12:00:00+00:00,1241.75,1242.25,1238.75,1241.25,4702
2024-05-28 13:00:00+00:00,1241.25,1242.5,1232.25,1234.25,26380
2024-05-28 14:00:00+00:00,1234.0,1234.5,1228.5,1229.0,24707
2024-05-28 15:00:00+00:00,1229.0,1232.25,1228.0,1229.25,13280
2024-05-28 16:00:00+00:00,1229.25,1231.75,1228.25,1228.25,12601
2024-05-28 17:00:00+00:00,1228.0,1231.5,1226.25,1228.75,13826
2024-05-28 18:00:00+00:00,1228.75,1230.75,1228.5,1230.0,8762
2024-05-29 00:00:00+00:00,1229.0,1231.25,1222.25,1222.5,0
2024-05-29 01:00:00+00:00,1222.5,1223.25,1221.25,1223.0,2299
2024-05-29 02:00:00+00:00,1223.0,1225.25,1222.5,1223.25,1802
2024-05-29 03:00:00+00:00,1223.0,1224.0,1222.5,1223.5,1260
2024-05-29 04:00:00+00:00,1223.0,1224.0,1222.75,1223.75,588
2024-05-29 05:00:00+00:00,1223.75,1224.25,1223.25,1224.0,536
2024-05-29 06:00:00+00:00,1224.0,1226.75,1223.75,1226.0,2484
2024-05-29 07:00:00+00:00,1226.25,1227.0,1225.75,1225.75,1859
2024-05-29 08:00:00+00:00,1225.75,1227.25,1224.25,1224.5,1073
2024-05-29 09:00:00+00:00,1224.75,1228.25,1224.75,1228.0,817
2024-05-29 10:00:00+00:00,1227.75,1229.0,1227.25,1227.75,1004
2024-05-29 11:00:00+00:00,1228.0,1228.0,1221.25,1221.5,2306
2024-05-29 12:00:00+00:00,1221.25,1222.75,1220.75,1222.25,2201
2024-05-29 13:00:00+00:00,1224.25,1225.75,1217.5,1218.5,27717
2024-05-29 14:00:00+00:00,1218.5,1223.5,1217.25,1221.5,16726
2024-05-29 15:00:00+00:00,1221.25,1221.5,1216.5,1220.0,14677
2024-05-29 16:00:00+00:00,1219.75,1220.0,1214.0,1216.5,12270
2024-05-29 17:00:00+00:00,1216.5,1217.0,1214.75,1216.5,7569
2024-05-29 18:00:00+00:00,1216.25,1216.75,1212.5,1213.0,10594
2024-05-30 00:00:00+00:00,1213.0,1214.5,1210.25,1214.25,0
2024-05-30 01:00:00+00:00,1214.5,1218.75,1214.25,1216.0,3307
2024-05-30 02:00:00+00:00,1216.0,1216.25,1213.5,1214.75,1266
2024-05-30 03:00:00+00:00,1214.75,1215.0,1212.75,1214.0,322
2024-05-30 04:00:00+00:00,1214.0,1215.0,1213.75,1214.25,238
2024-05-30 05:00:00+00:00,1214.25,1214.5,1212.0,1213.5,632
2024-05-30 06:00:00+00:00,1213.25,1217.0,1212.25,1213.25,2627
2024-05-30 07:00:00+00:00,1213.0,1214.75,1212.75,1214.5,906
2024-05-30 08:00:00+00:00,1214.25,1216.25,1213.75,1215.75,1481
2024-05-30 09:00:00+00:00,1215.75,1216.75,1214.0,1215.25,1000
2024-05-30 10:00:00+00:00,1215.25,1215.5,1212.25,1213.5,1148
2024-05-30 11:00:00+00:00,1213.75,1215.75,1212.25,1214.25,677
2024-05-30 12:00:00+00:00,1214.25,1216.25,1212.75,1215.25,1460
2024-05-30 13:00:00+00:00,1215.25,1217.25,1211.75,1214.5,14532
2024-05-30 14:00:00+00:00,1214.5,1220.0,1211.25,1214.75,16556
2024-05-30 15:00:00+00:00,1214.75,1216.5,1209.25,1211.5,11668
2024-05-30 16:00:00+00:00,1211.25,1214.0,1208.25,1210.25,9654
2024-05-30 17:00:00+00:00,1210.25,1212.75,1208.75,1208.75,12447
2024-05-30 18:00:00+00:00,1209.0,1210.5,1207.25,1210.5,10379
2024-05-31 00:00:00+00:00,1209.75,1214.25,1209.0,1213.25,0
2024-05-31 01:00:00+00:00,1214.0,1215.75,1212.75,1213.5,1190
2024-05-31 02:00:00+00:00,1213.5,1215.0,1212.5,1213.0,714
2024-05-31 03:00:00+00:00,1213.0,1214.75,1212.75,1214.5,374
2024-05-31 04:00:00+00:00,1214.25,1214.75,1209.75,1214.5,49
2024-05-31 05:00:00+00:00,1214.75,1218.75,1214.25,1218.25,1389
2024-05-31 06:00:00+00:00,1218.25,1219.5,1218.0,1219.5,1460
2024-05-31 07:00:00+00:00,1219.25,1219.5,1218.25,1218.25,995
2024-05-31 08:00:00+00:00,1218.75,1221.25,1217.25,1221.25,1702
2024-05-31 09:00:00+00:00,1221.25,1222.0,1218.75,1219.25,990
2024-05-31 10:00:00+00:00,1219.25,1220.5,1218.0,1220.0,2842
2024-05-31 11:00:00+00:00,1220.0,1223.0,1218.5,1223.0,2120
2024-05-31 12:00:00+00:00,1223.25,1223.75,1221.75,1222.25,2463
2024-05-31 13:00:00+00:00,1221.0,1222.75,1216.0,1216.5,17654
2024-05-31 14:00:00+00:00,1216.75,1220.75,1211.5,1211.5,12606
2024-05-31 15:00:00+00:00,1211.5,1213.75,1206.0,1207.25,15041
2024-05-31 16:00:00+00:00,1207.25,1210.0,1205.25,1209.0,8021
2024-05-31 17:00:00+00:00,1208.75,1209.25,1202.75,1206.25,13690
2024-05-31 18:00:00+00:00,1206.0,1206.75,1184.75,1184.75,0
2024-06-03 00:00:00+00:00,1204.25,1205.5,1178.75,1196.75,6690
2024-06-03 01:00:00+00:00,1196.75,1197.5,1177.5,1195.75,3298
2024-06-03 02:00:00+00:00,1195.5,1196.25,1178.0,1195.5,1378
2024-06-03 03:00:00+00:00,1195.5,1196.0,1176.5,1177.25,0
2024-06-03 04:00:00+00:00,1193.75,1194.75,1177.0,1194.25,8551
2024-06-03 05:00:00+00:00,1194.25,1194.25,1176.0,1176.5,0
2024-06-03 06:00:00+00:00,1176.75,1194.0,1175.25,1193.5,476
2024-06-03 07:00:00+00:00,1193.5,1193.5,1174.75,1191.5,12081
2024-06-03 08:00:00+00:00,1191.5,1193.5,1174.25,1192.5,1281
2024-06-03 09:00:00+00:00,1192.75,1194.75,1174.5,1194.5,1848
2024-06-03 10:00:00+00:00,1176.0,1195.75,1176.0,1195.25,1173
2024-06-03 11:00:00+00:00,1177.0,1196.25,1176.0,1194.75,1135
2024-06-03 12:00:00+00:00,1195.0,1199.25,1175.25,1197.25,0
2024-06-03 13:00:00+00:00,1198.0,1198.0,1171.0,1192.25,32232
2024-06-03 14:00:00+00:00,1192.5,1196.75,1169.0,1191.5,18866
2024-06-03 15:00:00+00:00,1191.5,1193.0,1165.5,1189.0,13385
2024-06-03 16:00:00+00:00,1165.75,1190.5,1163.0,1185.5,9901
2024-06-03 17:00:00+00:00,1163.5,1186.25,1161.25,1183.75,12562
2024-06-03 18:00:00+00:00,1184.0,1185.25,1162.5,1163.75,0
2024-06-04 00:00:00+00:00,1163.0,1187.5,1162.0,1187.0,0
2024-06-04 01:00:00+00:00,1187.0,1187.5,1162.75,1185.5,1761
2024-06-04 02:00:00+00:00,1185.75,1187.75,1164.25,1187.0,578
2024-06-04 03:00:00+00:00,1186.75,1187.75,1165.75,1165.75,568
2024-06-04 04:00:00+00:00,1186.75,1187.25,1165.0,1186.75,152
2024-06-04 05:00:00+00:00,1186.5,1187.25,1164.5,1186.5,396
2024-06-04 06:00:00+00:00,1186.5,1189.5,1165.0,1165.75,0
2024-06-04 07:00:00+00:00,1187.5,1187.5,1164.5,1186.0,4984
2024-06-04 08:00:00+00:00,1186.25,1187.5,1164.5,1185.0,1921
2024-06-04 09:00:00+00:00,1185.25,1186.25,1163.75,1185.0,2477
2024-06-04 10:00:00+00:00,1185.0,1185.0,1162.5,1182.25,0
2024-06-04 11:00:00+00:00,1182.0,1184.5,1161.75,1184.0,12358
2024-06-04 12:00:00+00:00,1184.0,1184.75,1161.75,1183.5,1936
2024-06-04 13:00:00+00:00,1182.5,1183.75,1156.0,1178.25,19980
2024-06-04 14:00:00+00:00,1178.5,1188.0,1157.0,1187.5,27843
2024-06-04 15:00:00+00:00,1162.0,1189.5,1156.25,1180.75,18322
2024-06-04 16:00:00+00:00,1180.75,1185.25,1155.0,1156.0,0
2024-06-04 17:00:00+00:00,1181.75,1182.75,1154.0,1155.75,8198
2024-06-04 18:00:00+00:00,1155.75,1180.5,1155.0,1179.5,8601
2024-06-05 00:00:00+00:00,1157.0,1183.5,1156.75,1183.25,0
2024-06-05 01:00:00+00:00,1183.25,1187.0,1160.25,1186.25,3733
2024-06-05 02:00:00+00:00,1186.5,1188.5,1162.25,1188.25,814
2024-06-05 03:00:00+00:00,1188.25,1188.75,1163.0,1188.25,818
2024-06-05 04:00:00+00:00,1188.0,1188.0,1162.5,1187.5,107
2024-06-05 05:00:00+00:00,1187.5,1188.5,1162.25,1188.0,757
2024-06-05 06:00:00+00:00,1188.0,1188.75,1160.25,1186.5,3203
2024-06-05 07:00:00+00:00,1161.25,1187.25,1159.25,1159.25,0
2024-06-05 08:00:00+00:00,1184.25,1184.5,1156.75,1158.75,1157
2024-06-05 09:00:00+00:00,1184.25,1185.25,1156.25,1181.75,7835
2024-06-05 10:00:00+00:00,1181.75,1182.75,1156.0,1156.5,0
2024-06-05 11:00:00+00:00,1181.5,1182.5,1155.25,1181.75,8361
2024-06-05 12:00:00+00:00,1182.0,1186.0,1155.5,1185.5,3927
2024-06-05 13:00:00+00:00,1160.5,1187.25,1154.25,1181.75,19547
2024-06-05 14:00:00+00:00,1154.75,1187.25,1151.5,1183.25,24850
2024-06-05 15:00:00+00:00,1183.5,1191.75,1154.0,1154.75,0
2024-06-05 16:00:00+00:00,1154.75,1185.0,1148.75,1176.75,54042
2024-06-05 17:00:00+00:00,1176.5,1181.75,1148.25,1177.75,13578
2024-06-05 18:00:00+00:00,1177.75,1178.5,1149.25,1176.0,10661
2024-06-06 00:00:00+00:00,1150.0,1180.75,1150.0,1179.0,0
2024-06-06 01:00:00+00:00,1179.0,1181.0,1153.0,1180.5,1550
2024-06-06 02:00:00+00:00,1155.5,1181.75,1154.75,1181.25,1056
2024-06-06 03:00:00+00:00,1181.25,1182.25,1154.5,1181.75,999
2024-06-06 04:00:00+00:00,1155.5,1183.0,1154.5,1154.75,0
2024-06-06 05:00:00+00:00,1155.0,1183.5,1154.75,1183.25,3396
2024-06-06 06:00:00+00:00,1156.5,1184.0,1155.5,1183.5,3223
2024-06-06 07:00:00+00:00,1183.25,1183.5,1156.5,1158.25,0
2024-06-06 08:00:00+00:00,1183.0,1183.5,1156.0,1181.25,7902
2024-06-06 09:00:00+00:00,1156.25,1181.5,1155.25,1155.75,927
2024-06-06 10:00:00+00:00,1180.5,1182.25,1155.25,1182.25,1197
2024-06-06 11:00:00+00:00,1182.25,1186.75,1156.75,1186.0,3940
2024-06-06 12:00:00+00:00,1158.0,1188.0,1157.0,1185.0,4344
2024-06-06 13:00:00+00:00,1156.5,1197.25,1156.0,1194.5,27919
2024-06-06 14:00:00+00:00,1194.75,1200.0,1163.5,1199.25,29668
2024-06-06 15:00:00+00:00,1199.25,1204.5,1166.5,1202.0,22671
2024-06-06 16:00:00+00:00,1171.25,1203.0,1167.5,1202.0,12611
2024-06-06 17:00:00+00:00,1201.75,1204.25,1167.25,1203.75,15266
2024-06-06 18:00:00+00:00,1169.25,1204.0,1166.0,1200.0,13586
2024-06-07 00:00:00+00:00,1168.0,1202.25,1166.0,1198.75,0
2024-06-07 01:00:00+00:00,1167.0,1202.5,1166.5,1199.25,2247
2024-06-07 02:00:00+00:00,1167.25,1199.5,1165.0,1165.25,0
2024-06-07 03:00:00+00:00,1196.5,1198.0,1165.0,1196.75,2763
2024-06-07 04:00:00+00:00,1196.75,1197.25,1166.25,1197.0,183
2024-06-07 05:00:00+00:00,1196.75,1197.25,1165.25,1195.25,952
2024-06-07 06:00:00+00:00,1195.25,1197.0,1165.0,1196.5,948
2024-06-07 07:00:00+00:00,1196.25,1196.5,1163.0,1163.75,0
2024-06-07 08:00:00+00:00,1192.75,1193.5,1162.25,1193.5,5885
2024-06-07 09:00:00+00:00,1193.25,1193.75,1162.5,1193.0,1498
2024-06-07 10:00:00+00:00,1192.75,1194.75,1163.0,1194.0,2685
2024-06-07 11:00:00+00:00,1194.0,1194.0,1160.75,1189.75,3872
2024-06-07 12:00:00+00:00,1160.75,1190.25,1157.0,1188.5,6405
2024-06-07 13:00:00+00:00,1159.5,1190.5,1153.0,1183.75,20000
2024-06-07 14:00:00+00:00,1153.75,1187.75,1152.75,1183.75,19777
2024-06-07 15:00:00+00:00,1183.5,1184.75,1153.0,1181.0,17283
2024-06-07 16:00:00+00:00,1180.75,1182.75,1151.25,1178.5,30020
2024-06-07 17:00:00+00:00,1178.75,1182.0,1154.0,1179.75,17511
2024-06-07 18:00:00+00:00,1156.25,1180.75,1156.0,1177.5,22202
2024-06-10 00:00:00+00:00,1179.25,1182.0,1155.5,1178.0,3442
2024-06-10 01:00:00+00:00,1177.75,1180.0,1157.0,1159.5,0
2024-06-10 02:00:00+00:00,1159.5,1180.0,1157.75,1178.75,1355
2024-06-10 03:00:00+00:00,1179.0,1179.25,1157.75,1178.25,162
2024-06-10 04:00:00+00:00,1157.5,1178.75,1157.0,1178.25,245
2024-06-10 05:00:00+00:00,1178.5,1178.75,1156.75,1177.75,280
2024-06-10 06:00:00+00:00,1177.5,1179.5,1156.5,1178.25,1075
2024-06-10 07:00:00+00:00,1178.5,1178.5,1154.75,1177.75,965
2024-06-10 08:00:00+00:00,1178.0,1180.0,1153.0,1177.5,1315
2024-06-10 09:00:00+00:00,1154.5,1182.75,1154.25,1180.75,2169
2024-06-10 10:00:00+00:00,1181.0,1182.75,1156.0,1182.5,1199
2024-06-10 11:00:00+00:00,1182.5,1184.25,1157.0,1182.5,2241
2024-06-10 12:00:00+00:00,1182.25,1185.25,1156.5,1184.5,3300
2024-06-10 13:00:00+00:00,1184.5,1185.25,1152.5,1155.5,2495
2024-06-10 14:00:00+00:00,1155.5,1186.0,1153.75,1155.0,14215
2024-06-10 15:00:00+00:00,1155.0,1187.25,1154.75,1185.75,40043
2024-06-10 16:00:00+00:00,1185.75,1188.0,1157.0,1187.5,14199
2024-06-10 17:00:00+00:00,1187.25,1190.75,1159.75,1160.0,0
2024-06-10 18:00:00+00:00,1187.75,1189.0,1158.0,1188.0,49104
2024-06-11 00:00:00+00:00,1188.25,1192.5,1157.0,1160.5,0
2024-06-11 01:00:00+00:00,1191.25,1193.0,1159.75,1191.75,4339
2024-06-11 02:00:00+00:00,1191.75,1191.75,1158.0,1187.5,756
2024-06-11 03:00:00+00:00,1187.75,1187.75,1157.5,1187.5,950
2024-06-11 04:00:00+00:00,1187.5,1189.25,1158.75,1188.5,356
2024-06-11 05:00:00+00:00,1188.25,1188.75,1157.5,1157.5,0
2024-06-11 06:00:00+00:00,1157.5,1186.5,1156.5,1184.5,4952
2024-06-11 07:00:00+00:00,1184.5,1186.5,1156.75,1185.25,722
2024-06-11 08:00:00+00:00,1185.0,1186.75,1156.75,1185.25,2365
2024-06-11 09:00:00+00:00,1185.0,1186.75,1156.75,1184.5,1094
2024-06-11 10:00:00+00:00,1184.5,1187.0,1156.0,1185.75,1960
2024-06-11 11:00:00+00:00,1185.75,1185.75,1155.25,1183.0,1008
2024-06-11 12:00:00+00:00,1183.0,1185.25,1154.5,1184.75,1935
2024-06-11 13:00:00+00:00,1157.5,1186.75,1151.25,1152.25,12398
2024-06-11 14:00:00+00:00,1182.25,1192.75,1151.5,1156.75,21384
2024-06-11 15:00:00+00:00,1188.5,1190.5,1154.25,1155.25,13018
2024-06-11 16:00:00+00:00,1186.5,1190.25,1154.75,1187.0,33878
2024-06-11 17:00:00+00:00,1155.25,1187.25,1150.75,1179.75,20724
2024-06-11 18:00:00+00:00,1179.75,1180.5,1150.25,1177.0,0
2024-06-12 00:00:00+00:00,1150.0,1179.75,1150.0,1151.5,0
2024-06-12 01:00:00+00:00,1151.25,1181.0,1149.5,1150.5,787
2024-06-12 02:00:00+00:00,1180.25,1181.5,1147.5,1153.5,2293
2024-06-12 03:00:00+00:00,1181.25,1181.5,1151.25,1152.25,538
2024-06-12 04:00:00+00:00,1180.5,1181.0,1151.5,1180.25,0
2024-06-12 05:00:00+00:00,1180.5,1184.0,1151.5,1183.75,915
2024-06-12 06:00:00+00:00,1183.75,1185.0,1153.25,1154.25,647
2024-06-12 07:00:00+00:00,1184.0,1185.5,1154.0,1185.5,2076
2024-06-12 08:00:00+00:00,1185.5,1185.75,1153.5,1184.5,831
2024-06-12 09:00:00+00:00,1154.0,1185.5,1153.75,1153.75,0
2024-06-12 10:00:00+00:00,1183.75,1184.5,1152.25,1183.0,1909
2024-06-12 11:00:00+00:00,1183.0,1183.25,1150.0,1179.75,892
2024-06-12 12:00:00+00:00,1179.75,1184.0,1148.25,1181.5,3511
2024-06-12 13:00:00+00:00,1183.0,1183.75,1146.25,1177.25,18568
2024-06-12 14:00:00+00:00,1177.5,1179.25,1145.75,1176.5,19547
2024-06-12 15:00:00+00:00,1176.25,1178.0,1143.25,1177.0,19898
2024-06-12 16:00:00+00:00,1177.25,1186.5,1141.0,1147.0,8839
2024-06-12 17:00:00+00:00,1147.0,1181.0,1146.75,1177.75,38884
2024-06-12 18:00:00+00:00,1149.5,1178.5,1146.5,1147.25,0
2024-06-13 00:00:00+00:00,1177.0,1180.5,1147.25,1178.75,0
2024-06-13 01:00:00+00:00,1178.5,1180.25,1144.5,1176.25,2812
2024-06-13 02:00:00+00:00,1176.25,1177.75,1146.0,1174.25,782
2024-06-13 03:00:00+00:00,1174.25,1174.75,1144.75,1173.25,665
2024-06-13 04:00:00+00:00,1172.75,1174.25,1145.0,1174.25,556
2024-06-13 05:00:00+00:00,1174.25,1176.5,1145.5,1147.25,0
2024-06-13 06:00:00+00:00,1147.25,1177.0,1143.5,1172.0,5240
2024-06-13 07:00:00+00:00,1172.25,1175.0,1143.5,1174.75,1078
2024-06-13 08:00:00+00:00,1175.0,1175.0,1143.75,1174.0,1390
2024-06-13 09:00:00+00:00,1174.0,1176.0,1144.75,1175.25,723
2024-06-13 10:00:00+00:00,1175.0,1177.0,1145.25,1176.75,1115
2024-06-13 11:00:00+00:00,1177.0,1178.75,1146.75,1178.0,1569
2024-06-13 12:00:00+00:00,1148.25,1180.0,1146.75,1179.5,2448
2024-06-13 13:00:00+00:00,1150.75,1184.0,1150.5,1152.5,17179
2024-06-13 14:00:00+00:00,1183.75,1187.0,1151.25,1155.25,18798
2024-06-13 15:00:00+00:00,1155.25,1191.0,1153.75,1157.25,27360
2024-06-13 16:00:00+00:00,1157.25,1188.75,1155.5,1187.25,14974
2024-06-13 17:00:00+00:00,1187.0,1191.0,1157.0,1190.75,14677
2024-06-13 18:00:00+00:00,1191.0,1191.25,1159.0,1188.75,0
2024-06-14 00:00:00+00:00,1188.75,1189.0,1153.25,1186.0,0
2024-06-14 01:00:00+00:00,1155.75,1187.0,1155.0,1185.5,973
2024-06-14 02:00:00+00:00,1155.75,1186.5,1154.75,1185.25,503
2024-06-14 03:00:00+00:00,1185.25,1186.75,1154.75,1155.25,996
2024-06-14 04:00:00+00:00,1184.75,1185.25,1154.75,1155.25,106
2024-06-14 05:00:00+00:00,1185.0,1186.0,1154.5,1186.0,176
2024-06-14 06:00:00+00:00,1156.75,1188.5,1156.25,1157.0,1559
2024-06-14 07:00:00+00:00,1186.5,1186.5,1155.25,1156.0,1544
2024-06-14 08:00:00+00:00,1156.25,1186.5,1155.0,1155.0,1627
2024-06-14 09:00:00+00:00,1155.0,1185.0,1153.0,1183.0,1551
2024-06-14 10:00:00+00:00,1154.0,1185.0,1152.25,1182.0,2413
2024-06-14 11:00:00+00:00,1182.0,1183.75,1152.25,1152.25,3307
2024-06-14 12:00:00+00:00,1182.0,1185.75,1151.25,1154.75,2620
2024-06-14 13:00:00+00:00,1154.75,1187.75,1152.25,1154.5,15332
2024-06-14 14:00:00+00:00,1185.75,1188.75,1153.0,1155.25,18857
2024-06-14 15:00:00+00:00,1155.25,1187.5,1153.5,1155.0,7349
2024-06-14 16:00:00+00:00,1155.0,1186.75,1153.25,1183.0,19607
2024-06-14 17:00:00+00:00,1153.0,1184.5,1147.75,1182.0,16851
2024-06-14 18:00:00+00:00,1181.75,1182.0,1147.75,1178.25,15414
2024-06-17 00:00:00+00:00,1149.75,1179.0,1144.25,1178.0,2410
2024-06-17 01:00:00+00:00,1177.75,1178.25,1144.5,1145.25,2233
2024-06-17 02:00:00+00:00,1174.25,1174.25,1142.25,1143.5,1712
2024-06-17 03:00:00+00:00,1143.5,1172.0,1141.75,1142.75,648
2024-06-17 04:00:00+00:00,1171.0,1171.0,1140.0,1168.75,24
2024-06-17 05:00:00+00:00,1168.75,1168.75,1136.0,1137.0,3074
2024-06-17 06:00:00+00:00,1137.0,1166.0,1135.25,1139.0,3552
2024-06-17 07:00:00+00:00,1166.0,1166.75,1137.5,1165.25,1844
2024-06-17 08:00:00+00:00,1165.25,1166.5,1138.25,1166.25,757
2024-06-17 09:00:00+00:00,1166.25,1166.25,1137.5,1165.25,2486
2024-06-17 10:00:00+00:00,1165.0,1165.75,1137.5,1164.75,652
2024-06-17 11:00:00+00:00,1137.5,1168.5,1137.5,1166.75,3047
2024-06-17 12:00:00+00:00,1166.75,1167.25,1135.5,1164.25,2526
2024-06-17 13:00:00+00:00,1137.5,1166.0,1132.0,1162.5,16790
2024-06-17 14:00:00+00:00,1162.75,1163.25,1130.75,1133.5,18614
2024-06-17 15:00:00+00:00,1160.25,1161.75,1130.75,1131.25,16775
2024-06-17 16:00:00+00:00,1159.25,1161.75,1130.75,1160.5,17895
2024-06-17 17:00:00+00:00,1160.5,1162.0,1130.5,1160.25,12479
2024-06-17 18:00:00+00:00,1131.0,1160.0,1129.5,1158.0,11692
2024-06-18 00:00:00+00:00,1130.25,1163.0,1130.0,1163.0,0
2024-06-18 01:00:00+00:00,1134.5,1164.75,1134.0,1164.0,1869
2024-06-18 02:00:00+00:00,1136.0,1164.75,1135.5,1163.75,487
2024-06-18 03:00:00+00:00,1163.75,1164.5,1135.5,1164.0,124
2024-06-18 04:00:00+00:00,1137.0,1165.5,1137.0,1164.75,329
2024-06-18 05:00:00+00:00,1164.75,1165.5,1135.75,1162.75,640
2024-06-18 06:00:00+00:00,1136.0,1164.0,1133.25,1133.25,3509
2024-06-18 07:00:00+00:00,1160.5,1161.0,1132.5,1132.75,1017
2024-06-18 08:00:00+00:00,1159.5,1160.0,1128.5,1158.0,150
2024-06-18 09:00:00+00:00,1158.0,1161.75,1130.25,1160.5,626
2024-06-18 10:00:00+00:00,1133.0,1162.0,1132.5,1133.5,4339
2024-06-18 11:00:00+00:00,1133.75,1161.5,1132.0,1161.25,0
2024-06-18 12:00:00+00:00,1161.5,1162.75,1131.75,1162.25,1869
2024-06-18 13:00:00+00:00,1132.25,1170.25,1131.75,1169.0,28119
2024-06-18 14:00:00+00:00,1169.0,1175.75,1133.0,1174.75,26283
2024-06-18 15:00:00+00:00,1137.75,1175.25,1134.25,1172.0,12285
2024-06-18 16:00:00+00:00,1172.0,1172.5,1133.5,1134.0,7283
2024-06-18 17:00:00+00:00,1134.0,1173.25,1131.5,1172.75,18877
2024-06-18 18:00:00+00:00,1172.5,1175.5,1131.0,1172.5,13949
2024-06-20 04:00:00+00:00,1174.75,1175.0,1132.25,1172.75,306
2024-06-20 05:00:00+00:00,1132.25,1172.75,1130.5,1168.25,1514
2024-06-20 06:00:00+00:00,1168.25,1173.25,1131.0,1173.0,2761
2024-06-20 07:00:00+00:00,1172.75,1173.5,1131.0,1171.5,0
2024-06-20 08:00:00+00:00,1132.0,1172.0,1129.0,1129.25,4625
2024-06-20 09:00:00+00:00,1129.25,1173.25,1129.25,1130.5,1499
2024-06-20 10:00:00+00:00,1172.75,1173.5,1129.25,1129.25,0
2024-06-20 11:00:00+00:00,1129.25,1172.0,1126.5,1126.75,4970
2024-06-20 12:00:00+00:00,1169.75,1169.75,1125.0,1125.25,4311
2024-06-20 13:00:00+00:00,1169.75,1172.25,1120.25,1120.75,30815
2024-06-20 14:00:00+00:00,1121.0,1174.25,1118.5,1124.5,37264
2024-06-20 15:00:00+00:00,1169.0,1170.75,1121.5,1122.25,12695
2024-06-20 16:00:00+00:00,1164.5,1164.5,1116.25,1159.5,0
2024-06-20 17:00:00+00:00,1116.75,1160.25,1115.0,1118.0,40992
2024-06-20 18:00:00+00:00,1158.0,1158.25,1116.25,1116.25,11296
2024-06-21 00:00:00+00:00,1116.5,1160.0,1116.0,1117.75,0
2024-06-21 01:00:00+00:00,1118.0,1161.5,1116.75,1160.25,1393
2024-06-21 02:00:00+00:00,1160.25,1161.5,1117.75,1119.0,0
2024-06-21 03:00:00+00:00,1118.75,1161.0,1117.75,1118.75,190
2024-06-21 04:00:00+00:00,1118.75,1161.0,1118.75,1119.0,214
2024-06-21 05:00:00+00:00,1160.75,1161.25,1118.25,1118.25,495
2024-06-21 06:00:00+00:00,1118.25,1161.25,1117.75,1119.5,1480
2024-06-21 07:00:00+00:00,1119.5,1163.25,1118.5,1163.0,240
2024-06-21 08:00:00+00:00,1163.0,1163.75,1118.0,1118.75,1818
2024-06-21 09:00:00+00:00,1118.75,1163.0,1117.5,1117.5,0
2024-06-21 10:00:00+00:00,1117.5,1163.25,1117.5,1118.75,2210
2024-06-21 11:00:00+00:00,1118.75,1166.0,1118.5,1165.5,67
2024-06-21 12:00:00+00:00,1165.5,1166.0,1118.25,1118.25,5399
2024-06-21 13:00:00+00:00,1118.25,1163.5,1113.25,1115.25,22735
2024-06-21 14:00:00+00:00,1159.5,1164.0,1115.0,1121.5,22530
2024-06-21 15:00:00+00:00,1163.75,1168.75,1119.25,1125.75,23264
2024-06-21 16:00:00+00:00,1168.5,1168.75,1121.5,1123.0,20186
2024-06-21 17:00:00+00:00,1123.0,1163.0,1119.75,1160.5,0
2024-06-21 18:00:00+00:00,1160.75,1161.25,1119.75,1160.5,57020
2024-06-24 00:00:00+00:00,1121.5,1162.0,1119.25,1119.5,2252
2024-06-24 01:00:00+00:00,1119.25,1165.75,1119.0,1165.0,0
2024-06-24 02:00:00+00:00,1165.0,1165.5,1122.75,1123.75,2452
2024-06-24 03:00:00+00:00,1123.75,1167.75,1123.75,1125.0,719
2024-06-24 04:00:00+00:00,1125.0,1167.0,1124.75,1124.75,145
2024-06-24 05:00:00+00:00,1125.0,1167.5,1123.5,1124.0,364
2024-06-24 06:00:00+00:00,1124.0,1166.0,1121.25,1122.0,1017
2024-06-24 07:00:00+00:00,1122.0,1168.75,1121.75,1125.5,1753
2024-06-24 08:00:00+00:00,1168.5,1168.75,1122.25,1122.25,961
2024-06-24 09:00:00+00:00,1122.5,1168.75,1122.25,1168.0,0
2024-06-24 10:00:00+00:00,1123.25,1168.75,1122.5,1122.75,5431
2024-06-24 11:00:00+00:00,1122.5,1169.0,1119.5,1166.0,0
2024-06-24 12:00:00+00:00,1120.5,1165.5,1116.0,1161.25,2465
2024-06-24 13:00:00+00:00,1118.0,1162.25,1111.75,1117.0,31392
2024-06-24 14:00:00+00:00,1116.75,1167.0,1114.5,1117.75,19780
2024-06-24 15:00:00+00:00,1117.5,1170.75,1117.5,1120.5,15659
2024-06-24 16:00:00+00:00,1120.5,1179.5,1118.0,1127.0,15054
2024-06-24 17:00:00+00:00,1126.75,1178.25,1126.25,1129.5,14717
2024-06-24 18:00:00+00:00,1129.75,1177.25,1129.25,1174.0,0
2024-06-25 00:00:00+00:00,1175.0,1175.5,1128.25,1130.25,0
2024-06-25 01:00:00+00:00,1130.0,1175.25,1127.0,1173.75,0
2024-06-25 02:00:00+00:00,1127.25,1176.0,1127.25,1128.0,3417
2024-06-25 03:00:00+00:00,1175.25,1177.5,1127.5,1128.5,244
2024-06-25 04:00:00+00:00,1128.5,1177.5,1127.25,1127.5,389
2024-06-25 05:00:00+00:00,1175.75,1177.25,1127.0,1127.5,593
2024-06-25 06:00:00+00:00,1127.25,1180.0,1125.25,1128.0,1730
2024-06-25 07:00:00+00:00,1128.0,1177.75,1125.25,1126.0,953
2024-06-25 08:00:00+00:00,1125.75,1176.25,1124.25,1125.0,1047
2024-06-25 09:00:00+00:00,1125.0,1175.25,1122.75,1123.25,1485
2024-06-25 10:00:00+00:00,1123.5,1175.75,1122.25,1123.5,1042
2024-06-25 11:00:00+00:00,1175.75,1176.0,1120.75,1171.25,0
2024-06-25 12:00:00+00:00,1121.0,1171.25,1120.0,1122.0,11812
2024-06-25 13:00:00+00:00,1123.0,1170.5,1114.25,1115.0,24041
2024-06-25 14:00:00+00:00,1115.0,1168.5,1112.25,1112.5,19636
2024-06-25 15:00:00+00:00,1112.5,1163.0,1107.0,1113.0,23141
2024-06-25 16:00:00+00:00,1161.75,1162.75,1109.75,1112.0,11270
2024-06-25 17:00:00+00:00,1160.5,1164.25,1111.25,1112.75,9649
2024-06-25 18:00:00+00:00,1162.5,1164.75,1110.5,1111.25,13793
2024-06-26 00:00:00+00:00,1163.0,1168.5,1110.75,1114.5,0
2024-06-26 01:00:00+00:00,1114.25,1171.25,1112.75,1113.25,2352
2024-06-26 02:00:00+00:00,1113.0,1171.75,1113.0,1116.25,1064
2024-06-26 03:00:00+00:00,1116.5,1119.0,1116.25,1118.75,1509
2024-06-26 04:00:00+00:00,1118.5,1118.75,1118.0,1118.0,397
2024-06-26 05:00:00+00:00,1118.0,1119.5,1117.5,1118.0,1054
2024-06-26 06:00:00+00:00,1118.0,1118.25,1113.75,1115.0,3554
2024-06-26 07:00:00+00:00,1115.25,1115.25,1113.25,1114.5,853
2024-06-26 08:00:00+00:00,1114.5,1115.25,1113.0,1114.5,1471
2024-06-26 09:00:00+00:00,1114.25,1115.0,1114.0,1114.5,878
2024-06-26 10:00:00+00:00,1114.5,1116.0,1114.25,1114.5,949
2024-06-26 11:00:00+00:00,1114.5,1116.25,1114.0,1115.0,2107
2024-06-26 12:00:00+00:00,1115.0,1115.75,1110.5,1110.75,3519
2024-06-26 13:00:00+00:00,1109.75,1110.5,1103.0,1106.5,23021
2024-06-26 14:00:00+00:00,1106.75,1113.25,1105.75,1111.25,20261
2024-06-26 15:00:00+00:00,1111.25,1112.25,1108.25,1111.25,12354
2024-06-26 16:00:00+00:00,1111.25,1112.75,1109.0,1111.5,10100
2024-06-26 17:00:00+00:00,1111.5,1111.5,1108.0,1109.25,11270
2024-06-26 18:00:00+00:00,1109.25,1109.5,1106.0,1106.5,10458
2024-06-27 00:00:00+00:00,1106.75,1107.75,1105.75,1107.25,0
2024-06-27 01:00:00+00:00,1107.5,1110.25,1107.0,1107.25,1925
2024-06-27 02:00:00+00:00,1107.0,1109.5,1107.0,1109.25,795
2024-06-27 03:00:00+00:00,1109.25,1110.0,1108.75,1109.75,443
2024-06-27 04:00:00+00:00,1109.75,1109.75,1107.5,1108.0,261
2024-06-27 05:00:00+00:00,1108.0,1108.0,1106.0,1106.25,788
2024-06-27 06:00:00+00:00,1106.25,1107.5,1105.25,1106.0,851
2024-06-27 07:00:00+00:00,1105.75,1106.25,1104.5,1106.25,1168
2024-06-27 08:00:00+00:00,1106.25,1110.0,1105.75,1109.25,1130
2024-06-27 09:00:00+00:00,1109.25,1111.0,1107.5,1107.5,1383
2024-06-27 10:00:00+00:00,1107.5,1108.75,1107.25,1108.5,485
2024-06-27 11:00:00+00:00,1108.25,1108.5,1106.0,1107.5,1114
2024-06-27 12:00:00+00:00,1107.75,1110.75,1107.5,1109.75,4451
2024-06-27 13:00:00+00:00,1109.5,1109.5,1105.75,1107.5,18151
2024-06-27 14:00:00+00:00,1107.25,1108.0,1104.0,1106.75,20909
2024-06-27 15:00:00+00:00,1106.75,1109.25,1101.5,1101.75,17655
2024-06-27 16:00:00+00:00,1101.75,1107.0,1101.0,1105.5,14621
2024-06-27 17:00:00+00:00,1105.25,1107.25,1102.5,1103.5,11738
2024-06-27 18:00:00+00:00,1103.5,1105.75,1103.0,1105.0,10393
2024-06-28 00:00:00+00:00,1105.0,1108.0,1104.0,1106.5,0
2024-06-28 01:00:00+00:00,1106.75,1110.0,1106.25,1109.0,987
2024-06-28 02:00:00+00:00,1109.0,1110.0,1109.0,1109.75,1211
2024-06-28 03:00:00+00:00,1110.0,1111.5,1109.75,1110.75,761
2024-06-28 04:00:00+00:00,1110.75,1110.75,1108.75,1109.0,253
2024-06-28 05:00:00+00:00,1109.0,1110.25,1108.75,1109.25,848
2024-06-28 06:00:00+00:00,1109.25,1112.25,1108.75,1110.25,1623
2024-06-28 07:00:00+00:00,1110.0,1112.75,1110.0,1112.5,1245
2024-06-28 08:00:00+00:00,1112.5,1113.25,1111.75,1113.0,1191
2024-06-28 09:00:00+00:00,1113.0,1114.5,1112.5,1113.0,1150
2024-06-28 10:00:00+00:00,1113.0,1113.0,1111.25,1113.0,1107
2024-06-28 11:00:00+00:00,1112.75,1113.25,1107.75,1108.5,1547
2024-06-28 12:00:00+00:00,1108.75,1111.0,1107.75,1110.0,2194
2024-06-28 13:00:00+00:00,1108.5,1108.5,1102.5,1105.0,13965
2024-06-28 14:00:00+00:00,1104.75,1111.25,1104.0,1111.25,13356
2024-06-28 15:00:00+00:00,1111.25,1114.75,1110.25,1114.75,17141
2024-06-28 16:00:00+00:00,1114.5,1125.0,1100.75,1111.25,73705
2024-06-28 17:00:00+00:00,1111.5,1112.5,1101.0,1101.0,24530
2024-06-28 18:00:00+00:00,1101.0,1106.5,1100.0,1105.5,13321
2024-07-01 00:00:00+00:00,1104.0,1107.0,1098.75,1107.0,3532
2024-07-01 01:00:00+00:00,1107.25,1109.0,1102.25,1105.25,3349
2024-07-01 02:00:00+00:00,1105.5,1105.75,1103.5,1104.5,599
2024-07-01 03:00:00+00:00,1104.0,1105.75,1104.0,1105.0,233
2024-07-01 04:00:00+00:00,1105.0,1105.25,1103.75,1104.75,613
2024-07-01 05:00:00+00:00,1104.5,1104.75,1102.75,1103.5,1106
2024-07-01 06:00:00+00:00,1103.25,1108.5,1103.25,1108.25,2371
2024-07-01 07:00:00+00:00,1108.25,1109.5,1107.0,1107.0,964
2024-07-01 08:00:00+00:00,1106.75,1107.25,1104.25,1104.5,955
2024-07-01 09:00:00+00:00,1104.75,1105.75,1102.0,1104.0,1881
2024-07-01 10:00:00+00:00,1104.0,1104.0,1101.5,1101.75,1639
2024-07-01 11:00:00+00:00,1101.75,1103.5,1100.25,1103.25,2142
2024-07-01 12:00:00+00:00,1103.5,1104.0,1100.25,1101.0,2428
2024-07-01 13:00:00+00:00,1103.0,1103.0,1097.0,1098.5,20584
2024-07-01 14:00:00+00:00,1098.25,1107.25,1098.0,1102.75,20419
2024-07-01 15:00:00+00:00,1102.75,1108.75,1102.25,1103.25,16506
2024-07-01 16:00:00+00:00,1103.0,1107.0,1101.75,1106.0,10054
2024-07-01 17:00:00+00:00,1106.25,1110.0,1105.0,1109.0,11638
2024-07-01 18:00:00+00:00,1109.0,1113.0,1108.75,1111.25,13501
2024-07-02 00:00:00+00:00,1110.75,1112.5,1108.75,1109.75,0
2024-07-02 01:00:00+00:00,1109.5,1114.0,1109.5,1114.0,1989
2024-07-02 02:00:00+00:00,1114.0,1114.25,1112.25,1112.5,1213
2024-07-02 03:00:00+00:00,1112.25,1113.75,1112.25,1113.0,442
2024-07-02 04:00:00+00:00,1113.0,1113.0,1112.25,1112.25,174
2024-07-02 05:00:00+00:00,1112.25,1116.25,1112.25,1116.25,1486
2024-07-02 06:00:00+00:00,1116.25,1116.75,1114.0,1116.5,2508
2024-07-02 07:00:00+00:00,1116.5,1116.75,1115.0,1116.0,1103
2024-07-02 08:00:00+00:00,1116.0,1117.25,1115.75,1116.75,1611
2024-07-02 09:00:00+00:00,1116.75,1118.0,1116.25,1117.0,1452
2024-07-02 10:00:00+00:00,1117.0,1119.5,1116.25,1117.25,1739
2024-07-02 11:00:00+00:00,1117.0,1121.0,1117.0,1121.0,1699
2024-07-02 12:00:00+00:00,1121.25,1122.75,1119.0,1119.25,4451
2024-07-02 13:00:00+00:00,1118.5,1124.0,1118.0,1123.0,26151
2024-07-02 14:00:00+00:00,1123.0,1124.0,1117.25,1120.0,22333
2024-07-02 15:00:00+00:00,1120.25,1120.75,1115.75,1116.0,15931
2024-07-02 16:00:00+00:00,1116.0,1116.5,1109.75,1111.75,15427
2024-07-02 17:00:00+00:00,1111.75,1113.75,1111.5,1112.25,10474
2024-07-02 18:00:00+00:00,1112.25,1113.5,1111.5,1113.0,9559
2024-07-03 00:00:00+00:00,1113.5,1115.5,1113.0,1114.75,0
2024-07-03 01:00:00+00:00,1114.75,1116.0,1113.5,1114.25,2420
2024-07-03 02:00:00+00:00,1114.0,1114.5,1110.75,1111.5,805
2024-07-03 03:00:00+00:00,1111.5,1113.25,1111.25,1112.75,661
2024-07-03 04:00:00+00:00,1112.25,1113.5,1111.75,1112.0,270
2024-07-03 05:00:00+00:00,1112.25,1114.0,1111.5,1113.75,664
2024-07-03 06:00:00+00:00,1113.75,1114.75,1113.25,1114.25,1323
2024-07-03 07:00:00+00:00,1114.25,1117.0,1114.0,1116.75,1445
2024-07-03 08:00:00+00:00,1116.75,1119.5,1116.5,1118.75,1543
2024-07-03 09:00:00+00:00,1118.5,1119.0,1117.0,1118.25,747
2024-07-03 10:00:00+00:00,1118.25,1118.25,1115.5,1116.75,730
2024-07-03 11:00:00+00:00,1116.75,1119.0,1116.25,1119.0,873
2024-07-03 12:00:00+00:00,1118.75,1119.25,1117.75,1118.25,1671
2024-07-03 13:30:00+00:00,1117.0,1121.5,1116.75,1121.25,13900
2024-07-03 14:30:00+00:00,1121.25,1126.25,1120.25,1124.5,21491
2024-07-03 15:30:00+00:00,1124.5,1125.0,1119.25,1123.0,10373
2024-07-03 16:30:00+00:00,1123.0,1125.25,1121.75,1124.25,13340
2024-07-03 17:00:00+00:00,1124.0,1124.5,1119.25,1120.75,10817
2024-07-03 18:00:00+00:00,1121.0,1122.0,1120.0,1121.5,8914
2024-07-05 13:00:00+00:00,1120.0,1123.0,1114.0,1122.5,21993
2024-07-05 14:00:00+00:00,1122.5,1127.5,1120.0,1126.5,15180
2024-07-05 15:00:00+00:00,1126.5,1131.5,1126.25,1130.0,17453
2024-07-05 16:00:00+00:00,1130.25,1133.75,1130.0,1130.75,16892
2024-07-05 17:00:00+00:00,1130.5,1131.25,1128.25,1129.0,8019
2024-07-05 18:00:00+00:00,1129.25,1131.5,1129.0,1131.5,7082
2024-07-08 00:00:00+00:00,1124.5,1125.25,1119.75,1120.0,3847
2024-07-08 01:00:00+00:00,1119.75,1122.0,1118.25,1119.25,1907
2024-07-08 02:00:00+00:00,1119.25,1120.5,1118.25,1118.75,1211
2024-07-08 03:00:00+00:00,1118.5,1119.0,1118.0,1118.5,656
2024-07-08 04:00:00+00:00,1118.25,1118.75,1117.5,1118.0,279
2024-07-08 05:00:00+00:00,1117.75,1118.0,1116.0,1116.25,1462
2024-07-08 06:00:00+00:00,1116.25,1117.0,1115.25,1115.25,1778
2024-07-08 07:00:00+00:00,1115.25,1115.75,1114.25,1114.25,1371
2024-07-08 08:00:00+00:00,1114.25,1114.5,1112.5,1113.25,1941
2024-07-08 09:00:00+00:00,1113.25,1113.5,1111.75,1112.25,1125
2024-07-08 10:00:00+00:00,1112.5,1113.0,1111.25,1112.25,1626
2024-07-08 11:00:00+00:00,1112.25,1113.0,1110.5,1110.5,2299
2024-07-08 12:00:00+00:00,1110.75,1111.25,1110.0,1110.5,3235
2024-07-08 13:00:00+00:00,1110.25,1110.75,1101.0,1102.5,24845
2024-07-08 14:00:00+00:00,1102.75,1104.25,1098.25,1099.0,26467
2024-07-08 15:00:00+00:00,1099.0,1100.25,1094.25,1097.75,21096
2024-07-08 16:00:00+00:00,1097.5,1098.75,1096.0,1098.0,11672
2024-07-08 17:00:00+00:00,1098.0,1101.5,1097.5,1100.0,10247
2024-07-08 18:00:00+00:00,1100.0,1100.75,1098.5,1099.5,15781
2024-07-09 00:00:00+00:00,1098.0,1101.0,1097.0,1098.5,0
2024-07-09 01:00:00+00:00,1098.5,1099.0,1096.0,1097.75,2997
2024-07-09 02:00:00+00:00,1097.5,1097.75,1094.5,1094.5,1533
2024-07-09 03:00:00+00:00,1094.5,1095.25,1093.25,1093.75,1484
2024-07-09 04:00:00+00:00,1093.75,1094.25,1093.5,1094.0,401
2024-07-09 05:00:00+00:00,1094.0,1096.0,1093.25,1095.5,1832
2024-07-09 06:00:00+00:00,1095.25,1095.75,1093.75,1094.25,1343
2024-07-09 07:00:00+00:00,1094.5,1096.5,1094.5,1095.0,1813
2024-07-09 08:00:00+00:00,1095.0,1095.25,1092.75,1093.25,1813
2024-07-09 09:00:00+00:00,1093.25,1093.75,1091.75,1092.75,1686
2024-07-09 10:00:00+00:00,1093.0,1096.25,1093.0,1095.25,2013
2024-07-09 11:00:00+00:00,1095.0,1095.75,1093.25,1094.75,1285
2024-07-09 12:00:00+00:00,1094.75,1097.5,1094.5,1096.25,2916
2024-07-09 13:00:00+00:00,1096.25,1099.0,1091.75,1093.0,14895
2024-07-09 14:00:00+00:00,1093.0,1094.5,1087.5,1090.25,28490
2024-07-09 15:00:00+00:00,1090.0,1090.5,1083.5,1084.0,15565
2024-07-09 16:00:00+00:00,1084.0,1086.5,1082.25,1083.75,15716
2024-07-09 17:00:00+00:00,1084.0,1085.5,1079.0,1081.75,16919
2024-07-09 18:00:00+00:00,1081.5,1082.0,1077.75,1077.75,0
2024-07-10 00:00:00+00:00,1079.25,1080.75,1078.0,1080.25,2252
2024-07-10 01:00:00+00:00,1080.0,1080.75,1075.0,1075.75,2122
2024-07-10 02:00:00+00:00,1075.5,1076.0,1073.75,1074.0,1879
2024-07-10 03:00:00+00:00,1073.75,1074.0,1072.0,1072.75,1426
2024-07-10 04:00:00+00:00,1073.0,1074.0,1072.75,1074.0,1059
2024-07-10 05:00:00+00:00,1074.25,1074.75,1072.75,1073.5,1499
2024-07-10 06:00:00+00:00,1073.5,1074.75,1073.5,1073.75,1598
2024-07-10 07:00:00+00:00,1074.0,1077.5,1073.0,1074.75,1998
2024-07-10 08:00:00+00:00,1074.5,1078.0,1074.25,1077.5,1635
2024-07-10 09:00:00+00:00,1077.5,1078.0,1075.0,1077.0,1611
2024-07-10 10:00:00+00:00,1077.0,1078.25,1076.5,1077.25,1044
2024-07-10 11:00:00+00:00,1077.25,1079.0,1076.25,1078.5,1623
2024-07-10 12:00:00+00:00,1078.75,1083.25,1078.75,1081.75,5081
2024-07-10 13:00:00+00:00,1083.25,1085.5,1077.75,1078.25,20911
2024-07-10 14:00:00+00:00,1079.0,1079.5,1074.75,1075.0,19254
2024-07-10 15:00:00+00:00,1075.0,1077.5,1072.75,1077.0,15963
2024-07-10 16:00:00+00:00,1076.75,1076.75,1071.25,1072.0,11908
2024-07-10 17:00:00+00:00,1072.25,1072.75,1068.25,1070.0,12117
2024-07-10 18:00:00+00:00,1070.25,1070.5,1066.0,1066.25,0
2024-07-11 00:00:00+00:00,1067.5,1070.0,1067.0,1069.75,3399
2024-07-11 01:00:00+00:00,1069.75,1071.0,1067.5,1068.0,1845
2024-07-11 02:00:00+00:00,1068.25,1070.25,1068.25,1070.0,789
2024-07-11 03:00:00+00:00,1069.75,1070.5,1068.25,1070.25,1422
2024-07-11 04:00:00+00:00,1070.0,1070.5,1069.5,1069.5,543
2024-07-11 05:00:00+00:00,1069.5,1070.0,1068.25,1068.25,1420
2024-07-11 06:00:00+00:00,1068.25,1069.25,1065.5,1066.25,3155
2024-07-11 07:00:00+00:00,1066.0,1067.5,1065.5,1067.25,929
2024-07-11 08:00:00+00:00,1067.0,1069.25,1066.75,1068.5,1863
2024-07-11 09:00:00+00:00,1068.25,1071.75,1068.25,1071.25,2488
2024-07-11 10:00:00+00:00,1071.25,1072.25,1069.75,1070.0,2088
2024-07-11 11:00:00+00:00,1070.25,1073.75,1070.0,1073.5,2417
2024-07-11 12:00:00+00:00,1073.5,1076.0,1072.25,1074.5,4427
2024-07-11 13:00:00+00:00,1073.75,1074.25,1067.5,1073.25,19798
2024-07-11 14:00:00+00:00,1073.25,1075.25,1070.25,1072.5,15011
2024-07-11 15:00:00+00:00,1072.5,1073.75,1066.0,1066.75,14694
2024-07-11 16:00:00+00:00,1067.0,1068.5,1061.75,1063.0,13954
2024-07-11 17:00:00+00:00,1063.0,1068.0,1062.75,1067.25,10392
2024-07-11 18:00:00+00:00,1067.25,1068.75,1066.75,1068.25,13167
2024-07-12 00:00:00+00:00,1068.75,1071.0,1067.0,1068.25,0
2024-07-12 01:00:00+00:00,1068.25,1070.5,1068.25,1069.5,1372
2024-07-12 02:00:00+00:00,1069.5,1072.25,1069.5,1071.0,1325
2024-07-12 03:00:00+00:00,1071.0,1071.75,1069.75,1070.5,377
2024-07-12 04:00:00+00:00,1070.5,1071.0,1070.0,1070.5,220
2024-07-12 05:00:00+00:00,1070.25,1070.25,1067.25,1067.25,591
2024-07-12 06:00:00+00:00,1067.25,1068.25,1065.25,1065.25,1247
2024-07-12 07:00:00+00:00,1065.5,1066.25,1064.5,1065.75,1619
2024-07-12 08:00:00+00:00,1065.75,1066.75,1065.0,1066.5,812
2024-07-12 09:00:00+00:00,1066.5,1066.5,1063.5,1064.25,953
2024-07-12 10:00:00+00:00,1064.25,1064.75,1063.75,1064.25,663
2024-07-12 11:00:00+00:00,1064.0,1066.75,1064.0,1064.5,2990
2024-07-12 12:00:00+00:00,1064.5,1068.75,1064.5,1067.5,0
2024-07-12 13:00:00+00:00,1067.5,1068.0,1060.5,1062.25,36968
2024-07-12 14:00:00+00:00,1062.25,1063.75,1059.75,1060.5,18340
2024-07-12 15:00:00+00:00,1060.25,1064.0,1059.5,1063.0,11802
2024-07-12 16:00:00+00:00,1063.5,1073.5,1063.25,1069.5,28033
2024-07-12 17:00:00+00:00,1069.5,1070.0,1066.25,1068.5,9760
2024-07-12 18:00:00+00:00,1068.5,1069.75,1064.0,1064.5,12053
2024-07-15 00:00:00+00:00,1057.0,1064.0,1055.5,1056.75,5047
2024-07-15 01:00:00+00:00,1056.5,1056.5,1052.75,1054.0,6224
2024-07-15 02:00:00+00:00,1054.0,1054.5,1052.0,1053.0,1439
2024-07-15 03:00:00+00:00,1053.0,1054.5,1052.75,1053.5,731
2024-07-15 04:00:00+00:00,1053.5,1053.5,1051.5,1052.75,729
2024-07-15 05:00:00+00:00,1052.75,1053.25,1050.75,1051.25,1262
2024-07-15 06:00:00+00:00,1051.25,1052.0,1050.25,1051.0,1837
2024-07-15 07:00:00+00:00,1051.0,1051.5,1050.25,1051.0,1394
2024-07-15 08:00:00+00:00,1050.75,1051.5,1048.75,1049.25,1931
2024-07-15 09:00:00+00:00,1049.25,1050.5,1049.0,1049.75,1237
2024-07-15 10:00:00+00:00,1049.75,1050.0,1047.5,1048.75,1758
2024-07-15 11:00:00+00:00,1048.75,1050.5,1047.0,1047.25,2936
2024-07-15 12:00:00+00:00,1047.25,1047.75,1044.0,1045.75,3057
2024-07-15 13:00:00+00:00,1046.25,1047.5,1043.0,1046.25,23570
2024-07-15 14:00:00+00:00,1046.0,1046.75,1042.5,1045.5,17463
2024-07-15 15:00:00+00:00,1045.75,1047.75,1044.0,1044.25,12846
2024-07-15 16:00:00+00:00,1044.25,1046.0,1040.75,1041.25,13486
2024-07-15 17:00:00+00:00,1041.5,1042.0,1039.5,1040.5,12583
2024-07-15 18:00:00+00:00,1040.75,1041.0,1038.75,1038.75,0
2024-07-16 00:00:00+00:00,1040.0,1047.0,1040.0,1045.5,2918
2024-07-16 01:00:00+00:00,1045.5,1046.25,1041.25,1041.5,2315
2024-07-16 02:00:00+00:00,1041.75,1043.75,1040.0,1042.75,1892
2024-07-16 03:00:00+00:00,1042.5,1043.0,1041.25,1041.75,363
2024-07-16 04:00:00+00:00,1041.75,1042.0,1041.25,1041.75,154
2024-07-16 05:00:00+00:00,1041.75,1042.5,1040.5,1041.25,1483
2024-07-16 06:00:00+00:00,1041.0,1041.0,1039.0,1040.0,1142
2024-07-16 07:00:00+00:00,1040.25,1042.25,1039.5,1040.5,1419
2024-07-16 08:00:00+00:00,1040.5,1042.75,1037.5,1042.75,4720
2024-07-16 09:00:00+00:00,1042.5,1044.75,1042.5,1043.75,1628
2024-07-16 10:00:00+00:00,1043.5,1044.5,1043.5,1043.5,883
2024-07-16 11:00:00+00:00,1043.5,1043.75,1040.75,1040.75,1563
2024-07-16 12:00:00+00:00,1040.75,1043.75,1040.0,1041.5,2773
2024-07-16 13:00:00+00:00,1041.0,1042.25,1037.25,1040.5,20699
2024-07-16 14:00:00+00:00,1040.5,1052.0,1040.25,1048.0,28796
2024-07-16 15:00:00+00:00,1047.25,1048.75,1044.25,1047.25,15165
2024-07-16 16:00:00+00:00,1047.0,1047.5,1043.5,1044.75,10335
2024-07-16 17:00:00+00:00,1044.75,1046.75,1041.5,1041.75,10238
2024-07-16 18:00:00+00:00,1042.0,1044.75,1041.5,1044.5,11632
2024-07-17 00:00:00+00:00,1043.25,1047.75,1043.25,1047.25,0
2024-07-17 01:00:00+00:00,1047.0,1048.0,1044.75,1046.5,755
2024-07-17 02:00:00+00:00,1046.5,1047.5,1046.25,1046.75,518
2024-07-17 03:00:00+00:00,1046.75,1046.75,1043.75,1045.0,601
2024-07-17 04:00:00+00:00,1044.75,1044.75,1044.0,1044.25,109
2024-07-17 05:00:00+00:00,1044.5,1045.25,1043.25,1044.0,1772
2024-07-17 06:00:00+00:00,1044.0,1046.0,1042.75,1045.25,2979
2024-07-17 07:00:00+00:00,1045.5,1047.25,1045.25,1046.25,1803
2024-07-17 08:00:00+00:00,1046.25,1046.75,1044.75,1046.5,1149
2024-07-17 09:00:00+00:00,1046.25,1048.75,1046.25,1047.5,1059
2024-07-17 10:00:00+00:00,1047.25,1049.0,1046.5,1048.0,824
2024-07-17 11:00:00+00:00,1048.25,1050.5,1048.25,1048.5,1341
2024-07-17 12:00:00+00:00,1048.5,1048.5,1045.5,1047.5,0
2024-07-17 13:00:00+00:00,1047.5,1048.75,1042.25,1047.5,36753
2024-07-17 14:00:00+00:00,1047.25,1047.75,1041.5,1043.25,12525
2024-07-17 15:00:00+00:00,1043.0,1043.5,1041.0,1041.75,9832
2024-07-17 16:00:00+00:00,1041.75,1042.25,1038.0,1040.25,16441
2024-07-17 17:00:00+00:00,1040.25,1043.5,1039.75,1043.0,14270
2024-07-17 18:00:00+00:00,1043.0,1043.25,1040.0,1042.25,0
2024-07-18 00:00:00+00:00,1042.0,1043.75,1042.0,1043.75,2235
2024-07-18 01:00:00+00:00,1043.5,1044.5,1036.25,1036.25,4032
2024-07-18 02:00:00+00:00,1036.0,1036.5,1034.0,1034.75,2992
2024-07-18 03:00:00+00:00,1034.75,1035.25,1034.25,1034.5,1146
2024-07-18 04:00:00+00:00,1033.75,1034.0,1031.75,1033.25,1194
2024-07-18 05:00:00+00:00,1033.25,1033.75,1032.0,1032.5,1306
2024-07-18 06:00:00+00:00,1032.25,1037.0,1032.25,1036.75,2636
2024-07-18 07:00:00+00:00,1036.75,1037.0,1032.5,1034.25,1723
2024-07-18 08:00:00+00:00,1034.25,1035.0,1032.5,1034.25,1449
2024-07-18 09:00:00+00:00,1034.25,1034.5,1032.5,1034.5,737
2024-07-18 10:00:00+00:00,1034.25,1035.0,1033.25,1034.75,1651
2024-07-18 11:00:00+00:00,1034.75,1037.25,1034.75,1036.75,1636
2024-07-18 12:00:00+00:00,1036.75,1038.0,1034.75,1036.5,3806
2024-07-18 13:00:00+00:00,1037.75,1040.5,1034.0,1036.75,18267
2024-07-18 14:00:00+00:00,1036.5,1045.0,1034.0,1043.75,19192
2024-07-18 15:00:00+00:00,1043.75,1045.5,1039.75,1042.75,17114
2024-07-18 16:00:00+00:00,1042.75,1046.25,1042.0,1042.75,9835
2024-07-18 17:00:00+00:00,1042.5,1044.25,1042.0,1043.0,7867
2024-07-18 18:00:00+00:00,1043.25,1043.75,1041.75,1043.75,7344
2024-07-19 00:00:00+00:00,1043.0,1043.75,1040.25,1042.25,0
2024-07-19 01:00:00+00:00,1042.0,1043.5,1041.25,1043.5,1131
2024-07-19 02:00:00+00:00,1043.0,1047.25,1043.0,1047.25,1142
2024-07-19 03:00:00+00:00,1047.0,1048.0,1046.5,1047.0,2108
2024-07-19 04:00:00+00:00,1047.75,1048.0,1047.25,1048.0,382
2024-07-19 05:00:00+00:00,1047.75,1048.0,1044.5,1045.5,1208
2024-07-19 06:00:00+00:00,1045.25,1046.0,1044.0,1044.5,716
2024-07-19 07:00:00+00:00,1044.5,1044.5,1042.25,1042.75,913
2024-07-19 08:00:00+00:00,1042.75,1044.25,1042.5,1044.25,503
2024-07-19 09:00:00+00:00,1044.0,1045.25,1043.0,1044.75,589
2024-07-19 10:00:00+00:00,1044.5,1047.5,1043.25,1047.0,1386
2024-07-19 11:00:00+00:00,1046.75,1047.5,1045.5,1047.5,822
2024-07-19 12:00:00+00:00,1047.25,1049.0,1046.0,1048.0,3007
2024-07-19 13:00:00+00:00,1047.75,1049.0,1044.25,1047.25,16761
2024-07-19 14:00:00+00:00,1047.0,1048.75,1044.75,1045.25,13352
2024-07-19 15:00:00+00:00,1045.25,1045.5,1041.5,1043.0,10078
2024-07-19 16:00:00+00:00,1043.0,1043.75,1037.5,1038.5,8955
2024-07-19 17:00:00+00:00,1038.5,1038.75,1037.0,1038.0,7918
2024-07-19 18:00:00+00:00,1038.0,1038.0,1035.25,1035.5,8437
2024-07-22 00:00:00+00:00,1040.75,1048.5,1040.5,1048.25,4468
2024-07-22 01:00:00+00:00,1048.0,1050.0,1047.25,1049.5,2842
2024-07-22 02:00:00+00:00,1049.25,1053.5,1048.75,1053.0,2397
2024-07-22 03:00:00+00:00,1053.0,1054.25,1051.5,1052.5,1919
2024-07-22 04:00:00+00:00,1052.5,1052.5,1051.5,1052.5,299
2024-07-22 05:00:00+00:00,1052.5,1052.5,1051.25,1052.0,745
2024-07-22 06:00:00+00:00,1051.5,1054.0,1051.5,1052.75,1538
2024-07-22 07:00:00+00:00,1052.75,1053.75,1052.0,1053.75,819
2024-07-22 08:00:00+00:00,1053.75,1055.0,1053.25,1054.5,1138
2024-07-22 09:00:00+00:00,1054.25,1055.75,1053.0,1053.25,1726
2024-07-22 10:00:00+00:00,1053.25,1057.5,1053.25,1055.25,2596
2024-07-22 11:00:00+00:00,1055.0,1056.5,1053.5,1053.75,2415
2024-07-22 12:00:00+00:00,1053.5,1054.0,1051.0,1052.25,2204
2024-07-22 13:00:00+00:00,1056.5,1062.25,1055.75,1062.0,24860
2024-07-22 14:00:00+00:00,1062.0,1064.75,1060.0,1064.5,23174
2024-07-22 15:00:00+00:00,1065.75,1067.25,1064.25,1066.0,16790
2024-07-22 16:00:00+00:00,1065.75,1067.0,1063.5,1064.25,10780
2024-07-22 17:00:00+00:00,1064.25,1067.0,1063.5,1067.0,10084
2024-07-22 18:00:00+00:00,1066.75,1069.75,1066.0,1069.25,0
2024-07-23 00:00:00+00:00,1067.0,1072.0,1066.5,1071.5,4893
2024-07-23 01:00:00+00:00,1071.5,1074.75,1070.0,1073.75,3024
2024-07-23 02:00:00+00:00,1073.5,1073.75,1070.5,1071.0,1191
2024-07-23 03:00:00+00:00,1070.75,1071.25,1069.75,1070.75,637
2024-07-23 04:00:00+00:00,1070.75,1071.0,1068.0,1069.0,805
2024-07-23 05:00:00+00:00,1069.0,1069.25,1067.0,1067.25,1830
2024-07-23 06:00:00+00:00,1067.5,1069.0,1065.25,1066.0,3177
2024-07-23 07:00:00+00:00,1066.0,1066.75,1063.75,1064.25,2359
2024-07-23 08:00:00+00:00,1064.0,1067.75,1064.0,1066.25,1200
2024-07-23 09:00:00+00:00,1066.0,1070.75,1065.75,1069.0,2346
2024-07-23 10:00:00+00:00,1068.75,1072.75,1068.75,1072.5,3840
2024-07-23 11:00:00+00:00,1072.5,1073.5,1069.25,1070.75,3391
2024-07-23 12:00:00+00:00,1070.75,1078.5,1067.75,1076.5,9629
2024-07-23 13:00:00+00:00,1078.25,1083.0,1074.25,1074.25,30886
2024-07-23 14:00:00+00:00,1074.25,1082.75,1073.75,1079.0,27289
2024-07-23 15:00:00+00:00,1079.0,1086.75,1078.5,1082.5,20695
2024-07-23 16:00:00+00:00,1082.75,1083.25,1075.5,1076.25,13320
2024-07-23 17:00:00+00:00,1076.0,1078.0,1071.75,1075.25,15399
2024-07-23 18:00:00+00:00,1075.5,1077.0,1074.25,1076.0,0
2024-07-24 00:00:00+00:00,1075.0,1076.75,1071.75,1071.75,2558
2024-07-24 01:00:00+00:00,1071.75,1072.75,1068.75,1071.75,2863
2024-07-24 02:00:00+00:00,1071.5,1072.25,1070.25,1071.5,936
2024-07-24 03:00:00+00:00,1071.5,1072.75,1071.0,1071.75,225
2024-07-24 04:00:00+00:00,1071.5,1071.5,1067.5,1067.5,1169
2024-07-24 05:00:00+00:00,1067.5,1068.0,1063.0,1063.0,3104
2024-07-24 06:00:00+00:00,1063.25,1068.25,1063.0,1066.0,2182
2024-07-24 07:00:00+00:00,1066.0,1069.5,1066.0,1069.0,1747
2024-07-24 08:00:00+00:00,1068.75,1069.5,1066.75,1068.75,1317
2024-07-24 09:00:00+00:00,1068.75,1072.75,1067.5,1072.75,2592
2024-07-24 10:00:00+00:00,1072.5,1073.25,1070.0,1071.0,1198
2024-07-24 11:00:00+00:00,1071.0,1073.25,1070.25,1072.25,1199
2024-07-24 12:00:00+00:00,1072.0,1072.0,1067.25,1069.25,4672
2024-07-24 13:00:00+00:00,1068.5,1074.5,1068.5,1071.25,15824
2024-07-24 14:00:00+00:00,1071.0,1078.0,1069.0,1077.0,20571
2024-07-24 15:00:00+00:00,1077.0,1080.25,1073.0,1074.0,15150
2024-07-24 16:00:00+00:00,1073.75,1076.0,1072.25,1073.0,10392
2024-07-24 17:00:00+00:00,1072.75,1073.5,1063.75,1064.0,22125
2024-07-24 18:00:00+00:00,1064.25,1065.0,1062.75,1064.0,11143
2024-07-25 00:00:00+00:00,1065.0,1066.0,1060.5,1062.75,0
2024-07-25 01:00:00+00:00,1062.5,1063.25,1059.75,1060.5,1369
2024-07-25 02:00:00+00:00,1060.5,1062.25,1058.5,1058.75,860
2024-07-25 03:00:00+00:00,1059.0,1061.25,1058.75,1059.75,542
2024-07-25 04:00:00+00:00,1059.5,1060.25,1058.75,1059.5,417
2024-07-25 05:00:00+00:00,1059.25,1060.75,1058.75,1059.75,679
2024-07-25 06:00:00+00:00,1059.75,1063.25,1059.25,1060.25,2719
2024-07-25 07:00:00+00:00,1060.25,1060.25,1057.75,1059.25,1807
2024-07-25 08:00:00+00:00,1059.25,1062.5,1058.75,1060.75,1237
2024-07-25 09:00:00+00:00,1060.5,1062.5,1060.0,1061.75,751
2024-07-25 10:00:00+00:00,1062.0,1063.5,1061.0,1061.75,1252
2024-07-25 11:00:00+00:00,1061.75,1062.0,1060.25,1061.75,1248
2024-07-25 12:00:00+00:00,1061.5,1067.0,1059.25,1066.5,3900
2024-07-25 13:00:00+00:00,1067.0,1072.25,1066.5,1071.0,23113
2024-07-25 14:00:00+00:00,1071.25,1080.75,1068.75,1079.5,32228
2024-07-25 15:00:00+00:00,1079.5,1081.0,1076.5,1077.25,18335
2024-07-25 16:00:00+00:00,1077.5,1082.5,1076.5,1079.0,13895
2024-07-25 17:00:00+00:00,1079.0,1081.75,1078.5,1079.5,15023
2024-07-25 18:00:00+00:00,1079.75,1080.0,1078.25,1078.75,0
2024-07-26 00:00:00+00:00,1077.75,1079.5,1075.0,1076.0,3106
2024-07-26 01:00:00+00:00,1075.75,1080.5,1075.5,1079.0,1617
2024-07-26 02:00:00+00:00,1079.0,1079.5,1077.5,1078.0,795
2024-07-26 03:00:00+00:00,1078.0,1079.0,1077.5,1077.5,544
2024-07-26 04:00:00+00:00,1077.5,1079.0,1077.5,1079.0,794
2024-07-26 05:00:00+00:00,1078.75,1079.75,1078.5,1079.5,641
2024-07-26 06:00:00+00:00,1079.25,1079.25,1075.0,1075.5,2070
2024-07-26 07:00:00+00:00,1075.75,1077.25,1074.25,1075.25,1523
2024-07-26 08:00:00+00:00,1075.25,1076.0,1074.25,1075.25,1478
2024-07-26 09:00:00+00:00,1075.0,1075.25,1073.0,1074.0,1945
2024-07-26 10:00:00+00:00,1074.25,1074.75,1072.5,1072.75,1379
2024-07-26 11:00:00+00:00,1072.75,1073.5,1071.75,1071.75,2267
2024-07-26 12:00:00+00:00,1072.0,1072.25,1067.5,1068.0,6070
2024-07-26 13:00:00+00:00,1067.25,1067.75,1060.75,1062.0,26746
2024-07-26 14:00:00+00:00,1062.0,1062.25,1055.0,1057.5,34992
2024-07-26 15:00:00+00:00,1057.75,1060.0,1056.5,1058.25,14525
2024-07-26 16:00:00+00:00,1058.25,1058.25,1052.5,1054.75,15763
2024-07-26 17:00:00+00:00,1054.75,1055.0,1047.75,1048.25,21370
2024-07-26 18:00:00+00:00,1048.0,1050.5,1045.0,1046.5,18750
2024-07-29 00:00:00+00:00,1044.5,1044.5,1032.75,1032.75,7777
2024-07-29 01:00:00+00:00,1032.75,1033.75,1027.5,1033.25,5857
2024-07-29 02:00:00+00:00,1033.5,1035.25,1032.25,1035.0,1888
2024-07-29 03:00:00+00:00,1034.75,1036.5,1034.25,1036.0,986
2024-07-29 04:00:00+00:00,1035.75,1037.5,1035.75,1037.25,513
2024-07-29 05:00:00+00:00,1037.25,1038.75,1036.5,1037.0,1280
2024-07-29 06:00:00+00:00,1037.0,1038.5,1034.75,1035.25,2149
2024-07-29 07:00:00+00:00,1035.5,1037.75,1034.25,1035.75,1312
2024-07-29 08:00:00+00:00,1035.5,1036.25,1033.75,1035.25,2423
2024-07-29 09:00:00+00:00,1035.0,1035.75,1033.5,1035.0,1307
2024-07-29 10:00:00+00:00,1035.25,1035.25,1032.0,1032.0,1302
2024-07-29 11:00:00+00:00,1032.0,1032.25,1026.75,1026.75,3103
2024-07-29 12:00:00+00:00,1027.0,1030.25,1025.5,1027.25,0
2024-07-29 13:00:00+00:00,1027.5,1030.5,1021.25,1027.25,66953
2024-07-29 14:00:00+00:00,1027.25,1027.25,1018.0,1023.25,34194
2024-07-29 15:00:00+00:00,1023.25,1035.0,1023.0,1034.5,29284
2024-07-29 16:00:00+00:00,1034.25,1038.0,1030.0,1034.25,16407
2024-07-29 17:00:00+00:00,1034.75,1038.5,1033.75,1038.0,12458
2024-07-29 18:00:00+00:00,1038.0,1040.75,1037.75,1040.25,0
2024-07-30 00:00:00+00:00,1037.75,1042.0,1035.5,1036.75,2779
2024-07-30 01:00:00+00:00,1036.75,1036.75,1033.0,1033.0,1817
2024-07-30 02:00:00+00:00,1033.0,1035.25,1032.75,1034.5,590
2024-07-30 03:00:00+00:00,1034.25,1035.25,1033.25,1034.25,572
2024-07-30 04:00:00+00:00,1034.0,1034.5,1033.75,1034.0,217
2024-07-30 05:00:00+00:00,1034.0,1034.25,1031.5,1032.5,680
2024-07-30 06:00:00+00:00,1032.5,1033.0,1030.25,1031.5,1057
2024-07-30 07:00:00+00:00,1031.25,1032.75,1031.25,1031.75,868
2024-07-30 08:00:00+00:00,1031.75,1033.0,1031.25,1031.75,1129
2024-07-30 09:00:00+00:00,1031.75,1031.75,1028.25,1028.75,1624
2024-07-30 10:00:00+00:00,1028.75,1029.25,1026.5,1027.0,1770
2024-07-30 11:00:00+00:00,1026.75,1027.0,1022.75,1023.25,3321
2024-07-30 12:00:00+00:00,1023.25,1023.5,1020.75,1022.75,0
2024-07-30 13:00:00+00:00,1023.5,1025.5,1018.25,1022.0,48411
2024-07-30 14:00:00+00:00,1022.0,1026.25,1019.5,1022.0,25111
2024-07-30 15:00:00+00:00,1022.5,1023.5,1020.25,1021.0,13340
2024-07-30 16:00:00+00:00,1021.0,1023.75,1019.75,1021.5,15463
2024-07-30 17:00:00+00:00,1021.25,1027.0,1021.25,1024.5,12189
2024-07-30 18:00:00+00:00,1024.5,1025.0,1019.25,1020.0,0
2024-07-31 00:00:00+00:00,1020.25,1024.0,1020.0,1021.5,3075
2024-07-31 01:00:00+00:00,1021.25,1023.0,1019.5,1023.0,2654
2024-07-31 02:00:00+00:00,1023.0,1024.25,1022.0,1024.25,1401
2024-07-31 03:00:00+00:00,1024.25,1025.75,1023.75,1025.0,1090
2024-07-31 04:00:00+00:00,1024.75,1025.5,1024.5,1025.5,504
2024-07-31 05:00:00+00:00,1025.25,1028.75,1024.5,1028.0,2380
2024-07-31 06:00:00+00:00,1027.75,1029.5,1027.0,1029.25,2433
2024-07-31 07:00:00+00:00,1029.0,1029.75,1028.25,1028.75,1060
2024-07-31 08:00:00+00:00,1028.5,1030.75,1028.0,1030.5,1640
2024-07-31 09:00:00+00:00,1030.25,1031.0,1028.5,1029.25,1274
2024-07-31 10:00:00+00:00,1029.25,1029.5,1028.25,1029.0,1150
2024-07-31 11:00:00+00:00,1029.25,1030.75,1028.5,1030.5,1954
2024-07-31 12:00:00+00:00,1030.25,1030.5,1024.0,1025.75,0
2024-07-31 13:00:00+00:00,1026.5,1027.75,1019.5,1022.5,48917
2024-07-31 14:00:00+00:00,1022.25,1022.75,1016.25,1016.75,22002
2024-07-31 15:00:00+00:00,1016.5,1022.0,1015.0,1021.75,13748
2024-07-31 16:00:00+00:00,1021.75,1024.75,1021.25,1022.25,13517
2024-07-31 17:00:00+00:00,1022.25,1023.25,1020.75,1023.0,10534
2024-07-31 18:00:00+00:00,1023.25,1024.75,1022.0,1023.5,0
2024-08-01 00:00:00+00:00,1023.0,1026.25,1022.5,1023.25,1895
2024-08-01 01:00:00+00:00,1023.25,1025.0,1021.25,1021.25,1304
2024-08-01 02:00:00+00:00,1021.5,1021.5,1017.25,1017.75,1709
2024-08-01 03:00:00+00:00,1017.75,1018.5,1015.5,1017.75,1642
2024-08-01 04:00:00+00:00,1018.0,1018.0,1017.25,1017.5,192
2024-08-01 05:00:00+00:00,1017.5,1020.5,1017.25,1020.5,776
2024-08-01 06:00:00+00:00,1020.5,1021.5,1017.5,1019.75,1781
2024-08-01 07:00:00+00:00,1019.75,1021.0,1018.75,1019.25,981
2024-08-01 08:00:00+00:00,1019.5,1022.25,1019.0,1021.75,651
2024-08-01 09:00:00+00:00,1021.75,1022.25,1019.5,1019.5,1196
2024-08-01 10:00:00+00:00,1019.5,1020.75,1018.75,1019.5,1626
2024-08-01 11:00:00+00:00,1019.5,1021.0,1018.75,1020.75,1583
2024-08-01 12:00:00+00:00,1020.75,1020.75,1016.5,1017.75,0
2024-08-01 13:00:00+00:00,1018.25,1023.75,1016.5,1023.0,42081
2024-08-01 14:00:00+00:00,1023.25,1024.75,1013.25,1016.25,23958
2024-08-01 15:00:00+00:00,1016.25,1017.5,1013.0,1015.5,13569
2024-08-01 16:00:00+00:00,1015.75,1021.75,1013.25,1021.5,17677
2024-08-01 17:00:00+00:00,1021.75,1022.25,1016.75,1017.25,13958
2024-08-01 18:00:00+00:00,1017.25,1018.0,1015.25,1016.0,0
2024-08-02 00:00:00+00:00,1016.0,1018.0,1014.75,1017.5,2294
2024-08-02 01:00:00+00:00,1017.25,1021.75,1015.75,1021.75,1909
2024-08-02 02:00:00+00:00,1021.75,1022.0,1019.5,1020.75,481
2024-08-02 03:00:00+00:00,1021.0,1022.0,1020.5,1020.75,384
2024-08-02 04:00:00+00:00,1020.75,1021.75,1020.75,1021.0,292
2024-08-02 05:00:00+00:00,1021.0,1023.25,1020.0,1023.0,2420
2024-08-02 06:00:00+00:00,1023.0,1025.75,1022.5,1024.75,5214
2024-08-02 07:00:00+00:00,1024.75,1025.5,1022.5,1025.0,2023
2024-08-02 08:00:00+00:00,1025.0,1025.25,1023.25,1024.75,1107
2024-08-02 09:00:00+00:00,1024.5,1029.25,1024.5,1027.0,3253
2024-08-02 10:00:00+00:00,1026.75,1030.0,1026.75,1029.75,2129
2024-08-02 11:00:00+00:00,1029.75,1030.75,1028.0,1029.5,2500
2024-08-02 12:00:00+00:00,1029.75,1030.0,1024.75,1025.0,0
2024-08-02 13:00:00+00:00,1026.0,1029.75,1025.25,1029.5,45339
2024-08-02 14:00:00+00:00,1029.5,1030.75,1025.0,1029.5,19232
2024-08-02 15:00:00+00:00,1029.75,1032.0,1026.75,1029.0,10926
2024-08-02 16:00:00+00:00,1029.0,1030.0,1027.25,1029.25,8718
2024-08-02 17:00:00+00:00,1029.25,1030.0,1025.75,1026.5,8303
2024-08-02 18:00:00+00:00,1026.5,1029.0,1026.5,1029.0,11339
2024-08-05 00:00:00+00:00,1029.0,1032.0,1028.0,1030.25,4469
2024-08-05 01:00:00+00:00,1030.25,1037.0,1028.5,1034.5,5504
2024-08-05 02:00:00+00:00,1034.5,1034.75,1031.0,1034.25,1112
2024-08-05 03:00:00+00:00,1034.25,1035.75,1034.25,1035.25,781
2024-08-05 04:00:00+00:00,1034.75,1034.75,1030.0,1030.0,1158
2024-08-05 05:00:00+00:00,1030.25,1032.0,1028.5,1029.25,2113
2024-08-05 06:00:00+00:00,1029.25,1033.25,1027.0,1032.0,3578
2024-08-05 07:00:00+00:00,1031.75,1034.5,1031.0,1033.5,1591
2024-08-05 08:00:00+00:00,1033.25,1034.5,1030.25,1030.5,933
2024-08-05 09:00:00+00:00,1030.5,1031.5,1027.25,1027.75,1617
2024-08-05 10:00:00+00:00,1027.75,1028.25,1025.0,1025.0,1720
2024-08-05 11:00:00+00:00,1025.0,1025.25,1016.75,1017.25,5373
2024-08-05 12:00:00+00:00,1017.5,1019.5,1015.5,1018.75,0
2024-08-05 13:00:00+00:00,1020.0,1028.0,1018.25,1023.0,56324
2024-08-05 14:00:00+00:00,1023.0,1036.5,1022.75,1030.25,22849
2024-08-05 15:00:00+00:00,1030.25,1032.0,1028.0,1031.0,8611
2024-08-05 16:00:00+00:00,1031.0,1035.5,1030.75,1034.0,9395
2024-08-05 17:00:00+00:00,1034.0,1041.0,1033.75,1040.5,15915
2024-08-05 18:00:00+00:00,1040.5,1042.0,1038.0,1041.5,0
2024-08-06 00:00:00+00:00,1040.25,1041.75,1034.25,1034.75,4094
2024-08-06 01:00:00+00:00,1034.5,1036.0,1031.75,1035.25,2758
2024-08-06 02:00:00+00:00,1035.25,1035.5,1027.5,1027.5,2812
2024-08-06 03:00:00+00:00,1027.75,1029.25,1026.5,1028.75,1233
2024-08-06 04:00:00+00:00,1028.5,1029.0,1027.0,1027.0,1045
2024-08-06 05:00:00+00:00,1027.25,1027.5,1025.25,1025.5,1047
2024-08-06 06:00:00+00:00,1025.5,1027.25,1023.25,1024.5,2821
2024-08-06 07:00:00+00:00,1024.5,1026.0,1023.25,1023.5,998
2024-08-06 08:00:00+00:00,1023.25,1026.25,1023.25,1023.75,1113
2024-08-06 09:00:00+00:00,1023.5,1025.0,1022.75,1022.75,1207
2024-08-06 10:00:00+00:00,1023.0,1029.25,1022.75,1027.0,2927
2024-08-06 11:00:00+00:00,1027.0,1027.75,1021.0,1022.0,4869
2024-08-06 12:00:00+00:00,1022.25,1027.75,1021.5,1026.5,0
2024-08-06 13:00:00+00:00,1026.5,1032.0,1026.25,1029.5,53170
2024-08-06 14:00:00+00:00,1029.5,1033.25,1023.75,1028.0,17270
2024-08-06 15:00:00+00:00,1027.75,1030.5,1025.0,1027.75,12913
2024-08-06 16:00:00+00:00,1027.75,1031.75,1025.0,1028.25,8217
2024-08-06 17:00:00+00:00,1028.0,1030.25,1026.25,1026.5,7458
2024-08-06 18:00:00+00:00,1026.75,1028.0,1026.0,1026.75,0
2024-08-07 00:00:00+00:00,1026.75,1028.75,1025.75,1027.75,3336
2024-08-07 01:00:00+00:00,1027.75,1028.0,1022.0,1022.25,3591
2024-08-07 02:00:00+00:00,1022.25,1022.25,1018.5,1019.0,2962
2024-08-07 03:00:00+00:00,1019.0,1019.5,1017.75,1018.5,2096
2024-08-07 04:00:00+00:00,1018.5,1018.5,1017.75,1018.25,342
2024-08-07 05:00:00+00:00,1018.25,1019.0,1017.75,1018.0,1730
2024-08-07 06:00:00+00:00,1018.0,1019.0,1016.25,1016.25,2514
2024-08-07 07:00:00+00:00,1016.25,1017.25,1015.5,1016.75,1519
2024-08-07 08:00:00+00:00,1016.75,1016.75,1015.75,1016.0,1846
2024-08-07 09:00:00+00:00,1016.0,1016.75,1015.5,1016.25,1721
2024-08-07 10:00:00+00:00,1016.0,1017.0,1015.25,1015.5,1336
2024-08-07 11:00:00+00:00,1015.5,1016.75,1014.0,1016.5,3024
2024-08-07 12:00:00+00:00,1016.5,1018.0,1016.0,1017.0,0
2024-08-07 13:00:00+00:00,1017.25,1024.0,1017.25,1021.5,45398
2024-08-07 14:00:00+00:00,1021.5,1022.25,1018.0,1018.75,10140
2024-08-07 15:00:00+00:00,1018.75,1021.75,1018.25,1021.0,8513
2024-08-07 16:00:00+00:00,1020.75,1022.25,1019.25,1020.25,5736
2024-08-07 17:00:00+00:00,1020.0,1020.5,1016.0,1018.0,10855
2024-08-07 18:00:00+00:00,1018.25,1020.0,1016.75,1019.5,0
2024-08-08 00:00:00+00:00,1018.0,1020.75,1018.0,1020.5,2421
2024-08-08 01:00:00+00:00,1020.75,1021.75,1019.5,1020.75,1466
2024-08-08 02:00:00+00:00,1020.75,1025.75,1019.75,1022.25,2230
2024-08-08 03:00:00+00:00,1022.25,1024.5,1022.0,1023.25,650
2024-08-08 04:00:00+00:00,1023.5,1023.5,1022.5,1023.25,294
2024-08-08 05:00:00+00:00,1023.0,1023.5,1022.0,1022.5,375
2024-08-08 06:00:00+00:00,1022.5,1023.0,1020.0,1020.0,1535
2024-08-08 07:00:00+00:00,1020.0,1020.5,1015.75,1017.0,2266
2024-08-08 08:00:00+00:00,1017.0,1018.5,1016.5,1018.0,623
2024-08-08 09:00:00+00:00,1018.25,1019.5,1017.25,1018.0,827
2024-08-08 10:00:00+00:00,1018.5,1019.0,1016.75,1017.5,777
2024-08-08 11:00:00+00:00,1017.25,1019.25,1016.5,1018.0,1941
2024-08-08 12:00:00+00:00,1017.75,1023.0,1017.75,1021.0,0
2024-08-08 13:00:00+00:00,1022.0,1022.5,1016.5,1017.0,34449
2024-08-08 14:00:00+00:00,1016.75,1017.25,1007.5,1010.0,30900
2024-08-08 15:00:00+00:00,1010.0,1013.5,1009.0,1009.75,12669
2024-08-08 16:00:00+00:00,1009.5,1016.5,1009.25,1013.25,12499
2024-08-08 17:00:00+00:00,1013.25,1014.75,1011.25,1011.75,9785
2024-08-08 18:00:00+00:00,1011.5,1011.75,1007.0,1007.75,0
2024-08-09 00:00:00+00:00,1008.0,1015.0,1008.0,1013.0,3514
2024-08-09 01:00:00+00:00,1012.75,1013.0,1009.0,1011.75,4033
2024-08-09 02:00:00+00:00,1011.75,1014.0,1010.75,1013.25,1247
2024-08-09 03:00:00+00:00,1013.5,1014.75,1012.5,1013.25,660
2024-08-09 04:00:00+00:00,1013.5,1014.5,1013.5,1014.0,221
2024-08-09 05:00:00+00:00,1014.0,1015.0,1013.0,1014.75,778
2024-08-09 06:00:00+00:00,1014.5,1015.25,1011.75,1012.0,2561
2024-08-09 07:00:00+00:00,1011.75,1013.25,1010.25,1013.25,1613
2024-08-09 08:00:00+00:00,1013.25,1015.0,1011.25,1013.0,1082
2024-08-09 09:00:00+00:00,1013.0,1014.75,1012.5,1013.75,503
2024-08-09 10:00:00+00:00,1013.75,1014.25,1012.25,1013.0,568
2024-08-09 11:00:00+00:00,1013.0,1015.0,1011.0,1012.75,1408
2024-08-09 12:00:00+00:00,1012.75,1015.0,1012.0,1013.25,0
2024-08-09 13:00:00+00:00,1015.0,1015.75,1008.5,1010.0,34115
2024-08-09 14:00:00+00:00,1009.75,1011.75,1007.25,1010.5,12918
2024-08-09 15:00:00+00:00,1010.25,1011.0,1007.0,1008.75,9313
2024-08-09 16:00:00+00:00,1007.25,1008.0,1004.0,1005.5,10940
2024-08-09 17:00:00+00:00,1005.5,1006.5,1001.5,1003.25,10238
2024-08-09 18:00:00+00:00,1003.0,1004.5,1001.25,1001.5,10990
2024-08-12 00:00:00+00:00,1001.0,1002.5,998.5,999.25,2699
2024-08-12 01:00:00+00:00,999.25,1001.0,996.75,1000.5,4023
2024-08-12 02:00:00+00:00,1000.0,1000.5,998.25,999.5,753
2024-08-12 03:00:00+00:00,999.5,1000.25,999.0,999.25,445
2024-08-12 04:00:00+00:00,998.75,999.5,998.25,999.0,337
2024-08-12 05:00:00+00:00,999.25,1000.0,997.25,997.25,1464
2024-08-12 06:00:00+00:00,997.5,999.75,996.5,999.25,1682
2024-08-12 07:00:00+00:00,999.25,999.75,997.25,999.0,1447
2024-08-12 08:00:00+00:00,999.0,999.0,997.25,997.5,1167
2024-08-12 09:00:00+00:00,997.5,998.5,997.0,998.0,588
2024-08-12 10:00:00+00:00,998.25,998.25,997.0,997.25,614
2024-08-12 11:00:00+00:00,997.25,999.0,997.0,998.0,1078
2024-08-12 12:00:00+00:00,997.75,998.0,994.5,997.25,2638
2024-08-12 13:00:00+00:00,998.5,999.5,992.0,994.25,17442
2024-08-12 14:00:00+00:00,994.0,997.5,993.25,996.5,18367
2024-08-12 15:00:00+00:00,996.5,997.25,993.5,995.25,11502
2024-08-12 16:00:00+00:00,995.0,995.0,975.5,980.5,69529
2024-08-12 17:00:00+00:00,980.5,985.0,979.5,983.0,11708
2024-08-12 18:00:00+00:00,983.0,988.0,983.0,988.0,0
2024-08-13 00:00:00+00:00,986.75,988.5,984.5,984.75,3585
2024-08-13 01:00:00+00:00,985.0,988.25,982.0,982.5,3952
2024-08-13 02:00:00+00:00,982.5,982.75,979.0,979.5,2634
2024-08-13 03:00:00+00:00,979.5,980.0,976.5,976.75,1854
2024-08-13 04:00:00+00:00,976.75,977.0,973.75,974.0,3424
2024-08-13 05:00:00+00:00,973.75,974.25,968.75,969.0,8136
2024-08-13 06:00:00+00:00,969.25,971.0,968.0,969.5,4336
2024-08-13 07:00:00+00:00,969.75,971.75,968.25,970.0,2152
2024-08-13 08:00:00+00:00,969.75,971.0,968.0,970.25,2012
2024-08-13 09:00:00+00:00,970.0,971.5,969.0,970.5,2163
2024-08-13 10:00:00+00:00,970.25,972.0,968.75,968.75,2066
2024-08-13 11:00:00+00:00,968.75,971.5,968.5,970.75,2478
2024-08-13 12:00:00+00:00,971.0,973.5,969.75,971.25,4021
2024-08-13 13:00:00+00:00,970.75,971.0,966.25,970.0,21459
2024-08-13 14:00:00+00:00,970.75,971.5,964.0,965.25,17658
2024-08-13 15:00:00+00:00,965.25,969.5,965.0,965.25,14811
2024-08-13 16:00:00+00:00,965.25,967.0,963.5,965.0,9035
2024-08-13 17:00:00+00:00,965.0,966.25,961.75,962.0,11667
2024-08-13 18:00:00+00:00,962.0,962.75,960.5,961.0,15184
2024-08-14 00:00:00+00:00,960.75,963.5,959.25,959.5,0
2024-08-14 01:00:00+00:00,959.75,960.75,955.25,959.25,8126
2024-08-14 02:00:00+00:00,959.25,960.0,956.75,958.75,1738
2024-08-14 03:00:00+00:00,958.75,964.25,958.75,963.75,2477
2024-08-14 04:00:00+00:00,963.75,966.5,963.75,964.75,1404
2024-08-14 05:00:00+00:00,964.5,966.5,963.75,965.25,1598
2024-08-14 06:00:00+00:00,965.5,966.25,964.0,964.75,1497
2024-08-14 07:00:00+00:00,964.75,967.5,964.5,966.25,1734
2024-08-14 08:00:00+00:00,966.5,967.75,966.0,967.0,1465
2024-08-14 09:00:00+00:00,967.25,967.5,965.75,967.5,1104
2024-08-14 10:00:00+00:00,967.25,967.5,966.25,967.0,985
2024-08-14 11:00:00+00:00,967.0,969.0,965.75,968.25,2639
2024-08-14 12:00:00+00:00,968.0,970.0,967.25,967.5,3677
2024-08-14 13:00:00+00:00,967.75,974.0,967.75,971.5,18751
2024-08-14 14:00:00+00:00,971.25,971.25,967.5,969.5,13046
2024-08-14 15:00:00+00:00,969.75,972.75,968.0,968.25,12298
2024-08-14 16:00:00+00:00,968.0,970.0,964.5,967.5,10821
2024-08-14 17:00:00+00:00,967.5,969.0,966.5,967.5,8609
2024-08-14 18:00:00+00:00,967.75,969.5,966.75,968.75,0
2024-08-15 00:00:00+00:00,968.5,973.25,968.0,970.75,4138
2024-08-15 01:00:00+00:00,970.75,973.25,970.0,972.25,2232
2024-08-15 02:00:00+00:00,972.25,975.0,972.0,974.5,2525
2024-08-15 03:00:00+00:00,974.75,975.25,972.5,973.25,908
2024-08-15 04:00:00+00:00,973.0,974.75,973.0,974.75,405
2024-08-15 05:00:00+00:00,974.5,974.5,972.25,973.5,973
2024-08-15 06:00:00+00:00,973.5,975.75,973.0,975.5,1335
2024-08-15 07:00:00+00:00,975.75,976.75,974.0,976.0,2222
2024-08-15 08:00:00+00:00,976.25,976.75,973.75,974.5,777
2024-08-15 09:00:00+00:00,974.5,976.75,974.25,974.5,1473
2024-08-15 10:00:00+00:00,974.25,975.5,974.25,974.75,379
2024-08-15 11:00:00+00:00,974.75,974.75,971.75,972.25,1570
2024-08-15 12:00:00+00:00,972.25,973.25,969.5,970.0,2710
2024-08-15 13:00:00+00:00,970.5,974.0,968.5,973.5,13810
2024-08-15 14:00:00+00:00,973.25,978.0,972.75,977.75,21738
2024-08-15 15:00:00+00:00,977.75,978.25,974.0,974.75,11384
2024-08-15 16:00:00+00:00,975.0,976.5,972.25,972.75,8622
2024-08-15 17:00:00+00:00,972.5,973.5,968.75,969.0,10258
2024-08-15 18:00:00+00:00,969.0,969.75,967.5,967.75,8576
2024-08-16 00:00:00+00:00,968.0,970.25,966.25,966.75,0
2024-08-16 01:00:00+00:00,966.5,969.5,965.0,965.75,3326
2024-08-16 02:00:00+00:00,965.75,967.0,963.75,966.25,1374
2024-08-16 03:00:00+00:00,966.25,966.5,964.25,964.5,1153
2024-08-16 04:00:00+00:00,964.25,964.75,964.0,964.5,598
2024-08-16 05:00:00+00:00,964.5,965.75,963.75,964.75,866
2024-08-16 06:00:00+00:00,964.5,966.25,962.25,963.0,1227
2024-08-16 07:00:00+00:00,963.0,963.25,960.25,961.5,2040
2024-08-16 08:00:00+00:00,961.5,962.0,960.5,961.25,1143
2024-08-16 09:00:00+00:00,961.25,962.75,960.25,962.5,1173
2024-08-16 10:00:00+00:00,962.5,963.0,960.0,960.5,492
2024-08-16 11:00:00+00:00,960.5,961.0,958.25,959.25,3099
2024-08-16 12:00:00+00:00,959.25,963.0,959.25,960.5,3389
2024-08-16 13:00:00+00:00,960.75,962.0,958.0,959.5,12897
2024-08-16 14:00:00+00:00,959.25,961.5,956.0,956.0,14685
2024-08-16 15:00:00+00:00,956.0,962.5,955.25,960.75,13247
2024-08-16 16:00:00+00:00,961.0,964.25,960.5,961.25,8114
2024-08-16 17:00:00+00:00,961.25,961.25,955.75,957.75,20051
2024-08-16 18:00:00+00:00,957.75,958.5,955.25,955.25,9676
2024-08-19 00:00:00+00:00,957.25,969.75,957.25,967.5,8092
2024-08-19 01:00:00+00:00,967.5,969.0,965.75,968.5,4558
2024-08-19 02:00:00+00:00,968.5,968.5,966.0,966.75,1562
2024-08-19 03:00:00+00:00,966.75,967.75,966.25,967.25,602
2024-08-19 04:00:00+00:00,967.25,967.75,967.0,967.0,213
2024-08-19 05:00:00+00:00,966.75,967.0,964.0,965.0,1702
2024-08-19 06:00:00+00:00,965.0,966.25,962.5,962.5,2381
2024-08-19 07:00:00+00:00,962.5,964.25,960.75,961.75,1722
2024-08-19 08:00:00+00:00,961.75,963.0,961.25,962.75,1200
2024-08-19 09:00:00+00:00,962.75,963.5,961.5,961.75,969
2024-08-19 10:00:00+00:00,961.75,962.5,961.25,961.75,191
2024-08-19 11:00:00+00:00,961.5,963.0,960.5,962.25,1295
2024-08-19 12:00:00+00:00,962.25,962.75,960.0,960.25,2103
2024-08-19 13:00:00+00:00,961.0,966.25,959.0,963.75,15539
2024-08-19 14:00:00+00:00,963.75,969.0,962.5,968.75,15638
2024-08-19 15:00:00+00:00,969.0,972.5,967.75,969.75,15297
2024-08-19 16:00:00+00:00,969.75,972.25,968.0,971.75,6804
2024-08-19 17:00:00+00:00,971.5,975.5,971.0,974.75,10993
2024-08-19 18:00:00+00:00,975.0,977.0,974.25,976.25,16875
2024-08-20 00:00:00+00:00,975.0,979.25,973.75,977.5,0
2024-08-20 01:00:00+00:00,977.5,979.25,973.25,973.75,2702
2024-08-20 02:00:00+00:00,973.5,974.5,973.0,974.25,983
2024-08-20 03:00:00+00:00,974.25,974.75,973.25,973.5,316
2024-08-20 04:00:00+00:00,973.5,975.75,973.5,975.75,306
2024-08-20 05:00:00+00:00,975.5,975.75,974.0,975.0,648
2024-08-20 06:00:00+00:00,975.0,975.25,973.25,974.0,944
2024-08-20 07:00:00+00:00,974.0,974.0,970.0,970.25,2209
2024-08-20 08:00:00+00:00,970.25,972.75,970.0,972.25,1381
2024-08-20 09:00:00+00:00,972.0,974.5,972.0,974.25,2061
2024-08-20 10:00:00+00:00,974.25,974.5,972.5,972.75,514
2024-08-20 11:00:00+00:00,972.75,975.0,971.5,975.0,1488
2024-08-20 12:00:00+00:00,974.75,975.5,971.75,974.25,2027
2024-08-20 13:00:00+00:00,974.25,983.0,972.25,981.25,24485
2024-08-20 14:00:00+00:00,981.25,982.75,973.5,974.0,15189
2024-08-20 15:00:00+00:00,973.75,978.5,972.5,977.25,11160
2024-08-20 16:00:00+00:00,977.25,979.0,975.5,976.75,6857
2024-08-20 17:00:00+00:00,976.5,977.0,975.5,976.5,4854
2024-08-20 18:00:00+00:00,976.75,977.5,975.5,977.0,8987
2024-08-21 00:00:00+00:00,976.0,979.0,976.0,978.25,0
2024-08-21 01:00:00+00:00,978.25,978.5,975.25,975.5,2388
2024-08-21 02:00:00+00:00,975.5,979.0,975.25,976.25,1283
2024-08-21 03:00:00+00:00,976.25,977.25,974.0,976.25,1191
2024-08-21 04:00:00+00:00,976.5,977.5,976.5,977.5,160
2024-08-21 05:00:00+00:00,977.5,980.0,977.0,979.0,1218
2024-08-21 06:00:00+00:00,979.0,980.75,978.25,980.0,1207
2024-08-21 07:00:00+00:00,979.75,979.75,978.5,979.25,1178
2024-08-21 08:00:00+00:00,979.25,980.5,979.25,980.25,1116
2024-08-21 09:00:00+00:00,980.25,981.25,980.0,980.5,1392
2024-08-21 10:00:00+00:00,980.5,982.25,980.25,981.5,937
2024-08-21 11:00:00+00:00,981.5,982.75,981.25,982.0,1595
2024-08-21 12:00:00+00:00,982.0,982.25,979.25,981.5,2444
2024-08-21 13:00:00+00:00,982.0,984.75,978.75,980.25,17057
2024-08-21 14:00:00+00:00,980.0,981.0,976.25,976.5,14552
2024-08-21 15:00:00+00:00,976.5,979.5,975.75,978.5,9539
2024-08-21 16:00:00+00:00,978.5,981.0,976.5,980.75,7728
2024-08-21 17:00:00+00:00,981.0,981.25,974.75,980.0,9835
2024-08-21 18:00:00+00:00,980.0,982.5,979.5,982.0,12023
2024-08-22 00:00:00+00:00,981.0,981.5,977.5,978.75,0
2024-08-22 01:00:00+00:00,978.5,979.0,976.25,977.5,1545
2024-08-22 02:00:00+00:00,977.75,978.5,975.25,978.25,1832
2024-08-22 03:00:00+00:00,978.25,982.0,977.0,980.75,2075
2024-08-22 04:00:00+00:00,981.0,981.25,980.25,980.5,598
2024-08-22 05:00:00+00:00,980.5,981.25,979.0,979.5,678
2024-08-22 06:00:00+00:00,979.25,979.25,975.5,976.5,1342
2024-08-22 07:00:00+00:00,976.75,977.5,976.0,976.5,825
2024-08-22 08:00:00+00:00,976.5,977.5,976.0,976.75,1024
2024-08-22 09:00:00+00:00,976.75,977.75,975.75,977.25,799
2024-08-22 10:00:00+00:00,977.0,977.25,974.5,974.75,1094
2024-08-22 11:00:00+00:00,974.75,975.25,972.25,973.25,2684
2024-08-22 12:00:00+00:00,973.5,973.5,971.5,973.0,3461
2024-08-22 13:00:00+00:00,972.5,974.75,970.25,974.5,18255
2024-08-22 14:00:00+00:00,974.5,975.0,963.5,964.25,21976
2024-08-22 15:00:00+00:00,964.0,965.5,961.75,963.75,13847
2024-08-22 16:00:00+00:00,964.0,966.25,961.5,962.25,12980
2024-08-22 17:00:00+00:00,962.25,962.75,960.25,961.5,9238
2024-08-22 18:00:00+00:00,961.0,962.0,960.75,961.25,10438
2024-08-23 00:00:00+00:00,962.0,965.0,961.75,964.75,0
2024-08-23 01:00:00+00:00,964.75,968.0,964.0,966.5,3132
2024-08-23 02:00:00+00:00,966.5,968.5,965.75,968.0,923
2024-08-23 03:00:00+00:00,968.0,968.25,966.75,967.25,398
2024-08-23 04:00:00+00:00,967.0,967.5,966.5,967.0,254
2024-08-23 05:00:00+00:00,966.75,968.0,966.25,968.0,636
2024-08-23 06:00:00+00:00,968.0,968.0,964.0,964.5,1827
2024-08-23 07:00:00+00:00,964.25,966.0,964.25,965.5,609
2024-08-23 08:00:00+00:00,965.5,966.0,964.5,965.5,747
2024-08-23 09:00:00+00:00,965.5,966.5,963.75,964.0,1266
2024-08-23 10:00:00+00:00,964.25,965.25,964.0,964.5,533
2024-08-23 11:00:00+00:00,964.5,967.0,963.75,967.0,2303
2024-08-23 12:00:00+00:00,966.75,968.5,964.75,965.25,2402
2024-08-23 13:00:00+00:00,965.25,969.0,964.5,966.0,11275
2024-08-23 14:00:00+00:00,966.0,974.75,966.0,972.5,18733
2024-08-23 15:00:00+00:00,972.25,974.0,971.0,972.25,10716
2024-08-23 16:00:00+00:00,972.25,972.75,968.0,971.75,9102
2024-08-23 17:00:00+00:00,971.75,974.0,970.75,971.5,11154
2024-08-23 18:00:00+00:00,971.5,974.0,971.25,973.0,15997
2024-08-26 00:00:00+00:00,965.0,966.5,960.5,964.75,6501
2024-08-26 01:00:00+00:00,964.75,968.0,964.5,965.5,4862
2024-08-26 02:00:00+00:00,965.25,965.25,961.25,961.25,1851
2024-08-26 03:00:00+00:00,961.5,966.5,961.0,964.5,1017
2024-08-26 04:00:00+00:00,964.75,965.5,964.5,964.75,384
2024-08-26 05:00:00+00:00,964.5,967.75,964.0,967.0,1537
2024-08-26 06:00:00+00:00,966.75,970.75,966.75,970.5,2358
2024-08-26 07:00:00+00:00,970.25,970.25,967.5,968.25,1009
2024-08-26 08:00:00+00:00,968.25,969.0,967.0,967.25,1837
2024-08-26 09:00:00+00:00,967.5,967.75,964.5,964.75,1722
2024-08-26 10:00:00+00:00,964.75,965.5,964.0,965.25,623
2024-08-26 11:00:00+00:00,965.25,966.0,962.75,964.0,1889
2024-08-26 12:00:00+00:00,963.75,965.25,962.25,965.0,3633
2024-08-26 13:00:00+00:00,966.25,972.25,964.5,969.75,15153
2024-08-26 14:00:00+00:00,969.5,975.0,969.5,974.75,18122
2024-08-26 15:00:00+00:00,974.5,975.5,970.75,972.75,13010
2024-08-26 16:00:00+00:00,972.75,977.0,972.5,975.0,8181
2024-08-26 17:00:00+00:00,975.0,981.0,975.0,980.75,22000
2024-08-26 18:00:00+00:00,980.75,982.25,980.5,981.0,0
2024-08-27 00:00:00+00:00,979.25,985.5,978.5,979.25,6369
2024-08-27 01:00:00+00:00,979.25,980.0,977.5,978.75,1782
2024-08-27 02:00:00+00:00,978.75,980.5,978.25,979.25,896
2024-08-27 03:00:00+00:00,979.5,981.25,979.5,980.5,748
2024-08-27 04:00:00+00:00,980.0,981.0,980.0,980.5,248
2024-08-27 05:00:00+00:00,980.5,982.75,980.5,982.25,1769
2024-08-27 06:00:00+00:00,982.25,983.0,980.5,980.75,1890
2024-08-27 07:00:00+00:00,980.75,980.75,979.25,979.5,1203
2024-08-27 08:00:00+00:00,979.5,980.75,979.25,979.25,952
2024-08-27 09:00:00+00:00,979.25,979.5,977.25,977.75,883
2024-08-27 10:00:00+00:00,978.0,979.25,977.25,978.5,741
2024-08-27 11:00:00+00:00,978.5,981.0,978.25,978.75,1654
2024-08-27 12:00:00+00:00,978.75,984.25,978.75,984.0,3421
2024-08-27 13:00:00+00:00,984.0,989.75,983.0,985.25,29578
2024-08-27 14:00:00+00:00,985.25,991.5,984.0,987.75,23980
2024-08-27 15:00:00+00:00,987.75,988.75,983.5,984.5,14988
2024-08-27 16:00:00+00:00,984.5,986.0,984.0,985.0,8602
2024-08-27 17:00:00+00:00,984.75,986.5,984.25,985.75,11575
2024-08-27 18:00:00+00:00,985.75,988.0,984.75,987.75,13180
2024-08-28 00:00:00+00:00,986.5,988.0,983.25,986.0,0
2024-08-28 01:00:00+00:00,985.75,986.25,983.75,984.75,1289
2024-08-28 02:00:00+00:00,984.5,985.75,982.0,982.25,2072
2024-08-28 03:00:00+00:00,982.5,982.75,981.0,981.0,524
2024-08-28 04:00:00+00:00,981.25,981.5,980.75,981.25,381
2024-08-28 05:00:00+00:00,981.25,981.5,979.75,981.0,1165
2024-08-28 06:00:00+00:00,981.25,986.5,980.5,983.5,1464
2024-08-28 07:00:00+00:00,983.5,983.75,981.5,982.25,937
2024-08-28 08:00:00+00:00,982.25,982.5,979.75,980.75,1539
2024-08-28 09:00:00+00:00,980.75,981.0,979.25,979.75,1359
2024-08-28 10:00:00+00:00,979.75,980.0,978.0,979.25,1538
2024-08-28 11:00:00+00:00,979.25,980.25,976.25,977.25,2872
2024-08-28 12:00:00+00:00,977.5,977.5,975.0,976.0,5146
2024-08-28 13:00:00+00:00,976.0,980.75,975.5,978.75,14841
2024-08-28 14:00:00+00:00,979.0,984.25,979.0,981.0,18843
2024-08-28 15:00:00+00:00,981.0,981.0,976.25,977.75,15469
2024-08-28 16:00:00+00:00,977.5,980.25,976.75,977.75,8726
2024-08-28 17:00:00+00:00,977.75,978.25,972.75,977.25,17071
2024-08-28 18:00:00+00:00,977.25,977.5,976.0,976.5,8734
2024-08-29 00:00:00+00:00,975.5,979.0,975.0,977.25,0
2024-08-29 01:00:00+00:00,977.75,979.75,976.75,979.25,3511
2024-08-29 02:00:00+00:00,979.25,980.25,977.5,979.75,919
2024-08-29 03:00:00+00:00,980.0,980.5,979.0,979.25,242
2024-08-29 04:00:00+00:00,979.5,980.0,979.25,980.0,84
2024-08-29 05:00:00+00:00,980.0,982.75,979.5,982.25,1214
2024-08-29 06:00:00+00:00,982.25,983.0,980.0,981.5,1380
2024-08-29 07:00:00+00:00,981.25,983.5,981.0,983.25,1217
2024-08-29 08:00:00+00:00,983.25,983.25,980.75,981.25,931
2024-08-29 09:00:00+00:00,981.5,987.0,981.25,987.0,4208
2024-08-29 10:00:00+00:00,987.0,987.75,985.25,987.0,1538
2024-08-29 11:00:00+00:00,987.0,989.0,986.0,988.25,2676
2024-08-29 12:00:00+00:00,988.0,988.5,986.25,987.5,0
2024-08-29 13:00:00+00:00,986.25,990.75,985.25,985.75,44940
2024-08-29 14:00:00+00:00,986.0,989.0,985.25,986.5,16375
2024-08-29 15:00:00+00:00,986.5,990.5,983.25,989.75,14919
2024-08-29 16:00:00+00:00,989.75,992.5,988.0,989.25,14082
2024-08-29 17:00:00+00:00,989.25,992.25,988.5,991.5,17779
2024-08-29 18:00:00+00:00,991.5,992.75,990.5,991.75,11964
2024-08-30 00:00:00+00:00,991.0,994.0,990.5,992.25,0
2024-08-30 01:00:00+00:00,992.0,998.5,991.5,997.5,5567
2024-08-30 02:00:00+00:00,997.5,1001.75,997.5,1001.5,6390
2024-08-30 03:00:00+00:00,1001.5,1004.75,1001.25,1003.25,4558
2024-08-30 04:00:00+00:00,1003.0,1004.0,1003.0,1003.5,519
2024-08-30 05:00:00+00:00,1003.5,1004.75,1003.5,1004.25,1204
2024-08-30 06:00:00+00:00,1004.25,1004.75,1000.25,1002.0,2535
2024-08-30 07:00:00+00:00,1001.75,1003.0,1001.25,1002.25,1125
2024-08-30 08:00:00+00:00,1002.25,1002.25,999.25,1000.25,2595
2024-08-30 09:00:00+00:00,1000.25,1001.5,999.75,1000.75,1539
2024-08-30 10:00:00+00:00,1001.0,1001.5,999.25,1001.0,833
2024-08-30 11:00:00+00:00,1001.0,1004.0,1001.0,1003.75,2241
2024-08-30 12:00:00+00:00,1003.75,1007.75,1003.75,1007.25,8271
2024-08-30 13:00:00+00:00,1005.0,1007.25,995.0,996.25,34076
2024-08-30 14:00:00+00:00,996.25,998.25,992.0,992.75,29898
2024-08-30 15:00:00+00:00,992.75,994.5,989.5,994.0,16035
2024-08-30 16:00:00+00:00,994.0,1001.0,994.0,999.75,13398
2024-08-30 17:00:00+00:00,999.75,1002.75,998.75,1001.75,14726
2024-08-30 18:00:00+00:00,1002.0,1002.75,998.5,999.0,16395
2024-09-03 04:00:00+00:00,998.75,999.25,997.75,998.5,412
2024-09-03 05:00:00+00:00,998.5,1008.25,997.25,1001.5,7112
2024-09-03 06:00:00+00:00,1001.5,1005.75,1001.5,1004.5,4705
2024-09-03 07:00:00+00:00,1004.75,1006.25,1004.25,1004.5,1619
2024-09-03 08:00:00+00:00,1004.5,1005.0,1002.0,1003.25,1449
2024-09-03 09:00:00+00:00,1003.0,1003.0,997.5,999.5,2321
2024-09-03 10:00:00+00:00,999.5,1000.25,997.25,998.75,1986
2024-09-03 11:00:00+00:00,998.75,1002.25,998.75,1000.5,2570
2024-09-03 12:00:00+00:00,1000.5,1008.0,1000.5,1007.0,3566
2024-09-03 13:00:00+00:00,1005.75,1011.0,1001.5,1002.75,27364
2024-09-03 14:00:00+00:00,1003.0,1005.0,999.5,1001.5,18010
2024-09-03 15:00:00+00:00,1001.5,1014.0,1001.25,1014.0,18978
2024-09-03 16:00:00+00:00,1013.75,1024.5,1013.5,1018.5,31157
2024-09-03 17:00:00+00:00,1018.25,1018.25,1009.5,1010.25,18750
2024-09-03 18:00:00+00:00,1010.25,1013.5,1009.5,1012.5,0
2024-09-04 00:00:00+00:00,1012.0,1012.75,1010.0,1010.75,2365
2024-09-04 01:00:00+00:00,1010.5,1012.75,1009.0,1011.75,2255
2024-09-04 02:00:00+00:00,1012.0,1013.0,1009.5,1010.5,1029
2024-09-04 03:00:00+00:00,1010.75,1011.0,1006.75,1007.5,1758
2024-09-04 04:00:00+00:00,1007.5,1007.75,1007.25,1007.25,292
2024-09-04 05:00:00+00:00,1007.5,1007.5,1004.25,1004.75,1589
2024-09-04 06:00:00+00:00,1004.5,1004.75,1000.75,1002.5,3957
2024-09-04 07:00:00+00:00,1002.25,1004.0,1002.0,1003.25,1401
2024-09-04 08:00:00+00:00,1003.25,1005.75,1003.0,1003.75,1143
2024-09-04 09:00:00+00:00,1003.75,1004.75,1003.25,1003.5,1462
2024-09-04 10:00:00+00:00,1003.75,1007.5,1003.5,1007.0,2193
2024-09-04 11:00:00+00:00,1007.0,1008.0,1006.25,1006.75,1927
2024-09-04 12:00:00+00:00,1006.5,1008.25,1005.25,1007.75,0
2024-09-04 13:00:00+00:00,1007.5,1019.25,1007.5,1012.25,52110
2024-09-04 14:00:00+00:00,1012.5,1018.75,1011.5,1016.75,19236
2024-09-04 15:00:00+00:00,1016.75,1017.75,1012.75,1015.5,13289
2024-09-04 16:00:00+00:00,1015.5,1021.5,1015.25,1020.0,14513
2024-09-04 17:00:00+00:00,1019.75,1023.0,1019.0,1021.0,12478
2024-09-04 18:00:00+00:00,1020.75,1022.25,1018.75,1020.75,14489
2024-09-05 00:00:00+00:00,1020.0,1021.75,1016.0,1017.75,0
2024-09-05 01:00:00+00:00,1017.75,1018.25,1015.25,1016.5,5426
2024-09-05 02:00:00+00:00,1016.75,1017.75,1015.0,1016.75,2323
2024-09-05 03:00:00+00:00,1016.5,1016.75,1015.0,1015.25,605
2024-09-05 04:00:00+00:00,1015.0,1015.25,1014.75,1015.25,598
2024-09-05 05:00:00+00:00,1015.25,1016.0,1014.25,1015.75,1572
2024-09-05 06:00:00+00:00,1015.5,1016.5,1014.5,1015.0,1487
2024-09-05 07:00:00+00:00,1015.0,1016.0,1014.5,1014.75,3045
2024-09-05 08:00:00+00:00,1014.75,1016.75,1014.5,1015.75,914
2024-09-05 09:00:00+00:00,1016.0,1017.0,1015.25,1015.5,607
2024-09-05 10:00:00+00:00,1015.5,1015.75,1012.25,1012.75,1689
2024-09-05 11:00:00+00:00,1012.75,1012.75,1010.0,1010.5,3652
2024-09-05 12:00:00+00:00,1010.25,1013.75,1010.0,1012.5,3725
2024-09-05 13:00:00+00:00,1013.5,1017.5,1013.0,1016.5,21496
2024-09-05 14:00:00+00:00,1016.5,1018.5,1013.0,1014.5,16101
2024-09-05 15:00:00+00:00,1014.25,1018.0,1013.0,1017.25,15656
2024-09-05 16:00:00+00:00,1017.25,1020.5,1016.25,1019.75,12800
2024-09-05 17:00:00+00:00,1019.75,1021.75,1019.0,1021.75,10130
2024-09-05 18:00:00+00:00,1021.5,1024.75,1021.25,1024.25,0
2024-09-06 00:00:00+00:00,1022.0,1024.0,1020.75,1021.25,4027
2024-09-06 01:00:00+00:00,1021.0,1024.0,1019.75,1023.0,2892
2024-09-06 02:00:00+00:00,1023.25,1023.25,1021.0,1021.75,1140
2024-09-06 03:00:00+00:00,1021.75,1021.75,1019.75,1020.0,529
2024-09-06 04:00:00+00:00,1020.25,1020.25,1019.5,1019.5,114
2024-09-06 05:00:00+00:00,1019.5,1019.75,1018.0,1018.5,1736
2024-09-06 06:00:00+00:00,1018.25,1022.5,1017.75,1022.5,1680
2024-09-06 07:00:00+00:00,1022.5,1022.5,1021.0,1021.75,861
2024-09-06 08:00:00+00:00,1021.75,1022.0,1020.25,1021.0,903
2024-09-06 09:00:00+00:00,1021.0,1022.25,1020.5,1021.75,854
2024-09-06 10:00:00+00:00,1022.0,1022.5,1019.5,1019.75,621
2024-09-06 11:00:00+00:00,1019.25,1020.5,1018.75,1019.5,1215
2024-09-06 12:00:00+00:00,1019.25,1026.5,1018.5,1025.75,5577
2024-09-06 13:00:00+00:00,1025.0,1031.25,1025.0,1026.5,23957
2024-09-06 14:00:00+00:00,1026.5,1027.25,1012.0,1012.0,38726
2024-09-06 15:00:00+00:00,1012.0,1014.75,1007.0,1009.25,18011
2024-09-06 16:00:00+00:00,1009.25,1011.5,1007.75,1010.0,11568
2024-09-06 17:00:00+00:00,1010.0,1010.25,1005.5,1006.25,12434
2024-09-06 18:00:00+00:00,1006.0,1006.75,1003.5,1004.5,14307
2024-09-09 00:00:00+00:00,1002.25,1007.75,1001.75,1006.25,2980
2024-09-09 01:00:00+00:00,1006.25,1007.75,1002.5,1003.5,4691
2024-09-09 02:00:00+00:00,1003.5,1005.75,1002.5,1002.5,1393
2024-09-09 03:00:00+00:00,1002.5,1003.5,1002.5,1003.0,330
2024-09-09 04:00:00+00:00,1003.0,1003.5,1003.0,1003.25,228
2024-09-09 05:00:00+00:00,1003.5,1005.25,1002.5,1003.75,1431
2024-09-09 06:00:00+00:00,1003.75,1009.5,1003.75,1009.0,2315
2024-09-09 07:00:00+00:00,1009.0,1009.75,1008.25,1008.75,1552
2024-09-09 08:00:00+00:00,1008.5,1009.75,1007.75,1008.25,1809
2024-09-09 09:00:00+00:00,1008.25,1011.75,1008.0,1011.0,971
2024-09-09 10:00:00+00:00,1011.0,1011.25,1009.0,1009.5,1639
2024-09-09 11:00:00+00:00,1009.5,1015.25,1009.5,1015.0,2606
2024-09-09 12:00:00+00:00,1015.0,1015.0,1012.25,1013.5,2752
2024-09-09 13:00:00+00:00,1013.25,1020.25,1012.25,1017.75,20222
2024-09-09 14:00:00+00:00,1017.75,1019.25,1014.5,1018.25,13327
2024-09-09 15:00:00+00:00,1018.25,1020.0,1017.5,1018.75,9003
2024-09-09 16:00:00+00:00,1019.0,1019.25,1015.75,1017.0,12841
2024-09-09 17:00:00+00:00,1017.0,1018.25,1015.0,1017.25,9358
2024-09-09 18:00:00+00:00,1017.5,1018.75,1017.0,1018.75,0
2024-09-10 00:00:00+00:00,1017.25,1017.25,1013.75,1014.25,2804
2024-09-10 01:00:00+00:00,1014.5,1018.75,1014.25,1014.5,3766
2024-09-10 02:00:00+00:00,1014.5,1015.25,1012.75,1013.25,1793
2024-09-10 03:00:00+00:00,1013.25,1014.75,1013.0,1013.5,530
2024-09-10 04:00:00+00:00,1013.75,1014.0,1013.25,1013.75,137
2024-09-10 05:00:00+00:00,1013.75,1014.25,1010.5,1010.75,2779
2024-09-10 06:00:00+00:00,1011.0,1012.0,1008.25,1008.5,3719
2024-09-10 07:00:00+00:00,1008.5,1009.5,1007.25,1008.0,1943
2024-09-10 08:00:00+00:00,1008.0,1008.75,1006.0,1007.25,1846
2024-09-10 09:00:00+00:00,1007.0,1007.0,1005.5,1005.75,1202
2024-09-10 10:00:00+00:00,1005.75,1006.75,1005.5,1005.75,968
2024-09-10 11:00:00+00:00,1005.5,1008.0,1004.5,1007.5,3446
2024-09-10 12:00:00+00:00,1007.75,1009.0,1005.25,1005.5,2801
2024-09-10 13:00:00+00:00,1002.0,1004.5,998.5,1000.25,27737
2024-09-10 14:00:00+00:00,1000.5,1002.0,996.5,1000.25,19847
2024-09-10 15:00:00+00:00,1000.25,1002.25,999.0,999.75,8289
2024-09-10 16:00:00+00:00,999.75,999.75,996.0,996.0,13114
2024-09-10 17:00:00+00:00,996.0,999.0,995.75,998.25,10992
2024-09-10 18:00:00+00:00,998.5,998.5,995.75,997.25,0
2024-09-11 00:00:00+00:00,996.5,999.75,995.75,999.5,1858
2024-09-11 01:00:00+00:00,999.25,1003.0,997.25,1001.25,3179
2024-09-11 02:00:00+00:00,1001.0,1002.25,1000.5,1001.5,1136
2024-09-11 03:00:00+00:00,1001.5,1002.5,1000.75,1000.75,594
2024-09-11 04:00:00+00:00,1000.75,1002.25,1000.75,1002.25,442
2024-09-11 05:00:00+00:00,1002.25,1006.5,1001.75,1006.0,2474
2024-09-11 06:00:00+00:00,1005.75,1008.0,1004.5,1007.25,2628
2024-09-11 07:00:00+00:00,1007.0,1007.5,1005.25,1006.5,1540
2024-09-11 08:00:00+00:00,1006.5,1007.5,1005.0,1007.25,1469
2024-09-11 09:00:00+00:00,1007.25,1008.0,1006.0,1006.0,1559
2024-09-11 10:00:00+00:00,1006.5,1007.5,1005.75,1006.25,1382
2024-09-11 11:00:00+00:00,1006.5,1007.0,1004.0,1004.5,1407
2024-09-11 12:00:00+00:00,1004.25,1006.5,1003.75,1004.25,0
2024-09-11 13:00:00+00:00,1003.5,1005.25,997.5,997.75,37635
2024-09-11 14:00:00+00:00,997.75,998.75,995.5,998.25,16001
2024-09-11 15:00:00+00:00,998.25,1002.0,998.25,1001.75,7858
2024-09-11 16:00:00+00:00,1001.75,1005.5,1001.5,1002.5,11103
2024-09-11 17:00:00+00:00,1002.75,1003.5,998.75,1000.75,11390
2024-09-11 18:00:00+00:00,1000.75,1001.25,999.75,1000.75,0
2024-09-12 00:00:00+00:00,1001.0,1002.0,998.75,1001.75,1888
2024-09-12 01:00:00+00:00,1001.75,1003.0,1001.0,1001.5,663
2024-09-12 02:00:00+00:00,1001.5,1002.0,998.5,1001.5,1756
2024-09-12 03:00:00+00:00,1001.25,1003.5,1001.25,1002.75,1214
2024-09-12 04:00:00+00:00,1002.5,1003.0,1002.25,1002.75,127
2024-09-12 05:00:00+00:00,1002.75,1005.5,1002.5,1003.0,1029
2024-09-12 06:00:00+00:00,1002.75,1004.25,1002.5,1004.25,723
2024-09-12 07:00:00+00:00,1004.25,1005.0,1003.5,1004.25,1073
2024-09-12 08:00:00+00:00,1004.5,1006.75,1004.0,1006.25,1731
2024-09-12 09:00:00+00:00,1006.25,1007.0,1004.75,1005.75,0
2024-09-12 10:00:00+00:00,1005.75,1006.75,1005.25,1006.75,12359
2024-09-12 11:00:00+00:00,1006.75,1008.75,1006.25,1008.75,2348
2024-09-12 12:00:00+00:00,1008.75,1009.25,1005.75,1006.5,0
2024-09-12 13:00:00+00:00,1004.75,1008.0,1004.0,1005.0,28452
2024-09-12 14:00:00+00:00,1005.25,1009.0,1004.75,1007.75,16261
2024-09-12 15:00:00+00:00,1007.0,1009.75,1007.0,1008.0,12891
2024-09-12 16:00:00+00:00,1008.25,1017.25,997.25,1006.5,54923
2024-09-12 17:00:00+00:00,1006.5,1011.25,1005.75,1008.75,14048
2024-09-12 18:00:00+00:00,1008.75,1012.75,1008.25,1011.75,0
2024-09-13 00:00:00+00:00,1011.5,1015.25,1011.25,1014.5,2851
2024-09-13 01:00:00+00:00,1014.25,1020.75,1014.25,1018.75,7112
2024-09-13 02:00:00+00:00,1018.5,1018.5,1013.75,1014.25,1406
2024-09-13 03:00:00+00:00,1014.25,1014.5,1012.0,1012.75,1731
2024-09-13 04:00:00+00:00,1012.75,1013.25,1012.0,1012.5,188
2024-09-13 05:00:00+00:00,1012.75,1013.75,1011.75,1013.0,629
2024-09-13 06:00:00+00:00,1013.0,1014.75,1012.25,1014.75,1210
2024-09-13 07:00:00+00:00,1014.5,1014.5,1013.0,1014.25,478
2024-09-13 08:00:00+00:00,1014.25,1014.5,1012.5,1014.25,589
2024-09-13 09:00:00+00:00,1014.25,1016.25,1013.5,1013.5,1398
2024-09-13 10:00:00+00:00,1013.75,1014.5,1013.0,1013.75,509
2024-09-13 11:00:00+00:00,1014.0,1016.0,1013.75,1015.75,1319
2024-09-13 12:00:00+00:00,1015.5,1020.25,1015.5,1018.5,0
2024-09-13 13:00:00+00:00,1017.5,1021.0,1011.25,1015.0,40622
2024-09-13 14:00:00+00:00,1014.75,1015.0,1008.5,1009.5,15023
2024-09-13 15:00:00+00:00,1009.5,1010.5,1004.25,1005.5,13393
2024-09-13 16:00:00+00:00,1005.5,1007.75,1002.25,1005.75,13546
2024-09-13 17:00:00+00:00,1005.5,1006.25,1003.25,1006.0,11468
2024-09-13 18:00:00+00:00,1006.25,1007.75,1005.25,1006.5,16508
2024-09-16 00:00:00+00:00,1005.0,1008.5,1002.25,1003.25,1999
2024-09-16 01:00:00+00:00,1003.25,1003.75,1001.0,1001.0,1016
2024-09-16 02:00:00+00:00,1001.25,1002.75,1000.5,1001.5,681
2024-09-16 03:00:00+00:00,1001.5,1001.75,1001.0,1001.0,287
2024-09-16 04:00:00+00:00,1001.25,1001.75,1000.75,1000.75,209
2024-09-16 05:00:00+00:00,1000.75,1002.0,1000.75,1000.75,601
2024-09-16 06:00:00+00:00,1001.0,1001.75,1000.5,1001.0,415
2024-09-16 07:00:00+00:00,1001.25,1001.25,999.0,999.75,1058
2024-09-16 08:00:00+00:00,999.75,1003.0,999.5,1002.75,1308
2024-09-16 09:00:00+00:00,1002.75,1005.0,1002.5,1005.0,675
2024-09-16 10:00:00+00:00,1005.0,1006.5,1004.25,1004.25,691
2024-09-16 11:00:00+00:00,1004.25,1006.25,1004.0,1004.75,893
2024-09-16 12:00:00+00:00,1005.0,1007.25,1004.0,1004.5,1565
2024-09-16 13:00:00+00:00,1004.5,1011.75,1004.25,1008.25,14859
2024-09-16 14:00:00+00:00,1008.25,1009.75,1003.5,1009.75,9239
2024-09-16 15:00:00+00:00,1009.75,1010.0,1003.5,1004.25,7969
2024-09-16 16:00:00+00:00,1004.5,1005.5,1001.5,1001.5,8996
2024-09-16 17:00:00+00:00,1001.5,1008.5,1001.0,1008.5,9309
2024-09-16 18:00:00+00:00,1008.5,1008.5,1003.5,1004.5,0
2024-09-17 00:00:00+00:00,1003.75,1004.25,1002.75,1003.5,1403
2024-09-17 01:00:00+00:00,1003.75,1005.75,1003.25,1005.25,514
2024-09-17 02:00:00+00:00,1005.25,1005.5,1004.5,1005.0,179
2024-09-17 03:00:00+00:00,1004.75,1005.0,1004.25,1004.75,138
2024-09-17 04:00:00+00:00,1004.5,1006.0,1004.5,1005.5,469
2024-09-17 05:00:00+00:00,1005.5,1007.0,1005.25,1006.5,304
2024-09-17 06:00:00+00:00,1006.5,1006.5,1005.5,1005.5,286
2024-09-17 07:00:00+00:00,1005.5,1006.0,1004.75,1005.25,507
2024-09-17 08:00:00+00:00,1005.0,1006.75,1004.5,1004.5,430
2024-09-17 09:00:00+00:00,1004.75,1005.5,1004.25,1004.25,358
2024-09-17 10:00:00+00:00,1004.5,1005.25,1002.0,1002.75,730
2024-09-17 11:00:00+00:00,1002.75,1007.0,1002.5,1006.75,1046
2024-09-17 12:00:00+00:00,1006.5,1009.0,1006.0,1008.25,2727
2024-09-17 13:00:00+00:00,1008.25,1011.0,1007.25,1008.75,11926
2024-09-17 14:00:00+00:00,1009.0,1010.5,1006.25,1009.0,10831
2024-09-17 15:00:00+00:00,1009.0,1009.25,1004.25,1007.25,13728
2024-09-17 16:00:00+00:00,1006.25,1007.25,1003.5,1003.75,6572
2024-09-17 17:00:00+00:00,1003.75,1004.75,1002.75,1004.5,9856
2024-09-17 18:00:00+00:00,1004.5,1007.75,1004.0,1007.25,0
2024-09-18 00:00:00+00:00,1007.0,1009.5,1007.0,1008.5,2630
2024-09-18 01:00:00+00:00,1009.0,1021.5,1009.0,1019.5,13027
2024-09-18 02:00:00+00:00,1019.75,1021.0,1018.75,1019.0,6872
2024-09-18 03:00:00+00:00,1019.0,1021.5,1019.0,1019.5,1482
2024-09-18 04:00:00+00:00,1019.75,1020.25,1018.75,1019.0,676
2024-09-18 05:00:00+00:00,1019.0,1021.25,1018.5,1021.0,1373
2024-09-18 06:00:00+00:00,1021.0,1022.0,1018.25,1019.75,3882
2024-09-18 07:00:00+00:00,1019.75,1020.0,1018.25,1018.75,2068
2024-09-18 08:00:00+00:00,1018.75,1018.75,1017.5,1017.75,1280
2024-09-18 09:00:00+00:00,1018.0,1018.75,1017.5,1018.75,792
2024-09-18 10:00:00+00:00,1018.75,1020.0,1017.75,1018.0,1363
2024-09-18 11:00:00+00:00,1018.0,1021.0,1018.0,1020.75,1897
2024-09-18 12:00:00+00:00,1021.0,1021.5,1015.5,1016.25,0
2024-09-18 13:00:00+00:00,1018.5,1020.25,1015.75,1017.25,59685
2024-09-18 14:00:00+00:00,1017.25,1021.0,1013.75,1014.25,18714
2024-09-18 15:00:00+00:00,1014.0,1014.25,1006.25,1008.0,22413
2024-09-18 16:00:00+00:00,1008.5,1011.0,1007.0,1009.5,11563
2024-09-18 17:00:00+00:00,1009.5,1013.25,1009.0,1013.25,9556
2024-09-18 18:00:00+00:00,1013.25,1016.0,1013.0,1015.0,0
2024-09-19 00:00:00+00:00,1015.0,1017.75,1010.75,1011.25,4476
2024-09-19 01:00:00+00:00,1011.25,1011.5,1006.75,1008.0,3829
2024-09-19 02:00:00+00:00,1008.0,1009.5,1007.25,1008.5,1375
2024-09-19 03:00:00+00:00,1008.5,1011.5,1008.25,1011.0,578
2024-09-19 04:00:00+00:00,1011.0,1011.5,1010.0,1010.75,375
2024-09-19 05:00:00+00:00,1010.5,1012.0,1009.5,1009.75,1079
2024-09-19 06:00:00+00:00,1009.75,1012.0,1009.25,1011.25,1636
2024-09-19 07:00:00+00:00,1011.0,1016.75,1010.5,1015.25,2696
2024-09-19 08:00:00+00:00,1015.5,1015.5,1013.0,1014.25,946
2024-09-19 09:00:00+00:00,1014.25,1014.75,1011.0,1011.0,1411
2024-09-19 10:00:00+00:00,1011.25,1011.75,1007.5,1007.75,3187
2024-09-19 11:00:00+00:00,1008.0,1009.25,1007.0,1009.25,2507
2024-09-19 12:00:00+00:00,1009.0,1015.0,1008.25,1015.0,5739
2024-09-19 13:00:00+00:00,1012.75,1018.0,1011.25,1016.75,18225
2024-09-19 14:00:00+00:00,1017.0,1017.25,1009.0,1010.75,19807
2024-09-19 15:00:00+00:00,1012.25,1014.75,1009.75,1014.75,7504
2024-09-19 16:00:00+00:00,1014.75,1016.75,1014.5,1014.75,8403
2024-09-19 17:00:00+00:00,1015.0,1015.5,1012.75,1013.5,9190
2024-09-19 18:00:00+00:00,1013.5,1014.0,1012.5,1013.25,0
2024-09-20 00:00:00+00:00,1012.5,1017.25,1011.75,1016.0,1995
2024-09-20 01:00:00+00:00,1016.0,1016.25,1013.25,1014.25,1553
2024-09-20 02:00:00+00:00,1014.0,1017.0,1014.0,1016.0,637
2024-09-20 03:00:00+00:00,1016.25,1017.25,1015.75,1016.0,368
2024-09-20 04:00:00+00:00,1016.25,1016.5,1015.75,1016.0,252
2024-09-20 05:00:00+00:00,1016.0,1017.5,1014.25,1017.5,1077
2024-09-20 06:00:00+00:00,1017.5,1018.0,1016.75,1017.75,896
2024-09-20 07:00:00+00:00,1017.75,1018.75,1017.0,1018.5,1085
2024-09-20 08:00:00+00:00,1018.5,1019.0,1017.75,1018.25,1398
2024-09-20 09:00:00+00:00,1018.25,1018.75,1016.25,1016.75,627
2024-09-20 10:00:00+00:00,1016.75,1016.75,1015.0,1015.5,621
2024-09-20 11:00:00+00:00,1015.5,1016.5,1011.25,1011.25,2026
2024-09-20 12:00:00+00:00,1011.0,1011.0,1006.25,1006.5,7363
2024-09-20 13:00:00+00:00,1006.25,1007.0,1001.25,1003.25,27351
2024-09-20 14:00:00+00:00,1003.5,1006.75,1002.0,1005.0,19508
2024-09-20 15:00:00+00:00,1005.0,1008.75,1003.5,1007.5,8538
2024-09-20 16:00:00+00:00,1007.75,1014.0,1007.5,1013.0,12555
2024-09-20 17:00:00+00:00,1012.75,1014.25,1010.5,1014.0,12344
2024-09-20 18:00:00+00:00,1014.0,1014.25,1011.75,1013.5,17431
2024-09-23 00:00:00+00:00,1012.0,1018.25,1012.0,1017.5,3522
2024-09-23 01:00:00+00:00,1017.5,1019.5,1016.5,1017.25,2961
2024-09-23 02:00:00+00:00,1017.0,1018.75,1015.75,1018.25,1199
2024-09-23 03:00:00+00:00,1018.25,1022.5,1018.25,1022.0,3389
2024-09-23 04:00:00+00:00,1021.75,1022.75,1021.5,1022.25,433
2024-09-23 05:00:00+00:00,1022.5,1024.75,1021.75,1022.25,2623
2024-09-23 06:00:00+00:00,1022.25,1022.5,1018.5,1018.5,1575
2024-09-23 07:00:00+00:00,1018.5,1021.0,1018.5,1021.0,2057
2024-09-23 08:00:00+00:00,1021.0,1021.75,1020.25,1021.75,720
2024-09-23 09:00:00+00:00,1021.75,1024.25,1021.25,1022.5,1887
2024-09-23 10:00:00+00:00,1022.5,1025.75,1022.5,1024.75,2951
2024-09-23 11:00:00+00:00,1024.75,1026.5,1024.0,1025.75,2384
2024-09-23 12:00:00+00:00,1026.0,1027.25,1023.75,1026.25,0
2024-09-23 13:00:00+00:00,1025.25,1041.75,1024.75,1039.0,84205
2024-09-23 14:00:00+00:00,1039.0,1041.5,1032.75,1034.25,45063
2024-09-23 15:00:00+00:00,1035.25,1037.75,1033.25,1037.25,18838
2024-09-23 16:00:00+00:00,1037.25,1038.75,1033.25,1034.5,15796
2024-09-23 17:00:00+00:00,1034.75,1039.5,1034.25,1038.25,17590
2024-09-23 18:00:00+00:00,1038.25,1040.25,1036.75,1039.0,0
2024-09-24 00:00:00+00:00,1037.0,1038.0,1035.0,1036.5,3804
2024-09-24 01:00:00+00:00,1036.25,1038.25,1035.5,1035.75,2303
2024-09-24 02:00:00+00:00,1035.5,1035.5,1032.75,1034.0,2162
2024-09-24 03:00:00+00:00,1033.75,1035.25,1033.5,1034.5,825
2024-09-24 04:00:00+00:00,1034.5,1035.0,1034.0,1035.0,365
2024-09-24 05:00:00+00:00,1034.75,1037.0,1034.75,1035.5,1179
2024-09-24 06:00:00+00:00,1035.25,1038.75,1035.0,1038.5,1861
2024-09-24 07:00:00+00:00,1038.5,1040.0,1038.0,1039.75,2330
2024-09-24 08:00:00+00:00,1039.75,1040.5,1037.75,1039.0,2083
2024-09-24 09:00:00+00:00,1039.0,1042.5,1038.75,1042.25,3157
2024-09-24 10:00:00+00:00,1042.25,1044.5,1042.25,1044.0,4617
2024-09-24 11:00:00+00:00,1044.0,1044.75,1042.25,1044.5,4283
2024-09-24 12:00:00+00:00,1044.75,1053.0,1044.25,1053.0,0
2024-09-24 13:00:00+00:00,1052.25,1058.25,1049.5,1056.0,77286
2024-09-24 14:00:00+00:00,1056.0,1057.25,1050.25,1050.75,34930
2024-09-24 15:00:00+00:00,1051.0,1051.25,1041.5,1042.0,27487
2024-09-24 16:00:00+00:00,1042.0,1046.75,1041.5,1042.5,23040
2024-09-24 17:00:00+00:00,1042.5,1043.75,1038.75,1041.75,14495
2024-09-24 18:00:00+00:00,1042.0,1043.75,1040.25,1042.75,0
2024-09-25 00:00:00+00:00,1042.0,1042.5,1037.25,1040.5,4624
2024-09-25 01:00:00+00:00,1040.5,1046.0,1036.75,1039.75,7670
2024-09-25 02:00:00+00:00,1039.75,1040.75,1038.25,1040.5,1185
2024-09-25 03:00:00+00:00,1040.25,1040.75,1038.25,1038.75,945
2024-09-25 04:00:00+00:00,1038.75,1039.0,1038.0,1038.75,299
2024-09-25 05:00:00+00:00,1038.75,1040.0,1036.5,1037.0,1486
2024-09-25 06:00:00+00:00,1036.75,1037.5,1035.5,1035.5,1302
2024-09-25 07:00:00+00:00,1035.75,1037.0,1034.0,1035.25,3556
2024-09-25 08:00:00+00:00,1035.25,1039.25,1034.75,1037.5,1946
2024-09-25 09:00:00+00:00,1037.25,1038.25,1034.0,1035.0,1514
2024-09-25 10:00:00+00:00,1035.0,1035.25,1031.75,1033.5,3812
2024-09-25 11:00:00+00:00,1033.5,1034.0,1031.5,1032.5,2731
2024-09-25 12:00:00+00:00,1033.25,1034.5,1031.25,1034.25,5505
2024-09-25 13:00:00+00:00,1034.75,1042.0,1034.0,1041.25,22308
2024-09-25 14:00:00+00:00,1041.25,1047.25,1038.75,1045.75,38684
2024-09-25 15:00:00+00:00,1046.0,1049.0,1041.75,1043.5,19175
2024-09-25 16:00:00+00:00,1043.5,1049.5,1043.5,1049.0,13802
2024-09-25 17:00:00+00:00,1049.0,1053.75,1045.75,1053.25,16853
2024-09-25 18:00:00+00:00,1053.25,1054.5,1051.75,1053.25,16473
2024-09-26 00:00:00+00:00,1051.75,1053.75,1050.5,1052.0,0
2024-09-26 01:00:00+00:00,1052.0,1056.5,1050.75,1056.5,3311
2024-09-26 02:00:00+00:00,1056.5,1057.0,1054.0,1054.5,2505
2024-09-26 03:00:00+00:00,1054.5,1055.75,1054.25,1055.25,506
2024-09-26 04:00:00+00:00,1055.5,1055.75,1055.0,1055.0,310
2024-09-26 05:00:00+00:00,1055.0,1059.5,1054.25,1058.5,4192
2024-09-26 06:00:00+00:00,1058.5,1059.0,1052.25,1056.5,3421
2024-09-26 07:00:00+00:00,1056.25,1057.25,1056.25,1057.25,748
2024-09-26 08:00:00+00:00,1057.0,1057.0,1053.25,1053.5,2656
2024-09-26 09:00:00+00:00,1053.25,1057.25,1052.75,1056.75,2253
2024-09-26 10:00:00+00:00,1056.5,1061.75,1056.25,1059.5,5481
2024-09-26 11:00:00+00:00,1059.75,1061.75,1058.0,1061.5,3135
2024-09-26 12:00:00+00:00,1061.5,1064.75,1059.0,1059.5,7337
2024-09-26 13:00:00+00:00,1059.5,1061.75,1053.25,1055.75,25134
2024-09-26 14:00:00+00:00,1056.25,1063.75,1056.0,1061.25,32975
2024-09-26 15:00:00+00:00,1061.25,1062.25,1051.0,1051.0,25976
2024-09-26 16:00:00+00:00,1051.25,1051.25,1043.75,1045.25,17854
2024-09-26 17:00:00+00:00,1045.0,1046.25,1041.25,1042.25,16164
2024-09-26 18:00:00+00:00,1042.25,1043.0,1039.75,1040.25,14942
2024-09-27 00:00:00+00:00,1039.75,1039.75,1034.25,1035.0,0
2024-09-27 01:00:00+00:00,1034.75,1040.0,1034.75,1039.25,11727
2024-09-27 02:00:00+00:00,1039.25,1042.75,1038.75,1042.5,3140
2024-09-27 03:00:00+00:00,1042.5,1045.0,1042.25,1043.0,1760
2024-09-27 04:00:00+00:00,1043.0,1044.5,1043.0,1044.5,213
2024-09-27 05:00:00+00:00,1044.0,1044.75,1042.0,1043.25,1048
2024-09-27 06:00:00+00:00,1043.25,1045.0,1043.25,1044.75,2720
2024-09-27 07:00:00+00:00,1044.5,1047.0,1043.75,1046.5,1990
2024-09-27 08:00:00+00:00,1046.5,1047.5,1044.5,1046.5,3107
2024-09-27 09:00:00+00:00,1046.25,1047.25,1041.75,1044.5,3807
2024-09-27 10:00:00+00:00,1044.5,1045.5,1043.5,1044.25,941
2024-09-27 11:00:00+00:00,1044.0,1044.25,1039.0,1044.25,2660
2024-09-27 12:00:00+00:00,1044.0,1046.0,1040.5,1041.5,3756
2024-09-27 13:00:00+00:00,1041.0,1046.25,1039.5,1044.25,15995
2024-09-27 14:00:00+00:00,1044.25,1053.25,1044.0,1052.0,26913
2024-09-27 15:00:00+00:00,1052.0,1057.5,1050.5,1054.75,24154
2024-09-27 16:00:00+00:00,1055.0,1069.5,1055.0,1065.5,44105
2024-09-27 17:00:00+00:00,1065.5,1069.25,1061.5,1062.75,26528
2024-09-27 18:00:00+00:00,1063.0,1066.75,1062.5,1066.0,30007
2024-09-30 00:00:00+00:00,1060.25,1061.75,1054.0,1054.75,6989
2024-09-30 01:00:00+00:00,1054.75,1058.75,1052.0,1053.25,5538
2024-09-30 02:00:00+00:00,1053.25,1054.5,1052.25,1053.0,1664
2024-09-30 03:00:00+00:00,1053.0,1054.0,1052.25,1052.5,513
2024-09-30 04:00:00+00:00,1052.5,1054.5,1052.0,1053.5,477
2024-09-30 05:00:00+00:00,1053.5,1057.25,1052.5,1056.75,1436
2024-09-30 06:00:00+00:00,1056.5,1060.75,1055.5,1057.5,3397
2024-09-30 07:00:00+00:00,1057.5,1058.25,1053.0,1053.25,1754
2024-09-30 08:00:00+00:00,1053.5,1057.25,1053.0,1056.75,1954
2024-09-30 09:00:00+00:00,1056.75,1057.0,1054.25,1054.5,1089
2024-09-30 10:00:00+00:00,1054.5,1056.75,1054.25,1056.5,1220
2024-09-30 11:00:00+00:00,1056.25,1060.0,1056.25,1059.5,2700
2024-09-30 12:00:00+00:00,1059.5,1064.0,1057.0,1058.0,4985
2024-09-30 13:00:00+00:00,1058.0,1062.5,1057.75,1061.25,18722
2024-09-30 14:00:00+00:00,1061.25,1065.0,1059.0,1063.0,18634
2024-09-30 15:00:00+00:00,1062.75,1064.75,1061.5,1063.25,12128
2024-09-30 16:00:00+00:00,1068.25,1069.75,1058.5,1069.0,24117
2024-09-30 17:00:00+00:00,1069.0,1069.75,1058.5,1059.0,16833
2024-09-30 18:00:00+00:00,1059.0,1061.25,1056.25,1056.75,24319
2024-10-01 00:00:00+00:00,1055.75,1056.0,1049.5,1051.5,0
2024-10-01 01:00:00+00:00,1051.5,1052.0,1049.5,1049.75,1464
2024-10-01 02:00:00+00:00,1049.5,1049.5,1047.25,1048.0,1965
2024-10-01 03:00:00+00:00,1048.0,1050.0,1047.25,1049.75,640
2024-10-01 04:00:00+00:00,1049.75,1051.0,1049.25,1050.75,400
2024-10-01 05:00:00+00:00,1050.75,1052.0,1049.5,1049.75,889
2024-10-01 06:00:00+00:00,1049.5,1050.25,1047.75,1047.75,2228
2024-10-01 07:00:00+00:00,1047.75,1064.5,1045.0,1045.25,2791
2024-10-01 08:00:00+00:00,1045.25,1064.5,1045.25,1046.0,1330
2024-10-01 09:00:00+00:00,1046.0,1064.5,1045.0,1045.25,1361
2024-10-01 10:00:00+00:00,1045.5,1071.25,1045.5,1071.0,0
2024-10-01 11:00:00+00:00,1071.0,1071.0,1047.75,1049.5,18773
2024-10-01 12:00:00+00:00,1049.5,1070.0,1046.25,1046.75,3191
2024-10-01 13:00:00+00:00,1064.5,1074.25,1064.25,1073.75,0
2024-10-01 14:00:00+00:00,1074.0,1076.75,1068.75,1074.5,13898
2024-10-01 15:00:00+00:00,1074.5,1079.0,1071.25,1076.5,12117
2024-10-01 16:00:00+00:00,1076.5,1082.25,1073.25,1081.0,7776
2024-10-01 17:00:00+00:00,1081.0,1083.75,1076.25,1076.75,5687
2024-10-01 18:00:00+00:00,1077.0,1077.75,1074.0,1075.0,0
2024-10-02 00:00:00+00:00,1073.0,1074.75,1072.5,1074.25,1150
2024-10-02 01:00:00+00:00,1074.75,1077.75,1074.75,1077.0,585
2024-10-02 02:00:00+00:00,1077.0,1077.75,1076.25,1077.25,191
2024-10-02 03:00:00+00:00,1077.0,1077.5,1076.75,1077.0,148
2024-10-02 04:00:00+00:00,1076.75,1078.0,1076.75,1077.75,96
2024-10-02 05:00:00+00:00,1077.75,1078.75,1077.75,1078.75,144
2024-10-02 06:00:00+00:00,1078.75,1081.0,1078.0,1080.75,326
2024-10-02 07:00:00+00:00,1080.25,1081.75,1079.5,1080.0,158
2024-10-02 08:00:00+00:00,1080.0,1080.25,1078.0,1080.25,193
2024-10-02 09:00:00+00:00,1080.0,1082.0,1079.0,1080.25,709
2024-10-02 10:00:00+00:00,1079.75,1081.75,1069.75,1070.5,3770
2024-10-02 11:00:00+00:00,1070.25,1075.0,1068.75,1069.5,2003
2024-10-02 12:00:00+00:00,1070.0,1070.5,1061.25,1064.25,4645
2024-10-02 13:00:00+00:00,1064.0,1073.5,1062.25,1068.5,6444
2024-10-02 14:00:00+00:00,1068.25,1070.75,1063.25,1068.25,5311
2024-10-02 15:00:00+00:00,1068.25,1072.5,1067.75,1071.0,3173
2024-10-02 16:00:00+00:00,1071.25,1074.5,1069.5,1073.0,6442
2024-10-02 17:00:00+00:00,1073.25,1077.5,1072.5,1076.75,7098
2024-10-02 18:00:00+00:00,1076.75,1077.0,1073.0,1073.0,6019
2024-10-03 00:00:00+00:00,1070.75,1072.75,1070.0,1071.75,0
2024-10-03 01:00:00+00:00,1072.25,1072.25,1069.0,1070.5,284
2024-10-03 02:00:00+00:00,1069.25,1070.0,1069.0,1069.25,373
2024-10-03 03:00:00+00:00,1069.0,1069.25,1067.0,1067.75,100
2024-10-03 04:00:00+00:00,1067.75,1069.0,1067.75,1068.25,28
2024-10-03 05:00:00+00:00,1068.5,1068.75,1067.5,1067.75,22
2024-10-03 06:00:00+00:00,1067.5,1068.75,1067.5,1068.5,49
2024-10-03 07:00:00+00:00,1068.5,1069.25,1065.75,1065.75,272
2024-10-03 08:00:00+00:00,1066.0,1066.5,1064.75,1065.5,320
2024-10-03 09:00:00+00:00,1065.5,1067.0,1064.75,1066.75,382
2024-10-03 10:00:00+00:00,1066.75,1068.0,1065.75,1067.5,124
2024-10-03 11:00:00+00:00,1067.75,1067.75,1064.25,1064.75,214
2024-10-03 12:00:00+00:00,1064.5,1064.5,1060.5,1062.5,2699
2024-10-03 13:00:00+00:00,1062.25,1066.5,1060.25,1062.0,5332
2024-10-03 14:00:00+00:00,1061.75,1069.0,1061.75,1066.5,4799
2024-10-03 15:00:00+00:00,1066.5,1068.0,1065.0,1067.25,3079
2024-10-03 16:00:00+00:00,1067.25,1074.5,1067.0,1074.0,5356
2024-10-03 17:00:00+00:00,1074.0,1074.0,1065.25,1065.75,4335
2024-10-03 18:00:00+00:00,1066.0,1066.25,1063.75,1064.75,9288
2024-10-04 00:00:00+00:00,1063.5,1066.5,1062.75,1066.25,0
2024-10-04 01:00:00+00:00,1066.25,1066.25,1063.0,1064.25,108
2024-10-04 02:00:00+00:00,1064.5,1065.0,1063.75,1065.0,66
2024-10-04 03:00:00+00:00,1065.0,1066.25,1065.0,1066.0,39
2024-10-04 04:00:00+00:00,1066.25,1067.75,1066.25,1067.25,92
2024-10-04 05:00:00+00:00,1067.0,1067.25,1066.25,1066.25,65
2024-10-04 06:00:00+00:00,1066.25,1067.75,1066.0,1066.25,83
2024-10-04 07:00:00+00:00,1064.5,1068.25,1064.5,1068.0,575
2024-10-04 08:00:00+00:00,1067.5,1068.75,1065.75,1068.75,244
2024-10-04 09:00:00+00:00,1068.5,1070.5,1068.0,1068.25,529
2024-10-04 10:00:00+00:00,1068.0,1073.75,1068.0,1072.0,506
2024-10-04 11:00:00+00:00,1072.5,1072.5,1068.25,1068.25,1033
2024-10-04 12:00:00+00:00,1068.25,1068.75,1065.75,1066.0,2526
2024-10-04 13:00:00+00:00,1066.0,1071.0,1063.75,1065.75,4115
2024-10-04 14:00:00+00:00,1066.0,1069.5,1059.75,1060.0,9326
2024-10-04 15:00:00+00:00,1060.0,1060.5,1056.25,1059.5,6200
2024-10-04 16:00:00+00:00,1059.75,1061.75,1054.75,1056.25,5252
2024-10-04 17:00:00+00:00,1056.5,1059.25,1055.0,1055.5,3117
2024-10-04 18:00:00+00:00,1055.5,1057.0,1055.0,1055.75,6715
2024-10-07 00:00:00+00:00,1052.0,1052.0,1045.0,1046.25,2383
2024-10-07 01:00:00+00:00,1046.25,1047.5,1045.5,1045.5,236
2024-10-07 02:00:00+00:00,1045.75,1048.0,1045.0,1046.75,421
2024-10-07 03:00:00+00:00,1047.0,1047.5,1046.25,1047.0,30
2024-10-07 04:00:00+00:00,1046.75,1047.75,1046.75,1047.5,42
2024-10-07 05:00:00+00:00,1047.5,1047.75,1046.75,1046.75,124
2024-10-07 06:00:00+00:00,1046.75,1048.5,1046.75,1047.75,194
2024-10-07 07:00:00+00:00,1048.0,1048.75,1047.75,1048.5,374
2024-10-07 08:00:00+00:00,1048.5,1050.0,1047.5,1049.75,483
2024-10-07 09:00:00+00:00,1049.75,1049.75,1048.75,1049.25,2231
2024-10-07 10:00:00+00:00,1049.25,1050.75,1048.75,1050.75,380
2024-10-07 11:00:00+00:00,1050.75,1051.75,1048.25,1051.0,2391
2024-10-07 12:00:00+00:00,1050.75,1053.25,1050.0,1050.0,0
2024-10-07 13:00:00+00:00,1050.0,1054.5,1049.25,1052.0,17823
2024-10-07 14:00:00+00:00,1052.0,1052.5,1049.0,1050.75,7347
2024-10-07 15:00:00+00:00,1051.0,1056.75,1051.0,1053.0,12778
2024-10-07 16:00:00+00:00,1052.75,1054.75,1052.25,1053.0,5247
2024-10-07 17:00:00+00:00,1052.5,1055.25,1052.0,1055.25,5255
2024-10-07 18:00:00+00:00,1055.0,1055.25,1052.0,1052.75,0
2024-10-08 00:00:00+00:00,1051.5,1055.5,1049.5,1053.75,881
2024-10-08 01:00:00+00:00,1054.5,1058.0,1051.0,1053.5,3729
2024-10-08 02:00:00+00:00,1053.75,1053.75,1042.5,1044.0,1296
2024-10-08 03:00:00+00:00,1043.75,1046.5,1043.75,1044.0,357
2024-10-08 04:00:00+00:00,1044.25,1044.75,1043.5,1043.75,84
2024-10-08 05:00:00+00:00,1044.0,1044.5,1040.0,1042.25,638
2024-10-08 06:00:00+00:00,1042.5,1043.75,1041.75,1042.25,271
2024-10-08 07:00:00+00:00,1041.75,1042.0,1040.25,1042.0,231
2024-10-08 08:00:00+00:00,1042.25,1043.5,1039.5,1039.75,977
2024-10-08 09:00:00+00:00,1039.75,1040.25,1034.75,1035.75,2244
2024-10-08 10:00:00+00:00,1035.75,1039.25,1035.0,1039.25,371
2024-10-08 11:00:00+00:00,1038.75,1039.0,1036.25,1038.25,874
2024-10-08 12:00:00+00:00,1038.0,1038.5,1036.75,1037.25,1256
2024-10-08 13:00:00+00:00,1039.0,1040.5,1035.75,1038.25,10971
2024-10-08 14:00:00+00:00,1038.5,1040.25,1032.75,1034.5,18590
2024-10-08 15:00:00+00:00,1034.25,1035.75,1032.5,1033.25,11391
2024-10-08 16:00:00+00:00,1033.0,1033.75,1030.75,1030.75,6095
2024-10-08 17:00:00+00:00,1031.0,1037.5,1030.25,1035.25,15564
2024-10-08 18:00:00+00:00,1035.25,1036.25,1033.75,1034.25,15708
2024-10-09 00:00:00+00:00,1032.5,1036.5,1031.75,1036.25,0
2024-10-09 01:00:00+00:00,1036.0,1040.5,1035.5,1035.75,1394
2024-10-09 02:00:00+00:00,1035.75,1041.75,1035.25,1041.5,1023
2024-10-09 03:00:00+00:00,1041.75,1042.75,1040.25,1042.5,456
2024-10-09 04:00:00+00:00,1042.5,1042.75,1042.0,1042.75,68
2024-10-09 05:00:00+00:00,1043.0,1045.25,1042.25,1043.75,1158
2024-10-09 06:00:00+00:00,1043.75,1044.25,1039.25,1039.5,852
2024-10-09 07:00:00+00:00,1039.75,1040.75,1039.0,1039.75,224
2024-10-09 08:00:00+00:00,1039.75,1040.0,1038.5,1039.0,427
2024-10-09 09:00:00+00:00,1038.75,1040.5,1038.5,1039.5,348
2024-10-09 10:00:00+00:00,1039.25,1040.75,1039.0,1039.25,483
2024-10-09 11:00:00+00:00,1039.5,1041.75,1037.75,1038.75,237
2024-10-09 12:00:00+00:00,1039.0,1039.0,1036.25,1037.0,675
2024-10-09 13:00:00+00:00,1036.25,1036.25,1029.75,1031.75,10215
2024-10-09 14:00:00+00:00,1031.5,1036.75,1030.25,1036.5,10947
2024-10-09 15:00:00+00:00,1036.5,1040.5,1035.5,1039.25,24185
2024-10-09 16:00:00+00:00,1039.0,1040.5,1037.5,1038.25,12082
2024-10-09 17:00:00+00:00,1038.5,1038.75,1035.75,1038.25,9197
2024-10-09 18:00:00+00:00,1038.25,1038.75,1036.75,1038.25,10459
2024-10-10 00:00:00+00:00,1036.5,1041.5,1036.5,1040.5,0
2024-10-10 01:00:00+00:00,1040.75,1042.25,1039.25,1039.5,197
2024-10-10 02:00:00+00:00,1039.75,1040.25,1038.0,1038.75,1115
2024-10-10 03:00:00+00:00,1038.5,1042.0,1038.5,1040.75,412
2024-10-10 04:00:00+00:00,1040.5,1040.75,1040.25,1040.5,23
2024-10-10 05:00:00+00:00,1040.75,1041.75,1038.75,1038.75,658
2024-10-10 06:00:00+00:00,1038.75,1042.5,1038.25,1038.75,2170
2024-10-10 07:00:00+00:00,1038.0,1038.0,1037.25,1038.0,2341
2024-10-10 08:00:00+00:00,1038.0,1038.5,1036.75,1036.75,611
2024-10-10 09:00:00+00:00,1036.75,1038.25,1036.25,1037.5,244
2024-10-10 10:00:00+00:00,1037.75,1038.25,1037.25,1037.25,1285
2024-10-10 11:00:00+00:00,1037.25,1037.25,1032.75,1033.5,1151
2024-10-10 12:00:00+00:00,1033.0,1036.0,1032.25,1033.75,939
2024-10-10 13:00:00+00:00,1034.0,1035.25,1031.25,1031.5,10068
2024-10-10 14:00:00+00:00,1031.75,1033.5,1030.25,1031.25,22342
2024-10-10 15:00:00+00:00,1031.25,1033.75,1030.5,1032.5,11166
2024-10-10 16:00:00+00:00,1032.5,1035.5,1031.5,1032.0,11949
2024-10-10 17:00:00+00:00,1032.25,1032.75,1028.75,1031.5,12292
2024-10-10 18:00:00+00:00,1031.5,1032.25,1030.5,1031.0,10396
2024-10-11 00:00:00+00:00,1031.0,1035.5,1030.75,1034.5,0
2024-10-11 01:00:00+00:00,1034.75,1036.75,1033.75,1034.75,1376
2024-10-11 02:00:00+00:00,1034.75,1037.25,1032.75,1037.25,327
2024-10-11 03:00:00+00:00,1037.0,1037.25,1033.5,1035.0,264
2024-10-11 04:00:00+00:00,1034.75,1035.0,1034.25,1034.5,163
2024-10-11 05:00:00+00:00,1034.25,1036.75,1034.0,1035.0,576
2024-10-11 06:00:00+00:00,1034.75,1035.25,1031.75,1032.5,2120
2024-10-11 07:00:00+00:00,1032.25,1034.0,1032.25,1033.75,375
2024-10-11 08:00:00+00:00,1033.75,1035.0,1033.25,1033.25,137
2024-10-11 09:00:00+00:00,1034.25,1035.25,1033.5,1034.5,723
2024-10-11 10:00:00+00:00,1034.75,1038.5,1034.75,1038.0,401
2024-10-11 11:00:00+00:00,1038.0,1038.25,1034.75,1035.75,1224
2024-10-11 12:00:00+00:00,1036.0,1037.25,1034.0,1034.75,1550
2024-10-11 13:00:00+00:00,1034.75,1039.25,1032.75,1036.5,18723
2024-10-11 14:00:00+00:00,1036.75,1038.25,1035.75,1036.75,11249
2024-10-11 15:00:00+00:00,1036.75,1039.75,1035.75,1037.5,12872
2024-10-11 16:00:00+00:00,1037.25,1039.25,1023.5,1025.75,22769
2024-10-11 17:00:00+00:00,1025.75,1026.0,1020.0,1023.75,12933
2024-10-11 18:00:00+00:00,1024.0,1024.0,1019.5,1020.5,13827
2024-10-14 00:00:00+00:00,1017.25,1019.75,1013.75,1019.5,2211
2024-10-14 01:00:00+00:00,1019.25,1019.75,1015.25,1016.75,789
2024-10-14 02:00:00+00:00,1016.25,1021.5,1014.5,1021.0,920
2024-10-14 03:00:00+00:00,1020.75,1022.5,1020.5,1020.5,289
2024-10-14 04:00:00+00:00,1020.5,1021.0,1020.0,1020.0,74
2024-10-14 05:00:00+00:00,1020.25,1021.0,1018.5,1018.75,464
2024-10-14 06:00:00+00:00,1018.75,1021.25,1018.25,1019.0,351
2024-10-14 07:00:00+00:00,1019.0,1019.0,1016.25,1016.5,652
2024-10-14 08:00:00+00:00,1016.5,1018.5,1016.5,1018.0,183
2024-10-14 09:00:00+00:00,1018.0,1018.0,1016.5,1017.25,96
2024-10-14 10:00:00+00:00,1017.0,1018.25,1016.75,1016.75,224
2024-10-14 11:00:00+00:00,1016.75,1018.25,1015.5,1016.5,1388
2024-10-14 12:00:00+00:00,1016.5,1017.25,1013.75,1014.75,2011
2024-10-14 13:00:00+00:00,1015.75,1024.0,1014.25,1022.5,13544
2024-10-14 14:00:00+00:00,1022.25,1023.25,1018.25,1019.5,14610
2024-10-14 15:00:00+00:00,1019.25,1022.25,1016.5,1018.5,8528
2024-10-14 16:00:00+00:00,1018.75,1019.0,1015.0,1015.25,4319
2024-10-14 17:00:00+00:00,1015.25,1015.5,1011.5,1011.5,9996
2024-10-14 18:00:00+00:00,1011.5,1012.5,1010.75,1011.5,16704
2024-10-15 00:00:00+00:00,1011.0,1011.75,1006.5,1006.75,0
2024-10-15 01:00:00+00:00,1007.0,1009.0,1006.25,1008.5,998
2024-10-15 02:00:00+00:00,1008.75,1010.0,1007.75,1007.75,432
2024-10-15 03:00:00+00:00,1007.75,1008.25,1004.75,1005.0,793
2024-10-15 04:00:00+00:00,1005.25,1005.25,1004.0,1004.0,218
2024-10-15 05:00:00+00:00,1003.5,1004.0,1001.25,1003.25,884
2024-10-15 06:00:00+00:00,1003.25,1005.5,1002.5,1004.0,573
2024-10-15 07:00:00+00:00,1004.25,1005.25,1003.0,1005.25,554
2024-10-15 08:00:00+00:00,1005.25,1006.25,1004.5,1004.75,1311
2024-10-15 09:00:00+00:00,1005.0,1005.0,1003.25,1004.0,448
2024-10-15 10:00:00+00:00,1004.0,1004.25,1002.5,1003.0,216
2024-10-15 11:00:00+00:00,1003.0,1005.75,1003.0,1004.75,651
2024-10-15 12:00:00+00:00,1004.5,1004.75,1001.5,1002.25,939
2024-10-15 13:00:00+00:00,1002.5,1004.5,997.25,999.0,19610
2024-10-15 14:00:00+00:00,999.0,1001.25,995.75,997.75,18794
2024-10-15 15:00:00+00:00,997.5,1004.0,996.75,1001.0,32347
2024-10-15 16:00:00+00:00,1001.0,1005.5,1000.5,1003.75,27515
2024-10-15 17:00:00+00:00,1003.5,1006.25,1001.75,1003.25,10037
2024-10-15 18:00:00+00:00,1003.5,1005.5,1003.0,1004.75,16488
2024-10-16 00:00:00+00:00,1003.0,1007.75,1002.5,1007.0,0
2024-10-16 01:00:00+00:00,1007.0,1009.0,1006.5,1008.75,2727
2024-10-16 02:00:00+00:00,1009.5,1010.5,1009.0,1010.0,746
2024-10-16 03:00:00+00:00,1010.25,1010.25,1008.75,1009.75,332
2024-10-16 04:00:00+00:00,1010.0,1010.5,1009.75,1009.75,214
2024-10-16 05:00:00+00:00,1009.5,1010.25,1008.5,1009.0,0
2024-10-16 06:00:00+00:00,1008.75,1010.25,1008.25,1008.75,15917
2024-10-16 07:00:00+00:00,1009.0,1010.0,1008.5,1008.5,610
2024-10-16 08:00:00+00:00,1008.5,1009.0,1007.0,1008.25,1241
2024-10-16 09:00:00+00:00,1008.25,1010.5,1007.75,1009.25,1226
2024-10-16 10:00:00+00:00,1009.0,1009.25,1007.5,1008.25,842
2024-10-16 11:00:00+00:00,1008.0,1009.25,1007.75,1009.25,1699
2024-10-16 12:00:00+00:00,1009.0,1010.5,1007.75,1008.75,4203
2024-10-16 13:00:00+00:00,1009.0,1011.75,1007.5,1010.5,28917
2024-10-16 14:00:00+00:00,1010.75,1012.5,1000.25,1001.75,34283
2024-10-16 15:00:00+00:00,1001.5,1002.75,996.0,997.5,21034
2024-10-16 16:00:00+00:00,997.5,998.5,995.5,997.0,13261
2024-10-16 17:00:00+00:00,997.0,998.0,995.0,995.5,8575
2024-10-16 18:00:00+00:00,995.5,995.75,992.0,992.0,18345
2024-10-17 00:00:00+00:00,993.0,997.75,991.75,996.5,0
2024-10-17 01:00:00+00:00,996.75,997.75,995.5,996.5,1050
2024-10-17 02:00:00+00:00,996.0,997.0,991.25,991.5,1115
2024-10-17 03:00:00+00:00,991.75,991.75,989.5,990.75,898
2024-10-17 04:00:00+00:00,990.75,991.5,990.75,991.25,162
2024-10-17 05:00:00+00:00,991.0,991.5,989.75,990.75,298
2024-10-17 06:00:00+00:00,990.75,990.75,987.5,988.25,864
2024-10-17 07:00:00+00:00,988.5,988.75,987.0,987.0,1188
2024-10-17 08:00:00+00:00,987.5,988.25,987.25,988.0,1789
2024-10-17 09:00:00+00:00,988.25,988.25,985.5,985.75,1381
2024-10-17 10:00:00+00:00,985.75,987.0,984.0,984.5,781
2024-10-17 11:00:00+00:00,985.0,986.5,983.75,985.25,1429
2024-10-17 12:00:00+00:00,984.75,986.5,982.5,986.5,3102
2024-10-17 13:00:00+00:00,986.5,987.25,981.5,982.5,22391
2024-10-17 14:00:00+00:00,982.5,984.25,980.75,983.0,19708
2024-10-17 15:00:00+00:00,982.75,991.75,982.5,991.0,18345
2024-10-17 16:00:00+00:00,990.75,993.75,987.5,993.5,14977
2024-10-17 17:00:00+00:00,993.75,999.0,992.25,999.0,38466
2024-10-17 18:00:00+00:00,998.75,1000.75,997.5,998.75,22298
2024-10-18 00:00:00+00:00,998.5,1004.0,998.5,1002.0,0
2024-10-18 01:00:00+00:00,1002.0,1003.75,1000.5,1002.25,2186
2024-10-18 02:00:00+00:00,1002.25,1004.25,1001.0,1003.25,1069
2024-10-18 03:00:00+00:00,1003.0,1003.0,998.0,999.5,1443
2024-10-18 04:00:00+00:00,999.75,1001.25,999.75,1001.0,101
2024-10-18 05:00:00+00:00,1001.0,1002.5,1000.5,1002.0,849
2024-10-18 06:00:00+00:00,1002.0,1003.75,1000.25,1001.0,1368
2024-10-18 07:00:00+00:00,1001.0,1002.25,999.75,1000.5,2765
2024-10-18 08:00:00+00:00,1000.5,1001.75,999.75,999.75,1877
2024-10-18 09:00:00+00:00,1000.0,1000.25,998.25,998.25,1301
2024-10-18 10:00:00+00:00,998.75,1001.75,998.25,1001.5,1240
2024-10-18 11:00:00+00:00,1001.25,1003.25,1000.25,1002.75,1161
2024-10-18 12:00:00+00:00,1002.75,1003.25,999.25,1000.75,1822
2024-10-18 13:00:00+00:00,1000.75,1003.0,995.5,997.5,17875
2024-10-18 14:00:00+00:00,997.5,998.25,993.0,993.5,22340
2024-10-18 15:00:00+00:00,993.25,994.75,991.0,991.0,13793
2024-10-18 16:00:00+00:00,991.25,993.25,988.5,989.0,22543
2024-10-18 17:00:00+00:00,989.0,990.25,982.75,983.5,34455
2024-10-18 18:00:00+00:00,983.5,985.5,982.25,983.0,12253
2024-10-21 00:00:00+00:00,982.5,988.0,981.75,987.25,3178
2024-10-21 01:00:00+00:00,987.25,988.25,982.25,984.0,1822
2024-10-21 02:00:00+00:00,984.0,989.5,983.75,988.25,588
2024-10-21 03:00:00+00:00,988.25,989.25,987.75,988.5,180
2024-10-21 04:00:00+00:00,988.25,988.25,987.0,987.0,65
2024-10-21 05:00:00+00:00,986.75,987.25,986.5,986.75,423
2024-10-21 06:00:00+00:00,986.25,988.0,985.5,987.25,348
2024-10-21 07:00:00+00:00,987.25,989.25,985.75,989.0,896
2024-10-21 08:00:00+00:00,988.75,990.25,988.0,989.25,2779
2024-10-21 09:00:00+00:00,989.25,990.25,988.25,989.25,936
2024-10-21 10:00:00+00:00,989.0,990.0,988.75,989.0,1165
2024-10-21 11:00:00+00:00,989.0,990.75,986.0,986.25,2354
2024-10-21 12:00:00+00:00,986.0,986.5,984.5,985.5,2176
2024-10-21 13:00:00+00:00,985.25,992.75,984.0,991.5,24363
2024-10-21 14:00:00+00:00,991.5,993.25,988.5,989.25,22215
2024-10-21 15:00:00+00:00,989.0,990.5,987.75,990.5,16612
2024-10-21 16:00:00+00:00,990.5,991.0,988.5,990.75,14630
2024-10-21 17:00:00+00:00,990.75,991.5,988.0,990.0,13401
2024-10-21 18:00:00+00:00,989.75,991.0,988.75,989.25,18338
2024-10-22 00:00:00+00:00,989.0,991.75,987.75,988.0,0
2024-10-22 01:00:00+00:00,988.25,991.0,987.5,988.75,1278
2024-10-22 02:00:00+00:00,988.75,990.5,987.0,987.0,1046
2024-10-22 03:00:00+00:00,987.25,989.0,987.25,988.0,289
2024-10-22 04:00:00+00:00,987.75,988.0,987.5,987.5,90
2024-10-22 05:00:00+00:00,987.5,988.5,986.75,987.25,615
2024-10-22 06:00:00+00:00,987.5,988.75,986.75,988.0,826
2024-10-22 07:00:00+00:00,988.0,988.75,986.75,987.5,1137
2024-10-22 08:00:00+00:00,987.5,989.5,987.0,989.0,2436
2024-10-22 09:00:00+00:00,988.75,991.0,988.25,990.5,1168
2024-10-22 10:00:00+00:00,990.25,991.25,989.75,991.0,756
2024-10-22 11:00:00+00:00,991.0,991.0,989.0,990.0,1824
2024-10-22 12:00:00+00:00,989.75,989.75,988.0,989.75,3990
2024-10-22 13:00:00+00:00,990.0,996.0,989.25,996.0,22739
2024-10-22 14:00:00+00:00,995.75,1000.75,995.5,997.5,26979
2024-10-22 15:00:00+00:00,997.5,1000.25,995.0,1000.25,11859
2024-10-22 16:00:00+00:00,1000.5,1003.75,998.5,998.5,17129
2024-10-22 17:00:00+00:00,998.5,1000.5,998.0,998.25,13561
2024-10-22 18:00:00+00:00,998.25,1001.5,998.0,1001.25,11973
2024-10-23 00:00:00+00:00,1001.0,1005.5,1000.5,1002.0,0
2024-10-23 01:00:00+00:00,1002.0,1006.0,1001.0,1003.5,3420
2024-10-23 02:00:00+00:00,1003.75,1004.5,1001.25,1002.0,4833
2024-10-23 03:00:00+00:00,1001.5,1002.5,1001.5,1002.0,988
2024-10-23 04:00:00+00:00,1001.75,1002.25,1001.25,1001.75,439
2024-10-23 05:00:00+00:00,1001.75,1002.5,1001.25,1002.0,440
2024-10-23 06:00:00+00:00,1002.25,1002.5,998.25,999.75,1159
2024-10-23 07:00:00+00:00,999.75,1000.25,998.75,998.75,1899
2024-10-23 08:00:00+00:00,999.0,1000.0,998.5,999.0,2391
2024-10-23 09:00:00+00:00,998.75,999.25,997.5,998.25,2281
2024-10-23 10:00:00+00:00,998.25,998.5,995.25,995.5,1704
2024-10-23 11:00:00+00:00,995.75,996.5,995.0,995.75,1572
2024-10-23 12:00:00+00:00,996.0,996.75,994.25,996.75,3673
2024-10-23 13:00:00+00:00,997.25,1003.0,996.75,1000.75,21579
2024-10-23 14:00:00+00:00,1000.75,1002.75,998.0,999.0,22381
2024-10-23 15:00:00+00:00,998.5,1006.75,997.75,1006.75,16776
2024-10-23 16:00:00+00:00,1006.5,1007.5,1004.25,1006.5,11697
2024-10-23 17:00:00+00:00,1006.5,1007.0,1004.75,1005.0,12010
2024-10-23 18:00:00+00:00,1005.0,1005.5,1004.0,1005.25,0
2024-10-24 00:00:00+00:00,1005.0,1007.75,1004.25,1007.5,4584
2024-10-24 01:00:00+00:00,1007.5,1008.0,1005.75,1006.5,1482
2024-10-24 02:00:00+00:00,1006.25,1007.5,1005.25,1007.5,1034
2024-10-24 03:00:00+00:00,1007.75,1008.0,1007.0,1007.25,753
2024-10-24 04:00:00+00:00,1007.25,1007.5,1006.75,1007.25,426
2024-10-24 05:00:00+00:00,1007.25,1007.25,1005.25,1005.75,887
2024-10-24 06:00:00+00:00,1005.75,1008.0,1005.5,1007.5,1001
2024-10-24 07:00:00+00:00,1007.5,1010.0,1007.25,1009.0,2689
2024-10-24 08:00:00+00:00,1009.0,1010.75,1009.0,1010.5,1297
2024-10-24 09:00:00+00:00,1010.5,1011.75,1009.75,1011.75,1540
2024-10-24 10:00:00+00:00,1011.75,1012.25,1010.5,1010.75,1311
2024-10-24 11:00:00+00:00,1011.0,1013.0,1010.75,1012.5,1430
2024-10-24 12:00:00+00:00,1012.5,1016.5,1010.75,1015.75,8373
2024-10-24 13:00:00+00:00,1016.25,1018.0,1013.0,1013.5,24865
2024-10-24 14:00:00+00:00,1013.75,1014.0,1006.75,1006.75,37687
2024-10-24 15:00:00+00:00,1006.75,1008.75,1003.25,1008.25,25411
2024-10-24 16:00:00+00:00,1008.0,1010.25,1006.25,1007.25,21232
2024-10-24 17:00:00+00:00,1007.5,1009.75,1004.25,1005.0,19868
2024-10-24 18:00:00+00:00,1005.0,1005.5,1003.25,1005.25,16394
2024-10-25 00:00:00+00:00,1005.0,1005.25,1001.0,1002.0,0
2024-10-25 01:00:00+00:00,1003.25,1006.0,1002.75,1003.25,5775
2024-10-25 02:00:00+00:00,1003.0,1003.5,1001.5,1001.75,1524
2024-10-25 03:00:00+00:00,1001.75,1003.25,1001.0,1003.25,924
2024-10-25 04:00:00+00:00,1003.25,1003.5,1001.25,1001.25,566
2024-10-25 05:00:00+00:00,1001.25,1001.75,1001.0,1001.5,584
2024-10-25 06:00:00+00:00,1001.75,1001.75,999.25,999.75,2799
2024-10-25 07:00:00+00:00,999.75,1000.25,998.75,999.25,1576
2024-10-25 08:00:00+00:00,999.0,999.5,998.0,998.25,2588
2024-10-25 09:00:00+00:00,998.25,999.0,997.75,998.0,1318
2024-10-25 10:00:00+00:00,998.0,998.0,996.0,996.75,4118
2024-10-25 11:00:00+00:00,996.75,999.25,996.5,999.25,3238
2024-10-25 12:00:00+00:00,999.25,1002.5,999.25,1002.5,4351
2024-10-25 13:00:00+00:00,1002.5,1003.75,998.5,1001.5,32700
2024-10-25 14:00:00+00:00,1001.75,1002.5,995.5,996.25,21162
2024-10-25 15:00:00+00:00,996.0,998.25,994.0,994.75,24656
2024-10-25 16:00:00+00:00,994.75,998.5,994.75,996.75,9312
2024-10-25 17:00:00+00:00,996.75,999.0,996.0,997.75,11804
2024-10-25 18:00:00+00:00,998.0,998.0,996.75,997.75,12998
2024-10-28 00:00:00+00:00,995.25,995.25,986.5,987.25,5008
2024-10-28 01:00:00+00:00,987.25,990.0,986.0,988.5,4396
2024-10-28 02:00:00+00:00,988.5,989.75,987.0,989.25,1402
2024-10-28 03:00:00+00:00,989.0,992.25,989.0,990.75,1302
2024-10-28 04:00:00+00:00,990.25,991.5,990.25,991.25,1317
2024-10-28 05:00:00+00:00,991.0,992.75,989.75,992.0,2036
2024-10-28 06:00:00+00:00,992.25,995.25,992.25,993.25,1578
2024-10-28 07:00:00+00:00,993.0,994.25,992.25,992.25,737
2024-10-28 08:00:00+00:00,992.5,993.75,991.5,992.25,1506
2024-10-28 09:00:00+00:00,992.25,992.25,990.25,990.25,1999
2024-10-28 10:00:00+00:00,990.25,991.75,990.0,990.5,1046
2024-10-28 11:00:00+00:00,990.5,991.75,990.25,990.75,1250
2024-10-28 12:00:00+00:00,990.5,991.25,989.25,990.0,1794
2024-10-28 13:00:00+00:00,990.75,990.75,986.0,989.0,20225
2024-10-28 14:00:00+00:00,989.0,990.75,987.5,988.75,17134
2024-10-28 15:00:00+00:00,988.75,991.75,987.0,991.5,16218
2024-10-28 16:00:00+00:00,992.75,992.75,989.0,989.0,20696
2024-10-28 17:00:00+00:00,989.0,990.25,986.5,989.5,17447
2024-10-28 18:00:00+00:00,989.25,989.5,985.5,986.75,0
2024-10-29 00:00:00+00:00,986.75,989.25,986.75,987.25,3470
2024-10-29 01:00:00+00:00,987.25,987.5,985.75,986.5,1441
2024-10-29 02:00:00+00:00,986.5,988.75,986.5,987.0,1400
2024-10-29 03:00:00+00:00,986.75,987.25,985.0,985.0,1061
2024-10-29 04:00:00+00:00,985.0,986.5,985.0,986.25,542
2024-10-29 05:00:00+00:00,986.25,988.75,985.5,987.75,1873
2024-10-29 06:00:00+00:00,988.0,989.75,987.0,988.5,1399
2024-10-29 07:00:00+00:00,988.5,989.75,988.25,989.75,1178
2024-10-29 08:00:00+00:00,989.75,990.5,988.25,989.75,852
2024-10-29 09:00:00+00:00,990.0,991.5,989.0,989.75,1449
2024-10-29 10:00:00+00:00,989.75,991.25,989.75,990.25,1284
2024-10-29 11:00:00+00:00,990.0,990.75,988.25,988.5,1823
2024-10-29 12:00:00+00:00,988.25,988.5,986.0,987.25,2295
2024-10-29 13:00:00+00:00,987.0,989.0,982.0,986.25,22321
2024-10-29 14:00:00+00:00,986.25,988.0,983.0,985.0,23938
2024-10-29 15:00:00+00:00,985.0,985.75,980.75,980.75,31082
2024-10-29 16:00:00+00:00,980.75,984.25,980.0,981.5,21780
2024-10-29 17:00:00+00:00,981.5,983.5,978.5,981.0,17981
2024-10-29 18:00:00+00:00,980.75,980.75,978.75,980.0,15701
2024-10-30 00:00:00+00:00,978.5,981.5,977.75,978.75,0
2024-10-30 01:00:00+00:00,978.5,982.25,977.25,982.25,3780
2024-10-30 02:00:00+00:00,982.0,983.75,979.5,981.25,2027
2024-10-30 03:00:00+00:00,981.0,981.75,979.25,979.5,750
2024-10-30 04:00:00+00:00,979.5,979.75,979.0,979.25,276
2024-10-30 05:00:00+00:00,979.25,981.75,978.5,981.25,1387
2024-10-30 06:00:00+00:00,981.5,984.0,980.75,983.5,1670
2024-10-30 07:00:00+00:00,983.5,983.5,982.25,982.5,316
2024-10-30 08:00:00+00:00,982.5,984.5,982.5,983.0,1872
2024-10-30 09:00:00+00:00,983.0,983.5,981.5,982.5,1789
2024-10-30 10:00:00+00:00,982.25,983.0,980.75,982.75,1094
2024-10-30 11:00:00+00:00,982.75,983.75,981.5,983.25,1540
2024-10-30 12:00:00+00:00,983.25,984.0,981.25,983.5,3246
2024-10-30 13:00:00+00:00,984.0,988.25,981.0,988.0,22662
2024-10-30 14:00:00+00:00,988.0,992.0,986.5,988.75,33172
2024-10-30 15:00:00+00:00,989.0,991.0,987.5,990.0,17513
2024-10-30 16:00:00+00:00,989.75,992.0,988.5,991.25,15558
2024-10-30 17:00:00+00:00,991.25,992.75,989.25,989.25,21211
2024-10-30 18:00:00+00:00,989.5,992.75,988.75,992.75,17904
2024-10-31 00:00:00+00:00,991.25,992.25,988.75,990.75,0
2024-10-31 01:00:00+00:00,990.5,992.0,988.25,988.5,1497
2024-10-31 02:00:00+00:00,988.5,990.75,988.25,988.5,1416
2024-10-31 03:00:00+00:00,988.5,990.75,988.5,988.5,1094
2024-10-31 04:00:00+00:00,988.75,989.75,988.75,989.25,240
2024-10-31 05:00:00+00:00,989.0,992.0,989.0,990.5,1576
2024-10-31 06:00:00+00:00,990.5,991.5,990.0,990.25,812
2024-10-31 07:00:00+00:00,990.25,991.75,989.5,991.75,435
2024-10-31 08:00:00+00:00,991.75,995.75,991.5,994.75,2817
2024-10-31 09:00:00+00:00,994.5,996.5,993.25,996.0,2235
2024-10-31 10:00:00+00:00,995.75,997.0,994.5,994.5,1180
2024-10-31 11:00:00+00:00,994.75,996.0,994.5,995.25,1152
2024-10-31 12:00:00+00:00,995.0,997.75,994.5,997.5,3740
2024-10-31 13:00:00+00:00,997.25,999.25,992.5,993.5,15428
2024-10-31 14:00:00+00:00,993.25,999.0,992.75,997.75,13979
2024-10-31 15:00:00+00:00,997.75,999.25,993.75,994.0,14364
2024-10-31 16:00:00+00:00,993.75,994.0,991.5,991.75,7564
2024-10-31 17:00:00+00:00,992.0,995.75,991.75,994.5,11308
2024-10-31 18:00:00+00:00,994.25,996.5,993.5,996.5,15300
2024-11-01 00:00:00+00:00,995.5,1001.25,995.0,1001.0,0
2024-11-01 01:00:00+00:00,1001.25,1005.0,1001.25,1004.75,4689
2024-11-01 02:00:00+00:00,1004.5,1005.0,1002.0,1002.75,2521
2024-11-01 03:00:00+00:00,1002.75,1003.5,1001.5,1002.25,1240
2024-11-01 04:00:00+00:00,1002.0,1002.25,1001.75,1002.0,176
2024-11-01 05:00:00+00:00,1002.0,1002.75,1001.5,1002.0,757
2024-11-01 06:00:00+00:00,1002.25,1002.75,1000.75,1001.0,1448
2024-11-01 07:00:00+00:00,1001.0,1002.25,1000.5,1002.25,1996
2024-11-01 08:00:00+00:00,1002.0,1004.5,1001.75,1003.5,1454
2024-11-01 09:00:00+00:00,1003.5,1004.75,1003.25,1004.25,1331
2024-11-01 10:00:00+00:00,1004.25,1004.25,1001.5,1001.5,1145
2024-11-01 11:00:00+00:00,1001.5,1001.5,999.5,1001.25,1132
2024-11-01 12:00:00+00:00,1001.25,1003.0,1000.5,1002.5,2059
2024-11-01 13:00:00+00:00,1002.5,1008.75,1001.75,1006.0,19589
2024-11-01 14:00:00+00:00,1006.25,1006.5,996.75,998.0,17674
2024-11-01 15:00:00+00:00,998.25,999.0,993.0,993.25,12737
2024-11-01 16:00:00+00:00,993.25,993.75,988.75,992.0,21472
2024-11-01 17:00:00+00:00,991.75,995.0,991.75,994.75,10893
2024-11-01 18:00:00+00:00,994.5,995.75,992.75,995.25,11672
2024-11-04 01:00:00+00:00,996.5,1003.5,995.5,1002.75,4923
2024-11-04 02:00:00+00:00,1003.0,1005.0,1002.25,1004.75,1934
2024-11-04 03:00:00+00:00,1004.75,1005.0,1002.0,1003.5,1390
2024-11-04 04:00:00+00:00,1003.5,1004.5,1002.75,1003.25,455
2024-11-04 05:00:00+00:00,1003.25,1004.5,1003.0,1004.5,520
2024-11-04 06:00:00+00:00,1004.0,1005.0,1003.0,1004.5,1262
2024-11-04 07:00:00+00:00,1004.25,1004.5,1001.75,1002.5,563
2024-11-04 08:00:00+00:00,1002.5,1005.25,1002.5,1004.75,1195
2024-11-04 09:00:00+00:00,1004.5,1007.0,1004.5,1005.75,1075
2024-11-04 10:00:00+00:00,1005.5,1006.75,1004.5,1006.25,2133
2024-11-04 11:00:00+00:00,1006.5,1008.0,1006.25,1007.75,1204
2024-11-04 12:00:00+00:00,1008.0,1008.0,1005.25,1006.25,2689
2024-11-04 13:00:00+00:00,1006.25,1007.25,1004.25,1004.75,3773
2024-11-04 14:00:00+00:00,1004.5,1007.0,1003.75,1006.0,13816
2024-11-04 15:00:00+00:00,1006.0,1006.25,997.25,998.0,18605
2024-11-04 16:00:00+00:00,998.25,999.5,995.25,997.25,11100
2024-11-04 17:00:00+00:00,997.5,998.0,994.0,997.25,9254
2024-11-04 18:00:00+00:00,997.0,998.25,996.25,997.0,7113
2024-11-04 19:00:00+00:00,997.25,997.75,996.25,997.25,9469
2024-11-05 01:00:00+00:00,997.0,1000.75,996.5,1000.5,0
2024-11-05 02:00:00+00:00,1000.25,1000.75,999.25,999.25,1754
2024-11-05 03:00:00+00:00,999.25,1001.75,999.25,1001.5,682
2024-11-05 04:00:00+00:00,1001.25,1001.75,1000.75,1001.0,184
2024-11-05 05:00:00+00:00,1001.25,1001.25,998.0,998.75,684
2024-11-05 06:00:00+00:00,998.75,999.5,997.0,997.0,1447
2024-11-05 07:00:00+00:00,997.0,999.75,996.5,999.75,954
2024-11-05 08:00:00+00:00,999.5,999.75,998.25,999.25,525
2024-11-05 09:00:00+00:00,999.5,1000.5,999.25,999.75,452
2024-11-05 10:00:00+00:00,999.5,999.75,998.25,999.0,816
2024-11-05 11:00:00+00:00,999.0,999.75,998.5,999.5,478
2024-11-05 12:00:00+00:00,999.5,1000.5,998.5,1000.0,1349
2024-11-05 13:00:00+00:00,1000.0,1003.25,999.75,1002.25,3583
2024-11-05 14:00:00+00:00,1001.5,1006.25,1000.75,1001.75,17681
2024-11-05 15:00:00+00:00,1001.75,1003.25,998.5,1000.0,12476
2024-11-05 16:00:00+00:00,1000.0,1004.25,999.25,1003.25,7782
2024-11-05 17:00:00+00:00,1003.5,1005.5,1003.0,1003.25,11895
2024-11-05 18:00:00+00:00,1003.0,1004.0,999.5,1000.5,9312
2024-11-05 19:00:00+00:00,1000.25,1003.5,999.5,1003.5,12764
2024-11-06 01:00:00+00:00,999.25,1002.0,996.25,1000.25,0
2024-11-06 02:00:00+00:00,1000.5,1000.5,990.0,990.5,7160
2024-11-06 03:00:00+00:00,990.25,990.75,984.5,984.5,10004
2024-11-06 04:00:00+00:00,984.5,986.0,982.0,982.5,3986
2024-11-06 05:00:00+00:00,982.5,985.75,982.5,984.5,4359
2024-11-06 06:00:00+00:00,984.5,989.0,984.0,988.25,8410
2024-11-06 07:00:00+00:00,988.5,989.0,984.5,985.75,3432
2024-11-06 08:00:00+00:00,985.5,988.0,985.0,988.0,5056
2024-11-06 09:00:00+00:00,988.0,988.0,986.25,986.75,1930
2024-11-06 10:00:00+00:00,986.75,987.0,985.75,985.75,1039
2024-11-06 11:00:00+00:00,985.5,986.0,983.0,984.5,3572
2024-11-06 12:00:00+00:00,984.5,984.75,982.25,983.75,3952
2024-11-06 13:00:00+00:00,983.5,986.75,982.0,986.25,6328
2024-11-06 14:00:00+00:00,986.5,997.5,985.0,997.5,37177
2024-11-06 15:00:00+00:00,997.5,1002.75,996.75,1000.25,33608
2024-11-06 16:00:00+00:00,1000.5,1002.5,999.0,1001.5,14914
2024-11-06 17:00:00+00:00,1001.75,1003.5,1000.5,1003.0,10677
2024-11-06 18:00:00+00:00,1003.0,1007.75,1001.5,1003.25,15861
2024-11-06 19:00:00+00:00,1003.5,1005.0,1001.75,1004.75,11775
2024-11-07 01:00:00+00:00,1004.0,1009.5,1004.0,1008.75,0
2024-11-07 02:00:00+00:00,1009.0,1010.75,1007.0,1010.75,2843
2024-11-07 03:00:00+00:00,1010.75,1011.5,1007.25,1008.75,1551
2024-11-07 04:00:00+00:00,1008.75,1009.25,1008.0,1008.5,284
2024-11-07 05:00:00+00:00,1008.5,1009.25,1007.25,1008.0,1084
2024-11-07 06:00:00+00:00,1008.0,1009.0,1005.25,1008.75,1739
2024-11-07 07:00:00+00:00,1008.5,1010.25,1008.0,1010.0,917
2024-11-07 08:00:00+00:00,1010.0,1011.75,1008.25,1008.75,1800
2024-11-07 09:00:00+00:00,1008.75,1009.5,1007.5,1007.75,1298
2024-11-07 10:00:00+00:00,1007.75,1011.0,1007.25,1010.75,1529
2024-11-07 11:00:00+00:00,1010.75,1012.0,1010.25,1011.25,1580
2024-11-07 12:00:00+00:00,1011.5,1014.25,1011.5,1013.75,4056
2024-11-07 13:00:00+00:00,1014.0,1018.75,1012.0,1013.75,9932
2024-11-07 14:00:00+00:00,1013.25,1015.0,1003.25,1004.25,24040
2024-11-07 15:00:00+00:00,1004.25,1010.0,1000.5,1009.25,30951
2024-11-07 16:00:00+00:00,1009.0,1013.5,1007.75,1012.75,18498
2024-11-07 17:00:00+00:00,1012.5,1015.25,1010.75,1015.25,12946
2024-11-07 18:00:00+00:00,1015.25,1023.75,1015.25,1022.75,35224
2024-11-07 19:00:00+00:00,1022.5,1027.75,1022.5,1026.5,28587
2024-11-08 01:00:00+00:00,1025.0,1027.0,1019.75,1021.75,0
2024-11-08 02:00:00+00:00,1021.75,1021.75,1020.0,1021.5,1705
2024-11-08 03:00:00+00:00,1021.25,1022.75,1020.0,1020.75,2210
2024-11-08 04:00:00+00:00,1020.75,1021.0,1020.5,1020.75,307
2024-11-08 05:00:00+00:00,1020.75,1021.0,1018.5,1019.25,2935
2024-11-08 06:00:00+00:00,1019.0,1020.0,1017.75,1018.25,4285
2024-11-08 07:00:00+00:00,1018.25,1020.0,1017.5,1020.0,697
2024-11-08 08:00:00+00:00,1020.0,1020.5,1017.5,1018.25,2220
2024-11-08 09:00:00+00:00,1018.5,1021.0,1018.25,1020.5,1674
2024-11-08 10:00:00+00:00,1020.5,1021.0,1019.0,1020.25,1109
2024-11-08 11:00:00+00:00,1020.25,1021.75,1019.5,1020.5,1367
2024-11-08 12:00:00+00:00,1020.25,1023.5,1019.5,1021.5,4542
2024-11-08 13:00:00+00:00,1021.5,1023.5,1019.5,1022.25,4488
2024-11-08 14:00:00+00:00,1022.5,1025.5,1019.25,1025.25,23031
2024-11-08 15:00:00+00:00,1025.0,1025.5,1017.5,1018.75,24399
2024-11-08 16:00:00+00:00,1018.75,1023.0,1018.25,1022.5,13681
2024-11-08 17:00:00+00:00,1022.75,1044.0,1019.75,1028.75,101319
2024-11-08 18:00:00+00:00,1028.75,1033.75,1026.5,1029.75,22612
2024-11-08 19:00:00+00:00,1030.0,1031.5,1028.75,1031.0,19917
2024-11-11 01:00:00+00:00,1030.0,1042.25,1030.0,1038.25,15671
2024-11-11 02:00:00+00:00,1038.25,1038.25,1036.25,1037.25,2406
2024-11-11 03:00:00+00:00,1037.0,1038.25,1036.75,1037.5,827
2024-11-11 04:00:00+00:00,1037.5,1038.75,1037.25,1038.75,510
2024-11-11 05:00:00+00:00,1038.75,1039.75,1037.5,1037.75,1259
2024-11-11 06:00:00+00:00,1037.75,1039.0,1036.25,1038.75,999
2024-11-11 07:00:00+00:00,1038.75,1039.0,1036.25,1037.25,674
2024-11-11 08:00:00+00:00,1037.25,1039.5,1037.0,1038.75,1312
2024-11-11 09:00:00+00:00,1038.5,1039.5,1037.25,1038.0,1358
2024-11-11 10:00:00+00:00,1038.0,1038.5,1036.75,1036.75,1078
2024-11-11 11:00:00+00:00,1037.0,1037.25,1035.25,1037.0,1682
2024-11-11 12:00:00+00:00,1037.0,1037.0,1032.75,1033.25,2773
2024-11-11 13:00:00+00:00,1033.5,1036.75,1033.5,1035.0,4666
2024-11-11 14:00:00+00:00,1034.5,1036.75,1032.75,1035.75,16675
2024-11-11 15:00:00+00:00,1036.0,1036.25,1026.0,1027.25,17176
2024-11-11 16:00:00+00:00,1027.25,1027.25,1019.75,1020.5,20766
2024-11-11 17:00:00+00:00,1020.75,1024.75,1020.75,1021.0,15926
2024-11-11 18:00:00+00:00,1021.25,1022.25,1019.5,1021.75,8515
2024-11-11 19:00:00+00:00,1021.5,1023.25,1020.0,1022.0,12773
2024-11-12 01:00:00+00:00,1023.75,1027.5,1021.25,1021.5,0
2024-11-12 02:00:00+00:00,1021.5,1021.5,1017.75,1019.0,3458
2024-11-12 03:00:00+00:00,1019.0,1021.25,1018.5,1019.5,1382
2024-11-12 04:00:00+00:00,1019.5,1019.75,1019.25,1019.5,219
2024-11-12 05:00:00+00:00,1019.75,1020.5,1019.5,1019.5,1037
2024-11-12 06:00:00+00:00,1019.5,1021.0,1019.0,1019.5,1254
2024-11-12 07:00:00+00:00,1019.5,1019.5,1018.25,1018.5,812
2024-11-12 08:00:00+00:00,1018.25,1018.25,1013.0,1014.75,5438
2024-11-12 09:00:00+00:00,1014.75,1016.5,1014.25,1014.5,2759
2024-11-12 10:00:00+00:00,1014.5,1015.75,1014.25,1014.75,3023
2024-11-12 11:00:00+00:00,1014.75,1016.0,1014.25,1015.0,2117
2024-11-12 12:00:00+00:00,1015.0,1015.5,1012.25,1014.25,3788
2024-11-12 13:00:00+00:00,1014.25,1020.75,1013.5,1020.25,5365
2024-11-12 14:00:00+00:00,1020.25,1021.75,1012.75,1014.5,19843
2024-11-12 15:00:00+00:00,1014.25,1016.75,1009.0,1009.5,21708
2024-11-12 16:00:00+00:00,1009.75,1011.25,1007.25,1007.75,13918
2024-11-12 17:00:00+00:00,1007.75,1008.75,1004.75,1005.25,18921
2024-11-12 18:00:00+00:00,1005.25,1008.75,1003.75,1008.25,22059
2024-11-12 19:00:00+00:00,1008.5,1012.75,1008.5,1012.25,16428
2024-11-13 01:00:00+00:00,1011.5,1012.75,1006.75,1011.25,0
2024-11-13 02:00:00+00:00,1011.5,1012.0,1008.25,1009.25,1493
2024-11-13 03:00:00+00:00,1009.5,1010.0,1006.0,1006.0,1261
2024-11-13 04:00:00+00:00,1006.25,1007.0,1005.5,1006.5,709
2024-11-13 05:00:00+00:00,1006.5,1007.5,1005.75,1006.0,875
2024-11-13 06:00:00+00:00,1006.0,1006.25,1004.25,1004.75,3753
2024-11-13 07:00:00+00:00,1004.75,1006.25,1003.25,1005.25,1281
2024-11-13 08:00:00+00:00,1005.0,1008.5,1004.0,1007.25,1495
2024-11-13 09:00:00+00:00,1007.25,1012.0,1007.25,1010.25,3356
2024-11-13 10:00:00+00:00,1010.5,1011.0,1009.5,1009.75,504
2024-11-13 11:00:00+00:00,1010.0,1011.25,1009.5,1011.25,435
2024-11-13 12:00:00+00:00,1011.25,1012.25,1006.75,1007.25,1814
2024-11-13 13:00:00+00:00,1007.0,1010.0,1006.0,1008.25,2579
2024-11-13 14:00:00+00:00,1009.0,1009.5,1001.75,1004.5,15904
2024-11-13 15:00:00+00:00,1004.25,1006.75,1002.25,1003.25,18048
2024-11-13 16:00:00+00:00,1003.25,1005.75,1002.0,1003.25,10335
2024-11-13 17:00:00+00:00,1003.25,1009.0,1002.75,1008.0,13705
2024-11-13 18:00:00+00:00,1008.0,1009.25,1005.5,1007.75,11354
2024-11-13 19:00:00+00:00,1007.5,1009.0,1006.25,1006.5,7767
2024-11-14 01:00:00+00:00,1006.5,1011.75,1005.25,1011.0,0
2024-11-14 02:00:00+00:00,1011.0,1013.75,1010.5,1011.75,2628
2024-11-14 03:00:00+00:00,1011.5,1012.75,1011.25,1011.75,914
2024-11-14 04:00:00+00:00,1011.75,1012.25,1011.5,1012.0,134
2024-11-14 05:00:00+00:00,1012.0,1013.25,1011.5,1013.0,684
2024-11-14 06:00:00+00:00,1012.75,1013.5,1011.0,1011.25,979
2024-11-14 07:00:00+00:00,1011.25,1012.0,1009.75,1010.25,1171
2024-11-14 08:00:00+00:00,1010.25,1012.0,1010.0,1011.75,1173
2024-11-14 09:00:00+00:00,1011.75,1012.0,1009.5,1010.25,962
2024-11-14 10:00:00+00:00,1010.25,1011.5,1009.25,1010.75,1152
2024-11-14 11:00:00+00:00,1010.75,1011.0,1009.75,1010.0,585
2024-11-14 12:00:00+00:00,1009.75,1010.25,1008.75,1008.75,1920
2024-11-14 13:00:00+00:00,1008.75,1009.0,1005.0,1007.25,4691
2024-11-14 14:00:00+00:00,1007.25,1008.0,1001.75,1002.75,16004
2024-11-14 15:00:00+00:00,1002.75,1003.5,993.0,995.0,38655
2024-11-14 16:00:00+00:00,995.0,996.25,990.25,992.5,19819
2024-11-14 17:00:00+00:00,992.5,994.5,991.25,992.25,9083
2024-11-14 18:00:00+00:00,992.25,992.5,988.25,988.75,12846
2024-11-14 19:00:00+00:00,989.0,989.25,986.25,988.5,20455
2024-11-15 01:00:00+00:00,988.0,991.25,987.25,988.5,0
2024-11-15 02:00:00+00:00,988.25,991.25,988.0,990.75,3723
2024-11-15 03:00:00+00:00,990.75,990.75,988.25,989.75,993
2024-11-15 04:00:00+00:00,989.75,991.0,989.75,990.25,568
2024-11-15 05:00:00+00:00,990.25,991.5,990.25,990.75,670
2024-11-15 06:00:00+00:00,990.5,991.75,989.25,990.75,1975
2024-11-15 07:00:00+00:00,990.75,992.75,990.5,991.5,2124
2024-11-15 08:00:00+00:00,991.5,992.5,990.75,992.5,1014
2024-11-15 09:00:00+00:00,992.5,993.0,991.75,993.0,1026
2024-11-15 10:00:00+00:00,992.75,994.0,991.75,993.75,2326
2024-11-15 11:00:00+00:00,993.5,999.0,993.5,997.0,7171
2024-11-15 12:00:00+00:00,997.0,997.5,995.75,996.5,2731
2024-11-15 13:00:00+00:00,996.5,998.0,995.25,995.25,5545
2024-11-15 14:00:00+00:00,995.25,998.75,992.5,997.0,20188
2024-11-15 15:00:00+00:00,997.25,1002.5,995.5,1002.0,18892
2024-11-15 16:00:00+00:00,1002.0,1004.75,1000.25,1003.5,21853
2024-11-15 17:00:00+00:00,1003.75,1003.75,999.75,1002.5,11363
2024-11-15 18:00:00+00:00,1002.5,1005.25,1000.5,1000.5,12014
2024-11-15 19:00:00+00:00,1000.75,1001.0,998.0,998.25,13263
2024-11-18 01:00:00+00:00,1002.5,1004.5,999.25,1000.0,4479
2024-11-18 02:00:00+00:00,999.75,1001.25,994.25,994.5,2047
2024-11-18 03:00:00+00:00,994.75,996.5,994.0,995.25,1032
2024-11-18 04:00:00+00:00,995.25,996.5,995.0,996.5,282
2024-11-18 05:00:00+00:00,996.5,996.5,995.75,996.0,558
2024-11-18 06:00:00+00:00,996.0,996.25,993.0,993.5,1120
2024-11-18 07:00:00+00:00,993.25,993.5,991.5,991.5,712
2024-11-18 08:00:00+00:00,991.75,993.75,991.5,992.0,1283
2024-11-18 09:00:00+00:00,992.0,995.0,992.0,994.0,1859
2024-11-18 10:00:00+00:00,994.0,995.5,993.0,994.75,753
2024-11-18 11:00:00+00:00,994.5,994.75,993.25,993.75,567
2024-11-18 12:00:00+00:00,993.75,994.5,991.5,991.5,1382
2024-11-18 13:00:00+00:00,991.75,992.25,989.5,990.75,3227
2024-11-18 14:00:00+00:00,990.75,1001.0,990.25,1000.0,15875
2024-11-18 15:00:00+00:00,1000.5,1005.0,999.0,999.75,15415
2024-11-18 16:00:00+00:00,999.75,1003.0,997.0,997.25,9137
2024-11-18 17:00:00+00:00,997.25,1000.5,995.5,1000.0,8529
2024-11-18 18:00:00+00:00,999.75,1006.25,999.25,1006.0,10293
2024-11-18 19:00:00+00:00,1006.0,1011.5,1006.0,1010.0,18003
2024-11-19 01:00:00+00:00,1009.75,1012.75,1007.25,1008.75,0
2024-11-19 02:00:00+00:00,1008.75,1009.0,1004.75,1005.0,2422
2024-11-19 03:00:00+00:00,1005.0,1006.75,1005.0,1006.75,993
2024-11-19 04:00:00+00:00,1006.75,1006.75,1006.25,1006.25,252
2024-11-19 05:00:00+00:00,1006.25,1007.75,1005.5,1007.75,729
2024-11-19 06:00:00+00:00,1008.0,1008.75,1006.75,1007.5,1538
2024-11-19 07:00:00+00:00,1007.25,1007.25,1005.0,1005.25,576
2024-11-19 08:00:00+00:00,1005.5,1006.5,1003.75,1004.25,1122
2024-11-19 09:00:00+00:00,1004.25,1007.25,1002.75,1006.25,2048
2024-11-19 10:00:00+00:00,1006.25,1007.25,1006.0,1006.5,851
2024-11-19 11:00:00+00:00,1006.5,1007.25,1006.25,1006.5,594
2024-11-19 12:00:00+00:00,1006.75,1008.25,1005.5,1006.0,1969
2024-11-19 13:00:00+00:00,1006.0,1006.75,1003.25,1004.25,4745
2024-11-19 14:00:00+00:00,1004.25,1007.0,1002.0,1003.25,12961
2024-11-19 15:00:00+00:00,1003.25,1005.5,1000.75,1005.25,17198
2024-11-19 16:00:00+00:00,1005.5,1009.5,1003.25,1005.75,10516
2024-11-19 17:00:00+00:00,1005.75,1006.0,995.75,996.25,16346
2024-11-19 18:00:00+00:00,996.25,1000.0,995.25,999.75,16010
2024-11-19 19:00:00+00:00,999.5,999.75,997.75,998.5,10708
2024-11-20 01:00:00+00:00,998.5,1001.5,994.25,996.5,0
2024-11-20 02:00:00+00:00,996.75,997.5,995.5,996.75,819
2024-11-20 03:00:00+00:00,996.75,997.0,995.0,995.0,1132
2024-11-20 04:00:00+00:00,995.0,995.0,993.5,993.75,1044
2024-11-20 05:00:00+00:00,993.5,994.25,993.25,993.5,460
2024-11-20 06:00:00+00:00,993.75,995.0,993.5,993.75,894
2024-11-20 07:00:00+00:00,993.5,994.25,992.75,993.5,428
2024-11-20 08:00:00+00:00,993.25,994.0,991.0,991.25,2226
2024-11-20 09:00:00+00:00,991.0,991.5,989.25,990.5,2318
2024-11-20 10:00:00+00:00,990.5,991.75,989.0,989.5,1818
2024-11-20 11:00:00+00:00,989.25,990.75,988.75,990.75,1981
2024-11-20 12:00:00+00:00,990.5,991.5,989.25,989.5,2322
2024-11-20 13:00:00+00:00,989.5,990.75,989.0,989.75,3688
2024-11-20 14:00:00+00:00,991.75,993.75,986.0,993.75,22931
2024-11-20 15:00:00+00:00,993.75,994.75,987.5,988.0,13974
2024-11-20 16:00:00+00:00,988.0,992.0,985.25,988.5,12462
2024-11-20 17:00:00+00:00,988.75,995.25,987.75,995.0,13719
2024-11-20 18:00:00+00:00,995.0,995.25,991.25,991.75,6191
2024-11-20 19:00:00+00:00,991.5,991.5,990.0,991.0,6375
2024-11-21 01:00:00+00:00,991.0,993.5,988.0,990.5,0
2024-11-21 02:00:00+00:00,990.75,994.0,989.0,990.25,2083
2024-11-21 03:00:00+00:00,990.25,993.5,990.25,992.75,425
2024-11-21 04:00:00+00:00,992.75,993.5,992.5,993.5,147
2024-11-21 05:00:00+00:00,993.5,994.75,993.25,993.5,540
2024-11-21 06:00:00+00:00,993.5,994.75,992.25,992.5,1295
2024-11-21 07:00:00+00:00,992.25,993.25,990.5,993.0,942
2024-11-21 08:00:00+00:00,993.0,994.75,993.0,993.5,695
2024-11-21 09:00:00+00:00,993.5,995.25,993.25,995.0,602
2024-11-21 10:00:00+00:00,995.25,998.25,995.25,997.5,2734
2024-11-21 11:00:00+00:00,997.25,998.75,996.75,997.0,1491
2024-11-21 12:00:00+00:00,997.0,997.25,991.0,991.0,3264
2024-11-21 13:00:00+00:00,991.0,992.0,989.75,991.0,2772
2024-11-21 14:00:00+00:00,990.5,990.5,982.5,986.5,21650
2024-11-21 15:00:00+00:00,986.75,987.0,982.25,983.0,22362
2024-11-21 16:00:00+00:00,983.0,983.0,979.0,980.25,20046
2024-11-21 17:00:00+00:00,980.25,981.25,976.25,978.0,22010
2024-11-21 18:00:00+00:00,977.75,981.5,977.25,979.25,15416
2024-11-21 19:00:00+00:00,979.0,981.0,977.25,980.75,15589
2024-11-22 01:00:00+00:00,980.75,983.5,979.75,980.75,0
2024-11-22 02:00:00+00:00,980.75,982.25,980.25,980.75,958
2024-11-22 03:00:00+00:00,980.75,981.75,978.75,979.25,848
2024-11-22 04:00:00+00:00,979.5,979.75,979.0,979.25,195
2024-11-22 05:00:00+00:00,979.25,979.5,977.75,978.0,601
2024-11-22 06:00:00+00:00,978.25,979.0,977.75,978.0,1158
2024-11-22 07:00:00+00:00,977.75,980.75,977.75,979.0,950
2024-11-22 08:00:00+00:00,979.0,980.0,978.5,978.75,528
2024-11-22 09:00:00+00:00,978.5,978.75,975.25,975.75,2105
2024-11-22 10:00:00+00:00,976.0,978.5,975.25,978.25,1645
2024-11-22 11:00:00+00:00,978.25,978.25,975.75,975.75,610
2024-11-22 12:00:00+00:00,976.0,979.75,975.25,979.0,2472
2024-11-22 13:00:00+00:00,978.75,984.0,977.25,983.0,5234
2024-11-22 14:00:00+00:00,983.5,984.25,980.0,980.25,18412
2024-11-22 15:00:00+00:00,980.5,982.0,977.25,977.5,19313
2024-11-22 16:00:00+00:00,977.75,982.75,976.75,981.5,10490
2024-11-22 17:00:00+00:00,981.5,985.25,981.0,981.75,11861
2024-11-22 18:00:00+00:00,982.0,983.5,980.75,982.5,7882
2024-11-22 19:00:00+00:00,982.5,985.0,981.5,984.75,16376
2024-11-25 01:00:00+00:00,987.5,990.5,986.5,987.0,5496
2024-11-25 02:00:00+00:00,986.75,989.5,986.75,988.5,1097
2024-11-25 03:00:00+00:00,988.25,988.75,986.25,987.5,796
2024-11-25 04:00:00+00:00,987.75,988.5,987.25,987.5,444
2024-11-25 05:00:00+00:00,987.75,987.75,985.75,986.0,384
2024-11-25 06:00:00+00:00,985.75,993.25,985.5,991.25,8213
2024-11-25 07:00:00+00:00,991.25,992.75,990.5,990.75,1500
2024-11-25 08:00:00+00:00,990.75,990.75,988.25,989.0,1540
2024-11-25 09:00:00+00:00,989.0,990.75,988.75,989.0,1909
2024-11-25 10:00:00+00:00,989.0,990.75,988.75,990.25,518
2024-11-25 11:00:00+00:00,990.25,990.5,986.25,986.75,1376
2024-11-25 12:00:00+00:00,986.5,988.25,985.75,986.75,1419
2024-11-25 13:00:00+00:00,987.0,989.25,986.5,988.5,2878
2024-11-25 14:00:00+00:00,988.5,990.75,985.0,985.25,12060
2024-11-25 15:00:00+00:00,985.0,987.25,983.25,985.0,11157
2024-11-25 16:00:00+00:00,985.0,986.5,983.5,985.25,8260
2024-11-25 17:00:00+00:00,985.25,990.75,984.5,985.25,13524
2024-11-25 18:00:00+00:00,985.5,987.25,983.0,984.0,7421
2024-11-25 19:00:00+00:00,984.0,986.75,983.25,986.25,9143
2024-11-26 01:00:00+00:00,980.0,989.0,980.0,984.0,0
2024-11-26 02:00:00+00:00,983.75,985.75,983.5,985.25,1117
2024-11-26 03:00:00+00:00,985.25,987.5,984.75,986.25,738
2024-11-26 04:00:00+00:00,986.25,987.0,986.0,986.25,131
2024-11-26 05:00:00+00:00,986.5,987.75,986.25,987.5,744
2024-11-26 06:00:00+00:00,987.5,987.75,983.0,983.0,1842
2024-11-26 07:00:00+00:00,983.25,985.0,981.25,981.75,1078
2024-11-26 08:00:00+00:00,981.75,983.75,981.25,983.75,915
2024-11-26 09:00:00+00:00,983.75,988.0,983.5,988.0,995
2024-11-26 10:00:00+00:00,987.75,989.0,986.0,988.75,2100
2024-11-26 11:00:00+00:00,988.5,991.25,988.5,990.75,1340
2024-11-26 12:00:00+00:00,990.5,991.0,986.5,987.0,2033
2024-11-26 13:00:00+00:00,987.25,990.75,987.0,987.25,1566
2024-11-26 14:00:00+00:00,987.0,987.0,980.0,982.5,25833
2024-11-26 15:00:00+00:00,982.75,985.5,981.25,982.75,14778
2024-11-26 16:00:00+00:00,982.75,983.75,976.75,978.75,26066
2024-11-26 17:00:00+00:00,978.5,981.25,977.5,980.0,10530
2024-11-26 18:00:00+00:00,980.0,984.25,980.0,983.0,8792
2024-11-26 19:00:00+00:00,983.25,984.5,982.25,983.0,10631
2024-11-27 01:00:00+00:00,984.0,985.5,983.25,984.5,0
2024-11-27 02:00:00+00:00,984.5,988.75,984.25,988.5,3404
2024-11-27 03:00:00+00:00,988.5,988.5,986.75,988.25,2025
2024-11-27 04:00:00+00:00,988.5,989.0,987.75,989.0,296
2024-11-27 05:00:00+00:00,988.5,989.75,988.0,989.5,2885
2024-11-27 06:00:00+00:00,989.5,992.5,989.5,990.5,3690
2024-11-27 07:00:00+00:00,990.5,991.0,989.75,991.0,463
2024-11-27 08:00:00+00:00,990.75,990.75,988.5,989.5,1426
2024-11-27 09:00:00+00:00,989.5,990.0,987.75,987.75,8372
2024-11-27 10:00:00+00:00,988.0,989.25,987.0,988.75,1041
2024-11-27 11:00:00+00:00,988.75,990.25,987.5,989.0,1560
2024-11-27 12:00:00+00:00,989.0,990.0,987.5,988.5,2109
2024-11-27 13:00:00+00:00,988.5,991.75,988.25,990.25,5023
2024-11-27 14:00:00+00:00,989.75,994.25,987.75,990.75,19477
2024-11-27 15:00:00+00:00,990.75,992.0,987.25,991.5,14177
2024-11-27 16:00:00+00:00,991.75,994.0,990.0,990.0,11728
2024-11-27 17:00:00+00:00,990.25,990.25,986.0,990.0,13412
2024-11-27 18:00:00+00:00,989.75,992.25,988.5,988.75,14066
2024-11-27 19:00:00+00:00,988.75,989.75,987.5,989.25,9902
2024-11-29 14:30:00+00:00,993.25,998.0,983.0,986.25,24688
2024-11-29 15:30:00+00:00,986.25,990.0,982.75,990.0,14587
2024-11-29 16:30:00+00:00,990.0,992.75,986.0,988.5,16779
2024-11-29 17:30:00+00:00,988.25,990.25,986.25,989.5,9900
2024-11-29 18:00:00+00:00,989.75,991.25,989.25,989.5,2375
2024-12-02 01:00:00+00:00,996.75,996.75,986.75,995.25,2076
2024-12-02 02:00:00+00:00,988.75,995.75,986.0,986.0,3492
2024-12-02 03:00:00+00:00,986.25,993.0,985.25,986.25,1373
2024-12-02 04:00:00+00:00,986.5,993.25,986.25,986.25,134
2024-12-02 05:00:00+00:00,986.25,994.25,985.75,987.25,1182
2024-12-02 06:00:00+00:00,987.0,994.75,986.5,986.75,1020
2024-12-02 07:00:00+00:00,986.5,993.75,985.25,985.5,614
2024-12-02 08:00:00+00:00,991.75,992.5,984.5,985.0,991
2024-12-02 09:00:00+00:00,985.0,994.25,985.0,994.25,0
2024-12-02 10:00:00+00:00,988.0,996.0,987.5,995.25,6616
2024-12-02 11:00:00+00:00,988.75,996.25,987.75,990.0,552
2024-12-02 12:00:00+00:00,989.75,996.0,986.25,987.0,1306
2024-12-02 13:00:00+00:00,993.25,994.0,984.0,991.0,0
2024-12-02 14:00:00+00:00,990.5,992.0,980.5,981.25,28384
2024-12-02 15:00:00+00:00,981.25,992.25,979.0,980.0,26893
2024-12-02 16:00:00+00:00,979.75,989.75,977.5,978.25,16499
2024-12-02 17:00:00+00:00,984.75,991.75,978.0,983.75,10062
2024-12-02 18:00:00+00:00,983.75,991.25,983.0,989.75,0
2024-12-02 19:00:00+00:00,983.75,992.25,983.75,985.5,56296
2024-12-03 01:00:00+00:00,985.0,994.25,983.5,984.0,0
2024-12-03 02:00:00+00:00,984.0,993.0,983.75,985.5,3327
2024-12-03 03:00:00+00:00,985.5,993.5,984.25,987.0,964
2024-12-03 04:00:00+00:00,993.0,993.25,986.75,987.25,323
2024-12-03 05:00:00+00:00,987.25,993.75,986.75,988.25,406
2024-12-03 06:00:00+00:00,988.0,995.25,987.75,988.0,1632
2024-12-03 07:00:00+00:00,993.5,994.5,987.0,989.0,1192
2024-12-03 08:00:00+00:00,989.0,996.5,988.25,990.0,1621
2024-12-03 09:00:00+00:00,990.0,997.75,990.0,997.0,0
2024-12-03 10:00:00+00:00,991.75,997.5,990.25,991.25,7964
2024-12-03 11:00:00+00:00,991.0,997.75,990.25,992.0,1225
2024-12-03 12:00:00+00:00,992.25,999.0,991.5,993.0,2433
2024-12-03 13:00:00+00:00,998.25,1001.75,992.25,1000.75,7537
2024-12-03 14:00:00+00:00,1001.0,1003.75,990.0,990.25,28227
2024-12-03 15:00:00+00:00,990.25,999.75,987.0,992.5,18394
2024-12-03 16:00:00+00:00,992.5,998.5,989.0,992.5,9523
2024-12-03 17:00:00+00:00,997.75,998.25,989.25,989.75,11566
2024-12-03 18:00:00+00:00,990.0,996.75,987.5,991.75,9704
2024-12-03 19:00:00+00:00,991.5,998.0,990.75,991.5,13096
2024-12-04 01:00:00+00:00,997.0,997.75,987.0,987.5,0
2024-12-04 02:00:00+00:00,987.75,994.25,985.25,985.5,1647
2024-12-04 03:00:00+00:00,985.5,992.25,985.0,991.75,0
2024-12-04 04:00:00+00:00,985.75,991.75,985.25,985.5,4868
2024-12-04 05:00:00+00:00,991.5,992.25,984.75,992.25,0
2024-12-04 06:00:00+00:00,986.0,993.25,985.0,992.25,278
2024-12-04 07:00:00+00:00,992.25,994.25,985.75,986.75,7587
2024-12-04 08:00:00+00:00,986.75,992.5,983.0,983.5,2369
2024-12-04 09:00:00+00:00,990.0,990.5,982.5,983.25,2278
2024-12-04 10:00:00+00:00,983.0,991.0,982.75,983.25,1361
2024-12-04 11:00:00+00:00,983.25,991.75,982.5,984.25,1170
2024-12-04 12:00:00+00:00,984.5,992.25,983.0,985.25,1682
2024-12-04 13:00:00+00:00,985.0,993.25,984.5,986.0,2587
2024-12-04 14:00:00+00:00,991.5,993.5,983.25,986.75,11107
2024-12-04 15:00:00+00:00,993.0,993.25,980.5,981.5,20378
2024-12-04 16:00:00+00:00,981.25,992.25,980.5,985.75,14727
2024-12-04 17:00:00+00:00,985.75,992.5,984.0,984.5,6527
2024-12-04 18:00:00+00:00,990.75,991.0,981.75,983.5,10942
2024-12-04 19:00:00+00:00,989.75,991.25,982.75,984.0,0
2024-12-05 01:00:00+00:00,983.5,991.75,982.25,991.5,0
2024-12-05 02:00:00+00:00,985.5,993.25,985.25,993.0,494
2024-12-05 03:00:00+00:00,993.0,993.5,985.75,987.0,2146
2024-12-05 04:00:00+00:00,987.0,993.0,986.25,986.5,300
2024-12-05 05:00:00+00:00,986.25,995.0,986.25,988.5,750
2024-12-05 06:00:00+00:00,988.5,996.25,988.0,994.75,2483
2024-12-05 07:00:00+00:00,988.25,994.75,986.0,987.25,2196
2024-12-05 08:00:00+00:00,987.0,995.0,986.75,987.75,803
2024-12-05 09:00:00+00:00,988.0,995.75,987.25,994.0,0
2024-12-05 10:00:00+00:00,987.25,995.5,987.0,987.75,5703
2024-12-05 11:00:00+00:00,988.0,995.25,985.25,985.25,0
2024-12-05 12:00:00+00:00,985.25,991.5,983.0,985.0,7214
2024-12-05 13:00:00+00:00,985.25,993.5,983.75,993.0,0
2024-12-05 14:00:00+00:00,987.0,998.0,986.5,990.5,27638
2024-12-05 15:00:00+00:00,990.5,996.75,986.75,990.0,11562
2024-12-05 16:00:00+00:00,990.0,998.5,988.25,992.5,11609
2024-12-05 17:00:00+00:00,997.5,998.25,988.5,994.75,0
2024-12-05 18:00:00+00:00,994.75,996.0,988.25,996.0,6771
2024-12-05 19:00:00+00:00,995.75,999.5,990.75,999.0,44621
2024-12-06 01:00:00+00:00,993.0,999.0,991.25,992.0,0
2024-12-06 02:00:00+00:00,992.0,997.5,989.25,995.0,0
2024-12-06 03:00:00+00:00,990.0,996.5,989.75,990.75,3454
2024-12-06 04:00:00+00:00,990.5,995.75,990.25,995.75,0
2024-12-06 05:00:00+00:00,990.25,996.25,989.75,991.25,3855
2024-12-06 06:00:00+00:00,991.25,998.0,991.25,991.75,565
2024-12-06 07:00:00+00:00,991.5,996.5,990.25,991.25,233
2024-12-06 08:00:00+00:00,991.25,997.75,990.75,992.25,577
2024-12-06 09:00:00+00:00,992.25,1000.0,992.25,994.25,943
2024-12-06 10:00:00+00:00,994.0,999.25,992.5,992.5,607
2024-12-06 11:00:00+00:00,992.5,999.5,992.0,994.0,544
2024-12-06 12:00:00+00:00,994.25,1001.0,994.0,1000.75,0
2024-12-06 13:00:00+00:00,1000.5,1002.0,995.0,996.25,10439
2024-12-06 14:00:00+00:00,1000.25,1001.0,987.75,988.25,26313
2024-12-06 15:00:00+00:00,993.5,997.5,988.0,991.75,20466
2024-12-06 16:00:00+00:00,997.0,1001.5,990.5,1000.25,0
2024-12-06 17:00:00+00:00,1000.5,1002.75,993.25,1000.75,14899
2024-12-06 18:00:00+00:00,995.5,1002.0,992.0,993.25,40570
2024-12-06 19:00:00+00:00,993.5,1000.75,993.0,994.75,18499
2024-12-09 01:00:00+00:00,992.25,999.25,990.75,993.5,3300
2024-12-09 02:00:00+00:00,993.5,999.25,990.75,996.75,0
2024-12-09 03:00:00+00:00,991.25,997.25,990.75,991.0,4273
2024-12-09 04:00:00+00:00,991.0,996.75,990.75,991.25,69
2024-12-09 05:00:00+00:00,991.25,997.75,991.25,992.25,283
2024-12-09 06:00:00+00:00,992.25,999.5,991.75,993.5,411
2024-12-09 07:00:00+00:00,993.0,1000.75,992.75,994.5,414
2024-12-09 08:00:00+00:00,994.75,1001.0,993.5,994.5,351
2024-12-09 09:00:00+00:00,994.5,1000.75,994.0,994.5,774
2024-12-09 10:00:00+00:00,994.5,1000.25,993.0,993.5,293
2024-12-09 11:00:00+00:00,993.5,1000.5,993.5,993.75,644
2024-12-09 12:00:00+00:00,993.75,1001.5,993.75,1001.5,0
2024-12-09 13:00:00+00:00,1001.75,1004.5,995.75,1004.0,14199
2024-12-09 14:00:00+00:00,998.0,1008.25,997.5,998.0,30044
2024-12-09 15:00:00+00:00,998.0,1004.75,990.5,998.25,0
2024-12-09 16:00:00+00:00,998.25,1000.25,985.75,993.25,13766
2024-12-09 17:00:00+00:00,993.25,996.25,986.25,990.0,55437
2024-12-09 18:00:00+00:00,990.0,996.0,987.5,994.25,0
2024-12-09 19:00:00+00:00,994.25,996.25,988.0,989.5,63327
2024-12-10 01:00:00+00:00,995.5,997.0,988.5,990.25,0
2024-12-10 02:00:00+00:00,990.5,998.25,990.0,992.5,1759
2024-12-10 03:00:00+00:00,992.5,998.25,990.75,991.0,710
2024-12-10 04:00:00+00:00,991.25,997.0,990.5,991.25,176
2024-12-10 05:00:00+00:00,991.0,997.25,990.0,991.5,339
2024-12-10 06:00:00+00:00,991.25,998.0,990.5,991.75,719
2024-12-10 07:00:00+00:00,991.5,997.5,991.0,991.25,368
2024-12-10 08:00:00+00:00,991.5,997.75,991.0,991.0,688
2024-12-10 09:00:00+00:00,991.25,997.25,990.75,996.75,0
2024-12-10 10:00:00+00:00,991.5,997.75,991.5,992.0,5728
2024-12-10 11:00:00+00:00,997.25,997.75,991.5,992.75,569
2024-12-10 12:00:00+00:00,992.75,999.5,991.5,994.25,2456
2024-12-10 13:00:00+00:00,994.25,1000.75,993.5,999.25,0
2024-12-10 14:00:00+00:00,993.75,1002.5,993.25,1002.0,16421
2024-12-10 15:00:00+00:00,1002.25,1004.75,995.75,996.5,40033
2024-12-10 16:00:00+00:00,996.25,1002.25,993.25,995.5,17116
2024-12-10 17:00:00+00:00,996.25,1005.25,990.5,1000.0,0
2024-12-10 18:00:00+00:00,1000.0,1004.75,994.5,996.0,54122
2024-12-10 19:00:00+00:00,1001.5,1002.0,993.75,1000.5,0
2024-12-11 01:00:00+00:00,999.0,1003.5,993.5,1003.25,0
2024-12-11 02:00:00+00:00,996.75,1003.75,995.5,996.25,3311
2024-12-11 03:00:00+00:00,996.5,1003.25,995.0,995.0,739
2024-12-11 04:00:00+00:00,995.25,1001.75,994.75,994.75,184
2024-12-11 05:00:00+00:00,994.75,1003.5,994.25,1003.5,0
2024-12-11 06:00:00+00:00,997.25,1003.75,995.75,996.75,6026
2024-12-11 07:00:00+00:00,996.5,1003.25,993.5,993.75,1168
2024-12-11 08:00:00+00:00,993.5,1000.5,993.25,993.75,2556
2024-12-11 09:00:00+00:00,993.75,1000.0,991.25,991.25,1192
2024-12-11 10:00:00+00:00,991.5,998.75,991.25,992.25,853
2024-12-11 11:00:00+00:00,992.0,998.75,991.0,991.25,984
2024-12-11 12:00:00+00:00,991.0,999.75,988.25,988.5,4059
2024-12-11 13:00:00+00:00,994.75,997.75,988.0,997.75,0
2024-12-11 14:00:00+00:00,997.5,1002.75,990.75,996.25,33246
2024-12-11 15:00:00+00:00,996.5,1006.0,996.0,1003.0,3753
2024-12-11 16:00:00+00:00,997.5,1006.5,997.25,999.5,44502
2024-12-11 17:00:00+00:00,999.75,1006.0,997.0,999.5,10739
2024-12-11 18:00:00+00:00,999.5,1006.5,996.25,997.75,30691
2024-12-11 19:00:00+00:00,1004.75,1005.0,995.0,995.5,19007
2024-12-12 01:00:00+00:00,995.0,1002.5,990.25,999.5,0
2024-12-12 02:00:00+00:00,991.75,1001.0,991.5,992.5,2091
2024-12-12 03:00:00+00:00,992.5,1002.75,992.5,994.5,1837
2024-12-12 04:00:00+00:00,994.75,1002.5,993.5,994.25,289
2024-12-12 05:00:00+00:00,994.5,1002.75,993.75,994.5,413
2024-12-12 06:00:00+00:00,994.5,1003.25,993.0,993.0,1387
2024-12-12 07:00:00+00:00,993.0,1001.75,992.0,1000.25,0
2024-12-12 08:00:00+00:00,992.5,1000.25,991.0,992.0,2138
2024-12-12 09:00:00+00:00,992.0,1000.75,991.5,992.75,646
2024-12-12 10:00:00+00:00,992.75,1002.0,992.25,994.5,806
2024-12-12 11:00:00+00:00,994.5,1003.5,994.0,994.75,1800
2024-12-12 12:00:00+00:00,994.75,1004.5,994.75,1003.5,0
2024-12-12 13:00:00+00:00,1003.25,1005.25,994.5,1003.5,2848
2024-12-12 14:00:00+00:00,1003.0,1003.5,992.5,1002.0,14807
2024-12-12 15:00:00+00:00,1001.75,1004.0,992.5,993.5,40615
2024-12-12 16:00:00+00:00,993.75,1002.25,990.5,998.5,0
2024-12-12 17:00:00+00:00,990.75,998.75,988.5,989.75,47126
2024-12-12 18:00:00+00:00,997.5,1003.75,989.75,1002.5,0
2024-12-12 19:00:00+00:00,995.0,1004.0,994.25,995.25,62432
2024-12-13 01:00:00+00:00,994.25,1002.5,991.0,992.25,0
2024-12-13 02:00:00+00:00,992.25,1000.0,990.5,992.25,1435
2024-12-13 03:00:00+00:00,992.0,999.5,991.25,991.25,335
2024-12-13 04:00:00+00:00,991.5,998.75,991.0,991.25,210
2024-12-13 05:00:00+00:00,991.25,998.75,990.5,991.25,541
2024-12-13 06:00:00+00:00,990.75,999.0,990.5,991.0,472
2024-12-13 07:00:00+00:00,990.75,998.25,990.5,990.75,418
2024-12-13 08:00:00+00:00,990.75,998.75,990.25,997.75,0
2024-12-13 09:00:00+00:00,990.25,997.75,988.75,989.5,4438
2024-12-13 10:00:00+00:00,996.75,998.0,988.0,997.75,1035
2024-12-13 11:00:00+00:00,990.75,998.75,990.75,998.5,930
2024-12-13 12:00:00+00:00,998.5,1000.25,991.5,999.5,3718
2024-12-13 13:00:00+00:00,993.25,1000.0,990.5,997.25,11289
2024-12-13 14:00:00+00:00,990.5,998.5,988.25,989.5,14534
2024-12-13 15:00:00+00:00,989.25,998.75,988.25,991.0,8421
2024-12-13 16:00:00+00:00,990.75,997.75,986.25,987.25,14282
2024-12-13 17:00:00+00:00,987.25,995.75,986.0,993.75,0
2024-12-13 18:00:00+00:00,993.75,995.75,986.25,988.5,21520
2024-12-13 19:00:00+00:00,988.5,995.75,986.75,995.5,0
2024-12-16 01:00:00+00:00,993.75,997.75,987.0,989.25,2757
2024-12-16 02:00:00+00:00,989.25,999.25,988.5,991.75,1112
2024-12-16 03:00:00+00:00,991.5,999.0,991.25,991.5,317
2024-12-16 04:00:00+00:00,991.75,998.25,991.0,991.25,96
2024-12-16 05:00:00+00:00,991.25,998.0,990.75,997.75,0
2024-12-16 06:00:00+00:00,991.0,999.5,990.75,999.25,788
2024-12-16 07:00:00+00:00,992.25,999.25,991.75,992.5,746
2024-12-16 08:00:00+00:00,999.0,999.25,992.0,998.75,0
2024-12-16 09:00:00+00:00,992.0,999.25,991.5,993.0,4868
2024-12-16 10:00:00+00:00,999.0,999.0,990.25,990.25,1541
2024-12-16 11:00:00+00:00,996.25,998.25,990.25,992.25,4702
2024-12-16 12:00:00+00:00,992.0,998.0,991.0,991.25,2231
2024-12-16 13:00:00+00:00,991.25,997.75,990.75,992.25,3944
2024-12-16 14:00:00+00:00,998.0,998.5,989.25,995.25,10725
2024-12-16 15:00:00+00:00,989.5,998.5,984.5,989.5,17762
2024-12-16 16:00:00+00:00,989.75,992.25,984.25,987.75,25436
2024-12-16 17:00:00+00:00,987.75,992.5,984.5,989.25,4246
2024-12-16 18:00:00+00:00,989.25,989.75,981.25,985.75,12021
2024-12-16 19:00:00+00:00,986.0,987.0,981.0,982.75,21439
2024-12-17 01:00:00+00:00,982.5,989.75,982.25,985.5,0
2024-12-17 02:00:00+00:00,985.25,990.0,984.0,984.25,723
2024-12-17 03:00:00+00:00,984.25,989.0,983.5,984.25,882
2024-12-17 04:00:00+00:00,984.0,987.75,982.75,986.75,0
2024-12-17 05:00:00+00:00,982.75,988.0,982.75,987.75,377
2024-12-17 06:00:00+00:00,987.75,989.25,983.75,984.75,2831
2024-12-17 07:00:00+00:00,984.75,989.25,983.0,983.0,374
2024-12-17 08:00:00+00:00,983.0,988.25,980.25,984.75,0
2024-12-17 09:00:00+00:00,981.25,985.75,980.5,985.25,1921
2024-12-17 10:00:00+00:00,981.0,986.25,980.75,985.25,551
2024-12-17 11:00:00+00:00,985.25,985.75,981.0,985.75,560
2024-12-17 12:00:00+00:00,985.5,986.0,981.0,984.75,920
2024-12-17 13:00:00+00:00,981.25,985.25,976.25,976.75,12843
2024-12-17 14:00:00+00:00,976.75,981.25,974.25,975.5,35458
2024-12-17 15:00:00+00:00,977.25,978.0,972.5,973.75,19035
2024-12-17 16:00:00+00:00,973.75,976.25,970.5,974.5,31076
2024-12-17 17:00:00+00:00,976.25,977.75,972.0,975.75,3005
2024-12-17 18:00:00+00:00,973.5,977.75,973.0,976.5,9891
2024-12-17 19:00:00+00:00,975.0,979.5,975.0,978.75,0
2024-12-18 01:00:00+00:00,978.75,979.5,976.0,976.5,4826
2024-12-18 02:00:00+00:00,976.25,976.75,973.25,973.25,4167
2024-12-18 03:00:00+00:00,973.0,974.5,971.25,971.5,1878
2024-12-18 04:00:00+00:00,971.5,972.0,970.5,970.75,504
2024-12-18 05:00:00+00:00,970.75,972.0,970.75,971.75,896
2024-12-18 06:00:00+00:00,971.5,971.75,968.75,969.5,1668
2024-12-18 07:00:00+00:00,969.75,970.25,968.5,968.75,769
2024-12-18 08:00:00+00:00,969.0,969.75,967.75,968.25,2291
2024-12-18 09:00:00+00:00,968.25,968.5,967.0,968.5,1657
2024-12-18 10:00:00+00:00,968.25,970.75,968.25,968.75,2424
2024-12-18 11:00:00+00:00,968.5,968.75,967.75,968.0,1295
2024-12-18 12:00:00+00:00,967.75,968.75,964.25,964.5,2808
2024-12-18 13:00:00+00:00,965.0,965.5,963.75,965.0,3318
2024-12-18 14:00:00+00:00,965.5,970.0,964.0,966.75,20920
2024-12-18 15:00:00+00:00,966.5,967.0,958.75,959.25,23631
2024-12-18 16:00:00+00:00,959.25,961.25,956.25,958.75,22789
2024-12-18 17:00:00+00:00,958.5,960.75,954.5,955.25,15202
2024-12-18 18:00:00+00:00,955.25,956.5,954.0,955.75,9550
2024-12-18 19:00:00+00:00,955.75,956.25,952.0,953.0,17752
2024-12-19 01:00:00+00:00,952.0,954.75,951.5,953.25,0
2024-12-19 02:00:00+00:00,953.25,953.5,951.75,952.0,3206
2024-12-19 03:00:00+00:00,952.25,952.5,948.5,949.5,1199
2024-12-19 04:00:00+00:00,949.75,950.25,949.5,949.5,264
2024-12-19 05:00:00+00:00,949.5,950.25,947.0,947.75,899
2024-12-19 06:00:00+00:00,947.75,953.0,947.5,952.0,1494
2024-12-19 07:00:00+00:00,952.0,956.0,952.0,956.0,2517
2024-12-19 08:00:00+00:00,955.75,957.25,953.5,955.0,2730
2024-12-19 09:00:00+00:00,955.25,957.75,955.0,955.0,3410
2024-12-19 10:00:00+00:00,955.25,955.75,952.5,952.5,1149
2024-12-19 11:00:00+00:00,952.5,953.5,951.5,952.0,1311
2024-12-19 12:00:00+00:00,952.25,955.25,951.25,951.25,1834
2024-12-19 13:00:00+00:00,951.5,958.25,951.0,958.0,3200
2024-12-19 14:00:00+00:00,956.0,961.75,955.75,957.75,33896
2024-12-19 15:00:00+00:00,957.5,962.75,956.0,961.5,29354
2024-12-19 16:00:00+00:00,961.5,962.25,958.5,960.75,26890
2024-12-19 17:00:00+00:00,960.5,965.0,959.5,964.5,12749
2024-12-19 18:00:00+00:00,964.5,967.5,963.5,967.0,14791
2024-12-19 19:00:00+00:00,966.75,968.5,965.25,966.0,14386
2024-12-20 01:00:00+00:00,966.0,967.75,964.0,964.25,0
2024-12-20 02:00:00+00:00,964.25,965.5,963.25,964.75,1116
2024-12-20 03:00:00+00:00,964.75,969.5,964.0,967.25,1018
2024-12-20 04:00:00+00:00,967.5,968.0,966.5,968.0,167
2024-12-20 05:00:00+00:00,968.0,970.5,967.5,970.0,877
2024-12-20 06:00:00+00:00,970.0,974.0,969.5,973.0,3558
2024-12-20 07:00:00+00:00,973.0,973.75,972.0,973.75,535
2024-12-20 08:00:00+00:00,973.5,973.75,972.75,973.5,1578
2024-12-20 09:00:00+00:00,973.5,974.5,973.0,974.5,1199
2024-12-20 10:00:00+00:00,974.25,974.25,973.25,973.25,418
2024-12-20 11:00:00+00:00,973.5,974.0,972.0,972.0,583
2024-12-20 12:00:00+00:00,972.25,975.0,972.0,974.5,1460
2024-12-20 13:00:00+00:00,974.25,975.25,973.25,974.0,3650
2024-12-20 14:00:00+00:00,973.0,980.0,971.75,978.5,21652
2024-12-20 15:00:00+00:00,978.75,980.0,977.5,978.5,22006
2024-12-20 16:00:00+00:00,978.5,979.25,976.0,978.75,11829
2024-12-20 17:00:00+00:00,978.75,981.5,977.0,980.5,12855
2024-12-20 18:00:00+00:00,980.5,982.25,980.25,981.75,12020
2024-12-20 19:00:00+00:00,981.75,982.0,979.0,979.75,15605
2024-12-23 01:00:00+00:00,979.5,984.0,979.25,981.5,5801
2024-12-23 02:00:00+00:00,981.5,982.0,980.25,981.75,923
2024-12-23 03:00:00+00:00,981.75,982.5,980.5,981.75,697
2024-12-23 04:00:00+00:00,982.0,982.25,980.75,980.75,223
2024-12-23 05:00:00+00:00,980.75,982.0,979.5,979.5,704
2024-12-23 06:00:00+00:00,980.0,980.5,979.25,980.0,906
2024-12-23 07:00:00+00:00,979.75,981.75,979.5,979.5,818
2024-12-23 08:00:00+00:00,979.5,981.0,979.0,981.0,1555
2024-12-23 09:00:00+00:00,980.75,981.75,980.25,981.25,1318
2024-12-23 10:00:00+00:00,981.5,981.5,980.25,981.0,879
2024-12-23 11:00:00+00:00,981.0,982.25,980.25,980.75,725
2024-12-23 12:00:00+00:00,981.0,981.75,979.75,979.75,1241
2024-12-23 13:00:00+00:00,980.0,981.0,976.5,976.75,3548
2024-12-23 14:00:00+00:00,976.75,980.0,976.5,978.0,15291
2024-12-23 15:00:00+00:00,978.25,979.0,972.75,974.0,17731
2024-12-23 16:00:00+00:00,974.0,977.5,973.75,976.25,13607
2024-12-23 17:00:00+00:00,976.25,978.5,975.5,976.25,11784
2024-12-23 18:00:00+00:00,976.25,977.5,975.5,977.0,10684
2024-12-23 19:00:00+00:00,976.75,977.0,974.5,975.25,10469
2024-12-24 01:00:00+00:00,974.5,977.75,974.25,976.75,0
2024-12-24 02:00:00+00:00,977.0,977.5,975.75,976.25,2191
2024-12-24 03:00:00+00:00,976.25,976.5,972.0,972.25,1629
2024-12-24 04:00:00+00:00,972.5,972.75,971.75,972.5,900
2024-12-24 05:00:00+00:00,972.5,974.0,971.75,974.0,484
2024-12-24 06:00:00+00:00,974.0,978.5,973.5,978.0,3570
2024-12-24 07:00:00+00:00,977.75,979.75,977.5,978.75,1067
2024-12-24 08:00:00+00:00,979.0,979.5,978.0,978.25,530
2024-12-24 09:00:00+00:00,978.5,979.25,977.0,979.25,1099
2024-12-24 10:00:00+00:00,979.0,979.25,978.0,978.25,345
2024-12-24 11:00:00+00:00,978.5,979.75,978.25,979.5,191
2024-12-24 12:00:00+00:00,979.75,980.0,977.75,978.0,1985
2024-12-24 13:00:00+00:00,978.0,979.0,976.5,978.5,2358
2024-12-24 14:30:00+00:00,977.5,980.5,977.5,979.0,11532
2024-12-24 15:30:00+00:00,979.0,980.0,977.75,979.25,9288
2024-12-24 16:30:00+00:00,979.0,979.75,977.25,977.75,6463
2024-12-24 17:30:00+00:00,977.75,981.75,977.5,981.25,10367
2024-12-24 18:00:00+00:00,981.25,981.25,979.75,979.75,1647
2024-12-26 14:00:00+00:00,985.0,988.5,981.0,985.75,22239
2024-12-26 15:00:00+00:00,986.0,997.25,984.5,994.5,35855
2024-12-26 16:00:00+00:00,994.25,996.5,992.5,996.5,23714
2024-12-26 17:00:00+00:00,996.5,996.75,993.25,994.25,12853
2024-12-26 18:00:00+00:00,994.0,997.25,993.5,996.75,17124
2024-12-26 19:00:00+00:00,997.0,998.0,996.25,996.75,14587
2024-12-27 01:00:00+00:00,995.75,996.75,993.75,995.75,0
2024-12-27 02:00:00+00:00,995.75,998.0,995.25,997.5,1488
2024-12-27 03:00:00+00:00,997.25,998.25,996.5,997.0,336
2024-12-27 04:00:00+00:00,997.0,997.0,996.5,996.75,73
2024-12-27 05:00:00+00:00,996.5,996.75,995.0,995.0,699
2024-12-27 06:00:00+00:00,994.75,995.25,994.0,994.25,530
2024-12-27 07:00:00+00:00,994.5,995.75,994.25,995.75,394
2024-12-27 08:00:00+00:00,995.75,997.5,994.25,996.75,1402
2024-12-27 09:00:00+00:00,996.75,996.75,994.75,994.75,897
2024-12-27 10:00:00+00:00,994.5,995.0,994.0,994.75,939
2024-12-27 11:00:00+00:00,994.75,995.0,994.0,994.5,906
2024-12-27 12:00:00+00:00,994.25,995.0,993.5,994.75,1794
2024-12-27 13:00:00+00:00,995.0,996.5,994.0,995.75,3569
2024-12-27 14:00:00+00:00,995.5,997.25,992.75,994.5,18869
2024-12-27 15:00:00+00:00,994.5,995.0,989.25,993.5,16524
2024-12-27 16:00:00+00:00,992.25,992.5,989.75,992.25,11807
2024-12-27 17:00:00+00:00,992.25,993.25,990.25,990.75,10583
2024-12-27 18:00:00+00:00,991.0,991.25,988.5,989.25,11191
2024-12-27 19:00:00+00:00,989.25,991.5,988.75,990.25,14036
2024-12-30 01:00:00+00:00,994.25,996.25,989.75,990.25,6480
2024-12-30 02:00:00+00:00,990.0,990.25,989.0,990.0,1353
2024-12-30 03:00:00+00:00,989.75,990.25,989.25,990.0,554
2024-12-30 04:00:00+00:00,990.0,991.0,989.75,990.5,719
2024-12-30 05:00:00+00:00,990.5,991.0,989.25,990.5,1281
2024-12-30 06:00:00+00:00,990.5,995.5,990.5,995.25,2630
2024-12-30 07:00:00+00:00,995.0,996.5,994.75,996.5,1191
2024-12-30 08:00:00+00:00,996.5,997.0,994.75,996.0,1419
2024-12-30 09:00:00+00:00,996.25,996.25,993.75,995.0,1735
2024-12-30 10:00:00+00:00,994.75,994.75,993.0,993.75,841
2024-12-30 11:00:00+00:00,994.0,994.75,993.5,994.75,1168
2024-12-30 12:00:00+00:00,994.5,999.5,994.5,998.0,4161
2024-12-30 13:00:00+00:00,998.25,1002.5,996.5,1002.25,9739
2024-12-30 14:00:00+00:00,1002.5,1004.5,999.5,1000.25,24505
2024-12-30 15:00:00+00:00,1000.25,1000.5,990.25,990.25,25333
2024-12-30 16:00:00+00:00,990.25,991.5,987.5,989.5,14592
2024-12-30 17:00:00+00:00,989.5,991.5,986.75,987.75,14709
2024-12-30 18:00:00+00:00,987.75,990.5,987.0,989.75,9602
2024-12-30 19:00:00+00:00,990.0,993.25,990.0,992.25,11615
2024-12-31 01:00:00+00:00,991.0,993.5,991.0,992.75,0
2024-12-31 02:00:00+00:00,993.0,993.5,992.0,993.25,984
2024-12-31 03:00:00+00:00,993.0,993.5,992.5,992.5,1059
2024-12-31 04:00:00+00:00,992.75,992.75,991.75,992.5,565
2024-12-31 05:00:00+00:00,992.5,992.5,991.0,991.25,2200
2024-12-31 06:00:00+00:00,991.0,998.5,990.75,997.25,4008
2024-12-31 07:00:00+00:00,997.25,997.25,994.5,995.0,4297
2024-12-31 08:00:00+00:00,994.75,996.25,994.0,996.0,1362
2024-12-31 09:00:00+00:00,995.75,997.0,994.5,997.0,832
2024-12-31 10:00:00+00:00,997.0,997.0,994.75,997.0,550
2024-12-31 11:00:00+00:00,996.75,996.75,995.25,996.5,442
2024-12-31 12:00:00+00:00,996.5,996.75,992.75,994.0,2657
2024-12-31 13:00:00+00:00,994.0,997.0,993.5,995.75,1818
2024-12-31 14:00:00+00:00,995.25,999.0,995.25,998.75,18268
2024-12-31 15:00:00+00:00,998.75,1006.5,997.5,1003.75,25417
2024-12-31 16:00:00+00:00,1003.75,1007.0,1002.25,1004.25,17593
2024-12-31 17:00:00+00:00,1004.5,1004.75,1000.0,1004.0,15664
2024-12-31 18:00:00+00:00,1004.0,1011.0,1003.75,1010.0,20105
2024-12-31 19:00:00+00:00,1010.0,1012.0,1009.0,1010.0,14322
2025-01-02 14:00:00+00:00,1010.0,1010.5,1004.25,1007.0,33360
2025-01-02 15:00:00+00:00,1007.0,1008.5,1003.5,1008.5,21415
2025-01-02 16:00:00+00:00,1008.5,1015.75,1008.25,1012.0,22971
2025-01-02 17:00:00+00:00,1012.25,1015.75,1011.25,1013.5,15476
2025-01-02 18:00:00+00:00,1013.5,1013.75,1010.25,1012.5,10356
2025-01-02 19:00:00+00:00,1012.5,1013.0,1010.75,1012.25,7899
2025-01-03 01:00:00+00:00,1011.0,1014.75,1009.5,1011.25,0
2025-01-03 02:00:00+00:00,1011.0,1015.5,1010.5,1014.5,4588
2025-01-03 03:00:00+00:00,1014.5,1015.0,1011.25,1013.0,1657
2025-01-03 04:00:00+00:00,1013.25,1014.75,1013.25,1014.25,172
2025-01-03 05:00:00+00:00,1014.25,1014.25,1008.75,1010.0,2344
2025-01-03 06:00:00+00:00,1009.75,1009.75,1007.0,1008.5,5151
2025-01-03 07:00:00+00:00,1008.75,1008.75,1005.75,1006.0,2245
2025-01-03 08:00:00+00:00,1006.0,1008.0,1006.0,1007.0,1791
2025-01-03 09:00:00+00:00,1007.25,1007.5,1006.0,1006.75,548
2025-01-03 10:00:00+00:00,1006.5,1008.0,1006.5,1006.5,786
2025-01-03 11:00:00+00:00,1006.75,1007.0,1005.75,1006.0,949
2025-01-03 12:00:00+00:00,1006.0,1006.5,1003.5,1004.75,4481
2025-01-03 13:00:00+00:00,1004.75,1006.25,1001.25,1005.5,8263
2025-01-03 14:00:00+00:00,1007.75,1008.75,999.25,1000.5,19729
2025-01-03 15:00:00+00:00,1000.25,1000.25,991.75,992.5,28029
2025-01-03 16:00:00+00:00,992.75,994.5,990.0,992.0,15334
2025-01-03 17:00:00+00:00,991.75,992.0,988.0,989.0,15174
2025-01-03 18:00:00+00:00,989.0,993.5,988.75,990.5,16340
2025-01-03 19:00:00+00:00,990.5,992.5,990.5,991.75,9991
2025-01-06 01:00:00+00:00,993.75,1004.75,993.25,1003.25,8731
2025-01-06 02:00:00+00:00,1003.5,1004.75,1002.0,1003.0,3212
2025-01-06 03:00:00+00:00,1002.75,1003.0,1000.25,1001.0,2620
2025-01-06 04:00:00+00:00,1001.0,1002.5,1001.0,1002.0,589
2025-01-06 05:00:00+00:00,1002.25,1002.5,999.75,1000.0,1179
2025-01-06 06:00:00+00:00,1000.0,1000.75,999.5,1000.25,1310
2025-01-06 07:00:00+00:00,1000.0,1001.5,999.0,1001.25,1001
2025-01-06 08:00:00+00:00,1001.25,1004.5,1001.25,1003.25,2097
2025-01-06 09:00:00+00:00,1003.25,1004.75,1003.25,1004.0,1504
2025-01-06 10:00:00+00:00,1004.0,1005.0,1001.75,1002.25,1638
2025-01-06 11:00:00+00:00,1002.25,1006.0,1001.5,1005.25,2735
2025-01-06 12:00:00+00:00,1005.0,1008.5,1003.25,1007.5,3878
2025-01-06 13:00:00+00:00,1007.5,1009.5,1007.5,1008.75,5175
2025-01-06 14:00:00+00:00,1005.25,1008.75,1004.5,1006.5,19289
2025-01-06 15:00:00+00:00,1006.5,1009.75,1001.75,1002.25,19567
2025-01-06 16:00:00+00:00,1002.25,1004.5,1001.0,1002.5,12152
2025-01-06 17:00:00+00:00,1002.5,1002.75,999.0,1001.0,11459
2025-01-06 18:00:00+00:00,1001.25,1001.5,997.0,997.5,10852
2025-01-06 19:00:00+00:00,997.75,998.25,995.25,996.25,14506
2025-01-07 01:00:00+00:00,997.0,997.0,989.0,992.25,0
2025-01-07 02:00:00+00:00,992.0,992.75,990.75,992.5,1894
2025-01-07 03:00:00+00:00,992.5,992.5,990.0,991.0,916
2025-01-07 04:00:00+00:00,991.0,991.5,990.75,991.25,332
2025-01-07 05:00:00+00:00,991.25,992.0,990.0,990.0,898
2025-01-07 06:00:00+00:00,990.0,990.75,988.5,989.25,2486
2025-01-07 07:00:00+00:00,989.25,989.75,986.0,986.25,2680
2025-01-07 08:00:00+00:00,986.25,987.75,985.5,986.25,1417
2025-01-07 09:00:00+00:00,986.5,989.0,986.5,989.0,1748
2025-01-07 10:00:00+00:00,989.5,990.75,987.0,990.5,1910
2025-01-07 11:00:00+00:00,990.25,991.0,989.25,990.5,1408
2025-01-07 12:00:00+00:00,990.5,991.25,987.75,988.25,2927
2025-01-07 13:00:00+00:00,988.0,988.75,986.0,986.5,5387
2025-01-07 14:00:00+00:00,987.25,993.0,986.25,990.25,20023
2025-01-07 15:00:00+00:00,990.25,995.5,988.25,993.5,20631
2025-01-07 16:00:00+00:00,993.5,995.75,990.75,993.5,13223
2025-01-07 17:00:00+00:00,993.5,997.25,991.5,997.25,9855
2025-01-07 18:00:00+00:00,997.25,998.25,996.0,998.0,12145
2025-01-07 19:00:00+00:00,998.0,998.25,996.0,997.25,10718
2025-01-08 01:00:00+00:00,996.75,997.25,994.0,995.25,0
2025-01-08 02:00:00+00:00,995.0,995.75,994.75,995.25,526
2025-01-08 03:00:00+00:00,995.25,996.0,994.5,995.5,683
2025-01-08 04:00:00+00:00,995.75,997.0,995.5,996.75,324
2025-01-08 05:00:00+00:00,996.75,999.5,996.75,999.25,1594
2025-01-08 06:00:00+00:00,999.0,999.75,996.0,996.5,1865
2025-01-08 07:00:00+00:00,996.25,997.0,995.0,995.0,1278
2025-01-08 08:00:00+00:00,995.0,997.5,994.75,997.5,1130
2025-01-08 09:00:00+00:00,997.5,999.75,997.0,999.75,1288
2025-01-08 10:00:00+00:00,999.5,999.75,997.5,998.0,1335
2025-01-08 11:00:00+00:00,998.0,1001.0,997.75,998.75,2320
2025-01-08 12:00:00+00:00,998.75,999.25,995.25,995.5,1558
2025-01-08 13:00:00+00:00,995.75,995.75,993.25,994.75,5986
2025-01-08 14:00:00+00:00,994.5,997.0,992.25,995.75,14064
2025-01-08 15:00:00+00:00,996.0,998.5,995.0,997.75,13929
2025-01-08 16:00:00+00:00,997.75,999.25,995.5,997.0,14461
2025-01-08 17:00:00+00:00,997.25,999.25,996.0,998.5,13088
2025-01-08 18:00:00+00:00,998.25,998.5,991.75,993.75,11581
2025-01-08 19:00:00+00:00,993.5,995.5,993.25,994.0,12035
2025-01-09 01:00:00+00:00,994.0,994.75,991.0,991.75,0
2025-01-09 02:00:00+00:00,992.0,992.25,990.5,992.0,922
2025-01-09 03:00:00+00:00,992.0,992.75,991.5,991.75,334
2025-01-09 04:00:00+00:00,991.5,991.75,990.75,990.75,365
2025-01-09 05:00:00+00:00,990.5,990.75,989.25,989.5,708
2025-01-09 06:00:00+00:00,989.75,990.25,987.5,987.75,1840
2025-01-09 07:00:00+00:00,987.75,988.0,986.75,986.75,2090
2025-01-09 08:00:00+00:00,987.0,989.0,985.75,988.25,2653
2025-01-09 09:00:00+00:00,988.5,989.25,988.0,988.25,896
2025-01-09 10:00:00+00:00,988.25,988.25,986.0,986.75,1988
2025-01-09 11:00:00+00:00,986.75,989.0,986.5,987.5,1140
2025-01-09 12:00:00+00:00,987.75,990.75,987.0,990.75,1776
2025-01-09 13:00:00+00:00,990.5,991.25,988.75,990.0,2792
2025-01-09 14:00:00+00:00,989.75,992.0,989.5,990.5,7920
2025-01-09 15:00:00+00:00,990.5,995.5,989.5,991.75,11189
2025-01-09 16:00:00+00:00,992.0,995.5,990.75,994.0,8102
2025-01-09 17:00:00+00:00,993.75,1000.0,993.5,999.0,19640
2025-01-09 18:00:00+00:00,999.0,999.25,995.75,996.75,7926
2025-01-10 01:00:00+00:00,996.5,1004.25,996.5,1002.5,0
2025-01-10 02:00:00+00:00,1002.5,1003.75,999.75,1000.5,2101
2025-01-10 03:00:00+00:00,1000.5,1001.0,999.0,1000.0,1281
2025-01-10 04:00:00+00:00,1000.0,1000.5,999.75,1000.25,219
2025-01-10 05:00:00+00:00,1000.5,1002.75,1000.5,1001.75,813
2025-01-10 06:00:00+00:00,1001.75,1003.0,1000.25,1002.5,1734
2025-01-10 07:00:00+00:00,1002.5,1005.0,1002.5,1004.5,2885
2025-01-10 08:00:00+00:00,1004.5,1005.75,1002.75,1005.25,1956
2025-01-10 09:00:00+00:00,1005.5,1005.75,1003.25,1005.25,1594
2025-01-10 10:00:00+00:00,1005.0,1005.25,1004.0,1004.25,591
2025-01-10 11:00:00+00:00,1004.25,1006.75,1004.25,1006.5,1534
2025-01-10 12:00:00+00:00,1006.25,1007.25,1001.25,1003.5,5170
2025-01-10 13:00:00+00:00,1003.5,1004.0,1000.0,1002.0,4628
2025-01-10 14:00:00+00:00,1001.25,1007.0,1001.0,1006.25,15162
2025-01-10 15:00:00+00:00,1006.25,1007.5,1003.5,1003.75,19177
2025-01-10 16:00:00+00:00,1003.75,1008.5,1001.25,1007.0,19558
2025-01-10 17:00:00+00:00,1007.75,1033.5,1007.75,1019.5,106796
2025-01-10 18:00:00+00:00,1019.5,1023.0,1015.75,1023.0,35507
2025-01-10 19:00:00+00:00,1022.75,1027.0,1022.75,1026.5,23773
2025-01-13 01:00:00+00:00,1024.75,1034.25,1024.25,1030.75,12683
2025-01-13 02:00:00+00:00,1030.75,1033.0,1029.5,1032.25,2181
2025-01-13 03:00:00+00:00,1032.25,1034.0,1031.5,1033.75,2094
2025-01-13 04:00:00+00:00,1033.75,1034.75,1032.5,1033.5,860
2025-01-13 05:00:00+00:00,1033.75,1037.25,1033.5,1035.75,2606
2025-01-13 06:00:00+00:00,1035.75,1037.0,1034.25,1034.75,2228
2025-01-13 07:00:00+00:00,1034.75,1034.75,1031.0,1033.75,1838
2025-01-13 08:00:00+00:00,1033.75,1035.25,1032.0,1034.0,2025
2025-01-13 09:00:00+00:00,1033.75,1036.5,1032.25,1035.25,3786
2025-01-13 10:00:00+00:00,1035.0,1036.5,1034.25,1036.25,1211
2025-01-13 11:00:00+00:00,1036.25,1036.25,1034.0,1035.75,1917
2025-01-13 12:00:00+00:00,1036.0,1036.25,1033.0,1033.25,5556
2025-01-13 13:00:00+00:00,1033.25,1033.5,1026.5,1027.25,9577
2025-01-13 14:00:00+00:00,1027.25,1033.75,1026.5,1032.5,30624
2025-01-13 15:00:00+00:00,1032.25,1041.5,1032.25,1041.25,29358
2025-01-13 16:00:00+00:00,1041.5,1046.5,1040.5,1044.75,29642
2025-01-13 17:00:00+00:00,1044.75,1045.25,1040.5,1044.75,17464
2025-01-13 18:00:00+00:00,1044.75,1050.75,1044.0,1050.0,29852
2025-01-13 19:00:00+00:00,1050.25,1053.5,1050.0,1052.0,23544
2025-01-14 01:00:00+00:00,1051.25,1051.5,1046.5,1051.0,0
2025-01-14 02:00:00+00:00,1051.0,1053.5,1049.75,1052.75,2930
2025-01-14 03:00:00+00:00,1053.0,1054.75,1052.25,1053.25,3715
2025-01-14 04:00:00+00:00,1053.0,1053.25,1052.0,1052.75,504
2025-01-14 05:00:00+00:00,1053.0,1054.0,1051.25,1053.75,1358
2025-01-14 06:00:00+00:00,1053.75,1055.75,1051.5,1051.75,4670
2025-01-14 07:00:00+00:00,1051.75,1054.75,1051.5,1054.75,1552
2025-01-14 08:00:00+00:00,1054.75,1056.75,1054.5,1056.75,1713
2025-01-14 09:00:00+00:00,1056.5,1056.75,1049.75,1050.25,4098
2025-01-14 10:00:00+00:00,1050.5,1052.25,1049.25,1051.5,3131
2025-01-14 11:00:00+00:00,1051.5,1052.25,1050.25,1052.25,1154
2025-01-14 12:00:00+00:00,1052.0,1052.5,1048.5,1051.25,2987
2025-01-14 13:00:00+00:00,1051.5,1053.25,1049.5,1050.0,6211
2025-01-14 14:00:00+00:00,1050.0,1059.5,1048.0,1058.75,32899
2025-01-14 15:00:00+00:00,1058.75,1064.0,1051.5,1052.0,36749
2025-01-14 16:00:00+00:00,1052.0,1056.0,1049.5,1056.0,20555
2025-01-14 17:00:00+00:00,1056.0,1056.25,1047.25,1048.25,22222
2025-01-14 18:00:00+00:00,1048.25,1048.75,1043.75,1043.75,18197
2025-01-14 19:00:00+00:00,1043.75,1048.0,1043.25,1046.25,0
2025-01-15 01:00:00+00:00,1046.0,1050.25,1044.0,1049.75,4288
2025-01-15 02:00:00+00:00,1049.5,1050.25,1048.25,1049.75,1165
2025-01-15 03:00:00+00:00,1049.5,1051.0,1049.0,1049.5,924
2025-01-15 04:00:00+00:00,1049.75,1050.0,1049.25,1049.5,509
2025-01-15 05:00:00+00:00,1049.5,1049.75,1049.0,1049.75,471
2025-01-15 06:00:00+00:00,1049.75,1051.0,1049.25,1050.5,1075
2025-01-15 07:00:00+00:00,1050.25,1051.25,1049.75,1050.75,772
2025-01-15 08:00:00+00:00,1050.5,1051.0,1048.25,1049.0,725
2025-01-15 09:00:00+00:00,1048.75,1049.5,1046.5,1049.25,675
2025-01-15 10:00:00+00:00,1049.25,1050.75,1049.25,1050.5,1673
2025-01-15 11:00:00+00:00,1050.25,1050.75,1049.0,1049.0,588
2025-01-15 12:00:00+00:00,1049.0,1049.75,1046.5,1049.0,2914
2025-01-15 13:00:00+00:00,1049.25,1052.0,1048.25,1050.0,3910
2025-01-15 14:00:00+00:00,1051.0,1054.0,1047.5,1048.25,22337
2025-01-15 15:00:00+00:00,1048.0,1049.0,1044.5,1046.5,21785
2025-01-15 16:00:00+00:00,1046.25,1050.5,1045.0,1050.25,15349
2025-01-15 17:00:00+00:00,1050.5,1051.5,1046.75,1050.0,13412
2025-01-15 18:00:00+00:00,1050.0,1050.25,1039.75,1040.75,19808
2025-01-15 19:00:00+00:00,1040.75,1043.75,1039.75,1042.75,12293
2025-01-16 01:00:00+00:00,1042.0,1042.75,1035.25,1035.25,0
2025-01-16 02:00:00+00:00,1035.5,1037.75,1035.25,1036.5,2282
2025-01-16 03:00:00+00:00,1036.5,1036.5,1033.75,1034.25,1524
2025-01-16 04:00:00+00:00,1034.25,1034.5,1033.5,1033.5,666
2025-01-16 05:00:00+00:00,1033.75,1034.0,1031.75,1033.5,1761
2025-01-16 06:00:00+00:00,1033.5,1034.25,1030.0,1031.75,3193
2025-01-16 07:00:00+00:00,1031.75,1032.75,1030.75,1031.25,1341
2025-01-16 08:00:00+00:00,1031.25,1031.75,1028.5,1030.0,2670
2025-01-16 09:00:00+00:00,1030.5,1032.5,1030.0,1031.75,1203
2025-01-16 10:00:00+00:00,1032.0,1032.25,1029.25,1029.5,1199
2025-01-16 11:00:00+00:00,1029.25,1030.25,1028.0,1029.0,1607
2025-01-16 12:00:00+00:00,1029.25,1029.75,1026.5,1027.75,3882
2025-01-16 13:00:00+00:00,1028.0,1029.25,1025.5,1028.0,5593
2025-01-16 14:00:00+00:00,1028.5,1030.5,1026.0,1026.5,16206
2025-01-16 15:00:00+00:00,1026.75,1028.5,1022.5,1024.0,27120
2025-01-16 16:00:00+00:00,1024.0,1024.5,1020.25,1023.25,21930
2025-01-16 17:00:00+00:00,1023.25,1025.5,1020.75,1023.0,16303
2025-01-16 18:00:00+00:00,1022.75,1023.75,1020.25,1020.75,11099
2025-01-16 19:00:00+00:00,1021.0,1021.75,1018.5,1020.0,19653
2025-01-17 01:00:00+00:00,1019.0,1025.25,1019.0,1024.75,0
2025-01-17 02:00:00+00:00,1024.5,1025.75,1023.75,1025.0,1647
2025-01-17 03:00:00+00:00,1025.0,1026.75,1024.5,1024.75,2596
2025-01-17 04:00:00+00:00,1024.75,1025.0,1024.0,1024.0,427
2025-01-17 05:00:00+00:00,1024.0,1024.25,1022.75,1023.0,900
2025-01-17 06:00:00+00:00,1023.0,1025.75,1022.75,1023.25,1978
2025-01-17 07:00:00+00:00,1023.25,1026.75,1022.75,1026.25,976
2025-01-17 08:00:00+00:00,1026.0,1026.5,1024.25,1025.0,1281
2025-01-17 09:00:00+00:00,1025.25,1026.0,1024.25,1025.0,907
2025-01-17 10:00:00+00:00,1024.75,1025.0,1022.75,1023.75,1096
2025-01-17 11:00:00+00:00,1024.0,1024.5,1022.0,1022.5,1394
2025-01-17 12:00:00+00:00,1022.5,1023.0,1021.0,1022.75,2558
2025-01-17 13:00:00+00:00,1022.75,1031.5,1019.0,1029.5,29994
2025-01-17 14:00:00+00:00,1028.0,1029.5,1023.25,1027.5,32035
2025-01-17 15:00:00+00:00,1027.25,1038.75,1026.5,1038.0,34583
2025-01-17 16:00:00+00:00,1037.5,1039.0,1034.0,1037.75,18875
2025-01-17 17:00:00+00:00,1037.75,1038.25,1030.25,1037.25,15194
2025-01-17 18:00:00+00:00,1037.25,1037.5,1033.0,1033.25,13053
2025-01-17 19:00:00+00:00,1033.0,1035.5,1032.0,1035.5,13759
2025-01-21 05:00:00+00:00,1047.25,1051.5,1047.0,1051.0,2607
2025-01-21 06:00:00+00:00,1050.75,1053.0,1049.5,1051.5,4536
2025-01-21 07:00:00+00:00,1051.5,1051.5,1047.0,1047.0,1938
2025-01-21 08:00:00+00:00,1047.25,1050.25,1047.25,1050.0,3572
2025-01-21 09:00:00+00:00,1050.5,1053.0,1049.5,1052.0,1271
2025-01-21 10:00:00+00:00,1052.0,1057.25,1052.0,1053.25,4695
2025-01-21 11:00:00+00:00,1053.25,1054.5,1047.75,1048.25,4645
2025-01-21 12:00:00+00:00,1048.25,1052.25,1047.75,1052.25,3984
2025-01-21 13:00:00+00:00,1052.25,1057.0,1051.25,1055.5,8151
2025-01-21 14:00:00+00:00,1055.0,1061.25,1047.0,1047.0,33089
2025-01-21 15:00:00+00:00,1046.75,1051.75,1046.0,1048.5,24632
2025-01-21 16:00:00+00:00,1048.5,1058.25,1048.5,1055.0,19675
2025-01-21 17:00:00+00:00,1055.0,1059.0,1054.75,1058.75,14024
2025-01-21 18:00:00+00:00,1059.0,1063.75,1057.75,1062.0,22889
2025-01-21 19:00:00+00:00,1062.25,1068.0,1062.0,1067.5,23388
2025-01-22 01:00:00+00:00,1066.0,1066.25,1056.75,1058.25,0
2025-01-22 02:00:00+00:00,1058.25,1063.75,1057.5,1062.75,3667
2025-01-22 03:00:00+00:00,1062.75,1066.75,1062.75,1064.0,2832
2025-01-22 04:00:00+00:00,1064.0,1066.5,1063.5,1065.5,980
2025-01-22 05:00:00+00:00,1065.5,1067.0,1064.75,1066.75,1061
2025-01-22 06:00:00+00:00,1066.5,1066.5,1060.25,1062.0,4875
2025-01-22 07:00:00+00:00,1061.5,1064.0,1061.5,1063.0,949
2025-01-22 08:00:00+00:00,1063.5,1064.75,1061.25,1064.5,1167
2025-01-22 09:00:00+00:00,1064.5,1065.25,1062.5,1064.25,2000
2025-01-22 10:00:00+00:00,1064.0,1064.5,1062.75,1062.75,1290
2025-01-22 11:00:00+00:00,1063.0,1064.5,1062.0,1063.5,1092
2025-01-22 12:00:00+00:00,1064.0,1064.5,1060.5,1061.0,2269
2025-01-22 13:00:00+00:00,1061.25,1070.5,1061.25,1069.5,8483
2025-01-22 14:00:00+00:00,1069.0,1073.5,1064.25,1065.0,35127
2025-01-22 15:00:00+00:00,1065.25,1069.0,1061.0,1063.5,43112
2025-01-22 16:00:00+00:00,1063.5,1063.75,1055.25,1060.0,22697
2025-01-22 17:00:00+00:00,1059.75,1061.5,1051.75,1056.5,21347
2025-01-22 18:00:00+00:00,1056.25,1059.5,1053.25,1054.0,16146
2025-01-22 19:00:00+00:00,1054.25,1057.75,1053.75,1056.5,11501
2025-01-23 01:00:00+00:00,1055.0,1058.75,1052.75,1057.0,0
2025-01-23 02:00:00+00:00,1056.75,1057.0,1050.25,1051.5,2528
2025-01-23 03:00:00+00:00,1051.5,1054.0,1050.25,1052.75,1201
2025-01-23 04:00:00+00:00,1052.75,1053.75,1052.25,1053.75,571
2025-01-23 05:00:00+00:00,1053.5,1054.0,1052.0,1052.75,494
2025-01-23 06:00:00+00:00,1053.0,1053.5,1050.5,1051.25,1163
2025-01-23 07:00:00+00:00,1051.25,1052.0,1050.25,1050.25,1063
2025-01-23 08:00:00+00:00,1050.5,1051.25,1047.75,1049.5,2483
2025-01-23 09:00:00+00:00,1049.25,1051.75,1048.25,1050.75,2098
2025-01-23 10:00:00+00:00,1051.25,1054.25,1051.0,1053.25,1985
2025-01-23 11:00:00+00:00,1053.0,1055.25,1053.0,1054.25,1318
2025-01-23 12:00:00+00:00,1054.25,1058.75,1052.25,1058.0,4747
2025-01-23 13:00:00+00:00,1058.0,1060.75,1055.75,1058.25,8035
2025-01-23 14:00:00+00:00,1058.25,1063.0,1057.25,1061.25,15295
2025-01-23 15:00:00+00:00,1061.25,1067.0,1060.25,1064.5,17859
2025-01-23 16:00:00+00:00,1064.25,1069.5,1064.0,1068.0,15427
2025-01-23 17:00:00+00:00,1068.0,1072.25,1067.0,1072.0,13377
2025-01-23 18:00:00+00:00,1072.0,1076.25,1067.0,1067.25,26628
2025-01-23 19:00:00+00:00,1067.5,1069.0,1063.75,1064.0,10573
2025-01-24 01:00:00+00:00,1051.0,1054.0,1046.75,1053.75,0
2025-01-24 02:00:00+00:00,1053.5,1055.5,1053.0,1054.75,4221
2025-01-24 03:00:00+00:00,1055.0,1055.5,1054.25,1054.5,4571
2025-01-24 04:00:00+00:00,1054.75,1055.75,1054.75,1054.75,537
2025-01-24 05:00:00+00:00,1054.75,1055.75,1053.0,1053.25,1055
2025-01-24 06:00:00+00:00,1053.5,1057.0,1051.25,1052.0,2535
2025-01-24 07:00:00+00:00,1051.75,1054.75,1051.25,1054.5,1981
2025-01-24 08:00:00+00:00,1054.75,1055.75,1053.25,1055.25,1420
2025-01-24 09:00:00+00:00,1055.0,1056.5,1054.5,1056.0,934
2025-01-24 10:00:00+00:00,1055.75,1055.75,1052.0,1052.5,1432
2025-01-24 11:00:00+00:00,1052.75,1053.5,1049.0,1049.75,2285
2025-01-24 12:00:00+00:00,1049.75,1052.75,1049.5,1050.5,2283
2025-01-24 13:00:00+00:00,1050.75,1054.5,1048.0,1054.25,8442
2025-01-24 14:00:00+00:00,1054.0,1060.5,1053.5,1055.25,31447
2025-01-24 15:00:00+00:00,1055.25,1061.5,1054.5,1058.25,27514
2025-01-24 16:00:00+00:00,1058.0,1063.0,1057.25,1057.25,9332
2025-01-24 17:00:00+00:00,1057.25,1058.75,1054.25,1054.25,16956
2025-01-24 18:00:00+00:00,1054.25,1056.75,1053.0,1056.5,14909
2025-01-24 19:00:00+00:00,1056.75,1057.0,1054.0,1054.75,13618
2025-01-27 01:00:00+00:00,1050.0,1050.0,1040.0,1042.0,10257
2025-01-27 02:00:00+00:00,1041.75,1043.5,1041.0,1042.25,1859
2025-01-27 03:00:00+00:00,1042.0,1048.5,1042.0,1047.25,4122
2025-01-27 04:00:00+00:00,1047.25,1048.0,1046.5,1047.75,329
2025-01-27 05:00:00+00:00,1047.5,1049.0,1046.5,1048.25,1756
2025-01-27 06:00:00+00:00,1048.5,1049.75,1046.75,1047.5,1692
2025-01-27 07:00:00+00:00,1047.0,1047.25,1044.5,1045.25,1222
2025-01-27 08:00:00+00:00,1045.25,1048.5,1045.0,1048.0,1225
2025-01-27 09:00:00+00:00,1048.25,1049.0,1046.75,1048.25,669
2025-01-27 10:00:00+00:00,1048.0,1050.75,1048.0,1049.5,1109
2025-01-27 11:00:00+00:00,1049.25,1051.0,1047.25,1047.25,1147
2025-01-27 12:00:00+00:00,1047.5,1048.25,1045.25,1045.5,1798
2025-01-27 13:00:00+00:00,1045.75,1046.5,1044.0,1045.25,3456
2025-01-27 14:00:00+00:00,1044.25,1049.5,1042.75,1044.75,19949
2025-01-27 15:00:00+00:00,1044.75,1047.0,1042.0,1043.25,13824
2025-01-27 16:00:00+00:00,1043.25,1045.0,1042.0,1044.75,6952
2025-01-27 17:00:00+00:00,1044.75,1049.5,1044.5,1046.25,11791
2025-01-27 18:00:00+00:00,1046.0,1047.75,1044.25,1046.25,18104
2025-01-27 19:00:00+00:00,1046.0,1046.5,1044.5,1045.5,11944
2025-01-28 01:00:00+00:00,1042.75,1047.0,1042.0,1044.75,0
2025-01-28 02:00:00+00:00,1044.75,1047.25,1044.5,1045.0,789
2025-01-28 03:00:00+00:00,1045.25,1046.0,1044.25,1044.25,303
2025-01-28 04:00:00+00:00,1044.5,1045.25,1043.75,1045.25,262
2025-01-28 05:00:00+00:00,1045.0,1045.75,1044.25,1044.75,2308
2025-01-28 06:00:00+00:00,1045.0,1045.25,1043.25,1043.25,447
2025-01-28 07:00:00+00:00,1043.0,1043.25,1041.0,1042.0,1953
2025-01-28 08:00:00+00:00,1042.0,1043.0,1041.25,1042.5,1102
2025-01-28 09:00:00+00:00,1042.25,1044.25,1041.25,1043.5,779
2025-01-28 10:00:00+00:00,1043.75,1044.25,1041.75,1043.25,988
2025-01-28 11:00:00+00:00,1043.25,1046.5,1042.5,1046.25,1077
2025-01-28 12:00:00+00:00,1045.75,1049.25,1045.5,1047.75,3526
2025-01-28 13:00:00+00:00,1047.75,1049.0,1046.75,1048.25,2165
2025-01-28 14:00:00+00:00,1047.25,1050.75,1042.5,1044.5,14504
2025-01-28 15:00:00+00:00,1044.5,1049.75,1041.75,1043.75,36734
2025-01-28 16:00:00+00:00,1044.0,1046.0,1042.5,1043.25,9104
2025-01-28 17:00:00+00:00,1043.25,1046.0,1042.25,1046.0,10137
2025-01-28 18:00:00+00:00,1046.25,1050.25,1046.0,1047.25,17807
2025-01-28 19:00:00+00:00,1047.5,1047.75,1044.5,1045.75,10007
2025-01-29 01:00:00+00:00,1045.0,1048.5,1044.5,1048.5,0
2025-01-29 02:00:00+00:00,1048.5,1052.0,1048.25,1051.75,2876
2025-01-29 03:00:00+00:00,1051.75,1053.75,1051.0,1053.0,1490
2025-01-29 04:00:00+00:00,1052.75,1053.25,1052.5,1053.0,238
2025-01-29 05:00:00+00:00,1052.75,1053.25,1051.75,1052.25,553
2025-01-29 06:00:00+00:00,1052.0,1053.0,1052.0,1052.75,632
2025-01-29 07:00:00+00:00,1052.5,1052.75,1051.5,1051.5,508
2025-01-29 08:00:00+00:00,1051.5,1053.0,1051.25,1052.25,591
2025-01-29 09:00:00+00:00,1052.0,1052.25,1049.0,1049.5,1356
2025-01-29 10:00:00+00:00,1049.75,1050.75,1049.25,1050.25,565
2025-01-29 11:00:00+00:00,1050.5,1053.25,1050.5,1053.0,928
2025-01-29 12:00:00+00:00,1053.0,1054.25,1051.5,1053.5,1729
2025-01-29 13:00:00+00:00,1053.25,1054.5,1051.0,1052.75,3469
2025-01-29 14:00:00+00:00,1052.5,1054.5,1049.5,1053.75,13555
2025-01-29 15:00:00+00:00,1053.75,1059.5,1052.25,1056.5,27863
2025-01-29 16:00:00+00:00,1056.75,1061.75,1056.0,1060.5,21787
2025-01-29 17:00:00+00:00,1060.75,1061.0,1056.75,1057.5,15597
2025-01-29 18:00:00+00:00,1057.5,1060.0,1056.25,1058.75,12606
2025-01-29 19:00:00+00:00,1059.0,1061.75,1058.5,1059.75,11837
2025-01-30 01:00:00+00:00,1060.0,1060.5,1056.5,1058.25,0
2025-01-30 02:00:00+00:00,1058.0,1058.0,1055.5,1056.25,822
2025-01-30 03:00:00+00:00,1055.75,1056.0,1055.0,1055.0,381
2025-01-30 04:00:00+00:00,1055.25,1055.25,1054.5,1054.75,508
2025-01-30 05:00:00+00:00,1054.75,1055.0,1053.75,1054.0,497
2025-01-30 06:00:00+00:00,1053.75,1054.0,1051.75,1053.0,1365
2025-01-30 07:00:00+00:00,1052.75,1054.25,1052.75,1053.75,566
2025-01-30 08:00:00+00:00,1054.0,1055.5,1053.5,1055.25,921
2025-01-30 09:00:00+00:00,1055.25,1055.25,1052.75,1053.25,857
2025-01-30 10:00:00+00:00,1053.25,1053.75,1052.25,1053.0,791
2025-01-30 11:00:00+00:00,1053.0,1054.25,1052.5,1053.75,1051
2025-01-30 12:00:00+00:00,1053.75,1053.75,1050.25,1050.75,2611
2025-01-30 13:00:00+00:00,1051.0,1051.5,1048.5,1049.75,4622
2025-01-30 14:00:00+00:00,1049.75,1052.0,1045.0,1046.0,20394
2025-01-30 15:00:00+00:00,1046.0,1046.5,1043.0,1044.0,20541
2025-01-30 16:00:00+00:00,1044.25,1046.25,1043.5,1044.0,12826
2025-01-30 17:00:00+00:00,1043.75,1045.25,1042.0,1042.25,16138
2025-01-30 18:00:00+00:00,1042.25,1046.25,1042.25,1043.5,12282
2025-01-30 19:00:00+00:00,1043.75,1045.25,1043.5,1044.0,12300
2025-01-31 01:00:00+00:00,1042.75,1045.75,1041.0,1043.75,0
2025-01-31 02:00:00+00:00,1044.0,1044.0,1040.75,1041.5,1447
2025-01-31 03:00:00+00:00,1041.25,1042.0,1040.25,1041.0,927
2025-01-31 04:00:00+00:00,1041.0,1041.25,1040.5,1040.75,238
2025-01-31 05:00:00+00:00,1040.75,1041.5,1039.0,1040.25,1201
2025-01-31 06:00:00+00:00,1040.5,1043.25,1040.5,1042.5,654
2025-01-31 07:00:00+00:00,1042.25,1044.0,1042.0,1043.0,712
2025-01-31 08:00:00+00:00,1043.0,1043.75,1040.25,1041.0,1560
2025-01-31 09:00:00+00:00,1041.25,1041.5,1038.5,1038.75,2072
2025-01-31 10:00:00+00:00,1039.0,1039.75,1038.0,1038.25,1058
2025-01-31 11:00:00+00:00,1038.25,1038.75,1037.5,1037.5,2495
2025-01-31 12:00:00+00:00,1037.5,1038.75,1036.0,1036.25,3151
2025-01-31 13:00:00+00:00,1036.5,1036.75,1034.0,1034.75,5409
2025-01-31 14:00:00+00:00,1034.0,1043.0,1034.0,1041.25,19298
2025-01-31 15:00:00+00:00,1041.25,1048.0,1041.0,1046.0,20120
2025-01-31 16:00:00+00:00,1046.25,1050.5,1045.25,1049.5,14997
2025-01-31 17:00:00+00:00,1049.75,1052.0,1044.0,1047.25,24057
2025-01-31 18:00:00+00:00,1047.25,1050.5,1038.5,1041.25,27472
2025-01-31 19:00:00+00:00,1041.5,1045.0,1040.25,1044.5,9837
2025-02-03 01:00:00+00:00,1048.5,1056.5,1032.0,1034.75,9337
2025-02-03 02:00:00+00:00,1034.75,1051.0,1032.75,1050.75,0
2025-02-03 03:00:00+00:00,1035.25,1051.0,1031.75,1032.75,10845
2025-02-03 04:00:00+00:00,1032.5,1050.0,1032.5,1033.5,730
2025-02-03 05:00:00+00:00,1048.75,1051.0,1033.25,1035.5,507
2025-02-03 06:00:00+00:00,1050.75,1050.75,1033.0,1033.0,311
2025-02-03 07:00:00+00:00,1032.75,1051.0,1032.75,1032.75,1373
2025-02-03 08:00:00+00:00,1032.75,1052.0,1032.5,1035.25,1083
2025-02-03 09:00:00+00:00,1035.0,1053.75,1034.75,1051.25,0
2025-02-03 10:00:00+00:00,1036.0,1051.75,1033.75,1050.5,665
2025-02-03 11:00:00+00:00,1035.25,1051.5,1034.25,1034.5,15197
2025-02-03 12:00:00+00:00,1034.75,1052.25,1034.0,1035.0,1895
2025-02-03 13:00:00+00:00,1035.25,1060.5,1035.25,1058.0,0
2025-02-03 14:00:00+00:00,1058.0,1063.0,1039.75,1060.75,12266
2025-02-03 15:00:00+00:00,1060.5,1070.75,1042.25,1056.25,18480
2025-02-03 16:00:00+00:00,1056.5,1074.5,1055.25,1070.25,10049
2025-02-03 17:00:00+00:00,1055.75,1070.75,1051.0,1066.25,4406
2025-02-03 18:00:00+00:00,1052.0,1073.25,1051.5,1072.0,6054
2025-02-03 19:00:00+00:00,1072.0,1073.5,1055.75,1056.5,82814
2025-02-04 01:00:00+00:00,1070.75,1072.0,1052.75,1057.0,0
2025-02-04 02:00:00+00:00,1056.75,1071.25,1052.5,1054.0,1858
2025-02-04 03:00:00+00:00,1053.75,1068.0,1052.75,1053.5,512
2025-02-04 04:00:00+00:00,1053.5,1068.5,1053.25,1054.0,479
2025-02-04 05:00:00+00:00,1053.75,1067.75,1049.0,1049.5,2027
2025-02-04 06:00:00+00:00,1049.75,1067.25,1048.25,1066.75,0
2025-02-04 07:00:00+00:00,1052.25,1070.25,1051.0,1069.75,325
2025-02-04 08:00:00+00:00,1055.25,1072.0,1054.25,1072.0,955
2025-02-04 09:00:00+00:00,1057.25,1071.5,1054.0,1068.5,582
2025-02-04 10:00:00+00:00,1054.0,1072.75,1053.75,1057.75,11757
2025-02-04 11:00:00+00:00,1057.75,1073.75,1057.0,1060.25,4097
2025-02-04 12:00:00+00:00,1060.0,1074.0,1054.0,1054.25,3142
2025-02-04 13:00:00+00:00,1068.0,1069.5,1053.25,1055.25,3156
2025-02-04 14:00:00+00:00,1068.25,1075.5,1053.5,1075.5,0
2025-02-04 15:00:00+00:00,1062.25,1083.0,1061.25,1080.5,19219
2025-02-04 16:00:00+00:00,1080.5,1085.25,1079.25,1085.0,12608
2025-02-04 17:00:00+00:00,1085.0,1088.5,1081.25,1087.0,11897
2025-02-04 18:00:00+00:00,1087.0,1089.75,1085.5,1086.25,13474
2025-02-04 19:00:00+00:00,1086.5,1089.0,1086.0,1088.0,8608
2025-02-05 01:00:00+00:00,1086.0,1087.75,1083.5,1085.0,0
2025-02-05 02:00:00+00:00,1085.25,1086.0,1081.75,1082.5,2995
2025-02-05 03:00:00+00:00,1082.75,1085.0,1082.75,1084.5,352
2025-02-05 04:00:00+00:00,1084.75,1086.0,1083.75,1086.0,134
2025-02-05 05:00:00+00:00,1086.25,1088.5,1086.0,1088.5,899
2025-02-05 06:00:00+00:00,1088.25,1090.75,1088.25,1090.0,1395
2025-02-05 07:00:00+00:00,1090.0,1090.75,1089.5,1090.25,356
2025-02-05 08:00:00+00:00,1090.25,1092.5,1090.25,1091.5,462
2025-02-05 09:00:00+00:00,1091.0,1092.0,1089.75,1091.25,1036
2025-02-05 10:00:00+00:00,1091.25,1091.25,1090.0,1090.75,736
2025-02-05 11:00:00+00:00,1090.75,1090.75,1085.25,1087.0,1131
2025-02-05 12:00:00+00:00,1086.75,1088.75,1085.0,1088.25,812
2025-02-05 13:00:00+00:00,1088.5,1090.0,1080.75,1082.5,5881
2025-02-05 14:00:00+00:00,1081.75,1082.5,1078.0,1079.25,9727
2025-02-05 15:00:00+00:00,1072.5,1075.0,1072.0,1073.75,20790
2025-02-05 16:00:00+00:00,1073.75,1076.75,1073.25,1073.5,8743
2025-02-05 17:00:00+00:00,1073.5,1074.5,1069.75,1071.75,8307
2025-02-05 18:00:00+00:00,1071.75,1072.0,1068.0,1069.0,5774
2025-02-05 19:00:00+00:00,1069.0,1073.75,1068.5,1073.75,7943
2025-02-06 01:00:00+00:00,1072.75,1073.75,1070.5,1071.5,0
2025-02-06 02:00:00+00:00,1071.5,1075.0,1071.5,1075.0,1651
2025-02-06 03:00:00+00:00,1075.0,1075.75,1074.0,1074.75,1090
2025-02-06 04:00:00+00:00,1074.75,1074.75,1074.0,1074.0,20
2025-02-06 05:00:00+00:00,1074.5,1075.75,1074.25,1075.5,136
2025-02-06 06:00:00+00:00,1075.75,1078.0,1075.75,1076.0,701
2025-02-06 07:00:00+00:00,1076.25,1079.75,1076.25,1078.75,2216
2025-02-06 08:00:00+00:00,1078.75,1080.0,1078.0,1079.75,1925
2025-02-06 09:00:00+00:00,1079.5,1081.75,1079.25,1080.5,3149
2025-02-06 10:00:00+00:00,1080.75,1081.75,1080.25,1081.0,361
2025-02-06 11:00:00+00:00,1081.25,1081.75,1080.25,1081.25,350
2025-02-06 12:00:00+00:00,1081.0,1081.0,1078.25,1080.0,1773
2025-02-06 13:00:00+00:00,1080.0,1080.0,1076.75,1077.75,3752
2025-02-06 14:00:00+00:00,1077.0,1077.5,1065.25,1066.25,10260
2025-02-06 15:00:00+00:00,1066.25,1072.0,1066.0,1067.25,7091
2025-02-06 16:00:00+00:00,1067.25,1077.5,1066.75,1074.5,16780
2025-02-06 17:00:00+00:00,1074.25,1074.75,1070.0,1073.25,5295
2025-02-06 18:00:00+00:00,1073.25,1075.5,1071.25,1073.0,5137
2025-02-06 19:00:00+00:00,1072.75,1077.5,1072.75,1077.0,5149
2025-02-07 01:00:00+00:00,1075.75,1078.5,1073.25,1078.0,0
2025-02-07 02:00:00+00:00,1078.0,1078.5,1075.5,1078.0,668
2025-02-07 03:00:00+00:00,1077.5,1078.0,1075.5,1076.5,1155
2025-02-07 04:00:00+00:00,1076.0,1076.5,1074.75,1076.5,24
2025-02-07 05:00:00+00:00,1076.25,1078.0,1076.0,1077.25,396
2025-02-07 06:00:00+00:00,1077.0,1079.0,1074.0,1075.0,672
2025-02-07 07:00:00+00:00,1075.0,1075.0,1073.0,1073.5,229
2025-02-07 08:00:00+00:00,1073.5,1075.0,1071.5,1072.75,3464
2025-02-07 09:00:00+00:00,1072.75,1073.75,1071.75,1073.5,409
2025-02-07 10:00:00+00:00,1073.5,1073.75,1072.75,1073.25,146
2025-02-07 11:00:00+00:00,1073.0,1073.75,1071.0,1071.25,1953
2025-02-07 12:00:00+00:00,1071.25,1071.25,1067.25,1067.75,1919
2025-02-07 13:00:00+00:00,1067.5,1071.25,1066.75,1070.25,4289
2025-02-07 14:00:00+00:00,1070.75,1071.25,1067.0,1069.0,10573
2025-02-07 15:00:00+00:00,1068.5,1071.5,1063.5,1065.75,20170
2025-02-07 16:00:00+00:00,1065.75,1066.75,1063.75,1065.25,13046
2025-02-07 17:00:00+00:00,1065.25,1068.75,1064.25,1065.0,7921
2025-02-07 18:00:00+00:00,1065.0,1065.75,1064.25,1065.0,12218
2025-02-07 19:00:00+00:00,1065.0,1066.0,1064.25,1064.25,16102
2025-02-10 01:00:00+00:00,1062.5,1067.5,1058.75,1066.75,4821
2025-02-10 02:00:00+00:00,1066.25,1067.25,1064.25,1065.25,1087
2025-02-10 03:00:00+00:00,1065.5,1065.5,1063.25,1063.25,2460
2025-02-10 04:00:00+00:00,1063.0,1064.0,1063.0,1063.25,187
2025-02-10 05:00:00+00:00,1063.25,1065.5,1060.5,1061.25,707
2025-02-10 06:00:00+00:00,1061.25,1063.0,1060.5,1061.75,284
2025-02-10 07:00:00+00:00,1062.0,1063.25,1060.75,1060.75,1003
2025-02-10 08:00:00+00:00,1060.75,1062.5,1060.75,1062.0,570
2025-02-10 09:00:00+00:00,1062.25,1065.5,1062.0,1063.25,246
2025-02-10 10:00:00+00:00,1063.5,1065.5,1063.5,1065.0,719
2025-02-10 11:00:00+00:00,1065.0,1065.75,1063.75,1064.5,319
2025-02-10 12:00:00+00:00,1064.75,1065.75,1063.25,1065.5,2844
2025-02-10 13:00:00+00:00,1065.25,1066.0,1062.75,1063.5,2918
2025-02-10 14:00:00+00:00,1064.0,1068.5,1063.0,1066.25,8947
2025-02-10 15:00:00+00:00,1066.25,1067.5,1063.25,1065.25,6304
2025-02-10 16:00:00+00:00,1065.25,1066.75,1063.0,1063.75,9831
2025-02-10 17:00:00+00:00,1063.75,1066.25,1063.5,1065.75,3329
2025-02-10 18:00:00+00:00,1065.5,1066.25,1063.75,1064.0,5044
2025-02-10 19:00:00+00:00,1064.0,1066.0,1063.75,1065.25,16547
2025-02-11 01:00:00+00:00,1064.5,1066.5,1062.0,1064.75,0
2025-02-11 02:00:00+00:00,1065.25,1065.75,1062.0,1064.25,172
2025-02-11 03:00:00+00:00,1063.25,1065.25,1063.0,1063.75,304
2025-02-11 04:00:00+00:00,1064.0,1064.0,1063.5,1063.5,4
2025-02-11 05:00:00+00:00,1064.25,1065.75,1064.25,1065.75,123
2025-02-11 06:00:00+00:00,1065.75,1068.0,1065.25,1065.5,536
2025-02-11 07:00:00+00:00,1065.25,1066.5,1064.5,1065.5,186
2025-02-11 08:00:00+00:00,1065.5,1067.5,1065.5,1066.5,3059
2025-02-11 09:00:00+00:00,1066.75,1068.75,1066.75,1067.75,196
2025-02-11 10:00:00+00:00,1067.25,1068.75,1066.75,1068.0,140
2025-02-11 11:00:00+00:00,1068.0,1070.25,1067.5,1069.5,952
2025-02-11 12:00:00+00:00,1069.75,1070.25,1067.0,1069.5,1734
2025-02-11 13:00:00+00:00,1069.25,1069.25,1063.75,1066.0,1827
2025-02-11 14:00:00+00:00,1065.75,1069.25,1065.75,1068.0,6933
2025-02-11 15:00:00+00:00,1068.0,1072.5,1067.5,1071.5,13245
2025-02-11 16:00:00+00:00,1071.5,1072.75,1069.25,1071.25,9511
2025-02-11 17:00:00+00:00,1070.5,1070.75,1062.0,1065.0,18973
2025-02-11 18:00:00+00:00,1065.0,1065.25,1060.75,1062.5,11412
2025-02-11 19:00:00+00:00,1062.5,1062.75,1058.25,1060.25,17105
2025-02-12 01:00:00+00:00,1060.25,1063.5,1059.5,1062.5,0
2025-02-12 02:00:00+00:00,1062.5,1063.75,1062.25,1062.5,109
2025-02-12 03:00:00+00:00,1062.25,1062.5,1060.5,1061.0,1509
2025-02-12 04:00:00+00:00,1061.25,1062.25,1061.0,1062.25,132
2025-02-12 05:00:00+00:00,1061.75,1061.75,1059.75,1060.5,2127
2025-02-12 06:00:00+00:00,1061.0,1061.25,1059.75,1060.0,258
2025-02-12 07:00:00+00:00,1060.0,1061.0,1058.0,1059.75,264
2025-02-12 08:00:00+00:00,1059.5,1060.5,1055.5,1055.5,2761
2025-02-12 09:00:00+00:00,1055.5,1057.25,1055.25,1056.0,442
2025-02-12 10:00:00+00:00,1056.25,1056.75,1054.5,1055.5,1694
2025-02-12 11:00:00+00:00,1055.0,1057.0,1054.75,1055.75,1700
2025-02-12 12:00:00+00:00,1055.5,1056.0,1052.75,1052.75,1185
2025-02-12 13:00:00+00:00,1052.75,1053.75,1051.5,1052.0,4325
2025-02-12 14:00:00+00:00,1052.5,1059.25,1051.0,1056.75,13717
2025-02-12 15:00:00+00:00,1056.75,1057.0,1045.0,1046.5,17900
2025-02-12 16:00:00+00:00,1046.5,1047.5,1043.0,1043.75,17660
2025-02-12 17:00:00+00:00,1043.75,1046.75,1042.0,1044.0,6664
2025-02-12 18:00:00+00:00,1044.0,1047.0,1043.0,1043.5,14387
2025-02-12 19:00:00+00:00,1043.75,1046.75,1043.75,1045.75,16892
2025-02-13 01:00:00+00:00,1046.0,1048.5,1045.5,1047.75,0
2025-02-13 02:00:00+00:00,1048.0,1049.0,1047.25,1048.75,588
2025-02-13 03:00:00+00:00,1048.75,1049.5,1047.5,1048.75,325
2025-02-13 04:00:00+00:00,1048.75,1048.75,1048.25,1048.5,118
2025-02-13 05:00:00+00:00,1049.0,1049.25,1047.5,1047.75,523
2025-02-13 06:00:00+00:00,1047.5,1049.25,1047.5,1048.5,1408
2025-02-13 07:00:00+00:00,1048.75,1049.75,1047.75,1048.75,193
2025-02-13 08:00:00+00:00,1048.5,1050.0,1048.25,1049.25,98
2025-02-13 09:00:00+00:00,1049.25,1049.5,1046.25,1046.5,1380
2025-02-13 10:00:00+00:00,1046.5,1046.5,1045.0,1045.5,1367
2025-02-13 11:00:00+00:00,1045.75,1047.0,1045.25,1045.25,353
2025-02-13 12:00:00+00:00,1045.25,1047.0,1042.75,1043.0,1230
2025-02-13 13:00:00+00:00,1043.0,1045.25,1041.25,1042.5,3009
2025-02-13 14:00:00+00:00,1043.0,1047.25,1042.25,1045.25,14841
2025-02-13 15:00:00+00:00,1045.75,1046.5,1041.75,1043.75,19320
2025-02-13 16:00:00+00:00,1044.0,1046.0,1043.75,1045.0,22292
2025-02-13 17:00:00+00:00,1045.0,1049.0,1044.75,1048.25,14018
2025-02-13 18:00:00+00:00,1048.25,1048.5,1045.0,1046.75,8621
2025-02-13 19:00:00+00:00,1046.75,1047.75,1046.25,1047.0,11693
2025-02-14 01:00:00+00:00,1047.0,1048.5,1046.5,1047.75,0
2025-02-14 02:00:00+00:00,1047.5,1048.5,1046.75,1048.25,529
2025-02-14 03:00:00+00:00,1048.75,1049.0,1047.75,1048.0,233
2025-02-14 04:00:00+00:00,1048.0,1050.0,1047.75,1050.0,193
2025-02-14 05:00:00+00:00,1049.75,1052.0,1049.75,1051.25,772
2025-02-14 06:00:00+00:00,1051.25,1053.0,1051.0,1051.75,1048
2025-02-14 07:00:00+00:00,1051.5,1054.5,1051.5,1054.0,357
2025-02-14 08:00:00+00:00,1054.25,1054.75,1053.5,1054.25,3946
2025-02-14 09:00:00+00:00,1054.0,1055.75,1054.0,1055.5,1790
2025-02-14 10:00:00+00:00,1055.5,1056.25,1055.25,1055.75,1348
2025-02-14 11:00:00+00:00,1055.75,1057.5,1055.0,1057.0,1568
2025-02-14 12:00:00+00:00,1056.75,1057.25,1054.0,1054.0,2080
2025-02-14 13:00:00+00:00,1054.25,1055.5,1053.25,1054.0,1548
2025-02-14 14:00:00+00:00,1053.25,1059.25,1053.25,1057.0,22279
2025-02-14 15:00:00+00:00,1057.0,1062.5,1056.25,1059.25,15178
2025-02-14 16:00:00+00:00,1059.25,1060.5,1057.0,1059.0,6982
2025-02-14 17:00:00+00:00,1059.0,1059.0,1054.5,1056.25,10306
2025-02-14 18:00:00+00:00,1056.25,1056.75,1052.5,1054.0,7255
2025-02-14 19:00:00+00:00,1054.25,1055.5,1051.75,1053.5,10200
2025-02-18 05:00:00+00:00,1044.5,1044.75,1043.25,1043.25,300
2025-02-18 06:00:00+00:00,1043.5,1044.25,1042.5,1043.75,444
2025-02-18 07:00:00+00:00,1044.0,1046.75,1044.0,1046.0,1580
2025-02-18 08:00:00+00:00,1046.0,1048.75,1046.0,1048.0,5407
2025-02-18 09:00:00+00:00,1048.5,1049.75,1048.0,1048.25,987
2025-02-18 10:00:00+00:00,1048.25,1050.0,1048.25,1048.5,503
2025-02-18 11:00:00+00:00,1048.75,1052.25,1048.75,1051.25,2477
2025-02-18 12:00:00+00:00,1050.75,1051.75,1049.5,1051.0,1052
2025-02-18 13:00:00+00:00,1051.25,1055.75,1051.0,1055.5,5545
2025-02-18 14:00:00+00:00,1054.75,1058.0,1052.5,1053.5,13913
2025-02-18 15:00:00+00:00,1053.75,1054.5,1051.25,1053.5,8509
2025-02-18 16:00:00+00:00,1053.75,1056.75,1053.5,1056.5,8446
2025-02-18 17:00:00+00:00,1056.5,1057.0,1053.75,1057.0,7428
2025-02-18 18:00:00+00:00,1057.0,1058.25,1055.5,1056.0,14603
2025-02-18 19:00:00+00:00,1055.75,1055.75,1053.75,1055.0,8243
2025-02-19 01:00:00+00:00,1053.25,1055.75,1053.0,1053.75,0
2025-02-19 02:00:00+00:00,1054.0,1054.5,1053.25,1053.75,1221
2025-02-19 03:00:00+00:00,1053.75,1054.5,1053.25,1054.5,270
2025-02-19 04:00:00+00:00,1054.25,1055.0,1054.0,1055.0,122
2025-02-19 05:00:00+00:00,1054.5,1056.5,1054.25,1055.75,558
2025-02-19 06:00:00+00:00,1055.75,1056.5,1054.75,1055.75,1480
2025-02-19 07:00:00+00:00,1055.5,1056.0,1055.0,1055.25,662
2025-02-19 08:00:00+00:00,1055.25,1058.0,1055.25,1057.25,1739
2025-02-19 09:00:00+00:00,1057.25,1058.5,1057.25,1057.25,1347
2025-02-19 10:00:00+00:00,1057.25,1059.25,1056.75,1057.5,1175
2025-02-19 11:00:00+00:00,1057.5,1059.5,1056.5,1059.25,2125
2025-02-19 12:00:00+00:00,1059.25,1059.5,1054.75,1054.75,1285
2025-02-19 13:00:00+00:00,1055.0,1055.75,1053.5,1054.25,5695
2025-02-19 14:00:00+00:00,1054.5,1057.25,1053.75,1056.25,20641
2025-02-19 15:00:00+00:00,1056.25,1064.0,1055.75,1063.0,22728
2025-02-19 16:00:00+00:00,1063.0,1063.25,1058.0,1058.25,8858
2025-02-19 17:00:00+00:00,1058.5,1059.0,1048.0,1050.0,17016
2025-02-19 18:00:00+00:00,1050.0,1051.25,1045.75,1047.25,13263
2025-02-19 19:00:00+00:00,1047.5,1049.25,1047.0,1049.0,7153
2025-02-20 01:00:00+00:00,1049.0,1050.5,1048.25,1050.25,0
2025-02-20 02:00:00+00:00,1050.0,1053.5,1049.5,1053.5,1028
2025-02-20 03:00:00+00:00,1053.0,1054.5,1052.75,1053.5,608
2025-02-20 04:00:00+00:00,1053.0,1053.75,1052.5,1053.25,150
2025-02-20 05:00:00+00:00,1053.5,1056.25,1053.25,1056.25,820
2025-02-20 06:00:00+00:00,1055.75,1056.75,1054.5,1055.75,1030
2025-02-20 07:00:00+00:00,1055.5,1055.5,1054.5,1054.75,363
2025-02-20 08:00:00+00:00,1054.75,1056.25,1054.25,1054.5,710
2025-02-20 09:00:00+00:00,1054.25,1055.0,1053.5,1054.0,638
2025-02-20 10:00:00+00:00,1054.0,1054.25,1053.5,1054.0,611
2025-02-20 11:00:00+00:00,1054.25,1054.5,1053.0,1054.0,601
2025-02-20 12:00:00+00:00,1054.0,1056.5,1051.5,1051.75,4352
2025-02-20 13:00:00+00:00,1052.25,1056.75,1052.0,1056.75,5338
2025-02-20 14:00:00+00:00,1056.5,1058.5,1053.5,1056.5,21753
2025-02-20 15:00:00+00:00,1056.75,1060.75,1055.75,1060.0,23438
2025-02-20 16:00:00+00:00,1060.0,1062.5,1059.25,1059.75,15388
2025-02-20 17:00:00+00:00,1059.75,1062.75,1058.0,1059.5,16034
2025-02-20 18:00:00+00:00,1059.5,1060.5,1057.75,1060.0,6230
2025-02-20 19:00:00+00:00,1060.0,1063.5,1059.5,1061.75,12236
2025-02-21 01:00:00+00:00,1060.75,1065.0,1059.5,1063.25,0
2025-02-21 02:00:00+00:00,1063.25,1066.0,1062.5,1065.75,2330
2025-02-21 03:00:00+00:00,1066.0,1066.5,1064.75,1065.5,1646
2025-02-21 04:00:00+00:00,1065.25,1066.25,1065.25,1066.0,299
2025-02-21 05:00:00+00:00,1065.75,1066.75,1065.25,1066.0,506
2025-02-21 06:00:00+00:00,1066.0,1066.0,1061.75,1062.75,2195
2025-02-21 07:00:00+00:00,1062.5,1065.25,1062.0,1062.5,743
2025-02-21 08:00:00+00:00,1062.75,1063.5,1060.5,1061.5,1855
2025-02-21 09:00:00+00:00,1061.75,1063.0,1060.75,1061.0,592
2025-02-21 10:00:00+00:00,1061.5,1062.5,1061.25,1062.5,500
2025-02-21 11:00:00+00:00,1062.25,1064.0,1061.75,1062.25,765
2025-02-21 12:00:00+00:00,1062.25,1063.25,1059.0,1060.5,2222
2025-02-21 13:00:00+00:00,1060.5,1063.0,1060.5,1062.75,4215
2025-02-21 14:00:00+00:00,1061.0,1062.5,1055.5,1056.5,21727
2025-02-21 15:00:00+00:00,1056.5,1058.0,1054.75,1056.75,10997
2025-02-21 16:00:00+00:00,1056.5,1059.5,1056.0,1058.25,11044
2025-02-21 17:00:00+00:00,1058.5,1059.25,1054.5,1056.25,20249
2025-02-21 18:00:00+00:00,1056.25,1058.0,1055.25,1057.25,12677
2025-02-21 19:00:00+00:00,1057.5,1057.75,1056.75,1057.25,11098
2025-02-24 01:00:00+00:00,1056.0,1060.0,1055.25,1056.0,3122
2025-02-24 02:00:00+00:00,1056.0,1058.75,1055.25,1057.25,3588
2025-02-24 03:00:00+00:00,1057.5,1057.75,1055.5,1056.5,866
2025-02-24 04:00:00+00:00,1056.5,1056.5,1055.75,1056.0,172
2025-02-24 05:00:00+00:00,1056.0,1056.25,1054.25,1054.5,2096
2025-02-24 06:00:00+00:00,1054.25,1055.5,1053.75,1054.75,1958
2025-02-24 07:00:00+00:00,1055.0,1055.75,1053.25,1053.5,1136
2025-02-24 08:00:00+00:00,1053.75,1054.25,1052.5,1053.0,1686
2025-02-24 09:00:00+00:00,1053.25,1053.75,1052.0,1052.5,1483
2025-02-24 10:00:00+00:00,1052.5,1053.75,1051.75,1051.75,1145
2025-02-24 11:00:00+00:00,1051.75,1052.75,1051.75,1052.0,1237
2025-02-24 12:00:00+00:00,1052.0,1055.75,1052.0,1053.75,5791
2025-02-24 13:00:00+00:00,1053.75,1056.5,1053.5,1056.0,0
2025-02-24 14:00:00+00:00,1056.25,1060.75,1055.5,1056.75,48308
2025-02-24 15:00:00+00:00,1056.5,1057.0,1050.75,1051.25,18544
2025-02-24 16:00:00+00:00,1051.25,1052.0,1048.5,1049.0,12942
2025-02-24 17:00:00+00:00,1049.25,1050.75,1047.0,1047.5,12063
2025-02-24 18:00:00+00:00,1047.5,1051.0,1047.25,1047.75,18464
2025-02-24 19:00:00+00:00,1047.5,1048.0,1045.75,1047.5,11278
2025-02-25 01:00:00+00:00,1047.5,1050.5,1046.75,1049.75,0
2025-02-25 02:00:00+00:00,1050.0,1052.25,1049.75,1052.25,2562
2025-02-25 03:00:00+00:00,1052.25,1052.75,1051.0,1051.0,1007
2025-02-25 04:00:00+00:00,1051.25,1051.5,1050.75,1051.25,197
2025-02-25 05:00:00+00:00,1051.25,1053.25,1051.25,1052.75,1594
2025-02-25 06:00:00+00:00,1052.75,1052.75,1050.5,1050.75,391
2025-02-25 07:00:00+00:00,1050.75,1051.75,1050.0,1050.25,476
2025-02-25 08:00:00+00:00,1050.25,1052.25,1049.5,1050.5,1457
2025-02-25 09:00:00+00:00,1050.75,1051.75,1048.5,1049.0,2184
2025-02-25 10:00:00+00:00,1049.0,1049.0,1046.75,1047.25,1725
2025-02-25 11:00:00+00:00,1047.25,1047.25,1045.25,1046.0,3163
2025-02-25 12:00:00+00:00,1045.75,1046.5,1043.25,1044.75,5836
2025-02-25 13:00:00+00:00,1044.75,1047.5,1043.5,1045.5,5891
2025-02-25 14:00:00+00:00,1045.5,1046.0,1037.25,1039.25,32035
2025-02-25 15:00:00+00:00,1039.25,1049.0,1039.0,1046.5,25968
2025-02-25 16:00:00+00:00,1046.5,1049.75,1045.5,1047.75,23242
2025-02-25 17:00:00+00:00,1047.5,1047.75,1045.0,1046.75,24900
2025-02-25 18:00:00+00:00,1047.0,1049.25,1046.0,1047.5,21393
2025-02-25 19:00:00+00:00,1047.5,1049.25,1047.0,1049.25,10200
2025-02-26 01:00:00+00:00,1048.0,1050.0,1046.5,1047.5,0
2025-02-26 02:00:00+00:00,1047.5,1048.25,1046.75,1047.75,783
2025-02-26 03:00:00+00:00,1047.75,1048.0,1046.25,1046.75,467
2025-02-26 04:00:00+00:00,1046.5,1046.5,1045.75,1046.0,222
2025-02-26 05:00:00+00:00,1046.0,1046.0,1044.75,1045.5,668
2025-02-26 06:00:00+00:00,1045.25,1046.0,1044.25,1046.0,1461
2025-02-26 07:00:00+00:00,1045.75,1046.75,1045.25,1046.5,321
2025-02-26 08:00:00+00:00,1046.25,1048.25,1046.0,1048.25,1747
2025-02-26 09:00:00+00:00,1048.25,1048.75,1047.0,1047.0,1484
2025-02-26 10:00:00+00:00,1047.25,1048.0,1044.0,1045.0,1513
2025-02-26 11:00:00+00:00,1045.0,1046.25,1042.75,1043.0,1488
2025-02-26 12:00:00+00:00,1043.25,1044.0,1041.75,1043.5,4641
2025-02-26 13:00:00+00:00,1043.75,1048.5,1043.5,1046.25,4700
2025-02-26 14:00:00+00:00,1046.75,1048.5,1039.5,1040.5,24296
2025-02-26 15:00:00+00:00,1040.5,1042.0,1037.75,1038.75,27420
2025-02-26 16:00:00+00:00,1038.75,1042.0,1038.25,1040.5,13081
2025-02-26 17:00:00+00:00,1040.5,1043.25,1040.25,1042.5,18917
2025-02-26 18:00:00+00:00,1042.5,1043.0,1038.0,1040.75,16397
2025-02-26 19:00:00+00:00,1041.0,1042.5,1040.0,1041.5,10534
2025-02-27 01:00:00+00:00,1041.25,1043.75,1040.75,1042.5,0
2025-02-27 02:00:00+00:00,1042.75,1044.0,1041.5,1042.25,949
2025-02-27 03:00:00+00:00,1042.25,1045.0,1042.25,1043.25,860
2025-02-27 04:00:00+00:00,1043.0,1044.0,1042.75,1043.75,683
2025-02-27 05:00:00+00:00,1044.0,1044.5,1042.0,1044.25,1096
2025-02-27 06:00:00+00:00,1044.25,1047.0,1044.0,1046.25,2228
2025-02-27 07:00:00+00:00,1046.25,1046.5,1044.75,1045.5,783
2025-02-27 08:00:00+00:00,1045.5,1046.5,1045.0,1045.25,1381
2025-02-27 09:00:00+00:00,1045.25,1048.5,1045.0,1048.0,1976
2025-02-27 10:00:00+00:00,1047.75,1048.75,1047.25,1048.0,1403
2025-02-27 11:00:00+00:00,1048.0,1048.75,1046.0,1046.0,2063
2025-02-27 12:00:00+00:00,1046.0,1049.75,1045.25,1049.25,4316
2025-02-27 13:00:00+00:00,1049.25,1051.25,1046.75,1047.0,5562
2025-02-27 14:00:00+00:00,1044.25,1048.0,1040.75,1045.25,25038
2025-02-27 15:00:00+00:00,1045.25,1047.5,1043.25,1043.5,19728
2025-02-27 16:00:00+00:00,1043.75,1046.0,1043.0,1044.25,13445
2025-02-27 17:00:00+00:00,1044.0,1045.0,1038.5,1042.5,25030
2025-02-27 18:00:00+00:00,1042.5,1042.75,1035.0,1038.5,20153
2025-02-27 19:00:00+00:00,1038.75,1039.0,1036.25,1038.25,13152
2025-02-28 01:00:00+00:00,1037.75,1043.75,1037.5,1042.5,0
2025-02-28 02:00:00+00:00,1042.5,1044.75,1041.75,1044.0,2858
2025-02-28 03:00:00+00:00,1043.75,1045.75,1042.5,1042.75,1225
2025-02-28 04:00:00+00:00,1042.75,1043.25,1041.75,1042.25,162
2025-02-28 05:00:00+00:00,1042.25,1043.0,1041.25,1041.75,377
2025-02-28 06:00:00+00:00,1041.75,1043.75,1041.0,1042.75,1062
2025-02-28 07:00:00+00:00,1042.5,1042.5,1038.75,1039.25,1249
2025-02-28 08:00:00+00:00,1039.25,1041.25,1038.25,1040.5,1152
2025-02-28 09:00:00+00:00,1040.75,1042.25,1040.5,1041.5,891
2025-02-28 10:00:00+00:00,1041.25,1041.25,1040.0,1040.75,428
2025-02-28 11:00:00+00:00,1040.75,1041.75,1040.0,1041.5,219
2025-02-28 12:00:00+00:00,1041.5,1041.5,1038.5,1040.5,1863
2025-02-28 13:00:00+00:00,1040.25,1043.75,1040.25,1042.25,4315
2025-02-28 14:00:00+00:00,1042.0,1044.25,1038.5,1038.5,15634
2025-02-28 15:00:00+00:00,1038.75,1039.75,1028.25,1028.25,23061
2025-02-28 16:00:00+00:00,1028.5,1030.5,1025.5,1029.75,17344
2025-02-28 17:00:00+00:00,1029.75,1033.5,1026.5,1027.0,16341
2025-02-28 18:00:00+00:00,1027.0,1028.25,1025.0,1027.25,12833
2025-02-28 19:00:00+00:00,1027.5,1028.0,1025.0,1025.0,12800
2025-03-03 01:00:00+00:00,1026.0,1031.25,1025.75,1029.25,5722
2025-03-03 02:00:00+00:00,1029.0,1031.0,1029.0,1029.5,2323
2025-03-03 03:00:00+00:00,1029.25,1029.5,1025.5,1026.75,2298
2025-03-03 04:00:00+00:00,1027.0,1027.25,1026.25,1027.0,338
2025-03-03 05:00:00+00:00,1026.75,1028.0,1025.75,1027.25,2315
2025-03-03 06:00:00+00:00,1027.25,1031.0,1026.0,1028.5,4684
2025-03-03 07:00:00+00:00,1028.5,1028.5,1025.75,1026.25,967
2025-03-03 08:00:00+00:00,1026.25,1027.25,1025.25,1027.0,1153
2025-03-03 09:00:00+00:00,1026.5,1027.0,1023.25,1024.0,1885
2025-03-03 10:00:00+00:00,1024.25,1025.0,1023.25,1023.25,1243
2025-03-03 11:00:00+00:00,1023.5,1025.75,1023.25,1024.5,642
2025-03-03 12:00:00+00:00,1024.5,1026.0,1021.5,1022.25,4151
2025-03-03 13:00:00+00:00,1022.5,1025.0,1021.5,1022.0,4301
2025-03-03 14:00:00+00:00,1022.25,1023.5,1016.5,1017.25,23550
2025-03-03 15:00:00+00:00,1017.25,1018.25,1010.0,1010.5,23264
2025-03-03 16:00:00+00:00,1010.5,1014.0,1008.75,1011.0,15237
2025-03-03 17:00:00+00:00,1011.25,1012.75,1008.0,1011.5,14101
2025-03-03 18:00:00+00:00,1011.5,1013.25,1008.25,1011.5,15211
2025-03-03 19:00:00+00:00,1011.75,1014.25,1009.5,1010.75,13319
2025-03-04 01:00:00+00:00,1010.75,1013.0,1003.25,1008.25,0
2025-03-04 02:00:00+00:00,1008.25,1009.5,1006.75,1008.75,3327
2025-03-04 03:00:00+00:00,1008.75,1012.25,1008.75,1011.0,1594
2025-03-04 04:00:00+00:00,1011.0,1011.5,1009.25,1009.5,818
2025-03-04 05:00:00+00:00,1009.5,1010.0,1001.0,1008.5,12721
2025-03-04 06:00:00+00:00,1008.5,1009.0,1003.0,1003.75,7161
2025-03-04 07:00:00+00:00,1004.0,1005.5,1003.0,1004.25,1766
2025-03-04 08:00:00+00:00,1004.0,1006.25,1003.5,1004.25,1901
2025-03-04 09:00:00+00:00,1004.25,1005.5,1002.0,1003.75,2026
2025-03-04 10:00:00+00:00,1003.75,1004.5,995.25,996.0,10748
2025-03-04 11:00:00+00:00,996.0,1004.0,995.75,1001.5,8004
2025-03-04 12:00:00+00:00,1001.25,1001.25,997.25,997.25,6371
2025-03-04 13:00:00+00:00,997.25,1002.25,996.25,998.25,6453
2025-03-04 14:00:00+00:00,998.25,1003.0,993.5,995.5,35093
2025-03-04 15:00:00+00:00,995.5,1001.25,992.5,994.25,26360
2025-03-04 16:00:00+00:00,994.0,999.5,991.0,994.5,17285
2025-03-04 17:00:00+00:00,994.5,1005.25,994.5,997.5,20532
2025-03-04 18:00:00+00:00,997.75,1001.0,997.25,997.5,11783
2025-03-04 19:00:00+00:00,997.5,1002.0,996.5,1001.75,11773
2025-03-05 01:00:00+00:00,1004.0,1015.0,1003.25,1003.5,0
2025-03-05 02:00:00+00:00,1003.5,1004.0,999.75,1000.25,1844
2025-03-05 03:00:00+00:00,1000.0,1002.25,999.0,1002.25,2778
2025-03-05 04:00:00+00:00,1002.25,1003.25,1002.0,1002.25,525
2025-03-05 05:00:00+00:00,1002.0,1002.5,999.25,999.75,1450
2025-03-05 06:00:00+00:00,999.75,1000.5,997.5,998.5,3274
2025-03-05 07:00:00+00:00,998.5,1003.75,998.5,1002.5,1851
2025-03-05 08:00:00+00:00,1002.25,1006.75,1002.25,1006.75,2777
2025-03-05 09:00:00+00:00,1006.5,1006.5,1004.5,1005.25,2299
2025-03-05 10:00:00+00:00,1005.25,1005.25,1002.75,1004.75,1269
2025-03-05 11:00:00+00:00,1004.75,1008.25,1004.75,1005.75,2027
2025-03-05 12:00:00+00:00,1005.75,1009.0,1005.0,1008.5,3505
2025-03-05 13:00:00+00:00,1008.25,1009.75,1003.25,1004.25,5278
2025-03-05 14:00:00+00:00,1001.5,1002.75,998.25,998.5,20794
2025-03-05 15:00:00+00:00,998.5,1006.25,995.75,1004.5,19426
2025-03-05 16:00:00+00:00,1004.5,1012.0,1004.0,1011.25,17462
2025-03-05 17:00:00+00:00,1011.25,1011.25,1007.25,1009.75,11256
2025-03-05 18:00:00+00:00,1009.5,1013.0,1008.5,1011.0,11677
2025-03-05 19:00:00+00:00,1011.0,1013.75,1010.75,1012.25,21770
2025-03-06 01:00:00+00:00,1015.5,1022.75,1013.75,1016.5,0
2025-03-06 02:00:00+00:00,1016.25,1019.25,1016.25,1018.75,2772
2025-03-06 03:00:00+00:00,1018.75,1019.25,1017.0,1017.75,938
2025-03-06 04:00:00+00:00,1017.75,1019.5,1017.75,1019.25,1411
2025-03-06 05:00:00+00:00,1019.25,1019.5,1018.0,1018.75,1343
2025-03-06 06:00:00+00:00,1018.5,1020.75,1018.5,1018.75,2334
2025-03-06 07:00:00+00:00,1019.0,1019.75,1018.25,1018.75,721
2025-03-06 08:00:00+00:00,1019.0,1019.75,1018.0,1018.75,2611
2025-03-06 09:00:00+00:00,1018.75,1021.5,1017.75,1020.75,4952
2025-03-06 10:00:00+00:00,1020.5,1021.0,1019.25,1020.5,1355
2025-03-06 11:00:00+00:00,1020.5,1021.5,1020.25,1021.5,1916
2025-03-06 12:00:00+00:00,1021.5,1022.0,1016.25,1017.75,3440
2025-03-06 13:00:00+00:00,1017.5,1017.75,1014.5,1017.5,4659
2025-03-06 14:00:00+00:00,1016.5,1021.5,1015.5,1016.0,18215
2025-03-06 15:00:00+00:00,1015.75,1025.5,1014.5,1022.75,30261
2025-03-06 16:00:00+00:00,1023.0,1036.5,1022.5,1026.75,36789
2025-03-06 17:00:00+00:00,1026.75,1030.25,1023.5,1029.5,18581
2025-03-06 18:00:00+00:00,1029.5,1032.5,1028.0,1028.25,17558
2025-03-06 19:00:00+00:00,1028.25,1028.75,1026.75,1028.25,15676
2025-03-07 01:00:00+00:00,1027.25,1029.5,1025.75,1027.75,0
2025-03-07 02:00:00+00:00,1027.5,1029.0,1027.25,1028.25,1659
2025-03-07 03:00:00+00:00,1028.0,1028.75,1024.75,1024.75,697
2025-03-07 04:00:00+00:00,1025.0,1025.5,1024.25,1024.75,318
2025-03-07 05:00:00+00:00,1024.5,1025.5,1024.0,1025.25,501
2025-03-07 06:00:00+00:00,1025.0,1025.75,1023.5,1023.75,1392
2025-03-07 07:00:00+00:00,1024.0,1025.75,1024.0,1025.0,655
2025-03-07 08:00:00+00:00,1024.75,1025.25,1023.0,1024.75,2599
2025-03-07 09:00:00+00:00,1024.75,1028.5,1024.5,1027.75,1271
2025-03-07 10:00:00+00:00,1027.75,1030.5,1026.5,1029.5,1538
2025-03-07 11:00:00+00:00,1029.5,1029.5,1026.5,1026.5,1155
2025-03-07 12:00:00+00:00,1026.5,1027.0,1024.75,1026.0,2072
2025-03-07 13:00:00+00:00,1025.75,1027.75,1023.5,1024.5,3307
2025-03-07 14:00:00+00:00,1025.0,1026.0,1021.0,1023.0,16939
2025-03-07 15:00:00+00:00,1023.0,1030.5,1022.75,1027.5,19703
2025-03-07 16:00:00+00:00,1027.5,1031.5,1025.25,1025.25,11738
2025-03-07 17:00:00+00:00,1025.25,1026.75,1022.25,1023.0,14122
2025-03-07 18:00:00+00:00,1023.0,1028.75,1022.75,1026.25,13787
2025-03-07 19:00:00+00:00,1026.5,1026.75,1024.5,1025.25,12873
2025-03-10 00:00:00+00:00,1029.25,1031.5,1026.0,1028.25,5428
2025-03-10 01:00:00+00:00,1028.0,1032.5,1025.25,1026.5,5755
2025-03-10 02:00:00+00:00,1026.5,1027.5,1023.25,1023.25,1626
2025-03-10 03:00:00+00:00,1023.0,1023.75,1022.0,1022.75,458
2025-03-10 04:00:00+00:00,1023.25,1023.25,1022.0,1022.5,341
2025-03-10 05:00:00+00:00,1022.25,1022.5,1019.25,1020.0,1037
2025-03-10 06:00:00+00:00,1020.0,1022.5,1019.75,1022.0,1257
2025-03-10 07:00:00+00:00,1022.0,1022.5,1020.25,1020.5,1553
2025-03-10 08:00:00+00:00,1020.5,1021.75,1019.0,1020.5,850
2025-03-10 09:00:00+00:00,1020.75,1023.0,1020.25,1022.25,914
2025-03-10 10:00:00+00:00,1022.25,1023.0,1019.75,1020.5,1178
2025-03-10 11:00:00+00:00,1020.25,1023.75,1019.25,1023.5,1261
2025-03-10 12:00:00+00:00,1023.75,1025.5,1023.5,1023.5,1845
2025-03-10 13:00:00+00:00,1023.0,1025.0,1017.5,1017.5,13575
2025-03-10 14:00:00+00:00,1017.5,1018.75,1014.0,1015.75,17418
2025-03-10 15:00:00+00:00,1015.75,1018.25,1015.75,1017.0,8459
2025-03-10 16:00:00+00:00,1017.0,1018.25,1014.5,1016.25,7484
2025-03-10 17:00:00+00:00,1016.0,1016.25,1012.25,1015.0,9010
2025-03-10 18:00:00+00:00,1015.25,1015.5,1013.25,1013.25,13023
2025-03-11 00:00:00+00:00,1013.0,1015.25,1009.75,1013.5,0
2025-03-11 01:00:00+00:00,1013.5,1013.5,1010.75,1011.75,2367
2025-03-11 02:00:00+00:00,1011.5,1013.5,1010.75,1012.75,711
2025-03-11 03:00:00+00:00,1013.0,1013.0,1011.5,1012.25,154
2025-03-11 04:00:00+00:00,1012.5,1012.75,1011.75,1012.25,167
2025-03-11 05:00:00+00:00,1012.25,1013.25,1011.0,1011.25,438
2025-03-11 06:00:00+00:00,1011.25,1012.5,1010.25,1012.0,752
2025-03-11 07:00:00+00:00,1011.75,1016.75,1011.75,1015.5,841
2025-03-11 08:00:00+00:00,1015.75,1018.5,1015.75,1018.25,1173
2025-03-11 09:00:00+00:00,1018.25,1018.5,1016.5,1016.75,633
2025-03-11 10:00:00+00:00,1017.0,1019.0,1016.75,1018.5,1508
2025-03-11 11:00:00+00:00,1018.75,1019.75,1016.25,1017.5,2258
2025-03-11 12:00:00+00:00,1017.75,1019.75,1017.75,1017.75,1541
2025-03-11 13:00:00+00:00,1017.5,1021.25,1015.5,1019.0,15673
2025-03-11 14:00:00+00:00,1019.25,1021.25,1015.0,1015.75,10341
2025-03-11 15:00:00+00:00,1015.5,1017.75,1014.75,1017.5,7477
2025-03-11 16:00:00+00:00,1017.5,1019.25,1013.25,1016.25,12743
2025-03-11 17:00:00+00:00,1016.25,1016.25,1013.0,1014.5,8667
2025-03-11 18:00:00+00:00,1014.75,1015.0,1010.0,1010.0,12909
2025-03-12 00:00:00+00:00,1011.0,1014.0,1010.75,1012.5,0
2025-03-12 01:00:00+00:00,1012.5,1012.75,1010.25,1010.5,1616
2025-03-12 02:00:00+00:00,1010.25,1011.75,1009.75,1010.5,751
2025-03-12 03:00:00+00:00,1010.75,1011.5,1010.75,1011.25,154
2025-03-12 04:00:00+00:00,1011.0,1011.75,1010.75,1011.75,79
2025-03-12 05:00:00+00:00,1011.5,1012.0,1010.5,1012.0,416
2025-03-12 06:00:00+00:00,1012.0,1012.75,1008.0,1008.5,1358
2025-03-12 07:00:00+00:00,1008.5,1009.0,1007.75,1008.0,907
2025-03-12 08:00:00+00:00,1007.75,1009.0,1005.25,1005.75,2849
2025-03-12 09:00:00+00:00,1005.75,1005.75,1003.0,1003.5,4680
2025-03-12 10:00:00+00:00,1003.5,1004.5,1002.0,1002.25,1705
2025-03-12 11:00:00+00:00,1002.25,1006.25,1002.0,1006.0,2771
2025-03-12 12:00:00+00:00,1006.0,1006.0,1001.75,1002.0,8181
2025-03-12 13:00:00+00:00,1003.0,1006.25,1001.25,1002.75,22275
2025-03-12 14:00:00+00:00,1002.75,1003.0,996.0,997.25,21468
2025-03-12 15:00:00+00:00,997.25,998.0,994.0,997.75,15762
2025-03-12 16:00:00+00:00,998.0,1000.75,996.75,997.0,10645
2025-03-12 17:00:00+00:00,997.0,1001.25,996.25,999.5,10492
2025-03-12 18:00:00+00:00,999.25,1002.25,998.75,1001.75,10442
2025-03-13 00:00:00+00:00,1002.0,1004.0,1001.0,1001.5,0
2025-03-13 01:00:00+00:00,1001.5,1003.25,999.5,1002.5,2529
2025-03-13 02:00:00+00:00,1002.5,1004.5,1002.0,1003.75,891
2025-03-13 03:00:00+00:00,1003.75,1005.0,1003.0,1004.5,3385
2025-03-13 04:00:00+00:00,1004.75,1004.75,1003.75,1003.75,144
2025-03-13 05:00:00+00:00,1004.0,1005.5,1003.25,1004.75,486
2025-03-13 06:00:00+00:00,1004.5,1007.0,1004.25,1006.5,1004
2025-03-13 07:00:00+00:00,1006.5,1008.0,1006.0,1006.25,1246
2025-03-13 08:00:00+00:00,1006.25,1008.75,1006.25,1007.75,1035
2025-03-13 09:00:00+00:00,1007.75,1008.25,1006.25,1008.0,1320
2025-03-13 10:00:00+00:00,1007.75,1009.75,1007.25,1009.5,2985
2025-03-13 11:00:00+00:00,1009.25,1011.0,1008.5,1010.75,2298
2025-03-13 12:00:00+00:00,1010.75,1012.25,1010.0,1011.75,4423
2025-03-13 13:00:00+00:00,1011.0,1016.0,1010.5,1015.5,20209
2025-03-13 14:00:00+00:00,1015.5,1018.0,1013.5,1017.25,16134
2025-03-13 15:00:00+00:00,1017.25,1017.75,1010.75,1013.0,11821
2025-03-13 16:00:00+00:00,1013.25,1015.0,1012.0,1013.75,7099
2025-03-13 17:00:00+00:00,1013.75,1014.25,1011.0,1012.0,10816
2025-03-13 18:00:00+00:00,1012.25,1012.75,1008.25,1009.0,13457
2025-03-14 00:00:00+00:00,1009.0,1009.0,1005.5,1006.25,0
2025-03-14 01:00:00+00:00,1006.5,1009.0,1005.5,1008.75,3706
2025-03-14 02:00:00+00:00,1008.5,1009.25,1008.0,1009.25,854
2025-03-14 03:00:00+00:00,1009.5,1010.75,1009.25,1010.0,623
2025-03-14 04:00:00+00:00,1010.25,1010.75,1009.75,1010.5,139
2025-03-14 05:00:00+00:00,1010.5,1012.5,1010.0,1012.5,721
2025-03-14 06:00:00+00:00,1012.25,1012.5,1011.25,1011.5,499
2025-03-14 07:00:00+00:00,1011.25,1012.0,1010.75,1011.25,261
2025-03-14 08:00:00+00:00,1011.0,1011.0,1009.5,1009.75,937
2025-03-14 09:00:00+00:00,1009.75,1010.5,1008.5,1010.0,635
2025-03-14 10:00:00+00:00,1010.0,1011.5,1008.75,1009.25,596
2025-03-14 11:00:00+00:00,1009.25,1010.25,1008.0,1008.25,1345
2025-03-14 12:00:00+00:00,1008.25,1011.75,1008.0,1011.25,1242
2025-03-14 13:00:00+00:00,1010.75,1014.25,1009.0,1009.75,14902
2025-03-14 14:00:00+00:00,1009.75,1012.25,1005.5,1012.0,15032
2025-03-14 15:00:00+00:00,1011.75,1014.75,1009.5,1012.25,9994
2025-03-14 16:00:00+00:00,1012.25,1016.25,1012.0,1015.75,13006
2025-03-14 17:00:00+00:00,1015.75,1018.0,1014.25,1015.0,12594
2025-03-14 18:00:00+00:00,1015.25,1017.75,1014.5,1017.0,9611
2025-03-17 00:00:00+00:00,1016.25,1021.75,1016.0,1020.75,3804
2025-03-17 01:00:00+00:00,1020.75,1021.75,1020.0,1020.0,1217
2025-03-17 02:00:00+00:00,1020.0,1020.25,1019.0,1019.25,463
2025-03-17 03:00:00+00:00,1019.25,1020.0,1019.0,1019.5,181
2025-03-17 04:00:00+00:00,1019.5,1019.75,1019.25,1019.5,34
2025-03-17 05:00:00+00:00,1019.25,1019.5,1018.25,1018.5,309
2025-03-17 06:00:00+00:00,1018.5,1018.75,1016.75,1017.0,907
2025-03-17 07:00:00+00:00,1017.25,1017.75,1016.75,1017.0,470
2025-03-17 08:00:00+00:00,1016.75,1017.25,1015.5,1016.75,1136
2025-03-17 09:00:00+00:00,1016.5,1017.5,1016.25,1016.5,890
2025-03-17 10:00:00+00:00,1016.75,1017.75,1015.0,1016.75,953
2025-03-17 11:00:00+00:00,1016.5,1017.75,1015.5,1017.5,1229
2025-03-17 12:00:00+00:00,1017.5,1019.75,1017.0,1017.5,1713
2025-03-17 13:00:00+00:00,1017.5,1019.0,1011.5,1011.75,11784
2025-03-17 14:00:00+00:00,1011.5,1015.0,1011.25,1011.75,8322
2025-03-17 15:00:00+00:00,1012.0,1015.75,1010.25,1015.25,8407
2025-03-17 16:00:00+00:00,1015.5,1016.25,1011.0,1015.75,12598
2025-03-17 17:00:00+00:00,1015.75,1017.5,1013.75,1015.75,7106
2025-03-17 18:00:00+00:00,1016.0,1016.25,1013.5,1015.0,6617
2025-03-18 00:00:00+00:00,1015.0,1018.0,1014.5,1016.75,0
2025-03-18 01:00:00+00:00,1016.75,1017.25,1015.5,1016.0,558
2025-03-18 02:00:00+00:00,1016.0,1017.5,1016.0,1016.25,752
2025-03-18 03:00:00+00:00,1016.25,1016.5,1015.5,1015.5,558
2025-03-18 04:00:00+00:00,1015.25,1016.25,1015.25,1016.0,169
2025-03-18 05:00:00+00:00,1015.75,1016.75,1014.25,1014.75,692
2025-03-18 06:00:00+00:00,1014.5,1016.75,1014.5,1016.25,472
2025-03-18 07:00:00+00:00,1016.0,1018.0,1016.0,1017.75,501
2025-03-18 08:00:00+00:00,1017.5,1018.25,1016.5,1017.75,640
2025-03-18 09:00:00+00:00,1017.5,1018.0,1014.25,1015.25,686
2025-03-18 10:00:00+00:00,1015.0,1016.25,1014.5,1016.25,270
2025-03-18 11:00:00+00:00,1016.25,1018.25,1016.0,1018.0,1105
2025-03-18 12:00:00+00:00,1018.0,1018.75,1016.75,1017.5,1547
2025-03-18 13:00:00+00:00,1017.5,1021.75,1016.5,1017.75,17320
2025-03-18 14:00:00+00:00,1017.75,1018.25,1012.5,1015.25,16281
2025-03-18 15:00:00+00:00,1015.25,1019.25,1014.25,1015.25,12786
2025-03-18 16:00:00+00:00,1015.0,1017.5,1012.25,1012.5,13743
2025-03-18 17:00:00+00:00,1012.75,1014.75,1011.25,1013.0,9863
2025-03-18 18:00:00+00:00,1013.0,1014.25,1011.75,1012.75,7225
2025-03-19 00:00:00+00:00,1012.0,1014.75,1012.0,1014.5,0
2025-03-19 01:00:00+00:00,1014.25,1014.75,1012.5,1013.75,4142
2025-03-19 02:00:00+00:00,1013.75,1015.5,1013.25,1014.75,2535
2025-03-19 03:00:00+00:00,1014.5,1015.25,1013.5,1014.75,286
2025-03-19 04:00:00+00:00,1014.5,1015.25,1014.25,1015.0,144
2025-03-19 05:00:00+00:00,1015.0,1015.5,1013.5,1014.0,1008
2025-03-19 06:00:00+00:00,1013.75,1014.0,1011.0,1011.75,2576
2025-03-19 07:00:00+00:00,1011.5,1012.25,1010.25,1011.25,2076
2025-03-19 08:00:00+00:00,1011.0,1014.5,1011.0,1013.25,621
2025-03-19 09:00:00+00:00,1013.25,1013.25,1011.75,1013.25,1710
2025-03-19 10:00:00+00:00,1013.0,1014.25,1011.75,1014.0,286
2025-03-19 11:00:00+00:00,1014.0,1016.0,1009.5,1009.75,2951
2025-03-19 12:00:00+00:00,1010.0,1010.75,1008.5,1010.5,2874
2025-03-19 13:00:00+00:00,1012.0,1013.75,1008.75,1010.25,9775
2025-03-19 14:00:00+00:00,1010.25,1016.0,1009.25,1012.0,22430
2025-03-19 15:00:00+00:00,1012.0,1012.5,1007.0,1008.75,13273
2025-03-19 16:00:00+00:00,1008.75,1011.0,1007.0,1008.0,18435
2025-03-19 17:00:00+00:00,1008.25,1009.0,1006.75,1006.75,13452
2025-03-19 18:00:00+00:00,1006.5,1009.0,1006.5,1008.5,10615
2025-03-20 00:00:00+00:00,1009.0,1012.25,1008.5,1010.75,0
2025-03-20 01:00:00+00:00,1010.75,1011.75,1008.75,1009.25,648
2025-03-20 02:00:00+00:00,1009.5,1012.75,1009.25,1011.5,1693
2025-03-20 03:00:00+00:00,1011.5,1011.75,1011.0,1011.25,132
2025-03-20 04:00:00+00:00,1011.0,1011.25,1010.5,1010.75,171
2025-03-20 05:00:00+00:00,1010.5,1010.5,1007.0,1007.5,1112
2025-03-20 06:00:00+00:00,1007.75,1008.5,1006.0,1006.25,3579
2025-03-20 07:00:00+00:00,1006.25,1006.75,1005.5,1006.0,1095
2025-03-20 08:00:00+00:00,1006.0,1006.0,1005.25,1005.25,1027
2025-03-20 09:00:00+00:00,1005.25,1006.0,1004.5,1004.75,2232
2025-03-20 10:00:00+00:00,1004.75,1005.5,1004.0,1004.75,1422
2025-03-20 11:00:00+00:00,1004.5,1006.75,1004.0,1006.25,1517
2025-03-20 12:00:00+00:00,1006.25,1006.25,1004.25,1005.25,1442
2025-03-20 13:00:00+00:00,1005.75,1012.25,1004.25,1011.75,17600
2025-03-20 14:00:00+00:00,1011.5,1013.0,1005.0,1005.25,19843
2025-03-20 15:00:00+00:00,1005.25,1010.0,1005.25,1009.25,10720
2025-03-20 16:00:00+00:00,1009.0,1012.5,1009.0,1012.25,10818
2025-03-20 17:00:00+00:00,1012.0,1014.5,1010.5,1012.0,11578
2025-03-20 18:00:00+00:00,1012.0,1014.25,1011.5,1013.75,12834
2025-03-21 00:00:00+00:00,1013.5,1016.75,1013.5,1014.0,0
2025-03-21 01:00:00+00:00,1013.75,1014.0,1009.25,1009.75,2895
2025-03-21 02:00:00+00:00,1009.75,1010.5,1009.0,1009.25,1429
2025-03-21 03:00:00+00:00,1009.25,1009.75,1009.25,1009.25,226
2025-03-21 04:00:00+00:00,1009.5,1010.0,1009.25,1009.5,150
2025-03-21 05:00:00+00:00,1009.75,1010.25,1009.25,1009.25,210
2025-03-21 06:00:00+00:00,1009.25,1010.25,1009.25,1010.25,155
2025-03-21 07:00:00+00:00,1010.25,1012.5,1010.25,1012.25,1315
2025-03-21 08:00:00+00:00,1012.25,1012.25,1010.5,1011.0,593
2025-03-21 09:00:00+00:00,1011.0,1013.0,1010.5,1012.0,736
2025-03-21 10:00:00+00:00,1012.25,1014.5,1012.0,1013.5,1200
2025-03-21 11:00:00+00:00,1013.5,1014.25,1012.25,1013.75,1492
2025-03-21 12:00:00+00:00,1013.5,1013.5,1009.75,1011.25,1453
2025-03-21 13:00:00+00:00,1011.25,1013.5,1008.25,1011.75,12625
2025-03-21 14:00:00+00:00,1011.5,1012.5,1005.25,1006.75,17246
2025-03-21 15:00:00+00:00,1006.75,1008.5,1004.5,1004.75,8925
2025-03-21 16:00:00+00:00,1004.5,1007.5,1004.25,1007.25,10412
2025-03-21 17:00:00+00:00,1007.25,1011.0,1007.25,1010.5,16091
2025-03-21 18:00:00+00:00,1010.5,1011.0,1009.25,1010.0,9619
2025-03-24 00:00:00+00:00,1010.0,1011.5,1008.0,1008.75,1562
2025-03-24 01:00:00+00:00,1008.75,1009.25,1005.75,1006.25,1803
2025-03-24 02:00:00+00:00,1006.25,1007.0,1006.0,1006.25,188
2025-03-24 03:00:00+00:00,1006.25,1007.75,1006.0,1006.75,156
2025-03-24 04:00:00+00:00,1006.75,1007.25,1006.5,1007.0,137
2025-03-24 05:00:00+00:00,1006.75,1007.75,1006.75,1007.75,214
2025-03-24 06:00:00+00:00,1007.75,1007.75,1006.5,1007.0,205
2025-03-24 07:00:00+00:00,1007.0,1007.75,1006.25,1007.0,454
2025-03-24 08:00:00+00:00,1006.75,1007.5,1005.25,1005.5,891
2025-03-24 09:00:00+00:00,1005.5,1007.25,1005.0,1007.0,751
2025-03-24 10:00:00+00:00,1007.25,1009.5,1007.25,1008.75,1205
2025-03-24 11:00:00+00:00,1008.75,1008.75,1004.75,1005.5,2180
2025-03-24 12:00:00+00:00,1005.5,1007.0,1004.5,1006.5,2593
2025-03-24 13:00:00+00:00,1006.5,1007.75,1003.25,1006.0,12215
2025-03-24 14:00:00+00:00,1006.25,1007.75,1004.25,1005.5,11376
2025-03-24 15:00:00+00:00,1005.5,1008.5,1005.25,1007.75,10358
2025-03-24 16:00:00+00:00,1007.75,1010.5,1007.5,1009.25,12788
2025-03-24 17:00:00+00:00,1009.25,1009.75,1006.75,1007.0,8418
2025-03-24 18:00:00+00:00,1007.0,1008.0,1006.5,1007.0,9260
2025-03-25 00:00:00+00:00,1007.0,1007.75,1004.0,1004.5,0
2025-03-25 01:00:00+00:00,1004.5,1006.75,1004.0,1006.5,864
2025-03-25 02:00:00+00:00,1006.5,1007.0,1005.0,1005.25,535
2025-03-25 03:00:00+00:00,1005.0,1006.0,1004.25,1005.25,624
2025-03-25 04:00:00+00:00,1005.25,1005.75,1005.0,1005.25,148
2025-03-25 05:00:00+00:00,1005.25,1005.75,1004.5,1005.0,332
2025-03-25 06:00:00+00:00,1005.0,1005.5,1004.75,1005.0,289
2025-03-25 07:00:00+00:00,1005.0,1005.75,1004.75,1004.75,2087
2025-03-25 08:00:00+00:00,1004.5,1004.75,1002.0,1002.5,3405
2025-03-25 09:00:00+00:00,1002.5,1003.25,1002.0,1003.0,1049
2025-03-25 10:00:00+00:00,1003.0,1003.5,1001.5,1003.0,1011
2025-03-25 11:00:00+00:00,1003.25,1004.0,1002.0,1002.5,1033
2025-03-25 12:00:00+00:00,1002.5,1003.25,1000.75,1002.5,3424
2025-03-25 13:00:00+00:00,1002.75,1007.75,1002.25,1003.25,15703
2025-03-25 14:00:00+00:00,1003.25,1005.75,1002.0,1004.5,14520
2025-03-25 15:00:00+00:00,1004.5,1005.75,999.5,1000.75,12042
2025-03-25 16:00:00+00:00,1001.0,1001.0,998.25,999.75,13869
2025-03-25 17:00:00+00:00,999.75,1002.5,999.0,1001.5,7668
2025-03-25 18:00:00+00:00,1001.5,1002.75,1001.25,1002.25,7012
2025-03-26 00:00:00+00:00,1002.75,1004.25,1001.75,1002.25,0
2025-03-26 01:00:00+00:00,1002.25,1003.5,1001.0,1003.25,927
2025-03-26 02:00:00+00:00,1003.25,1003.75,1000.25,1001.0,1022
2025-03-26 03:00:00+00:00,1000.75,1001.0,999.5,999.75,434
2025-03-26 04:00:00+00:00,999.75,1000.0,999.5,999.75,305
2025-03-26 05:00:00+00:00,999.75,999.75,997.5,999.25,1403
2025-03-26 06:00:00+00:00,999.25,1000.5,999.25,1000.0,375
2025-03-26 07:00:00+00:00,1000.0,1001.5,1000.0,1000.75,564
2025-03-26 08:00:00+00:00,1000.75,1002.0,1000.75,1001.5,498
2025-03-26 09:00:00+00:00,1001.5,1003.75,1001.0,1003.0,1182
2025-03-26 10:00:00+00:00,1003.0,1003.75,1002.5,1003.0,1531
2025-03-26 11:00:00+00:00,1003.0,1006.0,1002.5,1004.25,2989
2025-03-26 12:00:00+00:00,1004.25,1005.25,1002.75,1004.75,1946
2025-03-26 13:00:00+00:00,1004.0,1008.75,1003.25,1006.0,12964
2025-03-26 14:00:00+00:00,1005.75,1008.0,1004.75,1005.25,15518
2025-03-26 15:00:00+00:00,1005.25,1007.0,1004.0,1006.25,10842
2025-03-26 16:00:00+00:00,1006.0,1006.25,1004.0,1005.75,7273
2025-03-26 17:00:00+00:00,1005.5,1006.0,1000.75,1001.0,20373
2025-03-26 18:00:00+00:00,1001.0,1001.75,1000.25,1000.75,9910
2025-03-27 00:00:00+00:00,1001.0,1002.5,1000.25,1001.25,0
2025-03-27 01:00:00+00:00,1001.5,1002.5,999.75,1002.0,915
2025-03-27 02:00:00+00:00,1002.0,1003.5,1002.0,1003.25,285
2025-03-27 03:00:00+00:00,1003.25,1003.75,1003.0,1003.75,305
2025-03-27 04:00:00+00:00,1003.5,1003.75,1003.5,1003.5,55
2025-03-27 05:00:00+00:00,1003.25,1004.0,1003.25,1003.25,139
2025-03-27 06:00:00+00:00,1003.25,1004.0,1001.5,1001.5,575
2025-03-27 07:00:00+00:00,1001.5,1001.75,1000.75,1001.25,584
2025-03-27 08:00:00+00:00,1001.25,1002.0,1000.75,1001.75,838
2025-03-27 09:00:00+00:00,1001.75,1004.5,1001.5,1004.25,1268
2025-03-27 10:00:00+00:00,1004.0,1005.25,1003.25,1003.75,763
2025-03-27 11:00:00+00:00,1003.5,1006.25,1003.5,1005.5,1561
2025-03-27 12:00:00+00:00,1005.5,1009.75,1005.25,1008.75,4800
2025-03-27 13:00:00+00:00,1008.75,1016.5,1007.0,1016.25,24509
2025-03-27 14:00:00+00:00,1016.5,1016.75,1010.0,1012.75,24074
2025-03-27 15:00:00+00:00,1012.75,1016.25,1011.75,1015.25,9608
2025-03-27 16:00:00+00:00,1015.25,1017.0,1014.5,1014.75,7504
2025-03-27 17:00:00+00:00,1014.5,1017.75,1014.0,1015.5,9642
2025-03-27 18:00:00+00:00,1015.5,1017.0,1014.75,1015.75,9895
2025-03-28 00:00:00+00:00,1015.0,1016.0,1014.25,1014.5,0
2025-03-28 01:00:00+00:00,1014.5,1016.0,1013.25,1013.25,1184
2025-03-28 02:00:00+00:00,1013.25,1015.0,1013.0,1013.5,694
2025-03-28 03:00:00+00:00,1013.5,1014.5,1013.5,1014.5,290
2025-03-28 04:00:00+00:00,1014.25,1014.75,1014.25,1014.5,223
2025-03-28 05:00:00+00:00,1014.75,1015.0,1014.0,1015.0,292
2025-03-28 06:00:00+00:00,1015.0,1015.75,1014.0,1014.0,481
2025-03-28 07:00:00+00:00,1013.75,1015.0,1013.25,1013.75,631
2025-03-28 08:00:00+00:00,1013.75,1014.5,1012.5,1013.5,1072
2025-03-28 09:00:00+00:00,1013.5,1014.0,1012.5,1012.5,586
2025-03-28 10:00:00+00:00,1012.75,1013.25,1012.25,1012.25,454
2025-03-28 11:00:00+00:00,1012.25,1012.5,1011.25,1011.5,2304
2025-03-28 12:00:00+00:00,1011.5,1014.0,1011.0,1013.25,1736
2025-03-28 13:00:00+00:00,1013.0,1013.75,1009.25,1011.0,19926
2025-03-28 14:00:00+00:00,1011.0,1014.0,1009.0,1013.0,14319
2025-03-28 15:00:00+00:00,1012.75,1017.0,1012.5,1016.0,13058
2025-03-28 16:00:00+00:00,1016.0,1020.5,1015.5,1020.0,11983
2025-03-28 17:00:00+00:00,1020.25,1023.25,1019.5,1021.5,16112
2025-03-28 18:00:00+00:00,1021.75,1023.5,1021.75,1022.25,18333
2025-03-31 00:00:00+00:00,1023.0,1024.0,1020.5,1022.25,1429
2025-03-31 01:00:00+00:00,1022.5,1024.75,1022.5,1024.0,1206
2025-03-31 02:00:00+00:00,1023.75,1026.0,1023.75,1025.5,1170
2025-03-31 03:00:00+00:00,1025.5,1026.0,1024.75,1025.75,1057
2025-03-31 04:00:00+00:00,1025.75,1026.75,1025.75,1026.25,596
2025-03-31 05:00:00+00:00,1026.25,1029.5,1026.25,1029.5,2862
2025-03-31 06:00:00+00:00,1029.5,1031.5,1029.0,1031.0,2733
2025-03-31 07:00:00+00:00,1031.25,1031.25,1028.75,1030.5,1372
2025-03-31 08:00:00+00:00,1030.75,1031.0,1029.25,1030.5,1401
2025-03-31 09:00:00+00:00,1030.25,1030.5,1027.0,1028.0,1821
2025-03-31 10:00:00+00:00,1027.75,1028.25,1027.0,1027.75,834
2025-03-31 11:00:00+00:00,1027.75,1029.5,1027.0,1029.0,2132
2025-03-31 12:00:00+00:00,1028.75,1030.25,1027.0,1027.25,3600
2025-03-31 13:00:00+00:00,1027.25,1029.5,1024.25,1026.75,21620
2025-03-31 14:00:00+00:00,1026.75,1030.75,1025.75,1028.0,13965
2025-03-31 15:00:00+00:00,1028.0,1030.0,1025.0,1025.25,12688
2025-03-31 16:00:00+00:00,1025.5,1031.0,1014.75,1015.25,40343
2025-03-31 17:00:00+00:00,1015.25,1017.0,1013.5,1015.0,15483
2025-03-31 18:00:00+00:00,1014.75,1015.5,1013.25,1014.0,14306
2025-04-01 00:00:00+00:00,1014.75,1016.0,1012.5,1013.5,0
2025-04-01 01:00:00+00:00,1013.75,1014.0,1011.25,1013.0,1863
2025-04-01 02:00:00+00:00,1013.25,1015.25,1013.0,1014.75,577
2025-04-01 03:00:00+00:00,1014.75,1015.5,1014.25,1015.0,322
2025-04-01 04:00:00+00:00,1015.0,1016.0,1014.75,1016.0,233
2025-04-01 05:00:00+00:00,1015.75,1015.75,1014.75,1014.75,571
2025-04-01 06:00:00+00:00,1014.75,1016.0,1013.25,1013.5,3829
2025-04-01 07:00:00+00:00,1013.25,1026.75,1010.5,1012.0,1914
2025-04-01 08:00:00+00:00,1012.0,1026.25,1011.25,1026.0,0
2025-04-01 09:00:00+00:00,1012.25,1030.75,1012.25,1016.75,7292
2025-04-01 10:00:00+00:00,1016.75,1032.75,1016.0,1018.75,1244
2025-04-01 11:00:00+00:00,1032.75,1033.25,1016.75,1018.25,2054
2025-04-01 12:00:00+00:00,1018.25,1033.5,1017.0,1018.25,3626
2025-04-01 13:00:00+00:00,1031.75,1036.0,1017.0,1023.0,20627
2025-04-01 14:00:00+00:00,1023.0,1044.25,1022.75,1029.75,28784
2025-04-01 15:00:00+00:00,1029.75,1047.5,1028.0,1033.0,26062
2025-04-01 16:00:00+00:00,1033.0,1048.0,1029.5,1030.5,22263
2025-04-01 17:00:00+00:00,1030.25,1047.25,1029.0,1032.0,12899
2025-04-01 18:00:00+00:00,1032.25,1049.75,1030.5,1047.75,0
2025-04-02 00:00:00+00:00,1047.5,1047.5,1029.75,1030.25,0
2025-04-02 01:00:00+00:00,1030.25,1048.0,1029.75,1030.75,3518
2025-04-02 02:00:00+00:00,1031.0,1047.75,1030.25,1032.25,1133
2025-04-02 03:00:00+00:00,1047.5,1047.5,1030.75,1031.25,379
2025-04-02 04:00:00+00:00,1031.0,1047.0,1030.25,1046.5,0
2025-04-02 05:00:00+00:00,1031.0,1046.25,1029.5,1030.75,3336
2025-04-02 06:00:00+00:00,1046.5,1048.0,1030.0,1030.5,876
2025-04-02 07:00:00+00:00,1030.5,1046.25,1029.0,1029.25,1027
2025-04-02 08:00:00+00:00,1044.75,1045.5,1029.0,1029.5,1345
2025-04-02 09:00:00+00:00,1029.25,1045.5,1028.0,1028.0,3099
2025-04-02 10:00:00+00:00,1028.0,1044.0,1027.5,1028.0,1119
2025-04-02 11:00:00+00:00,1027.75,1045.25,1027.25,1028.75,1337
2025-04-02 12:00:00+00:00,1044.25,1046.5,1028.0,1045.25,2769
2025-04-02 13:00:00+00:00,1045.0,1048.75,1025.75,1027.5,18873
2025-04-02 14:00:00+00:00,1027.5,1044.0,1024.5,1026.75,18130
2025-04-02 15:00:00+00:00,1026.75,1045.5,1024.5,1045.25,0
2025-04-02 16:00:00+00:00,1045.25,1047.5,1027.75,1029.0,40541
2025-04-02 17:00:00+00:00,1029.0,1045.75,1027.25,1044.0,0
2025-04-02 18:00:00+00:00,1028.25,1045.75,1027.0,1029.25,50878
2025-04-03 00:00:00+00:00,1011.0,1033.5,1008.0,1031.0,0
2025-04-03 01:00:00+00:00,1031.25,1033.5,1013.75,1014.25,8048
2025-04-03 02:00:00+00:00,1014.25,1033.75,1013.25,1017.25,1870
2025-04-03 03:00:00+00:00,1017.0,1032.25,1015.25,1016.75,0
2025-04-03 04:00:00+00:00,1017.0,1032.75,1016.25,1016.5,3708
2025-04-03 05:00:00+00:00,1016.5,1031.75,1014.25,1015.25,1417
2025-04-03 06:00:00+00:00,1031.0,1031.5,1013.75,1014.75,2558
2025-04-03 07:00:00+00:00,1014.75,1030.25,1010.75,1011.75,3386
2025-04-03 08:00:00+00:00,1012.0,1028.5,1011.0,1027.5,0
2025-04-03 09:00:00+00:00,1012.25,1028.25,1010.5,1026.75,863
2025-04-03 10:00:00+00:00,1011.5,1027.25,1007.0,1022.75,3447
2025-04-03 11:00:00+00:00,1023.0,1024.0,1006.25,1022.75,2280
2025-04-03 12:00:00+00:00,1007.5,1024.5,1006.5,1007.5,16610
2025-04-03 13:00:00+00:00,1007.75,1028.25,1005.25,1010.5,23385
2025-04-03 14:00:00+00:00,1010.75,1033.75,1009.75,1033.5,0
2025-04-03 15:00:00+00:00,1018.25,1035.25,1013.0,1015.5,46164
2025-04-03 16:00:00+00:00,1030.0,1032.0,1012.25,1027.75,0
2025-04-03 17:00:00+00:00,1027.75,1028.75,1009.25,1011.75,57869
2025-04-03 18:00:00+00:00,1026.5,1027.25,1009.5,1027.25,0
2025-04-04 00:00:00+00:00,1026.25,1028.25,1009.75,1009.75,0
2025-04-04 01:00:00+00:00,1009.5,1026.75,1009.0,1010.0,4652
2025-04-04 02:00:00+00:00,1009.75,1026.25,1008.25,1009.5,1173
2025-04-04 03:00:00+00:00,1009.75,1026.0,1009.25,1009.75,721
2025-04-04 04:00:00+00:00,1025.75,1027.5,1009.0,1011.0,630
2025-04-04 05:00:00+00:00,1010.75,1027.75,1009.75,1010.75,724
2025-04-04 06:00:00+00:00,1010.5,1027.25,1007.0,1007.25,2830
2025-04-04 07:00:00+00:00,1007.25,1024.0,1005.25,1006.0,3939
2025-04-04 08:00:00+00:00,1005.75,1024.0,1005.5,1021.75,0
2025-04-04 09:00:00+00:00,1006.0,1025.25,1005.75,1007.75,5355
2025-04-04 10:00:00+00:00,1008.0,1023.75,986.5,990.0,20668
2025-04-04 11:00:00+00:00,990.0,1008.25,984.0,987.0,10370
2025-04-04 12:00:00+00:00,986.75,1006.0,985.75,1004.0,7056
2025-04-04 13:00:00+00:00,989.0,1005.5,976.25,977.75,38911
2025-04-04 14:00:00+00:00,993.75,999.5,970.25,990.25,0
2025-04-04 15:00:00+00:00,990.0,1002.0,973.25,995.25,20513
2025-04-04 16:00:00+00:00,995.5,1002.75,979.5,985.75,69550
2025-04-04 17:00:00+00:00,1001.5,1002.25,975.5,976.0,20463
2025-04-04 18:00:00+00:00,992.5,994.25,974.5,977.25,20286
2025-04-07 00:00:00+00:00,988.0,996.25,969.5,994.0,7528
2025-04-07 01:00:00+00:00,994.25,1004.25,977.0,984.75,21492
2025-04-07 02:00:00+00:00,985.0,1004.75,983.25,983.25,4312
2025-04-07 03:00:00+00:00,983.5,1000.75,982.25,998.5,0
2025-04-07 04:00:00+00:00,982.25,999.75,981.5,981.75,15768
2025-04-07 05:00:00+00:00,981.75,999.25,979.25,997.75,0
2025-04-07 06:00:00+00:00,981.25,999.75,977.75,979.25,16809
2025-04-07 07:00:00+00:00,979.0,996.0,972.25,972.75,3570
2025-04-07 08:00:00+00:00,989.25,990.5,971.5,972.25,2123
2025-04-07 09:00:00+00:00,988.25,989.25,971.25,971.25,2631
2025-04-07 10:00:00+00:00,971.75,994.5,971.75,994.25,0
2025-04-07 11:00:00+00:00,978.25,996.25,977.25,978.0,21954
2025-04-07 12:00:00+00:00,978.0,997.25,978.0,978.75,4312
2025-04-07 13:00:00+00:00,978.25,998.25,975.0,982.75,20182
2025-04-07 14:00:00+00:00,982.75,1009.0,982.5,987.75,49699
2025-04-07 15:00:00+00:00,1002.75,1005.75,978.0,993.5,0
2025-04-07 16:00:00+00:00,993.5,995.75,975.5,976.0,83197
2025-04-07 17:00:00+00:00,990.75,997.25,975.5,994.5,0
2025-04-07 18:00:00+00:00,980.0,998.5,979.0,984.5,99482
2025-04-08 00:00:00+00:00,983.25,1003.0,982.5,1000.75,0
2025-04-08 01:00:00+00:00,1000.5,1002.75,985.75,1001.75,1937
2025-04-08 02:00:00+00:00,1001.75,1004.75,987.5,990.5,1725
2025-04-08 03:00:00+00:00,990.25,1005.5,989.75,991.0,907
2025-04-08 04:00:00+00:00,991.0,1005.5,990.75,991.0,692
2025-04-08 05:00:00+00:00,1005.0,1006.25,989.25,1006.0,2222
2025-04-08 06:00:00+00:00,992.25,1011.5,992.25,996.25,5054
2025-04-08 07:00:00+00:00,996.25,1010.75,993.0,994.0,1697
2025-04-08 08:00:00+00:00,994.0,1013.25,993.25,1012.25,3565
2025-04-08 09:00:00+00:00,1012.0,1012.5,994.25,994.25,3358
2025-04-08 10:00:00+00:00,994.25,1008.75,991.0,991.0,2355
2025-04-08 11:00:00+00:00,1005.25,1008.75,990.75,993.75,1220
2025-04-08 12:00:00+00:00,994.0,1008.25,992.25,993.75,1623
2025-04-08 13:00:00+00:00,993.75,1016.0,993.0,1000.5,36714
2025-04-08 14:00:00+00:00,1000.5,1014.25,996.25,998.5,28044
2025-04-08 15:00:00+00:00,1011.5,1014.5,997.5,1013.0,16914
2025-04-08 16:00:00+00:00,1000.5,1013.0,991.75,1004.25,23393
2025-04-08 17:00:00+00:00,991.5,1010.5,990.5,997.5,34675
2025-04-08 18:00:00+00:00,1009.25,1009.5,992.0,992.5,22616
2025-04-09 00:00:00+00:00,1001.0,1004.0,988.75,992.5,0
2025-04-09 01:00:00+00:00,992.75,1008.5,991.5,1007.25,1728
2025-04-09 02:00:00+00:00,996.5,1008.25,995.0,996.5,954
2025-04-09 03:00:00+00:00,1007.25,1007.25,992.75,993.0,703
2025-04-09 04:00:00+00:00,993.25,1004.0,991.25,1003.25,428
2025-04-09 05:00:00+00:00,1003.25,1004.75,991.75,1002.75,846
2025-04-09 06:00:00+00:00,1003.25,1004.0,990.25,993.25,854
2025-04-09 07:00:00+00:00,993.0,1009.25,993.0,1007.5,1329
2025-04-09 08:00:00+00:00,1007.75,1010.5,995.5,999.25,3919
2025-04-09 09:00:00+00:00,999.5,1010.0,996.75,1009.0,1999
2025-04-09 10:00:00+00:00,998.75,1010.75,998.25,1010.0,1609
2025-04-09 11:00:00+00:00,1009.75,1009.75,987.5,1005.25,10260
2025-04-09 12:00:00+00:00,1005.0,1007.0,994.0,1005.0,2807
2025-04-09 13:00:00+00:00,994.75,1011.75,992.25,1011.25,31964
2025-04-09 14:00:00+00:00,1011.0,1011.25,989.5,1003.25,23862
2025-04-09 15:00:00+00:00,1003.5,1006.75,989.25,1005.25,11940
2025-04-09 16:00:00+00:00,993.5,1007.5,991.75,995.25,17665
2025-04-09 17:00:00+00:00,995.5,1027.0,991.0,1021.0,24799
2025-04-09 18:00:00+00:00,1010.25,1026.0,1009.5,1012.5,38523
2025-04-10 00:00:00+00:00,1015.25,1032.5,1015.0,1027.25,0
2025-04-10 01:00:00+00:00,1027.5,1028.75,1010.75,1015.75,5472
2025-04-10 02:00:00+00:00,1015.5,1026.5,1013.25,1014.75,759
2025-04-10 03:00:00+00:00,1014.75,1026.5,1014.75,1015.25,326
2025-04-10 04:00:00+00:00,1015.75,1026.75,1015.5,1026.75,0
2025-04-10 05:00:00+00:00,1016.5,1028.0,1016.25,1017.0,2324
2025-04-10 06:00:00+00:00,1017.0,1026.5,1014.5,1026.5,0
2025-04-10 07:00:00+00:00,1016.5,1029.0,1015.5,1016.5,3360
2025-04-10 08:00:00+00:00,1026.75,1028.5,1015.75,1026.0,0
2025-04-10 09:00:00+00:00,1016.0,1028.5,1016.0,1028.5,773
2025-04-10 10:00:00+00:00,1018.25,1030.75,1017.75,1029.25,1067
2025-04-10 11:00:00+00:00,1019.0,1031.0,1017.75,1020.5,1484
2025-04-10 12:00:00+00:00,1030.75,1032.0,1016.0,1016.0,7863
2025-04-10 13:00:00+00:00,1026.25,1031.75,1013.0,1031.5,17961
2025-04-10 14:00:00+00:00,1021.5,1034.25,1019.5,1034.25,21123
2025-04-10 15:00:00+00:00,1034.25,1035.5,1022.5,1032.75,18040
2025-04-10 16:00:00+00:00,1024.0,1038.0,1018.75,1026.25,50563
2025-04-10 17:00:00+00:00,1026.25,1037.5,1024.5,1026.0,20498
2025-04-10 18:00:00+00:00,1034.5,1037.0,1025.5,1028.0,19198
2025-04-11 00:00:00+00:00,1034.5,1035.0,1023.5,1032.5,0
2025-04-11 01:00:00+00:00,1032.75,1032.75,1021.75,1023.5,2146
2025-04-11 02:00:00+00:00,1023.25,1035.0,1022.25,1027.25,1016
2025-04-11 03:00:00+00:00,1027.25,1037.25,1027.0,1035.75,976
2025-04-11 04:00:00+00:00,1028.0,1036.75,1026.75,1034.75,187
2025-04-11 05:00:00+00:00,1027.25,1037.5,1027.25,1028.0,2228
2025-04-11 06:00:00+00:00,1028.25,1037.25,1027.75,1028.75,765
2025-04-11 07:00:00+00:00,1029.0,1039.5,1029.0,1031.0,2424
2025-04-11 08:00:00+00:00,1031.0,1039.0,1024.5,1030.5,3007
2025-04-11 09:00:00+00:00,1038.0,1040.25,1027.5,1031.75,1583
2025-04-11 10:00:00+00:00,1031.75,1039.75,1028.5,1029.0,938
2025-04-11 11:00:00+00:00,1028.75,1038.5,1028.0,1028.75,1520
2025-04-11 12:00:00+00:00,1028.75,1041.0,1028.25,1031.5,3327
2025-04-11 13:00:00+00:00,1038.5,1042.0,1029.25,1031.75,18694
2025-04-11 14:00:00+00:00,1031.75,1049.5,1031.0,1049.25,24303
2025-04-11 15:00:00+00:00,1042.5,1052.25,1040.0,1050.25,26094
2025-04-11 16:00:00+00:00,1041.75,1052.5,1041.0,1051.75,14049
2025-04-11 17:00:00+00:00,1043.5,1054.0,1038.0,1050.25,23178
2025-04-11 18:00:00+00:00,1039.75,1053.5,1039.25,1043.75,37377
2025-04-14 00:00:00+00:00,1050.25,1053.25,1036.75,1036.75,3673
2025-04-14 01:00:00+00:00,1037.0,1050.5,1037.0,1038.5,2475
2025-04-14 02:00:00+00:00,1038.5,1050.25,1038.5,1040.0,450
2025-04-14 03:00:00+00:00,1049.75,1050.25,1039.25,1039.75,109
2025-04-14 04:00:00+00:00,1039.5,1049.5,1038.25,1048.5,0
2025-04-14 05:00:00+00:00,1038.25,1049.5,1038.25,1048.5,1522
2025-04-14 06:00:00+00:00,1048.5,1050.75,1038.75,1040.5,678
2025-04-14 07:00:00+00:00,1040.5,1050.0,1038.75,1039.5,697
2025-04-14 08:00:00+00:00,1039.5,1051.0,1039.0,1040.75,747
2025-04-14 09:00:00+00:00,1040.75,1052.25,1040.75,1042.75,1217
2025-04-14 10:00:00+00:00,1051.75,1052.5,1040.75,1050.5,522
2025-04-14 11:00:00+00:00,1041.5,1051.5,1041.0,1041.0,2778
2025-04-14 12:00:00+00:00,1041.25,1052.75,1041.25,1042.5,3033
2025-04-14 13:00:00+00:00,1042.5,1058.75,1042.5,1054.5,12981
2025-04-14 14:00:00+00:00,1044.25,1059.0,1043.75,1056.0,19707
2025-04-14 15:00:00+00:00,1045.75,1055.75,1040.75,1042.5,18229
2025-04-14 16:00:00+00:00,1052.25,1053.25,1040.25,1051.0,10875
2025-04-14 17:00:00+00:00,1051.0,1052.5,1041.0,1041.5,10757
2025-04-14 18:00:00+00:00,1050.25,1051.25,1040.0,1041.25,8493
2025-04-15 00:00:00+00:00,1049.0,1049.75,1039.25,1048.75,0
2025-04-15 01:00:00+00:00,1048.5,1048.5,1036.25,1046.5,1785
2025-04-15 02:00:00+00:00,1037.0,1047.25,1036.75,1037.5,418
2025-04-15 03:00:00+00:00,1037.5,1046.5,1035.5,1035.75,565
2025-04-15 04:00:00+00:00,1035.75,1046.25,1035.25,1037.25,576
2025-04-15 05:00:00+00:00,1037.25,1047.25,1037.0,1037.75,736
2025-04-15 06:00:00+00:00,1037.75,1046.5,1035.5,1046.0,775
2025-04-15 07:00:00+00:00,1046.25,1047.75,1037.5,1047.25,891
2025-04-15 08:00:00+00:00,1038.75,1047.25,1037.25,1046.5,583
2025-04-15 09:00:00+00:00,1046.25,1046.25,1034.25,1034.5,858
2025-04-15 10:00:00+00:00,1042.75,1044.75,1033.75,1035.5,508
2025-04-15 11:00:00+00:00,1044.25,1045.0,1032.75,1041.5,2219
2025-04-15 12:00:00+00:00,1033.25,1043.5,1032.0,1034.25,1309
2025-04-15 13:00:00+00:00,1042.25,1044.5,1031.0,1032.25,13123
2025-04-15 14:00:00+00:00,1032.25,1044.75,1030.75,1034.75,16388
2025-04-15 15:00:00+00:00,1044.25,1045.0,1033.0,1044.25,16120
2025-04-15 16:00:00+00:00,1044.25,1049.5,1035.5,1044.75,16525
2025-04-15 17:00:00+00:00,1036.0,1045.0,1032.75,1045.0,19443
2025-04-15 18:00:00+00:00,1044.75,1046.75,1033.0,1045.75,0
2025-04-16 00:00:00+00:00,1046.0,1046.0,1042.75,1043.0,819
2025-04-16 01:00:00+00:00,1043.25,1043.75,1041.75,1042.25,856
2025-04-16 02:00:00+00:00,1042.25,1043.0,1040.25,1040.25,625
2025-04-16 03:00:00+00:00,1040.5,1040.75,1039.5,1040.0,889
2025-04-16 04:00:00+00:00,1040.25,1041.5,1040.25,1041.25,202
2025-04-16 05:00:00+00:00,1041.0,1042.0,1040.0,1040.75,1096
2025-04-16 06:00:00+00:00,1040.75,1040.75,1037.5,1037.5,2172
2025-04-16 07:00:00+00:00,1038.0,1043.0,1038.0,1042.75,3320
2025-04-16 08:00:00+00:00,1042.5,1048.75,1041.5,1044.25,5591
2025-04-16 09:00:00+00:00,1044.0,1045.25,1043.25,1044.5,617
2025-04-16 10:00:00+00:00,1044.25,1046.5,1043.75,1045.75,1081
2025-04-16 11:00:00+00:00,1045.75,1047.75,1044.75,1047.25,1740
2025-04-16 12:00:00+00:00,1047.25,1050.75,1046.75,1049.0,3914
2025-04-16 13:00:00+00:00,1049.25,1051.5,1046.0,1050.75,13730
2025-04-16 14:00:00+00:00,1050.75,1057.25,1050.5,1052.75,27728
2025-04-16 15:00:00+00:00,1052.75,1053.0,1048.5,1051.0,15405
2025-04-16 16:00:00+00:00,1050.75,1052.25,1048.25,1051.75,7729
2025-04-16 17:00:00+00:00,1051.75,1052.75,1047.75,1048.5,9814
2025-04-16 18:00:00+00:00,1048.5,1050.5,1047.5,1049.25,7287
2025-04-17 00:00:00+00:00,1049.25,1052.0,1048.0,1051.25,0
2025-04-17 01:00:00+00:00,1051.25,1052.5,1049.0,1052.25,1736
2025-04-17 02:00:00+00:00,1052.0,1055.5,1051.25,1055.0,1569
2025-04-17 03:00:00+00:00,1055.5,1055.75,1054.75,1055.5,524
2025-04-17 04:00:00+00:00,1055.75,1055.75,1055.0,1055.75,133
2025-04-17 05:00:00+00:00,1055.75,1056.25,1054.5,1055.25,618
2025-04-17 06:00:00+00:00,1055.5,1055.5,1053.0,1053.0,728
2025-04-17 07:00:00+00:00,1053.0,1053.5,1051.5,1052.75,1111
2025-04-17 08:00:00+00:00,1052.75,1055.0,1051.75,1053.75,820
2025-04-17 09:00:00+00:00,1053.75,1053.75,1050.25,1051.25,1151
2025-04-17 10:00:00+00:00,1051.5,1052.0,1051.0,1052.0,248
2025-04-17 11:00:00+00:00,1052.0,1053.5,1050.0,1050.5,1392
2025-04-17 12:00:00+00:00,1050.5,1054.25,1049.0,1053.5,2706
2025-04-17 13:00:00+00:00,1053.75,1056.5,1048.0,1048.25,14047
2025-04-17 14:00:00+00:00,1048.5,1049.5,1044.0,1045.0,17563
2025-04-17 15:00:00+00:00,1045.0,1046.75,1044.5,1045.75,9566
2025-04-17 16:00:00+00:00,1045.75,1048.5,1045.5,1046.5,10194
2025-04-17 17:00:00+00:00,1046.5,1047.25,1043.0,1045.0,7939
2025-04-17 18:00:00+00:00,1044.75,1048.0,1044.5,1046.75,9107
2025-04-21 00:00:00+00:00,1050.25,1054.75,1049.0,1052.25,1671
2025-04-21 01:00:00+00:00,1052.5,1054.25,1051.5,1051.75,741
2025-04-21 02:00:00+00:00,1051.5,1051.75,1050.25,1050.5,640
2025-04-21 03:00:00+00:00,1050.5,1051.0,1049.75,1050.0,247
2025-04-21 04:00:00+00:00,1049.75,1050.0,1048.75,1049.75,417
2025-04-21 05:00:00+00:00,1049.75,1052.25,1049.75,1051.5,642
2025-04-21 06:00:00+00:00,1051.75,1051.75,1049.5,1051.5,447
2025-04-21 07:00:00+00:00,1051.25,1052.0,1051.25,1051.75,310
2025-04-21 08:00:00+00:00,1051.75,1052.0,1051.0,1051.25,201
2025-04-21 09:00:00+00:00,1051.25,1051.25,1050.0,1050.25,2347
2025-04-21 10:00:00+00:00,1050.5,1051.25,1050.25,1051.0,322
2025-04-21 11:00:00+00:00,1051.0,1053.75,1050.5,1052.75,1125
2025-04-21 12:00:00+00:00,1052.75,1053.25,1049.75,1050.75,1558
2025-04-21 13:00:00+00:00,1051.0,1052.5,1044.0,1044.5,11150
2025-04-21 14:00:00+00:00,1044.5,1046.5,1042.25,1043.5,13695
2025-04-21 15:00:00+00:00,1043.75,1044.25,1041.25,1041.75,6314
2025-04-21 16:00:00+00:00,1041.75,1044.5,1041.25,1042.0,11607
2025-04-21 17:00:00+00:00,1041.75,1043.5,1040.75,1042.5,6784
2025-04-21 18:00:00+00:00,1042.75,1043.25,1040.75,1041.5,6744
2025-04-22 00:00:00+00:00,1042.0,1046.25,1041.75,1045.75,0
2025-04-22 01:00:00+00:00,1046.0,1047.0,1045.5,1046.25,584
2025-04-22 02:00:00+00:00,1046.5,1046.75,1045.5,1046.5,550
2025-04-22 03:00:00+00:00,1046.5,1047.0,1045.5,1045.75,895
2025-04-22 04:00:00+00:00,1046.0,1046.75,1045.75,1046.5,84
2025-04-22 05:00:00+00:00,1046.5,1051.25,1046.5,1051.0,2755
2025-04-22 06:00:00+00:00,1051.0,1051.5,1048.75,1049.0,2367
2025-04-22 07:00:00+00:00,1049.25,1049.5,1047.75,1049.25,1487
2025-04-22 08:00:00+00:00,1049.25,1050.0,1048.75,1049.25,1432
2025-04-22 09:00:00+00:00,1049.0,1049.75,1048.5,1049.0,378
2025-04-22 10:00:00+00:00,1049.0,1050.0,1048.5,1049.0,863
2025-04-22 11:00:00+00:00,1048.75,1048.75,1046.5,1048.0,1223
2025-04-22 12:00:00+00:00,1048.0,1048.5,1045.0,1045.75,3225
2025-04-22 13:00:00+00:00,1046.0,1046.75,1042.25,1042.75,10672
2025-04-22 14:00:00+00:00,1042.5,1047.0,1041.0,1044.25,15816
2025-04-22 15:00:00+00:00,1044.0,1049.75,1041.5,1047.75,12811
2025-04-22 16:00:00+00:00,1047.5,1050.0,1047.5,1048.5,11743
2025-04-22 17:00:00+00:00,1048.5,1050.5,1046.5,1047.25,11489
2025-04-22 18:00:00+00:00,1047.5,1048.0,1045.5,1046.25,6883
2025-04-23 00:00:00+00:00,1048.0,1056.5,1048.0,1056.5,0
2025-04-23 01:00:00+00:00,1056.5,1057.5,1053.25,1055.0,4959
2025-04-23 02:00:00+00:00,1055.0,1055.5,1053.25,1054.75,925
2025-04-23 03:00:00+00:00,1055.0,1056.0,1055.0,1055.25,424
2025-04-23 04:00:00+00:00,1055.25,1055.5,1054.25,1054.25,210
2025-04-23 05:00:00+00:00,1054.25,1055.75,1053.5,1053.5,801
2025-04-23 06:00:00+00:00,1053.25,1055.0,1053.25,1054.25,1803
2025-04-23 07:00:00+00:00,1054.5,1054.75,1053.0,1053.5,930
2025-04-23 08:00:00+00:00,1053.5,1053.75,1050.5,1052.5,1524
2025-04-23 09:00:00+00:00,1052.75,1055.0,1051.75,1054.75,1106
2025-04-23 10:00:00+00:00,1054.5,1054.5,1052.75,1053.0,584
2025-04-23 11:00:00+00:00,1053.25,1054.0,1045.25,1047.25,4984
2025-04-23 12:00:00+00:00,1047.25,1049.75,1046.75,1048.25,4202
2025-04-23 13:00:00+00:00,1047.75,1052.0,1047.0,1048.5,19689
2025-04-23 14:00:00+00:00,1048.5,1055.5,1048.5,1054.75,29671
2025-04-23 15:00:00+00:00,1054.75,1056.5,1051.75,1053.25,17577
2025-04-23 16:00:00+00:00,1053.25,1055.25,1050.75,1051.5,9020
2025-04-23 17:00:00+00:00,1051.25,1052.25,1048.0,1048.75,8847
2025-04-23 18:00:00+00:00,1048.5,1052.0,1048.5,1051.5,0
2025-04-24 00:00:00+00:00,1049.75,1053.0,1048.5,1052.75,7920
2025-04-24 01:00:00+00:00,1052.75,1053.5,1051.75,1052.0,1568
2025-04-24 02:00:00+00:00,1051.75,1053.5,1051.0,1053.5,720
2025-04-24 03:00:00+00:00,1053.25,1056.25,1053.25,1054.25,2443
2025-04-24 04:00:00+00:00,1054.0,1055.0,1053.75,1054.75,147
2025-04-24 05:00:00+00:00,1054.5,1055.25,1054.25,1054.75,448
2025-04-24 06:00:00+00:00,1055.0,1057.0,1054.75,1056.75,1855
2025-04-24 07:00:00+00:00,1056.75,1057.5,1055.5,1056.5,1870
2025-04-24 08:00:00+00:00,1056.75,1057.5,1055.5,1055.5,1878
2025-04-24 09:00:00+00:00,1056.0,1056.75,1056.0,1056.5,592
2025-04-24 10:00:00+00:00,1056.5,1057.25,1056.25,1056.5,1147
2025-04-24 11:00:00+00:00,1056.5,1057.0,1053.75,1054.0,3861
2025-04-24 12:00:00+00:00,1054.25,1055.5,1053.0,1053.5,3221
2025-04-24 13:00:00+00:00,1053.5,1055.0,1048.0,1049.5,16321
2025-04-24 14:00:00+00:00,1049.75,1053.75,1049.25,1053.0,16110
2025-04-24 15:00:00+00:00,1053.0,1056.5,1052.0,1053.25,17697
2025-04-24 16:00:00+00:00,1053.25,1059.0,1052.25,1057.25,17673
2025-04-24 17:00:00+00:00,1057.25,1062.75,1055.75,1061.75,22188
2025-04-24 18:00:00+00:00,1061.75,1063.5,1059.5,1063.0,19238
2025-04-25 00:00:00+00:00,1062.0,1066.0,1060.5,1066.0,0
2025-04-25 01:00:00+00:00,1065.75,1067.0,1065.0,1065.25,1772
2025-04-25 02:00:00+00:00,1065.25,1066.0,1063.25,1064.25,1374
2025-04-25 03:00:00+00:00,1064.0,1064.75,1064.0,1064.75,417
2025-04-25 04:00:00+00:00,1064.75,1066.0,1064.75,1065.0,570
2025-04-25 05:00:00+00:00,1065.25,1065.5,1063.5,1063.75,1130
2025-04-25 06:00:00+00:00,1064.0,1064.25,1062.0,1063.5,821
2025-04-25 07:00:00+00:00,1063.75,1064.5,1063.25,1064.0,2519
2025-04-25 08:00:00+00:00,1064.0,1064.0,1063.0,1063.5,2345
2025-04-25 09:00:00+00:00,1063.75,1065.75,1062.75,1065.25,1618
2025-04-25 10:00:00+00:00,1065.25,1067.5,1064.75,1065.25,3019
2025-04-25 11:00:00+00:00,1065.25,1067.0,1064.75,1065.75,2061
2025-04-25 12:00:00+00:00,1065.75,1066.0,1061.25,1061.75,7739
2025-04-25 13:00:00+00:00,1061.5,1062.75,1056.5,1060.25,21657
2025-04-25 14:00:00+00:00,1060.25,1061.0,1056.75,1057.0,20087
2025-04-25 15:00:00+00:00,1057.25,1060.75,1057.0,1059.75,9394
2025-04-25 16:00:00+00:00,1059.75,1061.5,1059.25,1060.5,10863
2025-04-25 17:00:00+00:00,1060.25,1060.75,1058.0,1058.75,9431
2025-04-25 18:00:00+00:00,1058.75,1059.75,1058.0,1059.25,11171
2025-04-28 00:00:00+00:00,1058.5,1059.0,1054.75,1056.75,2244
2025-04-28 01:00:00+00:00,1056.75,1057.25,1053.5,1054.0,3408
2025-04-28 02:00:00+00:00,1054.25,1054.5,1053.5,1053.75,709
2025-04-28 03:00:00+00:00,1053.75,1054.5,1053.75,1054.0,634
2025-04-28 04:00:00+00:00,1053.75,1054.25,1053.75,1054.25,246
2025-04-28 05:00:00+00:00,1054.0,1054.25,1052.75,1053.75,1590
2025-04-28 06:00:00+00:00,1053.75,1055.0,1053.75,1054.25,2069
2025-04-28 07:00:00+00:00,1054.25,1054.25,1052.75,1053.25,2378
2025-04-28 08:00:00+00:00,1053.25,1055.25,1053.0,1054.25,4391
2025-04-28 09:00:00+00:00,1054.5,1055.25,1054.25,1054.75,1145
2025-04-28 10:00:00+00:00,1054.75,1055.5,1054.0,1055.25,1421
2025-04-28 11:00:00+00:00,1055.25,1055.5,1051.75,1052.75,2635
2025-04-28 12:00:00+00:00,1053.0,1054.5,1051.5,1053.75,5931
2025-04-28 13:00:00+00:00,1053.25,1055.0,1051.5,1052.25,19498
2025-04-28 14:00:00+00:00,1052.25,1056.5,1051.5,1056.25,20328
2025-04-28 15:00:00+00:00,1056.25,1061.0,1055.0,1060.5,11713
2025-04-28 16:00:00+00:00,1060.5,1064.0,1059.25,1063.75,16587
2025-04-28 17:00:00+00:00,1064.0,1064.0,1061.0,1061.25,15501
2025-04-28 18:00:00+00:00,1061.5,1062.75,1061.0,1061.25,12658
2025-04-29 00:00:00+00:00,1062.0,1063.25,1060.0,1062.0,0
2025-04-29 01:00:00+00:00,1062.0,1062.5,1061.0,1061.75,1170
2025-04-29 02:00:00+00:00,1061.5,1062.25,1061.0,1061.0,1092
2025-04-29 03:00:00+00:00,1061.0,1061.25,1059.0,1059.75,1082
2025-04-29 04:00:00+00:00,1059.75,1059.75,1059.25,1059.5,232
2025-04-29 05:00:00+00:00,1059.25,1059.5,1058.5,1058.5,769
2025-04-29 06:00:00+00:00,1058.5,1060.5,1057.25,1058.0,3113
2025-04-29 07:00:00+00:00,1058.0,1060.25,1057.75,1060.0,1299
2025-04-29 08:00:00+00:00,1060.0,1060.75,1057.75,1058.75,2225
2025-04-29 09:00:00+00:00,1058.75,1060.25,1058.75,1060.25,744
2025-04-29 10:00:00+00:00,1060.0,1060.25,1057.5,1058.0,3104
2025-04-29 11:00:00+00:00,1058.0,1061.0,1057.25,1057.5,2195
2025-04-29 12:00:00+00:00,1057.5,1060.25,1056.0,1059.0,3860
2025-04-29 13:00:00+00:00,1060.75,1060.75,1051.75,1052.25,22276
2025-04-29 14:00:00+00:00,1052.25,1053.25,1046.75,1046.75,27625
2025-04-29 15:00:00+00:00,1046.75,1049.5,1045.75,1047.75,16301
2025-04-29 16:00:00+00:00,1047.75,1049.5,1046.5,1049.5,12660
2025-04-29 17:00:00+00:00,1049.75,1054.0,1049.75,1053.5,17652
2025-04-29 18:00:00+00:00,1053.25,1053.75,1051.75,1052.5,12313
2025-04-30 00:00:00+00:00,1052.5,1054.5,1050.75,1051.0,0
2025-04-30 01:00:00+00:00,1050.75,1051.0,1048.5,1049.25,1142
2025-04-30 02:00:00+00:00,1049.5,1049.75,1046.0,1046.75,972
2025-04-30 03:00:00+00:00,1047.0,1047.5,1046.5,1047.5,179
2025-04-30 04:00:00+00:00,1047.25,1047.75,1047.0,1047.25,245
2025-04-30 05:00:00+00:00,1047.25,1047.75,1045.0,1045.5,1736
2025-04-30 06:00:00+00:00,1045.5,1046.0,1045.0,1045.25,549
2025-04-30 07:00:00+00:00,1045.0,1045.75,1044.25,1045.5,2989
2025-04-30 08:00:00+00:00,1045.5,1045.5,1044.25,1044.5,1392
2025-04-30 09:00:00+00:00,1044.5,1045.75,1044.25,1044.5,2293
2025-04-30 10:00:00+00:00,1044.25,1044.75,1043.5,1044.25,2127
2025-04-30 11:00:00+00:00,1044.25,1046.5,1044.0,1044.25,1991
2025-04-30 12:00:00+00:00,1044.25,1045.25,1041.75,1042.25,4635
2025-04-30 13:00:00+00:00,1040.75,1046.0,1038.5,1044.5,23425
2025-04-30 14:00:00+00:00,1044.25,1047.75,1043.25,1047.25,15464
2025-04-30 15:00:00+00:00,1047.0,1047.5,1043.0,1044.5,9647
2025-04-30 16:00:00+00:00,1044.5,1044.5,1040.5,1042.5,11314
2025-04-30 17:00:00+00:00,1042.5,1043.75,1040.75,1041.25,12013
2025-04-30 18:00:00+00:00,1041.25,1045.0,1041.25,1044.0,12012
2025-05-01 00:00:00+00:00,1044.0,1045.0,1042.5,1043.75,0
2025-05-01 01:00:00+00:00,1043.5,1044.5,1043.25,1043.5,345
2025-05-01 02:00:00+00:00,1043.75,1044.75,1043.5,1044.25,377
2025-05-01 03:00:00+00:00,1044.25,1044.75,1044.0,1044.5,281
2025-05-01 04:00:00+00:00,1044.75,1045.25,1044.5,1045.25,364
2025-05-01 05:00:00+00:00,1045.0,1045.0,1043.75,1044.5,405
2025-05-01 06:00:00+00:00,1044.5,1046.25,1041.75,1042.25,1296
2025-05-01 07:00:00+00:00,1043.0,1043.5,1040.5,1040.75,865
2025-05-01 08:00:00+00:00,1040.75,1041.25,1040.25,1040.5,1143
2025-05-01 09:00:00+00:00,1040.5,1040.75,1036.75,1038.5,3289
2025-05-01 10:00:00+00:00,1038.25,1040.0,1038.25,1039.75,749
2025-05-01 11:00:00+00:00,1039.5,1043.0,1038.0,1042.25,1853
2025-05-01 12:00:00+00:00,1042.25,1045.25,1040.5,1045.0,2631
2025-05-01 13:00:00+00:00,1044.5,1048.5,1043.25,1045.0,11702
2025-05-01 14:00:00+00:00,1045.25,1045.25,1039.5,1043.0,11012
2025-05-01 15:00:00+00:00,1043.25,1045.0,1040.5,1045.0,7489
2025-05-01 16:00:00+00:00,1045.0,1050.75,1044.5,1050.5,11336
2025-05-01 17:00:00+00:00,1050.5,1054.5,1049.5,1049.5,15044
2025-05-01 18:00:00+00:00,1049.75,1051.75,1049.25,1050.25,9800
2025-05-02 00:00:00+00:00,1050.25,1053.5,1050.0,1053.0,0
2025-05-02 01:00:00+00:00,1053.0,1053.5,1052.25,1052.5,1100
2025-05-02 02:00:00+00:00,1052.75,1055.25,1052.75,1054.75,917
2025-05-02 03:00:00+00:00,1054.5,1056.25,1054.5,1056.0,919
2025-05-02 04:00:00+00:00,1056.0,1056.5,1054.75,1056.25,538
2025-05-02 05:00:00+00:00,1056.0,1057.75,1055.75,1056.75,772
2025-05-02 06:00:00+00:00,1056.5,1057.5,1055.75,1056.75,796
2025-05-02 07:00:00+00:00,1056.75,1057.0,1054.75,1056.25,1381
2025-05-02 08:00:00+00:00,1056.25,1056.25,1051.25,1051.25,1364
2025-05-02 09:00:00+00:00,1051.75,1054.75,1051.5,1054.75,1038
2025-05-02 10:00:00+00:00,1054.5,1056.25,1051.5,1053.0,1413
2025-05-02 11:00:00+00:00,1053.0,1054.5,1052.25,1054.5,840
2025-05-02 12:00:00+00:00,1054.5,1055.5,1052.75,1054.0,2077
2025-05-02 13:00:00+00:00,1054.25,1058.0,1051.75,1057.25,10499
2025-05-02 14:00:00+00:00,1057.0,1059.25,1054.75,1058.25,13026
2025-05-02 15:00:00+00:00,1058.5,1060.0,1055.0,1055.75,10323
2025-05-02 16:00:00+00:00,1055.75,1062.0,1055.5,1059.75,14818
2025-05-02 17:00:00+00:00,1060.0,1060.5,1054.75,1055.75,11020
2025-05-02 18:00:00+00:00,1055.75,1059.0,1055.0,1058.25,8578
2025-05-05 00:00:00+00:00,1052.75,1055.0,1050.25,1051.5,2795
2025-05-05 01:00:00+00:00,1051.25,1052.0,1050.75,1051.25,495
2025-05-05 02:00:00+00:00,1051.0,1051.75,1050.75,1051.0,397
2025-05-05 03:00:00+00:00,1050.75,1051.0,1049.5,1050.0,1466
2025-05-05 04:00:00+00:00,1050.0,1050.5,1049.25,1049.75,543
2025-05-05 05:00:00+00:00,1049.75,1050.0,1049.0,1049.25,714
2025-05-05 06:00:00+00:00,1049.25,1050.25,1049.0,1049.25,572
2025-05-05 07:00:00+00:00,1049.5,1052.0,1049.25,1051.75,1005
2025-05-05 08:00:00+00:00,1051.75,1053.25,1051.75,1052.25,347
2025-05-05 09:00:00+00:00,1052.0,1052.75,1051.25,1052.0,561
2025-05-05 10:00:00+00:00,1051.75,1052.5,1050.0,1050.75,1043
2025-05-05 11:00:00+00:00,1050.75,1052.75,1050.25,1052.0,1011
2025-05-05 12:00:00+00:00,1052.0,1055.0,1051.75,1053.75,1528
2025-05-05 13:00:00+00:00,1053.5,1056.5,1051.5,1055.5,7881
2025-05-05 14:00:00+00:00,1055.75,1057.0,1050.5,1051.0,10121
2025-05-05 15:00:00+00:00,1051.0,1052.5,1049.5,1051.0,8191
2025-05-05 16:00:00+00:00,1051.25,1051.75,1046.0,1046.25,12892
2025-05-05 17:00:00+00:00,1046.25,1047.0,1045.0,1045.5,11967
2025-05-05 18:00:00+00:00,1045.75,1047.0,1044.25,1046.0,10628
2025-05-06 00:00:00+00:00,1045.25,1046.75,1042.25,1042.5,0
2025-05-06 01:00:00+00:00,1042.5,1044.5,1041.75,1042.5,1989
2025-05-06 02:00:00+00:00,1042.75,1044.75,1042.5,1044.0,833
2025-05-06 03:00:00+00:00,1044.0,1044.75,1043.5,1044.25,193
2025-05-06 04:00:00+00:00,1044.25,1045.5,1044.25,1045.5,474
2025-05-06 05:00:00+00:00,1045.5,1045.75,1044.0,1044.0,393
2025-05-06 06:00:00+00:00,1043.75,1044.25,1041.5,1043.0,879
2025-05-06 07:00:00+00:00,1043.0,1044.5,1042.75,1043.0,384
2025-05-06 08:00:00+00:00,1043.25,1044.75,1042.75,1044.75,484
2025-05-06 09:00:00+00:00,1044.75,1045.0,1044.0,1045.0,728
2025-05-06 10:00:00+00:00,1044.75,1046.0,1043.75,1044.5,969
2025-05-06 11:00:00+00:00,1044.0,1044.5,1042.75,1043.75,701
2025-05-06 12:00:00+00:00,1043.75,1044.25,1042.5,1042.75,1369
2025-05-06 13:00:00+00:00,1043.25,1043.5,1037.75,1041.0,18440
2025-05-06 14:00:00+00:00,1041.0,1043.0,1039.25,1039.75,21523
2025-05-06 15:00:00+00:00,1039.75,1041.5,1037.25,1037.5,11357
2025-05-06 16:00:00+00:00,1037.5,1038.75,1036.5,1038.25,10174
2025-05-06 17:00:00+00:00,1038.5,1043.0,1038.25,1041.75,9292
2025-05-06 18:00:00+00:00,1041.75,1042.75,1040.25,1040.5,9548
2025-05-07 00:00:00+00:00,1045.0,1050.5,1044.75,1050.0,0
2025-05-07 01:00:00+00:00,1049.75,1055.0,1048.75,1053.5,5053
2025-05-07 02:00:00+00:00,1053.75,1055.0,1052.5,1052.5,3244
2025-05-07 03:00:00+00:00,1052.5,1054.25,1052.5,1053.25,629
2025-05-07 04:00:00+00:00,1053.5,1055.0,1053.5,1054.25,446
2025-05-07 05:00:00+00:00,1054.0,1056.0,1054.0,1055.0,1488
2025-05-07 06:00:00+00:00,1055.0,1056.0,1052.75,1053.25,2389
2025-05-07 07:00:00+00:00,1053.0,1055.0,1053.0,1053.5,1535
2025-05-07 08:00:00+00:00,1053.5,1055.25,1052.0,1054.75,1414
2025-05-07 09:00:00+00:00,1054.5,1055.0,1052.5,1053.0,1136
2025-05-07 10:00:00+00:00,1052.75,1054.5,1052.25,1054.0,992
2025-05-07 11:00:00+00:00,1054.0,1055.0,1052.0,1053.75,3243
2025-05-07 12:00:00+00:00,1053.5,1054.75,1051.75,1051.75,3445
2025-05-07 13:00:00+00:00,1051.0,1052.0,1048.0,1050.75,17605
2025-05-07 14:00:00+00:00,1050.75,1051.0,1042.75,1043.75,20177
2025-05-07 15:00:00+00:00,1043.5,1044.0,1041.25,1042.0,10705
2025-05-07 16:00:00+00:00,1042.0,1042.75,1039.75,1040.75,9425
2025-05-07 17:00:00+00:00,1040.75,1043.0,1039.5,1039.75,10173
2025-05-07 18:00:00+00:00,1039.75,1040.0,1038.25,1039.25,11366
2025-05-08 00:00:00+00:00,1039.0,1040.25,1036.5,1037.25,0
2025-05-08 01:00:00+00:00,1037.5,1039.25,1037.5,1038.5,1847
2025-05-08 02:00:00+00:00,1038.75,1041.75,1038.5,1040.75,2030
2025-05-08 03:00:00+00:00,1040.75,1041.5,1040.5,1040.75,347
2025-05-08 04:00:00+00:00,1040.75,1043.0,1040.75,1042.0,971
2025-05-08 05:00:00+00:00,1042.0,1042.25,1040.25,1041.5,1170
2025-05-08 06:00:00+00:00,1041.5,1043.0,1041.0,1041.25,1167
2025-05-08 07:00:00+00:00,1041.25,1043.0,1040.75,1042.25,684
2025-05-08 08:00:00+00:00,1042.5,1043.5,1042.25,1042.5,524
2025-05-08 09:00:00+00:00,1042.75,1045.0,1042.75,1044.75,1197
2025-05-08 10:00:00+00:00,1044.5,1045.75,1044.25,1045.5,1897
2025-05-08 11:00:00+00:00,1045.5,1046.5,1044.75,1045.75,2917
2025-05-08 12:00:00+00:00,1045.75,1047.5,1045.75,1046.25,3581
2025-05-08 13:00:00+00:00,1046.25,1048.0,1043.0,1045.5,14491
2025-05-08 14:00:00+00:00,1045.5,1047.75,1040.75,1041.25,21543
2025-05-08 15:00:00+00:00,1041.25,1043.5,1039.75,1042.0,7607
2025-05-08 16:00:00+00:00,1042.0,1042.0,1039.25,1041.25,8151
2025-05-08 17:00:00+00:00,1041.0,1045.0,1040.25,1045.0,9402
2025-05-08 18:00:00+00:00,1045.0,1046.0,1044.0,1044.75,10260
2025-05-09 00:00:00+00:00,1044.5,1045.5,1042.0,1043.0,0
2025-05-09 01:00:00+00:00,1043.25,1044.0,1041.5,1043.75,1612
2025-05-09 02:00:00+00:00,1043.5,1044.75,1043.25,1043.75,1026
2025-05-09 03:00:00+00:00,1044.0,1044.0,1042.25,1043.0,273
2025-05-09 04:00:00+00:00,1043.0,1043.5,1041.75,1041.75,512
2025-05-09 05:00:00+00:00,1041.75,1042.25,1041.0,1041.25,488
2025-05-09 06:00:00+00:00,1041.5,1042.0,1041.0,1041.25,492
2025-05-09 07:00:00+00:00,1041.0,1043.75,1040.5,1042.5,1837
2025-05-09 08:00:00+00:00,1042.25,1044.75,1042.25,1044.75,932
2025-05-09 09:00:00+00:00,1045.0,1046.5,1044.0,1046.0,1242
2025-05-09 10:00:00+00:00,1045.75,1047.75,1045.5,1047.75,1491
2025-05-09 11:00:00+00:00,1048.0,1050.0,1047.5,1049.75,3332
2025-05-09 12:00:00+00:00,1049.5,1050.75,1048.75,1050.0,2562
2025-05-09 13:00:00+00:00,1049.0,1054.0,1047.0,1051.25,17059
2025-05-09 14:00:00+00:00,1051.25,1055.25,1051.25,1052.25,18788
2025-05-09 15:00:00+00:00,1052.25,1058.25,1052.25,1058.0,16526
2025-05-09 16:00:00+00:00,1058.0,1058.0,1056.0,1056.25,9814
2025-05-09 17:00:00+00:00,1056.25,1056.25,1050.25,1050.75,13062
2025-05-09 18:00:00+00:00,1050.75,1052.25,1050.25,1052.25,10995
2025-05-12 00:00:00+00:00,1064.0,1065.0,1057.25,1057.5,6623
2025-05-12 01:00:00+00:00,1057.25,1058.0,1053.0,1053.0,3757
2025-05-12 02:00:00+00:00,1053.25,1054.5,1052.5,1053.75,1341
2025-05-12 03:00:00+00:00,1053.5,1055.0,1053.5,1055.0,761
2025-05-12 04:00:00+00:00,1055.0,1056.5,1054.75,1056.5,395
2025-05-12 05:00:00+00:00,1056.0,1059.5,1055.75,1059.25,1487
2025-05-12 06:00:00+00:00,1059.25,1060.75,1057.75,1059.25,1766
2025-05-12 07:00:00+00:00,1059.25,1065.75,1059.25,1063.5,5568
2025-05-12 08:00:00+00:00,1063.5,1069.0,1063.0,1067.25,3771
2025-05-12 09:00:00+00:00,1067.25,1067.5,1064.5,1067.0,2548
2025-05-12 10:00:00+00:00,1066.75,1070.5,1066.75,1069.75,3523
2025-05-12 11:00:00+00:00,1069.75,1072.0,1068.5,1071.25,4434
2025-05-12 12:00:00+00:00,1071.25,1071.5,1068.0,1069.25,0
2025-05-12 13:00:00+00:00,1068.25,1069.5,1064.75,1068.0,64617
2025-05-12 14:00:00+00:00,1068.5,1070.75,1059.5,1060.5,18724
2025-05-12 15:00:00+00:00,1060.25,1061.0,1057.75,1059.0,16183
2025-05-12 16:00:00+00:00,1058.75,1074.75,1058.75,1067.75,46521
2025-05-12 17:00:00+00:00,1067.75,1071.0,1066.5,1070.5,18072
2025-05-12 18:00:00+00:00,1072.5,1073.5,1070.0,1070.0,0
2025-05-13 00:00:00+00:00,1069.5,1069.5,1066.5,1069.0,8751
2025-05-13 01:00:00+00:00,1068.75,1070.0,1067.75,1067.75,1393
2025-05-13 02:00:00+00:00,1067.75,1069.5,1067.5,1069.0,3692
2025-05-13 03:00:00+00:00,1068.75,1069.25,1068.0,1069.0,254
2025-05-13 04:00:00+00:00,1069.25,1070.0,1068.75,1069.75,179
2025-05-13 05:00:00+00:00,1069.75,1070.5,1067.75,1068.0,1379
2025-05-13 06:00:00+00:00,1068.0,1068.25,1065.5,1066.5,4125
2025-05-13 07:00:00+00:00,1066.75,1068.5,1066.0,1067.75,1833
2025-05-13 08:00:00+00:00,1067.5,1068.5,1065.75,1066.25,1321
2025-05-13 09:00:00+00:00,1066.25,1066.75,1065.5,1065.75,1212
2025-05-13 10:00:00+00:00,1065.75,1066.5,1064.75,1066.25,1682
2025-05-13 11:00:00+00:00,1066.25,1069.5,1066.25,1069.0,2499
2025-05-13 12:00:00+00:00,1069.0,1069.75,1066.0,1067.75,0
2025-05-13 13:00:00+00:00,1068.0,1068.5,1063.25,1063.5,46076
2025-05-13 14:00:00+00:00,1063.25,1063.5,1053.25,1056.0,34761
2025-05-13 15:00:00+00:00,1056.25,1068.0,1056.25,1067.75,16874
2025-05-13 16:00:00+00:00,1067.75,1075.0,1067.5,1075.0,19551
2025-05-13 17:00:00+00:00,1074.75,1076.25,1070.75,1071.5,15009
2025-05-13 18:00:00+00:00,1071.25,1075.0,1069.75,1075.0,0
2025-05-14 00:00:00+00:00,1073.5,1078.0,1073.5,1077.25,3699
2025-05-14 01:00:00+00:00,1077.25,1080.0,1076.5,1079.5,2297
2025-05-14 02:00:00+00:00,1079.5,1080.5,1078.5,1080.25,1175
2025-05-14 03:00:00+00:00,1080.25,1081.5,1080.0,1081.5,2079
2025-05-14 04:00:00+00:00,1081.5,1082.0,1080.75,1081.0,884
2025-05-14 05:00:00+00:00,1080.75,1081.25,1080.25,1080.5,713
2025-05-14 06:00:00+00:00,1080.5,1081.75,1080.0,1081.25,789
2025-05-14 07:00:00+00:00,1081.0,1081.25,1078.25,1078.25,2202
2025-05-14 08:00:00+00:00,1078.0,1078.75,1073.5,1074.5,3042
2025-05-14 09:00:00+00:00,1074.5,1076.25,1074.0,1075.0,1222
2025-05-14 10:00:00+00:00,1074.75,1076.0,1074.5,1075.75,804
2025-05-14 11:00:00+00:00,1075.5,1075.75,1074.25,1075.0,1177
2025-05-14 12:00:00+00:00,1074.75,1076.0,1072.0,1075.0,2607
2025-05-14 13:00:00+00:00,1075.0,1076.0,1071.5,1074.25,15201
2025-05-14 14:00:00+00:00,1074.25,1076.5,1072.0,1073.5,13672
2025-05-14 15:00:00+00:00,1073.5,1079.0,1073.0,1076.0,22847
2025-05-14 16:00:00+00:00,1076.0,1078.25,1075.5,1077.0,10228
2025-05-14 17:00:00+00:00,1076.75,1079.25,1075.5,1079.0,10683
2025-05-14 18:00:00+00:00,1079.0,1079.25,1075.75,1076.0,11819
2025-05-15 00:00:00+00:00,1073.0,1073.25,1065.0,1067.25,0
2025-05-15 01:00:00+00:00,1067.0,1069.25,1066.5,1068.0,2702
2025-05-15 02:00:00+00:00,1068.0,1069.25,1066.5,1067.5,1497
2025-05-15 03:00:00+00:00,1067.5,1067.75,1066.25,1067.0,950
2025-05-15 04:00:00+00:00,1067.0,1068.5,1066.75,1068.0,1005
2025-05-15 05:00:00+00:00,1067.75,1067.75,1066.0,1066.25,906
2025-05-15 06:00:00+00:00,1066.25,1068.75,1064.5,1068.0,1474
2025-05-15 07:00:00+00:00,1068.0,1069.75,1067.0,1068.0,1957
2025-05-15 08:00:00+00:00,1068.0,1068.0,1063.75,1064.0,2525
2025-05-15 09:00:00+00:00,1064.25,1066.5,1062.5,1064.75,2354
2025-05-15 10:00:00+00:00,1064.75,1065.0,1062.75,1062.75,1466
2025-05-15 11:00:00+00:00,1062.5,1063.25,1060.5,1063.0,6466
2025-05-15 12:00:00+00:00,1063.0,1065.0,1062.5,1063.0,4112
2025-05-15 13:00:00+00:00,1064.5,1065.0,1058.0,1059.0,21214
2025-05-15 14:00:00+00:00,1059.0,1059.25,1050.75,1052.0,27915
2025-05-15 15:00:00+00:00,1052.0,1052.5,1046.75,1048.25,21867
2025-05-15 16:00:00+00:00,1048.25,1049.0,1046.0,1048.5,13102
2025-05-15 17:00:00+00:00,1048.75,1049.0,1047.5,1048.5,9927
2025-05-15 18:00:00+00:00,1048.25,1054.5,1048.0,1053.25,18648
2025-05-16 00:00:00+00:00,1052.5,1056.5,1050.0,1052.5,0
2025-05-16 01:00:00+00:00,1052.5,1057.0,1051.75,1054.75,3032
2025-05-16 02:00:00+00:00,1054.75,1055.5,1053.25,1053.75,1572
2025-05-16 03:00:00+00:00,1053.75,1055.0,1052.75,1053.0,776
2025-05-16 04:00:00+00:00,1053.0,1055.75,1052.75,1054.5,851
2025-05-16 05:00:00+00:00,1054.25,1055.0,1053.75,1054.5,383
2025-05-16 06:00:00+00:00,1054.5,1054.75,1052.5,1052.75,867
2025-05-16 07:00:00+00:00,1052.75,1053.5,1050.0,1050.5,1884
2025-05-16 08:00:00+00:00,1050.5,1052.25,1049.0,1051.0,2353
2025-05-16 09:00:00+00:00,1051.0,1054.75,1050.5,1052.25,2375
2025-05-16 10:00:00+00:00,1052.25,1054.5,1052.0,1054.0,1541
2025-05-16 11:00:00+00:00,1054.0,1054.5,1049.75,1050.75,1350
2025-05-16 12:00:00+00:00,1050.75,1051.75,1048.75,1049.5,4697
2025-05-16 13:00:00+00:00,1051.0,1059.75,1048.75,1056.5,18749
2025-05-16 14:00:00+00:00,1056.5,1057.5,1047.25,1052.75,18925
2025-05-16 15:00:00+00:00,1052.5,1053.75,1050.5,1051.0,11709
2025-05-16 16:00:00+00:00,1050.75,1051.5,1047.5,1048.0,9396
2025-05-16 17:00:00+00:00,1048.25,1052.25,1047.75,1050.25,8375
2025-05-16 18:00:00+00:00,1050.25,1051.5,1049.0,1051.0,9247
2025-05-19 00:00:00+00:00,1050.25,1052.75,1048.75,1052.5,2395
2025-05-19 01:00:00+00:00,1052.25,1052.5,1048.25,1049.0,1171
2025-05-19 02:00:00+00:00,1048.75,1050.0,1048.0,1049.75,956
2025-05-19 03:00:00+00:00,1050.0,1053.0,1050.0,1051.25,979
2025-05-19 04:00:00+00:00,1051.5,1051.5,1050.5,1050.75,83
2025-05-19 05:00:00+00:00,1050.5,1054.0,1050.5,1053.25,759
2025-05-19 06:00:00+00:00,1053.25,1054.75,1052.0,1052.5,1257
2025-05-19 07:00:00+00:00,1052.5,1055.5,1052.5,1054.5,1225
2025-05-19 08:00:00+00:00,1054.5,1055.0,1051.5,1053.0,1267
2025-05-19 09:00:00+00:00,1053.25,1054.25,1052.5,1052.75,537
2025-05-19 10:00:00+00:00,1053.25,1053.5,1052.5,1053.25,328
2025-05-19 11:00:00+00:00,1053.25,1056.0,1052.75,1054.5,1229
2025-05-19 12:00:00+00:00,1054.5,1055.5,1053.0,1053.75,1166
2025-05-19 13:00:00+00:00,1054.5,1054.75,1047.25,1047.5,14144
2025-05-19 14:00:00+00:00,1047.5,1050.5,1045.75,1050.0,11983
2025-05-19 15:00:00+00:00,1050.0,1051.75,1047.75,1048.25,6804
2025-05-19 16:00:00+00:00,1048.25,1052.75,1048.25,1050.25,6301
2025-05-19 17:00:00+00:00,1050.0,1051.75,1046.75,1049.0,8222
2025-05-19 18:00:00+00:00,1048.75,1052.5,1047.5,1051.25,9175
2025-05-20 00:00:00+00:00,1050.75,1051.75,1046.25,1046.75,0
2025-05-20 01:00:00+00:00,1046.75,1047.25,1046.25,1047.0,896
2025-05-20 02:00:00+00:00,1047.25,1048.25,1046.75,1047.5,651
2025-05-20 03:00:00+00:00,1047.5,1048.25,1047.5,1048.0,159
2025-05-20 04:00:00+00:00,1048.0,1048.0,1046.5,1046.75,186
2025-05-20 05:00:00+00:00,1047.5,1050.0,1047.25,1048.75,583
2025-05-20 06:00:00+00:00,1048.75,1050.0,1048.25,1049.0,766
2025-05-20 07:00:00+00:00,1049.0,1050.0,1048.25,1049.25,883
2025-05-20 08:00:00+00:00,1049.25,1050.5,1049.0,1049.75,585
2025-05-20 09:00:00+00:00,1049.75,1052.75,1049.75,1052.5,1396
2025-05-20 10:00:00+00:00,1052.75,1052.75,1051.75,1052.25,485
2025-05-20 11:00:00+00:00,1052.25,1053.0,1049.5,1050.5,1432
2025-05-20 12:00:00+00:00,1050.5,1053.0,1050.5,1052.5,1989
2025-05-20 13:00:00+00:00,1053.0,1053.75,1050.0,1052.25,11260
2025-05-20 14:00:00+00:00,1052.25,1056.75,1050.75,1053.75,14914
2025-05-20 15:00:00+00:00,1053.75,1054.25,1048.25,1048.5,12974
2025-05-20 16:00:00+00:00,1048.5,1051.5,1048.25,1051.0,10706
2025-05-20 17:00:00+00:00,1051.25,1053.75,1051.0,1053.0,8561
2025-05-20 18:00:00+00:00,1053.25,1054.5,1052.5,1054.25,9032
2025-05-21 00:00:00+00:00,1052.75,1058.0,1052.75,1055.25,0
2025-05-21 01:00:00+00:00,1055.25,1056.5,1054.25,1056.5,1273
2025-05-21 02:00:00+00:00,1056.75,1057.25,1054.5,1055.0,1227
2025-05-21 03:00:00+00:00,1055.0,1057.25,1055.0,1056.0,764
2025-05-21 04:00:00+00:00,1056.0,1056.5,1055.75,1056.0,100
2025-05-21 05:00:00+00:00,1056.25,1058.5,1056.25,1058.25,1082
2025-05-21 06:00:00+00:00,1058.25,1061.0,1058.0,1060.0,2629
2025-05-21 07:00:00+00:00,1059.75,1059.75,1056.25,1057.0,1542
2025-05-21 08:00:00+00:00,1056.75,1058.0,1056.75,1057.5,660
2025-05-21 09:00:00+00:00,1057.5,1059.25,1057.5,1059.0,696
2025-05-21 10:00:00+00:00,1058.75,1060.75,1058.0,1058.5,1516
2025-05-21 11:00:00+00:00,1058.5,1061.25,1058.25,1060.75,2682
2025-05-21 12:00:00+00:00,1060.75,1061.25,1058.25,1060.25,2294
2025-05-21 13:00:00+00:00,1060.0,1061.5,1056.0,1059.0,13339
2025-05-21 14:00:00+00:00,1058.75,1066.5,1058.0,1063.0,25559
2025-05-21 15:00:00+00:00,1062.75,1067.5,1059.75,1066.5,23930
2025-05-21 16:00:00+00:00,1066.25,1067.0,1063.5,1064.75,9952
2025-05-21 17:00:00+00:00,1064.75,1066.0,1061.0,1061.75,12549
2025-05-21 18:00:00+00:00,1062.0,1064.25,1061.0,1061.75,9676
2025-05-22 00:00:00+00:00,1057.0,1057.25,1051.0,1052.75,0
2025-05-22 01:00:00+00:00,1053.0,1054.5,1052.75,1053.0,2147
2025-05-22 02:00:00+00:00,1053.0,1056.0,1052.0,1055.0,3054
2025-05-22 03:00:00+00:00,1055.0,1055.25,1053.25,1053.25,361
2025-05-22 04:00:00+00:00,1053.5,1055.25,1053.5,1054.75,569
2025-05-22 05:00:00+00:00,1054.75,1058.0,1054.5,1058.0,1792
2025-05-22 06:00:00+00:00,1057.75,1060.5,1057.75,1059.0,3033
2025-05-22 07:00:00+00:00,1058.75,1059.0,1056.0,1057.5,2110
2025-05-22 08:00:00+00:00,1057.75,1057.75,1056.0,1056.25,913
2025-05-22 09:00:00+00:00,1056.0,1057.5,1055.25,1057.25,1276
2025-05-22 10:00:00+00:00,1057.25,1057.75,1055.5,1056.25,914
2025-05-22 11:00:00+00:00,1056.25,1061.25,1056.25,1060.25,2330
2025-05-22 12:00:00+00:00,1060.25,1062.0,1058.75,1061.0,4215
2025-05-22 13:00:00+00:00,1060.5,1068.75,1060.0,1068.25,18499
2025-05-22 14:00:00+00:00,1068.25,1069.25,1065.25,1067.75,17551
2025-05-22 15:00:00+00:00,1067.75,1070.75,1066.5,1068.75,10555
2025-05-22 16:00:00+00:00,1069.0,1069.25,1064.5,1066.5,9186
2025-05-22 17:00:00+00:00,1066.5,1069.0,1065.75,1067.0,7023
2025-05-22 18:00:00+00:00,1066.75,1068.25,1066.25,1067.75,8724
2025-05-23 00:00:00+00:00,1071.0,1073.25,1068.5,1069.5,0
2025-05-23 01:00:00+00:00,1069.5,1072.25,1068.75,1069.25,912
2025-05-23 02:00:00+00:00,1069.25,1070.25,1067.0,1068.5,1426
2025-05-23 03:00:00+00:00,1068.5,1069.5,1068.5,1068.5,228
2025-05-23 04:00:00+00:00,1068.75,1069.75,1068.5,1069.0,198
2025-05-23 05:00:00+00:00,1069.0,1069.75,1068.5,1068.5,663
2025-05-23 06:00:00+00:00,1068.5,1069.25,1067.75,1068.25,914
2025-05-23 07:00:00+00:00,1068.25,1069.5,1067.75,1069.25,601
2025-05-23 08:00:00+00:00,1069.25,1069.5,1067.25,1067.25,726
2025-05-23 09:00:00+00:00,1067.25,1068.0,1066.5,1067.0,1430
2025-05-23 10:00:00+00:00,1067.25,1067.75,1066.0,1067.0,2258
2025-05-23 11:00:00+00:00,1066.75,1068.25,1059.0,1060.5,7173
2025-05-23 12:00:00+00:00,1060.5,1061.25,1056.25,1059.5,8486
2025-05-23 13:00:00+00:00,1060.0,1061.75,1057.75,1060.0,13175
2025-05-23 14:00:00+00:00,1060.0,1061.75,1056.25,1056.5,13168
2025-05-23 15:00:00+00:00,1056.5,1060.25,1055.5,1059.0,10097
2025-05-23 16:00:00+00:00,1059.0,1061.0,1058.25,1059.0,8506
2025-05-23 17:00:00+00:00,1058.75,1060.75,1058.5,1059.25,6261
2025-05-23 18:00:00+00:00,1059.0,1061.0,1058.75,1060.75,9840
2025-05-27 00:00:00+00:00,1061.25,1064.5,1059.0,1064.5,2423
2025-05-27 01:00:00+00:00,1064.5,1064.5,1062.25,1062.75,728
2025-05-27 02:00:00+00:00,1063.0,1063.0,1062.0,1062.75,391
2025-05-27 03:00:00+00:00,1062.5,1065.0,1062.5,1063.75,284
2025-05-27 04:00:00+00:00,1063.75,1064.0,1063.5,1063.75,135
2025-05-27 05:00:00+00:00,1063.75,1064.25,1063.0,1064.25,420
2025-05-27 06:00:00+00:00,1064.5,1067.25,1064.25,1064.5,1835
2025-05-27 07:00:00+00:00,1064.5,1065.25,1063.25,1063.5,1247
2025-05-27 08:00:00+00:00,1063.75,1065.0,1063.5,1064.0,783
2025-05-27 09:00:00+00:00,1064.25,1066.5,1064.0,1064.5,1181
2025-05-27 10:00:00+00:00,1064.5,1064.5,1062.5,1062.75,809
2025-05-27 11:00:00+00:00,1062.75,1066.0,1061.75,1065.25,1666
2025-05-27 12:00:00+00:00,1065.0,1067.25,1063.5,1066.5,2641
2025-05-27 13:00:00+00:00,1066.0,1067.75,1065.0,1065.75,9986
2025-05-27 14:00:00+00:00,1065.75,1066.5,1060.25,1060.75,11610
2025-05-27 15:00:00+00:00,1061.0,1064.5,1060.0,1063.0,7036
2025-05-27 16:00:00+00:00,1062.75,1064.25,1060.25,1061.5,8350
2025-05-27 17:00:00+00:00,1061.5,1063.25,1061.25,1061.5,6591
2025-05-27 18:00:00+00:00,1061.75,1064.25,1061.0,1061.75,9892
2025-05-28 00:00:00+00:00,1061.75,1064.0,1061.0,1062.25,0
2025-05-28 01:00:00+00:00,1062.0,1063.0,1061.5,1062.0,514
2025-05-28 02:00:00+00:00,1062.25,1064.25,1062.0,1063.0,709
2025-05-28 03:00:00+00:00,1063.0,1063.25,1061.25,1062.5,535
2025-05-28 04:00:00+00:00,1062.5,1063.0,1062.5,1062.5,125
2025-05-28 05:00:00+00:00,1062.5,1062.75,1060.75,1060.75,679
2025-05-28 06:00:00+00:00,1060.75,1062.0,1060.0,1061.0,683
2025-05-28 07:00:00+00:00,1061.0,1062.0,1060.5,1060.75,1177
2025-05-28 08:00:00+00:00,1061.0,1062.0,1060.25,1061.75,730
2025-05-28 09:00:00+00:00,1061.75,1062.5,1060.75,1061.75,720
2025-05-28 10:00:00+00:00,1061.5,1062.25,1059.5,1059.75,1675
2025-05-28 11:00:00+00:00,1059.75,1060.0,1058.0,1058.25,2269
2025-05-28 12:00:00+00:00,1058.25,1060.75,1058.25,1058.5,1304
2025-05-28 13:00:00+00:00,1058.5,1058.75,1054.0,1055.75,12653
2025-05-28 14:00:00+00:00,1056.0,1056.75,1053.0,1053.75,10869
2025-05-28 15:00:00+00:00,1053.5,1054.5,1050.25,1050.75,13594
2025-05-28 16:00:00+00:00,1051.0,1051.0,1048.75,1049.0,11438
2025-05-28 17:00:00+00:00,1049.0,1051.5,1048.25,1048.75,9587
2025-05-28 18:00:00+00:00,1048.75,1049.75,1047.5,1048.5,9481
2025-05-29 00:00:00+00:00,1055.5,1055.75,1049.25,1052.0,0
2025-05-29 01:00:00+00:00,1051.75,1052.75,1049.75,1052.75,3343
2025-05-29 02:00:00+00:00,1053.0,1053.25,1051.0,1052.0,821
2025-05-29 03:00:00+00:00,1052.25,1052.75,1051.75,1051.75,302
2025-05-29 04:00:00+00:00,1051.75,1052.25,1051.25,1052.25,361
2025-05-29 05:00:00+00:00,1052.25,1053.5,1051.75,1052.75,1231
2025-05-29 06:00:00+00:00,1053.0,1053.75,1052.5,1053.25,2009
2025-05-29 07:00:00+00:00,1053.0,1053.75,1052.0,1053.5,825
2025-05-29 08:00:00+00:00,1053.5,1053.5,1051.75,1051.75,758
2025-05-29 09:00:00+00:00,1051.75,1052.0,1050.25,1050.25,800
2025-05-29 10:00:00+00:00,1050.5,1051.0,1049.75,1051.0,963
2025-05-29 11:00:00+00:00,1050.75,1051.25,1048.5,1048.5,1584
2025-05-29 12:00:00+00:00,1048.5,1048.75,1043.25,1044.25,6020
2025-05-29 13:00:00+00:00,1045.0,1045.0,1041.25,1042.75,16692
2025-05-29 14:00:00+00:00,1042.5,1045.0,1040.0,1043.75,15545
2025-05-29 15:00:00+00:00,1043.5,1045.75,1041.75,1045.25,12376
2025-05-29 16:00:00+00:00,1045.25,1049.5,1044.75,1048.75,10390
2025-05-29 17:00:00+00:00,1048.75,1050.25,1047.0,1050.0,9512
2025-05-29 18:00:00+00:00,1050.0,1052.5,1050.0,1050.75,9709
2025-05-30 00:00:00+00:00,1049.0,1049.75,1044.5,1045.5,0
2025-05-30 01:00:00+00:00,1045.5,1047.0,1045.5,1046.75,1612
2025-05-30 02:00:00+00:00,1046.75,1047.0,1044.0,1045.0,1099
2025-05-30 03:00:00+00:00,1044.75,1045.25,1044.25,1044.25,508
2025-05-30 04:00:00+00:00,1044.5,1044.75,1044.0,1044.0,233
2025-05-30 05:00:00+00:00,1044.0,1045.25,1043.75,1044.25,692
2025-05-30 06:00:00+00:00,1044.25,1047.5,1044.0,1046.75,2126
2025-05-30 07:00:00+00:00,1046.5,1047.5,1044.75,1047.0,905
2025-05-30 08:00:00+00:00,1047.25,1049.5,1047.25,1048.5,819
2025-05-30 09:00:00+00:00,1048.25,1050.0,1048.25,1049.0,511
2025-05-30 10:00:00+00:00,1049.0,1050.5,1049.0,1050.0,953
2025-05-30 11:00:00+00:00,1049.75,1050.5,1046.75,1047.25,1697
2025-05-30 12:00:00+00:00,1047.25,1048.0,1044.75,1047.0,2460
2025-05-30 13:00:00+00:00,1046.5,1049.75,1045.25,1048.25,15461
2025-05-30 14:00:00+00:00,1048.25,1049.0,1044.25,1045.25,11734
2025-05-30 15:00:00+00:00,1045.25,1046.0,1041.0,1041.75,10901
2025-05-30 16:00:00+00:00,1042.0,1042.5,1040.25,1041.5,9835
2025-05-30 17:00:00+00:00,1041.5,1043.25,1041.25,1042.0,8512
2025-05-30 18:00:00+00:00,1041.75,1043.0,1041.0,1042.25,13739
2025-06-02 00:00:00+00:00,1042.25,1042.5,1024.75,1039.75,2061
2025-06-02 01:00:00+00:00,1039.5,1040.5,1024.0,1038.75,1088
2025-06-02 02:00:00+00:00,1038.75,1039.0,1023.0,1038.25,1099
2025-06-02 03:00:00+00:00,1038.25,1038.25,1021.5,1037.25,542
2025-06-02 04:00:00+00:00,1021.5,1037.75,1021.0,1037.25,653
2025-06-02 05:00:00+00:00,1037.0,1037.75,1021.5,1037.25,297
2025-06-02 06:00:00+00:00,1037.25,1037.5,1020.5,1036.25,3068
2025-06-02 07:00:00+00:00,1021.0,1037.0,1020.75,1036.25,1366
2025-06-02 08:00:00+00:00,1036.0,1037.25,1019.5,1034.75,3622
2025-06-02 09:00:00+00:00,1034.5,1035.25,1018.75,1034.75,1716
2025-06-02 10:00:00+00:00,1034.75,1037.75,1019.5,1037.5,1821
2025-06-02 11:00:00+00:00,1037.25,1038.0,1020.0,1036.0,1057
2025-06-02 12:00:00+00:00,1020.5,1039.5,1020.25,1039.5,4304
2025-06-02 13:00:00+00:00,1022.5,1042.75,1021.75,1040.5,12884
2025-06-02 14:00:00+00:00,1040.75,1040.75,1015.5,1036.0,19305
2025-06-02 15:00:00+00:00,1036.25,1037.5,1017.5,1019.0,0
2025-06-02 16:00:00+00:00,1035.25,1037.25,1018.25,1035.75,41337
2025-06-02 17:00:00+00:00,1018.75,1037.0,1016.0,1033.25,10140
2025-06-02 18:00:00+00:00,1033.5,1035.25,1015.75,1017.75,11485
2025-06-03 00:00:00+00:00,1017.75,1036.25,1016.0,1034.25,0
2025-06-03 01:00:00+00:00,1016.5,1035.75,1016.25,1034.75,1971
2025-06-03 02:00:00+00:00,1035.0,1035.25,1016.5,1034.25,786
2025-06-03 03:00:00+00:00,1017.25,1036.25,1017.0,1035.25,492
2025-06-03 04:00:00+00:00,1035.25,1035.75,1017.75,1035.5,186
2025-06-03 05:00:00+00:00,1035.25,1036.25,1017.75,1035.0,571
2025-06-03 06:00:00+00:00,1035.0,1035.75,1016.0,1035.0,2589
2025-06-03 07:00:00+00:00,1034.75,1035.0,1016.25,1034.5,1102
2025-06-03 08:00:00+00:00,1016.25,1034.75,1015.5,1034.25,1008
2025-06-03 09:00:00+00:00,1034.25,1037.25,1015.25,1037.25,2642
2025-06-03 10:00:00+00:00,1037.25,1037.75,1016.75,1036.75,1769
2025-06-03 11:00:00+00:00,1018.75,1038.25,1018.5,1038.0,1209
2025-06-03 12:00:00+00:00,1019.5,1040.5,1019.25,1020.75,0
2025-06-03 13:00:00+00:00,1020.75,1021.5,1017.25,1018.25,22613
2025-06-03 14:00:00+00:00,1018.25,1023.5,1018.25,1022.5,11810
2025-06-03 15:00:00+00:00,1022.25,1022.5,1019.25,1021.0,4715
2025-06-03 16:00:00+00:00,1021.0,1023.0,1020.25,1022.5,3168
2025-06-03 17:00:00+00:00,1022.5,1023.25,1021.0,1021.5,4740
2025-06-03 18:00:00+00:00,1021.5,1022.0,1020.5,1020.75,0
2025-06-04 00:00:00+00:00,1021.5,1021.75,1019.75,1020.5,1235
2025-06-04 01:00:00+00:00,1020.25,1020.75,1020.0,1020.0,449
2025-06-04 02:00:00+00:00,1020.25,1020.75,1019.75,1020.0,140
2025-06-04 03:00:00+00:00,1019.5,1020.75,1019.25,1020.0,266
2025-06-04 04:00:00+00:00,1020.25,1021.0,1020.0,1020.0,72
2025-06-04 05:00:00+00:00,1020.0,1020.0,1018.75,1019.0,227
2025-06-04 06:00:00+00:00,1019.0,1020.25,1018.5,1019.75,1239
2025-06-04 07:00:00+00:00,1019.5,1022.5,1019.5,1022.25,931
2025-06-04 08:00:00+00:00,1022.25,1025.5,1022.25,1025.25,1542
2025-06-04 09:00:00+00:00,1025.0,1025.25,1024.0,1024.5,314
2025-06-04 10:00:00+00:00,1024.5,1025.5,1024.25,1025.0,0
2025-06-04 11:00:00+00:00,1025.0,1026.75,1024.75,1026.5,8955
2025-06-04 12:00:00+00:00,1026.5,1027.0,1025.5,1026.75,0
2025-06-04 13:00:00+00:00,1026.0,1028.0,1025.5,1027.5,19473
2025-06-04 14:00:00+00:00,1027.5,1031.25,1027.25,1028.5,9205
2025-06-04 15:00:00+00:00,1028.25,1029.0,1025.0,1027.5,8585
2025-06-04 16:00:00+00:00,1027.5,1028.5,1026.25,1026.25,7449
2025-06-04 17:00:00+00:00,1026.25,1026.75,1024.75,1024.75,7591
2025-06-04 18:00:00+00:00,1025.0,1025.5,1024.0,1025.25,0
2025-06-05 00:00:00+00:00,1025.0,1026.0,1023.25,1024.75,979
2025-06-05 01:00:00+00:00,1024.75,1025.75,1024.5,1025.0,803
2025-06-05 02:00:00+00:00,1025.25,1025.5,1024.5,1025.0,407
2025-06-05 03:00:00+00:00,1025.0,1025.0,1024.25,1024.25,208
2025-06-05 04:00:00+00:00,1024.25,1024.5,1023.5,1024.0,569
2025-06-05 05:00:00+00:00,1023.75,1024.25,1023.75,1024.0,124
2025-06-05 06:00:00+00:00,1023.75,1023.75,1022.5,1023.25,1049
2025-06-05 07:00:00+00:00,1023.5,1025.25,1023.25,1024.5,1557
2025-06-05 08:00:00+00:00,1024.5,1024.75,1023.75,1024.0,514
2025-06-05 09:00:00+00:00,1023.75,1024.0,1022.5,1023.0,1004
2025-06-05 10:00:00+00:00,1023.0,1024.25,1022.5,1024.25,682
2025-06-05 11:00:00+00:00,1024.25,1024.25,1022.5,1023.75,1892
2025-06-05 12:00:00+00:00,1023.5,1023.5,1022.0,1023.0,0
2025-06-05 13:00:00+00:00,1026.0,1028.0,1022.75,1023.25,21119
2025-06-05 14:00:00+00:00,1023.0,1033.0,1021.75,1032.0,17879
2025-06-05 15:00:00+00:00,1032.0,1032.0,1028.25,1030.75,10798
2025-06-05 16:00:00+00:00,1031.0,1034.75,1031.0,1032.5,11651
2025-06-05 17:00:00+00:00,1032.5,1036.0,1032.25,1034.25,5831
2025-06-05 18:00:00+00:00,1034.25,1034.5,1031.25,1032.5,0
2025-06-06 00:00:00+00:00,1032.25,1037.25,1032.25,1035.0,1878
2025-06-06 01:00:00+00:00,1034.75,1038.75,1034.75,1036.75,1113
2025-06-06 02:00:00+00:00,1036.75,1037.25,1036.5,1036.5,213
2025-06-06 03:00:00+00:00,1036.5,1037.25,1036.5,1037.25,202
2025-06-06 04:00:00+00:00,1037.5,1037.75,1037.25,1037.5,338
2025-06-06 05:00:00+00:00,1037.5,1037.5,1036.0,1036.25,440
2025-06-06 06:00:00+00:00,1036.25,1037.0,1035.5,1036.5,1194
2025-06-06 07:00:00+00:00,1036.5,1036.75,1032.75,1033.25,733
2025-06-06 08:00:00+00:00,1033.0,1033.25,1030.5,1031.0,1043
2025-06-06 09:00:00+00:00,1030.75,1031.25,1029.75,1030.25,623
2025-06-06 10:00:00+00:00,1030.25,1030.75,1028.75,1029.0,749
2025-06-06 11:00:00+00:00,1029.0,1031.25,1028.5,1031.25,1172
2025-06-06 12:00:00+00:00,1031.0,1031.25,1029.75,1030.0,1381
2025-06-06 13:00:00+00:00,1030.5,1035.0,1030.25,1034.25,6733
2025-06-06 14:00:00+00:00,1034.0,1035.0,1030.75,1034.0,9866
2025-06-06 15:00:00+00:00,1034.0,1036.75,1033.25,1036.25,9692
2025-06-06 16:00:00+00:00,1036.25,1036.75,1035.25,1035.75,6429
2025-06-06 17:00:00+00:00,1036.0,1037.0,1035.25,1036.25,7046
2025-06-06 18:00:00+00:00,1036.25,1037.75,1036.0,1037.5,13167
2025-06-09 00:00:00+00:00,1037.0,1037.5,1033.5,1035.75,1861
2025-06-09 01:00:00+00:00,1035.75,1037.5,1034.75,1037.0,186
2025-06-09 02:00:00+00:00,1037.0,1038.0,1036.75,1038.0,164
2025-06-09 03:00:00+00:00,1038.25,1039.25,1037.75,1038.0,448
2025-06-09 04:00:00+00:00,1038.25,1038.25,1038.0,1038.0,31
2025-06-09 05:00:00+00:00,1038.25,1038.75,1038.25,1038.75,38
2025-06-09 06:00:00+00:00,1038.75,1040.25,1038.25,1039.75,955
2025-06-09 07:00:00+00:00,1040.0,1040.0,1038.25,1039.0,410
2025-06-09 08:00:00+00:00,1039.0,1039.0,1036.25,1036.25,541
2025-06-09 09:00:00+00:00,1035.75,1036.25,1035.25,1036.0,370
2025-06-09 10:00:00+00:00,1035.75,1038.0,1035.75,1036.25,1259
2025-06-09 11:00:00+00:00,1036.5,1037.5,1036.25,1037.25,621
2025-06-09 12:00:00+00:00,1037.25,1038.5,1036.5,1037.25,0
2025-06-09 13:00:00+00:00,1037.0,1037.25,1032.75,1033.5,22662
2025-06-09 14:00:00+00:00,1033.5,1035.25,1031.5,1032.0,11139
2025-06-09 15:00:00+00:00,1032.25,1032.75,1029.5,1030.5,8323
2025-06-09 16:00:00+00:00,1030.5,1031.5,1029.75,1031.5,8077
2025-06-09 17:00:00+00:00,1031.75,1033.75,1031.5,1032.25,8924
2025-06-09 18:00:00+00:00,1032.5,1032.75,1029.5,1029.5,0
2025-06-10 00:00:00+00:00,1031.0,1032.0,1029.5,1030.25,1033
2025-06-10 01:00:00+00:00,1030.25,1034.5,1030.25,1034.0,1257
2025-06-10 02:00:00+00:00,1034.0,1034.75,1034.0,1034.5,797
2025-06-10 03:00:00+00:00,1034.5,1035.0,1034.0,1034.5,538
2025-06-10 04:00:00+00:00,1034.75,1034.75,1034.5,1034.5,103
2025-06-10 05:00:00+00:00,1034.5,1034.5,1032.75,1034.0,410
2025-06-10 06:00:00+00:00,1034.25,1035.0,1033.5,1034.0,1134
2025-06-10 07:00:00+00:00,1033.75,1033.75,1030.75,1030.75,666
2025-06-10 08:00:00+00:00,1031.0,1032.25,1030.75,1031.0,622
2025-06-10 09:00:00+00:00,1031.0,1032.0,1030.5,1031.25,886
2025-06-10 10:00:00+00:00,1031.5,1031.75,1029.75,1030.25,485
2025-06-10 11:00:00+00:00,1030.5,1030.5,1029.75,1030.25,1256
2025-06-10 12:00:00+00:00,1030.5,1033.0,1030.5,1032.5,0
2025-06-10 13:00:00+00:00,1031.75,1033.5,1029.5,1033.25,21757
2025-06-10 14:00:00+00:00,1033.25,1035.0,1031.0,1032.75,16986
2025-06-10 15:00:00+00:00,1033.0,1033.0,1029.25,1030.0,13023
2025-06-10 16:00:00+00:00,1030.0,1033.25,1029.0,1031.0,8570
2025-06-10 17:00:00+00:00,1030.5,1031.75,1030.0,1031.25,10325
2025-06-10 18:00:00+00:00,1031.0,1031.75,1030.5,1031.25,0
2025-06-11 00:00:00+00:00,1031.75,1032.75,1029.75,1030.0,1690
2025-06-11 01:00:00+00:00,1030.0,1032.75,1030.0,1032.25,584
2025-06-11 02:00:00+00:00,1032.0,1032.25,1031.75,1032.0,58
2025-06-11 03:00:00+00:00,1031.5,1032.0,1030.75,1031.75,132
2025-06-11 04:00:00+00:00,1032.0,1032.5,1032.0,1032.5,48
2025-06-11 05:00:00+00:00,1032.5,1033.5,1032.0,1033.0,552
2025-06-11 06:00:00+00:00,1033.0,1033.75,1031.5,1032.5,807
2025-06-11 07:00:00+00:00,1032.75,1034.75,1032.75,1034.75,1016
2025-06-11 08:00:00+00:00,1034.5,1035.25,1034.0,1034.25,750
2025-06-11 09:00:00+00:00,1034.0,1034.0,1032.25,1033.5,929
2025-06-11 10:00:00+00:00,1033.75,1035.0,1033.0,1034.75,1236
2025-06-11 11:00:00+00:00,1034.75,1035.5,1034.0,1035.5,1825
2025-06-11 12:00:00+00:00,1035.75,1037.0,1034.75,1035.0,0
2025-06-11 13:00:00+00:00,1035.0,1035.25,1027.5,1032.0,28866
2025-06-11 14:00:00+00:00,1031.75,1033.0,1029.25,1030.25,11861
2025-06-11 15:00:00+00:00,1029.75,1033.5,1028.75,1031.5,9695
2025-06-11 16:00:00+00:00,1031.5,1032.0,1029.75,1031.25,7111
2025-06-11 17:00:00+00:00,1031.0,1031.0,1027.75,1029.5,11905
2025-06-11 18:00:00+00:00,1029.25,1029.75,1028.0,1029.25,0
2025-06-12 00:00:00+00:00,1029.25,1031.5,1028.0,1028.25,12510
2025-06-12 01:00:00+00:00,1028.25,1030.5,1028.25,1029.5,2508
2025-06-12 02:00:00+00:00,1029.25,1029.5,1028.5,1029.25,730
2025-06-12 03:00:00+00:00,1029.0,1030.5,1028.75,1030.25,516
2025-06-12 04:00:00+00:00,1030.25,1030.25,1029.75,1030.0,129
2025-06-12 05:00:00+00:00,1029.75,1029.75,1029.25,1029.75,497
2025-06-12 06:00:00+00:00,1030.0,1030.75,1028.25,1028.25,688
2025-06-12 07:00:00+00:00,1028.25,1028.25,1025.0,1026.0,3482
2025-06-12 08:00:00+00:00,1026.0,1027.0,1025.5,1027.0,778
2025-06-12 09:00:00+00:00,1027.0,1027.75,1026.75,1027.25,1751
2025-06-12 10:00:00+00:00,1027.5,1029.0,1027.25,1029.0,1456
2025-06-12 11:00:00+00:00,1029.0,1030.75,1028.0,1030.5,0
2025-06-12 12:00:00+00:00,1030.75,1034.75,1030.25,1034.75,0
2025-06-12 13:00:00+00:00,1035.0,1038.0,1032.25,1033.75,49064
2025-06-12 14:00:00+00:00,1033.75,1036.0,1030.5,1031.75,16644
2025-06-12 15:00:00+00:00,1031.75,1031.75,1026.25,1028.75,12552
2025-06-12 16:00:00+00:00,1029.0,1031.0,1022.0,1023.5,22599
2025-06-12 17:00:00+00:00,1023.5,1028.0,1023.5,1027.75,12235
2025-06-12 18:00:00+00:00,1027.75,1028.0,1026.25,1026.75,0
2025-06-13 00:00:00+00:00,1027.0,1029.5,1025.0,1029.25,2074
2025-06-13 01:00:00+00:00,1029.0,1033.25,1029.0,1033.0,1670
2025-06-13 02:00:00+00:00,1033.0,1036.25,1032.5,1035.75,1300
2025-06-13 03:00:00+00:00,1035.5,1035.75,1032.5,1033.25,1013
2025-06-13 04:00:00+00:00,1033.25,1033.5,1032.0,1032.0,258
2025-06-13 05:00:00+00:00,1032.0,1032.25,1030.5,1031.0,626
2025-06-13 06:00:00+00:00,1031.0,1031.5,1027.75,1028.25,585
2025-06-13 07:00:00+00:00,1028.25,1029.0,1027.0,1027.75,979
2025-06-13 08:00:00+00:00,1027.75,1030.0,1027.5,1029.25,359
2025-06-13 09:00:00+00:00,1029.25,1030.0,1028.0,1030.0,750
2025-06-13 10:00:00+00:00,1030.25,1030.25,1027.25,1027.25,633
2025-06-13 11:00:00+00:00,1027.25,1028.0,1026.5,1028.0,956
2025-06-13 12:00:00+00:00,1027.75,1029.5,1027.75,1029.5,0
2025-06-13 13:00:00+00:00,1030.25,1053.0,1028.0,1050.0,53782
2025-06-13 14:00:00+00:00,1049.5,1051.75,1045.75,1046.75,27265
2025-06-13 15:00:00+00:00,1046.5,1051.0,1045.25,1050.5,16062
2025-06-13 16:00:00+00:00,1050.75,1052.25,1049.25,1052.0,13794
2025-06-13 17:00:00+00:00,1052.25,1053.0,1050.0,1052.0,13175
2025-06-13 18:00:00+00:00,1052.0,1055.5,1052.0,1054.0,11826
2025-06-16 00:00:00+00:00,1054.75,1065.0,1054.75,1056.25,7892
2025-06-16 01:00:00+00:00,1056.25,1056.75,1053.75,1056.0,1865
2025-06-16 02:00:00+00:00,1055.75,1056.25,1053.5,1053.75,930
2025-06-16 03:00:00+00:00,1053.75,1056.0,1053.25,1056.0,518
2025-06-16 04:00:00+00:00,1056.0,1056.5,1055.75,1055.75,352
2025-06-16 05:00:00+00:00,1056.0,1057.75,1055.0,1056.5,984
2025-06-16 06:00:00+00:00,1056.5,1058.25,1056.0,1057.75,790
2025-06-16 07:00:00+00:00,1057.75,1060.0,1057.5,1058.0,1902
2025-06-16 08:00:00+00:00,1058.0,1058.0,1055.0,1055.25,1873
2025-06-16 09:00:00+00:00,1055.75,1056.5,1055.25,1056.0,568
2025-06-16 10:00:00+00:00,1056.0,1056.75,1055.5,1055.75,292
2025-06-16 11:00:00+00:00,1056.0,1062.0,1055.75,1061.75,3891
2025-06-16 12:00:00+00:00,1061.5,1062.0,1059.75,1060.75,0
2025-06-16 13:00:00+00:00,1060.0,1064.5,1059.0,1059.25,48996
2025-06-16 14:00:00+00:00,1059.25,1061.25,1052.25,1058.0,24397
2025-06-16 15:00:00+00:00,1058.0,1058.5,1053.5,1057.5,9817
2025-06-16 16:00:00+00:00,1057.5,1059.5,1055.75,1058.75,10436
2025-06-16 17:00:00+00:00,1058.25,1061.75,1057.25,1061.75,12906
2025-06-16 18:00:00+00:00,1061.75,1062.0,1059.75,1060.75,0
2025-06-17 00:00:00+00:00,1060.5,1061.75,1056.0,1056.75,6791
2025-06-17 01:00:00+00:00,1056.75,1058.5,1056.25,1058.25,1781
2025-06-17 02:00:00+00:00,1058.5,1061.0,1057.75,1060.75,776
2025-06-17 03:00:00+00:00,1061.0,1061.5,1059.0,1060.75,635
2025-06-17 04:00:00+00:00,1060.25,1060.5,1059.5,1059.75,647
2025-06-17 05:00:00+00:00,1060.0,1062.5,1059.25,1061.25,823
2025-06-17 06:00:00+00:00,1061.25,1062.25,1059.0,1060.5,745
2025-06-17 07:00:00+00:00,1060.75,1062.0,1060.75,1061.5,955
2025-06-17 08:00:00+00:00,1061.75,1062.25,1061.0,1061.5,197
2025-06-17 09:00:00+00:00,1061.75,1062.0,1060.25,1060.75,1420
2025-06-17 10:00:00+00:00,1061.0,1061.25,1059.5,1060.25,1059
2025-06-17 11:00:00+00:00,1060.5,1061.75,1059.25,1061.75,1798
2025-06-17 12:00:00+00:00,1061.75,1063.0,1060.5,1063.0,0
2025-06-17 13:00:00+00:00,1062.0,1064.0,1058.5,1063.75,38446
2025-06-17 14:00:00+00:00,1064.0,1067.25,1062.25,1065.75,21385
2025-06-17 15:00:00+00:00,1065.5,1068.0,1065.0,1067.75,16035
2025-06-17 16:00:00+00:00,1067.75,1068.75,1065.75,1066.75,10471
2025-06-17 17:00:00+00:00,1066.75,1067.5,1065.5,1066.0,9119
2025-06-17 18:00:00+00:00,1066.0,1068.5,1065.75,1068.0,0
2025-06-18 00:00:00+00:00,1064.5,1067.75,1063.75,1066.25,5092
2025-06-18 01:00:00+00:00,1066.0,1068.5,1065.75,1067.0,3061
2025-06-18 02:00:00+00:00,1067.0,1069.0,1066.75,1069.0,1061
2025-06-18 03:00:00+00:00,1069.0,1069.0,1067.25,1067.5,496
2025-06-18 04:00:00+00:00,1067.75,1068.25,1067.75,1067.75,64
2025-06-18 05:00:00+00:00,1068.0,1068.0,1066.25,1067.0,563
2025-06-18 06:00:00+00:00,1067.25,1068.5,1066.5,1068.5,1124
2025-06-18 07:00:00+00:00,1068.25,1069.0,1068.0,1068.5,704
2025-06-18 08:00:00+00:00,1068.5,1069.75,1068.5,1068.75,2319
2025-06-18 09:00:00+00:00,1069.0,1069.0,1065.25,1065.5,2177
2025-06-18 10:00:00+00:00,1065.75,1067.0,1065.25,1065.5,831
2025-06-18 11:00:00+00:00,1065.25,1068.5,1065.0,1068.5,1432
2025-06-18 12:00:00+00:00,1068.25,1069.5,1066.25,1066.5,1743
2025-06-18 13:00:00+00:00,1066.5,1068.25,1065.0,1067.5,12744
2025-06-18 14:00:00+00:00,1067.75,1071.75,1067.0,1070.0,19266
2025-06-18 15:00:00+00:00,1070.5,1071.75,1068.0,1070.0,12380
2025-06-18 16:00:00+00:00,1070.25,1070.75,1068.75,1069.0,15004
2025-06-18 17:00:00+00:00,1069.0,1069.75,1067.75,1067.75,7940
2025-06-18 18:00:00+00:00,1067.75,1068.75,1066.25,1066.75,0
2025-06-20 00:00:00+00:00,1068.5,1069.0,1065.75,1067.75,4611
2025-06-20 01:00:00+00:00,1067.75,1070.75,1067.25,1069.25,4034
2025-06-20 02:00:00+00:00,1069.0,1069.75,1068.25,1068.5,752
2025-06-20 03:00:00+00:00,1068.5,1068.5,1065.5,1068.25,1029
2025-06-20 04:00:00+00:00,1068.25,1069.25,1067.75,1067.75,391
2025-06-20 05:00:00+00:00,1067.5,1068.0,1066.25,1066.25,438
2025-06-20 06:00:00+00:00,1066.5,1068.25,1065.0,1067.75,1684
2025-06-20 07:00:00+00:00,1067.5,1068.5,1065.75,1068.25,1703
2025-06-20 08:00:00+00:00,1068.25,1071.75,1068.25,1071.5,3819
2025-06-20 09:00:00+00:00,1071.25,1073.0,1071.0,1072.0,2153
2025-06-20 10:00:00+00:00,1072.0,1072.5,1071.25,1071.75,609
2025-06-20 11:00:00+00:00,1072.0,1073.0,1071.25,1072.0,697
2025-06-20 12:00:00+00:00,1072.25,1074.25,1071.75,1072.5,0
2025-06-20 13:00:00+00:00,1072.0,1073.0,1066.5,1068.25,39808
2025-06-20 14:00:00+00:00,1068.0,1069.75,1066.75,1069.25,15398
2025-06-20 15:00:00+00:00,1069.25,1069.25,1065.25,1065.75,16193
2025-06-20 16:00:00+00:00,1065.75,1066.0,1061.75,1063.5,15925
2025-06-20 17:00:00+00:00,1063.5,1064.0,1059.75,1060.0,11856
2025-06-20 18:00:00+00:00,1060.0,1061.25,1059.5,1060.5,11379
2025-06-23 00:00:00+00:00,1065.75,1067.75,1062.0,1063.0,6332
2025-06-23 01:00:00+00:00,1063.25,1064.25,1059.75,1060.75,1898
2025-06-23 02:00:00+00:00,1061.0,1062.75,1060.5,1061.75,841
2025-06-23 03:00:00+00:00,1061.75,1062.25,1060.75,1061.75,512
2025-06-23 04:00:00+00:00,1062.0,1062.25,1061.25,1061.25,700
2025-06-23 05:00:00+00:00,1061.25,1061.75,1060.0,1061.75,665
2025-06-23 06:00:00+00:00,1061.5,1062.25,1058.25,1058.5,1725
2025-06-23 07:00:00+00:00,1058.25,1059.0,1057.25,1058.5,1602
2025-06-23 08:00:00+00:00,1058.5,1058.5,1056.75,1057.5,1212
2025-06-23 09:00:00+00:00,1057.25,1058.75,1056.75,1058.25,1513
2025-06-23 10:00:00+00:00,1058.5,1059.75,1058.25,1059.25,1928
2025-06-23 11:00:00+00:00,1059.25,1059.75,1058.0,1058.75,1006
2025-06-23 12:00:00+00:00,1057.75,1057.75,1054.75,1055.0,0
2025-06-23 13:00:00+00:00,1055.75,1057.75,1052.5,1054.5,41318
2025-06-23 14:00:00+00:00,1054.25,1055.25,1052.25,1052.5,18259
2025-06-23 15:00:00+00:00,1049.5,1050.5,1045.75,1046.5,23634
2025-06-23 16:00:00+00:00,1046.75,1048.5,1044.5,1046.25,20059
2025-06-23 17:00:00+00:00,1046.0,1047.0,1044.5,1046.0,12698
2025-06-23 18:00:00+00:00,1046.0,1048.0,1044.0,1046.5,0
2025-06-24 00:00:00+00:00,1040.75,1046.0,1038.5,1041.25,7872
2025-06-24 01:00:00+00:00,1041.25,1048.25,1041.0,1048.0,5650
2025-06-24 02:00:00+00:00,1048.0,1049.75,1047.5,1049.25,1749
2025-06-24 03:00:00+00:00,1049.25,1049.25,1047.75,1048.5,831
2025-06-24 04:00:00+00:00,1048.5,1048.5,1047.25,1048.0,295
2025-06-24 05:00:00+00:00,1048.0,1048.0,1045.75,1046.75,931
2025-06-24 06:00:00+00:00,1046.75,1047.0,1044.0,1045.5,2519
2025-06-24 07:00:00+00:00,1045.5,1046.25,1043.25,1044.0,2031
2025-06-24 08:00:00+00:00,1044.0,1044.25,1042.0,1042.25,1332
2025-06-24 09:00:00+00:00,1042.25,1044.75,1042.25,1044.0,1422
2025-06-24 10:00:00+00:00,1044.0,1044.75,1043.25,1044.0,2467
2025-06-24 11:00:00+00:00,1043.75,1043.75,1039.5,1039.5,3328
2025-06-24 12:00:00+00:00,1039.5,1041.25,1039.25,1041.0,2246
2025-06-24 13:00:00+00:00,1040.75,1042.0,1039.0,1040.5,12182
2025-06-24 14:00:00+00:00,1040.25,1042.0,1037.25,1039.75,23345
2025-06-24 15:00:00+00:00,1040.75,1041.0,1038.25,1039.25,11058
2025-06-24 16:00:00+00:00,1039.0,1039.5,1036.75,1037.0,13183
2025-06-24 17:00:00+00:00,1037.0,1038.75,1036.75,1037.5,10200
2025-06-24 18:00:00+00:00,1037.75,1038.0,1036.5,1037.0,0
2025-06-25 00:00:00+00:00,1037.0,1041.75,1035.75,1039.25,5306
2025-06-25 01:00:00+00:00,1039.25,1040.25,1038.25,1040.25,3651
2025-06-25 02:00:00+00:00,1040.0,1040.25,1038.25,1038.25,834
2025-06-25 03:00:00+00:00,1038.25,1040.0,1038.25,1039.5,434
2025-06-25 04:00:00+00:00,1039.75,1040.5,1039.25,1039.25,722
2025-06-25 05:00:00+00:00,1039.25,1040.0,1038.5,1038.75,1027
2025-06-25 06:00:00+00:00,1038.75,1039.75,1038.25,1038.5,1766
2025-06-25 07:00:00+00:00,1038.25,1040.0,1036.5,1037.25,3168
2025-06-25 08:00:00+00:00,1037.25,1037.25,1035.75,1036.25,1401
2025-06-25 09:00:00+00:00,1036.25,1036.25,1034.25,1034.75,1273
2025-06-25 10:00:00+00:00,1034.75,1034.75,1032.75,1032.75,1026
2025-06-25 11:00:00+00:00,1032.75,1032.75,1030.75,1031.0,3995
2025-06-25 12:00:00+00:00,1031.0,1032.75,1030.0,1032.5,0
2025-06-25 13:00:00+00:00,1033.5,1033.75,1025.75,1028.5,52922
2025-06-25 14:00:00+00:00,1028.25,1032.0,1027.0,1027.25,20269
2025-06-25 15:00:00+00:00,1028.25,1029.0,1025.75,1026.5,15496
2025-06-25 16:00:00+00:00,1026.25,1028.5,1023.5,1023.75,19204
2025-06-25 17:00:00+00:00,1023.75,1024.0,1019.0,1019.25,25806
2025-06-25 18:00:00+00:00,1019.25,1020.75,1017.0,1018.25,0
2025-06-26 00:00:00+00:00,1021.5,1022.5,1017.75,1018.25,3627
2025-06-26 01:00:00+00:00,1018.5,1020.0,1016.75,1018.75,5022
2025-06-26 02:00:00+00:00,1018.75,1021.25,1018.5,1020.5,3141
2025-06-26 03:00:00+00:00,1020.5,1020.5,1018.75,1019.5,538
2025-06-26 04:00:00+00:00,1019.5,1019.5,1018.75,1019.5,245
2025-06-26 05:00:00+00:00,1019.25,1020.5,1018.75,1020.5,2058
2025-06-26 06:00:00+00:00,1020.5,1020.5,1018.5,1019.0,2885
2025-06-26 07:00:00+00:00,1019.0,1019.25,1016.0,1017.25,2292
2025-06-26 08:00:00+00:00,1017.5,1021.5,1017.5,1020.75,2079
2025-06-26 09:00:00+00:00,1021.25,1022.0,1020.0,1021.0,1907
2025-06-26 10:00:00+00:00,1021.25,1022.0,1019.5,1020.25,1453
2025-06-26 11:00:00+00:00,1020.0,1020.5,1016.0,1016.25,2547
2025-06-26 12:00:00+00:00,1016.25,1021.0,1016.25,1021.0,3760
2025-06-26 13:00:00+00:00,1021.5,1023.0,1015.5,1016.5,18684
2025-06-26 14:00:00+00:00,1014.75,1019.75,1014.5,1015.75,25994
2025-06-26 15:00:00+00:00,1015.75,1017.5,1014.5,1015.0,9949
2025-06-26 16:00:00+00:00,1015.25,1019.0,1014.75,1016.0,13783
2025-06-26 17:00:00+00:00,1016.0,1018.0,1015.5,1017.25,12303
2025-06-26 18:00:00+00:00,1017.25,1017.75,1015.5,1016.25,0
2025-06-27 00:00:00+00:00,1017.5,1018.75,1013.25,1015.0,4623
2025-06-27 01:00:00+00:00,1015.0,1017.0,1014.0,1016.25,1561
2025-06-27 02:00:00+00:00,1016.25,1017.75,1015.75,1017.25,1565
2025-06-27 03:00:00+00:00,1017.25,1017.5,1015.5,1016.25,1141
2025-06-27 04:00:00+00:00,1015.75,1016.25,1015.25,1015.75,377
2025-06-27 05:00:00+00:00,1015.5,1017.25,1015.5,1016.5,786
2025-06-27 06:00:00+00:00,1016.75,1018.0,1016.25,1018.0,872
2025-06-27 07:00:00+00:00,1018.0,1022.5,1018.0,1020.5,5812
2025-06-27 08:00:00+00:00,1020.5,1021.0,1019.25,1019.25,1129
2025-06-27 09:00:00+00:00,1019.25,1021.25,1019.0,1020.25,2226
2025-06-27 10:00:00+00:00,1020.25,1021.75,1020.0,1021.5,1335
2025-06-27 11:00:00+00:00,1021.5,1022.75,1018.5,1018.5,2489
2025-06-27 12:00:00+00:00,1018.5,1019.5,1016.75,1019.0,3007
2025-06-27 13:00:00+00:00,1020.0,1022.5,1018.0,1019.0,14710
2025-06-27 14:00:00+00:00,1019.25,1022.75,1018.5,1022.5,12223
2025-06-27 15:00:00+00:00,1022.75,1025.75,1022.75,1024.75,11222
2025-06-27 16:00:00+00:00,1024.75,1028.75,1024.75,1027.5,11424
2025-06-27 17:00:00+00:00,1027.5,1032.0,1027.25,1029.0,11577
2025-06-27 18:00:00+00:00,1029.25,1029.75,1023.5,1025.25,13471
2025-06-30 00:00:00+00:00,1026.5,1029.25,1025.75,1027.0,3626
2025-06-30 01:00:00+00:00,1027.0,1027.75,1024.25,1024.5,1097
2025-06-30 02:00:00+00:00,1024.75,1027.0,1024.5,1027.0,1614
2025-06-30 03:00:00+00:00,1026.75,1027.25,1026.25,1026.5,705
2025-06-30 04:00:00+00:00,1026.5,1027.0,1026.25,1026.75,258
2025-06-30 05:00:00+00:00,1026.5,1027.25,1026.25,1026.5,399
2025-06-30 06:00:00+00:00,1026.5,1027.5,1025.0,1027.0,1565
2025-06-30 07:00:00+00:00,1027.0,1028.0,1025.5,1025.75,1258
2025-06-30 08:00:00+00:00,1025.75,1029.5,1025.5,1028.75,2617
2025-06-30 09:00:00+00:00,1028.75,1030.25,1027.25,1027.5,806
2025-06-30 10:00:00+00:00,1027.5,1029.25,1027.25,1029.0,1052
2025-06-30 11:00:00+00:00,1029.0,1029.5,1027.5,1028.0,1394
2025-06-30 12:00:00+00:00,1028.25,1031.0,1026.5,1030.75,0
2025-06-30 13:00:00+00:00,1028.75,1033.75,1028.75,1032.0,34324
2025-06-30 14:00:00+00:00,1031.5,1038.25,1031.5,1036.75,16329
2025-06-30 15:00:00+00:00,1037.0,1038.25,1035.75,1037.5,13975
2025-06-30 16:00:00+00:00,1037.0,1038.0,1018.5,1028.25,56601
2025-06-30 17:00:00+00:00,1028.5,1030.25,1026.0,1028.5,11524
2025-06-30 18:00:00+00:00,1028.5,1030.0,1026.25,1027.5,0
2025-07-01 00:00:00+00:00,1023.25,1028.5,1022.75,1023.25,7005
2025-07-01 01:00:00+00:00,1023.5,1025.5,1023.25,1023.75,2224
2025-07-01 02:00:00+00:00,1023.75,1024.5,1023.25,1024.5,1017
2025-07-01 03:00:00+00:00,1024.25,1024.25,1023.5,1024.25,363
2025-07-01 04:00:00+00:00,1024.25,1025.0,1024.0,1024.75,1824
2025-07-01 05:00:00+00:00,1024.75,1024.75,1023.25,1024.25,719
2025-07-01 06:00:00+00:00,1023.75,1024.5,1022.5,1022.75,4233
2025-07-01 07:00:00+00:00,1022.75,1023.25,1019.0,1020.0,3135
2025-07-01 08:00:00+00:00,1020.25,1021.0,1018.75,1019.5,2623
2025-07-01 09:00:00+00:00,1019.5,1020.75,1018.75,1019.75,3050
2025-07-01 10:00:00+00:00,1019.5,1020.5,1019.5,1020.0,2675
2025-07-01 11:00:00+00:00,1020.0,1022.25,1018.5,1018.75,4183
2025-07-01 12:00:00+00:00,1018.5,1019.75,1016.0,1017.25,9938
2025-07-01 13:00:00+00:00,1017.25,1020.75,1014.0,1020.25,24345
2025-07-01 14:00:00+00:00,1020.25,1024.75,1019.75,1024.75,16489
2025-07-01 15:00:00+00:00,1024.75,1027.0,1024.25,1025.75,12588
2025-07-01 16:00:00+00:00,1025.75,1027.75,1025.25,1026.75,10873
2025-07-01 17:00:00+00:00,1027.0,1029.25,1026.25,1027.75,14115
2025-07-01 18:00:00+00:00,1027.75,1028.25,1025.5,1027.5,0
2025-07-02 00:00:00+00:00,1027.0,1028.75,1025.75,1026.25,2303
2025-07-02 01:00:00+00:00,1026.0,1027.25,1025.25,1025.75,1975
2025-07-02 02:00:00+00:00,1025.5,1026.25,1024.75,1025.0,2190
2025-07-02 03:00:00+00:00,1025.0,1025.5,1024.75,1025.5,993
2025-07-02 04:00:00+00:00,1025.75,1026.25,1025.5,1026.0,225
2025-07-02 05:00:00+00:00,1025.75,1028.0,1025.75,1027.0,659
2025-07-02 06:00:00+00:00,1026.75,1027.75,1026.5,1026.75,752
2025-07-02 07:00:00+00:00,1026.75,1029.5,1026.0,1029.0,1494
2025-07-02 08:00:00+00:00,1028.75,1032.5,1028.5,1031.75,3174
2025-07-02 09:00:00+00:00,1031.5,1032.75,1030.75,1032.25,2075
2025-07-02 10:00:00+00:00,1032.25,1032.5,1030.75,1032.25,2395
2025-07-02 11:00:00+00:00,1032.25,1033.75,1031.5,1031.75,4106
2025-07-02 12:00:00+00:00,1031.75,1034.0,1031.5,1033.75,4739
2025-07-02 13:00:00+00:00,1033.0,1035.5,1030.5,1032.75,22339
2025-07-02 14:00:00+00:00,1032.75,1037.0,1032.0,1035.0,18741
2025-07-02 15:00:00+00:00,1034.75,1037.0,1033.75,1036.5,10475
2025-07-02 16:00:00+00:00,1036.5,1046.5,1036.25,1044.25,26773
2025-07-02 17:00:00+00:00,1044.25,1048.5,1043.25,1047.75,17150
2025-07-02 18:00:00+00:00,1047.5,1048.25,1046.0,1047.75,0
2025-07-03 00:00:00+00:00,1046.5,1053.75,1046.0,1052.75,6529
2025-07-03 01:00:00+00:00,1052.5,1052.5,1046.5,1047.0,6003
2025-07-03 02:00:00+00:00,1047.0,1047.75,1046.5,1047.25,1179
2025-07-03 03:00:00+00:00,1047.25,1047.5,1046.25,1046.25,1161
2025-07-03 04:00:00+00:00,1046.5,1047.75,1046.25,1046.25,403
2025-07-03 05:00:00+00:00,1046.5,1047.5,1045.75,1047.0,1201
2025-07-03 06:00:00+00:00,1047.0,1047.5,1044.25,1045.75,3774
2025-07-03 07:00:00+00:00,1046.0,1049.25,1046.0,1049.25,2452
2025-07-03 08:00:00+00:00,1049.25,1051.5,1049.0,1049.5,1775
2025-07-03 09:00:00+00:00,1049.5,1053.0,1049.25,1052.75,2954
2025-07-03 10:00:00+00:00,1052.75,1055.0,1052.75,1054.25,2615
2025-07-03 11:00:00+00:00,1054.25,1054.5,1051.0,1052.25,3722
2025-07-03 12:00:00+00:00,1052.25,1056.75,1051.5,1055.75,5722
2025-07-03 13:30:00+00:00,1054.25,1057.75,1051.0,1054.25,21289
2025-07-03 14:30:00+00:00,1054.5,1058.0,1053.75,1057.0,17498
2025-07-03 15:30:00+00:00,1056.75,1057.25,1051.5,1054.5,14393
2025-07-03 16:30:00+00:00,1053.75,1054.0,1049.25,1052.25,13027
2025-07-03 17:00:00+00:00,1052.0,1053.0,1048.25,1049.5,8126
2025-07-03 18:00:00+00:00,1049.5,1050.0,1048.25,1048.25,8510
2025-07-07 00:00:00+00:00,1039.5,1039.5,1031.25,1035.75,10663
2025-07-07 01:00:00+00:00,1035.75,1035.75,1033.0,1033.5,3404
2025-07-07 02:00:00+00:00,1033.25,1034.25,1032.25,1033.25,2456
2025-07-07 03:00:00+00:00,1033.25,1033.75,1032.25,1032.25,640
2025-07-07 04:00:00+00:00,1032.5,1033.25,1032.0,1032.25,483
2025-07-07 05:00:00+00:00,1032.25,1032.5,1030.25,1030.25,1956
2025-07-07 06:00:00+00:00,1030.25,1030.5,1027.0,1027.0,3441
2025-07-07 07:00:00+00:00,1027.25,1027.75,1024.75,1026.5,4318
2025-07-07 08:00:00+00:00,1026.5,1027.75,1024.5,1027.25,3304
2025-07-07 09:00:00+00:00,1027.25,1029.25,1026.75,1027.75,2030
2025-07-07 10:00:00+00:00,1028.0,1029.75,1027.25,1027.75,1450
2025-07-07 11:00:00+00:00,1027.75,1030.0,1027.25,1029.25,1405
2025-07-07 12:00:00+00:00,1029.5,1030.0,1027.5,1027.5,0
2025-07-07 13:00:00+00:00,1027.25,1030.0,1023.25,1023.5,62346
2025-07-07 14:00:00+00:00,1023.5,1025.75,1020.75,1020.75,20763
2025-07-07 15:00:00+00:00,1021.0,1022.25,1019.75,1020.25,13236
2025-07-07 16:00:00+00:00,1020.25,1021.5,1019.25,1019.5,14065
2025-07-07 17:00:00+00:00,1019.5,1020.0,1017.5,1018.75,11440
2025-07-07 18:00:00+00:00,1019.0,1021.5,1018.25,1020.75,0
2025-07-08 00:00:00+00:00,1020.75,1023.75,1019.5,1021.5,4356
2025-07-08 01:00:00+00:00,1021.5,1022.75,1021.0,1022.5,2218
2025-07-08 02:00:00+00:00,1022.5,1023.25,1021.0,1022.75,1072
2025-07-08 03:00:00+00:00,1023.0,1023.25,1022.0,1023.25,496
2025-07-08 04:00:00+00:00,1023.25,1023.5,1022.5,1023.0,276
2025-07-08 05:00:00+00:00,1023.0,1024.0,1022.25,1023.5,1269
2025-07-08 06:00:00+00:00,1023.25,1023.5,1022.0,1022.5,1626
2025-07-08 07:00:00+00:00,1022.5,1023.0,1020.75,1020.75,1107
2025-07-08 08:00:00+00:00,1020.75,1020.75,1018.75,1019.5,2226
2025-07-08 09:00:00+00:00,1019.75,1020.5,1018.5,1018.5,597
2025-07-08 10:00:00+00:00,1018.75,1020.0,1018.5,1018.75,2142
2025-07-08 11:00:00+00:00,1018.75,1019.0,1016.25,1016.5,5094
2025-07-08 12:00:00+00:00,1016.5,1017.5,1015.25,1017.5,0
2025-07-08 13:00:00+00:00,1017.75,1018.75,1015.25,1017.5,40762
2025-07-08 14:00:00+00:00,1017.25,1020.25,1014.0,1020.0,21166
2025-07-08 15:00:00+00:00,1020.5,1022.0,1017.5,1017.75,20553
2025-07-08 16:00:00+00:00,1017.75,1019.0,1017.25,1018.75,6739
2025-07-08 17:00:00+00:00,1018.75,1019.5,1017.25,1017.5,10275
2025-07-08 18:00:00+00:00,1017.25,1018.5,1017.25,1017.75,0
2025-07-09 00:00:00+00:00,1017.0,1020.25,1017.0,1019.5,2720
2025-07-09 01:00:00+00:00,1019.5,1019.5,1017.25,1018.75,1542
2025-07-09 02:00:00+00:00,1018.75,1019.5,1018.25,1018.5,646
2025-07-09 03:00:00+00:00,1018.5,1019.0,1018.5,1019.0,383
2025-07-09 04:00:00+00:00,1018.75,1018.75,1017.25,1018.5,695
2025-07-09 05:00:00+00:00,1018.5,1018.75,1017.5,1018.25,173
2025-07-09 06:00:00+00:00,1018.25,1018.5,1017.25,1017.25,1014
2025-07-09 07:00:00+00:00,1017.25,1017.75,1016.5,1017.0,1264
2025-07-09 08:00:00+00:00,1016.75,1021.0,1016.75,1020.75,1707
2025-07-09 09:00:00+00:00,1020.75,1021.0,1019.75,1020.75,1056
2025-07-09 10:00:00+00:00,1020.5,1020.5,1016.5,1016.75,4057
2025-07-09 11:00:00+00:00,1016.75,1017.75,1014.0,1014.25,2621
2025-07-09 12:00:00+00:00,1014.25,1015.0,1012.0,1013.0,0
2025-07-09 13:00:00+00:00,1012.5,1013.75,1008.5,1011.0,43325
2025-07-09 14:00:00+00:00,1009.75,1012.0,1008.5,1008.5,18545
2025-07-09 15:00:00+00:00,1008.5,1011.5,1007.5,1010.75,11927
2025-07-09 16:00:00+00:00,1011.0,1012.75,1009.25,1012.25,6098
2025-07-09 17:00:00+00:00,1012.0,1012.0,1008.25,1008.25,7762
2025-07-09 18:00:00+00:00,1008.5,1008.5,1007.0,1007.25,0
2025-07-10 00:00:00+00:00,1005.0,1007.0,1002.25,1003.75,14824
2025-07-10 01:00:00+00:00,1003.75,1008.5,1003.75,1006.75,7252
2025-07-10 02:00:00+00:00,1006.75,1009.0,1006.75,1008.5,1790
2025-07-10 03:00:00+00:00,1008.75,1009.5,1008.25,1008.25,1114
2025-07-10 04:00:00+00:00,1008.0,1008.75,1008.0,1008.5,463
2025-07-10 05:00:00+00:00,1008.25,1008.75,1007.75,1008.0,1041
2025-07-10 06:00:00+00:00,1008.25,1009.0,1005.0,1006.25,2628
2025-07-10 07:00:00+00:00,1006.25,1008.0,1005.75,1005.75,1457
2025-07-10 08:00:00+00:00,1005.75,1008.0,1005.5,1008.0,635
2025-07-10 09:00:00+00:00,1008.0,1008.5,1007.0,1007.5,809
2025-07-10 10:00:00+00:00,1007.5,1009.75,1007.5,1008.5,1153
2025-07-10 11:00:00+00:00,1008.25,1009.5,1005.5,1005.75,2383
2025-07-10 12:00:00+00:00,1005.75,1006.25,1004.25,1005.5,0
2025-07-10 13:00:00+00:00,1004.75,1008.0,1003.0,1004.25,54623
2025-07-10 14:00:00+00:00,1004.25,1008.75,1004.0,1007.5,16295
2025-07-10 15:00:00+00:00,1007.5,1008.5,1007.0,1008.0,10992
2025-07-10 16:00:00+00:00,1008.25,1012.5,1008.0,1010.25,9322
2025-07-10 17:00:00+00:00,1010.25,1014.75,1009.5,1014.0,8712
2025-07-10 18:00:00+00:00,1014.0,1014.75,1013.5,1014.0,0
2025-07-11 00:00:00+00:00,1013.5,1015.0,1010.75,1012.25,3146
2025-07-11 01:00:00+00:00,1012.0,1016.25,1012.0,1016.0,2085
2025-07-11 02:00:00+00:00,1016.25,1017.0,1014.75,1015.5,1774
2025-07-11 03:00:00+00:00,1015.25,1015.25,1013.75,1014.5,542
2025-07-11 04:00:00+00:00,1014.5,1015.0,1014.0,1014.0,84
2025-07-11 05:00:00+00:00,1014.0,1015.25,1013.75,1014.0,432
2025-07-11 06:00:00+00:00,1014.0,1015.5,1013.75,1014.0,649
2025-07-11 07:00:00+00:00,1013.75,1015.5,1013.75,1013.75,1742
2025-07-11 08:00:00+00:00,1014.0,1016.0,1013.0,1013.5,1238
2025-07-11 09:00:00+00:00,1013.75,1014.0,1012.5,1012.75,1170
2025-07-11 10:00:00+00:00,1012.75,1014.25,1012.25,1012.5,2343
2025-07-11 11:00:00+00:00,1012.75,1013.5,1010.75,1012.0,2402
2025-07-11 12:00:00+00:00,1011.75,1013.25,1008.75,1010.5,0
2025-07-11 13:00:00+00:00,1011.0,1013.0,1008.0,1008.5,32642
2025-07-11 14:00:00+00:00,1008.25,1013.0,1007.25,1012.75,18498
2025-07-11 15:00:00+00:00,1013.0,1014.25,1010.75,1013.5,10899
2025-07-11 16:00:00+00:00,1013.25,1013.5,1003.5,1010.0,27930
2025-07-11 17:00:00+00:00,1010.0,1011.5,1007.5,1007.75,8997
2025-07-11 18:00:00+00:00,1007.75,1008.0,1006.5,1007.5,0
2025-07-14 04:00:00+00:00,1007.5,1008.75,1007.5,1008.5,18014
2025-07-14 05:00:00+00:00,1008.5,1009.5,1008.5,1008.75,841
2025-07-14 06:00:00+00:00,1008.75,1010.0,1007.75,1008.0,1688
2025-07-14 07:00:00+00:00,1007.75,1010.25,1007.0,1009.5,1090
2025-07-14 08:00:00+00:00,1009.25,1012.0,1009.25,1011.75,1177
2025-07-14 09:00:00+00:00,1011.75,1012.25,1011.5,1012.25,834
2025-07-14 10:00:00+00:00,1012.25,1012.75,1010.0,1011.25,1627
2025-07-14 11:00:00+00:00,1011.25,1013.75,1011.25,1012.5,3419
2025-07-14 12:00:00+00:00,1012.5,1014.5,1010.0,1010.5,0
2025-07-14 13:00:00+00:00,1011.5,1012.25,1007.25,1007.75,47031
2025-07-14 14:00:00+00:00,1007.75,1009.5,1003.25,1008.5,19903
2025-07-14 15:00:00+00:00,1008.5,1010.0,1004.75,1004.75,9575
2025-07-14 16:00:00+00:00,1005.0,1006.75,1004.0,1006.0,7185
2025-07-14 17:00:00+00:00,1006.0,1008.25,1004.75,1007.5,5869
2025-07-14 18:00:00+00:00,1007.75,1008.25,1006.5,1007.25,0
2025-07-15 00:00:00+00:00,1003.0,1008.75,1002.5,1006.5,3017
2025-07-15 01:00:00+00:00,1006.5,1008.0,1005.75,1008.0,1651
2025-07-15 02:00:00+00:00,1007.75,1008.5,1006.0,1006.0,1266
2025-07-15 03:00:00+00:00,1006.0,1006.25,1004.75,1005.25,612
2025-07-15 04:00:00+00:00,1005.5,1006.0,1004.5,1005.25,810
2025-07-15 05:00:00+00:00,1005.25,1005.75,1004.75,1005.25,289
2025-07-15 06:00:00+00:00,1005.0,1005.25,1004.0,1004.75,756
2025-07-15 07:00:00+00:00,1004.5,1006.25,1003.0,1004.5,1590
2025-07-15 08:00:00+00:00,1004.5,1007.75,1004.5,1006.25,1152
2025-07-15 09:00:00+00:00,1006.25,1006.75,1004.0,1004.0,1111
2025-07-15 10:00:00+00:00,1003.75,1004.25,1002.75,1003.5,914
2025-07-15 11:00:00+00:00,1003.25,1005.5,1003.25,1004.5,1254
2025-07-15 12:00:00+00:00,1004.5,1006.75,1003.5,1006.25,0
2025-07-15 13:00:00+00:00,1006.75,1009.5,1005.75,1006.0,29983
2025-07-15 14:00:00+00:00,1006.0,1008.0,1004.25,1007.25,14504
2025-07-15 15:00:00+00:00,1007.25,1010.0,1005.5,1006.5,13062
2025-07-15 16:00:00+00:00,1006.5,1007.0,1003.25,1004.0,10753
2025-07-15 17:00:00+00:00,1004.0,1004.5,1000.0,1000.25,9935
2025-07-15 18:00:00+00:00,1000.5,1002.5,1000.0,1002.5,0
2025-07-16 00:00:00+00:00,1002.5,1005.75,1002.5,1005.5,2848
2025-07-16 01:00:00+00:00,1005.5,1007.75,1005.5,1007.25,3924
2025-07-16 02:00:00+00:00,1007.0,1010.25,1007.0,1008.0,5222
2025-07-16 03:00:00+00:00,1008.25,1010.0,1007.75,1009.5,1470
2025-07-16 04:00:00+00:00,1009.75,1009.75,1009.25,1009.75,273
2025-07-16 05:00:00+00:00,1009.75,1010.75,1009.75,1010.5,778
2025-07-16 06:00:00+00:00,1010.75,1011.5,1010.25,1011.25,1300
2025-07-16 07:00:00+00:00,1011.0,1012.5,1010.5,1011.5,2052
2025-07-16 08:00:00+00:00,1011.75,1013.0,1011.25,1012.0,1466
2025-07-16 09:00:00+00:00,1012.0,1012.25,1009.0,1010.5,2199
2025-07-16 10:00:00+00:00,1010.25,1010.75,1009.5,1010.5,966
2025-07-16 11:00:00+00:00,1010.5,1010.75,1008.75,1009.0,1858
2025-07-16 12:00:00+00:00,1009.25,1012.0,1009.25,1011.5,0
2025-07-16 13:00:00+00:00,1011.5,1015.0,1009.75,1012.0,52059
2025-07-16 14:00:00+00:00,1012.0,1017.0,1011.0,1015.5,14855
2025-07-16 15:00:00+00:00,1015.5,1020.0,1015.25,1016.5,19115
2025-07-16 16:00:00+00:00,1016.25,1018.0,1014.75,1017.25,9064
2025-07-16 17:00:00+00:00,1017.5,1019.25,1017.0,1018.5,9356
2025-07-16 18:00:00+00:00,1018.75,1021.75,1018.5,1019.75,0
2025-07-17 00:00:00+00:00,1019.25,1021.25,1018.0,1019.0,3776
2025-07-17 01:00:00+00:00,1019.25,1020.75,1018.25,1018.75,3414
2025-07-17 02:00:00+00:00,1018.75,1019.0,1016.0,1016.5,1521
2025-07-17 03:00:00+00:00,1016.5,1017.75,1016.0,1016.25,720
2025-07-17 04:00:00+00:00,1016.25,1017.0,1016.25,1016.75,665
2025-07-17 05:00:00+00:00,1016.75,1017.25,1016.5,1016.75,340
2025-07-17 06:00:00+00:00,1016.75,1020.5,1016.5,1020.5,2124
2025-07-17 07:00:00+00:00,1020.25,1023.25,1019.75,1022.0,4255
2025-07-17 08:00:00+00:00,1022.25,1022.75,1019.75,1021.25,1777
2025-07-17 09:00:00+00:00,1021.5,1021.5,1019.0,1019.25,1041
2025-07-17 10:00:00+00:00,1019.25,1019.75,1018.25,1018.5,682
2025-07-17 11:00:00+00:00,1018.5,1022.25,1018.25,1022.25,1057
2025-07-17 12:00:00+00:00,1022.25,1023.0,1020.0,1020.0,2106
2025-07-17 13:00:00+00:00,1020.0,1024.25,1019.0,1020.75,10531
2025-07-17 14:00:00+00:00,1020.75,1027.25,1019.25,1025.25,21298
2025-07-17 15:00:00+00:00,1025.5,1027.75,1025.0,1027.25,12107
2025-07-17 16:00:00+00:00,1027.5,1029.0,1025.0,1026.0,15767
2025-07-17 17:00:00+00:00,1026.0,1027.0,1025.0,1027.0,10517
2025-07-17 18:00:00+00:00,1026.75,1027.75,1026.25,1027.25,0
2025-07-18 00:00:00+00:00,1026.25,1028.75,1026.0,1026.5,3243
2025-07-18 01:00:00+00:00,1026.5,1034.5,1026.5,1031.0,8898
2025-07-18 02:00:00+00:00,1031.0,1032.5,1030.25,1032.25,1401
2025-07-18 03:00:00+00:00,1032.0,1033.5,1032.0,1033.0,1319
2025-07-18 04:00:00+00:00,1032.75,1033.75,1032.75,1033.75,270
2025-07-18 05:00:00+00:00,1033.75,1034.5,1033.25,1034.25,1727
2025-07-18 06:00:00+00:00,1034.0,1035.5,1033.75,1035.0,2446
2025-07-18 07:00:00+00:00,1034.75,1038.5,1034.75,1038.25,2693
2025-07-18 08:00:00+00:00,1038.5,1040.75,1038.5,1039.25,3180
2025-07-18 09:00:00+00:00,1039.25,1041.5,1039.25,1041.5,2722
2025-07-18 10:00:00+00:00,1041.75,1042.25,1039.0,1039.0,3076
2025-07-18 11:00:00+00:00,1039.0,1040.0,1039.0,1039.5,2197
2025-07-18 12:00:00+00:00,1039.5,1039.75,1036.0,1036.75,3864
2025-07-18 13:00:00+00:00,1035.75,1041.5,1035.5,1040.5,20082
2025-07-18 14:00:00+00:00,1040.25,1042.5,1039.25,1042.0,16377
2025-07-18 15:00:00+00:00,1042.5,1043.25,1033.25,1036.0,20674
2025-07-18 16:00:00+00:00,1036.0,1037.75,1034.25,1035.0,10697
2025-07-18 17:00:00+00:00,1034.75,1036.0,1033.5,1034.25,12099
2025-07-18 18:00:00+00:00,1034.0,1036.25,1033.5,1035.0,12483
2025-07-21 04:00:00+00:00,1029.25,1029.5,1029.25,1029.5,0
2025-07-21 05:00:00+00:00,1029.5,1031.0,1028.5,1029.75,1353
2025-07-21 06:00:00+00:00,1029.5,1030.0,1028.0,1029.25,3324
2025-07-21 07:00:00+00:00,1029.0,1029.0,1026.0,1027.0,2124
2025-07-21 08:00:00+00:00,1027.0,1027.75,1026.0,1026.0,1582
2025-07-21 09:00:00+00:00,1026.25,1027.5,1025.5,1027.5,1824
2025-07-21 10:00:00+00:00,1027.0,1029.0,1027.0,1028.0,983
2025-07-21 11:00:00+00:00,1027.75,1030.0,1026.75,1029.5,1712
2025-07-21 12:00:00+00:00,1029.75,1030.0,1028.0,1028.75,0
2025-07-21 13:00:00+00:00,1029.0,1029.75,1023.5,1024.0,42237
2025-07-21 14:00:00+00:00,1024.25,1024.75,1021.5,1021.75,13904
2025-07-21 15:00:00+00:00,1021.75,1023.0,1020.5,1021.0,10632
2025-07-21 16:00:00+00:00,1022.0,1023.0,1021.25,1022.5,8272
2025-07-21 17:00:00+00:00,1022.5,1025.0,1022.0,1024.25,10603
2025-07-21 18:00:00+00:00,1024.25,1027.25,1024.0,1026.75,0
2025-07-22 00:00:00+00:00,1027.5,1029.5,1026.75,1027.0,3194
2025-07-22 01:00:00+00:00,1027.25,1028.0,1026.0,1027.25,1657
2025-07-22 02:00:00+00:00,1027.25,1028.25,1026.25,1027.5,834
2025-07-22 03:00:00+00:00,1027.5,1029.5,1026.25,1027.75,2824
2025-07-22 04:00:00+00:00,1027.5,1027.5,1026.25,1026.75,264
2025-07-22 05:00:00+00:00,1027.0,1027.25,1025.0,1026.0,2401
2025-07-22 06:00:00+00:00,1026.0,1030.0,1025.75,1029.0,3514
2025-07-22 07:00:00+00:00,1029.0,1029.25,1025.25,1025.75,1526
2025-07-22 08:00:00+00:00,1025.75,1027.0,1025.25,1026.25,769
2025-07-22 09:00:00+00:00,1026.25,1027.25,1025.0,1025.5,1251
2025-07-22 10:00:00+00:00,1025.25,1025.75,1021.25,1022.0,3715
2025-07-22 11:00:00+00:00,1022.0,1023.5,1020.25,1022.25,4661
2025-07-22 12:00:00+00:00,1022.25,1024.5,1022.0,1023.25,0
2025-07-22 13:00:00+00:00,1024.75,1026.0,1020.75,1023.25,45141
2025-07-22 14:00:00+00:00,1023.0,1026.5,1021.5,1025.5,30332
2025-07-22 15:00:00+00:00,1025.25,1028.75,1025.25,1028.5,11205
2025-07-22 16:00:00+00:00,1028.5,1029.0,1025.5,1025.5,12383
2025-07-22 17:00:00+00:00,1025.5,1025.75,1023.75,1024.25,11035
2025-07-22 18:00:00+00:00,1024.25,1027.0,1023.75,1026.0,0
2025-07-23 00:00:00+00:00,1025.5,1030.0,1025.5,1029.5,4424
2025-07-23 01:00:00+00:00,1029.75,1033.75,1029.5,1030.0,5723
2025-07-23 02:00:00+00:00,1030.0,1030.5,1028.75,1029.75,935
2025-07-23 03:00:00+00:00,1029.75,1032.5,1029.5,1032.0,754
2025-07-23 04:00:00+00:00,1031.75,1032.75,1031.75,1031.75,192
2025-07-23 05:00:00+00:00,1031.75,1033.0,1030.75,1031.25,816
2025-07-23 06:00:00+00:00,1031.5,1031.5,1029.0,1030.5,2006
2025-07-23 07:00:00+00:00,1030.5,1031.25,1029.5,1030.0,786
2025-07-23 08:00:00+00:00,1030.0,1032.5,1029.0,1031.25,983
2025-07-23 09:00:00+00:00,1031.0,1032.0,1030.75,1031.75,856
2025-07-23 10:00:00+00:00,1031.5,1033.75,1030.75,1032.25,2440
2025-07-23 11:00:00+00:00,1032.25,1033.75,1031.25,1033.5,2722
2025-07-23 12:00:00+00:00,1033.25,1034.25,1031.0,1031.25,4055
2025-07-23 13:00:00+00:00,1030.0,1035.5,1030.0,1031.0,17584
2025-07-23 14:00:00+00:00,1031.25,1033.0,1026.0,1026.75,21595
2025-07-23 15:00:00+00:00,1026.75,1030.25,1026.25,1030.0,14572
2025-07-23 16:00:00+00:00,1030.25,1031.5,1028.0,1028.25,11866
2025-07-23 17:00:00+00:00,1028.25,1029.25,1022.75,1023.25,18434
2025-07-23 18:00:00+00:00,1023.25,1023.75,1021.75,1022.5,16300
2025-07-24 00:00:00+00:00,1023.75,1026.0,1023.25,1025.5,0
2025-07-24 01:00:00+00:00,1025.5,1025.5,1022.25,1022.5,1791
2025-07-24 02:00:00+00:00,1022.5,1024.5,1021.75,1023.0,3693
2025-07-24 03:00:00+00:00,1023.25,1023.5,1022.0,1022.5,248
2025-07-24 04:00:00+00:00,1022.75,1023.25,1022.5,1022.5,167
2025-07-24 05:00:00+00:00,1022.5,1023.0,1022.0,1022.25,354
2025-07-24 06:00:00+00:00,1022.25,1025.75,1022.0,1025.5,1374
2025-07-24 07:00:00+00:00,1025.5,1027.0,1025.25,1026.25,903
2025-07-24 08:00:00+00:00,1026.5,1027.5,1025.25,1027.25,630
2025-07-24 09:00:00+00:00,1027.25,1028.0,1027.0,1027.5,509
2025-07-24 10:00:00+00:00,1027.25,1028.5,1026.75,1027.75,912
2025-07-24 11:00:00+00:00,1027.75,1028.0,1025.75,1026.5,3243
2025-07-24 12:00:00+00:00,1026.25,1027.0,1024.75,1026.0,2660
2025-07-24 13:00:00+00:00,1027.75,1028.75,1021.5,1023.25,24107
2025-07-24 14:00:00+00:00,1023.25,1024.75,1022.0,1023.0,12758
2025-07-24 15:00:00+00:00,1022.75,1023.5,1019.25,1022.0,19065
2025-07-24 16:00:00+00:00,1021.75,1022.25,1020.25,1021.0,11705
2025-07-24 17:00:00+00:00,1021.0,1022.5,1020.5,1021.25,8064
2025-07-24 18:00:00+00:00,1021.5,1025.5,1021.5,1025.0,0
2025-07-25 00:00:00+00:00,1024.5,1028.25,1024.5,1027.75,2794
2025-07-25 01:00:00+00:00,1027.5,1028.25,1025.25,1025.5,742
2025-07-25 02:00:00+00:00,1025.75,1026.0,1023.5,1023.5,736
2025-07-25 03:00:00+00:00,1023.5,1024.25,1023.0,1024.25,247
2025-07-25 04:00:00+00:00,1023.75,1024.0,1023.0,1023.5,99
2025-07-25 05:00:00+00:00,1023.5,1024.75,1023.25,1023.25,777
2025-07-25 06:00:00+00:00,1023.25,1024.25,1021.5,1023.0,2655
2025-07-25 07:00:00+00:00,1022.25,1022.25,1020.25,1020.75,2365
2025-07-25 08:00:00+00:00,1020.75,1020.75,1019.0,1019.25,1920
2025-07-25 09:00:00+00:00,1019.25,1019.75,1018.0,1019.25,1661
2025-07-25 10:00:00+00:00,1019.25,1019.75,1017.75,1018.25,905
2025-07-25 11:00:00+00:00,1018.25,1018.75,1017.5,1017.75,3890
2025-07-25 12:00:00+00:00,1017.75,1018.25,1016.75,1017.5,2481
2025-07-25 13:00:00+00:00,1018.25,1020.25,1017.5,1019.0,12585
2025-07-25 14:00:00+00:00,1019.0,1022.0,1017.5,1018.25,19258
2025-07-25 15:00:00+00:00,1018.25,1019.5,1017.5,1018.5,9267
2025-07-25 16:00:00+00:00,1018.25,1020.0,1018.25,1019.5,7273
2025-07-25 17:00:00+00:00,1019.25,1021.25,1019.25,1020.5,13559
2025-07-25 18:00:00+00:00,1020.75,1021.75,1020.25,1021.0,10761
2025-07-28 04:00:00+00:00,1017.5,1018.25,1017.5,1018.0,0
2025-07-28 05:00:00+00:00,1018.0,1018.25,1016.0,1016.25,717
2025-07-28 06:00:00+00:00,1016.25,1016.25,1014.0,1014.75,1159
2025-07-28 07:00:00+00:00,1014.5,1015.25,1013.25,1013.5,1269
2025-07-28 08:00:00+00:00,1013.25,1013.5,1012.5,1013.25,2251
2025-07-28 09:00:00+00:00,1013.25,1015.0,1013.0,1014.5,1611
2025-07-28 10:00:00+00:00,1014.5,1016.0,1014.5,1015.25,1246
2025-07-28 11:00:00+00:00,1015.25,1016.5,1014.0,1014.75,1716
2025-07-28 12:00:00+00:00,1014.75,1016.5,1014.25,1014.75,3817
2025-07-28 13:00:00+00:00,1016.0,1016.0,1011.0,1011.75,20044
2025-07-28 14:00:00+00:00,1011.75,1015.0,1010.75,1013.5,30536
2025-07-28 15:00:00+00:00,1013.5,1013.5,1011.75,1011.75,11054
2025-07-28 16:00:00+00:00,1012.0,1013.0,1010.5,1012.75,11401
2025-07-28 17:00:00+00:00,1013.0,1014.75,1011.25,1011.5,17961
2025-07-28 18:00:00+00:00,1011.75,1012.0,1010.75,1011.5,11393
2025-07-29 00:00:00+00:00,1010.0,1012.0,1009.25,1009.5,0
2025-07-29 01:00:00+00:00,1009.5,1010.0,1009.0,1009.0,1054
2025-07-29 02:00:00+00:00,1009.0,1009.25,1008.25,1008.75,823
2025-07-29 03:00:00+00:00,1008.75,1009.25,1008.25,1009.0,575
2025-07-29 04:00:00+00:00,1008.75,1009.25,1008.75,1009.0,246
2025-07-29 05:00:00+00:00,1008.75,1013.75,1008.25,1013.0,2837
2025-07-29 06:00:00+00:00,1012.75,1013.5,1011.0,1011.5,1673
2025-07-29 07:00:00+00:00,1011.25,1012.0,1010.5,1011.5,1009
2025-07-29 08:00:00+00:00,1011.25,1013.5,1011.25,1012.0,915
2025-07-29 09:00:00+00:00,1012.0,1012.5,1010.0,1010.0,1565
2025-07-29 10:00:00+00:00,1010.25,1011.75,1010.0,1011.0,1006
2025-07-29 11:00:00+00:00,1010.75,1010.75,1008.5,1009.0,1469
2025-07-29 12:00:00+00:00,1009.0,1011.5,1008.75,1011.0,2175
2025-07-29 13:00:00+00:00,1012.5,1013.75,1010.0,1010.75,14134
2025-07-29 14:00:00+00:00,1011.0,1013.0,1009.5,1010.0,14038
2025-07-29 15:00:00+00:00,1008.5,1012.25,1007.0,1011.25,23148
2025-07-29 16:00:00+00:00,1011.0,1011.25,1004.5,1005.25,21599
2025-07-29 17:00:00+00:00,1005.25,1012.0,1004.5,1009.0,16296
2025-07-29 18:00:00+00:00,1008.75,1010.0,1008.0,1008.25,12364
2025-07-30 00:00:00+00:00,1009.0,1009.0,1006.75,1007.75,0
2025-07-30 01:00:00+00:00,1008.0,1010.25,1006.75,1009.5,4917
2025-07-30 02:00:00+00:00,1009.5,1011.25,1009.25,1010.75,2733
2025-07-30 03:00:00+00:00,1010.5,1010.5,1008.5,1009.0,2303
2025-07-30 04:00:00+00:00,1009.0,1009.0,1007.75,1007.75,857
2025-07-30 05:00:00+00:00,1007.75,1011.0,1007.5,1009.75,1236
2025-07-30 06:00:00+00:00,1009.75,1011.25,1009.25,1010.75,1533
2025-07-30 07:00:00+00:00,1010.5,1012.25,1010.25,1011.5,1846
2025-07-30 08:00:00+00:00,1011.5,1012.0,1010.25,1011.5,1215
2025-07-30 09:00:00+00:00,1011.25,1012.0,1010.0,1010.25,1198
2025-07-30 10:00:00+00:00,1010.5,1010.75,1009.25,1010.0,1333
2025-07-30 11:00:00+00:00,1009.75,1010.0,1007.25,1007.25,1811
2025-07-30 12:00:00+00:00,1007.5,1008.25,1005.25,1006.0,0
2025-07-30 13:00:00+00:00,1006.25,1008.25,1004.0,1008.0,40110
2025-07-30 14:00:00+00:00,1008.25,1009.5,1002.0,1003.25,26739
2025-07-30 15:00:00+00:00,1002.75,1003.25,999.25,1001.75,22483
2025-07-30 16:00:00+00:00,1002.0,1003.0,1000.25,1000.25,10354
2025-07-30 17:00:00+00:00,1000.25,1001.0,998.0,998.25,15694
2025-07-30 18:00:00+00:00,998.25,998.5,995.25,996.0,0
2025-07-31 00:00:00+00:00,996.0,1000.75,996.0,1000.25,6165
2025-07-31 01:00:00+00:00,1000.0,1000.5,998.25,998.25,1890
2025-07-31 02:00:00+00:00,998.25,998.5,996.75,998.0,811
2025-07-31 03:00:00+00:00,998.0,998.5,995.25,996.0,1218
2025-07-31 04:00:00+00:00,996.25,996.25,995.75,995.75,291
2025-07-31 05:00:00+00:00,995.5,996.75,995.0,996.75,1384
2025-07-31 06:00:00+00:00,996.75,996.75,994.75,995.5,2036
2025-07-31 07:00:00+00:00,995.25,996.0,995.0,995.75,1086
2025-07-31 08:00:00+00:00,995.5,998.5,995.25,997.75,1635
2025-07-31 09:00:00+00:00,997.75,998.25,996.5,996.5,483
2025-07-31 10:00:00+00:00,996.5,996.75,995.0,995.25,937
2025-07-31 11:00:00+00:00,995.5,996.5,993.5,993.75,3199
2025-07-31 12:00:00+00:00,993.75,995.0,993.0,994.25,0
2025-07-31 13:00:00+00:00,995.75,996.0,990.25,990.75,46967
2025-07-31 14:00:00+00:00,990.5,994.5,990.25,991.75,25276
2025-07-31 15:00:00+00:00,991.25,992.25,988.75,989.5,14652
2025-07-31 16:00:00+00:00,989.5,991.0,988.0,988.25,10642
2025-07-31 17:00:00+00:00,988.25,989.0,987.5,988.25,11503
2025-07-31 18:00:00+00:00,988.25,990.25,988.0,990.25,0
2025-08-01 00:00:00+00:00,990.0,991.75,989.75,990.75,1906
2025-08-01 01:00:00+00:00,990.75,993.0,990.25,992.0,2992
2025-08-01 02:00:00+00:00,992.0,992.5,989.25,990.0,1016
2025-08-01 03:00:00+00:00,990.0,991.25,989.5,991.25,219
2025-08-01 04:00:00+00:00,991.25,991.25,990.5,991.0,185
2025-08-01 05:00:00+00:00,991.0,992.0,990.0,990.75,527
2025-08-01 06:00:00+00:00,991.0,992.5,990.25,991.75,1913
2025-08-01 07:00:00+00:00,991.5,992.0,990.25,990.5,2411
2025-08-01 08:00:00+00:00,990.75,991.5,987.75,989.0,2206
2025-08-01 09:00:00+00:00,988.75,989.25,987.5,988.75,1255
2025-08-01 10:00:00+00:00,988.75,990.0,988.25,988.5,543
2025-08-01 11:00:00+00:00,988.75,990.0,986.25,986.5,2050
2025-08-01 12:00:00+00:00,986.5,988.0,986.0,987.75,0
2025-08-01 13:00:00+00:00,988.75,991.75,987.0,987.0,40806
2025-08-01 14:00:00+00:00,987.25,994.25,986.75,993.5,19263
2025-08-01 15:00:00+00:00,993.75,994.5,991.0,991.75,23358
2025-08-01 16:00:00+00:00,992.0,992.5,989.5,990.25,11145
2025-08-01 17:00:00+00:00,990.5,992.75,989.75,991.5,8454
2025-08-01 18:00:00+00:00,991.75,991.75,988.0,988.0,14285
2025-08-04 00:00:00+00:00,990.5,993.5,989.0,991.75,4309
2025-08-04 01:00:00+00:00,991.75,991.75,989.25,991.75,1027
2025-08-04 02:00:00+00:00,991.75,992.5,990.25,992.25,1210
2025-08-04 03:00:00+00:00,992.0,992.5,989.25,990.5,1166
2025-08-04 04:00:00+00:00,990.5,990.75,990.0,990.5,201
2025-08-04 05:00:00+00:00,990.25,990.5,988.5,989.0,993
2025-08-04 06:00:00+00:00,989.0,991.75,988.75,991.75,770
2025-08-04 07:00:00+00:00,991.75,991.75,988.25,989.0,1072
2025-08-04 08:00:00+00:00,989.0,989.25,987.5,988.0,993
2025-08-04 09:00:00+00:00,987.75,988.75,987.0,987.0,611
2025-08-04 10:00:00+00:00,987.0,987.5,986.25,986.75,657
2025-08-04 11:00:00+00:00,987.0,987.25,986.0,986.5,2054
2025-08-04 12:00:00+00:00,986.25,989.5,986.0,989.0,4087
2025-08-04 13:00:00+00:00,990.0,992.5,988.75,991.5,17953
2025-08-04 14:00:00+00:00,991.5,996.75,990.25,995.75,18752
2025-08-04 15:00:00+00:00,995.75,996.25,992.5,995.25,11195
2025-08-04 16:00:00+00:00,995.25,996.25,994.5,994.75,9654
2025-08-04 17:00:00+00:00,994.75,996.0,992.75,995.75,13886
2025-08-04 18:00:00+00:00,995.5,996.0,993.5,994.5,0
2025-08-05 00:00:00+00:00,993.0,994.25,989.5,990.5,3395
2025-08-05 01:00:00+00:00,990.75,992.75,990.5,991.5,2071
2025-08-05 02:00:00+00:00,991.5,991.75,989.5,989.75,2345
2025-08-05 03:00:00+00:00,989.75,991.5,989.75,991.0,408
2025-08-05 04:00:00+00:00,991.25,991.25,990.5,990.75,162
2025-08-05 05:00:00+00:00,990.5,992.0,990.0,991.0,512
2025-08-05 06:00:00+00:00,991.25,992.75,990.75,991.25,1568
2025-08-05 07:00:00+00:00,991.0,995.5,991.0,995.0,1778
2025-08-05 08:00:00+00:00,995.0,996.75,994.5,995.75,1367
2025-08-05 09:00:00+00:00,995.75,996.5,995.25,996.25,678
2025-08-05 10:00:00+00:00,996.25,997.25,996.25,997.0,777
2025-08-05 11:00:00+00:00,997.0,999.75,996.75,999.75,4505
2025-08-05 12:00:00+00:00,999.75,1000.0,998.25,999.5,0
2025-08-05 13:00:00+00:00,999.5,1002.25,997.75,1001.75,41376
2025-08-05 14:00:00+00:00,1001.75,1002.0,994.5,995.0,20840
2025-08-05 15:00:00+00:00,995.0,995.5,993.25,994.5,13379
2025-08-05 16:00:00+00:00,994.5,995.75,992.0,992.5,8833
2025-08-05 17:00:00+00:00,992.25,993.75,991.75,992.75,7764
2025-08-05 18:00:00+00:00,992.5,992.75,989.75,990.5,0
2025-08-06 00:00:00+00:00,990.0,990.5,988.5,990.5,1335
2025-08-06 01:00:00+00:00,990.5,993.0,990.5,992.75,2706
2025-08-06 02:00:00+00:00,993.0,994.0,992.75,993.5,1862
2025-08-06 03:00:00+00:00,993.5,994.0,992.75,993.25,755
2025-08-06 04:00:00+00:00,993.0,993.25,993.0,993.25,53
2025-08-06 05:00:00+00:00,993.25,993.5,992.5,993.25,208
2025-08-06 06:00:00+00:00,993.0,994.0,992.75,993.25,473
2025-08-06 07:00:00+00:00,993.0,994.5,992.5,993.5,1440
2025-08-06 08:00:00+00:00,993.75,993.75,992.0,992.5,869
2025-08-06 09:00:00+00:00,992.5,993.25,990.75,991.25,1286
2025-08-06 10:00:00+00:00,991.5,994.0,991.5,994.0,1265
2025-08-06 11:00:00+00:00,993.75,995.0,993.0,994.75,7417
2025-08-06 12:00:00+00:00,995.0,995.25,993.5,993.5,3741
2025-08-06 13:00:00+00:00,994.5,995.0,991.25,991.75,13915
2025-08-06 14:00:00+00:00,991.75,992.0,985.75,986.75,19613
2025-08-06 15:00:00+00:00,986.75,986.75,981.75,981.75,15689
2025-08-06 16:00:00+00:00,981.75,983.75,981.5,982.75,9654
2025-08-06 17:00:00+00:00,982.5,984.25,981.25,983.75,11699
2025-08-06 18:00:00+00:00,984.0,985.5,983.5,985.25,0
2025-08-07 00:00:00+00:00,985.25,986.5,984.25,985.5,3714
2025-08-07 01:00:00+00:00,985.75,986.75,985.0,986.0,1464
2025-08-07 02:00:00+00:00,986.0,986.75,985.5,986.25,1177
2025-08-07 03:00:00+00:00,986.25,986.75,985.5,986.5,629
2025-08-07 04:00:00+00:00,986.75,986.75,986.0,986.25,236
2025-08-07 05:00:00+00:00,986.25,987.0,985.5,985.75,772
2025-08-07 06:00:00+00:00,986.0,986.75,986.0,986.5,663
2025-08-07 07:00:00+00:00,986.25,986.25,983.75,984.5,3249
2025-08-07 08:00:00+00:00,984.75,984.75,983.5,983.75,552
2025-08-07 09:00:00+00:00,983.5,985.25,983.0,984.5,2407
2025-08-07 10:00:00+00:00,984.5,985.0,983.5,984.0,532
2025-08-07 11:00:00+00:00,984.25,986.5,984.0,986.0,1837
2025-08-07 12:00:00+00:00,986.0,989.5,986.0,989.0,0
2025-08-07 13:00:00+00:00,989.0,989.75,986.5,988.75,42817
2025-08-07 14:00:00+00:00,988.75,991.0,987.25,989.25,14847
2025-08-07 15:00:00+00:00,990.0,992.0,989.0,991.75,9467
2025-08-07 16:00:00+00:00,991.5,994.5,991.25,993.75,12815
2025-08-07 17:00:00+00:00,993.75,994.5,992.0,992.25,10776
2025-08-07 18:00:00+00:00,992.5,994.75,992.5,994.5,0
2025-08-08 00:00:00+00:00,993.0,997.0,993.0,997.0,2799
2025-08-08 01:00:00+00:00,997.0,997.25,996.0,996.25,849
2025-08-08 02:00:00+00:00,996.0,996.5,995.75,996.25,723
2025-08-08 03:00:00+00:00,996.25,998.0,996.0,997.25,914
2025-08-08 04:00:00+00:00,997.25,997.25,996.5,996.5,49
2025-08-08 05:00:00+00:00,996.5,997.0,996.25,996.75,738
2025-08-08 06:00:00+00:00,996.75,997.75,996.5,997.0,923
2025-08-08 07:00:00+00:00,996.75,997.75,995.5,997.75,1194
2025-08-08 08:00:00+00:00,998.0,998.0,994.25,994.5,1544
2025-08-08 09:00:00+00:00,994.75,995.5,993.0,993.25,1332
2025-08-08 10:00:00+00:00,993.25,993.25,991.0,991.25,1353
2025-08-08 11:00:00+00:00,991.25,993.25,990.75,992.25,2025
2025-08-08 12:00:00+00:00,992.25,992.75,990.5,990.75,1735
2025-08-08 13:00:00+00:00,992.0,994.75,988.5,994.25,15218
2025-08-08 14:00:00+00:00,994.25,996.0,990.25,995.0,12526
2025-08-08 15:00:00+00:00,994.75,994.75,991.5,993.5,8923
2025-08-08 16:00:00+00:00,993.5,993.75,989.5,990.0,8871
2025-08-08 17:00:00+00:00,990.0,990.5,986.0,987.0,19475
2025-08-08 18:00:00+00:00,987.25,988.0,986.25,987.5,11130
2025-08-11 04:00:00+00:00,987.5,1011.25,987.5,1009.0,0
2025-08-11 05:00:00+00:00,1009.0,1014.0,1007.75,1012.25,9236
2025-08-11 06:00:00+00:00,1012.25,1015.0,1009.5,1012.25,9132
2025-08-11 07:00:00+00:00,1012.25,1012.75,1009.0,1010.75,5049
2025-08-11 08:00:00+00:00,1010.75,1012.0,1009.5,1010.75,2401
2025-08-11 09:00:00+00:00,1010.75,1010.75,1008.25,1009.25,2414
2025-08-11 10:00:00+00:00,1009.25,1010.5,1008.5,1009.25,4703
2025-08-11 11:00:00+00:00,1008.75,1013.0,1007.75,1008.75,8508
2025-08-11 12:00:00+00:00,1008.75,1009.5,1004.0,1004.25,7988
2025-08-11 13:00:00+00:00,1003.5,1007.75,1002.0,1005.5,24647
2025-08-11 14:00:00+00:00,1005.75,1010.25,1005.5,1009.5,19609
2025-08-11 15:00:00+00:00,1009.25,1012.75,1007.0,1012.0,15086
2025-08-11 16:00:00+00:00,1011.75,1013.5,1009.75,1010.75,12707
2025-08-11 17:00:00+00:00,1010.5,1012.0,1009.75,1010.25,9115
2025-08-11 18:00:00+00:00,1010.5,1012.0,1010.0,1010.25,0
2025-08-12 00:00:00+00:00,1009.5,1009.75,1006.25,1006.75,5280
2025-08-12 01:00:00+00:00,1006.75,1008.0,1000.25,1000.5,6047
2025-08-12 02:00:00+00:00,1000.5,1001.0,998.0,1000.5,3846
2025-08-12 03:00:00+00:00,1000.5,1001.5,999.0,999.0,1115
2025-08-12 04:00:00+00:00,999.0,1000.5,998.75,1000.25,516
2025-08-12 05:00:00+00:00,1000.25,1001.75,999.5,1001.75,1965
2025-08-12 06:00:00+00:00,1002.0,1002.5,1000.5,1000.75,2114
2025-08-12 07:00:00+00:00,1000.5,1000.5,998.5,998.5,3209
2025-08-12 08:00:00+00:00,998.5,1000.0,998.0,998.75,1980
2025-08-12 09:00:00+00:00,998.5,998.75,997.75,998.5,1393
2025-08-12 10:00:00+00:00,998.75,999.5,998.25,999.0,1052
2025-08-12 11:00:00+00:00,999.25,1002.5,998.25,1002.0,4059
2025-08-12 12:00:00+00:00,1002.0,1002.0,997.75,998.25,7733
2025-08-12 13:00:00+00:00,998.25,999.25,996.25,997.5,21983
2025-08-12 14:00:00+00:00,997.75,1000.0,996.75,996.75,18169
2025-08-12 15:00:00+00:00,997.0,999.75,995.5,996.0,13475
2025-08-12 16:00:00+00:00,996.25,1035.0,994.0,1023.25,148249
2025-08-12 17:00:00+00:00,1023.0,1029.5,1022.75,1028.25,37790
2025-08-12 18:00:00+00:00,1028.25,1033.0,1027.25,1032.25,0
2025-08-13 00:00:00+00:00,1029.5,1037.0,1028.0,1036.5,11128
2025-08-13 01:00:00+00:00,1036.75,1039.25,1036.0,1039.25,6251
2025-08-13 02:00:00+00:00,1039.25,1039.75,1038.25,1039.0,3544
2025-08-13 03:00:00+00:00,1039.0,1040.0,1038.25,1038.75,2252
2025-08-13 04:00:00+00:00,1038.5,1038.75,1037.5,1037.5,1492
2025-08-13 05:00:00+00:00,1037.75,1040.75,1037.0,1040.5,2769
2025-08-13 06:00:00+00:00,1040.5,1040.5,1037.25,1037.75,2851
2025-08-13 07:00:00+00:00,1037.5,1040.25,1037.5,1039.75,1674
2025-08-13 08:00:00+00:00,1039.75,1040.75,1039.0,1040.75,1588
2025-08-13 09:00:00+00:00,1040.75,1041.5,1039.0,1040.25,2517
2025-08-13 10:00:00+00:00,1040.25,1042.5,1039.0,1042.5,3705
2025-08-13 11:00:00+00:00,1042.5,1046.0,1041.75,1044.75,8931
2025-08-13 12:00:00+00:00,1044.75,1045.0,1043.5,1044.25,6815
2025-08-13 13:00:00+00:00,1043.5,1044.0,1039.0,1041.5,36446
2025-08-13 14:00:00+00:00,1041.5,1045.75,1040.5,1040.75,31744
2025-08-13 15:00:00+00:00,1040.75,1041.0,1035.25,1036.5,25041
2025-08-13 16:00:00+00:00,1036.5,1043.75,1035.5,1043.25,22931
2025-08-13 17:00:00+00:00,1043.0,1047.25,1043.0,1044.75,18500
2025-08-13 18:00:00+00:00,1044.75,1045.5,1042.0,1042.0,0
2025-08-14 00:00:00+00:00,1041.5,1048.25,1041.0,1048.0,5559
2025-08-14 01:00:00+00:00,1048.0,1049.25,1047.75,1047.75,3082
2025-08-14 02:00:00+00:00,1047.75,1049.0,1046.75,1046.75,2279
2025-08-14 03:00:00+00:00,1046.75,1047.75,1044.75,1045.5,1954
2025-08-14 04:00:00+00:00,1045.75,1046.0,1045.5,1045.75,142
2025-08-14 05:00:00+00:00,1045.75,1045.75,1042.75,1044.5,2143
2025-08-14 06:00:00+00:00,1044.5,1046.0,1042.5,1042.75,1921
2025-08-14 07:00:00+00:00,1042.75,1044.5,1042.5,1043.25,2705
2025-08-14 08:00:00+00:00,1043.5,1045.75,1042.0,1042.75,3852
2025-08-14 09:00:00+00:00,1042.75,1043.75,1039.25,1039.75,4105
2025-08-14 10:00:00+00:00,1039.75,1040.0,1037.25,1038.25,2876
2025-08-14 11:00:00+00:00,1038.25,1040.25,1038.25,1039.0,3213
2025-08-14 12:00:00+00:00,1039.25,1039.5,1036.5,1037.0,0
2025-08-14 13:00:00+00:00,1036.25,1038.75,1033.0,1035.75,66415
2025-08-14 14:00:00+00:00,1035.75,1037.5,1030.5,1032.0,26700
2025-08-14 15:00:00+00:00,1032.0,1035.75,1032.0,1033.0,24789
2025-08-14 16:00:00+00:00,1032.75,1033.75,1030.0,1030.75,10486
2025-08-14 17:00:00+00:00,1030.5,1030.5,1028.75,1029.0,13010
2025-08-14 18:00:00+00:00,1029.0,1031.0,1027.75,1031.0,0
2025-08-15 00:00:00+00:00,1029.25,1033.75,1029.25,1031.5,3352
2025-08-15 01:00:00+00:00,1031.5,1032.5,1028.75,1030.25,3498
2025-08-15 02:00:00+00:00,1030.25,1030.25,1028.5,1028.5,712
2025-08-15 03:00:00+00:00,1028.75,1029.0,1027.5,1028.75,697
2025-08-15 04:00:00+00:00,1028.5,1029.75,1028.25,1029.0,514
2025-08-15 05:00:00+00:00,1029.0,1029.0,1027.0,1027.25,1422
2025-08-15 06:00:00+00:00,1027.5,1033.0,1026.75,1032.25,2398
2025-08-15 07:00:00+00:00,1032.0,1033.0,1030.75,1031.25,1096
2025-08-15 08:00:00+00:00,1031.5,1033.25,1030.25,1032.25,1378
2025-08-15 09:00:00+00:00,1032.25,1033.0,1031.5,1032.5,533
2025-08-15 10:00:00+00:00,1032.5,1033.25,1031.75,1032.75,406
2025-08-15 11:00:00+00:00,1032.5,1036.5,1032.25,1036.0,2124
2025-08-15 12:00:00+00:00,1036.0,1037.25,1035.5,1036.25,0
2025-08-15 13:00:00+00:00,1036.0,1038.5,1033.25,1035.5,36653
2025-08-15 14:00:00+00:00,1035.5,1039.0,1033.75,1038.25,14620
2025-08-15 15:00:00+00:00,1038.25,1042.5,1038.0,1041.75,12507
2025-08-15 16:00:00+00:00,1042.0,1042.25,1040.5,1041.25,10158
2025-08-15 17:00:00+00:00,1041.5,1043.75,1041.25,1042.75,15221
2025-08-15 18:00:00+00:00,1042.75,1043.25,1041.25,1042.5,15955
2025-08-18 04:00:00+00:00,1039.75,1040.25,1039.75,1040.0,0
2025-08-18 05:00:00+00:00,1039.75,1040.5,1038.5,1038.75,894
2025-08-18 06:00:00+00:00,1039.0,1039.5,1037.25,1037.5,1479
2025-08-18 07:00:00+00:00,1037.5,1037.5,1034.5,1035.25,2001
2025-08-18 08:00:00+00:00,1035.5,1036.25,1034.5,1035.5,1461
2025-08-18 09:00:00+00:00,1035.5,1038.5,1035.5,1038.25,903
2025-08-18 10:00:00+00:00,1038.0,1038.25,1036.75,1037.25,1193
2025-08-18 11:00:00+00:00,1037.25,1038.25,1035.75,1038.0,2214
2025-08-18 12:00:00+00:00,1038.25,1039.5,1037.0,1038.5,0
2025-08-18 13:00:00+00:00,1038.0,1046.75,1037.75,1046.75,46205
2025-08-18 14:00:00+00:00,1046.75,1047.75,1040.0,1043.25,23521
2025-08-18 15:00:00+00:00,1043.0,1044.75,1042.25,1044.5,10402
2025-08-18 16:00:00+00:00,1044.25,1045.75,1042.25,1044.75,22946
2025-08-18 17:00:00+00:00,1044.5,1045.0,1042.0,1043.0,14804
2025-08-18 18:00:00+00:00,1043.0,1043.5,1040.0,1040.5,0
2025-08-19 00:00:00+00:00,1042.0,1045.25,1040.75,1044.75,3397
2025-08-19 01:00:00+00:00,1044.75,1045.25,1042.0,1045.25,2100
2025-08-19 02:00:00+00:00,1045.0,1045.5,1044.0,1044.75,1309
2025-08-19 03:00:00+00:00,1044.75,1045.75,1044.5,1045.0,517
2025-08-19 04:00:00+00:00,1044.75,1046.0,1044.75,1045.25,550
2025-08-19 05:00:00+00:00,1045.5,1046.0,1043.5,1044.0,877
2025-08-19 06:00:00+00:00,1044.0,1045.5,1042.5,1044.75,2430
2025-08-19 07:00:00+00:00,1044.75,1045.75,1043.75,1045.25,992
2025-08-19 08:00:00+00:00,1045.25,1045.5,1043.5,1043.75,854
2025-08-19 09:00:00+00:00,1043.75,1044.5,1042.25,1042.75,631
2025-08-19 10:00:00+00:00,1042.75,1042.75,1040.0,1040.5,2513
2025-08-19 11:00:00+00:00,1040.5,1042.0,1040.0,1041.25,3676
2025-08-19 12:00:00+00:00,1041.0,1041.25,1039.0,1039.75,0
2025-08-19 13:00:00+00:00,1039.25,1039.5,1032.5,1038.0,44868
2025-08-19 14:00:00+00:00,1037.75,1038.5,1031.5,1031.5,17544
2025-08-19 15:00:00+00:00,1031.75,1033.5,1030.5,1031.75,18964
2025-08-19 16:00:00+00:00,1031.75,1033.5,1030.5,1030.75,11622
2025-08-19 17:00:00+00:00,1031.0,1034.5,1031.0,1034.0,11931
2025-08-19 18:00:00+00:00,1034.0,1035.0,1033.0,1033.25,0
2025-08-20 00:00:00+00:00,1034.0,1036.0,1032.0,1032.25,2878
2025-08-20 01:00:00+00:00,1032.5,1033.75,1031.75,1033.75,1311
2025-08-20 02:00:00+00:00,1034.25,1036.0,1033.75,1034.25,1860
2025-08-20 03:00:00+00:00,1034.25,1035.0,1033.5,1033.5,196
2025-08-20 04:00:00+00:00,1033.75,1034.0,1033.25,1033.25,49
2025-08-20 05:00:00+00:00,1033.25,1034.25,1031.75,1034.0,527
2025-08-20 06:00:00+00:00,1034.25,1037.0,1034.0,1036.5,1833
2025-08-20 07:00:00+00:00,1036.25,1038.0,1036.0,1037.75,997
2025-08-20 08:00:00+00:00,1037.75,1038.25,1034.5,1035.5,3822
2025-08-20 09:00:00+00:00,1035.75,1036.25,1033.0,1033.5,593
2025-08-20 10:00:00+00:00,1033.5,1034.0,1032.25,1033.25,738
2025-08-20 11:00:00+00:00,1033.0,1034.5,1031.25,1032.25,1603
2025-08-20 12:00:00+00:00,1032.25,1033.25,1031.75,1032.25,1583
2025-08-20 13:00:00+00:00,1032.25,1037.0,1031.75,1036.75,11851
2025-08-20 14:00:00+00:00,1036.5,1040.5,1035.5,1038.25,13654
2025-08-20 15:00:00+00:00,1038.25,1039.5,1035.25,1036.0,7207
2025-08-20 16:00:00+00:00,1035.75,1040.0,1035.0,1038.25,10106
2025-08-20 17:00:00+00:00,1038.5,1038.75,1035.0,1035.75,6369
2025-08-20 18:00:00+00:00,1036.0,1036.25,1035.0,1035.5,0
2025-08-21 00:00:00+00:00,1036.0,1038.5,1036.0,1037.5,1846
2025-08-21 01:00:00+00:00,1037.5,1038.75,1036.25,1037.25,1670
2025-08-21 02:00:00+00:00,1037.0,1037.0,1035.0,1035.25,2768
2025-08-21 03:00:00+00:00,1035.25,1036.25,1034.0,1035.0,1017
2025-08-21 04:00:00+00:00,1035.5,1036.0,1034.75,1035.5,194
2025-08-21 05:00:00+00:00,1035.25,1036.5,1035.0,1036.25,1273
2025-08-21 06:00:00+00:00,1036.5,1038.0,1034.5,1034.75,2434
2025-08-21 07:00:00+00:00,1034.75,1035.0,1033.75,1034.0,1082
2025-08-21 08:00:00+00:00,1034.0,1034.5,1032.25,1032.5,2646
2025-08-21 09:00:00+00:00,1032.5,1035.25,1032.25,1034.5,1385
2025-08-21 10:00:00+00:00,1034.5,1036.25,1034.0,1036.0,840
2025-08-21 11:00:00+00:00,1036.0,1038.25,1035.5,1038.25,2687
2025-08-21 12:00:00+00:00,1038.25,1040.0,1038.0,1039.5,3420
2025-08-21 13:00:00+00:00,1039.75,1045.5,1038.25,1045.0,20769
2025-08-21 14:00:00+00:00,1044.75,1050.75,1044.0,1045.75,46484
2025-08-21 15:00:00+00:00,1045.75,1050.75,1045.0,1049.25,27140
2025-08-21 16:00:00+00:00,1049.25,1056.25,1049.0,1053.75,43131
2025-08-21 17:00:00+00:00,1053.75,1056.5,1053.5,1055.5,21481
2025-08-21 18:00:00+00:00,1055.5,1056.75,1054.25,1055.0,20091
2025-08-22 00:00:00+00:00,1054.75,1055.75,1053.75,1054.75,0
2025-08-22 01:00:00+00:00,1054.75,1055.25,1052.0,1054.5,4243
2025-08-22 02:00:00+00:00,1054.5,1055.75,1053.5,1055.0,3000
2025-08-22 03:00:00+00:00,1055.0,1055.75,1054.5,1054.5,938
2025-08-22 04:00:00+00:00,1054.5,1055.5,1054.25,1055.25,270
2025-08-22 05:00:00+00:00,1055.25,1056.25,1055.25,1056.0,749
2025-08-22 06:00:00+00:00,1056.25,1057.5,1054.25,1056.5,3056
2025-08-22 07:00:00+00:00,1056.5,1057.0,1056.0,1056.5,1125
2025-08-22 08:00:00+00:00,1056.5,1059.5,1056.25,1058.75,2493
2025-08-22 09:00:00+00:00,1058.75,1059.5,1056.75,1057.25,2068
2025-08-22 10:00:00+00:00,1057.0,1057.5,1055.75,1057.5,3323
2025-08-22 11:00:00+00:00,1057.5,1059.0,1057.0,1058.5,2940
2025-08-22 12:00:00+00:00,1058.5,1059.5,1057.5,1059.5,3253
2025-08-22 13:00:00+00:00,1059.25,1060.5,1055.75,1058.5,23295
2025-08-22 14:00:00+00:00,1058.5,1060.25,1055.5,1057.5,17857
2025-08-22 15:00:00+00:00,1057.75,1062.75,1053.25,1061.75,39772
2025-08-22 16:00:00+00:00,1061.5,1062.5,1057.5,1062.0,18170
2025-08-22 17:00:00+00:00,1062.0,1062.25,1060.25,1060.5,12110
2025-08-22 18:00:00+00:00,1060.75,1061.0,1057.5,1058.5,17998
2025-08-25 04:00:00+00:00,1057.0,1057.25,1056.5,1056.75,0
2025-08-25 05:00:00+00:00,1056.5,1057.75,1055.5,1057.75,1405
2025-08-25 06:00:00+00:00,1057.75,1058.0,1055.75,1056.0,1005
2025-08-25 07:00:00+00:00,1056.25,1058.0,1056.0,1057.0,935
2025-08-25 08:00:00+00:00,1056.75,1057.5,1056.0,1057.25,1363
2025-08-25 09:00:00+00:00,1057.0,1059.25,1056.5,1058.0,1349
2025-08-25 10:00:00+00:00,1058.0,1058.75,1057.25,1057.5,1838
2025-08-25 11:00:00+00:00,1057.75,1059.0,1057.25,1058.0,2475
2025-08-25 12:00:00+00:00,1058.25,1061.75,1058.0,1060.5,3804
2025-08-25 13:00:00+00:00,1060.0,1061.75,1051.25,1053.75,41708
2025-08-25 14:00:00+00:00,1054.0,1056.5,1052.75,1052.75,19439
2025-08-25 15:00:00+00:00,1052.75,1053.25,1050.0,1051.25,21420
2025-08-25 16:00:00+00:00,1051.0,1051.5,1046.75,1048.0,19431
2025-08-25 17:00:00+00:00,1047.75,1048.25,1046.0,1046.75,12872
2025-08-25 18:00:00+00:00,1046.75,1048.25,1046.0,1047.75,12257
2025-08-26 00:00:00+00:00,1047.0,1047.25,1041.75,1043.75,0
2025-08-26 01:00:00+00:00,1043.75,1048.25,1041.75,1047.75,10561
2025-08-26 02:00:00+00:00,1047.5,1050.5,1047.5,1049.5,3366
2025-08-26 03:00:00+00:00,1049.75,1050.25,1049.0,1049.25,536
2025-08-26 04:00:00+00:00,1049.25,1050.0,1049.25,1050.0,430
2025-08-26 05:00:00+00:00,1049.75,1054.75,1049.5,1054.75,4321
2025-08-26 06:00:00+00:00,1054.25,1054.75,1052.75,1053.25,3611
2025-08-26 07:00:00+00:00,1053.0,1054.25,1052.0,1052.25,2519
2025-08-26 08:00:00+00:00,1052.0,1052.75,1050.5,1051.5,2021
2025-08-26 09:00:00+00:00,1051.5,1054.0,1051.25,1054.0,1169
2025-08-26 10:00:00+00:00,1053.5,1054.0,1050.5,1052.75,2247
2025-08-26 11:00:00+00:00,1052.5,1055.0,1052.0,1053.75,11429
2025-08-26 12:00:00+00:00,1054.0,1055.75,1053.0,1053.75,0
2025-08-26 13:00:00+00:00,1053.0,1055.25,1044.75,1045.5,75373
2025-08-26 14:00:00+00:00,1045.5,1050.75,1044.5,1047.5,28947
2025-08-26 15:00:00+00:00,1047.5,1048.75,1045.0,1047.5,9499
2025-08-26 16:00:00+00:00,1047.5,1049.0,1046.0,1048.5,8412
2025-08-26 17:00:00+00:00,1048.5,1049.75,1047.25,1048.75,8725
2025-08-26 18:00:00+00:00,1048.5,1050.0,1048.25,1049.0,9057
2025-08-27 00:00:00+00:00,1049.0,1054.0,1048.5,1052.25,0
2025-08-27 01:00:00+00:00,1052.25,1052.25,1048.25,1048.5,1147
2025-08-27 02:00:00+00:00,1048.5,1049.25,1047.25,1049.25,1522
2025-08-27 03:00:00+00:00,1049.25,1050.25,1049.0,1050.25,629
2025-08-27 04:00:00+00:00,1050.25,1051.0,1050.0,1050.25,453
2025-08-27 05:00:00+00:00,1050.0,1050.5,1048.5,1048.5,426
2025-08-27 06:00:00+00:00,1048.5,1049.0,1046.75,1048.25,1361
2025-08-27 07:00:00+00:00,1048.25,1049.5,1048.0,1049.25,801
2025-08-27 08:00:00+00:00,1048.75,1052.0,1048.5,1050.25,1730
2025-08-27 09:00:00+00:00,1050.25,1051.75,1049.5,1051.25,1066
2025-08-27 10:00:00+00:00,1051.5,1053.25,1051.25,1052.0,1432
2025-08-27 11:00:00+00:00,1051.75,1053.25,1049.5,1049.75,5805
2025-08-27 12:00:00+00:00,1049.75,1050.75,1047.75,1048.75,5192
2025-08-27 13:00:00+00:00,1045.5,1049.25,1044.25,1046.75,14842
2025-08-27 14:00:00+00:00,1046.75,1049.25,1045.0,1049.0,12020
2025-08-27 15:00:00+00:00,1048.75,1053.25,1047.75,1051.25,13969
2025-08-27 16:00:00+00:00,1051.25,1052.75,1049.75,1050.0,10102
2025-08-27 17:00:00+00:00,1050.0,1050.0,1046.0,1047.25,19012
2025-08-27 18:00:00+00:00,1047.25,1048.25,1047.0,1048.25,0
2025-08-28 00:00:00+00:00,1047.75,1048.75,1045.5,1046.75,7266
2025-08-28 01:00:00+00:00,1046.75,1047.5,1045.0,1047.0,3101
2025-08-28 02:00:00+00:00,1046.75,1048.0,1045.0,1045.25,1782
2025-08-28 03:00:00+00:00,1045.25,1047.25,1044.5,1046.5,1991
2025-08-28 04:00:00+00:00,1046.5,1047.0,1046.0,1046.25,214
2025-08-28 05:00:00+00:00,1046.0,1046.5,1045.0,1045.5,962
2025-08-28 06:00:00+00:00,1045.5,1046.75,1045.25,1046.75,1089
2025-08-28 07:00:00+00:00,1046.5,1047.75,1046.0,1047.0,1473
2025-08-28 08:00:00+00:00,1047.25,1047.25,1044.5,1045.0,894
2025-08-28 09:00:00+00:00,1045.0,1045.75,1044.25,1045.25,1507
2025-08-28 10:00:00+00:00,1045.5,1047.75,1045.25,1047.0,871
2025-08-28 11:00:00+00:00,1046.75,1048.75,1046.5,1048.0,1973
2025-08-28 12:00:00+00:00,1047.75,1048.0,1046.75,1047.5,1284
2025-08-28 13:00:00+00:00,1047.0,1047.75,1043.75,1045.75,14342
2025-08-28 14:00:00+00:00,1045.75,1047.5,1043.5,1044.25,14855
2025-08-28 15:00:00+00:00,1044.0,1045.0,1042.5,1043.0,13011
2025-08-28 16:00:00+00:00,1043.0,1044.75,1039.75,1043.75,16019
2025-08-28 17:00:00+00:00,1043.75,1048.5,1043.75,1047.75,15021
2025-08-28 18:00:00+00:00,1047.5,1049.25,1047.0,1048.25,10018
2025-08-29 00:00:00+00:00,1048.25,1052.0,1047.75,1050.0,0
2025-08-29 01:00:00+00:00,1049.75,1050.5,1048.5,1048.75,1978
2025-08-29 02:00:00+00:00,1049.0,1051.0,1048.75,1049.75,416
2025-08-29 03:00:00+00:00,1049.75,1050.5,1049.75,1050.0,751
2025-08-29 04:00:00+00:00,1050.0,1050.0,1049.5,1049.75,214
2025-08-29 05:00:00+00:00,1049.75,1050.5,1049.0,1050.0,832
2025-08-29 06:00:00+00:00,1050.25,1050.25,1048.25,1048.5,676
2025-08-29 07:00:00+00:00,1048.25,1048.75,1047.0,1047.75,1121
2025-08-29 08:00:00+00:00,1047.75,1048.5,1044.5,1045.0,1596
2025-08-29 09:00:00+00:00,1045.0,1045.75,1044.0,1044.0,1236
2025-08-29 10:00:00+00:00,1044.0,1044.5,1042.5,1043.5,1922
2025-08-29 11:00:00+00:00,1043.75,1043.75,1042.5,1043.0,1724
2025-08-29 12:00:00+00:00,1043.25,1045.25,1042.0,1044.75,3061
2025-08-29 13:00:00+00:00,1045.0,1046.75,1043.0,1045.5,10589
2025-08-29 14:00:00+00:00,1046.5,1048.0,1044.75,1047.5,12448
2025-08-29 15:00:00+00:00,1047.25,1049.0,1044.25,1049.0,14702
2025-08-29 16:00:00+00:00,1049.0,1053.0,1046.75,1047.5,15231
2025-08-29 17:00:00+00:00,1047.75,1051.75,1047.75,1051.75,10395
2025-08-29 18:00:00+00:00,1052.0,1055.0,1051.5,1053.0,14556
2025-09-02 04:00:00+00:00,1045.75,1046.0,1045.25,1045.25,0
2025-09-02 05:00:00+00:00,1045.5,1047.0,1045.25,1046.25,1041
2025-09-02 06:00:00+00:00,1046.0,1048.0,1046.0,1046.75,1018
2025-09-02 07:00:00+00:00,1046.75,1048.0,1043.5,1044.0,2072
2025-09-02 08:00:00+00:00,1044.0,1047.0,1044.0,1046.25,1462
2025-09-02 09:00:00+00:00,1046.25,1047.5,1045.25,1047.0,1051
2025-09-02 10:00:00+00:00,1047.0,1047.25,1044.5,1045.0,1220
2025-09-02 11:00:00+00:00,1045.0,1045.25,1043.0,1043.0,4108
2025-09-02 12:00:00+00:00,1043.0,1043.0,1040.5,1041.0,7385
2025-09-02 13:00:00+00:00,1040.5,1041.25,1036.5,1039.5,24201
2025-09-02 14:00:00+00:00,1039.25,1041.25,1036.5,1040.5,16680
2025-09-02 15:00:00+00:00,1040.5,1040.75,1038.0,1038.5,10057
2025-09-02 16:00:00+00:00,1038.5,1040.0,1037.5,1039.0,7485
2025-09-02 17:00:00+00:00,1039.0,1040.0,1038.0,1038.75,6059
2025-09-02 18:00:00+00:00,1038.5,1041.75,1038.5,1040.0,0
2025-09-03 00:00:00+00:00,1043.5,1047.75,1043.5,1044.25,5867
2025-09-03 01:00:00+00:00,1044.5,1044.75,1042.5,1042.5,1417
2025-09-03 02:00:00+00:00,1042.75,1043.0,1041.5,1041.75,1189
2025-09-03 03:00:00+00:00,1041.5,1041.75,1040.5,1040.75,738
2025-09-03 04:00:00+00:00,1040.75,1041.5,1040.25,1040.75,406
2025-09-03 05:00:00+00:00,1040.75,1041.25,1040.25,1040.75,480
2025-09-03 06:00:00+00:00,1040.75,1043.5,1040.5,1042.25,1439
2025-09-03 07:00:00+00:00,1042.0,1044.0,1041.75,1043.75,1029
2025-09-03 08:00:00+00:00,1044.0,1044.5,1043.0,1044.0,2078
2025-09-03 09:00:00+00:00,1044.0,1044.25,1040.75,1041.5,2238
2025-09-03 10:00:00+00:00,1041.25,1041.5,1040.0,1041.0,553
2025-09-03 11:00:00+00:00,1041.0,1041.5,1037.5,1037.5,2530
2025-09-03 12:00:00+00:00,1037.75,1038.0,1035.25,1037.5,3954
2025-09-03 13:00:00+00:00,1038.0,1039.25,1035.25,1036.0,9384
2025-09-03 14:00:00+00:00,1036.0,1037.75,1033.5,1034.0,16367
2025-09-03 15:00:00+00:00,1033.25,1035.0,1032.5,1033.25,12400
2025-09-03 16:00:00+00:00,1033.5,1033.75,1031.5,1032.5,9128
2025-09-03 17:00:00+00:00,1032.25,1033.25,1030.75,1031.0,10025
2025-09-03 18:00:00+00:00,1031.25,1031.75,1030.75,1031.75,0
2025-09-04 00:00:00+00:00,1031.5,1031.5,1029.5,1031.5,3560
2025-09-04 01:00:00+00:00,1031.5,1032.5,1031.25,1031.75,1542
2025-09-04 02:00:00+00:00,1031.75,1032.5,1030.5,1031.75,699
2025-09-04 03:00:00+00:00,1032.0,1032.5,1031.5,1031.5,2006
2025-09-04 04:00:00+00:00,1031.75,1032.25,1031.5,1032.0,161
2025-09-04 05:00:00+00:00,1032.0,1034.25,1031.75,1033.5,2293
2025-09-04 06:00:00+00:00,1033.25,1033.25,1030.0,1030.25,1023
2025-09-04 07:00:00+00:00,1030.0,1031.5,1030.0,1030.25,1326
2025-09-04 08:00:00+00:00,1030.5,1031.5,1027.75,1028.0,2790
2025-09-04 09:00:00+00:00,1028.0,1028.75,1027.5,1027.75,1249
2025-09-04 10:00:00+00:00,1028.0,1028.5,1026.0,1026.5,1783
2025-09-04 11:00:00+00:00,1026.25,1027.25,1024.25,1024.25,3321
2025-09-04 12:00:00+00:00,1024.5,1026.0,1023.75,1025.5,0
2025-09-04 13:00:00+00:00,1026.75,1027.25,1024.25,1025.0,40534
2025-09-04 14:00:00+00:00,1025.0,1025.0,1021.5,1024.5,25068
2025-09-04 15:00:00+00:00,1024.5,1027.75,1024.0,1026.75,9036
2025-09-04 16:00:00+00:00,1026.75,1030.0,1026.5,1029.0,12725
2025-09-04 17:00:00+00:00,1028.75,1030.0,1027.75,1029.75,7355
2025-09-04 18:00:00+00:00,1030.0,1034.25,1029.75,1033.25,15071
2025-09-05 00:00:00+00:00,1033.5,1036.25,1031.0,1031.5,0
2025-09-05 01:00:00+00:00,1031.5,1032.0,1030.75,1031.5,525
2025-09-05 02:00:00+00:00,1031.5,1032.5,1031.0,1031.75,1151
2025-09-05 03:00:00+00:00,1031.5,1031.75,1030.5,1030.5,339
2025-09-05 04:00:00+00:00,1031.0,1031.25,1030.25,1030.25,97
2025-09-05 05:00:00+00:00,1030.5,1031.5,1030.0,1031.5,1716
2025-09-05 06:00:00+00:00,1031.25,1034.0,1031.25,1032.0,2361
2025-09-05 07:00:00+00:00,1032.0,1032.75,1031.25,1032.75,587
2025-09-05 08:00:00+00:00,1032.5,1036.0,1032.5,1035.75,1351
2025-09-05 09:00:00+00:00,1035.75,1036.75,1034.75,1035.0,1860
2025-09-05 10:00:00+00:00,1034.75,1036.5,1034.0,1036.0,1629
2025-09-05 11:00:00+00:00,1036.0,1036.0,1032.25,1032.75,1108
2025-09-05 12:00:00+00:00,1032.75,1034.75,1032.25,1032.75,0
2025-09-05 13:00:00+00:00,1033.0,1037.25,1031.75,1034.75,35372
2025-09-05 14:00:00+00:00,1035.0,1035.0,1028.5,1032.5,17722
2025-09-05 15:00:00+00:00,1032.5,1034.5,1032.0,1033.25,7961
2025-09-05 16:00:00+00:00,1033.25,1033.25,1029.0,1030.25,11245
2025-09-05 17:00:00+00:00,1030.25,1031.5,1029.0,1030.0,6908
2025-09-05 18:00:00+00:00,1030.0,1030.5,1025.75,1027.0,15027
2025-09-08 04:00:00+00:00,1029.25,1029.75,1029.0,1029.5,0
2025-09-08 05:00:00+00:00,1029.25,1030.0,1029.0,1029.75,461
2025-09-08 06:00:00+00:00,1029.5,1030.5,1028.25,1030.0,895
2025-09-08 07:00:00+00:00,1030.0,1030.0,1024.5,1025.75,3052
2025-09-08 08:00:00+00:00,1025.5,1028.0,1025.5,1027.5,647
2025-09-08 09:00:00+00:00,1027.75,1029.5,1027.75,1029.0,757
2025-09-08 10:00:00+00:00,1029.0,1030.5,1028.75,1028.75,1091
2025-09-08 11:00:00+00:00,1028.75,1029.0,1026.0,1028.25,3180
2025-09-08 12:00:00+00:00,1028.5,1029.5,1027.5,1028.25,3126
2025-09-08 13:00:00+00:00,1028.75,1029.5,1023.5,1024.5,12648
2025-09-08 14:00:00+00:00,1024.5,1026.0,1023.75,1024.75,10093
2025-09-08 15:00:00+00:00,1024.75,1028.5,1024.5,1027.75,8769
2025-09-08 16:00:00+00:00,1027.75,1032.75,1027.5,1031.75,9432
2025-09-08 17:00:00+00:00,1031.5,1034.75,1031.0,1034.5,9296
2025-09-08 18:00:00+00:00,1034.5,1035.0,1032.75,1034.0,0
2025-09-09 00:00:00+00:00,1034.0,1035.75,1032.5,1033.5,2166
2025-09-09 01:00:00+00:00,1033.5,1034.75,1031.75,1034.25,3069
2025-09-09 02:00:00+00:00,1034.25,1034.75,1032.5,1032.75,448
2025-09-09 03:00:00+00:00,1033.0,1033.25,1032.0,1032.25,323
2025-09-09 04:00:00+00:00,1032.5,1033.0,1032.25,1032.5,113
2025-09-09 05:00:00+00:00,1032.75,1034.5,1031.75,1031.75,2215
2025-09-09 06:00:00+00:00,1031.75,1032.5,1031.0,1031.25,1026
2025-09-09 07:00:00+00:00,1031.25,1033.25,1031.0,1032.75,921
2025-09-09 08:00:00+00:00,1032.75,1034.0,1032.0,1033.25,567
2025-09-09 09:00:00+00:00,1033.25,1034.25,1032.25,1034.0,839
2025-09-09 10:00:00+00:00,1034.25,1036.0,1034.25,1035.5,806
2025-09-09 11:00:00+00:00,1035.5,1036.0,1033.0,1033.5,1429
2025-09-09 12:00:00+00:00,1033.5,1033.75,1030.0,1032.0,0
2025-09-09 13:00:00+00:00,1032.0,1035.5,1029.25,1035.0,28436
2025-09-09 14:00:00+00:00,1035.0,1036.0,1032.0,1035.25,11177
2025-09-09 15:00:00+00:00,1035.25,1036.0,1031.0,1031.5,9814
2025-09-09 16:00:00+00:00,1031.25,1031.5,1029.25,1030.25,8948
2025-09-09 17:00:00+00:00,1030.25,1032.0,1029.75,1031.0,7916
2025-09-09 18:00:00+00:00,1031.25,1032.75,1030.25,1030.5,11355
2025-09-10 00:00:00+00:00,1031.0,1032.0,1027.5,1029.0,0
2025-09-10 01:00:00+00:00,1029.0,1029.5,1027.25,1028.0,1883
2025-09-10 02:00:00+00:00,1028.0,1028.25,1027.25,1027.5,567
2025-09-10 03:00:00+00:00,1027.75,1028.5,1027.5,1027.75,262
2025-09-10 04:00:00+00:00,1027.75,1028.5,1027.75,1028.25,188
2025-09-10 05:00:00+00:00,1028.0,1028.25,1027.25,1027.25,862
2025-09-10 06:00:00+00:00,1027.25,1027.75,1026.75,1027.5,1781
2025-09-10 07:00:00+00:00,1027.25,1028.25,1027.0,1028.25,1609
2025-09-10 08:00:00+00:00,1028.25,1028.25,1026.5,1027.25,1508
2025-09-10 09:00:00+00:00,1027.25,1027.5,1026.75,1026.75,666
2025-09-10 10:00:00+00:00,1026.75,1027.75,1026.75,1027.75,1156
2025-09-10 11:00:00+00:00,1027.75,1029.5,1027.0,1029.25,1632
2025-09-10 12:00:00+00:00,1029.25,1031.75,1029.25,1029.5,2841
2025-09-10 13:00:00+00:00,1029.5,1031.5,1028.5,1028.75,13317
2025-09-10 14:00:00+00:00,1029.0,1030.25,1026.5,1027.5,12801
2025-09-10 15:00:00+00:00,1027.5,1028.5,1025.5,1028.25,17640
2025-09-10 16:00:00+00:00,1028.25,1028.75,1024.75,1025.5,7214
2025-09-10 17:00:00+00:00,1025.25,1025.75,1024.0,1025.0,7819
2025-09-10 18:00:00+00:00,1025.25,1026.0,1024.0,1025.0,0
2025-09-11 00:00:00+00:00,1024.75,1025.25,1023.0,1024.75,3825
2025-09-11 01:00:00+00:00,1025.0,1025.25,1022.75,1024.0,1406
2025-09-11 02:00:00+00:00,1024.25,1025.75,1024.0,1025.5,438
2025-09-11 03:00:00+00:00,1025.5,1026.5,1025.25,1026.0,717
2025-09-11 04:00:00+00:00,1026.0,1026.0,1025.5,1025.75,105
2025-09-11 05:00:00+00:00,1025.5,1028.0,1025.5,1028.0,889
2025-09-11 06:00:00+00:00,1027.75,1030.5,1027.5,1030.0,2100
2025-09-11 07:00:00+00:00,1029.75,1030.5,1028.75,1030.25,1533
2025-09-11 08:00:00+00:00,1030.5,1031.0,1029.25,1029.5,1719
2025-09-11 09:00:00+00:00,1029.5,1031.5,1029.5,1030.5,1318
2025-09-11 10:00:00+00:00,1030.75,1030.75,1029.5,1030.5,582
2025-09-11 11:00:00+00:00,1030.25,1031.5,1030.0,1031.0,1706
2025-09-11 12:00:00+00:00,1030.75,1032.0,1030.25,1031.75,2481
2025-09-11 13:00:00+00:00,1032.0,1033.5,1029.5,1033.0,14843
2025-09-11 14:00:00+00:00,1033.0,1035.5,1030.25,1033.0,18116
2025-09-11 15:00:00+00:00,1033.0,1035.75,1032.0,1035.0,9371
2025-09-11 16:00:00+00:00,1035.25,1035.5,1032.25,1034.25,8778
2025-09-11 17:00:00+00:00,1034.25,1035.5,1033.5,1034.75,7796
2025-09-11 18:00:00+00:00,1034.75,1035.0,1033.25,1034.0,0
2025-09-12 00:00:00+00:00,1034.5,1035.5,1033.0,1034.5,1414
2025-09-12 01:00:00+00:00,1034.75,1035.75,1034.0,1034.0,918
2025-09-12 02:00:00+00:00,1034.0,1035.0,1034.0,1034.25,326
2025-09-12 03:00:00+00:00,1034.5,1034.75,1034.0,1034.25,201
2025-09-12 04:00:00+00:00,1034.25,1034.75,1034.25,1034.5,360
2025-09-12 05:00:00+00:00,1034.25,1034.75,1033.75,1033.75,646
2025-09-12 06:00:00+00:00,1033.75,1034.0,1032.25,1032.25,1445
2025-09-12 07:00:00+00:00,1032.25,1034.0,1031.5,1033.75,537
2025-09-12 08:00:00+00:00,1034.0,1034.25,1032.0,1032.5,1688
2025-09-12 09:00:00+00:00,1032.75,1033.25,1031.5,1031.5,2472
2025-09-12 10:00:00+00:00,1031.75,1033.5,1031.25,1033.5,637
2025-09-12 11:00:00+00:00,1033.75,1034.5,1032.75,1033.0,1455
2025-09-12 12:00:00+00:00,1033.0,1034.5,1032.0,1033.0,1597
2025-09-12 13:00:00+00:00,1032.25,1039.25,1032.25,1039.25,16648
2025-09-12 14:00:00+00:00,1039.0,1046.75,1039.0,1042.75,26118
2025-09-12 15:00:00+00:00,1043.0,1044.75,1041.25,1042.25,14912
2025-09-12 16:00:00+00:00,1042.25,1043.75,1028.0,1042.0,60012
2025-09-12 17:00:00+00:00,1042.0,1049.0,1042.0,1045.25,23617
2025-09-12 18:00:00+00:00,1045.5,1047.0,1044.75,1045.25,15961
2025-09-15 04:00:00+00:00,1042.75,1043.25,1042.5,1043.25,0
2025-09-15 05:00:00+00:00,1043.0,1043.75,1042.75,1043.5,489
2025-09-15 06:00:00+00:00,1043.75,1044.0,1042.25,1043.0,896
2025-09-15 07:00:00+00:00,1043.0,1047.75,1042.75,1046.75,4818
2025-09-15 08:00:00+00:00,1046.75,1046.75,1039.75,1041.25,5081
2025-09-15 09:00:00+00:00,1041.5,1041.75,1040.25,1041.5,1379
2025-09-15 10:00:00+00:00,1041.5,1042.5,1039.75,1041.0,1091
2025-09-15 11:00:00+00:00,1041.25,1041.75,1040.25,1041.0,1133
2025-09-15 12:00:00+00:00,1040.75,1047.25,1040.5,1046.75,0
2025-09-15 13:00:00+00:00,1046.75,1051.25,1046.75,1048.5,52949
2025-09-15 14:00:00+00:00,1048.75,1050.25,1046.75,1048.5,14954
2025-09-15 15:00:00+00:00,1047.5,1048.5,1043.25,1043.5,15234
2025-09-15 16:00:00+00:00,1043.5,1046.0,1043.0,1044.0,8084
2025-09-15 17:00:00+00:00,1044.0,1045.25,1042.25,1043.25,7005
2025-09-15 18:00:00+00:00,1043.25,1043.75,1041.75,1043.25,0
2025-09-16 00:00:00+00:00,1044.25,1044.25,1044.0,1044.25,1948
2025-09-16 01:00:00+00:00,1044.5,1046.75,1044.5,1045.75,2007
2025-09-16 02:00:00+00:00,1046.0,1046.0,1042.5,1042.5,1796
2025-09-16 03:00:00+00:00,1042.75,1043.0,1042.25,1042.5,564
2025-09-16 04:00:00+00:00,1042.5,1042.5,1042.25,1042.5,52
2025-09-16 05:00:00+00:00,1042.5,1043.0,1042.25,1043.0,234
2025-09-16 06:00:00+00:00,1043.0,1044.5,1042.75,1043.75,1349
2025-09-16 07:00:00+00:00,1044.0,1045.75,1044.0,1044.5,1791
2025-09-16 08:00:00+00:00,1044.5,1045.0,1044.25,1044.75,115
2025-09-16 10:00:00+00:00,1046.75,1048.0,1046.25,1048.0,3477
2025-09-16 11:00:00+00:00,1048.0,1049.25,1047.5,1048.75,2505
2025-09-16 12:00:00+00:00,1048.5,1050.0,1048.25,1048.75,3409
2025-09-16 13:00:00+00:00,1049.0,1052.5,1047.0,1047.75,20811
2025-09-16 14:00:00+00:00,1048.0,1049.25,1046.25,1046.5,11488
2025-09-16 15:00:00+00:00,1046.75,1050.5,1046.0,1050.25,11701
2025-09-16 16:00:00+00:00,1050.5,1050.75,1048.75,1050.0,8349
2025-09-16 17:00:00+00:00,1050.25,1052.25,1049.0,1050.5,11985
2025-09-16 18:00:00+00:00,1050.5,1051.25,1048.25,1049.0,15020
2025-09-17 00:00:00+00:00,1049.25,1052.0,1048.75,1051.25,0
2025-09-17 01:00:00+00:00,1051.25,1052.0,1047.75,1048.0,2049
2025-09-17 02:00:00+00:00,1048.0,1048.0,1046.25,1047.0,1490
2025-09-17 03:00:00+00:00,1046.75,1047.0,1045.5,1046.25,1323
2025-09-17 04:00:00+00:00,1046.0,1046.25,1045.5,1046.25,599
2025-09-17 05:00:00+00:00,1046.25,1046.25,1044.0,1044.5,1805
2025-09-17 06:00:00+00:00,1044.5,1046.0,1044.25,1045.5,1883
2025-09-17 07:00:00+00:00,1045.25,1046.0,1043.25,1043.5,2136
2025-09-17 08:00:00+00:00,1043.75,1045.75,1043.25,1045.5,1755
2025-09-17 09:00:00+00:00,1045.5,1046.5,1044.75,1046.0,1358
2025-09-17 10:00:00+00:00,1045.75,1047.0,1045.0,1045.5,980
2025-09-17 11:00:00+00:00,1045.25,1048.75,1045.0,1048.5,2556
2025-09-17 12:00:00+00:00,1048.25,1052.25,1048.0,1051.0,4893
2025-09-17 13:00:00+00:00,1051.0,1052.75,1048.25,1052.25,17576
2025-09-17 14:00:00+00:00,1052.25,1052.5,1046.75,1047.5,12832
2025-09-17 15:00:00+00:00,1047.5,1048.75,1043.5,1044.0,13321
2025-09-17 16:00:00+00:00,1043.75,1044.5,1043.0,1043.25,8365
2025-09-17 17:00:00+00:00,1043.25,1043.75,1042.0,1042.75,8346
2025-09-17 18:00:00+00:00,1042.75,1044.0,1042.75,1044.0,8516
2025-09-18 00:00:00+00:00,1043.75,1044.5,1041.0,1042.75,0
2025-09-18 01:00:00+00:00,1042.75,1043.0,1039.75,1042.5,2202
2025-09-18 02:00:00+00:00,1042.5,1042.75,1041.5,1042.0,805
2025-09-18 03:00:00+00:00,1041.75,1042.25,1041.5,1041.5,185
2025-09-18 04:00:00+00:00,1041.5,1041.5,1040.5,1040.75,164
2025-09-18 05:00:00+00:00,1040.5,1040.75,1039.25,1039.25,1126
2025-09-18 06:00:00+00:00,1039.5,1039.75,1038.0,1038.75,3577
2025-09-18 07:00:00+00:00,1039.0,1040.0,1038.25,1039.5,1224
2025-09-18 08:00:00+00:00,1039.5,1041.5,1039.5,1040.75,2018
2025-09-18 09:00:00+00:00,1040.75,1041.25,1039.25,1039.5,969
2025-09-18 10:00:00+00:00,1039.5,1040.75,1039.25,1040.25,617
2025-09-18 11:00:00+00:00,1040.25,1041.0,1039.75,1039.75,1907
2025-09-18 12:00:00+00:00,1039.5,1041.5,1039.25,1041.25,3396
2025-09-18 13:00:00+00:00,1041.0,1041.25,1037.0,1040.25,12797
2025-09-18 14:00:00+00:00,1040.0,1043.0,1037.5,1038.5,17755
2025-09-18 15:00:00+00:00,1038.25,1040.25,1036.5,1036.5,8580
2025-09-18 16:00:00+00:00,1036.75,1037.5,1035.25,1037.25,11048
2025-09-18 17:00:00+00:00,1037.0,1037.75,1035.25,1035.75,9354
2025-09-18 18:00:00+00:00,1035.75,1039.0,1035.25,1038.75,10181
2025-09-19 00:00:00+00:00,1038.5,1042.75,1038.5,1042.0,0
2025-09-19 01:00:00+00:00,1042.0,1043.75,1042.0,1042.25,2133
2025-09-19 02:00:00+00:00,1042.25,1043.5,1042.25,1043.25,662
2025-09-19 03:00:00+00:00,1043.25,1043.5,1042.5,1043.0,610
2025-09-19 04:00:00+00:00,1043.0,1043.0,1042.0,1042.25,365
2025-09-19 05:00:00+00:00,1042.25,1042.75,1041.5,1042.0,1069
2025-09-19 06:00:00+00:00,1042.0,1043.75,1041.75,1043.0,1504
2025-09-19 07:00:00+00:00,1042.75,1044.0,1042.5,1043.5,925
2025-09-19 08:00:00+00:00,1043.5,1044.0,1042.5,1043.0,1387
2025-09-19 09:00:00+00:00,1043.0,1043.5,1042.0,1042.5,1345
2025-09-19 10:00:00+00:00,1042.5,1042.5,1040.5,1041.0,1284
2025-09-19 11:00:00+00:00,1041.0,1042.5,1040.25,1041.75,2171
2025-09-19 12:00:00+00:00,1041.75,1044.0,1039.75,1040.5,5052
2025-09-19 13:00:00+00:00,1040.5,1040.5,1037.0,1038.75,10810
2025-09-19 14:00:00+00:00,1038.75,1047.75,1034.5,1035.25,46265
2025-09-19 15:00:00+00:00,1035.25,1037.25,1027.5,1027.75,42546
2025-09-19 16:00:00+00:00,1027.75,1029.25,1025.0,1025.5,22583
2025-09-19 17:00:00+00:00,1025.75,1027.25,1024.5,1024.75,13363
2025-09-19 18:00:00+00:00,1024.75,1026.25,1024.0,1025.5,16294
2025-09-22 04:00:00+00:00,1024.0,1024.25,1023.25,1023.75,0
2025-09-22 05:00:00+00:00,1023.5,1024.0,1023.0,1023.25,970
2025-09-22 06:00:00+00:00,1023.25,1024.5,1023.0,1023.75,1715
2025-09-22 07:00:00+00:00,1023.75,1024.25,1022.25,1022.5,1992
2025-09-22 08:00:00+00:00,1022.25,1023.0,1019.5,1020.5,3371
2025-09-22 09:00:00+00:00,1020.5,1020.75,1018.75,1019.5,2953
2025-09-22 10:00:00+00:00,1019.5,1021.5,1019.25,1020.5,3813
2025-09-22 11:00:00+00:00,1020.5,1021.0,1011.5,1012.25,11081
2025-09-22 12:00:00+00:00,1012.5,1014.25,1010.25,1011.25,10027
2025-09-22 13:00:00+00:00,1010.75,1011.25,1006.75,1009.75,31224
2025-09-22 14:00:00+00:00,1009.5,1011.0,1006.25,1010.5,25230
2025-09-22 15:00:00+00:00,1010.5,1012.0,1009.5,1010.5,14817
2025-09-22 16:00:00+00:00,1010.25,1011.5,1009.5,1010.75,12254
2025-09-22 17:00:00+00:00,1011.0,1011.5,1008.5,1010.0,23427
2025-09-22 18:00:00+00:00,1009.75,1012.0,1009.25,1011.25,12183
2025-09-23 00:00:00+00:00,1010.75,1011.0,1005.25,1007.0,0
2025-09-23 01:00:00+00:00,1007.0,1010.0,1006.25,1007.0,6705
2025-09-23 02:00:00+00:00,1007.0,1007.5,1005.75,1007.5,1942
2025-09-23 03:00:00+00:00,1007.25,1008.25,1005.75,1006.0,2491
2025-09-23 04:00:00+00:00,1006.0,1006.0,1005.25,1005.5,6330
2025-09-23 05:00:00+00:00,1005.5,1007.75,1005.5,1007.5,1550
2025-09-23 06:00:00+00:00,1007.5,1009.25,1006.75,1007.25,4125
2025-09-23 07:00:00+00:00,1007.25,1007.75,1006.0,1006.5,1755
2025-09-23 08:00:00+00:00,1006.75,1006.75,1005.25,1006.75,1689
2025-09-23 09:00:00+00:00,1006.5,1007.25,1005.0,1005.25,2417
2025-09-23 10:00:00+00:00,1005.25,1006.5,1005.0,1006.5,1687
2025-09-23 11:00:00+00:00,1006.5,1007.5,1005.0,1005.25,2436
2025-09-23 12:00:00+00:00,1005.25,1007.5,1005.25,1007.0,2857
2025-09-23 13:00:00+00:00,1006.75,1010.25,1005.25,1009.25,20930
2025-09-23 14:00:00+00:00,1009.25,1015.5,1009.0,1014.5,24174
2025-09-23 15:00:00+00:00,1014.5,1015.0,1011.0,1012.75,14442
2025-09-23 16:00:00+00:00,1012.5,1013.0,1008.75,1009.5,12237
2025-09-23 17:00:00+00:00,1009.25,1012.0,1009.25,1010.5,8621
2025-09-23 18:00:00+00:00,1010.5,1012.75,1010.25,1012.5,13832
2025-09-24 00:00:00+00:00,1011.25,1012.25,1007.5,1008.25,0
2025-09-24 01:00:00+00:00,1008.5,1009.5,1007.75,1008.75,1452
2025-09-24 02:00:00+00:00,1008.75,1010.75,1008.75,1010.5,1866
2025-09-24 03:00:00+00:00,1010.5,1011.25,1010.0,1011.25,631
2025-09-24 04:00:00+00:00,1011.0,1011.5,1010.75,1011.25,181
2025-09-24 05:00:00+00:00,1011.0,1012.5,1010.5,1012.0,1927
2025-09-24 06:00:00+00:00,1012.0,1012.5,1009.25,1009.5,2332
2025-09-24 07:00:00+00:00,1009.5,1011.5,1009.25,1011.0,1058
2025-09-24 08:00:00+00:00,1010.75,1011.0,1007.5,1007.75,3495
2025-09-24 09:00:00+00:00,1008.0,1008.5,1007.25,1007.25,664
2025-09-24 10:00:00+00:00,1007.25,1008.75,1007.25,1008.0,909
2025-09-24 11:00:00+00:00,1008.25,1008.75,1005.75,1007.0,2761
2025-09-24 12:00:00+00:00,1006.75,1020.0,1006.0,1016.75,27076
2025-09-24 13:00:00+00:00,1018.0,1020.0,1009.25,1011.0,27814
2025-09-24 14:00:00+00:00,1011.25,1016.0,1010.75,1015.5,16460
2025-09-24 15:00:00+00:00,1015.5,1016.0,1010.0,1010.5,13946
2025-09-24 16:00:00+00:00,1010.5,1010.75,1008.5,1009.5,13416
2025-09-24 17:00:00+00:00,1009.5,1010.75,1009.0,1009.75,8817
2025-09-24 18:00:00+00:00,1009.75,1010.5,1008.25,1008.5,13689
2025-09-25 00:00:00+00:00,1008.5,1011.0,1006.5,1010.75,0
2025-09-25 01:00:00+00:00,1010.75,1011.0,1009.25,1010.5,2889
2025-09-25 02:00:00+00:00,1010.75,1012.75,1010.75,1012.5,1996
2025-09-25 03:00:00+00:00,1012.5,1012.75,1012.0,1012.0,330
2025-09-25 04:00:00+00:00,1012.0,1012.25,1011.5,1012.0,217
2025-09-25 05:00:00+00:00,1012.0,1013.5,1012.0,1013.5,1689
2025-09-25 06:00:00+00:00,1013.5,1014.0,1012.0,1012.25,1501
2025-09-25 07:00:00+00:00,1012.25,1013.5,1011.5,1013.0,722
2025-09-25 08:00:00+00:00,1013.0,1014.75,1012.75,1014.25,1219
2025-09-25 09:00:00+00:00,1014.25,1015.5,1014.0,1015.25,2149
2025-09-25 10:00:00+00:00,1015.25,1015.75,1014.5,1015.75,1829
2025-09-25 11:00:00+00:00,1015.5,1017.0,1013.75,1013.75,4123
2025-09-25 12:00:00+00:00,1013.5,1016.0,1013.0,1015.0,3717
2025-09-25 13:00:00+00:00,1015.75,1015.75,1012.25,1015.5,21114
2025-09-25 14:00:00+00:00,1015.25,1015.5,1011.5,1014.25,18405
2025-09-25 15:00:00+00:00,1014.25,1014.5,1011.25,1013.25,11988
2025-09-25 16:00:00+00:00,1013.25,1013.5,1008.5,1008.75,14950
2025-09-25 17:00:00+00:00,1009.0,1010.25,1007.75,1010.0,10611
2025-09-25 18:00:00+00:00,1010.0,1012.75,1010.0,1012.0,13366
2025-09-26 00:00:00+00:00,1012.0,1013.0,1011.25,1012.5,0
2025-09-26 01:00:00+00:00,1012.25,1014.0,1011.0,1011.0,3490
2025-09-26 02:00:00+00:00,1011.0,1011.75,1010.0,1010.75,2823
2025-09-26 03:00:00+00:00,1011.0,1011.5,1010.5,1011.0,409
2025-09-26 04:00:00+00:00,1011.0,1011.75,1011.0,1011.25,301
2025-09-26 05:00:00+00:00,1011.25,1011.5,1010.0,1010.75,1328
2025-09-26 06:00:00+00:00,1010.5,1011.75,1008.75,1009.0,1833
2025-09-26 07:00:00+00:00,1009.0,1011.25,1009.0,1009.5,550
2025-09-26 08:00:00+00:00,1009.25,1012.5,1009.0,1012.5,1194
2025-09-26 09:00:00+00:00,1012.25,1012.25,1010.75,1011.0,1152
2025-09-26 10:00:00+00:00,1011.0,1011.0,1010.0,1010.75,975
2025-09-26 11:00:00+00:00,1011.0,1012.0,1010.0,1011.0,837
2025-09-26 12:00:00+00:00,1011.25,1012.25,1010.75,1012.0,1668
2025-09-26 13:00:00+00:00,1011.75,1013.25,1010.5,1011.5,13246
2025-09-26 14:00:00+00:00,1011.5,1015.0,1010.75,1015.0,15476
2025-09-26 15:00:00+00:00,1015.0,1015.75,1011.5,1012.75,15047
2025-09-26 16:00:00+00:00,1013.0,1014.25,1012.25,1013.75,8219
2025-09-26 17:00:00+00:00,1013.75,1013.75,1011.5,1012.25,7463
2025-09-26 18:00:00+00:00,1012.5,1014.5,1012.0,1013.75,15860
2025-09-29 00:00:00+00:00,1011.75,1013.75,1009.25,1012.0,1890
2025-09-29 01:00:00+00:00,1012.0,1012.25,1010.0,1010.5,1354
2025-09-29 02:00:00+00:00,1010.5,1011.75,1010.0,1010.75,1436
2025-09-29 03:00:00+00:00,1010.75,1011.25,1010.25,1010.5,170
2025-09-29 04:00:00+00:00,1010.5,1011.0,1010.25,1010.75,195
2025-09-29 05:00:00+00:00,1010.5,1011.0,1010.25,1010.5,428
2025-09-29 06:00:00+00:00,1010.75,1011.5,1009.5,1010.25,2245
2025-09-29 07:00:00+00:00,1010.25,1011.0,1009.25,1010.75,773
2025-09-29 08:00:00+00:00,1010.75,1011.25,1010.0,1011.0,476
2025-09-29 09:00:00+00:00,1011.25,1011.25,1009.5,1009.5,494
2025-09-29 10:00:00+00:00,1009.75,1010.5,1009.0,1009.5,1002
2025-09-29 11:00:00+00:00,1009.75,1011.25,1009.75,1011.0,1424
2025-09-29 12:00:00+00:00,1011.0,1011.0,1008.5,1008.75,1909
2025-09-29 13:00:00+00:00,1009.25,1010.25,1006.0,1006.75,15018
2025-09-29 14:00:00+00:00,1006.75,1012.0,1006.5,1008.0,20925
2025-09-29 15:00:00+00:00,1008.25,1012.0,1008.0,1011.0,9756
2025-09-29 16:00:00+00:00,1011.0,1011.0,1009.0,1011.0,8749
2025-09-29 17:00:00+00:00,1011.0,1012.0,1009.5,1010.25,7396
2025-09-29 18:00:00+00:00,1010.25,1011.25,1009.0,1009.25,11399
2025-09-30 00:00:00+00:00,1009.25,1009.25,1007.0,1007.25,0
2025-09-30 01:00:00+00:00,1007.25,1007.75,1007.0,1007.25,1130
2025-09-30 02:00:00+00:00,1007.25,1007.75,1006.75,1006.75,721
2025-09-30 03:00:00+00:00,1007.0,1007.0,1006.5,1006.75,420
2025-09-30 04:00:00+00:00,1006.75,1007.0,1006.5,1006.75,58
2025-09-30 05:00:00+00:00,1006.75,1007.0,1005.5,1005.75,2426
2025-09-30 06:00:00+00:00,1005.75,1007.75,1005.75,1007.75,1008
2025-09-30 07:00:00+00:00,1007.5,1008.0,1006.0,1006.75,1034
2025-09-30 08:00:00+00:00,1006.75,1007.5,1005.75,1006.75,1230
2025-09-30 09:00:00+00:00,1006.5,1007.0,1006.0,1006.75,603
2025-09-30 10:00:00+00:00,1006.5,1008.0,1006.25,1007.25,689
2025-09-30 11:00:00+00:00,1007.0,1007.5,1006.25,1007.25,5504
2025-09-30 12:00:00+00:00,1007.25,1008.0,1006.5,1007.0,2246
2025-09-30 13:00:00+00:00,1006.75,1007.0,1004.5,1005.75,17052
2025-09-30 14:00:00+00:00,1005.75,1006.5,1002.5,1002.75,22214
2025-09-30 15:00:00+00:00,1003.0,1005.0,1002.5,1003.75,11280
2025-09-30 16:00:00+00:00,1004.0,1009.0,1000.5,1003.75,41171
2025-09-30 17:00:00+00:00,1003.75,1004.75,1000.5,1001.5,9561
2025-09-30 18:00:00+00:00,1001.75,1002.25,1000.5,1000.75,17224
2025-10-01 00:00:00+00:00,1000.25,1000.5,995.75,995.75,0
2025-10-01 01:00:00+00:00,995.75,996.25,995.25,995.75,3395
2025-10-01 02:00:00+00:00,995.75,995.75,994.25,995.25,1508
2025-10-01 03:00:00+00:00,995.0,995.25,994.0,994.5,932
2025-10-01 04:00:00+00:00,994.5,994.75,994.0,994.5,356
2025-10-01 05:00:00+00:00,994.5,995.0,993.75,994.25,666
2025-10-01 06:00:00+00:00,994.5,995.25,994.25,995.0,893
2025-10-01 07:00:00+00:00,995.25,996.75,995.0,995.5,2031
2025-10-01 08:00:00+00:00,995.5,996.25,995.0,996.0,1658
2025-10-01 09:00:00+00:00,995.75,996.25,995.25,995.75,728
2025-10-01 10:00:00+00:00,995.75,997.0,995.75,996.25,1100
2025-10-01 11:00:00+00:00,996.25,997.25,995.75,996.5,1437
2025-10-01 12:00:00+00:00,996.5,997.5,996.0,996.25,1991
2025-10-01 13:00:00+00:00,996.25,999.75,995.25,998.0,15322
2025-10-01 14:00:00+00:00,998.0,1000.25,996.75,997.75,17380
2025-10-01 15:00:00+00:00,998.0,998.5,996.25,997.25,15810
2025-10-01 16:00:00+00:00,997.25,1000.0,997.0,999.5,11165
2025-10-01 17:00:00+00:00,999.25,1017.25,998.5,1016.25,64437
2025-10-01 18:00:00+00:00,1016.25,1020.0,1010.25,1015.0,37637
2025-10-02 00:00:00+00:00,1013.0,1014.5,1009.5,1009.75,0
2025-10-02 01:00:00+00:00,1009.5,1010.25,1008.5,1010.25,4108
2025-10-02 02:00:00+00:00,1010.25,1011.5,1010.25,1011.5,604
2025-10-02 03:00:00+00:00,1011.5,1012.0,1011.25,1011.75,613
2025-10-02 04:00:00+00:00,1011.5,1012.0,1011.25,1011.75,291
2025-10-02 05:00:00+00:00,1011.5,1012.0,1011.0,1011.25,210
2025-10-02 06:00:00+00:00,1011.25,1013.0,1010.75,1012.75,1358
2025-10-02 07:00:00+00:00,1012.75,1031.75,1011.75,1012.5,1092
2025-10-02 08:00:00+00:00,1012.25,1031.75,1011.75,1013.5,1195
2025-10-02 09:00:00+00:00,1013.5,1032.0,1012.25,1012.5,1475
2025-10-02 10:00:00+00:00,1012.5,1032.25,1012.25,1013.5,1174
2025-10-02 11:00:00+00:00,1031.5,1033.0,1008.25,1011.0,8668
2025-10-02 12:00:00+00:00,1011.0,1030.25,1009.5,1011.75,3067
2025-10-02 13:00:00+00:00,1030.0,1032.75,1011.25,1012.75,14914
2025-10-02 14:00:00+00:00,1012.75,1036.5,1011.0,1018.0,24043
2025-10-02 15:00:00+00:00,1018.25,1037.25,1015.5,1033.75,0
2025-10-02 16:00:00+00:00,1016.0,1037.25,1015.75,1037.0,3682
2025-10-02 17:00:00+00:00,1019.0,1043.5,1019.0,1024.25,102839
2025-10-02 18:00:00+00:00,1024.25,1042.5,1022.0,1040.0,18639
2025-10-03 00:00:00+00:00,1021.0,1040.5,1020.0,1022.0,0
2025-10-03 01:00:00+00:00,1022.0,1040.25,1021.25,1021.5,848
2025-10-03 02:00:00+00:00,1021.5,1040.0,1021.5,1022.25,294
2025-10-03 03:00:00+00:00,1022.25,1039.75,1021.5,1022.0,87
2025-10-03 04:00:00+00:00,1022.0,1039.75,1021.75,1039.75,73
2025-10-03 05:00:00+00:00,1022.0,1040.25,1021.25,1021.5,1738
2025-10-03 06:00:00+00:00,1021.25,1041.0,1021.25,1022.5,657
2025-10-03 07:00:00+00:00,1022.75,1041.5,1022.75,1041.0,0
2025-10-03 08:00:00+00:00,1041.0,1041.75,1022.0,1023.25,5943
2025-10-03 09:00:00+00:00,1023.5,1042.0,1021.75,1040.0,780
2025-10-03 10:00:00+00:00,1022.0,1040.5,1020.75,1040.5,0
2025-10-03 11:00:00+00:00,1022.75,1044.25,1022.5,1043.75,9964
2025-10-03 12:00:00+00:00,1026.0,1043.75,1023.25,1023.5,2333
2025-10-03 13:00:00+00:00,1023.0,1042.25,1018.5,1041.5,0
2025-10-03 14:00:00+00:00,1023.75,1043.25,1020.75,1025.25,34818
2025-10-03 15:00:00+00:00,1025.0,1046.5,1024.5,1026.75,26304
2025-10-03 16:00:00+00:00,1026.75,1046.25,1025.25,1026.75,7730
2025-10-03 17:00:00+00:00,1026.75,1045.25,1021.25,1022.0,15773
2025-10-03 18:00:00+00:00,1040.5,1041.0,1016.5,1017.0,26103
2025-10-06 04:00:00+00:00,1036.5,1036.75,1017.5,1017.75,0
2025-10-06 05:00:00+00:00,1017.75,1036.75,1017.25,1017.5,74
2025-10-06 06:00:00+00:00,1036.5,1037.25,1017.25,1036.5,0
2025-10-06 07:00:00+00:00,1036.5,1038.25,1017.25,1036.25,283
2025-10-06 08:00:00+00:00,1017.25,1038.0,1016.75,1037.75,344
2025-10-06 09:00:00+00:00,1019.0,1039.25,1019.0,1020.5,7883
2025-10-06 10:00:00+00:00,1020.5,1040.0,1020.0,1039.75,0
2025-10-06 11:00:00+00:00,1039.75,1042.0,1020.0,1040.75,738
2025-10-06 12:00:00+00:00,1022.0,1041.0,1019.5,1020.0,12220
2025-10-06 13:00:00+00:00,1018.75,1040.5,1018.0,1021.0,18045
2025-10-06 14:00:00+00:00,1020.75,1039.75,1016.0,1016.0,19203
2025-10-06 15:00:00+00:00,1035.25,1037.25,1015.0,1017.75,12017
2025-10-06 16:00:00+00:00,1018.0,1037.75,1016.5,1035.75,0
2025-10-06 17:00:00+00:00,1035.75,1037.0,1016.5,1018.0,58082
2025-10-06 18:00:00+00:00,1018.0,1036.75,1017.5,1017.5,12276
2025-10-07 07:00:00+00:00,1036.0,1037.25,1036.0,1037.25,15
2025-10-07 08:00:00+00:00,1037.0,1037.25,1036.75,1037.0,130
2025-10-07 09:00:00+00:00,1036.75,1038.0,1036.75,1037.5,255
2025-10-07 10:00:00+00:00,1037.5,1038.0,1037.25,1038.0,61
2025-10-07 11:00:00+00:00,1038.0,1039.25,1038.0,1038.5,2455
2025-10-07 12:00:00+00:00,1038.25,1039.25,1037.25,1038.5,3818
2025-10-07 13:00:00+00:00,1038.0,1042.5,1038.0,1038.25,17294
2025-10-07 14:00:00+00:00,1038.25,1040.5,1037.75,1038.5,15209
2025-10-07 15:00:00+00:00,1038.5,1039.75,1036.5,1037.0,10774
2025-10-07 16:00:00+00:00,1037.25,1041.5,1036.5,1040.5,10003
2025-10-07 17:00:00+00:00,1040.5,1040.5,1038.25,1039.75,5846
2025-10-07 18:00:00+00:00,1039.5,1039.75,1038.0,1038.5,16514
2025-10-08 00:00:00+00:00,1038.0,1038.5,1037.25,1038.0,0
2025-10-08 01:00:00+00:00,1037.75,1038.5,1037.5,1037.5,2626
2025-10-08 02:00:00+00:00,1037.5,1038.0,1036.75,1038.0,217
2025-10-08 03:00:00+00:00,1038.25,1038.5,1037.5,1037.75,11757
2025-10-08 04:00:00+00:00,1037.5,1037.5,1037.25,1037.25,193
2025-10-08 05:00:00+00:00,1037.75,1039.0,1037.75,1038.5,228
2025-10-08 06:00:00+00:00,1038.5,1038.5,1037.5,1038.0,123
2025-10-08 07:00:00+00:00,1038.0,1039.25,1038.0,1038.5,286
2025-10-08 08:00:00+00:00,1038.25,1038.25,1037.25,1037.5,463
2025-10-08 09:00:00+00:00,1037.75,1039.75,1037.75,1039.25,199
2025-10-08 10:00:00+00:00,1039.25,1040.5,1039.25,1040.25,350
2025-10-08 11:00:00+00:00,1040.25,1042.5,1040.0,1042.0,4575
2025-10-08 12:00:00+00:00,1042.0,1042.25,1040.25,1040.75,6708
2025-10-08 13:00:00+00:00,1040.25,1044.0,1039.75,1042.75,22932
2025-10-08 14:00:00+00:00,1042.75,1044.75,1040.0,1040.5,17975
2025-10-08 15:00:00+00:00,1040.5,1044.25,1040.25,1044.0,10981
2025-10-08 16:00:00+00:00,1043.5,1044.75,1042.0,1043.75,10858
2025-10-08 17:00:00+00:00,1043.75,1044.25,1042.75,1043.75,5283
2025-10-08 18:00:00+00:00,1043.75,1045.0,1043.0,1044.75,17373
2025-10-09 00:00:00+00:00,1044.0,1044.5,1043.0,1043.5,0
2025-10-09 01:00:00+00:00,1042.75,1043.0,1040.0,1040.0,6463
2025-10-09 02:00:00+00:00,1040.25,1041.25,1040.0,1040.75,1064
2025-10-09 03:00:00+00:00,1040.75,1041.5,1040.5,1041.25,25
2025-10-09 04:00:00+00:00,1041.5,1041.75,1041.5,1041.75,112
2025-10-09 05:00:00+00:00,1042.0,1042.0,1041.0,1041.75,543
2025-10-09 06:00:00+00:00,1042.0,1042.25,1041.25,1041.5,115
2025-10-09 07:00:00+00:00,1041.25,1042.0,1041.0,1041.5,332
2025-10-09 08:00:00+00:00,1041.75,1041.75,1040.5,1040.75,1120
2025-10-09 09:00:00+00:00,1040.75,1041.0,1039.75,1040.25,886
2025-10-09 10:00:00+00:00,1040.0,1041.0,1039.0,1039.5,529
2025-10-09 11:00:00+00:00,1039.75,1040.0,1038.0,1039.75,1780
2025-10-09 12:00:00+00:00,1039.5,1040.25,1038.25,1039.0,3012
2025-10-09 13:00:00+00:00,1039.0,1040.75,1037.0,1039.5,25403
2025-10-09 14:00:00+00:00,1039.25,1043.25,1038.75,1042.75,18110
2025-10-09 15:00:00+00:00,1042.75,1043.5,1040.75,1042.75,12725
2025-10-09 16:00:00+00:00,1042.75,1043.5,1038.75,1038.75,10377
2025-10-09 17:00:00+00:00,1038.75,1041.75,1037.5,1039.75,17499
2025-10-09 18:00:00+00:00,1039.5,1039.5,1037.5,1038.0,23873
2025-10-10 00:00:00+00:00,1038.0,1040.5,1037.0,1039.75,0
2025-10-10 01:00:00+00:00,1039.75,1040.25,1038.75,1039.25,293
2025-10-10 02:00:00+00:00,1039.25,1039.5,1038.75,1039.0,468
2025-10-10 03:00:00+00:00,1039.0,1039.25,1038.75,1039.25,160
2025-10-10 04:00:00+00:00,1039.25,1039.25,1037.25,1037.25,151
2025-10-10 05:00:00+00:00,1037.5,1038.25,1036.75,1037.5,197
2025-10-10 06:00:00+00:00,1037.5,1039.0,1036.75,1037.75,425
2025-10-10 07:00:00+00:00,1038.0,1038.0,1033.0,1033.0,1394
2025-10-10 08:00:00+00:00,1033.25,1033.5,1032.75,1033.25,478
2025-10-10 09:00:00+00:00,1033.25,1033.25,1030.5,1030.75,632
2025-10-10 10:00:00+00:00,1030.75,1031.25,1030.0,1030.25,686
2025-10-10 11:00:00+00:00,1030.0,1031.5,1028.0,1028.25,1619
2025-10-10 12:00:00+00:00,1028.25,1031.25,1027.75,1029.25,2232
2025-10-10 13:00:00+00:00,1029.75,1031.5,1028.25,1028.75,12994
2025-10-10 14:00:00+00:00,1028.75,1031.5,1024.5,1024.75,15123
2025-10-10 15:00:00+00:00,1024.75,1025.0,1018.5,1020.0,21153
2025-10-10 16:00:00+00:00,1020.0,1024.25,1019.25,1022.0,12507
2025-10-10 17:00:00+00:00,1021.75,1023.25,1020.75,1021.5,15707
2025-10-10 18:00:00+00:00,1021.5,1024.25,1021.0,1023.75,15613
2025-10-13 04:00:00+00:00,1023.25,1026.0,1023.25,1025.5,0
2025-10-13 05:00:00+00:00,1025.5,1026.0,1025.25,1025.5,129
2025-10-13 06:00:00+00:00,1025.25,1027.25,1025.25,1026.5,519
2025-10-13 07:00:00+00:00,1026.25,1026.75,1025.25,1026.75,136
2025-10-13 08:00:00+00:00,1026.75,1027.25,1025.0,1026.25,451
2025-10-13 09:00:00+00:00,1026.0,1026.5,1025.25,1026.25,439
2025-10-13 10:00:00+00:00,1026.5,1026.75,1024.75,1026.25,359
2025-10-13 11:00:00+00:00,1026.5,1026.75,1024.5,1026.0,1243
2025-10-13 12:00:00+00:00,1025.75,1027.0,1025.0,1026.5,975
2025-10-13 13:00:00+00:00,1026.75,1030.75,1025.25,1029.75,30578
2025-10-13 14:00:00+00:00,1029.75,1030.0,1024.25,1026.25,10128
2025-10-13 15:00:00+00:00,1026.5,1026.75,1023.5,1023.5,5101
2025-10-13 16:00:00+00:00,1023.5,1025.5,1023.0,1025.0,5148
2025-10-13 17:00:00+00:00,1025.25,1027.5,1024.75,1025.0,10093
2025-10-13 18:00:00+00:00,1025.25,1026.25,1024.5,1025.75,15159
2025-10-14 00:00:00+00:00,1024.75,1027.5,1024.25,1026.75,0
2025-10-14 01:00:00+00:00,1026.75,1027.25,1024.0,1025.25,667
2025-10-14 02:00:00+00:00,1025.5,1026.75,1023.25,1025.5,704
2025-10-14 03:00:00+00:00,1025.25,1025.25,1023.75,1025.25,610
2025-10-14 04:00:00+00:00,1025.0,1025.0,1022.0,1022.5,835
2025-10-14 05:00:00+00:00,1022.5,1022.5,1020.5,1021.5,1012
2025-10-14 06:00:00+00:00,1021.25,1022.75,1021.25,1022.0,210
2025-10-14 07:00:00+00:00,1022.25,1022.25,1020.25,1021.5,695
2025-10-14 08:00:00+00:00,1021.25,1022.5,1021.25,1021.25,289
2025-10-14 09:00:00+00:00,1021.25,1022.0,1021.25,1021.25,326
2025-10-14 10:00:00+00:00,1021.25,1021.5,1020.0,1021.25,810
2025-10-14 11:00:00+00:00,1021.25,1021.75,1020.5,1021.75,1004
2025-10-14 12:00:00+00:00,1021.75,1021.75,1020.25,1020.75,1806
2025-10-14 13:00:00+00:00,1020.5,1022.0,1018.5,1021.75,9242
2025-10-14 14:00:00+00:00,1021.5,1022.5,1019.25,1020.25,7954
2025-10-14 15:00:00+00:00,1020.25,1024.5,1018.75,1022.25,22102
2025-10-14 16:00:00+00:00,1022.5,1023.75,1021.5,1022.5,10431
2025-10-14 17:00:00+00:00,1022.5,1024.75,1022.5,1024.0,4046
2025-10-14 18:00:00+00:00,1024.0,1025.75,1023.5,1024.25,14651
2025-10-15 00:00:00+00:00,1024.25,1027.0,1020.0,1023.0,0
2025-10-15 01:00:00+00:00,1023.0,1025.25,1023.0,1025.0,1890
2025-10-15 02:00:00+00:00,1025.0,1026.0,1024.0,1025.0,1058
2025-10-15 03:00:00+00:00,1024.75,1025.25,1024.5,1025.0,101
2025-10-15 04:00:00+00:00,1024.75,1025.25,1024.75,1025.0,18
2025-10-15 05:00:00+00:00,1024.75,1025.75,1024.75,1025.25,761
2025-10-15 06:00:00+00:00,1024.75,1025.0,1023.5,1024.25,159
2025-10-15 07:00:00+00:00,1024.5,1027.0,1024.0,1026.25,637
2025-10-15 08:00:00+00:00,1026.25,1026.5,1024.75,1024.75,686
2025-10-15 09:00:00+00:00,1024.75,1024.75,1021.75,1022.75,12642
2025-10-15 10:00:00+00:00,1022.75,1022.75,1021.0,1021.5,1537
2025-10-15 11:00:00+00:00,1021.5,1023.75,1021.0,1022.5,1052
2025-10-15 12:00:00+00:00,1022.5,1024.0,1022.5,1023.0,1115
2025-10-15 13:00:00+00:00,1023.75,1025.0,1022.0,1023.0,14898
2025-10-15 14:00:00+00:00,1023.25,1028.25,1023.25,1026.0,9744
2025-10-15 15:00:00+00:00,1026.0,1027.5,1025.0,1025.0,15229
2025-10-15 16:00:00+00:00,1025.25,1029.5,1025.0,1027.25,5596
2025-10-15 17:00:00+00:00,1027.5,1027.75,1024.5,1025.0,7632
2025-10-15 18:00:00+00:00,1024.75,1025.5,1023.5,1024.5,8699
2025-10-16 00:00:00+00:00,1023.75,1026.5,1023.5,1025.25,0
2025-10-16 01:00:00+00:00,1025.25,1027.0,1025.25,1026.0,1025
2025-10-16 02:00:00+00:00,1026.0,1027.75,1026.0,1026.5,232
2025-10-16 03:00:00+00:00,1026.75,1028.0,1026.75,1027.0,1255
2025-10-16 04:00:00+00:00,1027.0,1027.0,1026.75,1026.75,110
2025-10-16 05:00:00+00:00,1027.0,1027.5,1026.0,1027.5,154
2025-10-16 06:00:00+00:00,1027.75,1028.25,1027.25,1027.25,257
2025-10-16 07:00:00+00:00,1027.0,1029.75,1027.0,1027.75,1010
2025-10-16 08:00:00+00:00,1028.0,1028.25,1026.75,1027.75,135
2025-10-16 09:00:00+00:00,1027.75,1028.0,1026.25,1026.75,137
2025-10-16 10:00:00+00:00,1027.0,1028.0,1027.0,1028.0,199
2025-10-16 11:00:00+00:00,1028.0,1029.25,1027.25,1027.75,936
2025-10-16 12:00:00+00:00,1028.0,1029.0,1027.25,1027.5,3260
2025-10-16 13:00:00+00:00,1028.0,1031.0,1028.0,1029.5,19790
2025-10-16 14:00:00+00:00,1029.75,1037.25,1028.0,1035.0,21441
2025-10-16 15:00:00+00:00,1035.0,1035.5,1030.0,1031.0,8441
2025-10-16 16:00:00+00:00,1030.75,1032.0,1027.5,1031.5,10676
2025-10-16 17:00:00+00:00,1031.5,1031.5,1028.25,1028.75,6979
2025-10-16 18:00:00+00:00,1028.5,1029.25,1028.0,1029.25,6839
2025-10-17 00:00:00+00:00,1028.0,1031.75,1028.0,1031.0,0
2025-10-17 01:00:00+00:00,1031.0,1032.0,1029.0,1029.25,1860
2025-10-17 02:00:00+00:00,1029.5,1031.5,1028.75,1030.75,707
2025-10-17 03:00:00+00:00,1031.0,1031.0,1029.75,1030.25,64
2025-10-17 04:00:00+00:00,1030.5,1030.75,1030.5,1030.5,39
2025-10-17 05:00:00+00:00,1030.75,1031.5,1030.5,1030.75,99
2025-10-17 06:00:00+00:00,1030.75,1031.5,1028.5,1028.5,606
2025-10-17 07:00:00+00:00,1028.5,1029.75,1028.25,1029.5,526
2025-10-17 08:00:00+00:00,1029.5,1031.5,1029.5,1031.0,385
2025-10-17 09:00:00+00:00,1031.0,1032.0,1031.0,1031.5,190
2025-10-17 10:00:00+00:00,1031.5,1032.25,1030.5,1031.0,3111
2025-10-17 11:00:00+00:00,1031.0,1033.25,1028.25,1032.75,3343
2025-10-17 12:00:00+00:00,1032.75,1033.75,1031.5,1033.5,2299
2025-10-17 13:00:00+00:00,1032.25,1036.75,1032.25,1035.0,11072
2025-10-17 14:00:00+00:00,1035.0,1036.75,1033.0,1034.5,27323
2025-10-17 15:00:00+00:00,1034.5,1036.75,1034.5,1036.0,9463
2025-10-17 16:00:00+00:00,1036.0,1036.75,1034.0,1036.25,11016
2025-10-17 17:00:00+00:00,1036.25,1038.25,1036.0,1037.25,12657
2025-10-17 18:00:00+00:00,1037.0,1038.5,1036.5,1036.75,9409
2025-10-20 04:00:00+00:00,1044.25,1044.5,1043.75,1044.0,0
2025-10-20 05:00:00+00:00,1044.25,1044.75,1043.75,1044.75,438
2025-10-20 06:00:00+00:00,1044.5,1045.5,1043.75,1044.0,1027
2025-10-20 07:00:00+00:00,1044.0,1044.75,1043.5,1044.75,1240
2025-10-20 08:00:00+00:00,1044.75,1046.75,1044.75,1046.75,1539
2025-10-20 09:00:00+00:00,1046.75,1046.75,1045.0,1045.0,1731
2025-10-20 10:00:00+00:00,1045.0,1050.0,1044.75,1048.75,4193
2025-10-20 11:00:00+00:00,1048.75,1048.75,1045.5,1046.0,3658
2025-10-20 12:00:00+00:00,1046.25,1046.75,1045.0,1046.0,3787
2025-10-20 13:00:00+00:00,1044.75,1046.75,1042.5,1043.75,16291
2025-10-20 14:00:00+00:00,1043.5,1047.0,1043.5,1046.0,17413
2025-10-20 15:00:00+00:00,1046.25,1047.75,1044.75,1046.25,11914
2025-10-20 16:00:00+00:00,1046.25,1050.75,1045.5,1050.0,19445
2025-10-20 17:00:00+00:00,1050.25,1051.5,1049.75,1050.5,19025
2025-10-20 18:00:00+00:00,1050.5,1051.0,1049.5,1050.75,10381
2025-10-21 00:00:00+00:00,1050.0,1053.25,1049.0,1052.75,0
2025-10-21 01:00:00+00:00,1052.75,1053.75,1052.5,1053.0,1253
2025-10-21 02:00:00+00:00,1053.0,1053.5,1052.25,1052.75,759
2025-10-21 03:00:00+00:00,1052.5,1053.5,1052.5,1053.0,581
2025-10-21 04:00:00+00:00,1053.0,1053.0,1052.25,1052.5,321
2025-10-21 05:00:00+00:00,1052.5,1053.75,1052.0,1052.75,801
2025-10-21 06:00:00+00:00,1052.5,1053.75,1052.0,1052.0,1357
2025-10-21 07:00:00+00:00,1052.25,1054.25,1052.0,1053.75,1722
2025-10-21 08:00:00+00:00,1053.75,1054.75,1053.5,1054.75,3649
2025-10-21 09:00:00+00:00,1054.75,1055.5,1054.25,1055.0,2036
2025-10-21 10:00:00+00:00,1054.75,1055.0,1053.75,1054.75,937
2025-10-21 11:00:00+00:00,1055.0,1056.5,1054.25,1054.5,3678
2025-10-21 12:00:00+00:00,1054.5,1054.5,1051.5,1051.75,2901
2025-10-21 13:00:00+00:00,1051.0,1051.75,1046.25,1048.5,23209
2025-10-21 14:00:00+00:00,1048.5,1052.0,1048.5,1051.0,19661
2025-10-21 15:00:00+00:00,1051.25,1051.5,1048.75,1049.5,12514
2025-10-21 16:00:00+00:00,1049.25,1051.25,1046.0,1046.5,13953
2025-10-21 17:00:00+00:00,1046.5,1048.5,1046.25,1046.75,14910
2025-10-21 18:00:00+00:00,1047.0,1048.75,1046.75,1048.5,10185
2025-10-22 00:00:00+00:00,1047.25,1047.75,1045.25,1045.75,0
2025-10-22 01:00:00+00:00,1045.75,1046.75,1045.0,1045.75,1888
2025-10-22 02:00:00+00:00,1045.75,1050.25,1045.5,1049.75,3970
2025-10-22 03:00:00+00:00,1049.75,1050.75,1049.75,1050.0,1364
2025-10-22 04:00:00+00:00,1050.0,1050.25,1049.75,1049.75,161
2025-10-22 05:00:00+00:00,1049.75,1050.75,1049.25,1049.25,374
2025-10-22 06:00:00+00:00,1049.0,1052.0,1049.0,1052.0,988
2025-10-22 07:00:00+00:00,1052.0,1052.25,1049.75,1051.0,810
2025-10-22 08:00:00+00:00,1051.25,1051.5,1050.25,1050.75,4355
2025-10-22 09:00:00+00:00,1050.5,1051.0,1048.5,1050.75,1308
2025-10-22 10:00:00+00:00,1050.5,1051.75,1050.5,1051.5,1129
2025-10-22 11:00:00+00:00,1051.0,1052.75,1049.75,1052.5,1762
2025-10-22 12:00:00+00:00,1052.5,1052.75,1051.5,1052.0,2025
2025-10-22 13:00:00+00:00,1052.25,1052.5,1048.25,1048.5,23331
2025-10-22 14:00:00+00:00,1048.75,1052.25,1048.25,1050.75,20887
2025-10-22 15:00:00+00:00,1051.0,1054.25,1050.25,1052.0,33954
2025-10-22 16:00:00+00:00,1052.0,1052.75,1044.5,1050.0,27396
2025-10-22 17:00:00+00:00,1049.75,1050.25,1046.0,1048.25,22595
2025-10-22 18:00:00+00:00,1047.75,1050.75,1047.75,1049.75,11368
2025-10-23 00:00:00+00:00,1050.0,1051.75,1049.75,1051.75,0
2025-10-23 01:00:00+00:00,1051.5,1052.75,1050.25,1052.75,2015
2025-10-23 02:00:00+00:00,1052.75,1053.0,1051.5,1052.25,2977
2025-10-23 03:00:00+00:00,1052.5,1053.5,1052.0,1052.25,1259
2025-10-23 04:00:00+00:00,1052.25,1052.75,1052.0,1052.25,170
2025-10-23 05:00:00+00:00,1052.5,1054.0,1052.5,1054.0,1304
2025-10-23 06:00:00+00:00,1053.75,1055.0,1053.5,1054.0,1822
2025-10-23 07:00:00+00:00,1054.0,1054.5,1053.0,1053.25,561
2025-10-23 08:00:00+00:00,1053.25,1055.0,1053.25,1054.75,814
2025-10-23 09:00:00+00:00,1054.75,1055.75,1054.25,1055.5,2151
2025-10-23 10:00:00+00:00,1055.75,1056.0,1054.5,1055.25,1521
2025-10-23 11:00:00+00:00,1055.25,1056.0,1054.25,1055.25,1900
2025-10-23 12:00:00+00:00,1055.25,1055.5,1053.5,1054.0,3301
2025-10-23 13:00:00+00:00,1053.5,1058.25,1053.5,1056.5,20060
2025-10-23 14:00:00+00:00,1056.25,1057.5,1053.25,1056.5,14965
2025-10-23 15:00:00+00:00,1056.5,1059.25,1055.5,1058.5,15218
2025-10-23 16:00:00+00:00,1058.75,1060.75,1057.5,1060.5,23646
2025-10-23 17:00:00+00:00,1060.25,1060.75,1058.5,1060.75,15314
2025-10-23 18:00:00+00:00,1060.5,1062.25,1060.25,1061.25,13106
2025-10-24 00:00:00+00:00,1061.5,1063.0,1060.75,1060.75,0
2025-10-24 01:00:00+00:00,1060.75,1062.5,1060.25,1061.75,3419
2025-10-24 02:00:00+00:00,1061.75,1061.75,1060.25,1061.0,1180
2025-10-24 03:00:00+00:00,1061.0,1061.5,1060.5,1061.0,1088
2025-10-24 04:00:00+00:00,1060.75,1061.0,1060.75,1061.0,301
2025-10-24 05:00:00+00:00,1061.0,1061.25,1059.75,1059.75,921
2025-10-24 06:00:00+00:00,1060.0,1060.5,1059.5,1059.75,1647
2025-10-24 07:00:00+00:00,1060.0,1062.5,1059.25,1062.5,2283
2025-10-24 08:00:00+00:00,1062.25,1062.5,1060.5,1060.75,1837
2025-10-24 09:00:00+00:00,1060.75,1060.75,1059.5,1060.0,1746
2025-10-24 10:00:00+00:00,1060.25,1061.75,1060.25,1060.75,533
2025-10-24 11:00:00+00:00,1061.0,1061.5,1060.0,1060.5,1300
2025-10-24 12:00:00+00:00,1060.75,1061.75,1060.25,1060.5,2320
2025-10-24 13:00:00+00:00,1060.25,1062.25,1058.75,1061.75,19599
2025-10-24 14:00:00+00:00,1061.75,1063.0,1060.5,1062.5,28984
2025-10-24 15:00:00+00:00,1062.5,1062.5,1060.5,1061.25,20189
2025-10-24 16:00:00+00:00,1061.25,1062.0,1060.0,1060.75,17817
2025-10-24 17:00:00+00:00,1060.75,1061.5,1059.5,1060.0,19609
2025-10-24 18:00:00+00:00,1059.75,1060.75,1059.5,1060.25,13848
2025-10-27 04:00:00+00:00,1076.0,1076.75,1076.0,1076.25,0
2025-10-27 05:00:00+00:00,1076.0,1078.25,1076.0,1077.75,2294
2025-10-27 06:00:00+00:00,1077.5,1078.25,1076.0,1077.0,1260
2025-10-27 07:00:00+00:00,1077.0,1077.75,1076.25,1077.0,5488
2025-10-27 08:00:00+00:00,1077.0,1077.5,1074.75,1077.25,2348
2025-10-27 09:00:00+00:00,1077.25,1078.0,1076.75,1076.75,1774
2025-10-27 10:00:00+00:00,1076.75,1079.0,1075.75,1078.75,3635
2025-10-27 11:00:00+00:00,1078.75,1083.75,1078.25,1083.5,11854
2025-10-27 12:00:00+00:00,1083.25,1084.75,1080.0,1081.5,13889
2025-10-27 13:00:00+00:00,1080.5,1083.75,1078.75,1082.75,37938
2025-10-27 14:00:00+00:00,1082.75,1084.0,1081.0,1083.25,37746
2025-10-27 15:00:00+00:00,1083.25,1087.25,1083.25,1086.25,25149
2025-10-27 16:00:00+00:00,1086.25,1089.75,1085.5,1087.25,26848
2025-10-27 17:00:00+00:00,1087.25,1090.0,1085.5,1085.75,18915
2025-10-27 18:00:00+00:00,1085.5,1086.25,1083.25,1083.5,18027
2025-10-28 00:00:00+00:00,1084.0,1087.5,1083.0,1087.5,0
2025-10-28 01:00:00+00:00,1087.5,1090.5,1087.0,1090.5,9574
2025-10-28 02:00:00+00:00,1090.25,1091.25,1089.25,1091.25,4397
2025-10-28 03:00:00+00:00,1091.0,1091.75,1090.5,1091.0,1757
2025-10-28 04:00:00+00:00,1091.0,1092.25,1090.75,1091.75,728
2025-10-28 05:00:00+00:00,1091.75,1094.0,1090.75,1094.0,3708
2025-10-28 06:00:00+00:00,1094.0,1098.0,1094.0,1096.75,9061
2025-10-28 07:00:00+00:00,1096.75,1097.75,1096.0,1096.5,2993
2025-10-28 08:00:00+00:00,1096.75,1098.0,1095.5,1097.5,4665
2025-10-28 09:00:00+00:00,1097.25,1097.25,1094.75,1096.5,4042
2025-10-28 10:00:00+00:00,1096.5,1097.0,1094.0,1094.0,3867
2025-10-28 11:00:00+00:00,1094.25,1096.25,1093.0,1094.0,5172
2025-10-28 12:00:00+00:00,1094.25,1096.25,1093.5,1095.25,5935
2025-10-28 13:00:00+00:00,1095.25,1098.75,1093.75,1097.25,34067
2025-10-28 14:00:00+00:00,1097.5,1104.0,1097.0,1103.25,66548
2025-10-28 15:00:00+00:00,1103.25,1108.0,1102.0,1106.5,41812
2025-10-28 16:00:00+00:00,1106.25,1107.0,1094.0,1096.25,49767
2025-10-28 17:00:00+00:00,1096.5,1097.25,1088.75,1092.25,40469
2025-10-28 18:00:00+00:00,1092.25,1096.25,1092.0,1093.5,19085
2025-10-29 00:00:00+00:00,1093.0,1093.0,1089.5,1090.0,0
2025-10-29 01:00:00+00:00,1090.0,1090.5,1088.25,1089.75,5356
2025-10-29 02:00:00+00:00,1090.0,1090.5,1089.0,1089.75,1817
2025-10-29 03:00:00+00:00,1089.75,1090.0,1087.25,1089.75,2054
2025-10-29 04:00:00+00:00,1089.5,1090.25,1089.0,1089.5,1524
2025-10-29 05:00:00+00:00,1089.25,1090.5,1087.0,1088.5,2628
2025-10-29 06:00:00+00:00,1088.5,1090.25,1088.25,1089.75,2139
2025-10-29 07:00:00+00:00,1090.0,1090.0,1089.0,1089.25,2055
2025-10-29 08:00:00+00:00,1089.25,1089.5,1086.5,1087.25,3017
2025-10-29 09:00:00+00:00,1087.25,1092.75,1086.75,1091.75,4010
2025-10-29 10:00:00+00:00,1091.75,1091.75,1088.5,1089.25,2382
2025-10-29 11:00:00+00:00,1089.0,1091.25,1088.75,1090.5,4544
2025-10-29 12:00:00+00:00,1090.5,1091.25,1085.25,1086.0,6858
2025-10-29 13:00:00+00:00,1086.0,1092.75,1086.0,1091.75,30903
2025-10-29 14:00:00+00:00,1092.0,1096.5,1090.25,1090.75,36414
2025-10-29 15:00:00+00:00,1091.0,1096.75,1090.25,1095.75,23094
2025-10-29 16:00:00+00:00,1096.0,1097.0,1093.5,1094.75,26273
2025-10-29 17:00:00+00:00,1094.5,1098.0,1091.5,1092.5,29317
2025-10-29 18:00:00+00:00,1092.5,1094.75,1090.25,1093.25,17148
2025-10-30 00:00:00+00:00,1092.25,1099.0,1091.25,1098.25,0
2025-10-30 01:00:00+00:00,1098.25,1099.5,1095.75,1097.75,5878
2025-10-30 02:00:00+00:00,1097.75,1104.5,1097.0,1100.25,9379
2025-10-30 03:00:00+00:00,1100.25,1105.5,1099.5,1099.75,6409
2025-10-30 04:00:00+00:00,1097.5,1104.0,1070.5,1076.25,39380
2025-10-30 05:00:00+00:00,1076.25,1084.75,1074.5,1080.5,11346
2025-10-30 06:00:00+00:00,1080.0,1083.5,1079.25,1082.25,4151
2025-10-30 07:00:00+00:00,1082.0,1085.0,1078.0,1079.25,5336
2025-10-30 08:00:00+00:00,1079.5,1083.75,1077.0,1082.5,6186
2025-10-30 09:00:00+00:00,1082.25,1082.5,1073.0,1076.5,7984
2025-10-30 10:00:00+00:00,1076.75,1077.5,1073.25,1076.25,3393
2025-10-30 11:00:00+00:00,1076.0,1107.0,1074.75,1101.0,50946
2025-10-30 12:00:00+00:00,1101.25,1114.5,1100.0,1109.5,40851
2025-10-30 13:00:00+00:00,1107.0,1108.5,1094.25,1094.75,44739
2025-10-30 14:00:00+00:00,1094.75,1101.0,1091.25,1099.5,38714
2025-10-30 15:00:00+00:00,1099.25,1107.0,1098.0,1105.25,30415
2025-10-30 16:00:00+00:00,1105.25,1108.75,1104.25,1107.75,18204
2025-10-30 17:00:00+00:00,1107.75,1111.5,1106.5,1107.0,24482
2025-10-30 18:00:00+00:00,1107.25,1108.25,1104.75,1107.0,17969
2025-10-31 00:00:00+00:00,1106.5,1108.25,1104.5,1105.0,0
2025-10-31 01:00:00+00:00,1105.25,1110.0,1104.75,1110.0,2948
2025-10-31 02:00:00+00:00,1109.75,1112.5,1109.25,1112.5,2889
2025-10-31 03:00:00+00:00,1112.25,1112.75,1110.75,1111.75,932
2025-10-31 04:00:00+00:00,1111.75,1112.5,1111.5,1112.0,191
2025-10-31 05:00:00+00:00,1111.75,1112.0,1108.25,1109.5,1411
2025-10-31 06:00:00+00:00,1109.5,1111.25,1109.0,1109.25,1372
2025-10-31 07:00:00+00:00,1109.25,1111.25,1107.5,1109.5,1482
2025-10-31 08:00:00+00:00,1109.5,1109.5,1105.25,1106.75,1881
2025-10-31 09:00:00+00:00,1106.5,1108.0,1106.0,1107.25,1236
2025-10-31 10:00:00+00:00,1107.0,1108.25,1105.75,1106.25,1824
2025-10-31 11:00:00+00:00,1106.25,1106.75,1101.0,1101.75,4929
2025-10-31 12:00:00+00:00,1101.75,1105.0,1101.25,1104.25,3042
2025-10-31 13:00:00+00:00,1103.5,1109.5,1103.25,1109.5,20178
2025-10-31 14:00:00+00:00,1109.25,1111.75,1102.5,1104.25,27722
2025-10-31 15:00:00+00:00,1104.0,1110.0,1103.5,1108.5,17514
2025-10-31 16:00:00+00:00,1108.5,1112.75,1107.25,1112.5,19107
2025-10-31 17:00:00+00:00,1112.5,1113.5,1109.75,1112.75,17077
2025-10-31 18:00:00+00:00,1113.0,1115.75,1111.25,1115.0,22375
2025-11-03 01:00:00+00:00,1114.0,1125.75,1114.0,1124.25,13411
2025-11-03 02:00:00+00:00,1124.0,1128.75,1123.25,1126.0,6754
2025-11-03 03:00:00+00:00,1125.5,1126.75,1125.0,1125.75,1414
2025-11-03 04:00:00+00:00,1125.75,1127.0,1125.5,1126.75,729
2025-11-03 05:00:00+00:00,1127.0,1127.5,1125.25,1125.75,1119
2025-11-03 06:00:00+00:00,1125.75,1125.75,1121.0,1121.25,4005
2025-11-03 07:00:00+00:00,1121.25,1123.25,1121.0,1121.75,1949
2025-11-03 08:00:00+00:00,1121.75,1122.75,1120.25,1122.0,1960
2025-11-03 09:00:00+00:00,1121.75,1122.0,1120.0,1120.5,2275
2025-11-03 10:00:00+00:00,1120.25,1124.0,1120.0,1121.25,1785
2025-11-03 11:00:00+00:00,1121.5,1121.5,1119.25,1120.0,1830
2025-11-03 12:00:00+00:00,1120.0,1121.0,1118.25,1118.25,5318
2025-11-03 13:00:00+00:00,1118.25,1120.75,1118.0,1119.5,2951
2025-11-03 14:00:00+00:00,1119.5,1123.75,1116.75,1120.75,25527
2025-11-03 15:00:00+00:00,1121.0,1124.25,1114.5,1122.75,30102
2025-11-03 16:00:00+00:00,1122.75,1127.0,1121.5,1126.75,18324
2025-11-03 17:00:00+00:00,1126.75,1132.75,1126.25,1132.5,24826
2025-11-03 18:00:00+00:00,1132.5,1135.0,1131.75,1133.75,26226
2025-11-03 19:00:00+00:00,1134.0,1135.75,1132.25,1134.5,19067
2025-11-04 01:00:00+00:00,1133.25,1135.0,1131.25,1133.0,0
2025-11-04 02:00:00+00:00,1133.25,1133.5,1131.5,1132.0,1751
2025-11-04 03:00:00+00:00,1132.0,1132.25,1129.5,1130.75,1501
2025-11-04 04:00:00+00:00,1130.5,1131.25,1130.25,1131.0,331
2025-11-04 05:00:00+00:00,1130.75,1131.75,1128.0,1128.25,1775
2025-11-04 06:00:00+00:00,1128.5,1128.75,1124.75,1125.5,3355
2025-11-04 07:00:00+00:00,1125.25,1127.75,1124.75,1127.5,2231
2025-11-04 08:00:00+00:00,1127.5,1129.25,1126.25,1129.25,2723
2025-11-04 09:00:00+00:00,1129.25,1130.0,1127.5,1128.5,1257
2025-11-04 10:00:00+00:00,1128.25,1128.75,1127.0,1127.25,1312
2025-11-04 11:00:00+00:00,1127.0,1128.0,1121.25,1122.5,4833
2025-11-04 12:00:00+00:00,1122.5,1124.0,1119.0,1120.0,8339
2025-11-04 13:00:00+00:00,1120.0,1121.0,1116.5,1117.0,8694
2025-11-04 14:00:00+00:00,1117.0,1120.75,1115.5,1119.75,25896
2025-11-04 15:00:00+00:00,1119.5,1120.0,1112.5,1116.25,26463
2025-11-04 16:00:00+00:00,1116.5,1118.25,1112.5,1117.0,27231
2025-11-04 17:00:00+00:00,1117.25,1120.0,1117.0,1117.5,10982
2025-11-04 18:00:00+00:00,1117.25,1120.5,1115.25,1120.25,12352
2025-11-04 19:00:00+00:00,1120.0,1121.75,1120.0,1120.25,14161
2025-11-05 01:00:00+00:00,1120.0,1121.25,1116.25,1120.0,0
2025-11-05 02:00:00+00:00,1120.0,1121.5,1118.5,1120.5,1070
2025-11-05 03:00:00+00:00,1120.5,1129.0,1120.5,1129.0,4254
2025-11-05 04:00:00+00:00,1129.0,1130.75,1126.75,1127.25,5306
2025-11-05 05:00:00+00:00,1127.25,1129.5,1127.0,1128.25,1615
2025-11-05 06:00:00+00:00,1128.0,1129.75,1127.25,1129.0,1984
2025-11-05 07:00:00+00:00,1129.0,1131.75,1128.5,1131.0,4073
2025-11-05 08:00:00+00:00,1131.0,1132.0,1130.0,1130.0,1974
2025-11-05 09:00:00+00:00,1130.0,1133.25,1129.75,1132.75,3290
2025-11-05 10:00:00+00:00,1132.75,1134.0,1130.5,1130.75,2190
2025-11-05 11:00:00+00:00,1130.75,1132.0,1127.25,1127.75,4755
2025-11-05 12:00:00+00:00,1127.75,1130.0,1126.25,1128.25,3300
2025-11-05 13:00:00+00:00,1128.25,1128.25,1123.5,1124.75,5723
2025-11-05 14:00:00+00:00,1124.5,1129.25,1122.5,1127.0,19378
2025-11-05 15:00:00+00:00,1127.0,1133.0,1125.5,1132.0,21352
2025-11-05 16:00:00+00:00,1132.0,1132.5,1129.25,1131.5,15425
2025-11-05 17:00:00+00:00,1131.25,1134.5,1129.5,1130.25,13893
2025-11-05 18:00:00+00:00,1130.0,1133.5,1128.5,1133.5,12996
2025-11-05 19:00:00+00:00,1133.25,1137.0,1133.25,1134.5,22733
2025-11-06 01:00:00+00:00,1132.75,1133.25,1122.0,1123.25,0
2025-11-06 02:00:00+00:00,1123.0,1123.75,1122.0,1122.5,3774
2025-11-06 03:00:00+00:00,1122.5,1124.0,1122.0,1123.0,4290
2025-11-06 04:00:00+00:00,1123.25,1124.5,1122.25,1123.25,1355
2025-11-06 05:00:00+00:00,1123.25,1123.75,1122.5,1123.25,529
2025-11-06 06:00:00+00:00,1123.25,1125.0,1122.75,1124.5,3220
2025-11-06 07:00:00+00:00,1124.5,1124.75,1120.0,1121.5,3583
2025-11-06 08:00:00+00:00,1121.5,1125.0,1121.0,1124.0,1880
2025-11-06 09:00:00+00:00,1124.0,1124.75,1122.75,1123.0,977
2025-11-06 10:00:00+00:00,1123.25,1125.0,1123.25,1124.75,1381
2025-11-06 11:00:00+00:00,1124.75,1126.75,1124.0,1124.75,5340
2025-11-06 12:00:00+00:00,1124.75,1125.25,1122.25,1124.25,3449
2025-11-06 13:00:00+00:00,1124.5,1125.75,1122.5,1122.75,8014
2025-11-06 14:00:00+00:00,1122.5,1123.75,1117.5,1119.5,25527
2025-11-06 15:00:00+00:00,1119.5,1119.75,1108.75,1109.0,37822
2025-11-06 16:00:00+00:00,1109.0,1109.5,1103.5,1106.25,36589
2025-11-06 17:00:00+00:00,1106.5,1109.75,1106.5,1109.25,13205
2025-11-06 18:00:00+00:00,1109.5,1111.0,1106.75,1107.75,15193
2025-11-06 19:00:00+00:00,1107.5,1109.0,1106.25,1108.0,14472
2025-11-07 01:00:00+00:00,1108.0,1114.5,1108.0,1111.5,0
2025-11-07 02:00:00+00:00,1111.75,1114.0,1111.25,1113.75,2345
2025-11-07 03:00:00+00:00,1113.5,1115.25,1112.0,1112.0,3449
2025-11-07 04:00:00+00:00,1111.75,1113.25,1111.25,1113.0,590
2025-11-07 05:00:00+00:00,1112.75,1114.0,1112.5,1113.75,338
2025-11-07 06:00:00+00:00,1113.75,1116.0,1113.75,1114.25,1908
2025-11-07 07:00:00+00:00,1114.25,1115.0,1112.0,1113.0,1533
2025-11-07 08:00:00+00:00,1113.0,1113.75,1111.75,1112.5,1627
2025-11-07 09:00:00+00:00,1112.5,1113.5,1111.5,1113.0,1563
2025-11-07 10:00:00+00:00,1113.0,1113.25,1110.25,1110.5,1765
2025-11-07 11:00:00+00:00,1110.5,1113.75,1110.25,1113.75,1673
2025-11-07 12:00:00+00:00,1113.5,1116.75,1112.25,1114.5,9218
2025-11-07 13:00:00+00:00,1114.5,1114.75,1110.5,1114.0,4801
2025-11-07 14:00:00+00:00,1114.0,1118.25,1113.5,1116.25,17949
2025-11-07 15:00:00+00:00,1116.25,1117.75,1113.75,1114.5,15144
2025-11-07 16:00:00+00:00,1114.25,1117.75,1112.75,1117.5,10090
2025-11-07 17:00:00+00:00,1117.5,1117.5,1112.75,1115.5,11674
2025-11-07 18:00:00+00:00,1115.75,1117.75,1114.0,1117.0,9599
2025-11-07 19:00:00+00:00,1117.25,1117.5,1116.0,1117.25,15554
2025-11-10 01:00:00+00:00,1119.0,1124.0,1118.5,1121.25,3662
2025-11-10 02:00:00+00:00,1121.5,1125.0,1119.75,1120.75,2393
2025-11-10 03:00:00+00:00,1120.75,1122.0,1120.25,1121.5,862
2025-11-10 04:00:00+00:00,1121.75,1122.25,1121.25,1121.75,154
2025-11-10 05:00:00+00:00,1122.0,1123.5,1121.5,1123.25,764
2025-11-10 06:00:00+00:00,1123.25,1123.5,1122.5,1123.0,880
2025-11-10 07:00:00+00:00,1123.25,1127.5,1123.0,1125.75,2301
2025-11-10 08:00:00+00:00,1125.75,1127.0,1125.5,1126.5,1211
2025-11-10 09:00:00+00:00,1126.25,1127.25,1126.0,1126.25,2878
2025-11-10 10:00:00+00:00,1126.25,1126.25,1121.75,1122.25,2589
2025-11-10 11:00:00+00:00,1122.25,1124.0,1122.25,1123.5,875
2025-11-10 12:00:00+00:00,1123.75,1125.25,1122.25,1122.5,2060
2025-11-10 13:00:00+00:00,1122.75,1125.0,1122.25,1124.5,4019
2025-11-10 14:00:00+00:00,1123.25,1126.25,1122.0,1122.5,15163
2025-11-10 15:00:00+00:00,1122.25,1127.0,1122.0,1126.75,13153
2025-11-10 16:00:00+00:00,1126.5,1129.0,1122.75,1128.0,13254
2025-11-10 17:00:00+00:00,1128.0,1129.75,1125.0,1128.75,12646
2025-11-10 18:00:00+00:00,1128.75,1132.0,1126.5,1128.75,16258
2025-11-10 19:00:00+00:00,1128.75,1130.75,1127.25,1127.5,12931
2025-11-11 01:00:00+00:00,1128.0,1128.75,1124.75,1126.75,0
2025-11-11 02:00:00+00:00,1126.5,1129.0,1126.5,1127.5,1181
2025-11-11 03:00:00+00:00,1127.5,1129.5,1127.5,1128.25,1109
2025-11-11 04:00:00+00:00,1128.25,1129.0,1127.75,1129.0,263
2025-11-11 05:00:00+00:00,1129.0,1129.0,1127.75,1128.25,198
2025-11-11 06:00:00+00:00,1127.75,1128.25,1126.5,1128.25,706
2025-11-11 07:00:00+00:00,1128.25,1129.25,1127.75,1128.25,1066
2025-11-11 08:00:00+00:00,1128.5,1128.75,1126.0,1127.5,2684
2025-11-11 09:00:00+00:00,1127.5,1130.25,1127.5,1129.25,1909
2025-11-11 10:00:00+00:00,1129.0,1129.75,1126.0,1126.75,2244
2025-11-11 11:00:00+00:00,1126.75,1127.0,1126.25,1127.0,888
2025-11-11 12:00:00+00:00,1126.75,1127.0,1122.0,1122.75,3356
2025-11-11 13:00:00+00:00,1122.75,1125.5,1122.25,1123.5,5905
2025-11-11 14:00:00+00:00,1123.5,1127.5,1119.25,1126.5,24411
2025-11-11 15:00:00+00:00,1126.5,1129.0,1126.0,1128.5,13237
2025-11-11 16:00:00+00:00,1128.5,1128.75,1126.0,1127.5,9097
2025-11-11 17:00:00+00:00,1127.5,1130.25,1127.0,1129.0,13986
2025-11-11 18:00:00+00:00,1129.0,1129.75,1127.25,1128.0,13384
2025-11-11 19:00:00+00:00,1128.0,1128.25,1126.0,1126.75,14088
2025-11-12 01:00:00+00:00,1126.5,1131.75,1126.0,1131.0,0
2025-11-12 02:00:00+00:00,1130.75,1133.75,1130.5,1132.75,3055
2025-11-12 03:00:00+00:00,1132.75,1134.5,1132.5,1132.5,1882
2025-11-12 04:00:00+00:00,1132.75,1133.5,1132.0,1133.25,333
2025-11-12 05:00:00+00:00,1132.75,1133.5,1132.0,1132.25,745
2025-11-12 06:00:00+00:00,1132.25,1134.25,1132.25,1133.0,2040
2025-11-12 07:00:00+00:00,1133.0,1133.5,1132.25,1132.5,712
2025-11-12 08:00:00+00:00,1132.75,1134.25,1132.5,1133.5,763
2025-11-12 09:00:00+00:00,1133.25,1133.5,1132.0,1132.25,1641
2025-11-12 10:00:00+00:00,1132.25,1133.25,1131.75,1132.0,704
2025-11-12 11:00:00+00:00,1132.0,1132.75,1129.5,1130.0,2000
2025-11-12 12:00:00+00:00,1129.75,1130.25,1125.5,1128.25,4061
2025-11-12 13:00:00+00:00,1128.0,1130.5,1125.75,1126.75,5040
2025-11-12 14:00:00+00:00,1125.5,1126.5,1122.0,1123.25,25629
2025-11-12 15:00:00+00:00,1123.25,1126.75,1122.5,1126.0,15063
2025-11-12 16:00:00+00:00,1126.0,1129.5,1125.25,1129.0,9619
2025-11-12 17:00:00+00:00,1129.25,1131.25,1128.25,1130.5,7228
2025-11-12 18:00:00+00:00,1130.5,1134.0,1130.25,1132.75,17564
2025-11-12 19:00:00+00:00,1132.75,1134.5,1132.5,1134.0,8907
2025-11-13 01:00:00+00:00,1133.0,1133.75,1129.75,1132.0,0
2025-11-13 02:00:00+00:00,1132.0,1138.75,1132.0,1138.5,6850
2025-11-13 03:00:00+00:00,1138.25,1139.0,1137.0,1137.5,2117
2025-11-13 04:00:00+00:00,1137.5,1137.75,1136.75,1137.5,527
2025-11-13 05:00:00+00:00,1137.5,1142.25,1137.5,1141.0,3793
2025-11-13 06:00:00+00:00,1141.0,1142.0,1139.5,1141.5,1813
2025-11-13 07:00:00+00:00,1141.5,1141.5,1139.25,1140.5,1421
2025-11-13 08:00:00+00:00,1140.5,1141.5,1139.25,1140.0,717
2025-11-13 09:00:00+00:00,1139.75,1140.75,1134.5,1136.0,2256
2025-11-13 10:00:00+00:00,1135.75,1139.25,1135.75,1138.25,1716
2025-11-13 11:00:00+00:00,1138.25,1138.5,1136.0,1137.25,1360
2025-11-13 12:00:00+00:00,1137.25,1139.5,1136.5,1139.0,2111
2025-11-13 13:00:00+00:00,1138.75,1142.75,1138.0,1141.5,6780
2025-11-13 14:00:00+00:00,1140.5,1144.75,1139.5,1144.0,23968
2025-11-13 15:00:00+00:00,1144.0,1148.75,1143.75,1147.0,29308
2025-11-13 16:00:00+00:00,1147.0,1147.75,1143.5,1146.25,16409
2025-11-13 17:00:00+00:00,1146.0,1150.5,1144.75,1148.5,21558
2025-11-13 18:00:00+00:00,1148.5,1148.75,1143.0,1145.25,15078
2025-11-13 19:00:00+00:00,1145.25,1147.5,1144.25,1146.0,14547
2025-11-14 01:00:00+00:00,1145.25,1145.75,1142.25,1145.0,0
2025-11-14 02:00:00+00:00,1144.75,1147.5,1144.25,1147.25,3700
2025-11-14 03:00:00+00:00,1147.0,1149.0,1146.25,1148.75,1721
2025-11-14 04:00:00+00:00,1148.75,1149.25,1147.75,1148.75,666
2025-11-14 05:00:00+00:00,1148.75,1150.5,1148.75,1150.25,2613
2025-11-14 06:00:00+00:00,1150.25,1150.75,1150.0,1150.0,1624
2025-11-14 07:00:00+00:00,1150.25,1150.75,1149.5,1150.0,2057
2025-11-14 08:00:00+00:00,1150.25,1151.25,1149.5,1150.25,1067
2025-11-14 09:00:00+00:00,1150.25,1151.0,1149.75,1150.0,958
2025-11-14 10:00:00+00:00,1150.0,1150.0,1148.25,1148.25,1726
2025-11-14 11:00:00+00:00,1148.25,1150.75,1147.0,1150.0,2539
2025-11-14 12:00:00+00:00,1150.0,1152.25,1148.5,1151.5,3409
2025-11-14 13:00:00+00:00,1151.5,1152.0,1147.5,1148.5,4473
2025-11-14 14:00:00+00:00,1148.0,1150.0,1145.25,1146.5,23176
2025-11-14 15:00:00+00:00,1146.5,1149.0,1145.25,1147.25,18682
2025-11-14 16:00:00+00:00,1147.25,1148.5,1144.0,1145.0,18973
2025-11-14 17:00:00+00:00,1144.75,1150.75,1126.5,1128.5,75252
2025-11-14 18:00:00+00:00,1128.5,1130.5,1123.25,1128.25,22399
2025-11-14 19:00:00+00:00,1128.0,1129.25,1122.5,1124.5,16600
2025-11-17 01:00:00+00:00,1120.0,1126.0,1114.25,1125.25,22992
2025-11-17 02:00:00+00:00,1125.0,1126.5,1123.5,1126.0,3164
2025-11-17 03:00:00+00:00,1126.0,1127.0,1125.5,1125.75,2672
2025-11-17 04:00:00+00:00,1126.0,1127.0,1125.75,1126.75,488
2025-11-17 05:00:00+00:00,1127.0,1128.25,1126.5,1127.5,2188
2025-11-17 06:00:00+00:00,1127.5,1129.75,1127.5,1129.5,3772
2025-11-17 07:00:00+00:00,1129.5,1129.75,1128.75,1129.0,2162
2025-11-17 08:00:00+00:00,1129.25,1130.0,1129.0,1129.25,1398
2025-11-17 09:00:00+00:00,1129.25,1130.5,1129.0,1129.75,1981
2025-11-17 10:00:00+00:00,1129.75,1131.75,1129.5,1131.75,1628
2025-11-17 11:00:00+00:00,1131.75,1136.5,1131.75,1135.0,6290
2025-11-17 12:00:00+00:00,1135.25,1136.5,1133.0,1133.75,3650
2025-11-17 13:00:00+00:00,1133.75,1138.5,1133.25,1137.75,7323
2025-11-17 14:00:00+00:00,1137.75,1145.75,1137.75,1144.0,30817
2025-11-17 15:00:00+00:00,1144.25,1149.0,1140.75,1145.75,32047
2025-11-17 16:00:00+00:00,1145.75,1155.75,1145.75,1155.5,28495
2025-11-17 17:00:00+00:00,1155.25,1157.5,1152.75,1153.25,16512
2025-11-17 18:00:00+00:00,1153.25,1160.25,1151.5,1157.25,30839
2025-11-17 19:00:00+00:00,1157.5,1158.0,1155.0,1157.5,13752
2025-11-18 01:00:00+00:00,1155.5,1160.5,1151.25,1152.25,0
2025-11-18 02:00:00+00:00,1152.25,1154.0,1152.0,1153.75,1546
2025-11-18 03:00:00+00:00,1153.5,1155.5,1153.0,1154.75,1145
2025-11-18 04:00:00+00:00,1154.75,1155.0,1152.75,1153.75,1125
2025-11-18 05:00:00+00:00,1153.75,1156.0,1153.5,1155.0,786
2025-11-18 06:00:00+00:00,1155.0,1155.75,1153.25,1153.25,1663
2025-11-18 07:00:00+00:00,1153.25,1156.5,1152.75,1155.75,1438
2025-11-18 08:00:00+00:00,1155.75,1159.25,1155.75,1158.75,2530
2025-11-18 09:00:00+00:00,1158.5,1158.5,1154.25,1154.75,2604
2025-11-18 10:00:00+00:00,1154.5,1160.0,1154.25,1158.5,2294
2025-11-18 11:00:00+00:00,1158.5,1161.25,1158.0,1160.25,3487
2025-11-18 12:00:00+00:00,1160.0,1166.0,1158.0,1165.75,6660
2025-11-18 13:00:00+00:00,1165.75,1169.5,1157.5,1157.5,13376
2025-11-18 14:00:00+00:00,1157.0,1158.0,1147.75,1151.75,39290
2025-11-18 15:00:00+00:00,1151.75,1156.75,1148.25,1154.0,26685
2025-11-18 16:00:00+00:00,1153.75,1159.25,1153.75,1159.25,13022
2025-11-18 17:00:00+00:00,1159.0,1160.0,1154.5,1156.75,16071
2025-11-18 18:00:00+00:00,1156.75,1158.25,1153.25,1154.25,12796
2025-11-18 19:00:00+00:00,1154.0,1154.25,1150.5,1150.5,14404
2025-11-19 01:00:00+00:00,1152.25,1152.5,1147.75,1148.75,0
2025-11-19 02:00:00+00:00,1148.75,1151.5,1148.5,1150.25,1680
2025-11-19 03:00:00+00:00,1150.25,1150.75,1148.75,1148.75,401
2025-11-19 04:00:00+00:00,1149.0,1150.5,1149.0,1150.25,203
2025-11-19 05:00:00+00:00,1150.25,1150.25,1149.0,1149.5,141
2025-11-19 06:00:00+00:00,1149.5,1150.25,1148.75,1149.0,765
2025-11-19 07:00:00+00:00,1149.0,1149.25,1142.0,1143.0,5932
2025-11-19 08:00:00+00:00,1143.0,1143.75,1141.25,1143.0,3870
2025-11-19 09:00:00+00:00,1143.25,1147.5,1143.0,1146.5,2158
2025-11-19 10:00:00+00:00,1146.5,1148.75,1146.0,1147.25,1861
2025-11-19 11:00:00+00:00,1147.25,1148.5,1145.0,1147.0,2031
2025-11-19 12:00:00+00:00,1147.0,1147.0,1144.0,1145.25,2175
2025-11-19 13:00:00+00:00,1145.25,1146.75,1142.5,1144.25,6078
2025-11-19 14:00:00+00:00,1144.25,1144.5,1139.75,1140.5,16285
2025-11-19 15:00:00+00:00,1140.5,1144.5,1138.5,1138.5,16206
2025-11-19 16:00:00+00:00,1138.5,1143.0,1138.5,1141.0,8788
2025-11-19 17:00:00+00:00,1141.0,1141.25,1135.25,1138.25,15093
2025-11-19 18:00:00+00:00,1138.0,1138.75,1136.0,1137.25,9773
2025-11-19 19:00:00+00:00,1137.25,1137.5,1135.0,1135.25,9013
2025-11-20 01:00:00+00:00,1135.5,1137.75,1133.75,1135.25,0
2025-11-20 02:00:00+00:00,1135.0,1135.5,1133.75,1134.75,929
2025-11-20 03:00:00+00:00,1134.5,1136.0,1131.25,1131.5,1302
2025-11-20 04:00:00+00:00,1131.75,1132.75,1131.5,1132.5,382
2025-11-20 05:00:00+00:00,1132.75,1133.25,1131.5,1132.25,667
2025-11-20 06:00:00+00:00,1132.0,1133.75,1130.75,1133.0,1135
2025-11-20 07:00:00+00:00,1132.75,1137.75,1132.25,1137.25,1892
2025-11-20 08:00:00+00:00,1137.25,1138.75,1137.0,1138.5,1873
2025-11-20 09:00:00+00:00,1138.5,1138.75,1136.5,1137.75,1144
2025-11-20 10:00:00+00:00,1138.0,1139.0,1136.75,1137.5,853
2025-11-20 11:00:00+00:00,1137.75,1137.75,1135.0,1136.0,1523
2025-11-20 12:00:00+00:00,1136.0,1138.5,1136.0,1137.75,1829
2025-11-20 13:00:00+00:00,1137.75,1142.75,1136.0,1141.75,5564
2025-11-20 14:00:00+00:00,1142.75,1142.75,1132.75,1133.0,18451
2025-11-20 15:00:00+00:00,1133.25,1135.0,1128.0,1133.25,25542
2025-11-20 16:00:00+00:00,1133.5,1135.5,1129.0,1129.0,9386
2025-11-20 17:00:00+00:00,1129.0,1129.5,1124.75,1126.75,18226
2025-11-20 18:00:00+00:00,1126.75,1126.75,1121.5,1121.5,14319
2025-11-20 19:00:00+00:00,1121.75,1123.75,1121.5,1123.0,10081
2025-11-21 01:00:00+00:00,1122.5,1125.75,1122.25,1125.0,0
2025-11-21 02:00:00+00:00,1125.0,1125.5,1122.5,1123.0,811
2025-11-21 03:00:00+00:00,1122.75,1124.25,1122.25,1122.75,917
2025-11-21 04:00:00+00:00,1122.75,1123.0,1120.5,1122.0,786
2025-11-21 05:00:00+00:00,1122.25,1123.25,1122.25,1123.0,336
2025-11-21 06:00:00+00:00,1122.75,1124.75,1122.25,1124.5,2501
2025-11-21 07:00:00+00:00,1124.25,1124.5,1120.5,1120.75,1547
2025-11-21 08:00:00+00:00,1120.75,1122.0,1119.25,1119.25,2437
2025-11-21 09:00:00+00:00,1119.25,1121.5,1118.75,1120.5,2350
2025-11-21 10:00:00+00:00,1120.5,1120.5,1117.25,1118.25,1751
2025-11-21 11:00:00+00:00,1118.25,1120.0,1118.25,1118.75,1523
2025-11-21 12:00:00+00:00,1118.75,1122.0,1117.75,1121.5,2499
2025-11-21 13:00:00+00:00,1121.25,1121.5,1118.5,1119.0,2823
2025-11-21 14:00:00+00:00,1120.0,1120.5,1117.25,1119.25,19164
2025-11-21 15:00:00+00:00,1119.25,1120.75,1113.25,1120.0,22219
2025-11-21 16:00:00+00:00,1120.25,1124.75,1118.75,1124.25,17139
2025-11-21 17:00:00+00:00,1124.25,1125.0,1122.75,1123.5,9004
2025-11-21 18:00:00+00:00,1123.5,1127.5,1121.75,1125.25,11021
2025-11-21 19:00:00+00:00,1125.25,1126.75,1124.25,1125.0,10251
2025-11-24 01:00:00+00:00,1128.25,1128.75,1124.25,1125.25,2336
2025-11-24 02:00:00+00:00,1125.25,1126.75,1125.0,1125.5,424
2025-11-24 03:00:00+00:00,1125.5,1126.0,1125.0,1125.5,276
2025-11-24 04:00:00+00:00,1125.5,1125.5,1125.0,1125.25,141
2025-11-24 05:00:00+00:00,1125.25,1126.75,1125.0,1126.0,299
2025-11-24 06:00:00+00:00,1126.25,1127.5,1125.0,1125.25,559
2025-11-24 07:00:00+00:00,1125.5,1126.0,1125.0,1125.5,608
2025-11-24 08:00:00+00:00,1125.5,1126.5,1123.25,1123.75,2349
2025-11-24 09:00:00+00:00,1123.5,1123.75,1121.5,1122.25,1920
2025-11-24 10:00:00+00:00,1122.0,1123.0,1121.5,1122.0,835
2025-11-24 11:00:00+00:00,1122.0,1124.5,1121.75,1122.25,1851
2025-11-24 12:00:00+00:00,1122.25,1122.25,1118.5,1121.0,3851
2025-11-24 13:00:00+00:00,1120.75,1121.5,1119.25,1120.75,1491
2025-11-24 14:00:00+00:00,1121.5,1126.0,1116.25,1125.0,25503
2025-11-24 15:00:00+00:00,1125.25,1128.25,1122.5,1123.5,15687
2025-11-24 16:00:00+00:00,1123.75,1126.25,1121.25,1123.5,10770
2025-11-24 17:00:00+00:00,1123.5,1131.0,1122.25,1125.5,13218
2025-11-24 18:00:00+00:00,1125.75,1127.0,1124.5,1125.0,6694
2025-11-24 19:00:00+00:00,1124.75,1125.0,1121.0,1121.25,11707
2025-11-25 01:00:00+00:00,1121.75,1125.5,1121.5,1125.0,0
2025-11-25 02:00:00+00:00,1125.0,1127.75,1124.75,1126.5,2338
2025-11-25 03:00:00+00:00,1126.25,1126.75,1125.75,1126.5,283
2025-11-25 04:00:00+00:00,1126.5,1127.75,1126.25,1127.75,705
2025-11-25 05:00:00+00:00,1127.5,1128.75,1127.25,1128.0,1007
2025-11-25 06:00:00+00:00,1128.0,1128.0,1126.25,1126.25,726
2025-11-25 07:00:00+00:00,1126.25,1126.25,1122.5,1122.75,1438
2025-11-25 08:00:00+00:00,1123.0,1125.5,1122.25,1124.25,1696
2025-11-25 09:00:00+00:00,1124.25,1126.25,1123.0,1126.0,1111
2025-11-25 10:00:00+00:00,1126.25,1126.5,1125.0,1125.5,727
2025-11-25 11:00:00+00:00,1125.5,1126.5,1123.75,1125.0,2298
2025-11-25 12:00:00+00:00,1125.0,1125.25,1119.75,1119.75,2748
2025-11-25 13:00:00+00:00,1120.0,1128.75,1120.0,1127.5,7546
2025-11-25 14:00:00+00:00,1127.75,1128.25,1121.25,1122.25,17289
2025-11-25 15:00:00+00:00,1122.5,1125.25,1120.0,1120.0,15397
2025-11-25 16:00:00+00:00,1120.0,1123.25,1117.25,1122.5,17149
2025-11-25 17:00:00+00:00,1122.75,1126.75,1122.5,1125.0,13783
2025-11-25 18:00:00+00:00,1125.0,1126.0,1122.75,1123.5,5571
2025-11-25 19:00:00+00:00,1123.75,1125.5,1123.5,1124.0,10890
2025-11-26 01:00:00+00:00,1125.5,1127.75,1124.75,1127.0,0
2025-11-26 02:00:00+00:00,1127.0,1127.25,1126.0,1127.25,744
2025-11-26 03:00:00+00:00,1127.25,1127.75,1127.0,1127.0,427
2025-11-26 04:00:00+00:00,1127.25,1127.25,1125.75,1125.75,174
2025-11-26 05:00:00+00:00,1125.75,1127.25,1125.25,1126.5,2472
2025-11-26 06:00:00+00:00,1126.75,1128.75,1126.5,1126.75,3181
2025-11-26 07:00:00+00:00,1126.75,1127.25,1124.25,1124.75,1056
2025-11-26 08:00:00+00:00,1124.75,1126.0,1124.5,1124.75,1667
2025-11-26 09:00:00+00:00,1125.0,1125.25,1123.75,1123.75,1201
2025-11-26 10:00:00+00:00,1124.0,1124.5,1123.25,1123.75,1408
2025-11-26 11:00:00+00:00,1123.75,1125.75,1123.0,1125.25,1890
2025-11-26 12:00:00+00:00,1125.25,1126.0,1124.5,1125.75,898
2025-11-26 13:00:00+00:00,1126.0,1128.75,1126.0,1127.0,2420
2025-11-26 14:00:00+00:00,1125.75,1127.25,1122.75,1125.25,9301
2025-11-26 15:00:00+00:00,1125.5,1130.75,1125.5,1129.5,13886
2025-11-26 16:00:00+00:00,1129.75,1132.25,1128.25,1131.5,12624
2025-11-26 17:00:00+00:00,1131.5,1135.25,1131.0,1133.0,12749
2025-11-26 18:00:00+00:00,1133.0,1134.0,1128.5,1132.5,12894
2025-11-26 19:00:00+00:00,1132.75,1133.5,1130.75,1132.25,11318
2025-11-28 14:30:00+00:00,1131.75,1136.0,1129.75,1134.25,7937
2025-11-28 15:30:00+00:00,1134.25,1137.0,1133.25,1135.5,6605
2025-11-28 16:30:00+00:00,1135.5,1136.75,1134.5,1135.5,5271
2025-11-28 17:30:00+00:00,1135.5,1138.75,1135.5,1137.75,10853
2025-11-28 18:00:00+00:00,1137.5,1138.0,1136.5,1137.75,1561
2025-12-01 01:00:00+00:00,1140.0,1142.25,1135.25,1138.75,4461
2025-12-01 02:00:00+00:00,1138.75,1139.5,1135.25,1135.5,909
2025-12-01 03:00:00+00:00,1135.25,1135.5,1133.25,1133.5,1272
2025-12-01 04:00:00+00:00,1133.5,1133.5,1132.0,1132.5,319
2025-12-01 05:00:00+00:00,1132.25,1134.0,1132.25,1133.5,477
2025-12-01 06:00:00+00:00,1133.75,1133.75,1133.25,1133.75,314
2025-12-01 07:00:00+00:00,1133.5,1135.25,1133.25,1135.0,669
2025-12-01 08:00:00+00:00,1135.0,1135.75,1134.0,1134.5,657
2025-12-01 09:00:00+00:00,1134.5,1136.0,1134.25,1134.5,898
2025-12-01 10:00:00+00:00,1134.5,1134.75,1133.0,1133.5,454
2025-12-01 11:00:00+00:00,1133.5,1135.75,1133.25,1135.25,871
2025-12-01 12:00:00+00:00,1135.25,1136.75,1134.5,1135.5,1912
2025-12-01 13:00:00+00:00,1135.25,1135.5,1132.75,1133.5,3521
2025-12-01 14:00:00+00:00,1132.5,1136.75,1131.25,1134.5,15188
2025-12-01 15:00:00+00:00,1134.75,1136.75,1128.25,1130.75,26392
2025-12-01 16:00:00+00:00,1130.75,1134.0,1130.75,1131.25,11249
2025-12-01 17:00:00+00:00,1131.25,1132.5,1129.0,1129.5,7393
2025-12-01 18:00:00+00:00,1129.25,1129.75,1127.25,1128.0,11142
2025-12-01 19:00:00+00:00,1128.0,1128.25,1127.0,1127.25,12529
2025-12-02 01:00:00+00:00,1126.5,1129.25,1126.0,1127.75,0
2025-12-02 02:00:00+00:00,1127.75,1129.0,1127.0,1129.0,467
2025-12-02 03:00:00+00:00,1129.0,1130.5,1128.5,1130.0,966
2025-12-02 04:00:00+00:00,1130.25,1131.0,1130.0,1130.75,546
2025-12-02 05:00:00+00:00,1130.75,1133.25,1130.5,1132.5,796
2025-12-02 06:00:00+00:00,1132.5,1134.25,1132.0,1133.75,945
2025-12-02 07:00:00+00:00,1133.75,1133.75,1132.25,1132.75,368
2025-12-02 08:00:00+00:00,1133.0,1134.5,1133.0,1134.5,781
2025-12-02 09:00:00+00:00,1134.5,1135.75,1132.75,1132.75,2609
2025-12-02 10:00:00+00:00,1132.75,1133.0,1131.25,1132.75,1260
2025-12-02 11:00:00+00:00,1133.0,1135.0,1130.25,1135.0,4773
2025-12-02 12:00:00+00:00,1135.0,1135.5,1132.5,1134.0,2370
2025-12-02 13:00:00+00:00,1134.0,1134.75,1132.5,1133.25,2200
2025-12-02 14:00:00+00:00,1133.25,1135.0,1128.0,1128.75,22660
2025-12-02 15:00:00+00:00,1128.5,1132.5,1123.25,1125.0,23705
2025-12-02 16:00:00+00:00,1125.0,1131.0,1125.0,1130.25,17171
2025-12-02 17:00:00+00:00,1130.0,1130.75,1126.0,1126.75,8110
2025-12-02 18:00:00+00:00,1126.5,1127.0,1123.5,1125.5,14644
2025-12-02 19:00:00+00:00,1125.5,1125.75,1124.0,1124.0,13941
2025-12-03 01:00:00+00:00,1125.25,1129.25,1123.75,1127.25,0
2025-12-03 02:00:00+00:00,1127.5,1127.75,1126.75,1126.75,849
2025-12-03 03:00:00+00:00,1126.75,1129.5,1126.75,1129.25,1126
2025-12-03 04:00:00+00:00,1129.0,1129.0,1128.5,1129.0,197
2025-12-03 05:00:00+00:00,1128.75,1130.75,1128.75,1129.25,2383
2025-12-03 06:00:00+00:00,1129.25,1129.75,1128.5,1128.75,671
2025-12-03 07:00:00+00:00,1128.75,1129.0,1126.75,1128.0,824
2025-12-03 08:00:00+00:00,1128.0,1128.75,1127.5,1128.75,709
2025-12-03 09:00:00+00:00,1128.75,1129.5,1127.75,1128.0,766
2025-12-03 10:00:00+00:00,1128.25,1128.25,1126.25,1127.5,583
2025-12-03 11:00:00+00:00,1127.5,1128.25,1126.75,1127.25,633
2025-12-03 12:00:00+00:00,1127.25,1127.75,1125.5,1125.75,2338
2025-12-03 13:00:00+00:00,1126.0,1126.5,1124.75,1125.25,4665
2025-12-03 14:00:00+00:00,1125.0,1125.75,1118.5,1120.0,29339
2025-12-03 15:00:00+00:00,1119.75,1122.25,1119.5,1120.5,19913
2025-12-03 16:00:00+00:00,1120.5,1123.25,1119.75,1122.25,12612
2025-12-03 17:00:00+00:00,1122.0,1122.5,1118.5,1119.25,9499
2025-12-03 18:00:00+00:00,1119.5,1119.5,1115.5,1116.5,13780
2025-12-03 19:00:00+00:00,1116.75,1117.0,1115.5,1116.25,11151
2025-12-04 01:00:00+00:00,1117.0,1119.5,1116.25,1117.75,0
2025-12-04 02:00:00+00:00,1117.75,1118.0,1116.0,1116.25,1100
2025-12-04 03:00:00+00:00,1116.0,1116.75,1115.75,1116.75,1335
2025-12-04 04:00:00+00:00,1116.5,1116.75,1116.0,1116.0,629
2025-12-04 05:00:00+00:00,1116.25,1116.25,1115.75,1116.0,253
2025-12-04 06:00:00+00:00,1116.25,1118.0,1116.25,1117.25,565
2025-12-04 07:00:00+00:00,1117.25,1117.5,1117.0,1117.25,385
2025-12-04 08:00:00+00:00,1117.25,1118.5,1117.0,1117.25,1307
2025-12-04 09:00:00+00:00,1117.25,1118.25,1116.5,1118.0,479
2025-12-04 10:00:00+00:00,1117.75,1118.0,1117.25,1117.5,553
2025-12-04 11:00:00+00:00,1117.5,1119.75,1117.5,1118.5,2166
2025-12-04 12:00:00+00:00,1118.25,1119.75,1118.0,1119.5,2022
2025-12-04 13:00:00+00:00,1119.25,1121.5,1119.25,1119.75,6112
2025-12-04 14:00:00+00:00,1119.75,1121.0,1114.25,1116.25,21074
2025-12-04 15:00:00+00:00,1116.25,1122.75,1114.0,1119.5,30198
2025-12-04 16:00:00+00:00,1119.25,1123.25,1118.5,1122.25,15052
2025-12-04 17:00:00+00:00,1122.25,1124.5,1120.25,1121.75,14905
2025-12-04 18:00:00+00:00,1121.75,1122.75,1119.5,1119.75,8315
2025-12-04 19:00:00+00:00,1119.75,1120.75,1118.5,1119.75,10633
2025-12-05 01:00:00+00:00,1119.25,1121.0,1117.75,1119.0,0
2025-12-05 02:00:00+00:00,1119.25,1119.25,1117.75,1118.25,355
2025-12-05 03:00:00+00:00,1118.25,1118.5,1117.0,1117.0,208
2025-12-05 04:00:00+00:00,1117.0,1117.75,1117.0,1117.5,62
2025-12-05 05:00:00+00:00,1117.5,1118.75,1117.5,1118.75,215
2025-12-05 06:00:00+00:00,1118.75,1118.75,1116.25,1116.5,696
2025-12-05 07:00:00+00:00,1116.5,1117.75,1116.5,1117.25,302
2025-12-05 08:00:00+00:00,1117.25,1118.75,1116.75,1116.75,1080
2025-12-05 09:00:00+00:00,1116.5,1117.25,1116.25,1116.75,864
2025-12-05 10:00:00+00:00,1116.75,1117.0,1115.5,1116.75,1375
2025-12-05 11:00:00+00:00,1116.5,1117.0,1115.75,1116.25,451
2025-12-05 12:00:00+00:00,1116.0,1118.0,1116.0,1117.75,893
2025-12-05 13:00:00+00:00,1118.0,1120.0,1117.0,1119.0,3605
2025-12-05 14:00:00+00:00,1119.0,1120.5,1117.5,1119.5,14285
2025-12-05 15:00:00+00:00,1119.5,1120.25,1108.25,1110.25,37502
2025-12-05 16:00:00+00:00,1110.25,1113.5,1109.5,1109.5,13619
2025-12-05 17:00:00+00:00,1109.25,1111.25,1106.5,1107.25,12362
2025-12-05 18:00:00+00:00,1107.25,1108.5,1105.5,1106.0,16064
2025-12-05 19:00:00+00:00,1106.0,1106.5,1104.5,1105.25,17769
2025-12-08 01:00:00+00:00,1105.0,1105.0,1098.5,1100.25,12406
2025-12-08 02:00:00+00:00,1100.25,1101.0,1097.75,1097.75,1607
2025-12-08 03:00:00+00:00,1098.0,1098.0,1096.0,1096.5,1724
2025-12-08 04:00:00+00:00,1096.5,1097.25,1096.0,1096.75,493
2025-12-08 05:00:00+00:00,1096.5,1096.75,1095.5,1096.25,1907
2025-12-08 06:00:00+00:00,1096.25,1097.25,1095.25,1097.0,1673
2025-12-08 07:00:00+00:00,1097.25,1098.25,1096.75,1097.0,1195
2025-12-08 08:00:00+00:00,1097.25,1098.0,1096.0,1096.75,1592
2025-12-08 09:00:00+00:00,1096.5,1099.0,1096.5,1098.75,1949
2025-12-08 10:00:00+00:00,1098.5,1099.75,1098.0,1098.75,1341
2025-12-08 11:00:00+00:00,1098.5,1099.0,1096.75,1098.75,1155
2025-12-08 12:00:00+00:00,1098.75,1100.5,1096.5,1100.25,3707
2025-12-08 13:00:00+00:00,1100.0,1107.5,1099.25,1106.0,12937
2025-12-08 14:00:00+00:00,1106.5,1106.5,1096.0,1097.5,29576
2025-12-08 15:00:00+00:00,1097.5,1097.75,1093.25,1094.0,21986
2025-12-08 16:00:00+00:00,1093.75,1097.25,1092.75,1094.25,18904
2025-12-08 17:00:00+00:00,1094.5,1096.25,1093.75,1094.75,8478
2025-12-08 18:00:00+00:00,1094.75,1095.25,1092.25,1093.25,11679
2025-12-08 19:00:00+00:00,1093.25,1094.25,1093.0,1093.75,16353
2025-12-09 01:00:00+00:00,1093.75,1094.75,1091.75,1093.25,0
2025-12-09 02:00:00+00:00,1093.25,1094.0,1092.75,1093.0,502
2025-12-09 03:00:00+00:00,1092.75,1093.0,1092.25,1093.0,458
2025-12-09 04:00:00+00:00,1093.0,1093.25,1092.5,1092.75,261
2025-12-09 05:00:00+00:00,1092.75,1093.0,1092.5,1092.5,181
2025-12-09 06:00:00+00:00,1092.5,1093.5,1091.5,1091.75,2140
2025-12-09 07:00:00+00:00,1091.5,1092.0,1090.5,1091.0,1140
2025-12-09 08:00:00+00:00,1091.25,1093.5,1091.0,1092.75,949
2025-12-09 09:00:00+00:00,1092.5,1093.75,1092.25,1092.5,730
2025-12-09 10:00:00+00:00,1092.5,1094.0,1092.5,1092.75,1034
2025-12-09 11:00:00+00:00,1093.0,1093.0,1091.5,1091.5,829
2025-12-09 12:00:00+00:00,1091.5,1091.5,1086.25,1087.5,12317
2025-12-09 13:00:00+00:00,1087.5,1089.0,1086.5,1089.0,7993
2025-12-09 14:00:00+00:00,1088.5,1091.75,1087.25,1089.75,20134
2025-12-09 15:00:00+00:00,1089.5,1092.75,1088.25,1092.0,36541
2025-12-09 16:00:00+00:00,1092.25,1092.75,1087.25,1088.0,13176
2025-12-09 17:00:00+00:00,1088.5,1093.75,1084.5,1085.75,31087
2025-12-09 18:00:00+00:00,1085.75,1087.25,1085.25,1086.0,7595
2025-12-09 19:00:00+00:00,1086.0,1088.75,1086.0,1087.75,21850
2025-12-10 01:00:00+00:00,1087.5,1087.75,1082.75,1084.25,0
2025-12-10 02:00:00+00:00,1084.25,1086.75,1084.0,1086.25,804
2025-12-10 03:00:00+00:00,1086.25,1086.75,1084.75,1085.0,886
2025-12-10 04:00:00+00:00,1085.0,1085.5,1084.5,1084.5,71
2025-12-10 05:00:00+00:00,1084.25,1084.75,1083.75,1084.25,687
2025-12-10 06:00:00+00:00,1084.5,1084.75,1083.25,1083.75,512
2025-12-10 07:00:00+00:00,1083.5,1084.25,1083.25,1084.0,814
2025-12-10 08:00:00+00:00,1084.0,1084.0,1082.0,1082.5,3956
2025-12-10 09:00:00+00:00,1082.5,1083.25,1082.25,1082.75,3086
2025-12-10 10:00:00+00:00,1082.75,1085.0,1082.5,1084.5,1657
2025-12-10 11:00:00+00:00,1084.5,1084.5,1081.5,1082.0,2969
2025-12-10 12:00:00+00:00,1082.25,1083.25,1081.5,1082.25,2598
2025-12-10 13:00:00+00:00,1082.25,1083.25,1082.0,1083.25,2881
2025-12-10 14:00:00+00:00,1083.5,1089.0,1082.25,1086.25,21766
2025-12-10 15:00:00+00:00,1086.0,1089.75,1085.25,1089.25,21907
2025-12-10 16:00:00+00:00,1089.5,1091.0,1087.0,1088.75,18165
2025-12-10 17:00:00+00:00,1089.0,1092.0,1087.5,1090.75,19985
2025-12-10 18:00:00+00:00,1090.75,1091.5,1089.5,1090.5,11056
2025-12-10 19:00:00+00:00,1090.5,1093.25,1090.5,1092.0,14948
2025-12-11 01:00:00+00:00,1091.0,1096.0,1090.25,1092.25,0
2025-12-11 02:00:00+00:00,1092.0,1092.5,1090.25,1091.25,1109
2025-12-11 03:00:00+00:00,1091.25,1091.5,1090.0,1090.5,488
2025-12-11 04:00:00+00:00,1090.5,1091.5,1090.25,1091.25,318
2025-12-11 05:00:00+00:00,1091.25,1093.0,1090.5,1091.75,1991
2025-12-11 06:00:00+00:00,1091.75,1092.0,1090.5,1091.75,388
2025-12-11 07:00:00+00:00,1091.75,1091.75,1088.75,1089.75,1134
2025-12-11 08:00:00+00:00,1089.75,1091.75,1089.5,1091.0,627
2025-12-11 09:00:00+00:00,1090.75,1091.5,1089.75,1090.25,525
2025-12-11 10:00:00+00:00,1090.0,1093.0,1089.75,1092.75,1085
2025-12-11 11:00:00+00:00,1092.75,1094.75,1092.5,1094.5,2645
2025-12-11 12:00:00+00:00,1094.25,1094.25,1092.25,1093.75,2317
2025-12-11 13:00:00+00:00,1094.0,1095.0,1093.0,1094.0,9318
2025-12-11 14:00:00+00:00,1094.0,1095.0,1090.75,1092.0,16216
2025-12-11 15:00:00+00:00,1091.75,1093.5,1086.25,1092.5,35911
2025-12-11 16:00:00+00:00,1092.5,1094.0,1089.25,1090.75,15907
2025-12-11 17:00:00+00:00,1090.75,1093.0,1089.5,1092.5,7960
2025-12-11 18:00:00+00:00,1092.75,1094.0,1092.0,1093.5,10544
2025-12-11 19:00:00+00:00,1093.5,1094.75,1093.0,1093.75,19888
2025-12-12 01:00:00+00:00,1093.0,1094.0,1092.0,1092.75,0
2025-12-12 02:00:00+00:00,1093.0,1094.5,1092.5,1092.5,1503
2025-12-12 03:00:00+00:00,1092.5,1093.25,1092.0,1092.5,158
2025-12-12 04:00:00+00:00,1092.25,1092.25,1091.25,1091.75,338
2025-12-12 05:00:00+00:00,1091.75,1092.5,1091.75,1092.25,118
2025-12-12 06:00:00+00:00,1092.0,1092.25,1090.75,1091.0,1143
2025-12-12 07:00:00+00:00,1090.75,1091.75,1090.5,1091.25,2311
2025-12-12 08:00:00+00:00,1091.0,1092.75,1088.5,1088.75,1165
2025-12-12 09:00:00+00:00,1088.75,1089.25,1086.5,1087.0,1417
2025-12-12 10:00:00+00:00,1087.0,1087.0,1085.25,1085.5,1490
2025-12-12 11:00:00+00:00,1085.75,1086.0,1083.0,1083.5,2195
2025-12-12 12:00:00+00:00,1083.75,1083.75,1082.5,1083.25,3980
2025-12-12 13:00:00+00:00,1083.25,1085.25,1083.0,1084.5,4035
2025-12-12 14:00:00+00:00,1085.0,1085.25,1078.25,1078.75,28928
2025-12-12 15:00:00+00:00,1078.5,1080.5,1077.25,1078.25,17684
2025-12-12 16:00:00+00:00,1078.5,1080.75,1077.75,1080.0,12078
2025-12-12 17:00:00+00:00,1079.75,1082.25,1078.5,1080.25,10381
2025-12-12 18:00:00+00:00,1080.5,1080.75,1077.0,1077.5,10018
2025-12-12 19:00:00+00:00,1077.75,1078.25,1075.75,1076.25,14444
2025-12-15 01:00:00+00:00,1074.5,1076.0,1073.5,1075.75,4045
2025-12-15 02:00:00+00:00,1075.5,1076.0,1075.0,1076.0,1222
2025-12-15 03:00:00+00:00,1076.25,1077.0,1076.0,1076.5,885
2025-12-15 04:00:00+00:00,1076.25,1076.75,1075.5,1075.75,4904
2025-12-15 05:00:00+00:00,1075.5,1075.75,1074.75,1075.75,508
2025-12-15 06:00:00+00:00,1075.5,1077.0,1075.25,1076.5,1180
2025-12-15 07:00:00+00:00,1076.25,1076.5,1075.0,1075.75,1043
2025-12-15 08:00:00+00:00,1076.0,1078.0,1076.0,1077.5,3757
2025-12-15 09:00:00+00:00,1077.25,1078.5,1077.0,1078.0,1204
2025-12-15 10:00:00+00:00,1078.25,1078.5,1077.75,1078.5,746
2025-12-15 11:00:00+00:00,1078.5,1078.75,1077.5,1078.0,417
2025-12-15 12:00:00+00:00,1078.0,1080.0,1077.0,1079.5,3004
2025-12-15 13:00:00+00:00,1079.5,1079.75,1077.25,1077.25,5197
2025-12-15 14:00:00+00:00,1077.5,1077.5,1067.0,1067.75,25698
2025-12-15 15:00:00+00:00,1067.75,1072.5,1067.75,1072.25,20048
2025-12-15 16:00:00+00:00,1072.25,1075.5,1067.75,1068.75,16815
2025-12-15 17:00:00+00:00,1068.5,1073.0,1068.0,1072.75,16767
2025-12-15 18:00:00+00:00,1072.75,1073.0,1071.0,1072.75,7002
2025-12-15 19:00:00+00:00,1072.75,1073.5,1071.25,1073.0,8700
2025-12-16 01:00:00+00:00,1072.0,1073.5,1070.5,1073.0,0
2025-12-16 02:00:00+00:00,1073.0,1075.0,1072.75,1072.75,2405
2025-12-16 03:00:00+00:00,1073.0,1073.75,1070.0,1071.0,1509
2025-12-16 04:00:00+00:00,1071.0,1072.75,1071.0,1072.75,395
2025-12-16 05:00:00+00:00,1072.5,1072.75,1071.5,1072.75,2246
2025-12-16 06:00:00+00:00,1072.75,1075.75,1072.25,1075.5,2190
2025-12-16 07:00:00+00:00,1075.5,1076.25,1074.25,1074.75,1081
2025-12-16 08:00:00+00:00,1075.0,1075.5,1073.5,1073.5,2578
2025-12-16 09:00:00+00:00,1073.5,1075.25,1073.5,1074.25,1369
2025-12-16 10:00:00+00:00,1074.5,1075.0,1073.75,1073.75,876
2025-12-16 11:00:00+00:00,1074.0,1074.0,1071.75,1072.75,1383
2025-12-16 12:00:00+00:00,1072.75,1073.25,1070.5,1071.5,1468
2025-12-16 13:00:00+00:00,1071.5,1073.75,1071.0,1072.5,3258
2025-12-16 14:00:00+00:00,1073.5,1073.75,1067.0,1067.0,15386
2025-12-16 15:00:00+00:00,1067.25,1067.5,1064.5,1064.5,21340
2025-12-16 16:00:00+00:00,1064.5,1065.5,1060.25,1061.0,15465
2025-12-16 17:00:00+00:00,1061.25,1062.5,1060.75,1061.75,9218
2025-12-16 18:00:00+00:00,1062.0,1062.25,1059.5,1062.0,11563
2025-12-16 19:00:00+00:00,1062.25,1063.5,1061.5,1063.25,14699
2025-12-17 01:00:00+00:00,1063.5,1066.25,1063.0,1065.5,0
2025-12-17 02:00:00+00:00,1065.5,1067.5,1065.5,1066.5,1230
2025-12-17 03:00:00+00:00,1066.75,1066.75,1065.5,1065.5,450
2025-12-17 04:00:00+00:00,1065.5,1065.75,1064.75,1065.0,209
2025-12-17 05:00:00+00:00,1065.0,1066.0,1064.75,1065.75,212
2025-12-17 06:00:00+00:00,1065.75,1066.0,1064.25,1064.5,543
2025-12-17 07:00:00+00:00,1064.25,1065.75,1063.75,1065.75,317
2025-12-17 08:00:00+00:00,1065.5,1065.75,1061.5,1062.0,1416
2025-12-17 09:00:00+00:00,1062.25,1064.25,1062.25,1063.0,1724
2025-12-17 10:00:00+00:00,1063.25,1064.0,1062.25,1062.75,632
2025-12-17 11:00:00+00:00,1063.0,1063.5,1061.0,1061.25,2694
2025-12-17 12:00:00+00:00,1061.25,1062.75,1061.0,1062.5,1541
2025-12-17 13:00:00+00:00,1062.5,1062.5,1060.75,1062.0,3372
2025-12-17 14:00:00+00:00,1062.25,1063.0,1055.75,1057.5,26950
2025-12-17 15:00:00+00:00,1057.75,1058.5,1053.5,1056.25,27550
2025-12-17 16:00:00+00:00,1056.0,1057.75,1054.0,1054.75,14056
2025-12-17 17:00:00+00:00,1054.75,1060.25,1054.0,1059.25,16771
2025-12-17 18:00:00+00:00,1059.5,1062.0,1058.25,1061.25,8764
2025-12-17 19:00:00+00:00,1061.25,1061.5,1058.0,1058.5,7799
2025-12-18 01:00:00+00:00,1058.25,1061.25,1058.25,1059.75,0
2025-12-18 02:00:00+00:00,1059.75,1060.0,1058.5,1058.5,462
2025-12-18 03:00:00+00:00,1058.5,1059.25,1058.0,1058.0,880
2025-12-18 04:00:00+00:00,1058.0,1058.75,1058.0,1058.25,179
2025-12-18 05:00:00+00:00,1058.0,1058.75,1057.75,1058.0,175
2025-12-18 06:00:00+00:00,1058.0,1058.5,1057.5,1057.75,1394
2025-12-18 07:00:00+00:00,1057.5,1057.75,1055.25,1056.25,1801
2025-12-18 08:00:00+00:00,1056.25,1057.5,1055.5,1056.0,4932
2025-12-18 09:00:00+00:00,1055.75,1057.0,1055.5,1056.75,7664
2025-12-18 10:00:00+00:00,1057.0,1059.0,1057.0,1058.0,797
2025-12-18 11:00:00+00:00,1058.25,1059.25,1058.0,1058.25,465
2025-12-18 12:00:00+00:00,1058.25,1058.75,1055.75,1056.25,2804
2025-12-18 13:00:00+00:00,1056.5,1058.25,1055.75,1057.75,1968
2025-12-18 14:00:00+00:00,1057.5,1058.75,1051.0,1055.75,16953
2025-12-18 15:00:00+00:00,1055.5,1057.5,1052.0,1053.0,13057
2025-12-18 16:00:00+00:00,1053.0,1055.5,1052.5,1053.25,8774
2025-12-18 17:00:00+00:00,1053.5,1054.25,1052.0,1052.5,10252
2025-12-18 18:00:00+00:00,1052.75,1055.75,1052.75,1054.0,6814
2025-12-18 19:00:00+00:00,1054.0,1055.25,1051.0,1051.5,13457
2025-12-19 01:00:00+00:00,1052.25,1053.5,1049.0,1050.25,0
2025-12-19 02:00:00+00:00,1050.0,1050.5,1049.0,1049.0,461
2025-12-19 03:00:00+00:00,1049.25,1050.0,1049.0,1049.0,562
2025-12-19 04:00:00+00:00,1049.25,1049.75,1049.0,1049.5,101
2025-12-19 05:00:00+00:00,1049.5,1050.5,1049.25,1050.5,1019
2025-12-19 06:00:00+00:00,1050.25,1050.75,1049.5,1049.75,986
2025-12-19 07:00:00+00:00,1049.75,1049.75,1048.0,1048.5,866
2025-12-19 08:00:00+00:00,1048.5,1059.75,1048.25,1058.75,5996
2025-12-19 09:00:00+00:00,1059.0,1060.25,1058.5,1060.0,1329
2025-12-19 10:00:00+00:00,1059.75,1060.25,1059.25,1060.25,1568
2025-12-19 11:00:00+00:00,1060.25,1060.5,1058.75,1060.25,2051
2025-12-19 12:00:00+00:00,1060.25,1060.75,1059.5,1059.75,1898
2025-12-19 13:00:00+00:00,1059.75,1062.75,1059.75,1061.0,4141
2025-12-19 14:00:00+00:00,1061.25,1063.75,1060.25,1063.25,15823
2025-12-19 15:00:00+00:00,1063.25,1064.5,1057.25,1059.75,21406
2025-12-19 16:00:00+00:00,1059.5,1060.5,1057.5,1058.0,9580
2025-12-19 17:00:00+00:00,1058.0,1060.0,1057.75,1058.75,5701
2025-12-19 18:00:00+00:00,1058.5,1061.5,1058.25,1061.0,8830
2025-12-19 19:00:00+00:00,1061.0,1061.25,1059.25,1059.5,8554
2025-12-22 01:00:00+00:00,1059.25,1062.0,1059.0,1061.75,3525
2025-12-22 02:00:00+00:00,1061.75,1063.75,1061.75,1063.0,1323
2025-12-22 03:00:00+00:00,1063.0,1063.25,1062.5,1063.25,199
2025-12-22 04:00:00+00:00,1063.0,1063.5,1063.0,1063.25,86
2025-12-22 05:00:00+00:00,1063.0,1064.75,1062.75,1064.0,977
2025-12-22 06:00:00+00:00,1064.0,1065.0,1064.0,1064.25,2076
2025-12-22 07:00:00+00:00,1064.0,1064.75,1063.5,1064.5,253
2025-12-22 08:00:00+00:00,1064.25,1064.25,1063.0,1064.0,690
2025-12-22 09:00:00+00:00,1064.0,1064.5,1063.25,1063.5,1106
2025-12-22 10:00:00+00:00,1063.5,1064.5,1063.5,1063.75,1579
2025-12-22 11:00:00+00:00,1064.0,1064.5,1061.75,1062.5,1491
2025-12-22 12:00:00+00:00,1062.5,1065.0,1062.25,1064.5,2025
2025-12-22 13:00:00+00:00,1064.75,1066.25,1064.5,1065.75,4411
2025-12-22 14:00:00+00:00,1065.75,1066.0,1060.75,1062.75,21437
2025-12-22 15:00:00+00:00,1062.75,1066.75,1062.5,1065.0,20536
2025-12-22 16:00:00+00:00,1065.25,1065.5,1062.25,1062.75,28204
2025-12-22 17:00:00+00:00,1062.75,1064.0,1062.0,1063.75,8724
2025-12-22 18:00:00+00:00,1063.75,1065.25,1063.25,1065.0,9151
2025-12-22 19:00:00+00:00,1065.0,1065.25,1063.75,1064.0,7049
2025-12-23 01:00:00+00:00,1065.0,1066.75,1063.5,1066.5,0
2025-12-23 02:00:00+00:00,1066.25,1066.25,1065.5,1066.0,284
2025-12-23 03:00:00+00:00,1066.25,1066.75,1065.75,1066.25,475
2025-12-23 04:00:00+00:00,1066.25,1066.25,1065.5,1066.0,134
2025-12-23 05:00:00+00:00,1065.5,1066.75,1065.25,1066.0,649
2025-12-23 06:00:00+00:00,1065.75,1067.0,1065.25,1067.0,1250
2025-12-23 07:00:00+00:00,1066.75,1068.0,1066.75,1067.5,476
2025-12-23 08:00:00+00:00,1067.5,1067.75,1066.0,1066.25,615
2025-12-23 09:00:00+00:00,1066.5,1067.25,1066.0,1066.0,3389
2025-12-23 10:00:00+00:00,1066.0,1067.25,1065.25,1066.75,1232
2025-12-23 11:00:00+00:00,1066.75,1068.5,1066.75,1068.25,1436
2025-12-23 12:00:00+00:00,1068.25,1068.5,1066.0,1067.25,1267
2025-12-23 13:00:00+00:00,1067.5,1067.75,1066.25,1066.5,1342
2025-12-23 14:00:00+00:00,1066.0,1068.75,1065.75,1067.0,16201
2025-12-23 15:00:00+00:00,1067.25,1069.75,1064.75,1067.5,16903
2025-12-23 16:00:00+00:00,1067.5,1068.75,1065.25,1065.75,14890
2025-12-23 17:00:00+00:00,1066.0,1066.0,1062.75,1063.5,15462
2025-12-23 18:00:00+00:00,1063.5,1066.25,1063.25,1064.75,22450
2025-12-23 19:00:00+00:00,1064.75,1065.5,1062.5,1063.0,10054
2025-12-24 01:00:00+00:00,1063.5,1069.5,1063.0,1069.25,0
2025-12-24 02:00:00+00:00,1069.0,1069.5,1068.0,1068.75,1223
2025-12-24 03:00:00+00:00,1068.75,1068.75,1068.0,1068.25,609
2025-12-24 04:00:00+00:00,1068.25,1068.75,1068.0,1068.0,294
2025-12-24 05:00:00+00:00,1068.0,1069.75,1068.0,1069.5,760
2025-12-24 06:00:00+00:00,1069.5,1069.75,1068.5,1069.25,517
2025-12-24 07:00:00+00:00,1069.25,1069.5,1069.0,1069.5,557
2025-12-24 08:00:00+00:00,1069.25,1069.25,1068.25,1068.5,661
2025-12-24 09:00:00+00:00,1068.25,1069.25,1068.0,1068.5,5250
2025-12-24 10:00:00+00:00,1068.5,1069.5,1068.0,1069.5,2454
2025-12-24 11:00:00+00:00,1069.25,1070.0,1068.75,1069.0,667
2025-12-24 12:00:00+00:00,1069.25,1071.0,1069.0,1070.75,1284
2025-12-24 13:00:00+00:00,1070.5,1071.75,1069.75,1070.0,2474
2025-12-24 14:30:00+00:00,1070.0,1070.5,1068.75,1070.0,8206
2025-12-24 15:30:00+00:00,1069.75,1073.0,1069.5,1072.25,10241
2025-12-24 16:30:00+00:00,1072.25,1075.5,1071.25,1075.0,11878
2025-12-24 17:30:00+00:00,1075.0,1077.75,1074.25,1076.25,12301
2025-12-24 18:00:00+00:00,1076.5,1077.0,1075.75,1076.5,1657
2025-12-26 14:00:00+00:00,1067.0,1069.25,1062.75,1063.75,11098
2025-12-26 15:00:00+00:00,1063.75,1065.25,1062.25,1063.5,4699
2025-12-26 16:00:00+00:00,1063.5,1063.5,1059.5,1059.5,4259
2025-12-26 17:00:00+00:00,1059.5,1060.25,1057.0,1057.5,3453
2025-12-26 18:00:00+00:00,1057.5,1059.75,1057.5,1058.75,3988
2025-12-26 19:00:00+00:00,1058.75,1072.5,1057.25,1058.75,7204
2025-12-29 01:00:00+00:00,1075.0,1077.5,1071.25,1077.5,8405
2025-12-29 02:00:00+00:00,1077.25,1077.5,1074.75,1075.0,2969
2025-12-29 03:00:00+00:00,1075.25,1075.75,1074.5,1075.75,1153
2025-12-29 04:00:00+00:00,1075.75,1075.75,1074.25,1074.25,251
2025-12-29 05:00:00+00:00,1074.25,1074.75,1073.5,1073.5,312
2025-12-29 06:00:00+00:00,1073.5,1075.0,1073.5,1074.5,1435
2025-12-29 07:00:00+00:00,1074.5,1075.0,1072.5,1072.75,871
2025-12-29 08:00:00+00:00,1072.75,1073.0,1070.5,1070.75,2336
2025-12-29 09:00:00+00:00,1071.0,1071.5,1070.25,1070.25,2249
2025-12-29 10:00:00+00:00,1070.5,1070.5,1068.25,1068.75,2867
2025-12-29 11:00:00+00:00,1068.75,1069.0,1066.75,1067.0,1331
2025-12-29 12:00:00+00:00,1066.75,1066.75,1064.5,1065.25,2467
2025-12-29 13:00:00+00:00,1065.25,1067.75,1065.25,1066.75,4749
2025-12-29 14:00:00+00:00,1067.0,1067.75,1065.0,1067.5,17935
2025-12-29 15:00:00+00:00,1067.5,1069.0,1065.0,1066.25,25113
2025-12-29 16:00:00+00:00,1066.0,1066.75,1063.5,1063.75,17921
2025-12-29 17:00:00+00:00,1063.75,1064.5,1063.0,1063.5,12456
2025-12-29 18:00:00+00:00,1063.75,1064.5,1063.0,1063.5,13159
2025-12-29 19:00:00+00:00,1063.75,1064.25,1063.0,1063.75,10296
2025-12-30 01:00:00+00:00,1063.75,1066.0,1063.25,1064.5,0
2025-12-30 02:00:00+00:00,1064.5,1065.5,1063.5,1065.25,1697
2025-12-30 03:00:00+00:00,1065.0,1066.0,1065.0,1065.25,1048
2025-12-30 04:00:00+00:00,1065.0,1065.25,1064.75,1065.0,92
2025-12-30 05:00:00+00:00,1065.0,1067.0,1064.5,1066.5,1417
2025-12-30 06:00:00+00:00,1066.5,1067.75,1066.0,1067.0,1837
2025-12-30 07:00:00+00:00,1066.75,1067.75,1066.25,1067.5,446
2025-12-30 08:00:00+00:00,1067.25,1067.25,1066.0,1066.0,679
2025-12-30 09:00:00+00:00,1066.0,1066.75,1065.25,1066.25,635
2025-12-30 10:00:00+00:00,1066.25,1067.5,1065.75,1067.5,733
2025-12-30 11:00:00+00:00,1067.25,1067.5,1066.25,1067.0,1393
2025-12-30 12:00:00+00:00,1067.0,1067.75,1066.25,1067.0,2413
2025-12-30 13:00:00+00:00,1066.75,1067.75,1066.75,1067.25,2741
2025-12-30 14:00:00+00:00,1067.0,1067.0,1063.5,1064.75,16833
2025-12-30 15:00:00+00:00,1065.0,1065.75,1061.0,1062.75,17768
2025-12-30 16:00:00+00:00,1063.0,1065.25,1062.5,1063.75,11929
2025-12-30 17:00:00+00:00,1064.0,1064.5,1063.0,1063.25,12425
2025-12-30 18:00:00+00:00,1063.25,1063.5,1061.25,1062.0,10381
2025-12-30 19:00:00+00:00,1062.25,1062.5,1060.75,1060.75,12062
2025-12-31 01:00:00+00:00,1061.25,1063.5,1059.5,1063.5,0
2025-12-31 02:00:00+00:00,1063.5,1064.0,1060.0,1060.0,2417
2025-12-31 03:00:00+00:00,1060.0,1060.5,1059.5,1059.75,622
2025-12-31 04:00:00+00:00,1060.0,1060.25,1059.5,1059.75,530
2025-12-31 05:00:00+00:00,1059.5,1060.5,1059.5,1059.75,718
2025-12-31 06:00:00+00:00,1060.0,1060.75,1059.0,1059.25,1993
2025-12-31 07:00:00+00:00,1059.25,1059.75,1058.5,1058.75,503
2025-12-31 08:00:00+00:00,1058.75,1059.25,1057.75,1058.0,950
2025-12-31 09:00:00+00:00,1058.0,1058.5,1057.25,1057.25,1034
2025-12-31 10:00:00+00:00,1057.25,1058.25,1057.25,1057.75,279
2025-12-31 11:00:00+00:00,1057.75,1058.75,1057.75,1058.5,452
2025-12-31 12:00:00+00:00,1058.5,1060.0,1058.25,1060.0,890
2025-12-31 13:00:00+00:00,1060.0,1060.25,1058.75,1059.25,1532
2025-12-31 14:00:00+00:00,1059.75,1060.0,1055.0,1055.5,14765
2025-12-31 15:00:00+00:00,1055.25,1056.5,1053.75,1055.0,16890
2025-12-31 16:00:00+00:00,1055.0,1055.25,1052.25,1052.5,11389
2025-12-31 17:00:00+00:00,1052.25,1052.5,1050.0,1050.0,10063
2025-12-31 18:00:00+00:00,1050.0,1050.5,1047.0,1047.25,15068
2025-12-31 19:00:00+00:00,1047.25,1048.0,1047.0,1047.25,8513
2026-01-02 14:00:00+00:00,1030.0,1030.0,1024.0,1024.0,131
2026-01-02 15:00:00+00:00,1025.0,1026.0,1022.0,1026.0,282
2026-01-02 16:00:00+00:00,1024.25,1025.75,1024.25,1025.25,306
2026-01-02 17:00:00+00:00,1027.25,1027.75,1027.25,1027.5,163
2026-01-02 18:00:00+00:00,1028.75,1029.25,1028.5,1028.5,411
2026-01-02 19:00:00+00:00,1029.75,1045.75,1029.5,1045.75,0
2026-01-05 01:00:00+00:00,1045.75,1051.75,1045.5,1050.75,7482
2026-01-05 02:00:00+00:00,1050.75,1051.75,1050.5,1051.5,1288
2026-01-05 03:00:00+00:00,1051.5,1052.0,1051.25,1051.25,1137
2026-01-05 04:00:00+00:00,1051.0,1051.5,1051.0,1051.0,312
2026-01-05 05:00:00+00:00,1051.5,1051.75,1049.5,1050.0,1298
2026-01-05 06:00:00+00:00,1050.0,1052.5,1049.75,1052.0,2312
2026-01-05 07:00:00+00:00,1051.75,1052.0,1050.75,1051.75,533
2026-01-05 08:00:00+00:00,1051.5,1051.5,1051.0,1051.5,670
2026-01-05 09:00:00+00:00,1051.25,1052.75,1051.0,1052.5,4359
2026-01-05 10:00:00+00:00,1052.5,1053.25,1052.0,1052.25,1068
2026-01-05 11:00:00+00:00,1052.5,1053.25,1052.25,1052.5,1149
2026-01-05 12:00:00+00:00,1052.5,1053.75,1051.75,1052.5,1877
2026-01-05 13:00:00+00:00,1052.5,1056.25,1052.5,1055.0,6125
2026-01-05 14:00:00+00:00,1054.75,1056.25,1052.75,1055.75,19094
2026-01-05 15:00:00+00:00,1055.5,1060.0,1055.0,1060.0,24763
2026-01-05 16:00:00+00:00,1059.75,1062.0,1058.5,1061.0,18384
2026-01-05 17:00:00+00:00,1061.0,1063.25,1060.25,1062.25,12778
2026-01-05 18:00:00+00:00,1062.25,1063.0,1061.5,1062.0,8788
2026-01-05 19:00:00+00:00,1062.0,1062.25,1061.25,1062.25,8273
2026-01-06 01:00:00+00:00,1062.0,1064.0,1060.5,1063.75,0
2026-01-06 02:00:00+00:00,1063.5,1065.0,1063.25,1064.5,2249
2026-01-06 03:00:00+00:00,1064.5,1065.75,1064.0,1065.5,1944
2026-01-06 04:00:00+00:00,1065.5,1065.5,1064.75,1065.25,228
2026-01-06 05:00:00+00:00,1065.25,1065.5,1064.25,1064.5,922
2026-01-06 06:00:00+00:00,1064.75,1065.75,1064.5,1065.75,834
2026-01-06 07:00:00+00:00,1065.75,1065.75,1065.0,1065.25,770
2026-01-06 08:00:00+00:00,1065.0,1065.0,1063.5,1064.25,1101
2026-01-06 09:00:00+00:00,1064.25,1065.0,1063.25,1063.25,1575
2026-01-06 10:00:00+00:00,1063.5,1064.25,1063.5,1063.75,454
2026-01-06 11:00:00+00:00,1064.0,1064.25,1062.25,1063.75,1418
2026-01-06 12:00:00+00:00,1063.75,1065.5,1063.0,1065.25,1497
2026-01-06 13:00:00+00:00,1065.0,1067.0,1065.0,1066.5,4423
2026-01-06 14:00:00+00:00,1066.5,1068.75,1064.25,1066.25,24378
2026-01-06 15:00:00+00:00,1066.0,1066.5,1063.5,1064.75,14691
2026-01-06 16:00:00+00:00,1064.75,1066.5,1064.25,1064.5,9347
2026-01-06 17:00:00+00:00,1064.75,1064.75,1062.25,1062.5,8754
2026-01-06 18:00:00+00:00,1062.5,1062.75,1058.5,1058.75,20187
2026-01-06 19:00:00+00:00,1058.5,1058.75,1055.5,1056.5,13419
2026-01-07 01:00:00+00:00,1056.75,1062.75,1056.5,1062.0,0
2026-01-07 02:00:00+00:00,1062.0,1064.75,1061.75,1063.75,1632
2026-01-07 03:00:00+00:00,1063.5,1064.75,1063.25,1064.25,534
2026-01-07 04:00:00+00:00,1064.5,1064.5,1063.25,1063.75,265
2026-01-07 05:00:00+00:00,1063.5,1064.25,1062.5,1064.25,783
2026-01-07 06:00:00+00:00,1064.25,1067.5,1064.25,1066.0,3709
2026-01-07 07:00:00+00:00,1065.75,1066.0,1063.75,1064.0,904
2026-01-07 08:00:00+00:00,1064.0,1065.0,1063.75,1064.25,457
2026-01-07 09:00:00+00:00,1064.25,1065.5,1064.0,1065.25,691
2026-01-07 10:00:00+00:00,1065.25,1065.5,1063.75,1065.0,682
2026-01-07 11:00:00+00:00,1065.0,1065.5,1064.5,1065.0,541
2026-01-07 12:00:00+00:00,1065.25,1067.25,1063.75,1067.0,4071
2026-01-07 13:00:00+00:00,1066.75,1069.0,1066.25,1067.75,9054
2026-01-07 14:00:00+00:00,1067.25,1069.0,1064.5,1065.25,23611
2026-01-07 15:00:00+00:00,1065.0,1067.0,1063.75,1066.75,15341
2026-01-07 16:00:00+00:00,1065.0,1069.0,1064.75,1067.75,13247
2026-01-07 17:00:00+00:00,1068.0,1070.5,1067.0,1067.25,13686
2026-01-07 18:00:00+00:00,1067.5,1069.5,1066.5,1068.0,12285
2026-01-07 19:00:00+00:00,1068.0,1068.5,1065.75,1066.0,12777
2026-01-08 01:00:00+00:00,1066.0,1067.25,1064.5,1066.75,0
2026-01-08 02:00:00+00:00,1066.5,1066.75,1063.5,1063.75,1609
2026-01-08 03:00:00+00:00,1063.75,1064.0,1063.0,1063.5,2157
2026-01-08 04:00:00+00:00,1063.5,1063.75,1063.25,1063.25,156
2026-01-08 05:00:00+00:00,1063.0,1063.75,1062.5,1063.25,829
2026-01-08 06:00:00+00:00,1063.0,1064.0,1062.0,1063.25,1753
2026-01-08 07:00:00+00:00,1063.0,1063.25,1062.5,1062.75,951
2026-01-08 08:00:00+00:00,1062.75,1064.25,1062.0,1062.5,1713
2026-01-08 09:00:00+00:00,1062.25,1065.0,1061.5,1064.25,1569
2026-01-08 10:00:00+00:00,1064.25,1066.75,1063.75,1064.75,1739
2026-01-08 11:00:00+00:00,1064.75,1066.5,1064.5,1066.0,1180
2026-01-08 12:00:00+00:00,1066.0,1067.0,1065.0,1066.75,2084
2026-01-08 13:00:00+00:00,1066.5,1066.5,1064.25,1066.0,3221
2026-01-08 14:00:00+00:00,1065.25,1067.75,1063.0,1063.0,19439
2026-01-08 15:00:00+00:00,1063.0,1065.5,1062.0,1064.75,19007
2026-01-08 16:00:00+00:00,1064.75,1065.25,1062.5,1064.0,9306
2026-01-08 17:00:00+00:00,1064.0,1064.5,1061.25,1062.0,9391
2026-01-08 18:00:00+00:00,1062.0,1063.25,1060.75,1062.25,7478
2026-01-08 19:00:00+00:00,1062.5,1062.5,1060.75,1061.25,14076
2026-01-09 01:00:00+00:00,1061.5,1063.0,1061.5,1062.75,0
2026-01-09 02:00:00+00:00,1063.0,1065.0,1063.0,1064.0,1200
2026-01-09 03:00:00+00:00,1064.0,1065.5,1063.75,1064.5,1183
2026-01-09 04:00:00+00:00,1064.25,1066.5,1064.0,1066.25,721
2026-01-09 05:00:00+00:00,1066.25,1066.75,1065.5,1065.75,799
2026-01-09 06:00:00+00:00,1065.75,1069.0,1065.75,1067.25,2926
2026-01-09 07:00:00+00:00,1067.25,1067.5,1066.5,1066.75,552
2026-01-09 08:00:00+00:00,1066.75,1066.75,1065.25,1066.0,1173
2026-01-09 09:00:00+00:00,1066.0,1066.75,1065.25,1066.0,730
2026-01-09 10:00:00+00:00,1066.25,1066.5,1065.75,1066.25,665
2026-01-09 11:00:00+00:00,1066.5,1067.0,1065.5,1066.75,1793
2026-01-09 12:00:00+00:00,1066.75,1067.25,1066.25,1066.25,1838
2026-01-09 13:00:00+00:00,1066.0,1067.0,1065.25,1066.25,2442
2026-01-09 14:00:00+00:00,1066.0,1066.75,1063.5,1066.0,14211
2026-01-09 15:00:00+00:00,1065.75,1066.75,1063.0,1065.0,10866
2026-01-09 16:00:00+00:00,1065.0,1067.25,1064.5,1065.75,10043
2026-01-09 17:00:00+00:00,1065.5,1067.0,1063.25,1064.5,9741
2026-01-09 18:00:00+00:00,1064.5,1065.0,1062.0,1063.0,8715
2026-01-09 19:00:00+00:00,1063.0,1064.0,1062.25,1062.5,11815
2026-01-12 01:00:00+00:00,1062.0,1065.5,1062.0,1064.0,2464
2026-01-12 02:00:00+00:00,1064.0,1064.0,1061.75,1061.75,1103
2026-01-12 03:00:00+00:00,1062.0,1062.5,1061.75,1061.75,303
2026-01-12 04:00:00+00:00,1061.75,1062.25,1061.75,1062.25,248
2026-01-12 05:00:00+00:00,1062.25,1063.0,1062.0,1062.75,430
2026-01-12 06:00:00+00:00,1062.75,1063.5,1061.5,1062.75,2661
2026-01-12 07:00:00+00:00,1062.75,1064.0,1062.0,1063.75,616
2026-01-12 08:00:00+00:00,1064.0,1065.5,1063.5,1064.75,810
2026-01-12 09:00:00+00:00,1064.75,1067.0,1064.5,1066.5,918
2026-01-12 10:00:00+00:00,1066.5,1066.75,1066.0,1066.75,963
2026-01-12 11:00:00+00:00,1066.75,1067.5,1066.0,1066.25,681
2026-01-12 12:00:00+00:00,1066.0,1068.5,1065.75,1067.75,1560
2026-01-12 13:00:00+00:00,1067.5,1068.5,1066.0,1067.75,4622
2026-01-12 14:00:00+00:00,1067.0,1068.25,1064.25,1065.25,12088
2026-01-12 15:00:00+00:00,1065.25,1069.5,1065.0,1069.25,16483
2026-01-12 16:00:00+00:00,1069.0,1071.25,1068.0,1069.25,13402
2026-01-12 17:00:00+00:00,1069.25,1069.25,1043.25,1048.75,84376
2026-01-12 18:00:00+00:00,1048.75,1050.75,1045.5,1048.0,21672
2026-01-12 19:00:00+00:00,1047.75,1051.0,1047.5,1050.5,16414
2026-01-13 01:00:00+00:00,1050.0,1052.25,1047.0,1048.75,0
2026-01-13 02:00:00+00:00,1048.5,1050.25,1048.5,1049.75,1232
2026-01-13 03:00:00+00:00,1049.75,1050.5,1048.5,1048.75,660
2026-01-13 04:00:00+00:00,1048.75,1049.0,1048.5,1049.0,288
2026-01-13 05:00:00+00:00,1049.25,1049.5,1047.5,1048.5,1476
2026-01-13 06:00:00+00:00,1048.25,1048.25,1044.5,1045.75,3700
2026-01-13 07:00:00+00:00,1045.5,1045.5,1043.25,1043.5,2374
2026-01-13 08:00:00+00:00,1043.5,1044.25,1042.5,1043.75,2282
2026-01-13 09:00:00+00:00,1044.0,1045.75,1043.5,1044.0,1974
2026-01-13 10:00:00+00:00,1044.25,1044.75,1042.0,1042.5,1094
2026-01-13 11:00:00+00:00,1042.5,1043.0,1041.5,1042.0,1260
2026-01-13 12:00:00+00:00,1042.0,1043.25,1041.75,1042.75,1980
2026-01-13 13:00:00+00:00,1043.0,1045.75,1043.0,1044.0,6140
2026-01-13 14:00:00+00:00,1044.75,1046.75,1042.0,1043.5,20673
2026-01-13 15:00:00+00:00,1043.75,1046.75,1043.25,1046.75,18599
2026-01-13 16:00:00+00:00,1047.0,1047.0,1043.75,1044.75,10129
2026-01-13 17:00:00+00:00,1044.5,1045.25,1038.75,1039.25,17011
2026-01-13 18:00:00+00:00,1039.25,1039.75,1037.75,1038.75,14800
2026-01-13 19:00:00+00:00,1038.5,1039.75,1038.25,1039.0,9569
2026-01-14 01:00:00+00:00,1039.5,1042.0,1039.0,1041.75,0
2026-01-14 02:00:00+00:00,1041.75,1043.0,1041.0,1042.75,1957
2026-01-14 03:00:00+00:00,1042.75,1043.0,1041.5,1042.25,772
2026-01-14 04:00:00+00:00,1042.0,1042.5,1041.75,1042.25,258
2026-01-14 05:00:00+00:00,1042.0,1042.5,1040.5,1040.75,840
2026-01-14 06:00:00+00:00,1040.5,1042.0,1040.25,1041.5,648
2026-01-14 07:00:00+00:00,1041.5,1042.25,1039.75,1040.0,1831
2026-01-14 08:00:00+00:00,1040.0,1043.0,1040.0,1042.5,1455
2026-01-14 09:00:00+00:00,1042.25,1043.75,1042.0,1043.75,1494
2026-01-14 10:00:00+00:00,1043.25,1044.25,1043.0,1043.75,985
2026-01-14 11:00:00+00:00,1043.75,1044.0,1043.0,1043.0,1220
2026-01-14 12:00:00+00:00,1043.25,1045.5,1043.0,1045.5,2755
2026-01-14 13:00:00+00:00,1045.25,1048.5,1045.0,1048.5,5961
2026-01-14 14:00:00+00:00,1047.75,1049.25,1043.75,1044.25,17498
2026-01-14 15:00:00+00:00,1044.25,1047.5,1043.0,1044.75,17777
2026-01-14 16:00:00+00:00,1044.75,1046.0,1043.5,1045.75,9872
2026-01-14 17:00:00+00:00,1045.75,1048.0,1044.5,1045.0,11212
2026-01-14 18:00:00+00:00,1045.0,1045.0,1041.0,1042.5,9693
2026-01-14 19:00:00+00:00,1042.5,1043.25,1040.5,1042.5,15324
2026-01-15 01:00:00+00:00,1043.5,1044.75,1042.75,1043.0,0
2026-01-15 02:00:00+00:00,1043.0,1043.5,1041.75,1043.0,1388
2026-01-15 03:00:00+00:00,1042.75,1043.25,1042.0,1042.5,322
2026-01-15 04:00:00+00:00,1042.5,1042.75,1041.75,1041.75,885
2026-01-15 05:00:00+00:00,1041.5,1042.75,1041.5,1042.5,512
2026-01-15 06:00:00+00:00,1042.75,1043.0,1042.0,1042.25,662
2026-01-15 07:00:00+00:00,1042.0,1043.25,1041.75,1042.5,762
2026-01-15 08:00:00+00:00,1042.5,1043.5,1042.25,1043.25,1082
2026-01-15 09:00:00+00:00,1043.25,1044.5,1042.75,1044.0,900
2026-01-15 10:00:00+00:00,1043.75,1045.75,1043.5,1045.0,1652
2026-01-15 11:00:00+00:00,1045.0,1046.0,1044.75,1045.0,761
2026-01-15 12:00:00+00:00,1044.75,1045.5,1042.5,1043.0,2254
2026-01-15 13:00:00+00:00,1043.0,1044.25,1042.5,1043.5,2299
2026-01-15 14:00:00+00:00,1044.5,1057.0,1044.5,1057.0,35772
2026-01-15 15:00:00+00:00,1057.0,1058.25,1051.75,1056.0,25830
2026-01-15 16:00:00+00:00,1056.0,1056.5,1052.5,1054.75,12866
2026-01-15 17:00:00+00:00,1055.0,1056.25,1052.75,1056.25,13231
2026-01-15 18:00:00+00:00,1056.5,1056.75,1053.0,1053.5,14428
2026-01-15 19:00:00+00:00,1053.5,1053.75,1051.75,1052.5,11911
2026-01-16 01:00:00+00:00,1053.0,1056.25,1051.75,1055.0,0
2026-01-16 02:00:00+00:00,1055.0,1055.0,1052.5,1053.75,2758
2026-01-16 03:00:00+00:00,1053.5,1055.0,1053.5,1054.0,284
2026-01-16 04:00:00+00:00,1054.25,1054.25,1053.75,1053.75,122
2026-01-16 05:00:00+00:00,1054.0,1054.25,1053.0,1053.0,325
2026-01-16 06:00:00+00:00,1053.25,1053.5,1051.75,1052.75,2409
2026-01-16 07:00:00+00:00,1052.5,1053.0,1052.25,1052.25,354
2026-01-16 08:00:00+00:00,1052.25,1055.5,1052.0,1055.25,2066
2026-01-16 09:00:00+00:00,1055.25,1056.25,1054.75,1055.5,1031
2026-01-16 10:00:00+00:00,1055.75,1056.5,1055.0,1056.25,1578
2026-01-16 11:00:00+00:00,1056.25,1056.5,1055.25,1055.75,932
2026-01-16 12:00:00+00:00,1055.75,1056.25,1053.75,1053.75,1944
2026-01-16 13:00:00+00:00,1053.75,1053.75,1051.75,1052.0,4208
2026-01-16 14:00:00+00:00,1051.5,1052.5,1047.75,1050.0,21512
2026-01-16 15:00:00+00:00,1049.75,1053.5,1049.0,1051.25,15505
2026-01-16 16:00:00+00:00,1051.5,1055.0,1051.5,1054.25,10499
2026-01-16 17:00:00+00:00,1054.25,1056.75,1054.25,1055.75,7290
2026-01-16 18:00:00+00:00,1055.5,1059.0,1055.25,1057.5,11625
2026-01-16 19:00:00+00:00,1057.5,1058.0,1056.0,1056.25,8905
2026-01-20 05:00:00+00:00,1081.25,1081.5,1081.25,1081.5,4
2026-01-20 06:00:00+00:00,1080.5,1080.5,1078.5,1078.5,3
2026-01-20 07:00:00+00:00,1078.0,1078.0,1078.0,1078.0,1
2026-01-20 08:00:00+00:00,1078.0,1078.0,1053.75,1054.0,13770
2026-01-20 09:00:00+00:00,1054.0,1055.25,1053.0,1054.0,1343
2026-01-20 10:00:00+00:00,1054.0,1054.75,1053.5,1054.5,601
2026-01-20 11:00:00+00:00,1054.5,1056.25,1054.25,1056.25,953
2026-01-20 12:00:00+00:00,1056.0,1057.25,1055.5,1057.0,1540
2026-01-20 13:00:00+00:00,1057.0,1059.25,1055.0,1056.25,4996
2026-01-20 14:00:00+00:00,1056.0,1059.5,1054.0,1057.5,12803
2026-01-20 15:00:00+00:00,1057.25,1057.75,1052.75,1056.25,18679
2026-01-20 16:00:00+00:00,1056.0,1060.0,1055.5,1060.0,7560
2026-01-20 17:00:00+00:00,1060.0,1061.75,1057.5,1058.75,12734
2026-01-20 18:00:00+00:00,1059.0,1059.0,1053.5,1053.75,10749
2026-01-20 19:00:00+00:00,1054.0,1054.0,1052.0,1053.0,9448
2026-01-21 01:00:00+00:00,1053.25,1057.25,1053.0,1055.5,0
2026-01-21 02:00:00+00:00,1055.75,1056.75,1055.25,1056.5,1290
2026-01-21 03:00:00+00:00,1056.5,1057.5,1056.25,1056.75,845
2026-01-21 04:00:00+00:00,1057.0,1057.5,1056.25,1057.25,828
2026-01-21 05:00:00+00:00,1057.25,1058.75,1057.0,1058.5,958
2026-01-21 06:00:00+00:00,1058.25,1060.0,1058.25,1058.25,1855
2026-01-21 07:00:00+00:00,1058.5,1059.5,1058.0,1058.5,2532
2026-01-21 08:00:00+00:00,1058.25,1060.5,1058.0,1060.5,1657
2026-01-21 09:00:00+00:00,1060.5,1062.5,1060.0,1061.5,2227
2026-01-21 10:00:00+00:00,1061.75,1063.5,1060.75,1063.5,2200
2026-01-21 11:00:00+00:00,1063.5,1064.0,1062.5,1063.0,2588
2026-01-21 12:00:00+00:00,1063.0,1064.5,1063.0,1063.5,3733
2026-01-21 13:00:00+00:00,1063.25,1065.25,1063.25,1063.75,5279
2026-01-21 14:00:00+00:00,1063.5,1066.75,1062.75,1064.0,20970
2026-01-21 15:00:00+00:00,1064.25,1065.75,1061.5,1065.75,15320
2026-01-21 16:00:00+00:00,1065.75,1069.25,1064.75,1066.75,18465
2026-01-21 17:00:00+00:00,1066.75,1067.5,1064.0,1066.0,10737
2026-01-21 18:00:00+00:00,1065.75,1066.5,1065.0,1066.0,9067
2026-01-21 19:00:00+00:00,1066.0,1066.0,1064.0,1065.0,9493
2026-01-22 01:00:00+00:00,1064.5,1068.25,1064.25,1066.75,0
2026-01-22 02:00:00+00:00,1066.5,1068.5,1066.5,1067.0,2952
2026-01-22 03:00:00+00:00,1066.75,1067.0,1065.75,1066.75,1502
2026-01-22 04:00:00+00:00,1067.0,1067.0,1066.25,1066.5,66
2026-01-22 05:00:00+00:00,1066.25,1067.25,1063.25,1066.5,2685
2026-01-22 06:00:00+00:00,1066.5,1067.0,1065.0,1066.25,1276
2026-01-22 07:00:00+00:00,1066.5,1067.5,1066.25,1066.25,684
2026-01-22 08:00:00+00:00,1066.25,1068.0,1066.25,1067.25,656
2026-01-22 09:00:00+00:00,1067.5,1068.25,1066.5,1067.5,1124
2026-01-22 10:00:00+00:00,1067.5,1067.5,1066.25,1066.5,654
2026-01-22 11:00:00+00:00,1066.75,1068.25,1065.25,1068.0,852
2026-01-22 12:00:00+00:00,1068.0,1070.0,1068.0,1068.25,3190
2026-01-22 13:00:00+00:00,1068.0,1069.5,1067.25,1069.25,2405
2026-01-22 14:00:00+00:00,1068.75,1072.5,1067.0,1067.5,32858
2026-01-22 15:00:00+00:00,1067.75,1068.25,1064.0,1066.25,18849
2026-01-22 16:00:00+00:00,1066.25,1067.0,1062.0,1063.25,12847
2026-01-22 17:00:00+00:00,1063.25,1064.25,1061.75,1062.0,11154
2026-01-22 18:00:00+00:00,1062.0,1064.0,1060.5,1063.25,11267
2026-01-22 19:00:00+00:00,1063.25,1064.5,1063.25,1064.0,9264
2026-01-23 01:00:00+00:00,1063.5,1065.75,1062.25,1065.25,0
2026-01-23 02:00:00+00:00,1065.0,1065.0,1062.25,1062.5,2493
2026-01-23 03:00:00+00:00,1062.75,1062.75,1061.75,1062.25,350
2026-01-23 04:00:00+00:00,1062.0,1062.5,1062.0,1062.25,63
2026-01-23 05:00:00+00:00,1062.0,1063.0,1061.75,1062.5,440
2026-01-23 06:00:00+00:00,1062.25,1064.0,1061.75,1062.25,1288
2026-01-23 07:00:00+00:00,1061.75,1062.0,1061.5,1061.75,323
2026-01-23 08:00:00+00:00,1061.5,1064.25,1061.25,1063.75,908
2026-01-23 09:00:00+00:00,1063.75,1065.5,1063.5,1065.25,923
2026-01-23 10:00:00+00:00,1065.25,1066.25,1064.75,1066.25,413
2026-01-23 11:00:00+00:00,1066.25,1067.75,1066.0,1067.25,1225
2026-01-23 12:00:00+00:00,1067.0,1068.25,1066.75,1067.75,1931
2026-01-23 13:00:00+00:00,1067.5,1068.5,1066.25,1068.0,2155
2026-01-23 14:00:00+00:00,1068.75,1070.5,1067.75,1068.5,15196
2026-01-23 15:00:00+00:00,1068.5,1071.5,1067.75,1069.5,12277
2026-01-23 16:00:00+00:00,1069.75,1070.25,1067.25,1069.75,12468
2026-01-23 17:00:00+00:00,1069.75,1070.5,1068.5,1069.75,7451
2026-01-23 18:00:00+00:00,1069.75,1069.75,1066.0,1067.25,12696
2026-01-23 19:00:00+00:00,1067.25,1068.25,1067.0,1067.5,7537
2026-01-26 01:00:00+00:00,1067.75,1073.75,1067.5,1073.5,3783
2026-01-26 02:00:00+00:00,1073.5,1075.0,1073.5,1074.25,2137
2026-01-26 03:00:00+00:00,1074.0,1074.25,1073.75,1074.0,237
2026-01-26 04:00:00+00:00,1073.75,1074.25,1073.5,1074.25,356
2026-01-26 05:00:00+00:00,1074.25,1074.5,1073.75,1074.0,338
2026-01-26 06:00:00+00:00,1073.75,1076.25,1073.5,1074.5,2259
2026-01-26 07:00:00+00:00,1074.5,1075.5,1073.75,1074.75,980
2026-01-26 08:00:00+00:00,1074.75,1075.75,1072.5,1073.0,1673
2026-01-26 09:00:00+00:00,1073.0,1073.25,1071.75,1072.5,1248
2026-01-26 10:00:00+00:00,1072.25,1072.75,1071.25,1071.75,1589
2026-01-26 11:00:00+00:00,1071.75,1073.0,1071.25,1072.25,533
2026-01-26 12:00:00+00:00,1072.5,1072.5,1069.25,1069.75,2536
2026-01-26 13:00:00+00:00,1070.0,1070.25,1066.25,1067.0,4858
2026-01-26 14:00:00+00:00,1067.5,1070.0,1064.5,1068.5,16496
2026-01-26 15:00:00+00:00,1068.25,1069.25,1063.25,1063.5,13608
2026-01-26 16:00:00+00:00,1063.75,1065.0,1060.5,1063.25,12561
2026-01-26 17:00:00+00:00,1063.25,1063.75,1061.75,1063.0,4682
2026-01-26 18:00:00+00:00,1063.0,1063.5,1061.0,1061.5,7041
2026-01-26 19:00:00+00:00,1061.25,1062.0,1059.75,1060.0,9967
2026-01-27 01:00:00+00:00,1060.25,1062.25,1058.5,1058.5,0
2026-01-27 02:00:00+00:00,1058.5,1061.5,1058.5,1061.5,1833
2026-01-27 03:00:00+00:00,1061.25,1061.25,1060.0,1060.75,537
2026-01-27 04:00:00+00:00,1060.5,1061.0,1060.0,1060.5,208
2026-01-27 05:00:00+00:00,1060.5,1062.25,1060.5,1062.25,841
2026-01-27 06:00:00+00:00,1062.25,1063.5,1062.0,1063.0,2709
2026-01-27 07:00:00+00:00,1063.0,1063.25,1062.0,1062.5,726
2026-01-27 08:00:00+00:00,1062.5,1062.5,1060.75,1061.5,759
2026-01-27 09:00:00+00:00,1061.5,1063.75,1061.25,1063.5,1450
2026-01-27 10:00:00+00:00,1063.5,1064.25,1063.25,1063.75,1416
2026-01-27 11:00:00+00:00,1064.0,1064.0,1063.0,1063.5,364
2026-01-27 12:00:00+00:00,1063.25,1064.25,1062.5,1063.75,1402
2026-01-27 13:00:00+00:00,1064.0,1067.75,1064.0,1067.5,3699
2026-01-27 14:00:00+00:00,1067.25,1067.75,1064.75,1066.0,10576
2026-01-27 15:00:00+00:00,1066.25,1069.5,1065.0,1068.5,12317
2026-01-27 16:00:00+00:00,1068.5,1069.0,1067.25,1067.75,7488
2026-01-27 17:00:00+00:00,1067.75,1068.25,1067.0,1067.5,5375
2026-01-27 18:00:00+00:00,1067.5,1068.25,1066.5,1066.75,4779
2026-01-27 19:00:00+00:00,1066.75,1068.0,1066.0,1067.5,0
2026-01-28 01:00:00+00:00,1067.25,1071.25,1067.0,1071.0,4390
2026-01-28 02:00:00+00:00,1071.25,1074.0,1070.75,1072.5,3775
2026-01-28 03:00:00+00:00,1072.75,1073.25,1072.25,1072.75,578
2026-01-28 04:00:00+00:00,1072.75,1073.5,1072.75,1073.5,203
2026-01-28 05:00:00+00:00,1073.75,1074.75,1073.5,1074.25,1669
2026-01-28 06:00:00+00:00,1074.25,1075.0,1074.0,1075.0,803
2026-01-28 07:00:00+00:00,1074.75,1075.0,1073.0,1073.25,916
2026-01-28 08:00:00+00:00,1073.5,1075.25,1073.5,1074.25,2551
2026-01-28 09:00:00+00:00,1074.0,1077.0,1073.5,1075.75,3170
2026-01-28 10:00:00+00:00,1076.0,1077.25,1075.5,1077.25,2079
2026-01-28 11:00:00+00:00,1077.25,1078.75,1076.5,1077.25,3351
2026-01-28 12:00:00+00:00,1077.5,1078.0,1076.25,1077.25,2326
2026-01-28 13:00:00+00:00,1077.25,1079.0,1076.75,1078.5,4109
2026-01-28 14:00:00+00:00,1077.25,1084.75,1077.25,1080.5,30947
2026-01-28 15:00:00+00:00,1080.5,1082.5,1074.25,1075.0,30438
2026-01-28 16:00:00+00:00,1075.25,1079.25,1074.5,1078.0,13046
2026-01-28 17:00:00+00:00,1078.25,1078.5,1075.25,1076.0,9532
2026-01-28 18:00:00+00:00,1076.25,1076.5,1072.5,1075.0,9539
2026-01-28 19:00:00+00:00,1075.0,1075.5,1073.75,1074.75,8025
2026-01-29 01:00:00+00:00,1075.0,1078.75,1075.0,1077.75,0
2026-01-29 02:00:00+00:00,1077.5,1077.5,1075.0,1076.25,2621
2026-01-29 03:00:00+00:00,1076.25,1077.75,1076.0,1077.75,559
2026-01-29 04:00:00+00:00,1077.5,1078.0,1077.25,1078.0,321
2026-01-29 05:00:00+00:00,1078.0,1078.5,1076.75,1078.0,705
2026-01-29 06:00:00+00:00,1078.0,1081.5,1077.75,1081.0,3456
2026-01-29 07:00:00+00:00,1081.0,1081.5,1080.0,1080.5,1151
2026-01-29 08:00:00+00:00,1080.5,1081.25,1080.0,1080.5,910
2026-01-29 09:00:00+00:00,1080.5,1081.5,1079.5,1081.25,1236
2026-01-29 10:00:00+00:00,1081.25,1082.0,1080.75,1081.5,423
2026-01-29 11:00:00+00:00,1081.5,1082.0,1079.75,1080.0,999
2026-01-29 12:00:00+00:00,1080.0,1083.0,1079.5,1082.5,2537
2026-01-29 13:00:00+00:00,1082.25,1083.75,1078.0,1080.5,5925
2026-01-29 14:00:00+00:00,1080.5,1085.5,1079.0,1081.0,31457
2026-01-29 15:00:00+00:00,1081.0,1081.25,1069.75,1071.5,31131
2026-01-29 16:00:00+00:00,1071.5,1075.5,1070.75,1071.75,10920
2026-01-29 17:00:00+00:00,1072.0,1075.0,1070.75,1072.25,8142
2026-01-29 18:00:00+00:00,1072.0,1072.25,1069.0,1071.25,12883
2026-01-29 19:00:00+00:00,1071.25,1072.75,1070.25,1072.0,0
2026-01-30 01:00:00+00:00,1072.5,1074.0,1067.75,1068.5,6696
2026-01-30 02:00:00+00:00,1068.5,1068.75,1065.0,1066.5,3961
2026-01-30 03:00:00+00:00,1066.75,1067.0,1065.5,1066.25,3441
2026-01-30 04:00:00+00:00,1066.25,1067.0,1066.0,1066.75,547
2026-01-30 05:00:00+00:00,1067.0,1069.0,1066.75,1068.5,1172
2026-01-30 06:00:00+00:00,1068.5,1069.75,1066.0,1067.0,1691
2026-01-30 07:00:00+00:00,1067.0,1067.5,1066.0,1066.0,792
2026-01-30 08:00:00+00:00,1065.75,1066.25,1065.0,1065.25,1196
2026-01-30 09:00:00+00:00,1065.5,1066.0,1062.75,1063.75,2695
2026-01-30 10:00:00+00:00,1063.75,1066.0,1063.75,1065.25,1218
2026-01-30 11:00:00+00:00,1065.5,1067.75,1065.0,1066.5,2062
2026-01-30 12:00:00+00:00,1066.75,1067.25,1065.25,1066.5,2169
2026-01-30 13:00:00+00:00,1066.25,1067.0,1064.5,1066.0,2681
2026-01-30 14:00:00+00:00,1066.0,1070.25,1065.5,1068.75,15169
2026-01-30 15:00:00+00:00,1069.0,1071.0,1066.25,1069.75,6565
2026-02-02 18:00:00+00:00,1059.0,1059.75,1058.75,1059.5,36349
2026-02-02 19:00:00+00:00,1059.25,1060.75,1059.0,1060.0,8674
2026-02-03 01:00:00+00:00,1060.5,1066.25,1060.0,1063.75,0
2026-02-03 02:00:00+00:00,1063.75,1063.75,1060.75,1061.5,2631
2026-02-03 03:00:00+00:00,1061.75,1062.5,1061.25,1062.5,680
2026-02-03 04:00:00+00:00,1062.5,1063.0,1062.5,1062.75,216
2026-02-03 05:00:00+00:00,1063.0,1063.25,1062.0,1062.5,494
2026-02-03 06:00:00+00:00,1062.25,1063.5,1060.5,1060.75,2143
2026-02-03 07:00:00+00:00,1060.5,1062.5,1060.5,1061.75,784
2026-02-03 08:00:00+00:00,1062.0,1064.0,1061.75,1062.75,1379
2026-02-03 09:00:00+00:00,1062.5,1065.75,1062.0,1065.0,3136
2026-02-03 10:00:00+00:00,1065.25,1067.25,1065.25,1067.0,2403
2026-02-03 11:00:00+00:00,1066.75,1067.5,1066.25,1067.25,1451
2026-02-03 12:00:00+00:00,1067.25,1070.5,1067.25,1069.5,5003
2026-02-03 13:00:00+00:00,1069.75,1070.5,1068.0,1068.5,4079
2026-02-03 14:00:00+00:00,1068.25,1071.0,1066.75,1068.0,14773
2026-02-03 15:00:00+00:00,1068.25,1069.5,1065.5,1068.5,13571
2026-02-03 16:00:00+00:00,1068.5,1068.75,1065.0,1066.25,9233
2026-02-03 17:00:00+00:00,1066.0,1069.25,1064.75,1067.75,7066
2026-02-03 18:00:00+00:00,1067.75,1068.25,1064.0,1064.75,13003
2026-02-03 19:00:00+00:00,1065.0,1067.0,1062.75,1066.75,14255
2026-02-04 01:00:00+00:00,1066.75,1069.0,1066.0,1067.25,0
2026-02-04 02:00:00+00:00,1067.25,1068.25,1065.0,1065.25,1253
2026-02-04 03:00:00+00:00,1065.25,1065.5,1064.5,1065.0,498
2026-02-04 04:00:00+00:00,1065.0,1065.5,1064.75,1065.0,239
2026-02-04 05:00:00+00:00,1064.75,1065.0,1064.25,1064.5,186
2026-02-04 06:00:00+00:00,1064.5,1065.0,1064.25,1064.5,467
2026-02-04 07:00:00+00:00,1064.5,1065.5,1064.25,1064.5,931
2026-02-04 08:00:00+00:00,1064.25,1064.5,1062.25,1062.5,1409
2026-02-04 09:00:00+00:00,1062.5,1062.5,1061.25,1061.5,3770
2026-02-04 10:00:00+00:00,1061.75,1063.5,1061.0,1063.25,1482
2026-02-04 11:00:00+00:00,1063.5,1063.5,1062.0,1063.0,611
2026-02-04 12:00:00+00:00,1063.0,1063.25,1061.5,1062.25,2632
2026-02-04 13:00:00+00:00,1062.5,1064.5,1061.75,1063.0,4757
2026-02-04 14:00:00+00:00,1063.0,1067.0,1062.25,1063.5,24369
2026-02-04 15:00:00+00:00,1063.25,1095.5,1059.5,1091.5,130120
2026-02-04 16:00:00+00:00,1091.75,1115.25,1090.0,1091.0,111928
2026-02-04 17:00:00+00:00,1091.0,1097.75,1090.25,1090.75,29402
2026-02-04 18:00:00+00:00,1091.0,1094.0,1088.0,1092.0,22651
2026-02-04 19:00:00+00:00,1092.25,1093.25,1090.75,1092.0,15554
2026-02-05 01:00:00+00:00,1090.25,1098.5,1089.0,1090.75,0
2026-02-05 02:00:00+00:00,1090.5,1090.5,1086.75,1087.75,4366
2026-02-05 03:00:00+00:00,1087.75,1099.5,1087.25,1098.5,7080
2026-02-05 04:00:00+00:00,1098.25,1102.25,1098.25,1100.75,4384
2026-02-05 05:00:00+00:00,1099.75,1101.25,1099.25,1100.0,3060
2026-02-05 06:00:00+00:00,1100.0,1100.5,1096.0,1098.0,3886
2026-02-05 07:00:00+00:00,1097.75,1101.0,1097.75,1100.25,2098
2026-02-05 08:00:00+00:00,1100.5,1102.25,1097.5,1101.5,4396
2026-02-05 09:00:00+00:00,1101.5,1105.25,1100.75,1103.75,3751
2026-02-05 10:00:00+00:00,1104.0,1105.0,1101.25,1102.75,3803
2026-02-05 11:00:00+00:00,1102.5,1105.25,1101.75,1103.75,3336
2026-02-05 12:00:00+00:00,1103.5,1106.0,1100.25,1101.0,5508
2026-02-05 13:00:00+00:00,1100.75,1103.0,1099.25,1102.5,8962
2026-02-05 14:00:00+00:00,1100.5,1109.0,1098.5,1107.0,48536
2026-02-05 15:00:00+00:00,1107.0,1110.5,1105.25,1106.75,41906
2026-02-05 16:00:00+00:00,1106.75,1111.75,1106.0,1109.0,27772
2026-02-05 17:00:00+00:00,1109.25,1111.25,1107.5,1109.25,11991
2026-02-05 18:00:00+00:00,1109.25,1113.25,1109.25,1111.75,18821
2026-02-05 19:00:00+00:00,1111.75,1113.0,1110.5,1110.75,16379
2026-02-06 01:00:00+00:00,1108.5,1109.0,1102.0,1106.75,0
2026-02-06 02:00:00+00:00,1106.5,1109.25,1106.0,1107.75,2090
2026-02-06 03:00:00+00:00,1107.75,1108.25,1106.75,1107.5,3222
2026-02-06 04:00:00+00:00,1107.25,1107.5,1106.25,1106.25,366
2026-02-06 05:00:00+00:00,1106.25,1108.5,1106.25,1107.5,883
2026-02-06 06:00:00+00:00,1107.75,1108.0,1103.25,1103.75,1891
2026-02-06 07:00:00+00:00,1103.75,1105.75,1103.75,1104.75,2448
2026-02-06 08:00:00+00:00,1104.75,1106.25,1104.0,1105.75,1076
2026-02-06 09:00:00+00:00,1105.5,1110.0,1104.75,1109.5,4186
2026-02-06 10:00:00+00:00,1109.25,1113.0,1108.75,1113.0,4530
2026-02-06 11:00:00+00:00,1113.0,1116.5,1112.25,1115.5,5525
2026-02-06 12:00:00+00:00,1115.25,1117.25,1114.75,1116.25,6343
2026-02-06 13:00:00+00:00,1116.25,1120.0,1115.0,1118.0,15171
2026-02-06 14:00:00+00:00,1118.25,1131.0,1118.0,1123.5,57524
2026-02-06 15:00:00+00:00,1123.25,1137.0,1121.75,1135.5,66551
2026-02-06 16:00:00+00:00,1134.75,1136.0,1124.5,1126.0,44448
2026-02-06 17:00:00+00:00,1125.75,1126.0,1113.0,1113.5,35020
2026-02-06 18:00:00+00:00,1112.5,1116.0,1110.5,1112.75,23070
2026-02-06 19:00:00+00:00,1112.75,1115.75,1111.75,1114.75,20229
2026-02-09 01:00:00+00:00,1112.25,1112.75,1108.0,1110.25,8489
2026-02-09 02:00:00+00:00,1110.25,1112.5,1109.75,1110.75,1065
2026-02-09 03:00:00+00:00,1110.5,1112.0,1110.25,1111.0,468
2026-02-09 04:00:00+00:00,1111.0,1111.5,1110.5,1111.25,179
2026-02-09 05:00:00+00:00,1111.25,1112.0,1111.0,1111.0,515
2026-02-09 06:00:00+00:00,1110.75,1110.75,1108.75,1109.75,1744
2026-02-09 07:00:00+00:00,1109.75,1110.75,1109.5,1110.25,986
2026-02-09 08:00:00+00:00,1110.25,1113.5,1109.75,1112.5,3390
2026-02-09 09:00:00+00:00,1112.75,1113.25,1107.25,1108.25,4249
2026-02-09 10:00:00+00:00,1108.0,1110.75,1107.0,1110.0,1416
2026-02-09 11:00:00+00:00,1110.25,1111.25,1109.5,1110.5,1653
2026-02-09 12:00:00+00:00,1110.75,1114.75,1110.75,1113.25,4412
2026-02-09 13:00:00+00:00,1113.5,1115.75,1112.25,1114.5,6416
2026-02-09 14:00:00+00:00,1114.5,1116.25,1110.25,1114.25,33063
2026-02-09 15:00:00+00:00,1114.0,1114.75,1108.0,1109.25,20585
2026-02-09 16:00:00+00:00,1109.25,1112.25,1107.75,1109.0,15734
2026-02-09 17:00:00+00:00,1109.0,1109.0,1106.5,1107.0,13720
2026-02-09 18:00:00+00:00,1107.0,1111.0,1106.0,1111.0,16807
2026-02-09 19:00:00+00:00,1110.75,1111.75,1109.75,1109.75,14632
2026-02-10 01:00:00+00:00,1110.0,1111.75,1108.5,1111.5,0
2026-02-10 02:00:00+00:00,1111.75,1113.5,1111.75,1112.25,1185
2026-02-10 03:00:00+00:00,1112.25,1112.5,1110.5,1111.5,1066
2026-02-10 04:00:00+00:00,1111.75,1112.0,1111.25,1112.0,236
2026-02-10 05:00:00+00:00,1112.0,1112.5,1111.75,1111.75,310
2026-02-10 06:00:00+00:00,1111.75,1111.75,1109.75,1110.25,2867
2026-02-10 07:00:00+00:00,1110.25,1110.25,1109.25,1110.25,517
2026-02-10 08:00:00+00:00,1110.0,1110.75,1109.0,1109.75,1865
2026-02-10 09:00:00+00:00,1110.0,1110.0,1106.25,1107.0,1695
2026-02-10 10:00:00+00:00,1107.0,1109.0,1106.75,1108.75,1531
2026-02-10 11:00:00+00:00,1109.0,1114.75,1109.0,1113.25,2292
2026-02-10 12:00:00+00:00,1113.25,1115.0,1112.5,1114.25,2606
2026-02-10 13:00:00+00:00,1114.25,1117.25,1114.0,1114.75,5162
2026-02-10 14:00:00+00:00,1113.75,1118.0,1113.25,1117.25,15218
2026-02-10 15:00:00+00:00,1117.25,1123.5,1117.25,1121.75,28783
2026-02-10 16:00:00+00:00,1122.0,1124.0,1119.0,1119.25,14093
2026-02-10 17:00:00+00:00,1119.5,1123.0,1113.75,1119.5,27355
2026-02-10 18:00:00+00:00,1119.5,1123.0,1118.5,1119.0,14789
2026-02-10 19:00:00+00:00,1119.0,1123.75,1118.5,1123.25,0
2026-02-11 01:00:00+00:00,1122.5,1125.0,1120.5,1123.0,4707
2026-02-11 02:00:00+00:00,1123.0,1125.0,1123.0,1124.75,860
2026-02-11 03:00:00+00:00,1124.75,1124.75,1121.75,1122.75,1091
2026-02-11 04:00:00+00:00,1122.75,1123.25,1121.75,1122.25,1182
2026-02-11 05:00:00+00:00,1122.5,1123.0,1122.25,1123.0,171
2026-02-11 06:00:00+00:00,1123.0,1124.5,1121.5,1121.75,1318
2026-02-11 07:00:00+00:00,1121.75,1122.75,1120.75,1121.5,862
2026-02-11 08:00:00+00:00,1121.5,1122.5,1120.75,1121.75,773
2026-02-11 09:00:00+00:00,1121.75,1122.0,1117.75,1118.0,3713
2026-02-11 10:00:00+00:00,1118.0,1119.5,1117.25,1119.0,1427
2026-02-11 11:00:00+00:00,1118.75,1120.25,1117.75,1118.5,1472
2026-02-11 12:00:00+00:00,1118.5,1122.25,1117.75,1121.75,7202
2026-02-11 13:00:00+00:00,1121.75,1122.25,1118.0,1120.0,4253
2026-02-11 14:00:00+00:00,1119.0,1121.25,1115.0,1116.25,26376
2026-02-11 15:00:00+00:00,1116.0,1119.0,1113.0,1115.75,18851
2026-02-11 16:00:00+00:00,1115.75,1118.75,1113.5,1118.25,10322
2026-02-11 17:00:00+00:00,1118.25,1124.0,1117.75,1123.5,14392
2026-02-11 18:00:00+00:00,1123.75,1128.25,1123.25,1124.5,22143
2026-02-11 19:00:00+00:00,1124.25,1125.0,1123.0,1123.5,16696
2026-02-12 01:00:00+00:00,1129.5,1141.0,1128.5,1133.5,0
2026-02-12 02:00:00+00:00,1133.75,1136.0,1133.25,1134.0,2508
2026-02-12 03:00:00+00:00,1134.0,1135.5,1133.75,1134.25,1944
2026-02-12 04:00:00+00:00,1134.5,1135.5,1134.5,1134.75,708
2026-02-12 05:00:00+00:00,1134.75,1136.75,1134.5,1136.5,927
2026-02-12 06:00:00+00:00,1136.5,1137.25,1132.0,1133.0,7181
2026-02-12 07:00:00+00:00,1133.0,1134.25,1131.25,1132.0,1446
2026-02-12 08:00:00+00:00,1132.25,1136.0,1132.25,1135.75,1489
2026-02-12 09:00:00+00:00,1135.75,1137.0,1135.0,1136.5,1032
2026-02-12 10:00:00+00:00,1136.25,1137.5,1134.75,1137.25,2622
2026-02-12 11:00:00+00:00,1137.5,1139.5,1136.5,1136.75,4320
2026-02-12 12:00:00+00:00,1136.75,1137.5,1134.0,1134.25,3655
2026-02-12 13:00:00+00:00,1134.25,1136.0,1134.0,1135.0,4875
2026-02-12 14:00:00+00:00,1134.75,1141.5,1134.25,1135.5,41673
2026-02-12 15:00:00+00:00,1135.5,1138.75,1134.75,1138.0,19967
2026-02-12 16:00:00+00:00,1138.0,1140.75,1134.75,1136.25,19267
2026-02-12 17:00:00+00:00,1136.5,1137.25,1131.25,1134.0,18794
2026-02-12 18:00:00+00:00,1134.0,1138.0,1133.5,1137.0,19324
2026-02-12 19:00:00+00:00,1136.75,1139.25,1136.25,1136.5,15293
2026-02-13 01:00:00+00:00,1136.0,1139.0,1134.75,1138.25,0
2026-02-13 02:00:00+00:00,1138.25,1139.0,1137.25,1139.0,1397
2026-02-13 03:00:00+00:00,1139.0,1139.5,1136.25,1136.75,1566
2026-02-13 04:00:00+00:00,1136.75,1137.5,1136.75,1137.25,97
2026-02-13 05:00:00+00:00,1137.25,1137.25,1134.5,1135.75,3147
2026-02-13 06:00:00+00:00,1135.75,1136.75,1134.0,1134.75,1111
2026-02-13 07:00:00+00:00,1134.5,1134.5,1131.5,1132.5,1885
2026-02-13 08:00:00+00:00,1132.75,1134.5,1132.5,1133.5,1325
2026-02-13 09:00:00+00:00,1133.5,1135.25,1131.0,1133.5,1506
2026-02-13 10:00:00+00:00,1133.5,1134.0,1132.25,1133.5,640
2026-02-13 11:00:00+00:00,1133.5,1133.5,1130.0,1131.5,1325
2026-02-13 12:00:00+00:00,1131.5,1133.25,1128.25,1129.25,3635
2026-02-13 13:00:00+00:00,1129.25,1131.75,1127.0,1129.75,4244
2026-02-13 14:00:00+00:00,1128.75,1132.5,1126.5,1127.25,15422
2026-02-13 15:00:00+00:00,1127.5,1131.25,1122.0,1127.5,33899
2026-02-13 16:00:00+00:00,1127.5,1131.75,1126.75,1131.25,14620
2026-02-13 17:00:00+00:00,1131.25,1133.0,1129.5,1133.0,6574
2026-02-13 18:00:00+00:00,1133.25,1135.75,1132.75,1135.5,21667
2026-02-13 19:00:00+00:00,1135.5,1135.75,1132.0,1134.75,13937
2026-02-17 05:00:00+00:00,1118.75,1118.75,1118.75,1118.75,2
2026-02-17 06:00:00+00:00,1119.5,1119.5,1119.5,1119.5,1
2026-02-17 08:00:00+00:00,1121.0,1145.25,1121.0,1144.75,7543
2026-02-17 09:00:00+00:00,1144.5,1146.75,1143.5,1146.0,2005
2026-02-17 10:00:00+00:00,1146.5,1147.5,1146.25,1147.25,716
2026-02-17 11:00:00+00:00,1147.25,1148.5,1146.75,1147.75,599
2026-02-17 12:00:00+00:00,1147.5,1148.25,1145.0,1146.0,1329
2026-02-17 13:00:00+00:00,1145.75,1146.0,1144.0,1145.25,2131
2026-02-17 14:00:00+00:00,1145.0,1151.75,1142.75,1151.0,18597
2026-02-17 15:00:00+00:00,1150.75,1151.75,1146.5,1148.5,23106
2026-02-17 16:00:00+00:00,1149.0,1153.25,1148.75,1153.0,20099
2026-02-17 17:00:00+00:00,1153.0,1153.75,1149.0,1149.5,11514
2026-02-17 18:00:00+00:00,1149.25,1150.0,1147.5,1148.5,9951
2026-02-17 19:00:00+00:00,1148.5,1150.0,1147.75,1150.0,10501
2026-02-18 01:00:00+00:00,1149.25,1157.5,1149.25,1155.25,0
2026-02-18 02:00:00+00:00,1155.25,1155.75,1154.75,1155.25,207
2026-02-18 03:00:00+00:00,1155.5,1156.25,1155.0,1155.25,276
2026-02-18 04:00:00+00:00,1155.25,1155.75,1155.25,1155.5,87
2026-02-18 05:00:00+00:00,1155.5,1155.5,1154.5,1155.25,133
2026-02-18 06:00:00+00:00,1155.25,1156.5,1155.0,1156.0,316
2026-02-18 07:00:00+00:00,1156.0,1156.5,1155.0,1155.25,1243
2026-02-18 08:00:00+00:00,1155.5,1157.25,1155.0,1155.25,1166
2026-02-18 09:00:00+00:00,1155.25,1158.5,1155.25,1158.0,2292
2026-02-18 10:00:00+00:00,1158.25,1158.75,1157.0,1157.5,943
2026-02-18 11:00:00+00:00,1157.5,1159.0,1157.25,1158.25,1348
2026-02-18 12:00:00+00:00,1158.25,1158.5,1155.25,1156.0,3247
2026-02-18 13:00:00+00:00,1155.75,1157.0,1153.5,1155.0,7318
2026-02-18 14:00:00+00:00,1154.75,1157.5,1151.0,1155.0,17312
2026-02-18 15:00:00+00:00,1155.25,1156.75,1150.0,1150.5,18053
2026-02-18 16:00:00+00:00,1150.75,1153.25,1148.25,1150.5,18263
2026-02-18 17:00:00+00:00,1150.5,1150.5,1143.25,1146.75,23803
2026-02-18 18:00:00+00:00,1146.75,1149.5,1146.75,1148.25,8718
2026-02-18 19:00:00+00:00,1148.0,1149.75,1147.75,1147.75,8179
2026-02-19 01:00:00+00:00,1148.0,1149.75,1144.75,1149.25,0
2026-02-19 02:00:00+00:00,1149.0,1149.25,1148.5,1149.25,226
2026-02-19 03:00:00+00:00,1149.25,1151.0,1149.25,1151.0,1084
2026-02-19 04:00:00+00:00,1151.0,1151.0,1149.5,1149.5,292
2026-02-19 05:00:00+00:00,1149.5,1150.0,1149.25,1150.0,125
2026-02-19 06:00:00+00:00,1149.75,1151.0,1149.75,1150.75,246
2026-02-19 07:00:00+00:00,1151.0,1151.0,1150.0,1150.5,218
2026-02-19 08:00:00+00:00,1150.5,1153.75,1150.0,1153.25,2162
2026-02-19 09:00:00+00:00,1153.5,1153.75,1150.5,1152.75,3424
2026-02-19 10:00:00+00:00,1152.75,1154.25,1151.75,1153.75,2062
2026-02-19 11:00:00+00:00,1153.5,1153.5,1150.0,1150.75,1150
2026-02-19 12:00:00+00:00,1150.75,1152.5,1148.5,1149.0,2052
2026-02-19 13:00:00+00:00,1149.25,1150.25,1147.25,1149.75,2181
2026-02-19 14:00:00+00:00,1149.0,1152.25,1146.5,1149.25,20062
2026-02-19 15:00:00+00:00,1149.25,1153.0,1148.0,1150.0,14970
2026-02-19 16:00:00+00:00,1150.0,1153.0,1148.75,1150.75,11913
2026-02-19 17:00:00+00:00,1151.0,1154.0,1150.25,1153.5,9669
2026-02-19 18:00:00+00:00,1153.5,1154.75,1152.25,1154.75,14839
2026-02-19 19:00:00+00:00,1154.75,1157.0,1154.0,1156.5,10900
2026-02-20 01:00:00+00:00,1155.0,1157.75,1153.0,1156.75,0
2026-02-20 02:00:00+00:00,1156.75,1157.25,1155.0,1156.25,320
2026-02-20 03:00:00+00:00,1156.0,1156.0,1154.25,1155.0,437
2026-02-20 04:00:00+00:00,1155.0,1155.0,1154.25,1154.75,172
2026-02-20 05:00:00+00:00,1154.75,1155.75,1154.75,1155.5,186
2026-02-20 06:00:00+00:00,1155.25,1155.75,1154.75,1155.25,130
2026-02-20 07:00:00+00:00,1155.0,1155.25,1153.0,1153.0,510
2026-02-20 08:00:00+00:00,1153.25,1154.25,1152.25,1152.25,670
2026-02-20 09:00:00+00:00,1152.25,1154.75,1152.0,1152.75,410
2026-02-20 10:00:00+00:00,1152.75,1153.75,1152.0,1153.5,283
2026-02-20 11:00:00+00:00,1153.25,1154.5,1152.75,1153.0,1095
2026-02-20 12:00:00+00:00,1152.75,1157.25,1152.0,1156.75,3775
2026-02-20 13:00:00+00:00,1157.0,1160.0,1155.0,1159.5,3905
2026-02-20 14:00:00+00:00,1159.0,1162.5,1158.25,1161.75,17430
2026-02-20 15:00:00+00:00,1161.75,1163.0,1136.5,1146.0,79431
2026-02-20 16:00:00+00:00,1146.0,1153.25,1145.75,1151.75,21525
2026-02-20 17:00:00+00:00,1152.0,1155.75,1150.5,1153.75,14077
2026-02-20 18:00:00+00:00,1153.75,1154.5,1146.75,1152.75,21194
2026-02-20 19:00:00+00:00,1152.75,1154.0,1151.75,1153.25,7766
2026-02-23 01:00:00+00:00,1149.5,1149.75,1145.25,1147.0,3674
2026-02-23 02:00:00+00:00,1147.0,1147.0,1145.0,1146.0,1808
2026-02-23 03:00:00+00:00,1145.75,1146.25,1143.5,1145.0,1377
2026-02-23 04:00:00+00:00,1145.0,1146.5,1145.0,1146.5,420
2026-02-23 05:00:00+00:00,1146.25,1146.75,1145.75,1146.25,399
2026-02-23 06:00:00+00:00,1146.5,1147.75,1146.5,1146.5,223
2026-02-23 07:00:00+00:00,1146.5,1147.0,1145.25,1146.0,1152
2026-02-23 08:00:00+00:00,1146.25,1150.0,1145.25,1147.5,1523
2026-02-23 09:00:00+00:00,1147.5,1149.0,1146.75,1146.75,1039
2026-02-23 10:00:00+00:00,1146.5,1147.75,1144.25,1145.25,3626
2026-02-23 11:00:00+00:00,1145.25,1146.5,1143.75,1144.25,2337
2026-02-23 12:00:00+00:00,1144.25,1144.75,1143.0,1144.25,1865
2026-02-23 13:00:00+00:00,1144.25,1148.25,1143.0,1147.0,3073
2026-02-23 14:00:00+00:00,1146.75,1157.75,1146.75,1157.5,46956
2026-02-23 15:00:00+00:00,1157.25,1162.0,1155.75,1159.5,27888
2026-02-23 16:00:00+00:00,1159.5,1165.0,1159.0,1163.75,16509
2026-02-23 17:00:00+00:00,1163.75,1163.75,1154.75,1155.25,15622
2026-02-23 18:00:00+00:00,1155.0,1155.5,1148.0,1148.75,16781
2026-02-23 19:00:00+00:00,1148.75,1150.75,1148.25,1150.25,16295
2026-02-24 01:00:00+00:00,1150.0,1152.5,1145.5,1147.0,0
2026-02-24 02:00:00+00:00,1147.25,1148.75,1147.25,1148.0,868
2026-02-24 03:00:00+00:00,1147.75,1147.75,1146.5,1147.0,378
2026-02-24 04:00:00+00:00,1147.25,1147.5,1146.25,1146.75,463
2026-02-24 05:00:00+00:00,1146.25,1146.25,1144.5,1146.0,1240
2026-02-24 06:00:00+00:00,1145.75,1146.5,1144.0,1144.75,1285
2026-02-24 07:00:00+00:00,1144.75,1145.25,1144.0,1144.75,1801
2026-02-24 08:00:00+00:00,1144.75,1148.75,1144.5,1145.5,4793
2026-02-24 09:00:00+00:00,1145.5,1145.75,1144.25,1144.75,1113
2026-02-24 10:00:00+00:00,1145.0,1145.25,1143.5,1145.25,2219
2026-02-24 11:00:00+00:00,1145.25,1147.25,1144.75,1145.0,1772
2026-02-24 12:00:00+00:00,1144.75,1145.75,1143.5,1144.5,1888
2026-02-24 13:00:00+00:00,1144.75,1147.25,1144.5,1147.0,6021
2026-02-24 14:00:00+00:00,1149.5,1156.0,1145.5,1154.75,40355
2026-02-24 15:00:00+00:00,1154.5,1157.75,1152.0,1157.0,29726
2026-02-24 16:00:00+00:00,1157.0,1157.25,1153.0,1156.0,16230
2026-02-24 17:00:00+00:00,1156.0,1156.75,1154.0,1155.25,10158
2026-02-24 18:00:00+00:00,1155.25,1156.5,1154.75,1155.5,10784
2026-02-24 19:00:00+00:00,1155.5,1156.0,1154.25,1154.5,11396
2026-02-25 01:00:00+00:00,1155.0,1164.5,1153.5,1161.75,0
2026-02-25 02:00:00+00:00,1161.75,1164.75,1161.5,1164.5,1428
2026-02-25 03:00:00+00:00,1164.5,1165.5,1163.75,1164.25,1423
2026-02-25 04:00:00+00:00,1164.25,1164.5,1163.0,1163.25,524
2026-02-25 05:00:00+00:00,1163.5,1165.0,1163.0,1164.25,1724
2026-02-25 06:00:00+00:00,1164.0,1164.5,1163.0,1163.5,1004
2026-02-25 07:00:00+00:00,1163.5,1164.0,1159.5,1159.75,1490
2026-02-25 08:00:00+00:00,1160.0,1161.25,1158.25,1160.75,1659
2026-02-25 09:00:00+00:00,1160.25,1161.5,1158.75,1159.25,910
2026-02-25 10:00:00+00:00,1159.0,1160.75,1158.5,1160.25,1584
2026-02-25 11:00:00+00:00,1160.25,1160.5,1157.5,1158.25,1156
2026-02-25 12:00:00+00:00,1158.0,1159.0,1157.0,1158.25,5596
2026-02-25 13:00:00+00:00,1158.5,1159.5,1156.25,1156.25,4084
2026-02-25 14:00:00+00:00,1156.0,1157.0,1148.25,1149.25,26370
2026-02-25 15:00:00+00:00,1149.25,1156.5,1149.25,1153.25,23689
2026-02-25 16:00:00+00:00,1153.5,1160.5,1152.75,1160.5,13319
2026-02-25 17:00:00+00:00,1160.5,1164.0,1160.25,1162.25,18566
2026-02-25 18:00:00+00:00,1162.5,1163.5,1161.0,1163.5,12946
2026-02-25 19:00:00+00:00,1163.75,1166.0,1163.5,1165.25,20390
2026-02-26 01:00:00+00:00,1164.5,1168.75,1163.25,1168.25,0
2026-02-26 02:00:00+00:00,1168.25,1168.75,1166.5,1167.5,1701
2026-02-26 03:00:00+00:00,1167.5,1168.0,1167.0,1167.5,2041
2026-02-26 04:00:00+00:00,1167.75,1168.75,1167.5,1168.0,1536
2026-02-26 05:00:00+00:00,1168.25,1169.75,1168.0,1169.25,1657
2026-02-26 06:00:00+00:00,1169.25,1169.25,1168.0,1168.75,402
2026-02-26 07:00:00+00:00,1168.75,1170.75,1168.75,1170.0,5526
2026-02-26 08:00:00+00:00,1170.25,1170.25,1169.0,1169.5,929
2026-02-26 09:00:00+00:00,1169.25,1169.5,1166.0,1166.5,2468
2026-02-26 10:00:00+00:00,1166.75,1168.5,1166.0,1167.75,4235
2026-02-26 11:00:00+00:00,1167.75,1168.25,1166.25,1166.25,1925
2026-02-26 12:00:00+00:00,1166.5,1172.5,1166.25,1170.75,6872
2026-02-26 13:00:00+00:00,1170.75,1172.5,1170.5,1170.75,8554
2026-02-26 14:00:00+00:00,1170.0,1172.75,1160.5,1162.0,24256
2026-02-26 15:00:00+00:00,1162.0,1165.5,1145.75,1154.5,53014
2026-02-26 16:00:00+00:00,1154.25,1161.5,1153.25,1161.0,17764
2026-02-26 17:00:00+00:00,1160.75,1161.75,1155.0,1157.75,11272
2026-02-26 18:00:00+00:00,1158.0,1161.0,1156.25,1161.0,11024
2026-02-26 19:00:00+00:00,1161.25,1164.5,1161.0,1163.0,13479
2026-02-27 01:00:00+00:00,1162.75,1165.25,1160.75,1164.5,0
2026-02-27 02:00:00+00:00,1164.5,1166.25,1163.75,1165.5,1986
2026-02-27 03:00:00+00:00,1165.75,1166.25,1163.5,1164.75,535
2026-02-27 04:00:00+00:00,1164.75,1166.0,1164.75,1165.5,297
2026-02-27 05:00:00+00:00,1165.5,1166.25,1165.25,1166.25,345
2026-02-27 06:00:00+00:00,1166.0,1166.75,1166.0,1166.5,463
2026-02-27 07:00:00+00:00,1166.25,1166.75,1165.0,1166.0,625
2026-02-27 08:00:00+00:00,1166.0,1168.25,1165.75,1167.25,1563
2026-02-27 09:00:00+00:00,1167.5,1167.75,1166.0,1166.75,1433
2026-02-27 10:00:00+00:00,1167.0,1167.75,1166.0,1167.5,636
2026-02-27 11:00:00+00:00,1167.5,1168.75,1167.5,1168.0,1694
2026-02-27 12:00:00+00:00,1167.75,1168.75,1167.25,1167.75,4642
2026-02-27 13:00:00+00:00,1167.75,1169.75,1167.25,1169.25,4203
2026-02-27 14:00:00+00:00,1168.25,1170.25,1164.25,1164.5,12180
2026-02-27 15:00:00+00:00,1164.5,1167.75,1160.5,1161.0,14035
2026-02-27 16:00:00+00:00,1161.0,1164.25,1160.5,1163.75,8730
2026-02-27 17:00:00+00:00,1163.75,1168.25,1163.5,1167.75,11588
2026-02-27 18:00:00+00:00,1168.0,1174.25,1167.75,1173.25,18901
2026-02-27 19:00:00+00:00,1173.5,1175.0,1169.25,1170.0,17576
2026-03-02 01:00:00+00:00,1178.5,1185.0,1168.75,1169.5,11998
2026-03-02 02:00:00+00:00,1169.5,1170.75,1166.0,1168.75,2571
2026-03-02 03:00:00+00:00,1168.75,1171.25,1168.75,1169.75,444
2026-03-02 04:00:00+00:00,1169.5,1170.75,1169.25,1170.25,219
2026-03-02 05:00:00+00:00,1170.0,1170.75,1169.0,1170.0,323
2026-03-02 06:00:00+00:00,1169.75,1171.25,1168.75,1170.25,665
2026-03-02 07:00:00+00:00,1170.25,1172.5,1170.0,1171.5,1308
2026-03-02 08:00:00+00:00,1171.5,1172.0,1169.5,1169.75,2063
2026-03-02 09:00:00+00:00,1169.5,1174.0,1167.75,1174.0,3266
2026-03-02 10:00:00+00:00,1174.0,1174.25,1171.0,1171.75,3444
2026-03-02 11:00:00+00:00,1172.0,1172.0,1167.0,1168.75,2832
2026-03-02 12:00:00+00:00,1168.5,1168.75,1164.0,1164.5,8099
2026-03-02 13:00:00+00:00,1164.5,1165.75,1164.0,1165.25,5515
2026-03-02 14:00:00+00:00,1165.25,1166.5,1157.5,1160.75,22569
2026-03-02 15:00:00+00:00,1160.5,1167.0,1160.5,1165.25,15528
2026-03-02 16:00:00+00:00,1165.25,1165.75,1159.0,1162.75,14478
2026-03-02 17:00:00+00:00,1163.0,1163.5,1160.0,1162.75,8592
2026-03-02 18:00:00+00:00,1163.0,1165.75,1161.75,1164.25,10255
2026-03-02 19:00:00+00:00,1164.0,1164.5,1161.5,1161.75,10826
2026-03-03 01:00:00+00:00,1162.5,1169.25,1161.75,1165.75,0
2026-03-03 02:00:00+00:00,1165.75,1169.75,1164.75,1169.25,1801
2026-03-03 03:00:00+00:00,1169.5,1169.75,1167.75,1169.5,743
2026-03-03 04:00:00+00:00,1169.5,1170.75,1168.5,1170.25,1540
2026-03-03 05:00:00+00:00,1170.5,1173.5,1170.25,1172.75,2806
2026-03-03 06:00:00+00:00,1173.0,1173.5,1168.25,1170.5,2516
2026-03-03 07:00:00+00:00,1170.5,1172.25,1169.25,1171.75,847
2026-03-03 08:00:00+00:00,1171.75,1174.0,1171.0,1173.5,2296
2026-03-03 09:00:00+00:00,1173.75,1176.75,1173.75,1176.25,3843
2026-03-03 10:00:00+00:00,1176.5,1182.25,1176.25,1181.75,4006
2026-03-03 11:00:00+00:00,1182.0,1183.0,1177.5,1178.75,6109
2026-03-03 12:00:00+00:00,1178.5,1179.75,1175.5,1176.25,5895
2026-03-03 13:00:00+00:00,1176.5,1177.75,1173.75,1175.0,4675
2026-03-03 14:00:00+00:00,1173.5,1178.5,1168.75,1169.0,22738
2026-03-03 15:00:00+00:00,1169.25,1170.0,1163.0,1166.25,30606
2026-03-03 16:00:00+00:00,1166.25,1168.25,1160.5,1162.75,17248
2026-03-03 17:00:00+00:00,1162.5,1164.75,1161.5,1163.5,7838
2026-03-03 18:00:00+00:00,1163.5,1170.0,1163.0,1169.5,13704
2026-03-03 19:00:00+00:00,1169.25,1171.75,1168.75,1171.5,16460
2026-03-04 01:00:00+00:00,1171.0,1173.5,1167.0,1170.25,0
2026-03-04 02:00:00+00:00,1170.0,1170.5,1166.25,1169.0,1213
2026-03-04 03:00:00+00:00,1168.75,1170.5,1167.25,1169.5,602
2026-03-04 04:00:00+00:00,1169.75,1170.0,1167.5,1168.0,214
2026-03-04 05:00:00+00:00,1167.75,1171.0,1167.75,1169.75,648
2026-03-04 06:00:00+00:00,1169.5,1173.0,1169.25,1171.75,1005
2026-03-04 07:00:00+00:00,1171.25,1172.5,1171.0,1172.25,529
2026-03-04 08:00:00+00:00,1172.0,1175.75,1171.5,1174.5,1841
2026-03-04 09:00:00+00:00,1174.25,1175.75,1173.25,1174.25,1341
2026-03-04 10:00:00+00:00,1174.75,1175.5,1170.0,1171.0,2447
2026-03-04 11:00:00+00:00,1171.0,1173.0,1170.5,1172.25,796
2026-03-04 12:00:00+00:00,1172.0,1174.75,1167.75,1169.0,2763
2026-03-04 13:00:00+00:00,1169.25,1169.75,1166.5,1168.25,4198
2026-03-04 14:00:00+00:00,1168.25,1173.75,1167.5,1169.75,15166
2026-03-04 15:00:00+00:00,1170.0,1174.25,1169.5,1171.25,13659
2026-03-04 16:00:00+00:00,1171.25,1172.5,1165.0,1167.75,14958
2026-03-04 17:00:00+00:00,1167.75,1170.75,1166.75,1170.0,8305
2026-03-04 18:00:00+00:00,1170.0,1171.25,1167.0,1168.5,7259
2026-03-04 19:00:00+00:00,1168.75,1169.75,1166.25,1166.25,9825
2026-03-05 01:00:00+00:00,1168.25,1171.0,1167.5,1170.5,0
2026-03-05 02:00:00+00:00,1170.5,1172.75,1170.0,1172.25,1661
2026-03-05 03:00:00+00:00,1172.0,1173.25,1171.5,1172.5,1374
2026-03-05 04:00:00+00:00,1172.5,1173.5,1172.5,1172.5,370
2026-03-05 05:00:00+00:00,1172.5,1173.5,1172.0,1172.0,749
2026-03-05 06:00:00+00:00,1171.75,1172.25,1170.0,1170.5,1097
2026-03-05 07:00:00+00:00,1170.5,1173.0,1169.75,1172.75,806
2026-03-05 08:00:00+00:00,1172.5,1174.5,1171.75,1174.25,1335
2026-03-05 09:00:00+00:00,1174.0,1174.75,1172.0,1173.5,937
2026-03-05 10:00:00+00:00,1173.5,1175.0,1172.75,1174.25,1349
2026-03-05 11:00:00+00:00,1174.25,1174.5,1172.75,1173.25,985
2026-03-05 12:00:00+00:00,1173.0,1174.0,1171.25,1172.0,2485
2026-03-05 13:00:00+00:00,1172.0,1173.5,1169.5,1171.0,4082
2026-03-05 14:00:00+00:00,1171.5,1172.0,1167.75,1169.75,16193
2026-03-05 15:00:00+00:00,1169.5,1171.25,1166.5,1171.25,29040
2026-03-05 16:00:00+00:00,1171.0,1179.0,1168.25,1179.0,24875
2026-03-05 17:00:00+00:00,1179.0,1179.75,1175.0,1178.25,13666
2026-03-05 18:00:00+00:00,1178.25,1181.0,1175.75,1179.75,13523
2026-03-05 19:00:00+00:00,1179.75,1180.75,1178.5,1179.0,14747
2026-03-06 01:00:00+00:00,1179.0,1184.75,1177.0,1183.75,0
2026-03-06 02:00:00+00:00,1183.5,1184.75,1181.25,1183.25,1867
2026-03-06 03:00:00+00:00,1183.25,1183.25,1181.75,1182.5,618
2026-03-06 04:00:00+00:00,1182.25,1183.0,1181.5,1182.5,357
2026-03-06 05:00:00+00:00,1182.25,1183.25,1181.75,1182.75,700
2026-03-06 06:00:00+00:00,1182.75,1186.25,1182.5,1185.0,2592
2026-03-06 07:00:00+00:00,1185.0,1186.5,1183.75,1184.75,1401
2026-03-06 08:00:00+00:00,1184.75,1188.5,1184.5,1187.75,3066
2026-03-06 09:00:00+00:00,1187.5,1188.0,1186.25,1186.75,2152
2026-03-06 10:00:00+00:00,1186.5,1187.5,1185.0,1186.0,1179
2026-03-06 11:00:00+00:00,1186.0,1187.5,1186.0,1187.25,1277
2026-03-06 12:00:00+00:00,1187.25,1192.5,1186.5,1187.25,8921
2026-03-06 13:00:00+00:00,1187.0,1191.0,1185.5,1190.0,4897
2026-03-06 14:00:00+00:00,1190.0,1202.75,1189.25,1196.75,42927
2026-03-06 15:00:00+00:00,1196.75,1200.25,1192.5,1197.75,30892
2026-03-06 16:00:00+00:00,1197.75,1201.0,1192.0,1195.25,19060
2026-03-06 17:00:00+00:00,1195.25,1199.75,1194.0,1197.0,15419
2026-03-06 18:00:00+00:00,1197.0,1202.0,1196.25,1201.5,23639
2026-03-06 19:00:00+00:00,1201.75,1202.75,1200.0,1201.75,22347
2026-03-09 00:00:00+00:00,1219.5,1226.75,1210.5,1225.75,15465
2026-03-09 01:00:00+00:00,1225.5,1231.5,1223.25,1229.25,11353
2026-03-09 02:00:00+00:00,1229.5,1231.5,1225.75,1227.25,3644
2026-03-09 03:00:00+00:00,1227.25,1231.5,1223.25,1231.25,5305
2026-03-09 04:00:00+00:00,1231.75,1233.75,1229.5,1232.25,1468
2026-03-09 05:00:00+00:00,1232.25,1232.25,1217.0,1218.25,10249
2026-03-09 06:00:00+00:00,1218.0,1223.25,1215.25,1217.75,6428
2026-03-09 07:00:00+00:00,1218.0,1218.75,1216.0,1217.25,1716
2026-03-09 08:00:00+00:00,1217.25,1220.0,1215.75,1219.0,2114
2026-03-09 09:00:00+00:00,1218.75,1222.25,1214.0,1216.5,4289
2026-03-09 10:00:00+00:00,1216.25,1220.5,1214.25,1219.75,2599
2026-03-09 11:00:00+00:00,1219.5,1220.25,1213.5,1215.5,3471
2026-03-09 12:00:00+00:00,1215.25,1216.25,1213.0,1215.75,3707
2026-03-09 13:00:00+00:00,1215.75,1215.75,1206.5,1210.0,21871
2026-03-09 14:00:00+00:00,1210.0,1215.75,1209.25,1210.25,17062
2026-03-09 15:00:00+00:00,1210.5,1211.25,1196.5,1198.5,25985
2026-03-09 16:00:00+00:00,1198.5,1200.75,1193.0,1194.75,13562
2026-03-09 17:00:00+00:00,1195.0,1200.25,1194.25,1197.5,13775
2026-03-09 18:00:00+00:00,1197.5,1197.5,1194.25,1196.25,14229
2026-03-10 00:00:00+00:00,1185.5,1193.5,1177.75,1189.25,0
2026-03-10 01:00:00+00:00,1189.5,1196.25,1186.0,1187.75,5874
2026-03-10 02:00:00+00:00,1188.25,1194.0,1188.25,1192.25,1527
2026-03-10 03:00:00+00:00,1192.5,1193.0,1190.5,1191.25,897
2026-03-10 04:00:00+00:00,1191.25,1192.5,1189.5,1192.0,361
2026-03-10 05:00:00+00:00,1191.75,1192.0,1189.25,1190.5,409
2026-03-10 06:00:00+00:00,1190.75,1191.25,1188.5,1189.75,2132
2026-03-10 07:00:00+00:00,1190.0,1194.0,1189.75,1191.0,2375
2026-03-10 08:00:00+00:00,1191.0,1193.75,1189.25,1190.75,2222
2026-03-10 09:00:00+00:00,1190.5,1193.0,1188.5,1192.75,1565
2026-03-10 10:00:00+00:00,1192.5,1194.75,1192.0,1194.75,1740
2026-03-10 11:00:00+00:00,1194.5,1200.0,1191.75,1199.0,3219
2026-03-10 12:00:00+00:00,1199.25,1200.75,1195.75,1199.5,2229
2026-03-10 13:00:00+00:00,1199.0,1206.0,1198.0,1202.5,15211
2026-03-10 14:00:00+00:00,1202.75,1203.5,1194.0,1194.75,20256
2026-03-10 15:00:00+00:00,1194.75,1203.5,1194.5,1202.5,12400
2026-03-10 16:00:00+00:00,1202.25,1207.5,1195.75,1201.5,16880
2026-03-10 17:00:00+00:00,1201.5,1203.25,1192.5,1198.75,16375
2026-03-10 18:00:00+00:00,1198.5,1203.75,1197.75,1203.25,12767
2026-03-11 00:00:00+00:00,1207.0,1212.75,1205.0,1206.75,0
2026-03-11 01:00:00+00:00,1206.75,1207.5,1203.5,1203.75,1666
2026-03-11 02:00:00+00:00,1203.5,1209.75,1203.5,1208.5,1171
2026-03-11 03:00:00+00:00,1208.5,1208.5,1205.25,1206.5,1490
2026-03-11 04:00:00+00:00,1206.75,1206.75,1204.75,1205.0,430
2026-03-11 05:00:00+00:00,1205.0,1209.0,1205.0,1208.75,1749
2026-03-11 06:00:00+00:00,1208.25,1211.5,1207.25,1209.5,2125
2026-03-11 07:00:00+00:00,1209.25,1211.0,1207.75,1210.0,914
2026-03-11 08:00:00+00:00,1209.5,1211.0,1208.25,1209.75,643
2026-03-11 09:00:00+00:00,1210.25,1217.75,1209.75,1216.25,4209
2026-03-11 10:00:00+00:00,1216.25,1216.25,1211.0,1212.5,1428
2026-03-11 11:00:00+00:00,1212.75,1217.75,1212.0,1216.5,2599
2026-03-11 12:00:00+00:00,1216.75,1222.75,1216.25,1222.5,4860
2026-03-11 13:00:00+00:00,1221.25,1224.0,1214.25,1215.0,20365
2026-03-11 14:00:00+00:00,1215.25,1225.25,1213.75,1222.25,23626
2026-03-11 15:00:00+00:00,1222.5,1226.25,1219.25,1224.75,17046
2026-03-11 16:00:00+00:00,1225.0,1227.75,1218.0,1222.0,22348
2026-03-11 17:00:00+00:00,1221.75,1221.75,1213.25,1215.25,16495
2026-03-11 18:00:00+00:00,1215.5,1216.25,1212.25,1214.25,15973
2026-03-12 00:00:00+00:00,1220.0,1223.0,1216.0,1222.5,0
2026-03-12 01:00:00+00:00,1222.25,1224.5,1217.5,1220.5,3043
2026-03-12 02:00:00+00:00,1220.0,1223.0,1219.25,1221.5,1563
2026-03-12 03:00:00+00:00,1221.5,1224.75,1221.0,1223.5,715
2026-03-12 04:00:00+00:00,1223.5,1225.25,1222.5,1223.5,2049
2026-03-12 05:00:00+00:00,1223.5,1224.25,1219.75,1220.0,1385
2026-03-12 06:00:00+00:00,1220.0,1223.0,1218.5,1219.75,1611
2026-03-12 07:00:00+00:00,1219.75,1225.25,1219.25,1222.25,1788
2026-03-12 08:00:00+00:00,1222.25,1228.75,1222.25,1223.5,3459
2026-03-12 09:00:00+00:00,1223.0,1225.75,1223.0,1224.25,1577
2026-03-12 10:00:00+00:00,1224.0,1226.75,1223.25,1226.0,1078
2026-03-12 11:00:00+00:00,1226.25,1231.25,1224.25,1230.0,5353
2026-03-12 12:00:00+00:00,1229.75,1232.0,1227.25,1229.25,7293
2026-03-12 13:00:00+00:00,1229.25,1232.5,1227.5,1229.75,20845
2026-03-12 14:00:00+00:00,1229.5,1235.75,1227.5,1233.25,26152
2026-03-12 15:00:00+00:00,1233.25,1238.75,1231.25,1234.5,26241
2026-03-12 16:00:00+00:00,1234.75,1235.5,1225.5,1228.75,22132
2026-03-12 17:00:00+00:00,1228.5,1232.75,1227.0,1227.25,9648
2026-03-12 18:00:00+00:00,1227.25,1227.75,1225.25,1225.75,13196
2026-03-13 00:00:00+00:00,1229.0,1229.75,1222.75,1224.25,0
2026-03-13 01:00:00+00:00,1224.25,1226.75,1221.75,1226.0,2314
2026-03-13 02:00:00+00:00,1225.75,1228.25,1223.5,1226.75,950
2026-03-13 03:00:00+00:00,1226.75,1227.75,1225.25,1225.5,763
2026-03-13 04:00:00+00:00,1226.0,1226.75,1225.5,1226.75,239
2026-03-13 05:00:00+00:00,1226.75,1226.75,1221.75,1221.75,1121
2026-03-13 06:00:00+00:00,1222.0,1222.5,1218.75,1219.0,2950
2026-03-13 07:00:00+00:00,1218.75,1221.0,1218.25,1219.75,1580
2026-03-13 08:00:00+00:00,1219.75,1219.75,1215.25,1217.25,2448
2026-03-13 09:00:00+00:00,1217.0,1218.75,1216.75,1218.0,903
2026-03-13 10:00:00+00:00,1217.75,1218.25,1214.75,1215.5,1745
2026-03-13 11:00:00+00:00,1215.75,1218.5,1215.0,1216.25,2664
2026-03-13 12:00:00+00:00,1216.5,1220.25,1216.25,1217.5,2616
2026-03-13 13:00:00+00:00,1217.0,1218.0,1211.0,1214.0,24291
2026-03-13 14:00:00+00:00,1213.75,1215.0,1209.25,1213.0,25232
2026-03-13 15:00:00+00:00,1213.25,1224.75,1212.75,1222.0,21748
2026-03-13 16:00:00+00:00,1222.0,1228.5,1222.0,1225.75,12254
2026-03-13 17:00:00+00:00,1225.75,1226.0,1217.5,1222.0,13969
2026-03-13 18:00:00+00:00,1222.0,1225.75,1221.75,1223.75,11942
2026-03-16 00:00:00+00:00,1214.0,1214.0,1193.0,1194.5,24328
2026-03-16 01:00:00+00:00,1194.5,1202.75,1192.25,1202.0,8822
2026-03-16 02:00:00+00:00,1202.0,1203.5,1199.25,1199.75,2423
2026-03-16 03:00:00+00:00,1199.75,1201.75,1199.25,1201.0,667
2026-03-16 04:00:00+00:00,1201.0,1201.25,1200.25,1200.25,142
2026-03-16 05:00:00+00:00,1200.25,1202.25,1198.75,1199.5,1095
2026-03-16 06:00:00+00:00,1199.0,1203.0,1198.75,1200.5,2882
2026-03-16 07:00:00+00:00,1200.75,1202.75,1200.0,1200.0,3324
2026-03-16 08:00:00+00:00,1200.25,1201.0,1197.0,1198.0,4076
2026-03-16 09:00:00+00:00,1198.25,1198.5,1194.0,1194.25,3719
2026-03-16 10:00:00+00:00,1194.25,1196.0,1191.0,1191.5,4794
2026-03-16 11:00:00+00:00,1191.5,1194.75,1189.5,1192.5,9760
2026-03-16 12:00:00+00:00,1192.5,1196.5,1191.75,1193.0,7744
2026-03-16 13:00:00+00:00,1193.75,1194.25,1178.75,1179.25,42015
2026-03-16 14:00:00+00:00,1179.25,1180.0,1171.5,1174.5,35240
2026-03-16 15:00:00+00:00,1174.75,1175.5,1162.0,1163.75,23294
2026-03-16 16:00:00+00:00,1163.75,1167.75,1161.25,1163.75,21413
2026-03-16 17:00:00+00:00,1163.75,1164.0,1155.25,1155.25,16695
2026-03-16 18:00:00+00:00,1155.25,1155.25,1155.25,1155.25,8939
2026-03-17 00:00:00+00:00,1147.0,1156.5,1145.25,1155.5,0
2026-03-17 01:00:00+00:00,1155.25,1164.0,1155.25,1163.25,7368
2026-03-17 02:00:00+00:00,1163.5,1164.5,1162.5,1163.5,2197
2026-03-17 03:00:00+00:00,1163.75,1163.75,1161.75,1162.5,698
2026-03-17 04:00:00+00:00,1162.75,1163.25,1161.5,1162.25,647
2026-03-17 05:00:00+00:00,1162.25,1162.5,1159.5,1162.0,1649
2026-03-17 06:00:00+00:00,1162.0,1162.5,1160.0,1160.5,1574
2026-03-17 07:00:00+00:00,1160.5,1160.5,1157.5,1158.0,1822
2026-03-17 08:00:00+00:00,1157.75,1158.0,1155.25,1156.0,5305
2026-03-17 09:00:00+00:00,1155.75,1156.5,1147.25,1150.25,7247
2026-03-17 10:00:00+00:00,1150.25,1153.75,1149.5,1152.5,2310
2026-03-17 11:00:00+00:00,1152.25,1166.0,1152.25,1164.25,8815
2026-03-17 12:00:00+00:00,1164.25,1164.25,1157.75,1159.5,6728
2026-03-17 13:00:00+00:00,1159.25,1163.25,1156.0,1158.0,34897
2026-03-17 14:00:00+00:00,1158.0,1161.25,1154.75,1157.75,24671
2026-03-17 15:00:00+00:00,1157.5,1157.75,1153.75,1155.75,17220
2026-03-17 16:00:00+00:00,1155.5,1170.5,1154.5,1163.25,44091
2026-03-17 17:00:00+00:00,1163.0,1163.0,1158.25,1160.5,10559
2026-03-17 18:00:00+00:00,1161.0,1161.0,1156.0,1156.5,14484
2026-03-18 00:00:00+00:00,1156.25,1160.0,1153.0,1154.0,0
2026-03-18 01:00:00+00:00,1153.75,1155.5,1151.25,1152.25,1796
2026-03-18 02:00:00+00:00,1152.5,1153.0,1149.5,1150.25,1989
2026-03-18 03:00:00+00:00,1150.5,1152.75,1150.0,1150.0,1344
2026-03-18 04:00:00+00:00,1150.25,1150.5,1149.0,1149.25,966
2026-03-18 05:00:00+00:00,1149.25,1151.5,1149.25,1151.0,765
2026-03-18 06:00:00+00:00,1151.25,1154.25,1150.0,1154.0,1031
2026-03-18 07:00:00+00:00,1154.0,1154.75,1153.0,1154.0,1642
2026-03-18 08:00:00+00:00,1154.0,1154.75,1151.75,1152.75,1100
2026-03-18 09:00:00+00:00,1152.75,1155.25,1152.75,1154.0,1371
2026-03-18 10:00:00+00:00,1154.0,1154.25,1151.5,1152.0,1249
2026-03-18 11:00:00+00:00,1152.25,1152.5,1148.0,1149.25,2880
2026-03-18 12:00:00+00:00,1149.25,1155.0,1149.0,1154.75,5127
2026-03-18 13:00:00+00:00,1157.0,1161.25,1151.5,1153.25,29715
2026-03-18 14:00:00+00:00,1153.25,1159.25,1151.25,1159.25,16760
2026-03-18 15:00:00+00:00,1159.25,1161.75,1156.75,1159.5,12079
2026-03-18 16:00:00+00:00,1159.25,1162.75,1158.0,1161.75,9119
2026-03-18 17:00:00+00:00,1161.75,1165.25,1161.0,1161.25,11520
2026-03-18 18:00:00+00:00,1161.25,1164.0,1160.25,1163.75,9217
2026-03-19 00:00:00+00:00,1165.0,1170.0,1162.5,1168.0,0
2026-03-19 01:00:00+00:00,1167.75,1168.5,1166.0,1167.75,1961
2026-03-19 02:00:00+00:00,1167.75,1168.0,1160.5,1161.0,2013
2026-03-19 03:00:00+00:00,1161.0,1162.0,1160.0,1160.0,547
2026-03-19 04:00:00+00:00,1160.0,1160.75,1159.25,1159.5,306
2026-03-19 05:00:00+00:00,1159.5,1160.25,1157.0,1157.75,2207
2026-03-19 06:00:00+00:00,1157.75,1160.75,1157.75,1160.5,849
2026-03-19 07:00:00+00:00,1160.5,1162.5,1159.75,1162.0,807
2026-03-19 08:00:00+00:00,1161.75,1167.25,1161.25,1166.75,2384
2026-03-19 09:00:00+00:00,1166.5,1169.5,1166.0,1166.5,2971
2026-03-19 10:00:00+00:00,1166.5,1168.5,1165.5,1166.5,1175
2026-03-19 11:00:00+00:00,1166.25,1167.75,1164.5,1166.0,1419
2026-03-19 12:00:00+00:00,1165.75,1165.75,1160.0,1163.75,2481
2026-03-19 13:00:00+00:00,1163.0,1164.25,1160.0,1163.25,16386
2026-03-19 14:00:00+00:00,1163.0,1166.0,1161.0,1165.0,22244
2026-03-19 15:00:00+00:00,1165.0,1166.5,1160.75,1163.5,12809
2026-03-19 16:00:00+00:00,1163.5,1168.75,1161.0,1168.5,13307
2026-03-19 17:00:00+00:00,1168.5,1173.5,1167.25,1167.5,16885
2026-03-19 18:00:00+00:00,1167.5,1168.75,1166.75,1168.5,7824
2026-03-20 00:00:00+00:00,1166.0,1173.75,1165.0,1172.75,0
2026-03-20 01:00:00+00:00,1172.5,1172.5,1165.75,1167.75,1789
2026-03-20 02:00:00+00:00,1167.75,1170.25,1166.75,1170.0,761
2026-03-20 03:00:00+00:00,1170.25,1173.5,1170.25,1172.75,619
2026-03-20 04:00:00+00:00,1172.75,1173.5,1172.0,1173.25,223
2026-03-20 05:00:00+00:00,1173.25,1174.5,1172.0,1173.75,520
2026-03-20 06:00:00+00:00,1173.75,1175.25,1172.25,1173.0,1346
2026-03-20 07:00:00+00:00,1173.25,1175.25,1173.0,1175.25,564
2026-03-20 08:00:00+00:00,1175.25,1176.0,1173.25,1174.5,962
2026-03-20 09:00:00+00:00,1174.0,1174.5,1171.25,1172.0,1299
2026-03-20 10:00:00+00:00,1172.25,1173.25,1169.75,1170.0,901
2026-03-20 11:00:00+00:00,1169.75,1170.75,1168.25,1169.0,1778
2026-03-20 12:00:00+00:00,1169.25,1171.25,1167.0,1168.25,2467
2026-03-20 13:00:00+00:00,1169.0,1174.25,1165.25,1170.0,17687
2026-03-20 14:00:00+00:00,1169.75,1171.25,1162.5,1165.75,17452
2026-03-20 15:00:00+00:00,1166.0,1166.75,1162.75,1163.25,7520
2026-03-20 16:00:00+00:00,1163.25,1164.75,1161.25,1161.75,8308
2026-03-20 17:00:00+00:00,1162.0,1162.75,1159.5,1160.25,7874
2026-03-20 18:00:00+00:00,1160.5,1162.0,1159.75,1160.5,8683
2026-03-23 00:00:00+00:00,1160.0,1160.25,1155.25,1158.75,2445
2026-03-23 01:00:00+00:00,1158.75,1167.25,1157.75,1166.75,3263
2026-03-23 02:00:00+00:00,1166.5,1167.0,1164.75,1166.75,366
2026-03-23 03:00:00+00:00,1166.75,1168.75,1166.75,1168.0,617
2026-03-23 04:00:00+00:00,1168.25,1168.75,1168.25,1168.5,50
2026-03-23 05:00:00+00:00,1168.75,1168.75,1165.75,1167.25,418
2026-03-23 06:00:00+00:00,1167.0,1170.25,1166.25,1170.0,575
2026-03-23 07:00:00+00:00,1170.25,1171.25,1168.25,1170.5,424
2026-03-23 08:00:00+00:00,1170.5,1171.5,1169.25,1169.25,753
2026-03-23 09:00:00+00:00,1169.25,1169.75,1167.0,1169.25,3073
2026-03-23 10:00:00+00:00,1169.5,1169.75,1163.0,1164.25,1404
2026-03-23 11:00:00+00:00,1164.25,1165.5,1152.5,1163.25,10487
2026-03-23 12:00:00+00:00,1163.0,1165.5,1158.25,1158.75,2363
2026-03-23 13:00:00+00:00,1158.0,1162.25,1156.25,1160.25,14989
2026-03-23 14:00:00+00:00,1160.25,1166.5,1155.25,1163.25,18238
2026-03-23 15:00:00+00:00,1163.25,1169.25,1159.5,1168.5,13734
2026-03-23 16:00:00+00:00,1168.25,1169.0,1163.0,1164.25,6753
2026-03-23 17:00:00+00:00,1164.5,1165.75,1162.75,1163.25,3932
2026-03-23 18:00:00+00:00,1163.25,1165.25,1163.0,1164.5,8861
2026-03-24 00:00:00+00:00,1164.25,1166.0,1161.5,1162.0,0
2026-03-24 01:00:00+00:00,1162.0,1166.5,1162.0,1165.75,1188
2026-03-24 02:00:00+00:00,1165.75,1166.75,1164.5,1165.0,365
2026-03-24 03:00:00+00:00,1164.5,1165.25,1164.0,1164.0,1053
2026-03-24 04:00:00+00:00,1164.25,1165.25,1164.0,1164.75,127
2026-03-24 05:00:00+00:00,1165.0,1165.5,1162.75,1162.75,210
2026-03-24 06:00:00+00:00,1162.5,1162.5,1160.5,1160.75,547
2026-03-24 07:00:00+00:00,1160.75,1161.25,1156.0,1156.75,2122
2026-03-24 08:00:00+00:00,1156.75,1159.25,1156.0,1159.25,1270
2026-03-24 09:00:00+00:00,1159.25,1161.75,1158.25,1160.0,926
2026-03-24 10:00:00+00:00,1160.0,1161.5,1159.25,1160.75,795
2026-03-24 11:00:00+00:00,1160.5,1160.5,1155.5,1158.5,2119
2026-03-24 12:00:00+00:00,1158.25,1159.5,1155.75,1156.0,2625
2026-03-24 13:00:00+00:00,1157.25,1162.25,1155.5,1160.75,24942
2026-03-24 14:00:00+00:00,1160.5,1162.75,1157.25,1157.75,18539
2026-03-24 15:00:00+00:00,1157.5,1161.25,1157.0,1159.0,9236
2026-03-24 16:00:00+00:00,1158.75,1160.75,1158.25,1160.5,4867
2026-03-24 17:00:00+00:00,1160.5,1162.0,1156.0,1157.5,11493
2026-03-24 18:00:00+00:00,1157.25,1157.25,1153.75,1154.0,10054
2026-03-25 00:00:00+00:00,1153.5,1156.0,1151.5,1154.75,0
2026-03-25 01:00:00+00:00,1155.0,1155.0,1151.75,1153.25,1337
2026-03-25 02:00:00+00:00,1153.25,1154.75,1153.0,1153.75,351
2026-03-25 03:00:00+00:00,1153.75,1154.0,1152.25,1153.75,345
2026-03-25 04:00:00+00:00,1153.5,1153.75,1152.5,1153.0,125
2026-03-25 05:00:00+00:00,1153.0,1155.25,1152.75,1154.75,2330
2026-03-25 06:00:00+00:00,1154.75,1155.5,1153.25,1153.75,402
2026-03-25 07:00:00+00:00,1153.75,1154.75,1153.25,1153.5,319
2026-03-25 08:00:00+00:00,1153.5,1156.5,1152.5,1156.0,2975
2026-03-25 09:00:00+00:00,1155.75,1160.5,1155.75,1157.5,2849
2026-03-25 10:00:00+00:00,1157.5,1161.75,1157.5,1158.5,1726
2026-03-25 11:00:00+00:00,1158.5,1159.25,1157.5,1158.0,927
2026-03-25 12:00:00+00:00,1157.75,1161.25,1157.5,1158.5,2343
2026-03-25 13:00:00+00:00,1159.5,1161.75,1157.25,1159.0,8445
2026-03-25 14:00:00+00:00,1159.0,1163.25,1158.25,1160.25,11785
2026-03-25 15:00:00+00:00,1160.5,1164.0,1159.75,1163.5,7038
2026-03-25 16:00:00+00:00,1163.75,1165.0,1162.0,1163.0,10664
2026-03-25 17:00:00+00:00,1163.25,1176.75,1163.0,1171.75,29772
2026-03-25 18:00:00+00:00,1171.75,1174.0,1169.25,1173.5,15466
2026-03-26 00:00:00+00:00,1173.0,1179.75,1172.0,1175.0,0
2026-03-26 01:00:00+00:00,1174.75,1175.5,1173.25,1174.5,1192
2026-03-26 02:00:00+00:00,1174.25,1174.25,1171.5,1173.75,810
2026-03-26 03:00:00+00:00,1173.5,1175.0,1172.75,1175.0,163
2026-03-26 04:00:00+00:00,1174.75,1174.75,1173.5,1174.0,110
2026-03-26 05:00:00+00:00,1174.0,1174.25,1172.5,1174.0,507
2026-03-26 06:00:00+00:00,1174.0,1175.5,1173.25,1175.0,749
2026-03-26 07:00:00+00:00,1175.0,1175.75,1171.75,1173.25,1086
2026-03-26 08:00:00+00:00,1173.25,1173.75,1172.0,1173.25,1023
2026-03-26 09:00:00+00:00,1173.0,1174.0,1172.25,1172.75,824
2026-03-26 10:00:00+00:00,1172.75,1174.25,1171.75,1173.0,671
2026-03-26 11:00:00+00:00,1172.75,1173.5,1171.5,1172.25,798
2026-03-26 12:00:00+00:00,1172.5,1175.5,1170.5,1175.5,2484
2026-03-26 13:00:00+00:00,1175.5,1176.0,1167.0,1167.75,16453
2026-03-26 14:00:00+00:00,1168.0,1176.75,1168.0,1175.25,16729
2026-03-26 15:00:00+00:00,1175.5,1177.0,1172.75,1176.25,12321
2026-03-26 16:00:00+00:00,1176.25,1179.25,1173.0,1173.75,11231
2026-03-26 17:00:00+00:00,1174.0,1179.0,1174.0,1175.0,10545
2026-03-26 18:00:00+00:00,1175.25,1176.25,1170.5,1171.0,7791
2026-03-27 00:00:00+00:00,1172.0,1174.0,1170.25,1173.75,0
2026-03-27 01:00:00+00:00,1174.0,1174.0,1171.0,1172.25,305
2026-03-27 02:00:00+00:00,1172.25,1173.75,1171.0,1173.5,262
2026-03-27 03:00:00+00:00,1173.25,1174.75,1173.25,1174.75,159
2026-03-27 04:00:00+00:00,1174.5,1176.0,1174.5,1175.75,486
2026-03-27 05:00:00+00:00,1175.75,1176.75,1174.5,1175.5,257
2026-03-27 06:00:00+00:00,1175.25,1176.25,1174.25,1176.0,212
2026-03-27 07:00:00+00:00,1175.75,1176.25,1175.25,1176.0,324
2026-03-27 08:00:00+00:00,1176.0,1177.75,1173.0,1177.25,1148
2026-03-27 09:00:00+00:00,1177.0,1177.5,1175.5,1176.75,537
2026-03-27 10:00:00+00:00,1176.75,1178.25,1176.5,1177.75,711
2026-03-27 11:00:00+00:00,1177.75,1178.75,1175.5,1176.25,1889
2026-03-27 12:00:00+00:00,1176.25,1176.5,1174.0,1174.25,3177
2026-03-27 13:00:00+00:00,1174.75,1175.75,1171.25,1172.0,11454
2026-03-27 14:00:00+00:00,1172.0,1173.75,1169.25,1169.25,9943
2026-03-27 15:00:00+00:00,1169.25,1170.5,1164.25,1168.25,12247
2026-03-27 16:00:00+00:00,1168.25,1174.5,1162.75,1164.25,25868
2026-03-27 17:00:00+00:00,1164.5,1164.5,1155.75,1160.0,21690
2026-03-27 18:00:00+00:00,1160.25,1160.5,1158.5,1159.5,11612
2026-03-30 00:00:00+00:00,1165.0,1168.0,1158.25,1162.75,3072
2026-03-30 01:00:00+00:00,1163.0,1167.75,1162.0,1162.25,2251
2026-03-30 02:00:00+00:00,1162.0,1164.75,1161.75,1162.5,513
2026-03-30 03:00:00+00:00,1162.25,1163.25,1160.75,1163.0,3500
2026-03-30 04:00:00+00:00,1163.0,1164.0,1162.75,1163.5,160
2026-03-30 05:00:00+00:00,1163.25,1163.75,1161.75,1162.0,237
2026-03-30 06:00:00+00:00,1162.5,1167.75,1162.25,1167.0,449
2026-03-30 07:00:00+00:00,1166.75,1168.75,1165.25,1168.0,1575
2026-03-30 08:00:00+00:00,1167.75,1168.5,1164.25,1165.25,1133
2026-03-30 09:00:00+00:00,1165.25,1166.5,1164.5,1165.5,487
2026-03-30 10:00:00+00:00,1165.5,1169.25,1165.5,1168.75,1169
2026-03-30 11:00:00+00:00,1168.75,1170.0,1165.0,1166.25,2176
2026-03-30 12:00:00+00:00,1166.0,1166.5,1161.75,1162.75,3143
2026-03-30 13:00:00+00:00,1164.25,1169.75,1162.75,1166.25,9787
2026-03-30 14:00:00+00:00,1166.25,1169.25,1163.0,1166.0,8428
2026-03-30 15:00:00+00:00,1165.75,1168.0,1165.0,1166.0,6681
2026-03-30 16:00:00+00:00,1166.0,1167.0,1163.5,1163.5,4553
2026-03-30 17:00:00+00:00,1163.5,1165.25,1162.5,1162.5,6026
2026-03-30 18:00:00+00:00,1162.5,1163.0,1158.5,1158.75,9756
2026-03-31 00:00:00+00:00,1159.0,1162.5,1158.5,1159.25,0
2026-03-31 01:00:00+00:00,1159.25,1161.5,1157.25,1158.5,1554
2026-03-31 02:00:00+00:00,1158.75,1159.25,1157.25,1158.25,246
2026-03-31 03:00:00+00:00,1158.75,1159.75,1158.25,1159.75,208
2026-03-31 04:00:00+00:00,1160.0,1162.0,1160.0,1161.0,1091
2026-03-31 05:00:00+00:00,1161.0,1161.5,1160.0,1161.25,356
2026-03-31 06:00:00+00:00,1161.25,1161.75,1161.0,1161.25,539
2026-03-31 07:00:00+00:00,1161.0,1163.0,1161.0,1162.75,753
2026-03-31 08:00:00+00:00,1162.5,1164.0,1162.25,1163.5,1273
2026-03-31 09:00:00+00:00,1163.25,1163.25,1161.25,1162.75,819
2026-03-31 10:00:00+00:00,1162.5,1163.25,1162.0,1162.25,452
2026-03-31 11:00:00+00:00,1162.5,1163.0,1160.25,1162.0,896
2026-03-31 12:00:00+00:00,1161.75,1164.25,1161.5,1163.75,2453
2026-03-31 13:00:00+00:00,1163.0,1164.75,1159.75,1162.0,14454
2026-03-31 14:00:00+00:00,1161.75,1163.25,1159.5,1159.75,11035
2026-03-31 15:00:00+00:00,1159.75,1162.25,1156.25,1157.0,15432
2026-03-31 16:00:00+00:00,1157.0,1175.25,1156.0,1169.25,32176
2026-03-31 17:00:00+00:00,1169.5,1177.75,1168.25,1172.0,15206
2026-03-31 18:00:00+00:00,1172.25,1172.5,1170.0,1172.25,12690
2026-04-01 00:00:00+00:00,1171.5,1174.75,1171.5,1172.75,0
2026-04-01 01:00:00+00:00,1172.5,1173.25,1169.75,1173.0,1732
2026-04-01 02:00:00+00:00,1172.75,1174.75,1172.25,1174.5,790
2026-04-01 03:00:00+00:00,1174.25,1174.5,1173.0,1173.25,406
2026-04-01 04:00:00+00:00,1173.0,1173.0,1172.0,1172.0,114
2026-04-01 05:00:00+00:00,1172.0,1172.0,1168.0,1168.0,950
2026-04-01 06:00:00+00:00,1168.25,1169.5,1164.25,1165.0,2655
2026-04-01 07:00:00+00:00,1164.75,1166.5,1163.25,1166.0,1528
2026-04-01 08:00:00+00:00,1165.75,1166.75,1164.5,1165.75,1207
2026-04-01 09:00:00+00:00,1165.5,1166.5,1164.75,1165.5,468
2026-04-01 10:00:00+00:00,1165.5,1166.5,1164.75,1165.5,735
2026-04-01 11:00:00+00:00,1165.5,1166.0,1161.5,1161.75,1869
2026-04-01 12:00:00+00:00,1161.75,1163.75,1160.25,1163.0,2440
2026-04-01 13:00:00+00:00,1162.25,1163.5,1157.5,1160.0,14330
2026-04-01 14:00:00+00:00,1159.75,1159.75,1153.0,1154.0,28433
2026-04-01 15:00:00+00:00,1154.0,1160.5,1153.5,1158.25,12597
2026-04-01 16:00:00+00:00,1158.5,1166.5,1158.5,1164.75,11970
2026-04-01 17:00:00+00:00,1164.75,1169.0,1164.75,1168.5,12079
2026-04-01 18:00:00+00:00,1168.25,1170.0,1166.75,1167.25,7168
2026-04-02 00:00:00+00:00,1167.25,1168.25,1164.0,1164.5,0
2026-04-02 01:00:00+00:00,1164.5,1173.5,1163.25,1173.5,3955
2026-04-02 02:00:00+00:00,1173.25,1173.25,1171.5,1172.25,455
2026-04-02 03:00:00+00:00,1172.0,1172.25,1170.75,1172.0,192
2026-04-02 04:00:00+00:00,1171.75,1173.0,1171.25,1172.5,389
2026-04-02 05:00:00+00:00,1172.5,1173.75,1171.75,1172.5,7020
2026-04-02 06:00:00+00:00,1172.5,1172.5,1171.0,1171.25,337
2026-04-02 07:00:00+00:00,1171.25,1172.0,1170.75,1171.0,1309
2026-04-02 08:00:00+00:00,1171.0,1173.75,1171.0,1173.25,961
2026-04-02 09:00:00+00:00,1173.5,1174.25,1171.5,1172.0,612
2026-04-02 10:00:00+00:00,1172.0,1173.0,1171.25,1172.75,373
2026-04-02 11:00:00+00:00,1173.0,1173.25,1171.25,1172.5,932
2026-04-02 12:00:00+00:00,1172.5,1172.5,1168.5,1171.0,1988
2026-04-02 13:00:00+00:00,1170.75,1173.5,1170.25,1172.25,11792
2026-04-02 14:00:00+00:00,1172.0,1172.5,1165.0,1165.75,14383
2026-04-02 15:00:00+00:00,1165.75,1167.5,1163.5,1163.75,8005
2026-04-02 16:00:00+00:00,1163.75,1167.0,1163.25,1165.75,11156
2026-04-02 17:00:00+00:00,1165.75,1168.5,1165.0,1167.0,6026
2026-04-02 18:00:00+00:00,1166.75,1167.0,1162.0,1162.75,8713
2026-04-06 00:00:00+00:00,1164.5,1169.75,1160.25,1161.75,1115
2026-04-06 01:00:00+00:00,1161.75,1161.75,1159.25,1159.5,921
2026-04-06 02:00:00+00:00,1159.25,1161.25,1159.25,1160.0,567
2026-04-06 03:00:00+00:00,1159.75,1160.5,1159.5,1159.75,150
2026-04-06 04:00:00+00:00,1159.5,1161.0,1158.75,1160.75,293
2026-04-06 05:00:00+00:00,1161.0,1162.25,1160.5,1162.25,191
2026-04-06 06:00:00+00:00,1162.25,1164.0,1162.25,1163.0,251
2026-04-06 07:00:00+00:00,1163.0,1165.0,1162.5,1164.0,2126
2026-04-06 08:00:00+00:00,1163.75,1166.25,1163.5,1165.75,794
2026-04-06 09:00:00+00:00,1165.5,1167.25,1164.25,1167.0,495
2026-04-06 10:00:00+00:00,1167.0,1169.0,1166.25,1168.5,636
2026-04-06 11:00:00+00:00,1168.25,1169.5,1168.0,1168.75,527
2026-04-06 12:00:00+00:00,1168.5,1169.75,1168.0,1168.25,1354
2026-04-06 13:00:00+00:00,1168.5,1169.25,1164.25,1167.75,10114
2026-04-06 14:00:00+00:00,1167.5,1169.0,1164.5,1166.75,6195
2026-04-06 15:00:00+00:00,1167.0,1169.0,1165.5,1166.75,9284
2026-04-06 16:00:00+00:00,1167.0,1168.25,1165.5,1168.0,4354
2026-04-06 17:00:00+00:00,1168.0,1169.5,1165.0,1166.0,5846
2026-04-06 18:00:00+00:00,1166.0,1167.25,1164.75,1164.75,7525
2026-04-07 00:00:00+00:00,1164.75,1167.0,1164.25,1165.25,0
2026-04-07 01:00:00+00:00,1165.5,1166.75,1163.75,1166.0,893
2026-04-07 02:00:00+00:00,1166.0,1168.25,1165.75,1167.75,642
2026-04-07 03:00:00+00:00,1167.75,1168.0,1167.0,1167.25,209
2026-04-07 04:00:00+00:00,1167.25,1167.75,1166.75,1166.75,170
2026-04-07 05:00:00+00:00,1166.75,1166.75,1164.75,1165.0,450
2026-04-07 06:00:00+00:00,1165.0,1169.0,1164.75,1168.0,902
2026-04-07 07:00:00+00:00,1166.75,1169.5,1166.75,1169.0,640
2026-04-07 08:00:00+00:00,1169.0,1169.0,1165.25,1166.75,566
2026-04-07 09:00:00+00:00,1166.75,1167.0,1164.0,1165.0,523
2026-04-07 10:00:00+00:00,1165.0,1169.0,1164.75,1168.75,477
2026-04-07 11:00:00+00:00,1169.0,1169.25,1167.25,1168.0,646
2026-04-07 12:00:00+00:00,1168.25,1169.0,1165.0,1168.0,1254
2026-04-07 13:00:00+00:00,1168.0,1170.5,1165.25,1169.25,10320
2026-04-07 14:00:00+00:00,1169.0,1169.5,1162.75,1163.75,15407
2026-04-07 15:00:00+00:00,1164.0,1165.0,1156.5,1157.0,17347
2026-04-07 16:00:00+00:00,1157.25,1158.0,1155.25,1157.75,13873
2026-04-07 17:00:00+00:00,1157.75,1159.0,1157.0,1158.5,9430
2026-04-07 18:00:00+00:00,1158.75,1159.5,1157.5,1158.0,11595
2026-04-08 00:00:00+00:00,1152.0,1152.0,1140.5,1148.5,0
2026-04-08 01:00:00+00:00,1148.75,1156.75,1147.75,1156.25,6054
2026-04-08 02:00:00+00:00,1156.25,1157.75,1156.0,1156.5,1830
2026-04-08 03:00:00+00:00,1156.5,1156.5,1154.5,1155.0,615
2026-04-08 04:00:00+00:00,1155.0,1156.25,1154.5,1155.5,223
2026-04-08 05:00:00+00:00,1156.0,1156.5,1155.25,1155.75,496
2026-04-08 06:00:00+00:00,1155.75,1156.75,1154.5,1156.25,685
2026-04-08 07:00:00+00:00,1156.5,1158.0,1156.25,1157.0,853
2026-04-08 08:00:00+00:00,1156.75,1158.5,1155.75,1157.5,1768
2026-04-08 09:00:00+00:00,1157.75,1160.0,1157.0,1160.0,1416
2026-04-08 10:00:00+00:00,1160.0,1160.5,1158.75,1159.25,861
2026-04-08 11:00:00+00:00,1159.5,1161.25,1155.0,1157.5,3721
2026-04-08 12:00:00+00:00,1157.25,1158.5,1154.5,1156.75,3102
2026-04-08 13:00:00+00:00,1156.25,1160.0,1154.75,1159.75,17033
2026-04-08 14:00:00+00:00,1159.75,1163.0,1159.25,1160.75,15878
2026-04-08 15:00:00+00:00,1160.75,1161.5,1158.0,1160.5,10356
2026-04-08 16:00:00+00:00,1160.5,1161.5,1159.0,1159.0,8731
2026-04-08 17:00:00+00:00,1159.0,1162.25,1159.0,1162.25,15099
2026-04-08 18:00:00+00:00,1162.0,1162.5,1161.0,1161.75,10464
2026-04-09 00:00:00+00:00,1162.0,1164.25,1159.75,1163.5,0
2026-04-09 01:00:00+00:00,1163.25,1163.25,1160.5,1161.5,801
2026-04-09 02:00:00+00:00,1162.0,1162.5,1161.5,1162.25,207
2026-04-09 03:00:00+00:00,1162.0,1163.0,1162.0,1162.0,114
2026-04-09 04:00:00+00:00,1162.25,1162.5,1162.0,1162.5,24
2026-04-09 05:00:00+00:00,1162.25,1163.5,1162.25,1162.25,203
2026-04-09 06:00:00+00:00,1162.25,1163.25,1161.75,1162.0,383
2026-04-09 07:00:00+00:00,1162.0,1163.25,1161.75,1162.25,516
2026-04-09 08:00:00+00:00,1162.25,1164.75,1162.25,1164.5,1594
2026-04-09 09:00:00+00:00,1164.25,1165.25,1163.5,1164.75,865
2026-04-09 10:00:00+00:00,1164.75,1166.5,1164.75,1165.25,715
2026-04-09 11:00:00+00:00,1165.25,1166.75,1164.75,1165.75,852
2026-04-09 12:00:00+00:00,1166.0,1167.5,1165.5,1167.0,1839
2026-04-09 13:00:00+00:00,1167.0,1170.5,1167.0,1167.0,19042
2026-04-09 14:00:00+00:00,1166.75,1168.75,1165.0,1167.5,17601
2026-04-09 15:00:00+00:00,1167.5,1169.0,1165.5,1168.25,15580
2026-04-09 16:00:00+00:00,1168.25,1169.0,1163.0,1163.0,12262
2026-04-09 17:00:00+00:00,1163.25,1165.0,1161.25,1163.75,14035
2026-04-09 18:00:00+00:00,1163.5,1166.25,1163.25,1164.25,14220
2026-04-10 00:00:00+00:00,1166.5,1169.75,1165.0,1169.0,0
2026-04-10 01:00:00+00:00,1168.75,1169.25,1167.0,1168.75,1354
2026-04-10 02:00:00+00:00,1169.0,1169.0,1167.25,1167.5,185
2026-04-10 03:00:00+00:00,1167.5,1168.75,1167.25,1167.75,275
2026-04-10 04:00:00+00:00,1167.5,1168.25,1167.25,1167.75,326
2026-04-10 05:00:00+00:00,1168.0,1169.25,1167.75,1168.75,212
2026-04-10 06:00:00+00:00,1169.0,1169.5,1168.0,1168.75,309
2026-04-10 07:00:00+00:00,1168.75,1171.75,1168.75,1171.5,1407
2026-04-10 08:00:00+00:00,1171.0,1173.25,1171.0,1171.25,1582
2026-04-10 09:00:00+00:00,1171.5,1171.5,1164.5,1166.0,1670
2026-04-10 10:00:00+00:00,1166.0,1166.5,1164.75,1165.75,1610
2026-04-10 11:00:00+00:00,1166.0,1169.25,1166.0,1168.5,1149
2026-04-10 12:00:00+00:00,1168.5,1171.5,1167.75,1170.5,8764
2026-04-10 13:00:00+00:00,1170.0,1174.5,1169.25,1170.75,19972
2026-04-10 14:00:00+00:00,1170.75,1174.5,1169.75,1173.25,27608
2026-04-10 15:00:00+00:00,1173.25,1175.75,1173.0,1175.25,12078
2026-04-10 16:00:00+00:00,1175.25,1178.5,1174.25,1176.25,18805
2026-04-10 17:00:00+00:00,1176.25,1179.25,1176.25,1178.0,13724
2026-04-10 18:00:00+00:00,1177.75,1178.0,1174.25,1175.75,13807
2026-04-13 00:00:00+00:00,1177.0,1183.75,1174.5,1181.75,12100
2026-04-13 01:00:00+00:00,1181.75,1181.75,1175.0,1175.75,2837
2026-04-13 02:00:00+00:00,1176.0,1177.0,1175.25,1176.25,415
2026-04-13 03:00:00+00:00,1176.25,1176.75,1175.5,1176.75,158
2026-04-13 04:00:00+00:00,1176.5,1176.75,1175.25,1176.0,342
2026-04-13 05:00:00+00:00,1175.75,1175.75,1172.25,1173.0,923
2026-04-13 06:00:00+00:00,1172.75,1173.5,1171.5,1172.25,793
2026-04-13 07:00:00+00:00,1172.25,1173.25,1171.5,1173.0,1262
2026-04-13 08:00:00+00:00,1172.75,1175.75,1171.5,1175.25,5607
2026-04-13 09:00:00+00:00,1175.0,1177.0,1174.5,1176.25,1135
2026-04-13 10:00:00+00:00,1176.25,1176.75,1174.0,1175.5,667
2026-04-13 11:00:00+00:00,1175.25,1175.75,1173.75,1175.0,1069
2026-04-13 12:00:00+00:00,1175.0,1175.5,1173.25,1174.75,1398
2026-04-13 13:00:00+00:00,1174.0,1176.75,1169.25,1171.75,16697
2026-04-13 14:00:00+00:00,1171.75,1173.5,1165.75,1166.0,21325
2026-04-13 15:00:00+00:00,1166.0,1169.5,1165.75,1167.75,13813
2026-04-13 16:00:00+00:00,1167.5,1169.0,1163.5,1166.25,8596
2026-04-13 17:00:00+00:00,1166.5,1169.5,1162.75,1163.0,15036
2026-04-13 18:00:00+00:00,1163.0,1163.5,1160.0,1160.75,18838
2026-04-14 00:00:00+00:00,1160.5,1164.25,1158.25,1162.0,0
2026-04-14 01:00:00+00:00,1162.25,1164.75,1162.0,1163.25,1182
2026-04-14 02:00:00+00:00,1163.25,1163.5,1162.25,1162.25,884
2026-04-14 03:00:00+00:00,1162.25,1164.5,1162.25,1162.5,247
2026-04-14 04:00:00+00:00,1162.5,1163.25,1162.0,1163.0,151
2026-04-14 05:00:00+00:00,1163.25,1163.25,1162.5,1163.25,278
2026-04-14 06:00:00+00:00,1163.25,1164.0,1162.5,1163.5,228
2026-04-14 07:00:00+00:00,1163.25,1164.75,1162.5,1164.25,1133
2026-04-14 08:00:00+00:00,1164.5,1165.75,1164.25,1165.0,2859
2026-04-14 09:00:00+00:00,1165.0,1165.0,1163.0,1163.75,5061
2026-04-14 10:00:00+00:00,1163.5,1165.0,1162.5,1163.5,498
2026-04-14 11:00:00+00:00,1163.5,1167.75,1163.25,1166.5,1806
2026-04-14 12:00:00+00:00,1166.25,1167.0,1165.0,1166.25,844
2026-04-14 13:00:00+00:00,1165.75,1168.5,1162.0,1167.75,14064
2026-04-14 14:00:00+00:00,1167.5,1168.0,1163.5,1165.5,19313
2026-04-14 15:00:00+00:00,1165.75,1166.25,1160.5,1161.75,13167
2026-04-14 16:00:00+00:00,1161.5,1161.5,1157.25,1157.5,9500
2026-04-14 17:00:00+00:00,1157.25,1161.25,1156.0,1159.0,18582
2026-04-14 18:00:00+00:00,1159.0,1159.5,1156.0,1156.5,13443
2026-04-15 00:00:00+00:00,1156.75,1160.0,1156.75,1159.75,0
2026-04-15 01:00:00+00:00,1160.0,1161.5,1159.25,1161.25,1274
2026-04-15 02:00:00+00:00,1161.25,1162.25,1161.0,1161.5,541
2026-04-15 03:00:00+00:00,1161.5,1161.75,1160.75,1161.0,1167
2026-04-15 04:00:00+00:00,1161.0,1161.0,1160.75,1161.0,1488
2026-04-15 05:00:00+00:00,1161.25,1162.75,1161.0,1162.0,1264
2026-04-15 06:00:00+00:00,1162.25,1163.75,1161.25,1163.5,707
2026-04-15 07:00:00+00:00,1163.5,1164.0,1162.0,1163.0,1306
2026-04-15 08:00:00+00:00,1163.25,1164.75,1163.0,1164.25,2567
2026-04-15 09:00:00+00:00,1164.25,1165.0,1163.75,1164.5,1374
2026-04-15 10:00:00+00:00,1164.75,1164.75,1163.0,1164.0,1285
2026-04-15 11:00:00+00:00,1164.0,1165.75,1161.75,1165.75,5536
2026-04-15 12:00:00+00:00,1165.75,1168.0,1165.5,1166.5,3650
2026-04-15 13:00:00+00:00,1165.25,1167.0,1163.75,1166.0,10687
2026-04-15 14:00:00+00:00,1166.0,1167.25,1163.25,1166.25,11978
2026-04-15 15:00:00+00:00,1166.0,1169.75,1165.5,1169.5,21364
2026-04-15 16:00:00+00:00,1169.75,1171.0,1167.5,1170.0,8761
2026-04-15 17:00:00+00:00,1169.75,1170.25,1166.25,1166.25,43392
2026-04-15 18:00:00+00:00,1166.5,1168.0,1165.0,1165.25,12989
2026-04-16 00:00:00+00:00,1165.75,1166.5,1164.0,1165.75,0
2026-04-16 01:00:00+00:00,1165.5,1167.0,1164.75,1166.5,472
2026-04-16 02:00:00+00:00,1166.5,1167.0,1166.0,1166.5,306
2026-04-16 03:00:00+00:00,1166.5,1167.25,1166.5,1166.75,173
2026-04-16 04:00:00+00:00,1167.0,1167.25,1166.5,1166.75,66
2026-04-16 05:00:00+00:00,1166.5,1166.5,1164.75,1165.25,2654
2026-04-16 06:00:00+00:00,1165.0,1168.25,1164.75,1167.0,512
2026-04-16 07:00:00+00:00,1167.0,1186.0,1166.0,1185.75,3174
2026-04-16 08:00:00+00:00,1186.0,1186.25,1183.0,1183.25,1957
2026-04-16 09:00:00+00:00,1183.25,1183.25,1163.5,1163.75,8875
2026-04-16 10:00:00+00:00,1163.5,1164.25,1163.0,1163.5,1676
2026-04-16 11:00:00+00:00,1163.25,1166.0,1162.75,1165.0,1219
2026-04-16 12:00:00+00:00,1165.0,1165.5,1163.75,1165.25,2473
2026-04-16 13:00:00+00:00,1165.0,1169.5,1163.25,1168.0,12467
2026-04-16 14:00:00+00:00,1168.0,1170.0,1166.5,1168.5,23654
2026-04-16 15:00:00+00:00,1168.5,1169.0,1164.25,1167.0,15499
2026-04-16 16:00:00+00:00,1167.0,1169.25,1165.75,1167.0,7472
2026-04-16 17:00:00+00:00,1167.0,1167.0,1162.25,1162.75,9676
2026-04-16 18:00:00+00:00,1162.75,1165.0,1162.25,1162.5,8274
2026-04-17 00:00:00+00:00,1162.75,1164.75,1161.0,1164.5,0
2026-04-17 01:00:00+00:00,1164.75,1165.75,1163.0,1164.5,2268
2026-04-17 02:00:00+00:00,1164.25,1165.0,1162.5,1163.0,1938
2026-04-17 03:00:00+00:00,1162.75,1163.5,1162.5,1163.0,90
2026-04-17 04:00:00+00:00,1163.0,1163.25,1162.75,1162.75,156
2026-04-17 05:00:00+00:00,1162.5,1163.0,1161.25,1162.75,357
2026-04-17 06:00:00+00:00,1163.0,1163.0,1162.0,1162.25,729
2026-04-17 07:00:00+00:00,1162.25,1163.0,1161.5,1162.25,2681
2026-04-17 08:00:00+00:00,1162.25,1163.0,1161.5,1161.75,1012
2026-04-17 09:00:00+00:00,1161.75,1161.75,1159.25,1159.75,3117
2026-04-17 10:00:00+00:00,1159.75,1161.25,1159.75,1160.75,821
2026-04-17 11:00:00+00:00,1160.75,1161.5,1158.5,1159.25,1082
2026-04-17 12:00:00+00:00,1159.25,1160.0,1157.75,1158.5,1374
2026-04-17 13:00:00+00:00,1157.75,1158.0,1151.5,1155.75,23416
2026-04-17 14:00:00+00:00,1155.75,1160.75,1155.75,1160.5,26296
2026-04-17 15:00:00+00:00,1160.5,1163.25,1159.75,1162.25,9736
2026-04-17 16:00:00+00:00,1162.25,1179.75,1160.25,1179.25,7871
2026-04-17 17:00:00+00:00,1179.5,1183.5,1179.25,1181.5,8989
2026-04-17 18:00:00+00:00,1181.25,1183.25,1181.0,1183.0,10051
2026-04-20 00:00:00+00:00,1183.25,1187.25,1181.75,1181.75,1727
2026-04-20 01:00:00+00:00,1181.5,1183.25,1180.0,1180.75,604
2026-04-20 02:00:00+00:00,1181.0,1182.5,1180.75,1182.0,318
2026-04-20 09:00:00+00:00,1167.25,1167.75,1166.5,1167.75,6301
2026-04-20 10:00:00+00:00,1168.0,1168.25,1166.5,1167.75,677
2026-04-20 11:00:00+00:00,1167.75,1167.75,1165.5,1166.25,1736
2026-04-20 12:00:00+00:00,1166.5,1166.5,1164.0,1165.5,1291
2026-04-20 13:00:00+00:00,1164.5,1165.5,1161.25,1163.5,9505
2026-04-20 14:00:00+00:00,1163.5,1166.0,1161.0,1164.25,15204
2026-04-20 15:00:00+00:00,1164.5,1182.75,1163.0,1182.25,7333
2026-04-20 16:00:00+00:00,1182.5,1184.5,1181.5,1183.75,6693
2026-04-20 17:00:00+00:00,1183.5,1184.25,1181.0,1182.75,5580
2026-04-20 18:00:00+00:00,1183.0,1183.0,1180.5,1180.75,5196
2026-04-21 00:00:00+00:00,1181.0,1183.25,1180.75,1182.5,0
2026-04-21 01:00:00+00:00,1182.75,1185.0,1182.25,1184.0,2875
2026-04-21 02:00:00+00:00,1184.25,1184.75,1184.0,1184.5,340
2026-04-21 03:00:00+00:00,1184.5,1184.5,1183.75,1184.5,172
2026-04-21 04:00:00+00:00,1184.5,1184.5,1184.0,1184.25,118
2026-04-21 05:00:00+00:00,1184.25,1185.75,1184.25,1185.5,1711
2026-04-21 06:00:00+00:00,1185.5,1188.75,1181.75,1188.25,2843
2026-04-21 07:00:00+00:00,1188.5,1189.0,1187.25,1188.25,1161
2026-04-21 08:00:00+00:00,1188.25,1188.5,1187.5,1188.0,958
2026-04-21 09:00:00+00:00,1188.25,1189.5,1187.75,1188.0,665
2026-04-21 10:00:00+00:00,1188.0,1188.25,1186.75,1187.0,747
2026-04-21 11:00:00+00:00,1187.25,1188.5,1186.0,1186.25,1446
2026-04-21 12:00:00+00:00,1186.5,1188.0,1186.5,1187.75,1899
2026-04-21 13:00:00+00:00,1188.0,1192.25,1186.5,1191.0,19734
2026-04-21 14:00:00+00:00,1191.0,1194.75,1190.0,1194.5,19091
2026-04-21 15:00:00+00:00,1194.5,1194.75,1192.0,1193.0,9131
2026-04-21 16:00:00+00:00,1193.0,1193.5,1190.0,1191.75,10623
2026-04-21 17:00:00+00:00,1191.5,1191.75,1189.0,1190.5,10788
2026-04-21 18:00:00+00:00,1190.5,1192.25,1189.5,1190.5,12635
2026-04-22 00:00:00+00:00,1191.5,1192.25,1189.0,1192.0,0
2026-04-22 01:00:00+00:00,1192.0,1196.0,1191.5,1196.0,3190
2026-04-22 02:00:00+00:00,1196.0,1198.0,1195.75,1197.5,3919
2026-04-22 03:00:00+00:00,1197.75,1201.25,1197.25,1199.0,3206
2026-04-22 04:00:00+00:00,1199.0,1199.5,1198.75,1199.5,291
2026-04-22 05:00:00+00:00,1199.5,1199.5,1196.25,1197.0,940
2026-04-22 06:00:00+00:00,1197.0,1199.0,1196.5,1198.75,974
2026-04-22 07:00:00+00:00,1198.5,1200.0,1198.0,1199.75,3562
2026-04-22 08:00:00+00:00,1199.75,1200.75,1198.5,1199.25,6873
2026-04-22 09:00:00+00:00,1199.25,1199.75,1198.0,1199.25,2177
2026-04-22 10:00:00+00:00,1199.25,1199.5,1198.0,1198.0,1177
2026-04-22 11:00:00+00:00,1198.0,1198.0,1195.5,1196.5,1606
2026-04-22 12:00:00+00:00,1196.75,1197.25,1193.0,1193.5,2454
2026-04-22 13:00:00+00:00,1193.5,1195.0,1191.25,1193.0,18520
2026-04-22 14:00:00+00:00,1193.0,1194.25,1190.25,1192.25,16336
2026-04-22 15:00:00+00:00,1192.5,1192.5,1186.0,1187.75,20344
2026-04-22 16:00:00+00:00,1187.5,1187.75,1185.0,1185.75,11381
2026-04-22 17:00:00+00:00,1185.75,1186.0,1180.25,1180.75,14217
2026-04-22 18:00:00+00:00,1180.75,1181.0,1178.0,1179.0,14594
2026-04-23 00:00:00+00:00,1180.25,1183.75,1178.75,1179.75,0
2026-04-23 01:00:00+00:00,1180.0,1182.75,1178.5,1178.75,2654
2026-04-23 02:00:00+00:00,1178.75,1181.25,1178.25,1181.25,953
2026-04-23 03:00:00+00:00,1181.0,1181.5,1180.0,1180.75,615
2026-04-23 04:00:00+00:00,1180.5,1180.75,1180.25,1180.5,81
2026-04-23 05:00:00+00:00,1180.25,1181.0,1180.25,1180.75,376
2026-04-23 06:00:00+00:00,1180.75,1181.0,1179.25,1180.25,1049
2026-04-23 07:00:00+00:00,1180.25,1181.0,1179.0,1179.75,1454
2026-04-23 08:00:00+00:00,1179.75,1182.0,1179.5,1181.0,1855
2026-04-23 09:00:00+00:00,1181.25,1182.0,1180.25,1181.75,420
2026-04-23 10:00:00+00:00,1181.75,1181.75,1179.5,1179.5,427
2026-04-23 11:00:00+00:00,1179.75,1181.0,1176.5,1177.25,1615
2026-04-23 12:00:00+00:00,1177.0,1178.25,1176.25,1177.25,2515
2026-04-23 13:00:00+00:00,1177.0,1180.25,1174.5,1177.25,20747
2026-04-23 14:00:00+00:00,1177.25,1179.0,1174.5,1174.75,22721
2026-04-23 15:00:00+00:00,1174.75,1178.25,1174.0,1176.0,18881
2026-04-23 16:00:00+00:00,1176.0,1176.0,1172.75,1174.25,12897
2026-04-23 17:00:00+00:00,1174.0,1175.5,1173.0,1174.0,14797
2026-04-23 18:00:00+00:00,1174.0,1176.25,1172.5,1174.75,12770
2026-04-24 00:00:00+00:00,1175.0,1176.0,1173.0,1175.0,0
2026-04-24 01:00:00+00:00,1175.25,1176.5,1172.5,1173.0,1190
2026-04-24 02:00:00+00:00,1173.0,1174.0,1171.25,1171.5,2270
2026-04-24 03:00:00+00:00,1171.5,1173.25,1171.5,1172.75,2217
2026-04-24 04:00:00+00:00,1173.25,1173.75,1173.0,1173.0,380
2026-04-24 05:00:00+00:00,1173.25,1175.0,1173.0,1174.25,1396
2026-04-24 06:00:00+00:00,1174.5,1176.5,1172.75,1174.25,4922
2026-04-24 07:00:00+00:00,1174.5,1177.0,1174.0,1176.5,1720
2026-04-24 08:00:00+00:00,1176.5,1178.25,1176.5,1177.0,1654
2026-04-24 09:00:00+00:00,1176.75,1178.25,1176.75,1177.75,1252
2026-04-24 10:00:00+00:00,1177.75,1178.25,1177.0,1177.75,360
2026-04-24 11:00:00+00:00,1177.5,1177.5,1174.25,1175.5,3033
2026-04-24 12:00:00+00:00,1175.25,1176.5,1174.75,1175.25,2863
2026-04-24 13:00:00+00:00,1174.75,1176.25,1173.25,1174.5,11629
2026-04-24 14:00:00+00:00,1174.25,1176.25,1172.0,1172.75,16777
2026-04-24 15:00:00+00:00,1173.0,1174.25,1172.0,1173.75,8213
2026-04-24 16:00:00+00:00,1173.75,1178.0,1173.25,1177.5,7243
2026-04-24 17:00:00+00:00,1177.5,1178.75,1176.0,1178.25,13476
2026-04-24 18:00:00+00:00,1178.25,1179.25,1176.75,1178.5,8909
