datetime,open,high,low,close,volume
2026-02-13 05:00:00+00:00,1137.25,1137.25,1136.75,1136.75,28
2026-02-13 05:15:00+00:00,1136.75,1136.75,1135.5,1135.5,331
2026-02-13 05:30:00+00:00,1135.75,1136.0,1134.5,1135.0,2721
2026-02-13 05:45:00+00:00,1134.75,1135.75,1134.75,1135.75,52
2026-02-13 06:00:00+00:00,1135.75,1136.0,1135.5,1135.5,200
2026-02-13 06:15:00+00:00,1135.5,1136.0,1135.25,1135.25,116
2026-02-13 06:30:00+00:00,1135.25,1135.25,1134.25,1134.25,97
2026-02-13 06:45:00+00:00,1134.5,1136.75,1134.0,1134.75,698
2026-02-13 07:00:00+00:00,1134.5,1134.5,1133.25,1133.25,228
2026-02-13 07:15:00+00:00,1133.25,1133.25,1131.5,1132.5,1353
2026-02-13 07:30:00+00:00,1132.25,1132.75,1132.25,1132.75,151
2026-02-13 07:45:00+00:00,1132.75,1133.5,1132.5,1132.5,153
2026-02-13 08:00:00+00:00,1132.75,1134.0,1132.75,1133.5,319
2026-02-13 08:15:00+00:00,1133.25,1133.5,1132.5,1133.5,139
2026-02-13 08:30:00+00:00,1133.5,1133.5,1133.0,1133.25,107
2026-02-13 08:45:00+00:00,1133.5,1134.5,1133.25,1133.5,760
2026-02-13 09:00:00+00:00,1133.5,1133.5,1131.0,1132.0,617
2026-02-13 09:15:00+00:00,1132.0,1134.0,1132.0,1133.5,161
2026-02-13 09:30:00+00:00,1133.25,1135.25,1133.25,1135.25,597
2026-02-13 09:45:00+00:00,1135.25,1135.25,1133.25,1133.5,131
2026-02-13 10:00:00+00:00,1133.5,1134.0,1133.5,1133.5,197
2026-02-13 10:15:00+00:00,1133.75,1133.75,1133.25,1133.5,143
2026-02-13 10:30:00+00:00,1133.5,1133.75,1132.25,1132.75,186
2026-02-13 10:45:00+00:00,1132.75,1133.5,1132.5,1133.5,114
2026-02-13 11:00:00+00:00,1133.5,1133.5,1132.0,1132.5,183
2026-02-13 11:15:00+00:00,1132.75,1133.5,1132.75,1133.5,271
2026-02-13 11:30:00+00:00,1133.5,1133.5,1132.25,1132.25,67
2026-02-13 11:45:00+00:00,1132.25,1132.5,1130.0,1131.5,804
2026-02-13 12:00:00+00:00,1131.5,1133.25,1131.25,1133.0,170
2026-02-13 12:15:00+00:00,1133.25,1133.25,1131.75,1132.25,1777
2026-02-13 12:30:00+00:00,1132.25,1132.75,1132.25,1132.5,120
2026-02-13 12:45:00+00:00,1132.25,1132.25,1128.25,1129.25,1568
2026-02-13 13:00:00+00:00,1129.25,1129.5,1127.5,1128.75,1095
2026-02-13 13:15:00+00:00,1128.5,1130.25,1127.0,1130.0,1994
2026-02-13 13:30:00+00:00,1130.25,1131.75,1129.5,1129.75,1155
2026-02-13 14:30:00+00:00,1128.75,1132.5,1128.25,1130.5,12274
2026-02-13 14:45:00+00:00,1130.5,1130.75,1126.5,1127.25,3148
2026-02-13 15:00:00+00:00,1127.5,1128.0,1122.0,1126.25,11692
2026-02-13 15:15:00+00:00,1126.25,1129.0,1126.0,1126.75,3184
2026-02-13 15:30:00+00:00,1126.5,1131.25,1126.25,1128.0,9685
2026-02-13 15:45:00+00:00,1128.0,1128.0,1125.5,1127.5,9338
2026-02-13 16:00:00+00:00,1127.5,1130.0,1126.75,1129.5,6654
2026-02-13 16:15:00+00:00,1129.5,1131.0,1129.0,1130.5,3025
2026-02-13 16:30:00+00:00,1130.75,1131.0,1129.0,1129.5,1714
2026-02-13 16:45:00+00:00,1129.5,1131.75,1129.25,1131.25,3227
2026-02-13 17:00:00+00:00,1131.25,1132.0,1130.5,1130.75,1364
2026-02-13 17:15:00+00:00,1131.0,1131.25,1130.25,1131.0,1736
2026-02-13 17:30:00+00:00,1131.25,1131.25,1129.5,1131.0,1536
2026-02-13 17:45:00+00:00,1131.0,1133.0,1131.0,1133.0,1938
2026-02-13 18:00:00+00:00,1133.25,1134.25,1132.75,1133.25,4013
2026-02-13 18:15:00+00:00,1133.25,1134.0,1132.75,1133.5,11884
2026-02-13 18:30:00+00:00,1133.5,1135.5,1133.5,1134.0,2408
2026-02-13 18:45:00+00:00,1134.0,1135.75,1134.0,1135.5,3362
2026-02-13 19:00:00+00:00,1135.5,1135.75,1132.0,1133.0,11071
2026-02-13 19:15:00+00:00,1133.25,1134.75,1132.75,1134.75,2866
2026-02-17 05:30:00+00:00,1118.75,1118.75,1118.75,1118.75,2
2026-02-17 06:45:00+00:00,1119.5,1119.5,1119.5,1119.5,1
2026-02-17 08:00:00+00:00,1121.0,1121.0,1121.0,1121.0,1
2026-02-17 08:30:00+00:00,1144.75,1145.25,1144.25,1145.0,7357
2026-02-17 08:45:00+00:00,1145.0,1145.25,1144.25,1144.75,185
2026-02-17 09:00:00+00:00,1144.5,1145.0,1143.5,1143.75,176
2026-02-17 09:15:00+00:00,1143.75,1144.5,1143.75,1144.25,22
2026-02-17 09:30:00+00:00,1144.0,1144.75,1143.5,1144.0,85
2026-02-17 09:45:00+00:00,1144.25,1146.75,1144.0,1146.0,1722
2026-02-17 10:00:00+00:00,1146.5,1147.5,1146.5,1147.25,406
2026-02-17 10:15:00+00:00,1147.25,1147.5,1146.5,1147.0,182
2026-02-17 10:30:00+00:00,1146.75,1147.25,1146.25,1146.75,94
2026-02-17 10:45:00+00:00,1146.75,1147.25,1146.5,1147.25,34
2026-02-17 11:00:00+00:00,1147.25,1147.75,1146.75,1147.25,82
2026-02-17 11:15:00+00:00,1147.5,1147.75,1147.25,1147.75,26
2026-02-17 11:30:00+00:00,1147.75,1148.0,1147.25,1147.25,93
2026-02-17 11:45:00+00:00,1147.25,1148.5,1147.25,1147.75,398
2026-02-17 12:00:00+00:00,1147.5,1147.5,1146.25,1146.75,179
2026-02-17 12:15:00+00:00,1147.0,1148.0,1147.0,1147.75,163
2026-02-17 12:30:00+00:00,1147.5,1148.25,1147.25,1148.0,67
2026-02-17 12:45:00+00:00,1148.0,1148.0,1145.0,1146.0,920
2026-02-17 13:00:00+00:00,1145.75,1146.0,1144.5,1144.75,473
2026-02-17 13:15:00+00:00,1145.25,1145.75,1144.0,1145.75,1079
2026-02-17 13:30:00+00:00,1145.5,1145.75,1144.75,1145.25,579
2026-02-17 14:30:00+00:00,1145.0,1148.75,1142.75,1147.25,11969
2026-02-17 14:45:00+00:00,1147.5,1151.75,1145.5,1151.0,6628
2026-02-17 15:00:00+00:00,1150.75,1151.75,1147.75,1148.0,6127
2026-02-17 15:15:00+00:00,1148.0,1149.5,1146.5,1148.25,4385
2026-02-17 15:30:00+00:00,1148.25,1151.5,1148.0,1149.0,4907
2026-02-17 15:45:00+00:00,1149.0,1149.25,1146.75,1148.5,7687
2026-02-17 16:00:00+00:00,1149.0,1151.0,1148.75,1150.5,7641
2026-02-17 16:15:00+00:00,1151.0,1152.5,1150.5,1151.0,2293
2026-02-17 16:30:00+00:00,1151.0,1152.5,1150.5,1151.75,3898
2026-02-17 16:45:00+00:00,1152.0,1153.25,1151.5,1153.0,6267
2026-02-17 17:00:00+00:00,1153.0,1153.75,1151.0,1152.0,6721
2026-02-17 17:15:00+00:00,1151.75,1152.0,1150.0,1152.0,1826
2026-02-17 17:30:00+00:00,1151.75,1152.0,1150.25,1150.5,1710
2026-02-17 17:45:00+00:00,1150.25,1150.5,1149.0,1149.5,1257
2026-02-17 18:00:00+00:00,1149.25,1150.0,1148.25,1149.25,2305
2026-02-17 18:15:00+00:00,1149.25,1149.5,1148.25,1148.75,1428
2026-02-17 18:30:00+00:00,1148.75,1149.75,1148.25,1149.5,3460
2026-02-17 18:45:00+00:00,1149.5,1149.5,1147.5,1148.5,2758
2026-02-17 19:00:00+00:00,1148.5,1150.0,1147.75,1148.75,10003
2026-02-17 19:15:00+00:00,1148.75,1150.0,1148.5,1150.0,498
2026-02-18 01:00:00+00:00,1149.25,1154.75,1149.25,1154.0,256
2026-02-18 01:15:00+00:00,1154.0,1157.5,1153.75,1156.5,1209
2026-02-18 01:30:00+00:00,1156.5,1156.75,1156.0,1156.5,473
2026-02-18 01:45:00+00:00,1156.5,1156.5,1154.5,1155.25,520
2026-02-18 02:00:00+00:00,1155.25,1155.5,1155.0,1155.25,100
2026-02-18 02:15:00+00:00,1155.25,1155.5,1155.0,1155.0,48
2026-02-18 02:30:00+00:00,1154.75,1155.75,1154.75,1155.75,29
2026-02-18 02:45:00+00:00,1155.75,1155.75,1155.0,1155.25,30
2026-02-18 03:00:00+00:00,1155.5,1156.25,1155.25,1155.25,187
2026-02-18 03:15:00+00:00,1155.0,1155.5,1155.0,1155.25,16
2026-02-18 03:30:00+00:00,1155.25,1155.5,1155.0,1155.25,29
2026-02-18 03:45:00+00:00,1155.25,1155.25,1155.0,1155.25,44
2026-02-18 04:00:00+00:00,1155.25,1155.25,1155.25,1155.25,4
2026-02-18 04:15:00+00:00,1155.5,1155.75,1155.25,1155.75,37
2026-02-18 04:45:00+00:00,1155.5,1155.75,1155.25,1155.5,46
2026-02-18 05:00:00+00:00,1155.5,1155.5,1155.25,1155.25,52
2026-02-18 05:15:00+00:00,1155.25,1155.25,1154.75,1155.0,12
2026-02-18 05:30:00+00:00,1155.25,1155.25,1155.0,1155.25,22
2026-02-18 05:45:00+00:00,1155.0,1155.25,1154.5,1155.25,47
2026-02-18 06:00:00+00:00,1155.25,1155.25,1155.0,1155.0,34
2026-02-18 06:15:00+00:00,1155.25,1156.0,1155.0,1156.0,114
2026-02-18 06:30:00+00:00,1156.0,1156.5,1156.0,1156.25,75
2026-02-18 06:45:00+00:00,1156.5,1156.5,1156.0,1156.0,93
2026-02-18 07:00:00+00:00,1156.0,1156.5,1155.75,1156.5,357
2026-02-18 07:15:00+00:00,1156.25,1156.25,1155.75,1155.75,20
2026-02-18 07:30:00+00:00,1156.0,1156.5,1155.75,1155.75,669
2026-02-18 07:45:00+00:00,1155.75,1155.75,1155.0,1155.25,197
2026-02-18 08:00:00+00:00,1155.5,1156.5,1155.5,1156.5,195
2026-02-18 08:15:00+00:00,1156.75,1157.25,1155.5,1156.0,785
2026-02-18 08:30:00+00:00,1155.75,1156.0,1155.5,1155.5,145
2026-02-18 08:45:00+00:00,1155.25,1155.5,1155.0,1155.25,41
2026-02-18 09:00:00+00:00,1155.25,1156.5,1155.25,1156.5,144
2026-02-18 09:15:00+00:00,1156.5,1157.5,1156.5,1157.0,129
2026-02-18 09:30:00+00:00,1157.0,1157.75,1156.25,1156.5,1640
2026-02-18 09:45:00+00:00,1156.5,1158.5,1156.5,1158.0,379
2026-02-18 10:00:00+00:00,1158.25,1158.75,1158.0,1158.5,375
2026-02-18 10:15:00+00:00,1158.25,1158.5,1157.5,1157.75,152
2026-02-18 10:30:00+00:00,1157.5,1157.75,1157.25,1157.25,212
2026-02-18 10:45:00+00:00,1157.25,1157.75,1157.0,1157.5,204
2026-02-18 11:00:00+00:00,1157.5,1158.5,1157.25,1158.5,221
2026-02-18 11:15:00+00:00,1158.25,1158.5,1157.75,1157.75,244
2026-02-18 11:30:00+00:00,1158.0,1158.25,1157.5,1158.0,115
2026-02-18 11:45:00+00:00,1157.75,1159.0,1157.75,1158.25,768
2026-02-18 12:00:00+00:00,1158.25,1158.5,1157.0,1157.5,913
2026-02-18 12:15:00+00:00,1157.5,1157.5,1156.0,1156.25,672
2026-02-18 12:30:00+00:00,1156.5,1156.5,1155.5,1155.5,778
2026-02-18 12:45:00+00:00,1155.5,1156.5,1155.25,1156.0,884
2026-02-18 13:00:00+00:00,1155.75,1157.0,1155.25,1155.75,974
2026-02-18 13:15:00+00:00,1155.5,1155.75,1153.5,1154.25,4915
2026-02-18 13:30:00+00:00,1154.25,1155.0,1153.75,1155.0,1429
2026-02-18 14:30:00+00:00,1154.75,1157.5,1151.0,1152.5,13241
2026-02-18 14:45:00+00:00,1152.5,1155.75,1151.5,1155.0,4071
2026-02-18 15:00:00+00:00,1155.25,1156.75,1154.75,1156.0,4221
2026-02-18 15:15:00+00:00,1156.25,1156.25,1154.0,1155.25,7287
2026-02-18 15:30:00+00:00,1155.25,1155.25,1150.5,1151.5,3130
2026-02-18 15:45:00+00:00,1151.25,1152.5,1150.0,1150.5,3415
2026-02-18 16:00:00+00:00,1150.75,1152.0,1150.0,1151.75,2883
2026-02-18 16:15:00+00:00,1151.75,1153.25,1151.25,1152.5,3857
2026-02-18 16:30:00+00:00,1152.25,1153.25,1151.0,1151.5,2652
2026-02-18 16:45:00+00:00,1151.5,1152.0,1148.25,1150.5,8871
2026-02-18 17:00:00+00:00,1150.5,1150.5,1145.75,1146.25,4709
2026-02-18 17:15:00+00:00,1146.5,1147.25,1144.0,1145.75,8829
2026-02-18 17:30:00+00:00,1146.0,1146.0,1143.25,1144.5,7015
2026-02-18 17:45:00+00:00,1144.75,1148.75,1144.5,1146.75,3250
2026-02-18 18:00:00+00:00,1146.75,1148.75,1146.75,1148.5,2540
2026-02-18 18:15:00+00:00,1148.25,1149.5,1147.75,1149.0,3157
2026-02-18 18:30:00+00:00,1149.0,1149.25,1147.75,1147.75,1525
2026-02-18 18:45:00+00:00,1147.5,1148.75,1147.5,1148.25,1496
2026-02-18 19:00:00+00:00,1148.0,1149.5,1147.75,1149.0,6568
2026-02-18 19:15:00+00:00,1149.0,1149.75,1147.75,1147.75,1611
2026-02-19 01:00:00+00:00,1148.0,1149.0,1144.75,1148.75,221
2026-02-19 01:15:00+00:00,1148.75,1148.75,1147.5,1148.75,196
2026-02-19 01:30:00+00:00,1149.0,1149.75,1148.25,1148.75,242
2026-02-19 01:45:00+00:00,1148.75,1149.5,1148.75,1149.25,57
2026-02-19 02:00:00+00:00,1149.0,1149.0,1148.75,1148.75,24
2026-02-19 02:15:00+00:00,1149.0,1149.0,1148.75,1149.0,43
2026-02-19 02:30:00+00:00,1148.75,1149.0,1148.5,1149.0,71
2026-02-19 02:45:00+00:00,1149.0,1149.25,1148.75,1149.25,88
2026-02-19 03:00:00+00:00,1149.25,1150.0,1149.25,1149.75,53
2026-02-19 03:15:00+00:00,1149.75,1151.0,1149.75,1150.5,171
2026-02-19 03:30:00+00:00,1150.5,1151.0,1150.25,1150.5,152
2026-02-19 03:45:00+00:00,1150.75,1151.0,1150.5,1151.0,708
2026-02-19 04:00:00+00:00,1151.0,1151.0,1150.25,1150.75,134
2026-02-19 04:15:00+00:00,1150.5,1150.5,1149.75,1150.0,52
2026-02-19 04:30:00+00:00,1149.75,1150.0,1149.75,1149.75,91
2026-02-19 04:45:00+00:00,1149.75,1149.75,1149.5,1149.5,15
2026-02-19 05:00:00+00:00,1149.5,1149.5,1149.5,1149.5,38
2026-02-19 05:15:00+00:00,1149.5,1149.5,1149.25,1149.25,35
2026-02-19 05:30:00+00:00,1149.5,1149.75,1149.25,1149.75,27
2026-02-19 05:45:00+00:00,1149.75,1150.0,1149.5,1150.0,25
2026-02-19 06:00:00+00:00,1149.75,1150.75,1149.75,1150.5,202
2026-02-19 06:15:00+00:00,1150.5,1150.75,1150.25,1150.25,5
2026-02-19 06:30:00+00:00,1150.75,1150.75,1150.75,1150.75,5
2026-02-19 06:45:00+00:00,1150.75,1151.0,1150.75,1150.75,34
2026-02-19 07:00:00+00:00,1151.0,1151.0,1150.25,1150.5,42
2026-02-19 07:15:00+00:00,1150.5,1150.5,1150.25,1150.25,37
2026-02-19 07:30:00+00:00,1150.25,1150.75,1150.25,1150.75,64
2026-02-19 07:45:00+00:00,1150.75,1150.75,1150.0,1150.5,75
2026-02-19 08:00:00+00:00,1150.5,1150.5,1150.0,1150.0,60
2026-02-19 08:15:00+00:00,1150.25,1151.5,1150.25,1151.5,1232
2026-02-19 08:30:00+00:00,1151.5,1153.0,1151.0,1153.0,343
2026-02-19 08:45:00+00:00,1153.0,1153.75,1152.75,1153.25,527
2026-02-19 09:00:00+00:00,1153.5,1153.75,1153.0,1153.0,211
2026-02-19 09:15:00+00:00,1152.75,1153.0,1151.25,1151.5,112
2026-02-19 09:30:00+00:00,1151.5,1152.75,1150.5,1152.25,849
2026-02-19 09:45:00+00:00,1152.0,1153.0,1151.25,1152.75,2252
2026-02-19 10:00:00+00:00,1152.75,1152.75,1151.75,1152.75,1503
2026-02-19 10:15:00+00:00,1152.5,1153.25,1151.75,1152.75,270
2026-02-19 10:30:00+00:00,1152.5,1153.75,1152.5,1153.5,74
2026-02-19 10:45:00+00:00,1153.25,1154.25,1153.25,1153.75,215
2026-02-19 11:00:00+00:00,1153.5,1153.5,1153.0,1153.5,148
2026-02-19 11:15:00+00:00,1153.5,1153.5,1152.5,1152.75,42
2026-02-19 11:30:00+00:00,1152.75,1153.0,1151.75,1151.75,60
2026-02-19 11:45:00+00:00,1151.5,1151.5,1150.0,1150.75,900
2026-02-19 12:00:00+00:00,1150.75,1152.0,1150.0,1152.0,771
2026-02-19 12:15:00+00:00,1152.25,1152.5,1151.0,1151.5,363
2026-02-19 12:30:00+00:00,1151.5,1151.5,1150.25,1150.5,530
2026-02-19 12:45:00+00:00,1150.5,1150.5,1148.5,1149.0,388
2026-02-19 13:00:00+00:00,1149.25,1149.25,1147.25,1147.25,521
2026-02-19 13:15:00+00:00,1147.5,1148.75,1147.5,1148.75,560
2026-02-19 13:30:00+00:00,1148.5,1150.25,1148.25,1149.75,1100
2026-02-19 14:30:00+00:00,1149.0,1150.75,1146.5,1149.75,10740
2026-02-19 14:45:00+00:00,1150.0,1152.25,1147.0,1149.25,9322
2026-02-19 15:00:00+00:00,1149.25,1153.0,1148.0,1151.75,4701
2026-02-19 15:15:00+00:00,1152.0,1152.75,1150.75,1152.5,4400
2026-02-19 15:30:00+00:00,1152.25,1152.75,1149.5,1152.5,3254
2026-02-19 15:45:00+00:00,1152.25,1153.0,1149.0,1150.0,2615
2026-02-19 16:00:00+00:00,1150.0,1151.0,1149.25,1150.25,2125
2026-02-19 16:15:00+00:00,1150.5,1153.0,1150.25,1152.25,3720
2026-02-19 16:30:00+00:00,1152.25,1152.25,1148.75,1150.5,3653
2026-02-19 16:45:00+00:00,1150.5,1152.0,1150.5,1150.75,2415
2026-02-19 17:00:00+00:00,1151.0,1152.25,1150.25,1152.25,2410
2026-02-19 17:15:00+00:00,1152.25,1153.0,1151.75,1151.75,3255
2026-02-19 17:30:00+00:00,1152.0,1153.5,1151.75,1152.75,2277
2026-02-19 17:45:00+00:00,1152.75,1154.0,1152.5,1153.5,1727
2026-02-19 18:00:00+00:00,1153.5,1153.75,1152.25,1153.25,2511
2026-02-19 18:15:00+00:00,1153.25,1154.75,1152.5,1154.25,2349
2026-02-19 18:30:00+00:00,1154.5,1154.75,1153.75,1154.0,1715
2026-02-19 18:45:00+00:00,1154.0,1154.75,1154.0,1154.75,8264
2026-02-19 19:00:00+00:00,1154.75,1157.0,1154.0,1155.5,8975
2026-02-19 19:15:00+00:00,1155.5,1156.75,1155.25,1156.5,1925
2026-02-20 01:00:00+00:00,1155.0,1157.75,1153.0,1156.25,199
2026-02-20 01:15:00+00:00,1156.0,1156.75,1155.75,1156.5,150
2026-02-20 01:30:00+00:00,1156.25,1156.5,1156.0,1156.5,58
2026-02-20 01:45:00+00:00,1156.5,1157.25,1156.5,1156.75,342
2026-02-20 02:00:00+00:00,1156.75,1157.25,1156.0,1156.0,162
2026-02-20 02:15:00+00:00,1155.75,1156.0,1155.0,1155.75,98
2026-02-20 02:30:00+00:00,1155.75,1156.25,1155.5,1155.75,46
2026-02-20 02:45:00+00:00,1156.0,1156.25,1155.75,1156.25,14
2026-02-20 03:00:00+00:00,1156.0,1156.0,1155.5,1155.75,48
2026-02-20 03:15:00+00:00,1155.75,1156.0,1154.5,1154.5,112
2026-02-20 03:30:00+00:00,1154.5,1154.75,1154.25,1154.5,248
2026-02-20 03:45:00+00:00,1154.25,1155.0,1154.25,1155.0,29
2026-02-20 04:00:00+00:00,1155.0,1155.0,1154.25,1154.5,118
2026-02-20 04:15:00+00:00,1154.75,1155.0,1154.5,1154.5,7
2026-02-20 04:30:00+00:00,1154.75,1155.0,1154.25,1154.5,41
2026-02-20 04:45:00+00:00,1154.5,1154.75,1154.5,1154.75,6
2026-02-20 05:00:00+00:00,1154.75,1155.75,1154.75,1155.0,86
2026-02-20 05:15:00+00:00,1155.0,1155.25,1155.0,1155.25,18
2026-02-20 05:30:00+00:00,1155.25,1155.25,1155.0,1155.0,18
2026-02-20 05:45:00+00:00,1155.25,1155.5,1155.0,1155.5,64
2026-02-20 06:00:00+00:00,1155.25,1155.25,1155.0,1155.25,19
2026-02-20 06:15:00+00:00,1155.25,1155.25,1155.0,1155.25,8
2026-02-20 06:30:00+00:00,1155.25,1155.75,1155.25,1155.5,48
2026-02-20 06:45:00+00:00,1155.5,1155.5,1154.75,1155.25,55
2026-02-20 07:00:00+00:00,1155.0,1155.25,1154.5,1154.75,56
2026-02-20 07:15:00+00:00,1154.75,1155.25,1154.75,1155.0,54
2026-02-20 07:30:00+00:00,1155.0,1155.25,1154.5,1154.5,244
2026-02-20 07:45:00+00:00,1154.5,1154.75,1153.0,1153.0,156
2026-02-20 08:00:00+00:00,1153.25,1153.25,1152.25,1153.25,323
2026-02-20 08:15:00+00:00,1153.0,1154.0,1153.0,1153.5,132
2026-02-20 08:30:00+00:00,1153.75,1154.25,1153.0,1153.0,89
2026-02-20 08:45:00+00:00,1153.25,1153.5,1152.25,1152.25,126
2026-02-20 09:00:00+00:00,1152.25,1153.75,1152.0,1153.75,91
2026-02-20 09:15:00+00:00,1153.5,1154.5,1153.5,1154.5,85
2026-02-20 09:30:00+00:00,1154.25,1154.75,1153.75,1153.75,131
2026-02-20 09:45:00+00:00,1153.75,1153.75,1152.25,1152.75,103
2026-02-20 10:00:00+00:00,1152.75,1152.75,1152.0,1152.25,75
2026-02-20 10:15:00+00:00,1152.25,1153.0,1152.25,1152.75,61
2026-02-20 10:30:00+00:00,1153.0,1153.5,1153.0,1153.5,92
2026-02-20 10:45:00+00:00,1153.5,1153.75,1153.0,1153.5,55
2026-02-20 11:00:00+00:00,1153.25,1153.75,1152.75,1152.75,394
2026-02-20 11:15:00+00:00,1152.75,1154.0,1152.75,1153.5,276
2026-02-20 11:30:00+00:00,1153.75,1154.25,1153.25,1154.0,175
2026-02-20 11:45:00+00:00,1154.25,1154.5,1153.0,1153.0,250
2026-02-20 12:00:00+00:00,1152.75,1153.75,1152.0,1153.25,477
2026-02-20 12:15:00+00:00,1153.5,1154.0,1152.5,1153.75,367
2026-02-20 12:30:00+00:00,1154.0,1154.75,1154.0,1154.25,501
2026-02-20 12:45:00+00:00,1154.25,1157.25,1154.0,1156.75,2430
2026-02-20 13:00:00+00:00,1157.0,1157.25,1156.25,1156.5,920
2026-02-20 13:15:00+00:00,1156.5,1156.5,1155.0,1156.5,679
2026-02-20 13:30:00+00:00,1156.5,1160.0,1156.0,1159.5,2306
2026-02-20 14:30:00+00:00,1159.0,1162.5,1158.25,1161.0,11098
2026-02-20 14:45:00+00:00,1161.0,1162.25,1160.5,1161.75,6332
2026-02-20 15:00:00+00:00,1161.75,1163.0,1140.0,1152.25,31639
2026-02-20 15:15:00+00:00,1152.25,1154.5,1147.25,1148.25,13074
2026-02-20 15:30:00+00:00,1148.0,1149.25,1136.5,1144.25,25625
2026-02-20 15:45:00+00:00,1144.5,1146.75,1142.75,1146.0,9093
2026-02-20 16:00:00+00:00,1146.0,1150.0,1145.75,1150.0,6094
2026-02-20 16:15:00+00:00,1149.75,1151.75,1149.5,1151.0,8184
2026-02-20 16:30:00+00:00,1151.0,1153.0,1150.75,1152.25,3722
2026-02-20 16:45:00+00:00,1152.25,1153.25,1150.5,1151.75,3525
2026-02-20 17:00:00+00:00,1152.0,1155.75,1151.5,1155.25,3878
2026-02-20 17:15:00+00:00,1155.0,1155.75,1150.75,1151.75,4295
2026-02-20 17:30:00+00:00,1152.0,1152.75,1150.5,1152.0,2482
2026-02-20 17:45:00+00:00,1152.0,1154.0,1152.0,1153.75,3422
2026-02-20 18:00:00+00:00,1153.75,1154.5,1152.5,1153.75,2233
2026-02-20 18:15:00+00:00,1153.5,1153.5,1151.5,1152.25,6307
2026-02-20 18:30:00+00:00,1152.25,1154.5,1146.75,1153.75,10486
2026-02-20 18:45:00+00:00,1153.75,1154.25,1152.0,1152.75,2168
2026-02-20 19:00:00+00:00,1152.75,1154.0,1151.75,1153.25,5106
2026-02-20 19:15:00+00:00,1153.0,1154.0,1152.75,1153.25,2660
2026-02-23 01:00:00+00:00,1149.5,1149.75,1145.25,1147.5,2264
2026-02-23 01:15:00+00:00,1147.25,1147.75,1146.5,1147.25,927
2026-02-23 01:30:00+00:00,1147.25,1148.25,1146.75,1147.75,337
2026-02-23 01:45:00+00:00,1147.5,1147.5,1147.0,1147.0,146
2026-02-23 02:00:00+00:00,1147.0,1147.0,1146.0,1146.5,766
2026-02-23 02:15:00+00:00,1146.25,1146.25,1145.25,1145.5,400
2026-02-23 02:30:00+00:00,1145.5,1145.75,1145.0,1145.5,553
2026-02-23 02:45:00+00:00,1145.5,1146.0,1145.25,1146.0,89
2026-02-23 03:00:00+00:00,1145.75,1146.25,1145.5,1145.75,181
2026-02-23 03:15:00+00:00,1145.75,1146.0,1144.0,1144.0,566
2026-02-23 03:30:00+00:00,1144.5,1145.0,1143.5,1145.0,530
2026-02-23 03:45:00+00:00,1145.0,1145.5,1145.0,1145.0,100
2026-02-23 04:00:00+00:00,1145.0,1146.5,1145.0,1146.0,213
2026-02-23 04:15:00+00:00,1145.75,1146.0,1145.25,1145.75,92
2026-02-23 04:30:00+00:00,1145.5,1146.0,1145.5,1146.0,80
2026-02-23 04:45:00+00:00,1146.0,1146.5,1146.0,1146.5,35
2026-02-23 05:00:00+00:00,1146.25,1146.5,1146.0,1146.25,76
2026-02-23 05:15:00+00:00,1146.25,1146.25,1146.0,1146.25,35
2026-02-23 05:30:00+00:00,1146.0,1146.75,1146.0,1146.5,109
2026-02-23 05:45:00+00:00,1146.25,1146.25,1145.75,1146.25,179
2026-02-23 06:00:00+00:00,1146.5,1146.5,1146.5,1146.5,25
2026-02-23 06:15:00+00:00,1146.75,1147.75,1146.75,1147.0,137
2026-02-23 06:30:00+00:00,1147.0,1147.0,1146.5,1146.5,26
2026-02-23 06:45:00+00:00,1146.5,1146.75,1146.5,1146.5,35
2026-02-23 07:00:00+00:00,1146.5,1147.0,1146.25,1146.75,78
2026-02-23 07:15:00+00:00,1146.75,1147.0,1146.5,1146.5,73
2026-02-23 07:30:00+00:00,1146.75,1146.75,1145.25,1145.5,826
2026-02-23 07:45:00+00:00,1145.5,1146.25,1145.25,1146.0,175
2026-02-23 08:00:00+00:00,1146.25,1146.75,1145.25,1146.75,508
2026-02-23 08:15:00+00:00,1146.75,1150.0,1146.75,1149.25,503
2026-02-23 08:30:00+00:00,1149.0,1149.25,1147.5,1147.75,421
2026-02-23 08:45:00+00:00,1147.75,1147.75,1147.25,1147.5,91
2026-02-23 09:00:00+00:00,1147.5,1149.0,1147.5,1148.5,372
2026-02-23 09:15:00+00:00,1148.5,1148.5,1147.25,1147.5,64
2026-02-23 09:30:00+00:00,1147.75,1148.25,1147.75,1147.75,146
2026-02-23 09:45:00+00:00,1148.0,1148.25,1146.75,1146.75,457
2026-02-23 10:00:00+00:00,1146.5,1147.25,1146.0,1147.0,574
2026-02-23 10:15:00+00:00,1146.75,1146.75,1145.75,1146.75,202
2026-02-23 10:30:00+00:00,1146.75,1147.75,1146.5,1146.5,1936
2026-02-23 10:45:00+00:00,1146.25,1146.5,1144.25,1145.25,914
2026-02-23 11:00:00+00:00,1145.25,1146.5,1145.25,1145.75,478
2026-02-23 11:15:00+00:00,1145.75,1146.0,1144.5,1145.0,526
2026-02-23 11:30:00+00:00,1145.0,1145.5,1143.75,1144.5,773
2026-02-23 11:45:00+00:00,1144.5,1145.0,1144.0,1144.25,560
2026-02-23 12:00:00+00:00,1144.25,1144.75,1143.0,1144.0,594
2026-02-23 12:15:00+00:00,1144.25,1144.75,1143.75,1144.0,700
2026-02-23 12:30:00+00:00,1144.0,1144.75,1143.5,1143.5,327
2026-02-23 12:45:00+00:00,1143.75,1144.5,1143.75,1144.25,244
2026-02-23 13:00:00+00:00,1144.25,1146.0,1143.0,1146.0,1636
2026-02-23 13:15:00+00:00,1145.5,1148.25,1145.5,1147.75,875
2026-02-23 13:30:00+00:00,1148.0,1148.0,1146.75,1147.0,562
2026-02-23 14:30:00+00:00,1146.75,1156.75,1146.75,1154.75,30303
2026-02-23 14:45:00+00:00,1154.75,1157.75,1153.75,1157.5,16653
2026-02-23 15:00:00+00:00,1157.25,1159.25,1157.0,1158.5,8506
2026-02-23 15:15:00+00:00,1158.25,1159.25,1155.75,1159.0,6560
2026-02-23 15:30:00+00:00,1158.75,1162.0,1157.75,1162.0,5903
2026-02-23 15:45:00+00:00,1161.75,1161.75,1159.0,1159.5,6919
2026-02-23 16:00:00+00:00,1159.5,1162.0,1159.0,1161.5,5551
2026-02-23 16:15:00+00:00,1161.75,1165.0,1161.75,1164.25,4453
2026-02-23 16:30:00+00:00,1164.25,1164.25,1161.5,1162.75,3849
2026-02-23 16:45:00+00:00,1162.75,1164.5,1162.5,1163.75,2656
2026-02-23 17:00:00+00:00,1163.75,1163.75,1161.25,1162.5,2666
2026-02-23 17:15:00+00:00,1162.25,1163.0,1158.75,1159.25,3634
2026-02-23 17:30:00+00:00,1159.25,1159.25,1156.0,1157.0,3633
2026-02-23 17:45:00+00:00,1157.0,1157.25,1154.75,1155.25,5689
2026-02-23 18:00:00+00:00,1155.0,1155.5,1154.5,1154.75,3863
2026-02-23 18:15:00+00:00,1154.75,1155.0,1152.5,1152.5,3384
2026-02-23 18:30:00+00:00,1152.5,1152.5,1149.5,1149.75,5594
2026-02-23 18:45:00+00:00,1150.0,1150.25,1148.0,1148.75,3940
2026-02-23 19:00:00+00:00,1148.75,1150.5,1148.25,1149.0,13402
2026-02-23 19:15:00+00:00,1149.0,1150.75,1148.75,1150.25,2893
2026-02-24 01:00:00+00:00,1150.0,1152.5,1147.75,1147.75,2632
2026-02-24 01:15:00+00:00,1147.75,1148.0,1145.75,1146.0,1531
2026-02-24 01:30:00+00:00,1146.25,1149.0,1145.5,1147.25,964
2026-02-24 01:45:00+00:00,1147.25,1147.25,1146.5,1147.0,254
2026-02-24 02:00:00+00:00,1147.25,1148.5,1147.25,1148.25,257
2026-02-24 02:15:00+00:00,1148.25,1148.5,1148.0,1148.25,234
2026-02-24 02:30:00+00:00,1148.0,1148.75,1147.5,1147.75,184
2026-02-24 02:45:00+00:00,1147.75,1148.5,1147.5,1148.0,193
2026-02-24 03:00:00+00:00,1147.75,1147.75,1146.75,1147.25,289
2026-02-24 03:15:00+00:00,1147.0,1147.25,1146.75,1147.25,36
2026-02-24 03:30:00+00:00,1147.25,1147.25,1146.5,1147.25,15
2026-02-24 03:45:00+00:00,1146.75,1147.0,1146.75,1147.0,38
2026-02-24 04:00:00+00:00,1147.25,1147.5,1146.5,1147.5,332
2026-02-24 04:15:00+00:00,1147.25,1147.25,1146.75,1146.75,36
2026-02-24 04:30:00+00:00,1146.75,1146.75,1146.25,1146.25,55
2026-02-24 04:45:00+00:00,1146.25,1146.75,1146.25,1146.75,40
2026-02-24 05:00:00+00:00,1146.25,1146.25,1146.25,1146.25,20
2026-02-24 05:15:00+00:00,1146.25,1146.25,1145.75,1145.75,116
2026-02-24 05:30:00+00:00,1145.75,1145.75,1144.5,1145.5,317
2026-02-24 05:45:00+00:00,1145.5,1146.0,1145.25,1146.0,787
2026-02-24 06:00:00+00:00,1145.75,1146.5,1145.5,1146.0,343
2026-02-24 06:15:00+00:00,1146.25,1146.5,1145.25,1145.75,176
2026-02-24 06:30:00+00:00,1145.5,1145.75,1144.0,1144.25,395
2026-02-24 06:45:00+00:00,1144.25,1145.0,1144.25,1144.75,371
2026-02-24 07:00:00+00:00,1144.75,1145.0,1144.25,1144.75,266
2026-02-24 07:15:00+00:00,1144.75,1145.0,1144.5,1144.75,153
2026-02-24 07:30:00+00:00,1144.75,1145.25,1144.0,1145.25,554
2026-02-24 07:45:00+00:00,1145.25,1145.25,1144.25,1144.75,828
2026-02-24 08:00:00+00:00,1144.75,1146.0,1144.5,1145.75,810
2026-02-24 08:15:00+00:00,1145.5,1148.75,1145.5,1148.25,3270
2026-02-24 08:30:00+00:00,1148.25,1148.25,1145.5,1145.5,470
2026-02-24 08:45:00+00:00,1145.5,1145.75,1145.0,1145.5,243
2026-02-24 09:00:00+00:00,1145.5,1145.75,1144.5,1145.0,323
2026-02-24 09:15:00+00:00,1144.75,1145.25,1144.25,1145.25,270
2026-02-24 09:30:00+00:00,1145.0,1145.75,1144.5,1145.25,342
2026-02-24 09:45:00+00:00,1145.25,1145.5,1144.75,1144.75,178
2026-02-24 10:00:00+00:00,1145.0,1145.0,1144.0,1144.25,366
2026-02-24 10:15:00+00:00,1144.25,1145.0,1144.0,1144.25,398
2026-02-24 10:30:00+00:00,1144.25,1145.25,1143.5,1145.0,1055
2026-02-24 10:45:00+00:00,1144.75,1145.25,1144.5,1145.25,400
2026-02-24 11:00:00+00:00,1145.25,1147.25,1145.0,1147.25,442
2026-02-24 11:15:00+00:00,1147.0,1147.0,1146.25,1146.75,369
2026-02-24 11:30:00+00:00,1147.0,1147.0,1145.75,1146.25,174
2026-02-24 11:45:00+00:00,1146.0,1146.75,1144.75,1145.0,787
2026-02-24 12:00:00+00:00,1144.75,1145.75,1144.25,1145.0,433
2026-02-24 12:15:00+00:00,1145.0,1145.25,1144.25,1145.0,240
2026-02-24 12:30:00+00:00,1145.0,1145.75,1145.0,1145.25,491
2026-02-24 12:45:00+00:00,1145.25,1145.25,1143.5,1144.5,724
2026-02-24 13:00:00+00:00,1144.75,1147.25,1144.5,1147.0,2334
2026-02-24 13:15:00+00:00,1147.0,1147.0,1145.0,1145.75,1946
2026-02-24 13:30:00+00:00,1145.75,1147.25,1145.25,1147.0,1741
2026-02-24 14:30:00+00:00,1149.5,1156.0,1145.5,1155.5,28046
2026-02-24 14:45:00+00:00,1155.5,1155.75,1151.0,1154.75,12309
2026-02-24 15:00:00+00:00,1154.5,1156.25,1152.0,1154.25,12864
2026-02-24 15:15:00+00:00,1154.25,1157.5,1153.75,1156.0,9209
2026-02-24 15:30:00+00:00,1156.0,1156.75,1154.5,1154.5,3045
2026-02-24 15:45:00+00:00,1154.5,1157.75,1154.25,1157.0,4608
2026-02-24 16:00:00+00:00,1157.0,1157.0,1153.0,1155.75,4002
2026-02-24 16:15:00+00:00,1155.5,1157.0,1155.25,1156.75,5390
2026-02-24 16:30:00+00:00,1157.0,1157.25,1155.25,1155.5,4123
2026-02-24 16:45:00+00:00,1155.25,1156.25,1154.5,1156.0,2715
2026-02-24 17:00:00+00:00,1156.0,1156.25,1154.5,1155.0,2517
2026-02-24 17:15:00+00:00,1154.75,1156.0,1154.0,1155.25,1747
2026-02-24 17:30:00+00:00,1155.25,1156.75,1155.0,1155.0,3150
2026-02-24 17:45:00+00:00,1155.0,1155.75,1154.0,1155.25,2744
2026-02-24 18:00:00+00:00,1155.25,1156.25,1155.25,1156.0,3781
2026-02-24 18:15:00+00:00,1156.0,1156.5,1155.25,1155.75,2607
2026-02-24 18:30:00+00:00,1156.0,1156.25,1155.0,1155.0,2842
2026-02-24 18:45:00+00:00,1155.0,1156.0,1154.75,1155.5,1554
2026-02-24 19:00:00+00:00,1155.5,1156.0,1154.5,1155.0,7678
2026-02-24 19:15:00+00:00,1155.0,1155.75,1154.25,1154.5,3718
2026-02-25 01:00:00+00:00,1155.0,1162.25,1153.5,1161.75,1183
2026-02-25 01:15:00+00:00,1161.75,1163.0,1161.0,1162.75,1129
2026-02-25 01:30:00+00:00,1162.75,1164.5,1162.5,1162.75,1374
2026-02-25 01:45:00+00:00,1163.0,1163.0,1161.75,1161.75,819
2026-02-25 02:00:00+00:00,1161.75,1163.0,1161.5,1163.0,308
2026-02-25 02:15:00+00:00,1162.75,1163.5,1162.75,1163.25,170
2026-02-25 02:30:00+00:00,1163.5,1164.5,1163.25,1164.5,464
2026-02-25 02:45:00+00:00,1164.5,1164.75,1163.75,1164.5,486
2026-02-25 03:00:00+00:00,1164.5,1165.25,1164.0,1164.5,599
2026-02-25 03:15:00+00:00,1164.25,1165.25,1164.25,1165.25,366
2026-02-25 03:30:00+00:00,1165.5,1165.5,1164.0,1164.25,306
2026-02-25 03:45:00+00:00,1164.25,1164.5,1163.75,1164.25,152
2026-02-25 04:00:00+00:00,1164.25,1164.5,1163.0,1163.25,306
2026-02-25 04:15:00+00:00,1163.25,1163.5,1163.0,1163.25,101
2026-02-25 04:30:00+00:00,1163.25,1163.75,1163.0,1163.5,78
2026-02-25 04:45:00+00:00,1163.5,1163.5,1163.25,1163.25,39
2026-02-25 05:00:00+00:00,1163.5,1163.5,1163.25,1163.25,66
2026-02-25 05:15:00+00:00,1163.25,1163.5,1163.0,1163.5,36
2026-02-25 05:30:00+00:00,1163.5,1163.75,1163.5,1163.75,37
2026-02-25 05:45:00+00:00,1163.75,1165.0,1163.75,1164.25,1585
2026-02-25 06:00:00+00:00,1164.0,1164.0,1163.0,1163.5,279
2026-02-25 06:15:00+00:00,1163.5,1164.0,1163.5,1163.5,68
2026-02-25 06:30:00+00:00,1163.75,1164.5,1163.5,1164.0,178
2026-02-25 06:45:00+00:00,1164.0,1164.0,1163.0,1163.5,479
2026-02-25 07:00:00+00:00,1163.5,1164.0,1163.25,1163.75,183
2026-02-25 07:15:00+00:00,1163.75,1163.75,1162.0,1162.5,505
2026-02-25 07:30:00+00:00,1162.25,1162.25,1159.5,1160.25,615
2026-02-25 07:45:00+00:00,1160.25,1161.0,1159.5,1159.75,187
2026-02-25 08:00:00+00:00,1160.0,1161.25,1159.75,1160.75,205
2026-02-25 08:15:00+00:00,1160.75,1161.25,1160.0,1160.0,293
2026-02-25 08:30:00+00:00,1160.25,1160.5,1158.25,1159.75,502
2026-02-25 08:45:00+00:00,1159.75,1160.75,1159.5,1160.75,659
2026-02-25 09:00:00+00:00,1160.25,1160.75,1159.75,1160.5,133
2026-02-25 09:15:00+00:00,1160.5,1161.5,1160.25,1160.75,194
2026-02-25 09:30:00+00:00,1161.0,1161.0,1159.75,1160.0,322
2026-02-25 09:45:00+00:00,1160.25,1160.25,1158.75,1159.25,261
2026-02-25 10:00:00+00:00,1159.0,1159.75,1158.5,1159.75,392
2026-02-25 10:15:00+00:00,1159.75,1160.0,1159.5,1160.0,128
2026-02-25 10:30:00+00:00,1160.0,1160.5,1159.5,1159.5,161
2026-02-25 10:45:00+00:00,1159.75,1160.75,1159.5,1160.25,903
2026-02-25 11:00:00+00:00,1160.25,1160.5,1158.25,1159.0,281
2026-02-25 11:15:00+00:00,1158.75,1159.0,1158.5,1158.5,182
2026-02-25 11:30:00+00:00,1158.25,1158.5,1157.75,1157.75,312
2026-02-25 11:45:00+00:00,1157.5,1158.5,1157.5,1158.25,381
2026-02-25 12:00:00+00:00,1158.0,1158.75,1157.25,1158.25,607
2026-02-25 12:15:00+00:00,1158.25,1159.0,1157.75,1158.5,3739
2026-02-25 12:30:00+00:00,1158.5,1158.5,1157.0,1157.0,565
2026-02-25 12:45:00+00:00,1157.0,1158.75,1157.0,1158.25,685
2026-02-25 13:00:00+00:00,1158.5,1159.5,1157.75,1158.0,1052
2026-02-25 13:15:00+00:00,1158.25,1158.75,1156.75,1157.5,1294
2026-02-25 13:30:00+00:00,1157.5,1157.5,1156.25,1156.25,1738
2026-02-25 14:30:00+00:00,1156.0,1157.0,1150.25,1151.5,19830
2026-02-25 14:45:00+00:00,1151.5,1152.0,1148.25,1149.25,6540
2026-02-25 15:00:00+00:00,1149.25,1156.5,1149.25,1153.75,13732
2026-02-25 15:15:00+00:00,1153.75,1154.0,1150.5,1152.5,3942
2026-02-25 15:30:00+00:00,1152.25,1153.75,1151.0,1153.25,3375
2026-02-25 15:45:00+00:00,1153.0,1153.75,1151.75,1153.25,2640
2026-02-25 16:00:00+00:00,1153.5,1155.0,1152.75,1154.75,2959
2026-02-25 16:15:00+00:00,1154.75,1157.5,1154.25,1157.0,3056
2026-02-25 16:30:00+00:00,1157.0,1157.5,1156.0,1156.5,2800
2026-02-25 16:45:00+00:00,1156.25,1160.5,1156.25,1160.5,4504
2026-02-25 17:00:00+00:00,1160.5,1163.5,1160.25,1162.75,6194
2026-02-25 17:15:00+00:00,1162.5,1164.0,1161.0,1161.0,6525
2026-02-25 17:30:00+00:00,1161.0,1163.0,1161.0,1162.0,3527
2026-02-25 17:45:00+00:00,1161.75,1163.0,1161.75,1162.25,2320
2026-02-25 18:00:00+00:00,1162.5,1162.75,1161.0,1162.5,3944
2026-02-25 18:15:00+00:00,1162.5,1162.5,1161.25,1161.5,2787
2026-02-25 18:30:00+00:00,1161.75,1163.0,1161.25,1163.0,3752
2026-02-25 18:45:00+00:00,1162.75,1163.5,1162.0,1163.5,2463
2026-02-25 19:00:00+00:00,1163.75,1166.0,1163.5,1165.5,17187
2026-02-25 19:15:00+00:00,1165.5,1165.5,1164.5,1165.25,3203
2026-02-26 01:00:00+00:00,1164.5,1167.75,1163.25,1166.25,1640
2026-02-26 01:15:00+00:00,1166.0,1167.0,1165.25,1166.75,358
2026-02-26 01:30:00+00:00,1166.5,1168.75,1166.5,1168.5,2322
2026-02-26 01:45:00+00:00,1168.25,1168.75,1167.75,1168.25,389
2026-02-26 02:00:00+00:00,1168.25,1168.75,1167.5,1168.25,431
2026-02-26 02:15:00+00:00,1168.25,1168.25,1167.25,1167.5,186
2026-02-26 02:30:00+00:00,1167.25,1167.75,1166.5,1166.75,397
2026-02-26 02:45:00+00:00,1167.0,1168.25,1167.0,1167.5,687
2026-02-26 03:00:00+00:00,1167.5,1168.0,1167.25,1168.0,325
2026-02-26 03:15:00+00:00,1167.75,1168.0,1167.25,1167.25,1475
2026-02-26 03:30:00+00:00,1167.25,1167.75,1167.25,1167.5,202
2026-02-26 03:45:00+00:00,1167.25,1167.5,1167.0,1167.5,39
2026-02-26 04:00:00+00:00,1167.75,1168.25,1167.5,1168.0,757
2026-02-26 04:15:00+00:00,1168.0,1168.75,1168.0,1168.5,369
2026-02-26 04:30:00+00:00,1168.25,1168.75,1168.0,1168.0,374
2026-02-26 04:45:00+00:00,1168.0,1168.25,1167.75,1168.0,36
2026-02-26 05:00:00+00:00,1168.25,1168.5,1168.0,1168.0,141
2026-02-26 05:15:00+00:00,1168.0,1169.5,1168.0,1169.5,1041
2026-02-26 05:30:00+00:00,1169.5,1169.75,1168.75,1168.75,172
2026-02-26 05:45:00+00:00,1168.75,1169.25,1168.75,1169.25,303
2026-02-26 06:00:00+00:00,1169.25,1169.25,1168.5,1168.75,202
2026-02-26 06:15:00+00:00,1168.75,1168.75,1168.0,1168.25,41
2026-02-26 06:30:00+00:00,1168.5,1168.75,1168.5,1168.75,25
2026-02-26 06:45:00+00:00,1168.5,1168.75,1168.0,1168.75,134
2026-02-26 07:00:00+00:00,1168.75,1169.5,1168.75,1169.25,123
2026-02-26 07:15:00+00:00,1169.25,1170.0,1169.25,1169.75,1039
2026-02-26 07:30:00+00:00,1169.75,1170.75,1169.5,1169.5,4137
2026-02-26 07:45:00+00:00,1169.75,1170.25,1169.5,1170.0,227
2026-02-26 08:00:00+00:00,1170.25,1170.25,1169.0,1170.0,264
2026-02-26 08:15:00+00:00,1169.75,1170.25,1169.5,1169.75,144
2026-02-26 08:30:00+00:00,1170.0,1170.25,1169.0,1169.5,347
2026-02-26 08:45:00+00:00,1169.5,1169.75,1169.0,1169.5,174
2026-02-26 09:00:00+00:00,1169.25,1169.5,1168.75,1168.75,192
2026-02-26 09:15:00+00:00,1169.0,1169.5,1168.25,1168.5,449
2026-02-26 09:30:00+00:00,1168.5,1168.5,1166.0,1167.5,1526
2026-02-26 09:45:00+00:00,1167.5,1167.75,1166.5,1166.5,301
2026-02-26 10:00:00+00:00,1166.75,1167.25,1166.0,1167.0,743
2026-02-26 10:15:00+00:00,1167.25,1167.25,1166.75,1166.75,432
2026-02-26 10:30:00+00:00,1166.75,1168.0,1166.75,1167.75,2597
2026-02-26 10:45:00+00:00,1167.75,1168.5,1167.75,1167.75,463
2026-02-26 11:00:00+00:00,1167.75,1168.25,1167.5,1167.5,389
2026-02-26 11:15:00+00:00,1167.5,1167.75,1167.25,1167.25,316
2026-02-26 11:30:00+00:00,1167.5,1168.0,1167.25,1167.75,368
2026-02-26 11:45:00+00:00,1167.5,1167.75,1166.25,1166.25,852
2026-02-26 12:00:00+00:00,1166.5,1167.5,1166.25,1167.5,439
2026-02-26 12:15:00+00:00,1167.5,1169.0,1167.25,1168.0,1510
2026-02-26 12:30:00+00:00,1168.0,1168.5,1167.5,1168.25,748
2026-02-26 12:45:00+00:00,1168.25,1172.5,1167.75,1170.75,4175
2026-02-26 13:00:00+00:00,1170.75,1172.5,1170.5,1172.0,3809
2026-02-26 13:15:00+00:00,1172.0,1172.5,1171.25,1172.0,2689
2026-02-26 13:30:00+00:00,1172.25,1172.25,1170.75,1170.75,2056
2026-02-26 14:30:00+00:00,1170.0,1172.75,1162.25,1162.75,17357
2026-02-26 14:45:00+00:00,1163.0,1163.5,1160.5,1162.0,6899
2026-02-26 15:00:00+00:00,1162.0,1165.5,1161.75,1163.75,7007
2026-02-26 15:15:00+00:00,1163.5,1164.0,1156.25,1157.5,7831
2026-02-26 15:30:00+00:00,1157.25,1157.25,1145.75,1153.75,29143
2026-02-26 15:45:00+00:00,1153.75,1157.75,1153.75,1154.5,9033
2026-02-26 16:00:00+00:00,1154.25,1156.25,1153.25,1154.0,4726
2026-02-26 16:15:00+00:00,1154.25,1160.5,1154.25,1160.5,5995
2026-02-26 16:30:00+00:00,1160.75,1161.25,1157.5,1159.25,4238
2026-02-26 16:45:00+00:00,1159.25,1161.5,1158.0,1161.0,2805
2026-02-26 17:00:00+00:00,1160.75,1161.0,1158.5,1159.75,2708
2026-02-26 17:15:00+00:00,1159.75,1161.75,1159.0,1160.75,3126
2026-02-26 17:30:00+00:00,1160.75,1161.25,1158.5,1159.25,2423
2026-02-26 17:45:00+00:00,1159.25,1159.5,1155.0,1157.75,3015
2026-02-26 18:00:00+00:00,1158.0,1159.5,1157.25,1158.5,2526
2026-02-26 18:15:00+00:00,1158.5,1159.75,1158.0,1159.25,1657
2026-02-26 18:30:00+00:00,1159.25,1159.75,1156.25,1158.5,2211
2026-02-26 18:45:00+00:00,1158.5,1161.0,1158.0,1161.0,4630
2026-02-26 19:00:00+00:00,1161.25,1164.5,1161.0,1163.75,10791
2026-02-26 19:15:00+00:00,1163.75,1164.0,1162.5,1163.0,2688
2026-02-27 01:00:00+00:00,1162.75,1165.25,1160.75,1162.0,860
2026-02-27 01:15:00+00:00,1161.75,1163.0,1161.25,1162.5,198
2026-02-27 01:30:00+00:00,1162.5,1163.75,1161.75,1163.0,542
2026-02-27 01:45:00+00:00,1163.25,1164.75,1162.75,1164.5,596
2026-02-27 02:00:00+00:00,1164.5,1165.0,1163.75,1164.75,362
2026-02-27 02:15:00+00:00,1164.75,1165.25,1163.75,1165.25,1046
2026-02-27 02:30:00+00:00,1165.25,1166.25,1165.0,1165.75,498
2026-02-27 02:45:00+00:00,1166.0,1166.0,1165.25,1165.5,80
2026-02-27 03:00:00+00:00,1165.75,1166.25,1165.5,1165.5,142
2026-02-27 03:15:00+00:00,1165.5,1165.5,1163.5,1164.0,263
2026-02-27 03:30:00+00:00,1164.25,1164.5,1164.0,1164.5,18
2026-02-27 03:45:00+00:00,1164.5,1165.0,1164.5,1164.75,112
2026-02-27 04:00:00+00:00,1164.75,1165.25,1164.75,1165.25,54
2026-02-27 04:15:00+00:00,1165.5,1166.0,1165.25,1165.5,169
2026-02-27 04:30:00+00:00,1165.5,1165.75,1165.0,1165.75,59
2026-02-27 04:45:00+00:00,1165.5,1165.5,1165.25,1165.5,15
2026-02-27 05:00:00+00:00,1165.5,1165.75,1165.25,1165.25,53
2026-02-27 05:15:00+00:00,1165.5,1166.25,1165.5,1166.25,58
2026-02-27 05:30:00+00:00,1166.0,1166.0,1165.25,1165.5,98
2026-02-27 05:45:00+00:00,1165.5,1166.25,1165.5,1166.25,136
2026-02-27 06:00:00+00:00,1166.0,1166.25,1166.0,1166.25,99
2026-02-27 06:15:00+00:00,1166.25,1166.5,1166.0,1166.5,47
2026-02-27 06:30:00+00:00,1166.5,1166.5,1166.0,1166.25,59
2026-02-27 06:45:00+00:00,1166.5,1166.75,1166.0,1166.5,258
2026-02-27 07:00:00+00:00,1166.25,1166.75,1166.0,1166.0,158
2026-02-27 07:15:00+00:00,1166.0,1166.25,1165.5,1165.75,211
2026-02-27 07:30:00+00:00,1165.75,1165.75,1165.0,1165.0,130
2026-02-27 07:45:00+00:00,1165.25,1166.0,1165.25,1166.0,126
2026-02-27 08:00:00+00:00,1166.0,1167.25,1165.75,1167.0,255
2026-02-27 08:15:00+00:00,1167.0,1168.0,1166.75,1167.25,377
2026-02-27 08:30:00+00:00,1167.25,1167.25,1166.5,1167.25,153
2026-02-27 08:45:00+00:00,1167.25,1168.25,1167.25,1167.25,778
2026-02-27 09:00:00+00:00,1167.5,1167.75,1166.75,1167.0,236
2026-02-27 09:15:00+00:00,1167.25,1167.5,1166.75,1167.25,670
2026-02-27 09:30:00+00:00,1167.25,1167.5,1167.0,1167.5,306
2026-02-27 09:45:00+00:00,1167.25,1167.25,1166.0,1166.75,221
2026-02-27 10:00:00+00:00,1167.0,1167.25,1166.0,1166.75,193
2026-02-27 10:15:00+00:00,1166.75,1167.25,1166.25,1166.5,155
2026-02-27 10:30:00+00:00,1166.75,1167.5,1166.5,1167.25,165
2026-02-27 10:45:00+00:00,1167.25,1167.75,1167.0,1167.5,123
2026-02-27 11:00:00+00:00,1167.5,1168.0,1167.5,1167.75,576
2026-02-27 11:15:00+00:00,1167.75,1168.5,1167.5,1168.5,217
2026-02-27 11:30:00+00:00,1168.5,1168.75,1167.75,1167.75,324
2026-02-27 11:45:00+00:00,1167.75,1168.5,1167.5,1168.0,577
2026-02-27 12:00:00+00:00,1167.75,1168.25,1167.25,1167.75,410
2026-02-27 12:15:00+00:00,1168.0,1168.0,1167.25,1167.75,435
2026-02-27 12:30:00+00:00,1167.75,1168.75,1167.5,1167.75,3099
2026-02-27 12:45:00+00:00,1167.75,1168.5,1167.5,1167.75,698
2026-02-27 13:00:00+00:00,1167.75,1168.5,1167.25,1168.5,1450
2026-02-27 13:15:00+00:00,1168.25,1169.25,1168.0,1168.25,1266
2026-02-27 13:30:00+00:00,1168.0,1169.75,1167.75,1169.25,1487
2026-02-27 14:30:00+00:00,1168.25,1170.25,1164.25,1165.25,9218
2026-02-27 14:45:00+00:00,1165.0,1166.75,1164.25,1164.5,2962
2026-02-27 15:00:00+00:00,1164.5,1167.75,1161.75,1165.75,6474
2026-02-27 15:15:00+00:00,1165.75,1166.0,1163.25,1163.25,2217
2026-02-27 15:30:00+00:00,1163.25,1163.25,1161.25,1162.25,2764
2026-02-27 15:45:00+00:00,1162.25,1162.5,1160.5,1161.0,2580
2026-02-27 16:00:00+00:00,1161.0,1163.75,1160.5,1161.25,2368
2026-02-27 16:15:00+00:00,1161.0,1162.75,1161.0,1162.0,1630
2026-02-27 16:30:00+00:00,1162.25,1164.25,1162.0,1162.75,2702
2026-02-27 16:45:00+00:00,1162.75,1164.0,1162.25,1163.75,2030
2026-02-27 17:00:00+00:00,1163.75,1165.25,1163.5,1165.0,2476
2026-02-27 17:15:00+00:00,1165.0,1166.5,1164.75,1166.5,3145
2026-02-27 17:30:00+00:00,1166.5,1167.0,1165.75,1166.75,3096
2026-02-27 17:45:00+00:00,1166.5,1168.25,1166.5,1167.75,2871
2026-02-27 18:00:00+00:00,1168.0,1172.0,1167.75,1171.25,5908
2026-02-27 18:15:00+00:00,1171.25,1173.5,1171.0,1172.75,5857
2026-02-27 18:30:00+00:00,1173.0,1174.0,1172.5,1173.5,4088
2026-02-27 18:45:00+00:00,1173.25,1174.25,1172.75,1173.25,3048
2026-02-27 19:00:00+00:00,1173.5,1175.0,1169.75,1170.0,15262
2026-02-27 19:15:00+00:00,1170.25,1170.75,1169.25,1170.0,2314
2026-03-02 01:00:00+00:00,1178.5,1185.0,1172.5,1175.25,5299
2026-03-02 01:15:00+00:00,1175.25,1175.25,1170.5,1170.75,3077
2026-03-02 01:30:00+00:00,1170.75,1175.75,1170.5,1173.25,1665
2026-03-02 01:45:00+00:00,1173.0,1173.0,1168.75,1169.5,1957
2026-03-02 02:00:00+00:00,1169.5,1170.5,1168.75,1169.25,538
2026-03-02 02:15:00+00:00,1169.0,1169.0,1166.0,1168.5,870
2026-03-02 02:30:00+00:00,1168.5,1170.5,1167.75,1170.0,888
2026-03-02 02:45:00+00:00,1169.75,1170.75,1168.75,1168.75,275
2026-03-02 03:00:00+00:00,1168.75,1169.5,1168.75,1169.0,86
2026-03-02 03:15:00+00:00,1168.75,1170.5,1168.75,1170.0,119
2026-03-02 03:30:00+00:00,1170.0,1171.25,1169.5,1171.25,138
2026-03-02 03:45:00+00:00,1171.25,1171.25,1169.25,1169.75,101
2026-03-02 04:00:00+00:00,1169.5,1169.75,1169.25,1169.5,31
2026-03-02 04:15:00+00:00,1170.0,1170.5,1169.75,1170.25,58
2026-03-02 04:30:00+00:00,1170.5,1170.5,1169.5,1169.75,74
2026-03-02 04:45:00+00:00,1170.25,1170.75,1170.0,1170.25,56
2026-03-02 05:00:00+00:00,1170.0,1170.0,1169.0,1169.5,83
2026-03-02 05:15:00+00:00,1169.75,1170.5,1169.5,1170.25,41
2026-03-02 05:30:00+00:00,1170.25,1170.5,1170.0,1170.5,76
2026-03-02 05:45:00+00:00,1170.25,1170.75,1169.75,1170.0,123
2026-03-02 06:00:00+00:00,1169.75,1170.5,1169.75,1170.5,124
2026-03-02 06:15:00+00:00,1170.25,1171.25,1170.25,1171.25,205
2026-03-02 06:30:00+00:00,1171.25,1171.25,1169.0,1169.25,206
2026-03-02 06:45:00+00:00,1169.25,1170.75,1168.75,1170.25,130
2026-03-02 07:00:00+00:00,1170.25,1172.5,1170.0,1172.0,360
2026-03-02 07:15:00+00:00,1172.0,1172.5,1170.5,1171.5,309
2026-03-02 07:30:00+00:00,1171.25,1171.5,1170.5,1171.0,300
2026-03-02 07:45:00+00:00,1171.0,1172.25,1171.0,1171.5,339
2026-03-02 08:00:00+00:00,1171.5,1171.5,1170.5,1171.25,356
2026-03-02 08:15:00+00:00,1171.0,1172.0,1170.75,1171.0,583
2026-03-02 08:30:00+00:00,1171.0,1171.75,1170.25,1171.25,734
2026-03-02 08:45:00+00:00,1171.0,1171.25,1169.5,1169.75,390
2026-03-02 09:00:00+00:00,1169.5,1170.75,1167.75,1170.75,861
2026-03-02 09:15:00+00:00,1170.5,1172.75,1170.5,1171.5,536
2026-03-02 09:30:00+00:00,1171.25,1171.75,1170.5,1171.75,176
2026-03-02 09:45:00+00:00,1171.75,1174.0,1171.75,1174.0,1693
2026-03-02 10:00:00+00:00,1174.0,1174.0,1172.75,1173.75,508
2026-03-02 10:15:00+00:00,1173.5,1174.25,1173.25,1174.0,214
2026-03-02 10:30:00+00:00,1173.75,1174.0,1173.0,1173.75,183
2026-03-02 10:45:00+00:00,1174.0,1174.0,1171.0,1171.75,2539
2026-03-02 11:00:00+00:00,1172.0,1172.0,1169.0,1169.0,486
2026-03-02 11:15:00+00:00,1169.25,1169.75,1168.0,1168.75,738
2026-03-02 11:30:00+00:00,1168.75,1169.75,1168.5,1168.5,991
2026-03-02 11:45:00+00:00,1168.5,1168.75,1167.0,1168.75,617
2026-03-02 12:00:00+00:00,1168.5,1168.75,1165.25,1166.0,2086
2026-03-02 12:15:00+00:00,1165.75,1167.25,1164.0,1166.5,1918
2026-03-02 12:30:00+00:00,1166.5,1167.75,1165.75,1167.5,1077
2026-03-02 12:45:00+00:00,1167.25,1168.0,1164.25,1164.5,3018
2026-03-02 13:00:00+00:00,1164.5,1165.5,1164.0,1165.25,2241
2026-03-02 13:15:00+00:00,1165.25,1165.75,1164.0,1165.25,1545
2026-03-02 13:30:00+00:00,1165.25,1165.5,1164.0,1165.25,1729
2026-03-02 14:30:00+00:00,1165.25,1166.5,1157.5,1161.75,15894
2026-03-02 14:45:00+00:00,1161.75,1163.25,1160.5,1160.75,6675
2026-03-02 15:00:00+00:00,1160.5,1165.5,1160.5,1165.5,5031
2026-03-02 15:15:00+00:00,1165.5,1166.0,1163.25,1165.25,3119
2026-03-02 15:30:00+00:00,1165.5,1167.0,1163.75,1165.5,5510
2026-03-02 15:45:00+00:00,1165.5,1166.25,1164.75,1165.25,1868
2026-03-02 16:00:00+00:00,1165.25,1165.75,1160.5,1161.25,4486
2026-03-02 16:15:00+00:00,1161.0,1161.75,1159.25,1160.5,2891
2026-03-02 16:30:00+00:00,1160.5,1161.25,1159.0,1160.25,4748
2026-03-02 16:45:00+00:00,1160.25,1163.25,1160.0,1162.75,2353
2026-03-02 17:00:00+00:00,1163.0,1163.5,1162.0,1162.75,1546
2026-03-02 17:15:00+00:00,1162.5,1163.0,1160.0,1161.25,3858
2026-03-02 17:30:00+00:00,1161.25,1162.0,1160.25,1161.75,1495
2026-03-02 17:45:00+00:00,1161.5,1163.25,1161.5,1162.75,1693
2026-03-02 18:00:00+00:00,1163.0,1163.5,1161.75,1162.75,2033
2026-03-02 18:15:00+00:00,1163.0,1165.25,1162.75,1165.25,2086
2026-03-02 18:30:00+00:00,1165.25,1165.75,1163.75,1164.0,3700
2026-03-02 18:45:00+00:00,1164.0,1164.75,1163.75,1164.25,2436
2026-03-02 19:00:00+00:00,1164.0,1164.5,1163.0,1164.0,8543
2026-03-02 19:15:00+00:00,1164.0,1164.0,1161.5,1161.75,2283
2026-03-03 01:00:00+00:00,1162.5,1168.75,1161.75,1167.75,719
2026-03-03 01:15:00+00:00,1167.5,1169.25,1166.25,1168.25,1501
2026-03-03 01:30:00+00:00,1168.5,1168.75,1167.25,1167.75,448
2026-03-03 01:45:00+00:00,1167.75,1167.75,1165.25,1165.75,379
2026-03-03 02:00:00+00:00,1165.75,1166.25,1164.75,1165.75,409
2026-03-03 02:15:00+00:00,1166.0,1167.0,1165.5,1166.75,299
2026-03-03 02:30:00+00:00,1167.0,1169.75,1166.75,1168.75,911
2026-03-03 02:45:00+00:00,1168.75,1169.75,1168.25,1169.25,182
2026-03-03 03:00:00+00:00,1169.5,1169.5,1168.25,1169.0,90
2026-03-03 03:15:00+00:00,1169.0,1169.75,1168.75,1169.5,370
2026-03-03 03:30:00+00:00,1169.25,1169.25,1167.75,1168.5,120
2026-03-03 03:45:00+00:00,1168.75,1169.75,1168.75,1169.5,163
2026-03-03 04:00:00+00:00,1169.5,1169.75,1168.5,1169.25,137
2026-03-03 04:15:00+00:00,1169.25,1170.5,1169.0,1170.0,898
2026-03-03 04:30:00+00:00,1170.0,1170.5,1169.5,1170.25,214
2026-03-03 04:45:00+00:00,1170.5,1170.75,1170.0,1170.25,291
2026-03-03 05:00:00+00:00,1170.5,1170.75,1170.25,1170.5,190
2026-03-03 05:15:00+00:00,1170.5,1172.25,1170.25,1171.75,944
2026-03-03 05:30:00+00:00,1171.75,1173.25,1171.75,1173.0,887
2026-03-03 05:45:00+00:00,1173.25,1173.5,1171.25,1172.75,785
2026-03-03 06:00:00+00:00,1173.0,1173.5,1171.75,1172.0,516
2026-03-03 06:15:00+00:00,1171.75,1173.25,1170.25,1171.25,986
2026-03-03 06:30:00+00:00,1171.25,1171.5,1168.25,1171.5,729
2026-03-03 06:45:00+00:00,1171.25,1171.25,1170.25,1170.5,285
2026-03-03 07:00:00+00:00,1170.5,1171.75,1169.75,1170.25,220
2026-03-03 07:15:00+00:00,1170.0,1170.25,1169.25,1169.75,184
2026-03-03 07:30:00+00:00,1169.75,1171.25,1169.5,1170.75,211
2026-03-03 07:45:00+00:00,1170.5,1172.25,1170.5,1171.75,232
2026-03-03 08:00:00+00:00,1171.75,1173.0,1171.0,1171.25,391
2026-03-03 08:15:00+00:00,1171.25,1172.75,1171.0,1172.5,894
2026-03-03 08:30:00+00:00,1172.75,1173.75,1172.5,1173.5,315
2026-03-03 08:45:00+00:00,1173.25,1174.0,1172.75,1173.5,696
2026-03-03 09:00:00+00:00,1173.75,1175.0,1173.75,1174.5,1373
2026-03-03 09:15:00+00:00,1174.25,1175.75,1174.0,1175.0,763
2026-03-03 09:30:00+00:00,1175.0,1176.75,1174.0,1176.0,1139
2026-03-03 09:45:00+00:00,1176.25,1176.75,1175.25,1176.25,568
2026-03-03 10:00:00+00:00,1176.5,1179.5,1176.25,1178.75,975
2026-03-03 10:15:00+00:00,1178.75,1179.75,1178.25,1179.25,952
2026-03-03 10:30:00+00:00,1179.5,1181.5,1179.5,1180.75,1512
2026-03-03 10:45:00+00:00,1181.0,1182.25,1180.75,1181.75,567
2026-03-03 11:00:00+00:00,1182.0,1182.75,1180.75,1181.5,847
2026-03-03 11:15:00+00:00,1181.25,1182.75,1181.25,1182.5,1117
2026-03-03 11:30:00+00:00,1182.25,1183.0,1180.0,1181.0,2171
2026-03-03 11:45:00+00:00,1181.25,1181.5,1177.5,1178.75,1974
2026-03-03 12:00:00+00:00,1178.5,1179.0,1177.0,1178.5,1188
2026-03-03 12:15:00+00:00,1178.5,1179.75,1178.25,1178.75,1535
2026-03-03 12:30:00+00:00,1178.75,1179.25,1176.75,1178.5,1236
2026-03-03 12:45:00+00:00,1178.5,1178.5,1175.5,1176.25,1936
2026-03-03 13:00:00+00:00,1176.5,1177.75,1175.75,1176.75,1496
2026-03-03 13:15:00+00:00,1176.75,1177.25,1175.0,1175.0,1413
2026-03-03 13:30:00+00:00,1175.0,1175.75,1173.75,1175.0,1766
2026-03-03 14:30:00+00:00,1173.5,1178.5,1173.25,1173.75,15092
2026-03-03 14:45:00+00:00,1174.0,1175.25,1168.75,1169.0,7646
2026-03-03 15:00:00+00:00,1169.25,1170.0,1163.25,1164.0,10618
2026-03-03 15:15:00+00:00,1163.75,1167.0,1163.0,1166.5,7429
2026-03-03 15:30:00+00:00,1166.25,1169.75,1166.25,1166.25,8558
2026-03-03 15:45:00+00:00,1166.25,1167.25,1163.0,1166.25,4001
2026-03-03 16:00:00+00:00,1166.25,1168.25,1165.75,1168.0,2549
2026-03-03 16:15:00+00:00,1168.0,1168.25,1164.0,1165.5,4020
2026-03-03 16:30:00+00:00,1165.25,1165.75,1162.25,1163.25,2704
2026-03-03 16:45:00+00:00,1163.25,1163.5,1160.5,1162.75,7975
2026-03-03 17:00:00+00:00,1162.5,1163.75,1161.75,1163.5,2866
2026-03-03 17:15:00+00:00,1163.5,1164.75,1163.25,1163.75,1601
2026-03-03 17:30:00+00:00,1164.0,1164.5,1161.5,1161.75,1933
2026-03-03 17:45:00+00:00,1161.75,1163.5,1161.5,1163.5,1438
2026-03-03 18:00:00+00:00,1163.5,1165.25,1163.0,1164.5,1782
2026-03-03 18:15:00+00:00,1164.5,1167.0,1164.25,1166.25,5509
2026-03-03 18:30:00+00:00,1166.25,1168.75,1166.0,1168.75,2864
2026-03-03 18:45:00+00:00,1168.75,1170.0,1168.25,1169.5,3549
2026-03-03 19:00:00+00:00,1169.25,1171.5,1168.75,1171.25,13550
2026-03-03 19:15:00+00:00,1171.0,1171.75,1170.75,1171.5,2910
2026-03-04 01:00:00+00:00,1171.0,1173.5,1167.5,1168.0,449
2026-03-04 01:15:00+00:00,1168.0,1169.25,1167.0,1168.0,353
2026-03-04 01:30:00+00:00,1168.5,1172.25,1168.5,1172.0,616
2026-03-04 01:45:00+00:00,1171.75,1171.75,1169.25,1170.25,553
2026-03-04 02:00:00+00:00,1170.0,1170.5,1169.0,1169.5,122
2026-03-04 02:15:00+00:00,1169.5,1169.5,1167.0,1167.0,350
2026-03-04 02:30:00+00:00,1167.0,1167.75,1166.25,1167.5,266
2026-03-04 02:45:00+00:00,1167.5,1170.25,1167.25,1169.0,475
2026-03-04 03:00:00+00:00,1168.75,1170.5,1168.25,1169.75,175
2026-03-04 03:15:00+00:00,1169.5,1170.5,1168.25,1168.25,206
2026-03-04 03:30:00+00:00,1168.5,1168.75,1167.25,1167.5,115
2026-03-04 03:45:00+00:00,1167.5,1169.5,1167.5,1169.5,106
2026-03-04 04:00:00+00:00,1169.75,1170.0,1169.25,1169.75,68
2026-03-04 04:15:00+00:00,1169.75,1169.75,1168.25,1168.25,66
2026-03-04 04:30:00+00:00,1168.25,1168.75,1167.75,1168.0,52
2026-03-04 04:45:00+00:00,1168.25,1168.25,1167.5,1168.0,28
2026-03-04 05:00:00+00:00,1167.75,1169.0,1167.75,1169.0,69
2026-03-04 05:15:00+00:00,1169.0,1171.0,1169.0,1169.5,230
2026-03-04 05:30:00+00:00,1169.75,1170.5,1169.0,1169.5,99
2026-03-04 05:45:00+00:00,1169.5,1170.0,1168.5,1169.75,250
2026-03-04 06:00:00+00:00,1169.5,1170.5,1169.25,1170.0,94
2026-03-04 06:15:00+00:00,1170.0,1171.75,1169.75,1171.5,66
2026-03-04 06:30:00+00:00,1171.5,1173.0,1169.5,1172.5,723
2026-03-04 06:45:00+00:00,1172.25,1172.25,1170.75,1171.75,122
2026-03-04 07:00:00+00:00,1171.25,1172.5,1171.0,1171.5,124
2026-03-04 07:15:00+00:00,1171.75,1172.0,1171.5,1171.75,88
2026-03-04 07:30:00+00:00,1171.75,1172.5,1171.75,1172.5,183
2026-03-04 07:45:00+00:00,1172.25,1172.5,1171.75,1172.25,134
2026-03-04 08:00:00+00:00,1172.0,1172.25,1171.5,1172.25,225
2026-03-04 08:15:00+00:00,1172.25,1174.5,1172.25,1173.0,521
2026-03-04 08:30:00+00:00,1173.0,1174.0,1172.5,1174.0,468
2026-03-04 08:45:00+00:00,1174.0,1175.75,1174.0,1174.5,627
2026-03-04 09:00:00+00:00,1174.25,1175.75,1174.0,1174.0,407
2026-03-04 09:15:00+00:00,1174.0,1174.5,1173.25,1174.0,386
2026-03-04 09:30:00+00:00,1173.75,1174.5,1173.25,1174.5,159
2026-03-04 09:45:00+00:00,1174.25,1175.75,1173.25,1174.25,389
2026-03-04 10:00:00+00:00,1174.75,1175.5,1170.5,1171.25,886
2026-03-04 10:15:00+00:00,1171.25,1172.5,1170.0,1170.5,829
2026-03-04 10:30:00+00:00,1171.25,1172.25,1170.5,1171.0,316
2026-03-04 10:45:00+00:00,1171.0,1171.75,1170.5,1171.0,416
2026-03-04 11:00:00+00:00,1171.0,1173.0,1170.5,1172.25,276
2026-03-04 11:15:00+00:00,1172.0,1172.75,1171.75,1172.5,173
2026-03-04 11:30:00+00:00,1172.25,1172.25,1170.75,1172.0,168
2026-03-04 11:45:00+00:00,1171.75,1172.25,1171.75,1172.25,179
2026-03-04 12:00:00+00:00,1172.0,1174.75,1171.75,1172.75,478
2026-03-04 12:15:00+00:00,1172.5,1172.5,1170.0,1170.5,494
2026-03-04 12:30:00+00:00,1170.75,1170.75,1167.75,1169.25,758
2026-03-04 12:45:00+00:00,1169.25,1169.5,1168.25,1169.0,1033
2026-03-04 13:00:00+00:00,1169.25,1169.75,1167.5,1168.25,1609
2026-03-04 13:15:00+00:00,1168.25,1168.25,1166.5,1167.5,1060
2026-03-04 13:30:00+00:00,1167.25,1169.0,1167.0,1168.25,1529
2026-03-04 14:30:00+00:00,1168.25,1173.75,1167.5,1171.25,10664
2026-03-04 14:45:00+00:00,1171.25,1172.0,1168.5,1169.75,4502
2026-03-04 15:00:00+00:00,1170.0,1173.0,1169.5,1172.0,4104
2026-03-04 15:15:00+00:00,1172.0,1174.25,1171.5,1174.0,3639
2026-03-04 15:30:00+00:00,1174.25,1174.25,1171.75,1173.0,3607
2026-03-04 15:45:00+00:00,1172.75,1173.0,1170.0,1171.25,2309
2026-03-04 16:00:00+00:00,1171.25,1172.5,1170.25,1171.0,2951
2026-03-04 16:15:00+00:00,1170.75,1171.75,1169.0,1169.25,1976
2026-03-04 16:30:00+00:00,1169.0,1170.0,1166.5,1167.5,6521
2026-03-04 16:45:00+00:00,1167.5,1168.0,1165.0,1167.75,3510
2026-03-04 17:00:00+00:00,1167.75,1168.5,1167.0,1167.5,2057
2026-03-04 17:15:00+00:00,1167.25,1168.75,1166.75,1168.0,1650
2026-03-04 17:30:00+00:00,1167.75,1170.0,1167.25,1169.25,3120
2026-03-04 17:45:00+00:00,1169.0,1170.75,1169.0,1170.0,1478
2026-03-04 18:00:00+00:00,1170.0,1171.25,1169.25,1169.5,1950
2026-03-04 18:15:00+00:00,1169.5,1169.5,1167.0,1167.5,1920
2026-03-04 18:30:00+00:00,1167.75,1169.75,1167.25,1169.25,1941
2026-03-04 18:45:00+00:00,1169.25,1170.0,1168.0,1168.5,1448
2026-03-04 19:00:00+00:00,1168.75,1169.75,1167.75,1169.25,7822
2026-03-04 19:15:00+00:00,1169.25,1169.75,1166.25,1166.25,2003
2026-03-05 01:00:00+00:00,1168.25,1171.0,1167.5,1169.75,307
2026-03-05 01:15:00+00:00,1169.75,1170.75,1169.5,1170.0,210
2026-03-05 01:30:00+00:00,1169.75,1169.75,1168.25,1168.5,619
2026-03-05 01:45:00+00:00,1168.75,1170.5,1168.75,1170.5,374
2026-03-05 02:00:00+00:00,1170.5,1171.25,1170.25,1170.75,191
2026-03-05 02:15:00+00:00,1170.75,1170.75,1170.0,1170.75,536
2026-03-05 02:30:00+00:00,1170.5,1170.75,1170.25,1170.75,170
2026-03-05 02:45:00+00:00,1170.75,1172.75,1170.75,1172.25,764
2026-03-05 03:00:00+00:00,1172.0,1172.5,1171.5,1171.75,419
2026-03-05 03:15:00+00:00,1172.0,1172.75,1171.75,1172.0,743
2026-03-05 03:30:00+00:00,1171.75,1173.25,1171.75,1172.5,180
2026-03-05 03:45:00+00:00,1172.25,1172.75,1172.0,1172.5,32
2026-03-05 04:00:00+00:00,1172.5,1173.5,1172.5,1172.75,250
2026-03-05 04:15:00+00:00,1172.75,1173.0,1172.75,1172.75,54
2026-03-05 04:30:00+00:00,1173.0,1173.0,1173.0,1173.0,17
2026-03-05 04:45:00+00:00,1172.75,1172.75,1172.5,1172.5,49
2026-03-05 05:00:00+00:00,1172.5,1173.0,1172.5,1172.75,59
2026-03-05 05:15:00+00:00,1173.0,1173.0,1172.5,1173.0,93
2026-03-05 05:30:00+00:00,1173.0,1173.25,1172.75,1173.0,446
2026-03-05 05:45:00+00:00,1173.0,1173.5,1172.0,1172.0,151
2026-03-05 06:00:00+00:00,1171.75,1171.75,1171.0,1171.25,242
2026-03-05 06:15:00+00:00,1171.5,1172.25,1171.0,1172.0,268
2026-03-05 06:30:00+00:00,1171.75,1172.0,1171.0,1171.5,305
2026-03-05 06:45:00+00:00,1171.5,1171.75,1170.0,1170.5,282
2026-03-05 07:00:00+00:00,1170.5,1171.0,1169.75,1169.75,63
2026-03-05 07:15:00+00:00,1169.75,1171.0,1169.75,1170.75,53
2026-03-05 07:30:00+00:00,1170.5,1171.5,1170.5,1171.5,102
2026-03-05 07:45:00+00:00,1171.75,1173.0,1171.75,1172.75,588
2026-03-05 08:00:00+00:00,1172.5,1173.0,1172.0,1172.0,372
2026-03-05 08:15:00+00:00,1171.75,1174.0,1171.75,1173.5,404
2026-03-05 08:30:00+00:00,1173.5,1173.5,1173.0,1173.25,247
2026-03-05 08:45:00+00:00,1173.5,1174.5,1173.5,1174.25,312
2026-03-05 09:00:00+00:00,1174.0,1174.75,1173.0,1173.25,563
2026-03-05 09:15:00+00:00,1173.25,1173.5,1172.0,1172.5,154
2026-03-05 09:30:00+00:00,1172.75,1173.75,1172.75,1173.75,123
2026-03-05 09:45:00+00:00,1173.75,1173.75,1172.75,1173.5,97
2026-03-05 10:00:00+00:00,1173.5,1173.75,1172.75,1173.75,115
2026-03-05 10:15:00+00:00,1173.75,1174.5,1173.5,1174.5,106
2026-03-05 10:30:00+00:00,1174.0,1174.75,1173.75,1174.75,195
2026-03-05 10:45:00+00:00,1174.75,1175.0,1174.0,1174.25,933
2026-03-05 11:00:00+00:00,1174.25,1174.5,1174.0,1174.25,201
2026-03-05 11:15:00+00:00,1174.25,1174.5,1173.75,1174.25,116
2026-03-05 11:30:00+00:00,1174.0,1174.25,1173.0,1173.5,493
2026-03-05 11:45:00+00:00,1173.5,1173.75,1172.75,1173.25,175
2026-03-05 12:00:00+00:00,1173.0,1173.75,1172.5,1172.75,785
2026-03-05 12:15:00+00:00,1172.5,1174.0,1172.5,1172.75,603
2026-03-05 12:30:00+00:00,1172.75,1173.0,1171.25,1171.5,455
2026-03-05 12:45:00+00:00,1171.5,1172.25,1171.25,1172.0,642
2026-03-05 13:00:00+00:00,1172.0,1173.5,1171.75,1172.25,999
2026-03-05 13:15:00+00:00,1172.5,1172.5,1170.25,1170.75,1605
2026-03-05 13:30:00+00:00,1170.75,1171.0,1169.5,1171.0,1478
2026-03-05 14:30:00+00:00,1171.5,1172.0,1167.75,1168.5,11346
2026-03-05 14:45:00+00:00,1168.5,1172.0,1167.75,1169.75,4847
2026-03-05 15:00:00+00:00,1169.5,1170.0,1166.5,1168.25,3732
2026-03-05 15:15:00+00:00,1168.25,1170.5,1167.75,1169.0,16418
2026-03-05 15:30:00+00:00,1168.75,1170.25,1168.0,1168.0,4710
2026-03-05 15:45:00+00:00,1168.0,1171.25,1167.75,1171.25,4180
2026-03-05 16:00:00+00:00,1171.0,1172.0,1168.25,1170.25,4017
2026-03-05 16:15:00+00:00,1170.25,1175.25,1170.25,1175.25,9815
2026-03-05 16:30:00+00:00,1175.25,1176.5,1173.25,1176.0,5520
2026-03-05 16:45:00+00:00,1176.0,1179.0,1174.5,1179.0,5523
2026-03-05 17:00:00+00:00,1179.0,1179.75,1176.5,1177.75,4431
2026-03-05 17:15:00+00:00,1177.5,1178.25,1176.25,1177.25,2548
2026-03-05 17:30:00+00:00,1177.25,1177.75,1175.0,1176.0,2610
2026-03-05 17:45:00+00:00,1176.0,1178.5,1176.0,1178.25,4077
2026-03-05 18:00:00+00:00,1178.25,1178.75,1175.75,1176.75,2863
2026-03-05 18:15:00+00:00,1176.75,1178.5,1176.25,1178.0,3156
2026-03-05 18:30:00+00:00,1178.25,1180.75,1177.75,1180.5,4449
2026-03-05 18:45:00+00:00,1180.5,1181.0,1179.0,1179.75,3055
2026-03-05 19:00:00+00:00,1179.75,1180.75,1178.75,1179.25,12564
2026-03-05 19:15:00+00:00,1179.25,1179.75,1178.5,1179.0,2183
2026-03-06 01:00:00+00:00,1179.0,1181.5,1177.0,1181.0,1138
2026-03-06 01:15:00+00:00,1181.0,1181.25,1179.75,1180.75,1275
2026-03-06 01:30:00+00:00,1180.5,1182.0,1180.25,1182.0,1074
2026-03-06 01:45:00+00:00,1182.0,1184.75,1181.75,1183.75,2566
2026-03-06 02:00:00+00:00,1183.5,1183.5,1181.25,1182.5,1074
2026-03-06 02:15:00+00:00,1182.75,1183.25,1182.25,1182.75,298
2026-03-06 02:30:00+00:00,1182.75,1183.25,1182.5,1182.75,144
2026-03-06 02:45:00+00:00,1182.75,1184.75,1182.75,1183.25,351
2026-03-06 03:00:00+00:00,1183.25,1183.25,1181.75,1182.5,181
2026-03-06 03:15:00+00:00,1182.5,1183.25,1182.25,1183.0,145
2026-03-06 03:30:00+00:00,1183.0,1183.25,1181.75,1182.25,245
2026-03-06 03:45:00+00:00,1182.5,1182.5,1182.0,1182.5,47
2026-03-06 04:00:00+00:00,1182.25,1182.5,1182.0,1182.25,31
2026-03-06 04:15:00+00:00,1182.25,1182.5,1181.5,1182.0,160
2026-03-06 04:30:00+00:00,1182.0,1182.75,1181.75,1182.5,122
2026-03-06 04:45:00+00:00,1182.75,1183.0,1182.5,1182.5,44
2026-03-06 05:00:00+00:00,1182.25,1182.5,1182.0,1182.0,31
2026-03-06 05:15:00+00:00,1182.25,1182.5,1181.75,1182.5,245
2026-03-06 05:30:00+00:00,1182.5,1183.0,1182.25,1183.0,286
2026-03-06 05:45:00+00:00,1183.25,1183.25,1182.0,1182.75,138
2026-03-06 06:00:00+00:00,1182.75,1183.75,1182.5,1182.75,248
2026-03-06 06:15:00+00:00,1183.0,1184.25,1183.0,1183.5,125
2026-03-06 06:30:00+00:00,1183.5,1185.0,1183.25,1184.0,1037
2026-03-06 06:45:00+00:00,1184.0,1186.25,1184.0,1185.0,1182
2026-03-06 07:00:00+00:00,1185.0,1186.5,1185.0,1185.75,320
2026-03-06 07:15:00+00:00,1185.75,1185.75,1184.5,1185.0,257
2026-03-06 07:30:00+00:00,1185.25,1186.0,1185.0,1185.75,246
2026-03-06 07:45:00+00:00,1185.5,1185.5,1183.75,1184.75,578
2026-03-06 08:00:00+00:00,1184.75,1186.0,1184.5,1186.0,362
2026-03-06 08:15:00+00:00,1186.0,1186.5,1185.5,1185.75,374
2026-03-06 08:30:00+00:00,1185.5,1187.0,1185.0,1185.0,688
2026-03-06 08:45:00+00:00,1185.25,1188.5,1185.25,1187.75,1642
2026-03-06 09:00:00+00:00,1187.5,1187.75,1186.25,1187.75,489
2026-03-06 09:15:00+00:00,1187.5,1188.0,1187.25,1187.75,848
2026-03-06 09:30:00+00:00,1187.5,1187.75,1186.75,1187.5,479
2026-03-06 09:45:00+00:00,1187.5,1187.5,1186.5,1186.75,336
2026-03-06 10:00:00+00:00,1186.5,1187.5,1186.0,1187.0,344
2026-03-06 10:15:00+00:00,1187.0,1187.25,1186.25,1186.5,213
2026-03-06 10:30:00+00:00,1186.75,1186.75,1185.0,1185.25,443
2026-03-06 10:45:00+00:00,1185.25,1186.0,1185.0,1186.0,179
2026-03-06 11:00:00+00:00,1186.0,1187.25,1186.0,1187.0,234
2026-03-06 11:15:00+00:00,1187.0,1187.0,1186.5,1186.75,115
2026-03-06 11:30:00+00:00,1186.75,1187.25,1186.5,1186.75,365
2026-03-06 11:45:00+00:00,1186.75,1187.5,1186.25,1187.25,563
2026-03-06 12:00:00+00:00,1187.25,1192.5,1187.0,1191.5,4745
2026-03-06 12:15:00+00:00,1191.25,1191.25,1189.25,1190.25,1668
2026-03-06 12:30:00+00:00,1190.25,1190.75,1188.5,1190.25,1262
2026-03-06 12:45:00+00:00,1190.25,1191.25,1186.5,1187.25,1246
2026-03-06 13:00:00+00:00,1187.0,1189.25,1185.5,1189.25,1737
2026-03-06 13:15:00+00:00,1189.25,1190.0,1188.75,1189.75,1250
2026-03-06 13:30:00+00:00,1190.0,1191.0,1189.0,1190.0,1910
2026-03-06 14:30:00+00:00,1190.0,1201.75,1189.25,1198.5,28747
2026-03-06 14:45:00+00:00,1198.5,1202.75,1196.0,1196.75,14180
2026-03-06 15:00:00+00:00,1196.75,1198.25,1192.5,1197.0,7836
2026-03-06 15:15:00+00:00,1196.75,1198.5,1195.5,1197.5,9717
2026-03-06 15:30:00+00:00,1197.5,1198.5,1193.25,1195.75,7344
2026-03-06 15:45:00+00:00,1195.75,1200.25,1195.75,1197.75,5995
2026-03-06 16:00:00+00:00,1197.75,1201.0,1197.25,1197.5,5642
2026-03-06 16:15:00+00:00,1197.5,1198.25,1193.0,1194.0,5980
2026-03-06 16:30:00+00:00,1194.25,1195.25,1192.0,1194.75,4995
2026-03-06 16:45:00+00:00,1194.75,1195.75,1193.25,1195.25,2443
2026-03-06 17:00:00+00:00,1195.25,1197.5,1194.0,1197.25,4105
2026-03-06 17:15:00+00:00,1197.0,1197.75,1195.75,1196.0,4640
2026-03-06 17:30:00+00:00,1196.0,1199.0,1195.25,1198.0,3129
2026-03-06 17:45:00+00:00,1198.0,1199.75,1196.25,1197.0,3545
2026-03-06 18:00:00+00:00,1197.0,1198.75,1196.25,1197.75,6978
2026-03-06 18:15:00+00:00,1197.5,1200.75,1196.75,1200.0,5436
2026-03-06 18:30:00+00:00,1200.0,1201.75,1199.75,1200.25,4293
2026-03-06 18:45:00+00:00,1200.25,1202.0,1200.0,1201.5,6932
2026-03-06 19:00:00+00:00,1201.75,1202.75,1200.0,1201.25,19311
2026-03-06 19:15:00+00:00,1201.25,1202.75,1200.25,1201.75,3036
2026-03-09 00:00:00+00:00,1219.5,1224.5,1210.5,1218.0,8130
2026-03-09 00:15:00+00:00,1218.0,1219.75,1213.5,1218.25,3116
2026-03-09 00:30:00+00:00,1218.25,1222.75,1218.0,1219.25,2018
2026-03-09 00:45:00+00:00,1219.25,1226.75,1217.0,1225.75,2201
2026-03-09 01:00:00+00:00,1225.5,1230.0,1223.25,1227.5,4260
2026-03-09 01:15:00+00:00,1227.5,1230.25,1224.25,1226.0,3501
2026-03-09 01:30:00+00:00,1225.75,1231.5,1224.5,1230.25,2212
2026-03-09 01:45:00+00:00,1230.5,1231.0,1228.25,1229.25,1380
2026-03-09 02:00:00+00:00,1229.5,1231.5,1228.5,1230.75,1307
2026-03-09 02:15:00+00:00,1230.75,1230.75,1226.5,1226.75,1060
2026-03-09 02:30:00+00:00,1227.25,1229.0,1225.75,1228.0,838
2026-03-09 02:45:00+00:00,1228.25,1229.25,1227.0,1227.25,439
2026-03-09 03:00:00+00:00,1227.25,1227.75,1223.25,1226.0,1764
2026-03-09 03:15:00+00:00,1226.25,1230.0,1226.25,1227.25,2218
2026-03-09 03:30:00+00:00,1227.25,1230.75,1226.75,1230.0,752
2026-03-09 03:45:00+00:00,1229.75,1231.5,1229.0,1231.25,571
2026-03-09 04:00:00+00:00,1231.75,1232.5,1230.5,1230.5,523
2026-03-09 04:15:00+00:00,1230.75,1231.25,1229.5,1230.75,293
2026-03-09 04:30:00+00:00,1230.5,1231.75,1230.0,1231.75,200
2026-03-09 04:45:00+00:00,1232.0,1233.75,1232.0,1232.25,452
2026-03-09 05:00:00+00:00,1232.25,1232.25,1229.5,1230.0,261
2026-03-09 05:15:00+00:00,1229.75,1229.75,1222.75,1223.0,2050
2026-03-09 05:30:00+00:00,1222.75,1224.0,1218.75,1222.0,3692
2026-03-09 05:45:00+00:00,1222.25,1225.0,1217.0,1218.25,4246
2026-03-09 06:00:00+00:00,1218.0,1221.25,1215.25,1216.25,2679
2026-03-09 06:15:00+00:00,1216.25,1223.0,1216.25,1220.5,2238
2026-03-09 06:30:00+00:00,1220.5,1223.25,1219.25,1219.75,630
2026-03-09 06:45:00+00:00,1219.5,1222.25,1216.25,1217.75,881
2026-03-09 07:00:00+00:00,1218.0,1218.5,1216.25,1217.25,604
2026-03-09 07:15:00+00:00,1217.0,1217.75,1216.0,1217.5,378
2026-03-09 07:30:00+00:00,1217.25,1218.75,1216.25,1218.25,478
2026-03-09 07:45:00+00:00,1218.5,1218.75,1216.25,1217.25,256
2026-03-09 08:00:00+00:00,1217.25,1219.0,1215.75,1218.0,608
2026-03-09 08:15:00+00:00,1218.0,1219.75,1216.25,1218.5,508
2026-03-09 08:30:00+00:00,1217.75,1219.75,1216.75,1218.75,611
2026-03-09 08:45:00+00:00,1218.75,1220.0,1218.25,1219.0,387
2026-03-09 09:00:00+00:00,1218.75,1221.75,1218.25,1220.75,408
2026-03-09 09:15:00+00:00,1221.0,1222.25,1219.25,1220.25,505
2026-03-09 09:30:00+00:00,1220.0,1221.0,1214.0,1215.25,2334
2026-03-09 09:45:00+00:00,1215.25,1217.0,1214.5,1216.5,1042
2026-03-09 10:00:00+00:00,1216.25,1217.0,1214.25,1216.25,729
2026-03-09 10:15:00+00:00,1216.25,1219.25,1216.25,1218.75,701
2026-03-09 10:30:00+00:00,1218.75,1220.5,1217.75,1219.5,833
2026-03-09 10:45:00+00:00,1219.25,1220.5,1217.25,1219.75,336
2026-03-09 11:00:00+00:00,1219.5,1220.25,1217.0,1219.5,1280
2026-03-09 11:15:00+00:00,1219.25,1219.5,1216.25,1217.0,529
2026-03-09 11:30:00+00:00,1216.75,1216.75,1213.5,1214.5,856
2026-03-09 11:45:00+00:00,1214.5,1216.25,1214.0,1215.5,806
2026-03-09 12:00:00+00:00,1215.25,1215.5,1213.25,1213.75,833
2026-03-09 12:15:00+00:00,1213.5,1215.75,1213.0,1215.75,1843
2026-03-09 12:30:00+00:00,1215.75,1216.25,1213.5,1215.75,1031
2026-03-09 13:30:00+00:00,1215.75,1215.75,1206.5,1209.75,15363
2026-03-09 13:45:00+00:00,1210.0,1213.5,1208.25,1210.0,6508
2026-03-09 14:00:00+00:00,1210.0,1215.5,1209.75,1215.5,6205
2026-03-09 14:15:00+00:00,1215.25,1215.5,1212.5,1215.5,3595
2026-03-09 14:30:00+00:00,1215.25,1215.75,1212.75,1213.5,3401
2026-03-09 14:45:00+00:00,1213.5,1214.5,1209.25,1210.25,3861
2026-03-09 15:00:00+00:00,1210.5,1211.25,1202.5,1203.0,9052
2026-03-09 15:15:00+00:00,1203.0,1204.25,1198.25,1199.25,6046
2026-03-09 15:30:00+00:00,1199.0,1200.0,1196.5,1199.5,7197
2026-03-09 15:45:00+00:00,1199.5,1201.0,1197.0,1198.5,3690
2026-03-09 16:00:00+00:00,1198.5,1200.75,1193.0,1194.75,4510
2026-03-09 16:15:00+00:00,1195.0,1197.75,1193.0,1195.0,4132
2026-03-09 16:30:00+00:00,1195.25,1197.0,1194.25,1195.0,2968
2026-03-09 16:45:00+00:00,1195.0,1197.0,1193.75,1194.75,1952
2026-03-09 17:00:00+00:00,1195.0,1197.25,1194.25,1197.0,2257
2026-03-09 17:15:00+00:00,1197.0,1198.75,1196.0,1197.75,5228
2026-03-09 17:30:00+00:00,1198.0,1199.75,1197.0,1199.0,3283
2026-03-09 17:45:00+00:00,1199.0,1200.25,1197.25,1197.5,3007
2026-03-09 18:00:00+00:00,1197.5,1197.5,1194.25,1196.25,12441
2026-03-09 18:15:00+00:00,1196.25,1196.5,1195.5,1196.25,1788
2026-03-10 00:00:00+00:00,1185.5,1191.25,1177.75,1191.0,1431
2026-03-10 00:15:00+00:00,1191.0,1193.5,1191.0,1192.5,1213
2026-03-10 00:30:00+00:00,1192.75,1193.5,1188.75,1189.25,780
2026-03-10 00:45:00+00:00,1188.75,1190.0,1186.75,1189.25,892
2026-03-10 01:00:00+00:00,1189.5,1194.0,1186.0,1192.25,2458
2026-03-10 01:15:00+00:00,1191.75,1196.25,1190.5,1193.0,1850
2026-03-10 01:30:00+00:00,1192.75,1192.75,1188.25,1189.75,449
2026-03-10 01:45:00+00:00,1189.5,1189.75,1187.25,1187.75,1117
2026-03-10 02:00:00+00:00,1188.25,1190.25,1188.25,1190.0,413
2026-03-10 02:15:00+00:00,1190.5,1191.5,1190.25,1191.0,87
2026-03-10 02:30:00+00:00,1191.0,1194.0,1190.75,1191.5,349
2026-03-10 02:45:00+00:00,1191.5,1192.75,1190.25,1192.25,678
2026-03-10 03:00:00+00:00,1192.5,1193.0,1190.5,1191.25,416
2026-03-10 03:15:00+00:00,1191.5,1192.0,1190.75,1191.75,247
2026-03-10 03:30:00+00:00,1191.75,1192.0,1190.5,1191.75,147
2026-03-10 03:45:00+00:00,1191.5,1191.75,1191.0,1191.25,87
2026-03-10 04:00:00+00:00,1191.25,1192.0,1189.5,1192.0,133
2026-03-10 04:15:00+00:00,1191.5,1192.0,1191.25,1191.75,34
2026-03-10 04:30:00+00:00,1191.75,1192.25,1191.25,1191.75,104
2026-03-10 04:45:00+00:00,1191.5,1192.5,1191.5,1192.0,90
2026-03-10 05:00:00+00:00,1191.75,1192.0,1189.75,1190.0,88
2026-03-10 05:15:00+00:00,1190.25,1190.5,1189.5,1189.75,65
2026-03-10 05:30:00+00:00,1189.75,1190.75,1189.25,1189.75,202
2026-03-10 05:45:00+00:00,1189.75,1190.5,1189.25,1190.5,54
2026-03-10 06:00:00+00:00,1190.75,1190.75,1188.5,1190.25,601
2026-03-10 06:15:00+00:00,1190.5,1191.25,1190.0,1191.0,260
2026-03-10 06:30:00+00:00,1191.25,1191.25,1190.25,1190.75,304
2026-03-10 06:45:00+00:00,1190.75,1190.75,1189.25,1189.75,967
2026-03-10 07:00:00+00:00,1190.0,1193.75,1189.75,1193.5,699
2026-03-10 07:15:00+00:00,1193.5,1194.0,1190.75,1191.25,673
2026-03-10 07:30:00+00:00,1191.0,1191.25,1189.75,1191.25,796
2026-03-10 07:45:00+00:00,1191.25,1192.25,1190.25,1191.0,207
2026-03-10 08:00:00+00:00,1191.0,1193.75,1191.0,1191.75,1063
2026-03-10 08:15:00+00:00,1192.0,1192.25,1191.25,1192.0,333
2026-03-10 08:30:00+00:00,1192.0,1192.25,1189.25,1190.5,558
2026-03-10 08:45:00+00:00,1190.5,1191.0,1190.0,1190.75,268
2026-03-10 09:00:00+00:00,1190.5,1190.75,1189.5,1190.0,168
2026-03-10 09:15:00+00:00,1190.0,1190.75,1189.0,1190.5,156
2026-03-10 09:30:00+00:00,1190.25,1190.75,1188.5,1190.0,307
2026-03-10 09:45:00+00:00,1189.75,1193.0,1189.75,1192.75,934
2026-03-10 10:00:00+00:00,1192.5,1193.5,1192.0,1193.0,495
2026-03-10 10:15:00+00:00,1193.25,1193.75,1192.25,1192.75,369
2026-03-10 10:30:00+00:00,1192.75,1193.5,1192.75,1193.0,199
2026-03-10 10:45:00+00:00,1192.75,1194.75,1192.0,1194.75,677
2026-03-10 11:00:00+00:00,1194.5,1194.75,1191.75,1194.5,1069
2026-03-10 11:15:00+00:00,1194.5,1195.5,1193.75,1195.0,522
2026-03-10 11:30:00+00:00,1194.75,1195.5,1194.0,1195.5,289
2026-03-10 11:45:00+00:00,1195.5,1200.0,1195.25,1199.0,1339
2026-03-10 12:00:00+00:00,1199.25,1199.25,1195.75,1198.25,867
2026-03-10 12:15:00+00:00,1198.0,1199.75,1197.25,1199.75,531
2026-03-10 12:30:00+00:00,1199.75,1200.75,1199.0,1199.5,831
2026-03-10 13:30:00+00:00,1199.0,1204.5,1198.0,1204.25,9802
2026-03-10 13:45:00+00:00,1204.25,1206.0,1202.25,1202.5,5409
2026-03-10 14:00:00+00:00,1202.75,1203.25,1198.0,1199.75,6438
2026-03-10 14:15:00+00:00,1199.75,1203.5,1198.75,1200.25,3993
2026-03-10 14:30:00+00:00,1200.0,1201.25,1195.75,1196.0,4305
2026-03-10 14:45:00+00:00,1196.0,1198.75,1194.0,1194.75,5520
2026-03-10 15:00:00+00:00,1194.75,1199.25,1194.5,1198.5,3428
2026-03-10 15:15:00+00:00,1198.75,1201.0,1197.5,1199.0,3651
2026-03-10 15:30:00+00:00,1199.25,1202.5,1198.75,1201.25,2956
2026-03-10 15:45:00+00:00,1201.25,1203.5,1200.5,1202.5,2365
2026-03-10 16:00:00+00:00,1202.25,1207.5,1195.75,1205.75,6753
2026-03-10 16:15:00+00:00,1205.75,1206.0,1200.75,1203.25,4274
2026-03-10 16:30:00+00:00,1203.25,1206.0,1202.25,1202.75,4098
2026-03-10 16:45:00+00:00,1203.0,1203.5,1201.0,1201.5,1755
2026-03-10 17:00:00+00:00,1201.5,1202.0,1197.0,1199.25,3433
2026-03-10 17:15:00+00:00,1199.25,1199.5,1192.5,1195.75,5971
2026-03-10 17:30:00+00:00,1196.0,1202.5,1195.75,1202.25,3939
2026-03-10 17:45:00+00:00,1202.5,1203.25,1197.75,1198.75,3032
2026-03-10 18:00:00+00:00,1198.5,1202.75,1197.75,1202.5,8977
2026-03-10 18:15:00+00:00,1202.25,1203.75,1201.75,1203.25,3790
2026-03-11 00:00:00+00:00,1207.0,1212.75,1205.0,1209.5,911
2026-03-11 00:15:00+00:00,1209.0,1209.25,1206.25,1206.5,859
2026-03-11 00:30:00+00:00,1206.5,1208.25,1206.5,1207.5,255
2026-03-11 00:45:00+00:00,1207.5,1208.0,1206.25,1206.75,302
2026-03-11 01:00:00+00:00,1206.75,1207.5,1203.5,1207.0,1162
2026-03-11 01:15:00+00:00,1207.25,1207.25,1203.75,1205.25,282
2026-03-11 01:30:00+00:00,1205.25,1206.75,1204.0,1204.75,101
2026-03-11 01:45:00+00:00,1205.0,1205.75,1203.75,1203.75,121
2026-03-11 02:00:00+00:00,1203.5,1205.5,1203.5,1205.25,180
2026-03-11 02:15:00+00:00,1205.5,1207.5,1205.25,1207.5,121
2026-03-11 02:30:00+00:00,1207.5,1209.5,1206.75,1209.0,527
2026-03-11 02:45:00+00:00,1208.75,1209.75,1208.0,1208.5,343
2026-03-11 03:00:00+00:00,1208.5,1208.5,1207.25,1207.75,131
2026-03-11 03:15:00+00:00,1207.5,1207.5,1206.0,1207.25,798
2026-03-11 03:30:00+00:00,1207.0,1207.75,1206.5,1207.0,53
2026-03-11 03:45:00+00:00,1206.75,1207.0,1205.25,1206.5,508
2026-03-11 04:00:00+00:00,1206.75,1206.75,1206.0,1206.5,213
2026-03-11 04:15:00+00:00,1206.25,1206.5,1205.5,1205.5,59
2026-03-11 04:30:00+00:00,1205.5,1205.75,1205.0,1205.0,122
2026-03-11 04:45:00+00:00,1205.25,1205.25,1204.75,1205.0,36
2026-03-11 05:00:00+00:00,1205.0,1205.75,1205.0,1205.5,82
2026-03-11 05:15:00+00:00,1205.5,1206.25,1205.0,1206.25,414
2026-03-11 05:30:00+00:00,1206.25,1207.75,1205.75,1207.5,859
2026-03-11 05:45:00+00:00,1207.5,1209.0,1206.5,1208.75,394
2026-03-11 06:00:00+00:00,1208.25,1210.5,1208.25,1210.0,429
2026-03-11 06:15:00+00:00,1210.0,1211.5,1209.5,1211.25,767
2026-03-11 06:30:00+00:00,1211.0,1211.5,1207.25,1208.25,595
2026-03-11 06:45:00+00:00,1208.25,1209.75,1207.5,1209.5,334
2026-03-11 07:00:00+00:00,1209.25,1210.25,1208.5,1209.25,461
2026-03-11 07:15:00+00:00,1209.25,1211.0,1207.75,1210.5,179
2026-03-11 07:30:00+00:00,1210.75,1211.0,1209.5,1210.25,222
2026-03-11 07:45:00+00:00,1210.25,1210.5,1209.5,1210.0,52
2026-03-11 08:00:00+00:00,1209.5,1210.25,1208.25,1209.5,121
2026-03-11 08:15:00+00:00,1209.5,1211.0,1209.5,1210.5,145
2026-03-11 08:30:00+00:00,1210.5,1210.75,1209.25,1209.5,120
2026-03-11 08:45:00+00:00,1209.25,1210.25,1208.25,1209.75,257
2026-03-11 09:00:00+00:00,1210.25,1213.5,1209.75,1212.25,1145
2026-03-11 09:15:00+00:00,1212.25,1216.0,1211.75,1215.25,876
2026-03-11 09:30:00+00:00,1215.0,1217.75,1213.5,1217.5,977
2026-03-11 09:45:00+00:00,1217.5,1217.75,1215.75,1216.25,1211
2026-03-11 10:00:00+00:00,1216.25,1216.25,1212.75,1213.25,592
2026-03-11 10:15:00+00:00,1213.0,1215.25,1213.0,1214.75,351
2026-03-11 10:30:00+00:00,1215.0,1215.25,1212.75,1213.25,219
2026-03-11 10:45:00+00:00,1213.25,1213.25,1211.0,1212.5,266
2026-03-11 11:00:00+00:00,1212.75,1214.5,1212.0,1214.25,1270
2026-03-11 11:15:00+00:00,1214.25,1216.25,1214.0,1215.5,248
2026-03-11 11:30:00+00:00,1215.5,1216.75,1215.0,1216.25,494
2026-03-11 11:45:00+00:00,1216.0,1217.75,1215.25,1216.5,587
2026-03-11 12:00:00+00:00,1216.75,1220.0,1216.25,1219.75,1637
2026-03-11 12:15:00+00:00,1219.5,1219.75,1218.25,1219.25,959
2026-03-11 12:30:00+00:00,1219.5,1222.75,1219.25,1222.5,2264
2026-03-11 13:30:00+00:00,1221.25,1224.0,1216.75,1222.25,12953
2026-03-11 13:45:00+00:00,1222.0,1222.25,1214.25,1215.0,7412
2026-03-11 14:00:00+00:00,1215.25,1218.75,1213.75,1218.0,5611
2026-03-11 14:15:00+00:00,1218.0,1224.5,1217.75,1224.0,5648
2026-03-11 14:30:00+00:00,1224.25,1225.25,1221.0,1221.75,6698
2026-03-11 14:45:00+00:00,1221.75,1223.75,1220.5,1222.25,5669
2026-03-11 15:00:00+00:00,1222.5,1223.0,1219.25,1220.5,6231
2026-03-11 15:15:00+00:00,1220.5,1225.75,1220.25,1222.5,5485
2026-03-11 15:30:00+00:00,1222.75,1226.25,1220.75,1225.75,3329
2026-03-11 15:45:00+00:00,1226.0,1226.0,1223.25,1224.75,2001
2026-03-11 16:00:00+00:00,1225.0,1225.75,1224.0,1224.5,2752
2026-03-11 16:15:00+00:00,1224.75,1227.75,1224.25,1227.0,7023
2026-03-11 16:30:00+00:00,1227.0,1227.75,1218.0,1219.5,9478
2026-03-11 16:45:00+00:00,1219.5,1222.5,1219.25,1222.0,3095
2026-03-11 17:00:00+00:00,1221.75,1221.75,1215.75,1216.0,4404
2026-03-11 17:15:00+00:00,1216.25,1217.0,1215.0,1215.0,3432
2026-03-11 17:30:00+00:00,1215.25,1217.75,1213.25,1217.0,4730
2026-03-11 17:45:00+00:00,1217.0,1217.25,1215.0,1215.25,3929
2026-03-11 18:00:00+00:00,1215.5,1216.25,1212.25,1213.5,14140
2026-03-11 18:15:00+00:00,1213.75,1214.5,1213.0,1214.25,1833
2026-03-12 00:00:00+00:00,1220.0,1221.75,1216.0,1220.0,888
2026-03-12 00:15:00+00:00,1219.75,1222.5,1218.5,1222.5,1402
2026-03-12 00:30:00+00:00,1222.5,1222.75,1221.25,1222.25,417
2026-03-12 00:45:00+00:00,1222.0,1223.0,1220.75,1222.5,202
2026-03-12 01:00:00+00:00,1222.25,1224.5,1221.5,1222.75,1432
2026-03-12 01:15:00+00:00,1222.5,1223.25,1217.5,1219.5,1078
2026-03-12 01:30:00+00:00,1219.5,1222.75,1219.5,1222.75,378
2026-03-12 01:45:00+00:00,1222.5,1222.5,1219.75,1220.5,155
2026-03-12 02:00:00+00:00,1220.0,1222.25,1219.25,1221.25,214
2026-03-12 02:15:00+00:00,1221.25,1222.0,1220.75,1221.5,153
2026-03-12 02:30:00+00:00,1221.5,1221.75,1219.25,1219.75,605
2026-03-12 02:45:00+00:00,1220.25,1223.0,1219.25,1221.5,591
2026-03-12 03:00:00+00:00,1221.5,1223.5,1221.0,1223.0,207
2026-03-12 03:15:00+00:00,1223.25,1224.5,1223.0,1223.75,214
2026-03-12 03:30:00+00:00,1223.5,1224.75,1223.25,1223.5,232
2026-03-12 03:45:00+00:00,1223.25,1223.5,1222.75,1223.5,62
2026-03-12 04:00:00+00:00,1223.5,1224.0,1223.0,1223.0,1260
2026-03-12 04:15:00+00:00,1223.25,1224.0,1223.0,1223.5,100
2026-03-12 04:30:00+00:00,1223.5,1224.0,1222.75,1223.0,292
2026-03-12 04:45:00+00:00,1222.75,1225.25,1222.5,1223.5,397
2026-03-12 05:00:00+00:00,1223.5,1224.0,1221.75,1222.0,322
2026-03-12 05:15:00+00:00,1222.5,1224.25,1222.25,1224.25,94
2026-03-12 05:30:00+00:00,1224.0,1224.0,1219.75,1220.5,533
2026-03-12 05:45:00+00:00,1220.5,1221.0,1220.0,1220.0,436
2026-03-12 06:00:00+00:00,1220.0,1220.5,1218.5,1220.25,564
2026-03-12 06:15:00+00:00,1220.25,1223.0,1220.25,1221.75,620
2026-03-12 06:30:00+00:00,1222.25,1222.25,1220.75,1221.75,109
2026-03-12 06:45:00+00:00,1221.75,1221.75,1219.0,1219.75,318
2026-03-12 07:00:00+00:00,1219.75,1223.25,1219.25,1223.25,371
2026-03-12 07:15:00+00:00,1223.25,1225.25,1222.5,1224.5,549
2026-03-12 07:30:00+00:00,1224.75,1225.25,1223.5,1223.5,725
2026-03-12 07:45:00+00:00,1223.75,1224.0,1221.5,1222.25,143
2026-03-12 08:00:00+00:00,1222.25,1225.0,1222.25,1224.5,277
2026-03-12 08:15:00+00:00,1224.5,1225.75,1224.5,1225.5,239
2026-03-12 08:30:00+00:00,1225.25,1227.25,1224.5,1227.0,1096
2026-03-12 08:45:00+00:00,1226.75,1228.75,1223.5,1223.5,1847
2026-03-12 09:00:00+00:00,1223.0,1225.5,1223.0,1225.5,578
2026-03-12 09:15:00+00:00,1225.25,1225.75,1224.0,1224.25,286
2026-03-12 09:30:00+00:00,1224.0,1225.5,1223.5,1225.0,267
2026-03-12 09:45:00+00:00,1224.75,1225.25,1223.5,1224.25,446
2026-03-12 10:00:00+00:00,1224.0,1224.25,1223.25,1224.0,166
2026-03-12 10:15:00+00:00,1224.0,1225.75,1224.0,1225.25,300
2026-03-12 10:30:00+00:00,1225.5,1226.5,1224.5,1226.25,163
2026-03-12 10:45:00+00:00,1226.25,1226.75,1225.75,1226.0,449
2026-03-12 11:00:00+00:00,1226.25,1227.0,1224.25,1227.0,2320
2026-03-12 11:15:00+00:00,1226.75,1228.75,1226.5,1228.5,685
2026-03-12 11:30:00+00:00,1228.5,1228.5,1226.75,1228.5,604
2026-03-12 11:45:00+00:00,1228.25,1231.25,1228.0,1230.0,1744
2026-03-12 12:00:00+00:00,1229.75,1232.0,1229.25,1231.75,681
2026-03-12 12:15:00+00:00,1231.75,1232.0,1230.5,1230.75,3308
2026-03-12 12:30:00+00:00,1230.75,1230.75,1227.25,1229.25,3304
2026-03-12 13:30:00+00:00,1229.25,1232.5,1227.5,1231.25,13008
2026-03-12 13:45:00+00:00,1231.0,1232.0,1227.75,1229.75,7837
2026-03-12 14:00:00+00:00,1229.5,1233.5,1229.25,1233.0,6869
2026-03-12 14:15:00+00:00,1233.25,1235.75,1232.0,1232.75,8479
2026-03-12 14:30:00+00:00,1232.75,1234.0,1230.75,1232.75,5122
2026-03-12 14:45:00+00:00,1232.5,1233.5,1227.5,1233.25,5682
2026-03-12 15:00:00+00:00,1233.25,1236.25,1231.25,1232.25,7538
2026-03-12 15:15:00+00:00,1232.25,1236.5,1232.0,1235.75,5685
2026-03-12 15:30:00+00:00,1235.75,1238.75,1232.5,1232.75,10445
2026-03-12 15:45:00+00:00,1233.0,1234.75,1232.25,1234.5,2573
2026-03-12 16:00:00+00:00,1234.75,1235.5,1230.25,1231.5,5826
2026-03-12 16:15:00+00:00,1231.5,1234.75,1230.75,1231.75,2293
2026-03-12 16:30:00+00:00,1231.5,1232.5,1225.5,1228.0,10469
2026-03-12 16:45:00+00:00,1227.75,1231.0,1227.25,1228.75,3544
2026-03-12 17:00:00+00:00,1228.5,1230.0,1227.75,1229.5,2752
2026-03-12 17:15:00+00:00,1229.25,1230.75,1228.75,1230.75,2192
2026-03-12 17:30:00+00:00,1230.5,1232.75,1229.5,1232.25,1808
2026-03-12 17:45:00+00:00,1232.25,1232.25,1227.0,1227.25,2896
2026-03-12 18:00:00+00:00,1227.25,1227.75,1225.25,1227.0,9161
2026-03-12 18:15:00+00:00,1227.0,1227.25,1225.5,1225.75,4035
2026-03-13 00:00:00+00:00,1229.0,1229.75,1225.25,1226.5,733
2026-03-13 00:15:00+00:00,1226.75,1227.0,1224.0,1224.75,519
2026-03-13 00:30:00+00:00,1224.75,1224.75,1223.25,1223.75,441
2026-03-13 00:45:00+00:00,1223.75,1224.75,1222.75,1224.25,744
2026-03-13 01:00:00+00:00,1224.25,1226.25,1223.25,1223.25,919
2026-03-13 01:15:00+00:00,1223.25,1224.5,1221.75,1223.75,893
2026-03-13 01:30:00+00:00,1223.5,1226.75,1223.5,1226.25,321
2026-03-13 01:45:00+00:00,1226.0,1226.5,1225.25,1226.0,181
2026-03-13 02:00:00+00:00,1225.75,1226.75,1225.5,1226.25,194
2026-03-13 02:15:00+00:00,1226.25,1226.25,1225.75,1226.25,44
2026-03-13 02:30:00+00:00,1226.0,1226.25,1223.5,1226.0,256
2026-03-13 02:45:00+00:00,1226.0,1228.25,1225.75,1226.75,456
2026-03-13 03:00:00+00:00,1226.75,1227.75,1225.75,1226.25,329
2026-03-13 03:15:00+00:00,1226.0,1227.25,1225.25,1226.75,264
2026-03-13 03:30:00+00:00,1226.0,1226.5,1225.75,1226.0,64
2026-03-13 03:45:00+00:00,1226.0,1226.25,1225.5,1225.5,106
2026-03-13 04:00:00+00:00,1226.0,1226.5,1226.0,1226.25,48
2026-03-13 04:15:00+00:00,1226.5,1226.75,1226.0,1226.25,59
2026-03-13 04:30:00+00:00,1226.25,1226.25,1225.5,1226.0,71
2026-03-13 04:45:00+00:00,1226.0,1226.75,1225.75,1226.75,61
2026-03-13 05:00:00+00:00,1226.75,1226.75,1226.25,1226.25,19
2026-03-13 05:15:00+00:00,1226.25,1226.5,1225.75,1225.75,103
2026-03-13 05:30:00+00:00,1225.75,1225.75,1223.0,1223.25,291
2026-03-13 05:45:00+00:00,1223.0,1223.25,1221.75,1221.75,708
2026-03-13 06:00:00+00:00,1222.0,1222.0,1220.0,1221.0,595
2026-03-13 06:15:00+00:00,1221.0,1222.5,1220.5,1222.5,472
2026-03-13 06:30:00+00:00,1222.5,1222.5,1219.25,1219.75,627
2026-03-13 06:45:00+00:00,1220.0,1220.75,1218.75,1219.0,1256
2026-03-13 07:00:00+00:00,1218.75,1221.0,1218.75,1220.5,313
2026-03-13 07:15:00+00:00,1220.5,1220.75,1218.5,1219.0,883
2026-03-13 07:30:00+00:00,1219.0,1219.25,1218.5,1218.5,118
2026-03-13 07:45:00+00:00,1218.5,1219.75,1218.25,1219.75,266
2026-03-13 08:00:00+00:00,1219.75,1219.75,1217.75,1218.5,338
2026-03-13 08:15:00+00:00,1218.5,1219.0,1215.75,1216.75,1236
2026-03-13 08:30:00+00:00,1216.75,1216.75,1215.25,1215.25,488
2026-03-13 08:45:00+00:00,1215.5,1217.5,1215.25,1217.25,386
2026-03-13 09:00:00+00:00,1217.0,1218.75,1216.75,1217.5,363
2026-03-13 09:15:00+00:00,1217.5,1218.25,1217.0,1217.75,199
2026-03-13 09:30:00+00:00,1217.75,1218.25,1217.5,1217.75,207
2026-03-13 09:45:00+00:00,1217.75,1218.25,1217.25,1218.0,134
2026-03-13 10:00:00+00:00,1217.75,1217.75,1216.5,1217.75,377
2026-03-13 10:15:00+00:00,1218.0,1218.25,1217.5,1217.5,407
2026-03-13 10:30:00+00:00,1217.5,1218.25,1217.5,1217.75,143
2026-03-13 10:45:00+00:00,1218.0,1218.0,1214.75,1215.5,818
2026-03-13 11:00:00+00:00,1215.75,1217.75,1215.0,1217.5,891
2026-03-13 11:15:00+00:00,1217.5,1218.5,1216.75,1218.0,1292
2026-03-13 11:30:00+00:00,1217.75,1217.75,1216.25,1217.75,130
2026-03-13 11:45:00+00:00,1217.75,1218.0,1216.25,1216.25,351
2026-03-13 12:00:00+00:00,1216.5,1219.0,1216.25,1218.5,1138
2026-03-13 12:15:00+00:00,1218.25,1218.5,1217.25,1218.25,664
2026-03-13 12:30:00+00:00,1218.5,1220.25,1217.5,1217.5,814
2026-03-13 13:30:00+00:00,1217.0,1218.0,1211.5,1212.25,17140
2026-03-13 13:45:00+00:00,1212.5,1214.25,1211.0,1214.0,7151
2026-03-13 14:00:00+00:00,1213.75,1214.25,1211.25,1213.0,6784
2026-03-13 14:15:00+00:00,1213.25,1214.25,1209.75,1210.5,5279
2026-03-13 14:30:00+00:00,1210.5,1213.0,1209.25,1212.0,5751
2026-03-13 14:45:00+00:00,1212.0,1215.0,1211.75,1213.0,7418
2026-03-13 15:00:00+00:00,1213.25,1217.0,1212.75,1216.5,5011
2026-03-13 15:15:00+00:00,1216.5,1218.5,1216.25,1216.75,4099
2026-03-13 15:30:00+00:00,1217.0,1224.75,1216.5,1222.75,7740
2026-03-13 15:45:00+00:00,1223.0,1224.25,1221.25,1222.0,4898
2026-03-13 16:00:00+00:00,1222.0,1224.5,1222.0,1224.25,2995
2026-03-13 16:15:00+00:00,1224.25,1225.75,1223.0,1224.5,3026
2026-03-13 16:30:00+00:00,1224.25,1228.5,1224.0,1226.5,4095
2026-03-13 16:45:00+00:00,1226.75,1227.25,1225.5,1225.75,2138
2026-03-13 17:00:00+00:00,1225.75,1226.0,1221.25,1221.25,2680
2026-03-13 17:15:00+00:00,1221.0,1222.25,1219.5,1219.75,2288
2026-03-13 17:30:00+00:00,1219.75,1219.75,1217.5,1218.75,3447
2026-03-13 17:45:00+00:00,1218.75,1222.75,1218.75,1222.0,5554
2026-03-13 18:00:00+00:00,1222.0,1225.75,1221.75,1225.25,9475
2026-03-13 18:15:00+00:00,1225.5,1225.75,1223.75,1223.75,2467
2026-03-16 00:00:00+00:00,1214.0,1214.0,1199.25,1203.0,12303
2026-03-16 00:15:00+00:00,1202.75,1205.5,1201.75,1202.0,4085
2026-03-16 00:30:00+00:00,1202.0,1202.0,1198.5,1199.0,4796
2026-03-16 00:45:00+00:00,1199.0,1199.25,1193.0,1194.5,3144
2026-03-16 01:00:00+00:00,1194.5,1199.75,1192.25,1199.0,4756
2026-03-16 01:15:00+00:00,1198.75,1200.25,1197.5,1199.75,1951
2026-03-16 01:30:00+00:00,1199.5,1201.25,1198.25,1201.25,825
2026-03-16 01:45:00+00:00,1201.25,1202.75,1200.5,1202.0,1290
2026-03-16 02:00:00+00:00,1202.0,1203.5,1201.5,1202.5,990
2026-03-16 02:15:00+00:00,1202.5,1202.5,1201.5,1202.5,331
2026-03-16 02:30:00+00:00,1202.25,1202.75,1200.75,1202.0,456
2026-03-16 02:45:00+00:00,1201.75,1201.75,1199.25,1199.75,646
2026-03-16 03:00:00+00:00,1199.75,1201.25,1199.25,1201.0,142
2026-03-16 03:15:00+00:00,1201.0,1201.75,1200.25,1201.0,158
2026-03-16 03:30:00+00:00,1201.0,1201.75,1200.75,1201.25,107
2026-03-16 03:45:00+00:00,1201.0,1201.5,1200.75,1201.0,260
2026-03-16 04:00:00+00:00,1201.0,1201.25,1200.25,1200.5,58
2026-03-16 04:15:00+00:00,1200.5,1200.75,1200.5,1200.75,15
2026-03-16 04:30:00+00:00,1201.0,1201.25,1200.75,1200.75,24
2026-03-16 04:45:00+00:00,1201.25,1201.25,1200.25,1200.25,45
2026-03-16 05:00:00+00:00,1200.25,1201.0,1200.25,1200.25,97
2026-03-16 05:15:00+00:00,1200.25,1201.5,1200.25,1201.0,113
2026-03-16 05:30:00+00:00,1201.25,1202.25,1200.5,1200.75,401
2026-03-16 05:45:00+00:00,1200.5,1200.5,1198.75,1199.5,484
2026-03-16 06:00:00+00:00,1199.0,1200.5,1198.75,1200.25,188
2026-03-16 06:15:00+00:00,1200.75,1202.25,1200.25,1201.0,387
2026-03-16 06:30:00+00:00,1201.0,1202.5,1200.5,1202.5,474
2026-03-16 06:45:00+00:00,1202.5,1203.0,1200.5,1200.5,1833
2026-03-16 07:00:00+00:00,1200.75,1202.0,1200.5,1201.75,193
2026-03-16 07:15:00+00:00,1201.5,1202.75,1201.0,1202.0,1119
2026-03-16 07:30:00+00:00,1202.0,1202.75,1201.5,1201.75,1439
2026-03-16 07:45:00+00:00,1201.75,1202.75,1200.0,1200.0,573
2026-03-16 08:00:00+00:00,1200.25,1200.75,1197.75,1198.75,1276
2026-03-16 08:15:00+00:00,1198.25,1199.25,1197.0,1199.0,1455
2026-03-16 08:30:00+00:00,1198.75,1200.5,1198.75,1200.25,460
2026-03-16 08:45:00+00:00,1200.5,1201.0,1197.75,1198.0,885
2026-03-16 09:00:00+00:00,1198.25,1198.5,1196.5,1196.5,939
2026-03-16 09:15:00+00:00,1196.5,1196.75,1195.0,1195.75,1224
2026-03-16 09:30:00+00:00,1195.75,1196.25,1194.5,1195.0,720
2026-03-16 09:45:00+00:00,1195.0,1195.25,1194.0,1194.25,836
2026-03-16 10:00:00+00:00,1194.25,1196.0,1194.25,1194.25,705
2026-03-16 10:15:00+00:00,1194.25,1195.5,1193.25,1193.75,1248
2026-03-16 10:30:00+00:00,1194.0,1194.25,1192.5,1193.25,681
2026-03-16 10:45:00+00:00,1193.25,1193.5,1191.0,1191.5,2160
2026-03-16 11:00:00+00:00,1191.5,1192.25,1189.5,1190.75,1501
2026-03-16 11:15:00+00:00,1190.5,1193.0,1189.75,1191.75,2763
2026-03-16 11:30:00+00:00,1191.75,1194.25,1190.0,1193.75,3022
2026-03-16 11:45:00+00:00,1193.5,1194.75,1191.75,1192.5,2474
2026-03-16 12:00:00+00:00,1192.5,1194.5,1192.0,1194.5,2446
2026-03-16 12:15:00+00:00,1194.5,1196.5,1193.75,1196.25,2268
2026-03-16 12:30:00+00:00,1196.0,1196.25,1191.75,1193.0,3030
2026-03-16 13:30:00+00:00,1193.75,1194.25,1182.25,1185.0,28285
2026-03-16 13:45:00+00:00,1185.0,1185.5,1178.75,1179.25,13730
2026-03-16 14:00:00+00:00,1179.25,1180.0,1173.5,1177.0,13330
2026-03-16 14:15:00+00:00,1177.0,1178.0,1172.75,1173.5,8620
2026-03-16 14:30:00+00:00,1173.5,1174.75,1171.5,1172.5,7260
2026-03-16 14:45:00+00:00,1172.5,1175.25,1172.25,1174.5,6030
2026-03-16 15:00:00+00:00,1174.75,1175.5,1170.0,1172.0,6115
2026-03-16 15:15:00+00:00,1172.25,1173.0,1168.5,1169.5,3146
2026-03-16 15:30:00+00:00,1169.5,1169.75,1164.75,1165.25,7014
2026-03-16 15:45:00+00:00,1165.25,1166.75,1162.0,1163.75,7019
2026-03-16 16:00:00+00:00,1163.75,1166.75,1163.25,1165.75,6342
2026-03-16 16:15:00+00:00,1165.75,1167.25,1161.25,1167.25,8477
2026-03-16 16:30:00+00:00,1167.0,1167.75,1165.0,1167.25,3876
2026-03-16 16:45:00+00:00,1167.5,1167.5,1163.25,1163.75,2718
2026-03-16 17:00:00+00:00,1163.75,1164.0,1155.25,1155.25,7133
2026-03-16 17:15:00+00:00,1155.25,1155.25,1155.25,1155.25,5189
2026-03-16 17:30:00+00:00,1155.25,1155.25,1155.25,1155.25,1968
2026-03-16 17:45:00+00:00,1155.25,1155.25,1155.25,1155.25,2405
2026-03-16 18:00:00+00:00,1155.25,1155.25,1155.25,1155.25,6019
2026-03-16 18:15:00+00:00,1155.25,1155.25,1155.25,1155.25,2920
2026-03-17 00:00:00+00:00,1147.0,1154.0,1145.25,1153.5,1454
2026-03-17 00:15:00+00:00,1153.5,1155.0,1152.5,1155.0,1112
2026-03-17 00:30:00+00:00,1154.75,1156.5,1154.0,1154.5,1278
2026-03-17 00:45:00+00:00,1154.75,1155.5,1153.25,1155.5,647
2026-03-17 01:00:00+00:00,1155.25,1160.25,1155.25,1159.75,2844
2026-03-17 01:15:00+00:00,1159.75,1162.75,1159.75,1162.0,2535
2026-03-17 01:30:00+00:00,1162.0,1162.75,1161.0,1162.25,1087
2026-03-17 01:45:00+00:00,1162.25,1164.0,1162.25,1163.25,902
2026-03-17 02:00:00+00:00,1163.5,1164.0,1162.5,1163.0,626
2026-03-17 02:15:00+00:00,1163.0,1164.25,1163.0,1163.75,533
2026-03-17 02:30:00+00:00,1163.75,1164.5,1163.25,1163.75,486
2026-03-17 02:45:00+00:00,1163.75,1164.5,1163.25,1163.5,552
2026-03-17 03:00:00+00:00,1163.75,1163.75,1162.5,1162.75,222
2026-03-17 03:15:00+00:00,1163.0,1163.5,1162.5,1162.75,202
2026-03-17 03:30:00+00:00,1162.75,1163.0,1161.75,1162.75,206
2026-03-17 03:45:00+00:00,1162.5,1163.0,1162.5,1162.5,68
2026-03-17 04:00:00+00:00,1162.75,1163.25,1162.5,1162.75,208
2026-03-17 04:15:00+00:00,1162.5,1162.5,1161.5,1162.25,151
2026-03-17 04:30:00+00:00,1162.25,1162.5,1161.75,1162.0,172
2026-03-17 04:45:00+00:00,1162.0,1162.5,1162.0,1162.25,116
2026-03-17 05:00:00+00:00,1162.25,1162.5,1161.5,1161.75,49
2026-03-17 05:15:00+00:00,1161.75,1162.5,1161.25,1161.25,207
2026-03-17 05:30:00+00:00,1161.25,1162.0,1159.5,1162.0,876
2026-03-17 05:45:00+00:00,1162.0,1162.5,1161.5,1162.0,517
2026-03-17 06:00:00+00:00,1162.0,1162.25,1160.75,1161.0,593
2026-03-17 06:15:00+00:00,1161.0,1161.5,1160.0,1161.0,260
2026-03-17 06:30:00+00:00,1161.0,1162.5,1161.0,1162.25,350
2026-03-17 06:45:00+00:00,1162.25,1162.5,1160.25,1160.5,371
2026-03-17 07:00:00+00:00,1160.5,1160.5,1157.5,1159.0,938
2026-03-17 07:15:00+00:00,1158.75,1159.75,1158.75,1159.0,243
2026-03-17 07:30:00+00:00,1159.0,1159.5,1158.75,1159.0,133
2026-03-17 07:45:00+00:00,1159.25,1159.75,1157.5,1158.0,508
2026-03-17 08:00:00+00:00,1157.75,1158.0,1155.75,1156.75,1219
2026-03-17 08:15:00+00:00,1156.75,1158.0,1156.5,1157.75,921
2026-03-17 08:30:00+00:00,1157.75,1158.0,1156.25,1156.5,707
2026-03-17 08:45:00+00:00,1156.75,1157.0,1155.25,1156.0,2458
2026-03-17 09:00:00+00:00,1155.75,1156.5,1152.75,1152.75,2134
2026-03-17 09:15:00+00:00,1152.5,1153.75,1149.75,1150.25,1484
2026-03-17 09:30:00+00:00,1150.25,1150.5,1147.25,1149.0,2085
2026-03-17 09:45:00+00:00,1149.0,1150.75,1148.5,1150.25,1544
2026-03-17 10:00:00+00:00,1150.25,1151.25,1149.5,1151.0,689
2026-03-17 10:15:00+00:00,1151.0,1152.25,1150.25,1152.0,506
2026-03-17 10:30:00+00:00,1151.75,1151.75,1150.5,1151.25,552
2026-03-17 10:45:00+00:00,1151.25,1153.75,1151.0,1152.5,563
2026-03-17 11:00:00+00:00,1152.25,1158.5,1152.25,1158.0,1496
2026-03-17 11:15:00+00:00,1157.75,1161.5,1157.25,1161.0,1984
2026-03-17 11:30:00+00:00,1161.0,1164.25,1159.5,1164.0,2628
2026-03-17 11:45:00+00:00,1164.0,1166.0,1163.25,1164.25,2707
2026-03-17 12:00:00+00:00,1164.25,1164.25,1159.5,1160.5,2975
2026-03-17 12:15:00+00:00,1160.5,1161.0,1157.75,1158.75,2267
2026-03-17 12:30:00+00:00,1158.75,1160.5,1157.75,1160.0,1484
2026-03-17 12:45:00+00:00,1159.5,1159.5,1159.5,1159.5,2
2026-03-17 13:30:00+00:00,1159.25,1163.25,1156.0,1161.25,21031
2026-03-17 13:45:00+00:00,1161.25,1161.25,1156.5,1158.0,13866
2026-03-17 14:00:00+00:00,1158.0,1160.25,1155.5,1160.25,7273
2026-03-17 14:15:00+00:00,1160.25,1161.25,1156.75,1156.75,6998
2026-03-17 14:30:00+00:00,1156.75,1159.25,1155.25,1159.25,6400
2026-03-17 14:45:00+00:00,1159.0,1159.25,1154.75,1157.75,4000
2026-03-17 15:00:00+00:00,1157.5,1157.75,1153.75,1155.25,3476
2026-03-17 15:15:00+00:00,1155.25,1157.25,1154.0,1154.75,5169
2026-03-17 15:30:00+00:00,1154.5,1156.0,1153.75,1154.0,3141
2026-03-17 15:45:00+00:00,1153.75,1157.0,1153.75,1155.75,5434
2026-03-17 16:00:00+00:00,1155.5,1170.5,1154.5,1162.0,28807
2026-03-17 16:15:00+00:00,1161.75,1162.25,1159.0,1160.25,4271
2026-03-17 16:30:00+00:00,1160.0,1162.0,1158.75,1160.25,3433
2026-03-17 16:45:00+00:00,1160.5,1163.75,1160.25,1163.25,7580
2026-03-17 17:00:00+00:00,1163.0,1163.0,1161.25,1161.5,1889
2026-03-17 17:15:00+00:00,1161.25,1161.75,1158.25,1159.75,2866
2026-03-17 17:30:00+00:00,1159.75,1161.25,1159.0,1160.75,2206
2026-03-17 17:45:00+00:00,1160.5,1161.0,1159.5,1160.5,3598
2026-03-17 18:00:00+00:00,1161.0,1161.0,1156.25,1156.25,11439
2026-03-17 18:15:00+00:00,1156.75,1157.5,1156.0,1156.5,3045
2026-03-18 00:00:00+00:00,1156.25,1160.0,1156.0,1157.75,529
2026-03-18 00:15:00+00:00,1158.0,1158.25,1155.5,1155.75,480
2026-03-18 00:30:00+00:00,1155.5,1155.5,1153.0,1153.5,1124
2026-03-18 00:45:00+00:00,1153.5,1154.5,1153.0,1154.0,190
2026-03-18 01:00:00+00:00,1153.75,1155.25,1153.75,1155.25,262
2026-03-18 01:15:00+00:00,1155.0,1155.5,1154.0,1154.25,144
2026-03-18 01:30:00+00:00,1154.25,1155.0,1151.5,1152.75,955
2026-03-18 01:45:00+00:00,1152.75,1152.75,1151.25,1152.25,435
2026-03-18 02:00:00+00:00,1152.5,1153.0,1151.75,1152.0,265
2026-03-18 02:15:00+00:00,1152.0,1152.25,1151.25,1151.5,340
2026-03-18 02:30:00+00:00,1151.5,1151.75,1150.5,1150.5,674
2026-03-18 02:45:00+00:00,1150.5,1150.5,1149.5,1150.25,710
2026-03-18 03:00:00+00:00,1150.5,1151.75,1150.0,1151.5,278
2026-03-18 03:15:00+00:00,1151.25,1152.75,1151.25,1151.75,718
2026-03-18 03:30:00+00:00,1151.5,1151.5,1150.75,1151.0,203
2026-03-18 03:45:00+00:00,1151.0,1151.75,1150.0,1150.0,145
2026-03-18 04:00:00+00:00,1150.25,1150.25,1149.5,1150.0,386
2026-03-18 04:15:00+00:00,1150.25,1150.5,1149.5,1150.0,233
2026-03-18 04:30:00+00:00,1150.0,1150.0,1149.0,1149.25,257
2026-03-18 04:45:00+00:00,1149.25,1149.5,1149.0,1149.25,90
2026-03-18 05:00:00+00:00,1149.25,1150.25,1149.25,1150.0,124
2026-03-18 05:15:00+00:00,1150.0,1150.25,1149.75,1150.25,26
2026-03-18 05:30:00+00:00,1150.0,1151.0,1149.25,1150.75,437
2026-03-18 05:45:00+00:00,1151.0,1151.5,1150.5,1151.0,178
2026-03-18 06:00:00+00:00,1151.25,1151.75,1150.75,1151.0,205
2026-03-18 06:15:00+00:00,1151.0,1151.0,1150.25,1150.5,62
2026-03-18 06:30:00+00:00,1150.5,1152.0,1150.0,1152.0,218
2026-03-18 06:45:00+00:00,1152.0,1154.25,1151.75,1154.0,546
2026-03-18 07:00:00+00:00,1154.0,1154.75,1153.5,1154.0,311
2026-03-18 07:15:00+00:00,1153.75,1154.25,1153.25,1153.5,193
2026-03-18 07:30:00+00:00,1153.5,1153.75,1153.0,1153.75,123
2026-03-18 07:45:00+00:00,1153.75,1154.5,1153.25,1154.0,1015
2026-03-18 08:00:00+00:00,1154.0,1154.75,1152.5,1152.75,205
2026-03-18 08:15:00+00:00,1152.75,1153.5,1152.0,1152.75,337
2026-03-18 08:30:00+00:00,1153.0,1153.75,1152.75,1153.5,219
2026-03-18 08:45:00+00:00,1153.5,1153.75,1151.75,1152.75,339
2026-03-18 09:00:00+00:00,1152.75,1155.25,1152.75,1154.5,371
2026-03-18 09:15:00+00:00,1154.5,1155.0,1153.75,1154.0,216
2026-03-18 09:30:00+00:00,1154.25,1155.0,1153.25,1154.75,485
2026-03-18 09:45:00+00:00,1154.75,1154.75,1153.0,1154.0,299
2026-03-18 10:00:00+00:00,1154.0,1154.25,1152.5,1152.75,446
2026-03-18 10:15:00+00:00,1152.75,1153.25,1151.5,1152.0,210
2026-03-18 10:30:00+00:00,1151.75,1153.5,1151.5,1152.75,487
2026-03-18 10:45:00+00:00,1152.75,1152.75,1152.0,1152.0,106
2026-03-18 11:00:00+00:00,1152.25,1152.5,1150.0,1150.5,862
2026-03-18 11:15:00+00:00,1150.75,1151.5,1149.75,1151.0,689
2026-03-18 11:30:00+00:00,1151.0,1151.75,1149.75,1150.25,403
2026-03-18 11:45:00+00:00,1150.0,1150.0,1148.0,1149.25,926
2026-03-18 12:00:00+00:00,1149.25,1150.5,1149.0,1149.75,672
2026-03-18 12:15:00+00:00,1150.0,1154.0,1149.5,1152.5,3186
2026-03-18 12:30:00+00:00,1152.5,1155.0,1152.5,1154.75,1269
2026-03-18 13:30:00+00:00,1157.0,1161.25,1152.0,1154.75,13302
2026-03-18 13:45:00+00:00,1154.5,1154.5,1151.5,1153.25,16413
2026-03-18 14:00:00+00:00,1153.25,1155.25,1151.25,1154.25,6594
2026-03-18 14:15:00+00:00,1154.25,1157.25,1154.0,1156.75,4001
2026-03-18 14:30:00+00:00,1156.5,1158.5,1154.75,1157.0,3489
2026-03-18 14:45:00+00:00,1157.0,1159.25,1155.75,1159.25,2676
2026-03-18 15:00:00+00:00,1159.25,1160.0,1156.75,1158.0,4152
2026-03-18 15:15:00+00:00,1158.0,1160.25,1157.75,1160.0,2491
2026-03-18 15:30:00+00:00,1159.75,1160.25,1158.0,1160.25,2740
2026-03-18 15:45:00+00:00,1160.5,1161.75,1159.25,1159.5,2696
2026-03-18 16:00:00+00:00,1159.25,1160.5,1158.0,1158.5,1462
2026-03-18 16:15:00+00:00,1158.5,1161.25,1158.25,1161.0,1833
2026-03-18 16:30:00+00:00,1161.0,1161.5,1160.0,1160.75,1368
2026-03-18 16:45:00+00:00,1161.0,1162.75,1161.0,1161.75,4456
2026-03-18 17:00:00+00:00,1161.75,1163.25,1161.0,1162.75,3947
2026-03-18 17:15:00+00:00,1162.75,1164.0,1162.0,1162.5,2859
2026-03-18 17:30:00+00:00,1162.5,1165.25,1162.5,1164.25,2135
2026-03-18 17:45:00+00:00,1164.25,1164.75,1161.0,1161.25,2579
2026-03-18 18:00:00+00:00,1161.25,1162.5,1160.25,1161.75,7159
2026-03-18 18:15:00+00:00,1161.5,1164.0,1161.25,1163.75,2058
2026-03-19 00:00:00+00:00,1165.0,1168.75,1162.5,1166.25,469
2026-03-19 00:15:00+00:00,1166.25,1168.5,1165.0,1167.75,797
2026-03-19 00:30:00+00:00,1168.0,1170.0,1167.5,1167.75,990
2026-03-19 00:45:00+00:00,1167.75,1168.25,1167.0,1168.0,291
2026-03-19 01:00:00+00:00,1167.75,1168.5,1166.75,1167.75,402
2026-03-19 01:15:00+00:00,1167.75,1168.25,1166.0,1167.25,521
2026-03-19 01:30:00+00:00,1167.0,1168.0,1166.5,1166.5,401
2026-03-19 01:45:00+00:00,1166.5,1167.75,1166.0,1167.75,637
2026-03-19 02:00:00+00:00,1167.75,1168.0,1164.5,1164.75,445
2026-03-19 02:15:00+00:00,1164.75,1165.0,1163.5,1164.25,417
2026-03-19 02:30:00+00:00,1164.25,1164.25,1160.75,1161.5,890
2026-03-19 02:45:00+00:00,1161.25,1162.0,1160.5,1161.0,261
2026-03-19 03:00:00+00:00,1161.0,1162.0,1160.5,1161.0,259
2026-03-19 03:15:00+00:00,1160.75,1161.25,1160.25,1160.75,148
2026-03-19 03:30:00+00:00,1160.75,1161.25,1160.25,1160.75,90
2026-03-19 03:45:00+00:00,1160.75,1160.75,1160.0,1160.0,50
2026-03-19 04:00:00+00:00,1160.0,1160.75,1159.5,1160.5,149
2026-03-19 04:15:00+00:00,1160.5,1160.5,1160.0,1160.25,29
2026-03-19 04:30:00+00:00,1160.0,1160.0,1159.25,1159.5,58
2026-03-19 04:45:00+00:00,1159.25,1160.0,1159.25,1159.5,70
2026-03-19 05:00:00+00:00,1159.5,1159.75,1159.25,1159.25,129
2026-03-19 05:15:00+00:00,1159.25,1160.25,1159.0,1159.75,237
2026-03-19 05:30:00+00:00,1159.5,1160.25,1157.0,1157.75,1556
2026-03-19 05:45:00+00:00,1157.5,1158.0,1157.0,1157.75,285
2026-03-19 06:00:00+00:00,1157.75,1158.75,1157.75,1158.25,168
2026-03-19 06:15:00+00:00,1158.25,1159.75,1158.25,1159.25,145
2026-03-19 06:30:00+00:00,1159.5,1160.0,1159.0,1159.25,216
2026-03-19 06:45:00+00:00,1159.25,1160.75,1159.0,1160.5,320
2026-03-19 07:00:00+00:00,1160.5,1162.5,1160.0,1161.75,266
2026-03-19 07:15:00+00:00,1161.5,1162.0,1159.75,1160.5,192
2026-03-19 07:30:00+00:00,1160.75,1161.5,1160.5,1161.25,109
2026-03-19 07:45:00+00:00,1161.25,1162.0,1160.75,1162.0,240
2026-03-19 08:00:00+00:00,1161.75,1163.25,1161.25,1162.25,461
2026-03-19 08:15:00+00:00,1162.5,1165.25,1162.25,1165.25,459
2026-03-19 08:30:00+00:00,1165.25,1166.75,1165.25,1165.75,556
2026-03-19 08:45:00+00:00,1166.25,1167.25,1165.0,1166.75,908
2026-03-19 09:00:00+00:00,1166.5,1167.25,1166.0,1167.0,288
2026-03-19 09:15:00+00:00,1166.75,1169.5,1166.25,1168.5,869
2026-03-19 09:30:00+00:00,1168.25,1169.25,1167.0,1167.5,685
2026-03-19 09:45:00+00:00,1167.25,1167.5,1166.0,1166.5,1129
2026-03-19 10:00:00+00:00,1166.5,1168.5,1165.5,1168.25,703
2026-03-19 10:15:00+00:00,1167.75,1168.5,1166.75,1166.75,122
2026-03-19 10:30:00+00:00,1167.0,1167.0,1166.0,1166.0,202
2026-03-19 10:45:00+00:00,1165.75,1166.75,1165.5,1166.5,148
2026-03-19 11:00:00+00:00,1166.25,1167.5,1166.0,1166.75,193
2026-03-19 11:15:00+00:00,1166.5,1166.75,1164.5,1165.5,519
2026-03-19 11:30:00+00:00,1165.25,1167.75,1165.25,1166.75,424
2026-03-19 11:45:00+00:00,1167.0,1167.5,1166.0,1166.0,283
2026-03-19 12:00:00+00:00,1165.75,1165.75,1163.0,1164.0,606
2026-03-19 12:15:00+00:00,1164.0,1164.75,1162.25,1162.75,847
2026-03-19 12:30:00+00:00,1162.75,1164.25,1160.0,1163.75,1028
2026-03-19 13:30:00+00:00,1163.0,1164.25,1160.0,1163.0,10874
2026-03-19 13:45:00+00:00,1162.75,1163.75,1160.25,1163.25,5512
2026-03-19 14:00:00+00:00,1163.0,1165.25,1162.5,1163.25,3921
2026-03-19 14:15:00+00:00,1163.25,1164.5,1161.0,1163.25,10343
2026-03-19 14:30:00+00:00,1163.0,1165.0,1161.5,1163.25,4386
2026-03-19 14:45:00+00:00,1163.25,1166.0,1163.25,1165.0,3594
2026-03-19 15:00:00+00:00,1165.0,1165.0,1163.25,1164.25,1937
2026-03-19 15:15:00+00:00,1164.25,1166.5,1164.0,1164.25,2480
2026-03-19 15:30:00+00:00,1164.0,1164.25,1160.75,1161.5,5364
2026-03-19 15:45:00+00:00,1161.5,1166.25,1161.25,1163.5,3028
2026-03-19 16:00:00+00:00,1163.5,1166.25,1161.0,1163.75,4108
2026-03-19 16:15:00+00:00,1164.0,1166.5,1161.75,1166.25,1916
2026-03-19 16:30:00+00:00,1166.0,1168.25,1165.5,1167.75,2287
2026-03-19 16:45:00+00:00,1167.5,1168.75,1166.75,1168.5,4996
2026-03-19 17:00:00+00:00,1168.5,1173.25,1168.5,1173.0,7842
2026-03-19 17:15:00+00:00,1173.0,1173.5,1169.25,1169.75,4441
2026-03-19 17:30:00+00:00,1170.0,1170.75,1168.75,1169.25,2711
2026-03-19 17:45:00+00:00,1169.25,1169.5,1167.25,1167.5,1891
2026-03-19 18:00:00+00:00,1167.5,1168.75,1166.75,1168.75,5795
2026-03-19 18:15:00+00:00,1168.75,1168.75,1166.75,1168.5,2029
2026-03-20 00:00:00+00:00,1166.0,1168.25,1165.0,1168.0,213
2026-03-20 00:15:00+00:00,1167.75,1170.5,1167.75,1169.75,1597
2026-03-20 00:30:00+00:00,1169.75,1173.5,1169.75,1173.5,1111
2026-03-20 00:45:00+00:00,1173.5,1173.75,1172.25,1172.75,478
2026-03-20 01:00:00+00:00,1172.5,1172.5,1168.75,1168.75,756
2026-03-20 01:15:00+00:00,1168.75,1169.0,1165.75,1166.25,529
2026-03-20 01:30:00+00:00,1166.25,1167.0,1166.0,1167.0,296
2026-03-20 01:45:00+00:00,1167.0,1168.0,1166.5,1167.75,208
2026-03-20 02:00:00+00:00,1167.75,1168.5,1166.75,1167.75,137
2026-03-20 02:15:00+00:00,1167.75,1168.5,1167.75,1168.0,350
2026-03-20 02:30:00+00:00,1168.5,1169.5,1168.25,1169.0,174
2026-03-20 02:45:00+00:00,1169.0,1170.25,1168.5,1170.0,100
2026-03-20 03:00:00+00:00,1170.25,1171.25,1170.25,1170.5,135
2026-03-20 03:15:00+00:00,1170.5,1173.5,1170.25,1173.25,259
2026-03-20 03:30:00+00:00,1173.5,1173.5,1171.75,1172.5,175
2026-03-20 03:45:00+00:00,1172.75,1173.0,1172.25,1172.75,50
2026-03-20 04:00:00+00:00,1172.75,1172.75,1172.25,1172.5,30
2026-03-20 04:15:00+00:00,1172.5,1172.75,1172.0,1172.75,34
2026-03-20 04:30:00+00:00,1172.75,1173.0,1172.5,1172.75,132
2026-03-20 04:45:00+00:00,1172.75,1173.5,1172.75,1173.25,27
2026-03-20 05:00:00+00:00,1173.25,1173.25,1172.0,1172.5,84
2026-03-20 05:15:00+00:00,1172.5,1174.0,1172.5,1173.75,159
2026-03-20 05:30:00+00:00,1173.5,1174.5,1173.25,1173.25,134
2026-03-20 05:45:00+00:00,1173.0,1173.75,1172.5,1173.75,143
2026-03-20 06:00:00+00:00,1173.75,1175.25,1173.75,1174.5,487
2026-03-20 06:15:00+00:00,1174.75,1174.75,1173.0,1173.5,386
2026-03-20 06:30:00+00:00,1173.5,1173.5,1172.25,1172.5,316
2026-03-20 06:45:00+00:00,1172.75,1173.5,1172.5,1173.0,157
2026-03-20 07:00:00+00:00,1173.25,1174.5,1173.0,1174.25,236
2026-03-20 07:15:00+00:00,1174.25,1175.0,1174.0,1175.0,143
2026-03-20 07:30:00+00:00,1175.0,1175.0,1174.25,1174.25,86
2026-03-20 07:45:00+00:00,1174.0,1175.25,1174.0,1175.25,99
2026-03-20 08:00:00+00:00,1175.25,1175.5,1175.0,1175.5,212
2026-03-20 08:15:00+00:00,1175.75,1176.0,1175.25,1175.5,219
2026-03-20 08:30:00+00:00,1175.25,1175.5,1173.25,1174.25,460
2026-03-20 08:45:00+00:00,1174.0,1174.75,1174.0,1174.5,71
2026-03-20 09:00:00+00:00,1174.0,1174.25,1173.0,1174.25,134
2026-03-20 09:15:00+00:00,1174.0,1174.5,1172.25,1172.75,251
2026-03-20 09:30:00+00:00,1172.75,1172.75,1171.25,1172.75,703
2026-03-20 09:45:00+00:00,1173.0,1173.25,1171.75,1172.0,211
2026-03-20 10:00:00+00:00,1172.25,1173.25,1172.25,1173.0,246
2026-03-20 10:15:00+00:00,1172.75,1173.0,1172.0,1172.0,60
2026-03-20 10:30:00+00:00,1171.75,1172.0,1170.25,1170.25,251
2026-03-20 10:45:00+00:00,1170.25,1171.0,1169.75,1170.0,344
2026-03-20 11:00:00+00:00,1169.75,1170.0,1169.25,1169.5,233
2026-03-20 11:15:00+00:00,1169.5,1169.75,1168.75,1169.0,515
2026-03-20 11:30:00+00:00,1169.0,1170.5,1168.25,1170.25,596
2026-03-20 11:45:00+00:00,1170.25,1170.75,1169.0,1169.0,434
2026-03-20 12:00:00+00:00,1169.25,1170.75,1168.0,1170.0,766
2026-03-20 12:15:00+00:00,1169.75,1171.25,1169.25,1170.25,676
2026-03-20 12:30:00+00:00,1170.0,1170.0,1167.0,1168.25,1025
2026-03-20 13:30:00+00:00,1169.0,1172.75,1165.25,1172.5,7746
2026-03-20 13:45:00+00:00,1172.25,1174.25,1169.25,1170.0,9941
2026-03-20 14:00:00+00:00,1169.75,1171.25,1165.25,1166.25,5878
2026-03-20 14:15:00+00:00,1166.0,1167.75,1162.5,1162.75,4099
2026-03-20 14:30:00+00:00,1162.75,1166.5,1162.75,1164.5,4544
2026-03-20 14:45:00+00:00,1164.75,1166.0,1164.0,1165.75,2931
2026-03-20 15:00:00+00:00,1166.0,1166.75,1163.75,1164.0,2039
2026-03-20 15:15:00+00:00,1163.75,1164.75,1162.75,1163.75,2189
2026-03-20 15:30:00+00:00,1163.75,1164.25,1162.75,1163.25,1960
2026-03-20 15:45:00+00:00,1163.25,1164.25,1163.0,1163.25,1332
2026-03-20 16:00:00+00:00,1163.25,1163.75,1161.5,1161.75,2285
2026-03-20 16:15:00+00:00,1161.5,1163.75,1161.25,1161.75,1340
2026-03-20 16:30:00+00:00,1161.75,1164.0,1161.5,1163.75,2280
2026-03-20 16:45:00+00:00,1163.75,1164.75,1161.75,1161.75,2403
2026-03-20 17:00:00+00:00,1162.0,1162.75,1160.25,1162.0,1975
2026-03-20 17:15:00+00:00,1162.25,1162.25,1160.25,1160.25,2018
2026-03-20 17:30:00+00:00,1160.25,1160.75,1159.5,1160.75,2019
2026-03-20 17:45:00+00:00,1160.75,1161.0,1160.0,1160.25,1862
2026-03-20 18:00:00+00:00,1160.5,1162.0,1159.75,1160.75,7317
2026-03-20 18:15:00+00:00,1160.75,1161.5,1160.25,1160.5,1366
2026-03-23 00:00:00+00:00,1160.0,1160.25,1155.25,1158.0,1674
2026-03-23 00:15:00+00:00,1157.75,1159.0,1157.5,1158.0,336
2026-03-23 00:30:00+00:00,1158.25,1158.75,1156.5,1157.25,203
2026-03-23 00:45:00+00:00,1157.25,1159.5,1157.25,1158.75,232
2026-03-23 01:00:00+00:00,1158.75,1166.5,1157.75,1165.5,1905
2026-03-23 01:15:00+00:00,1165.5,1167.25,1165.0,1166.25,604
2026-03-23 01:30:00+00:00,1165.75,1167.25,1165.5,1167.0,506
2026-03-23 01:45:00+00:00,1167.0,1167.25,1166.0,1166.75,248
2026-03-23 02:00:00+00:00,1166.5,1166.5,1165.0,1165.0,101
2026-03-23 02:15:00+00:00,1165.25,1165.5,1164.75,1165.25,66
2026-03-23 02:30:00+00:00,1165.5,1165.5,1164.75,1165.25,59
2026-03-23 02:45:00+00:00,1165.75,1167.0,1164.75,1166.75,140
2026-03-23 03:00:00+00:00,1166.75,1168.75,1166.75,1167.75,413
2026-03-23 03:15:00+00:00,1168.0,1168.5,1167.5,1168.25,130
2026-03-23 03:30:00+00:00,1168.25,1168.25,1167.75,1167.75,29
2026-03-23 03:45:00+00:00,1167.75,1168.5,1167.75,1168.0,45
2026-03-23 04:00:00+00:00,1168.25,1168.5,1168.25,1168.25,23
2026-03-23 04:15:00+00:00,1168.75,1168.75,1168.25,1168.5,12
2026-03-23 04:30:00+00:00,1168.5,1168.5,1168.25,1168.5,5
2026-03-23 04:45:00+00:00,1168.5,1168.75,1168.25,1168.5,10
2026-03-23 05:00:00+00:00,1168.75,1168.75,1167.5,1167.75,120
2026-03-23 05:15:00+00:00,1167.75,1168.0,1167.5,1167.5,19
2026-03-23 05:30:00+00:00,1167.5,1168.0,1166.0,1166.75,140
2026-03-23 05:45:00+00:00,1166.75,1167.5,1165.75,1167.25,139
2026-03-23 06:00:00+00:00,1167.0,1167.25,1166.25,1167.25,85
2026-03-23 06:15:00+00:00,1167.5,1168.75,1167.5,1167.5,95
2026-03-23 06:30:00+00:00,1167.5,1169.5,1167.0,1169.5,181
2026-03-23 06:45:00+00:00,1169.0,1170.25,1168.25,1170.0,214
2026-03-23 07:00:00+00:00,1170.25,1170.25,1168.25,1168.5,108
2026-03-23 07:15:00+00:00,1168.5,1169.5,1168.25,1169.5,79
2026-03-23 07:30:00+00:00,1169.5,1170.5,1169.25,1170.5,55
2026-03-23 07:45:00+00:00,1170.25,1171.25,1170.25,1170.5,182
2026-03-23 08:00:00+00:00,1170.5,1170.5,1169.5,1170.0,197
2026-03-23 08:15:00+00:00,1169.75,1171.5,1169.75,1170.5,312
2026-03-23 08:30:00+00:00,1170.0,1170.25,1169.5,1170.25,95
2026-03-23 08:45:00+00:00,1170.25,1170.5,1169.25,1169.25,149
2026-03-23 09:00:00+00:00,1169.25,1169.25,1167.0,1167.25,2494
2026-03-23 09:15:00+00:00,1167.25,1169.0,1167.0,1168.0,195
2026-03-23 09:30:00+00:00,1167.75,1169.0,1167.5,1168.75,222
2026-03-23 09:45:00+00:00,1168.75,1169.75,1168.5,1169.25,162
2026-03-23 10:00:00+00:00,1169.5,1169.75,1168.5,1169.5,81
2026-03-23 10:15:00+00:00,1169.25,1169.5,1168.5,1168.5,266
2026-03-23 10:30:00+00:00,1168.5,1168.5,1165.75,1166.25,225
2026-03-23 10:45:00+00:00,1166.75,1167.0,1163.0,1164.25,832
2026-03-23 11:00:00+00:00,1164.25,1165.5,1152.5,1153.25,3947
2026-03-23 11:15:00+00:00,1153.25,1164.0,1152.5,1162.5,3747
2026-03-23 11:30:00+00:00,1162.75,1163.0,1156.5,1159.5,1862
2026-03-23 11:45:00+00:00,1159.5,1163.5,1159.0,1163.25,931
2026-03-23 12:00:00+00:00,1163.0,1165.5,1161.5,1162.0,1095
2026-03-23 12:15:00+00:00,1161.75,1163.25,1160.0,1161.5,480
2026-03-23 12:30:00+00:00,1161.5,1162.0,1158.25,1158.75,788
2026-03-23 13:30:00+00:00,1158.0,1162.25,1156.25,1158.75,7519
2026-03-23 13:45:00+00:00,1158.75,1162.25,1157.75,1160.25,7470
2026-03-23 14:00:00+00:00,1160.25,1161.25,1155.25,1157.25,4787
2026-03-23 14:15:00+00:00,1157.25,1164.5,1156.25,1163.5,3452
2026-03-23 14:30:00+00:00,1163.25,1166.25,1162.5,1166.0,7129
2026-03-23 14:45:00+00:00,1166.25,1166.5,1162.0,1163.25,2870
2026-03-23 15:00:00+00:00,1163.25,1163.25,1159.5,1161.25,2519
2026-03-23 15:15:00+00:00,1161.25,1163.75,1161.0,1162.0,1404
2026-03-23 15:30:00+00:00,1161.75,1168.5,1160.5,1167.75,4592
2026-03-23 15:45:00+00:00,1167.75,1169.25,1166.25,1168.5,5219
2026-03-23 16:00:00+00:00,1168.25,1168.5,1165.5,1167.5,3222
2026-03-23 16:15:00+00:00,1167.5,1169.0,1166.0,1166.5,1532
2026-03-23 16:30:00+00:00,1166.25,1166.5,1163.5,1163.5,825
2026-03-23 16:45:00+00:00,1163.5,1164.75,1163.0,1164.25,1174
2026-03-23 17:00:00+00:00,1164.5,1165.75,1162.75,1165.75,718
2026-03-23 17:15:00+00:00,1165.5,1165.75,1163.25,1163.5,759
2026-03-23 17:30:00+00:00,1163.5,1165.25,1163.0,1165.25,805
2026-03-23 17:45:00+00:00,1165.5,1165.75,1163.0,1163.25,1650
2026-03-23 18:00:00+00:00,1163.25,1165.25,1163.0,1163.75,7442
2026-03-23 18:15:00+00:00,1164.0,1165.25,1163.25,1164.5,1419
2026-03-24 00:00:00+00:00,1164.25,1166.0,1162.0,1163.25,176
2026-03-24 00:15:00+00:00,1163.5,1164.25,1162.5,1164.0,208
2026-03-24 00:30:00+00:00,1164.0,1164.0,1162.25,1162.5,179
2026-03-24 00:45:00+00:00,1162.75,1163.25,1161.5,1162.0,205
2026-03-24 01:00:00+00:00,1162.0,1164.5,1162.0,1163.5,297
2026-03-24 01:15:00+00:00,1163.5,1165.75,1162.25,1165.5,299
2026-03-24 01:30:00+00:00,1165.25,1166.0,1165.0,1165.75,276
2026-03-24 01:45:00+00:00,1165.75,1166.5,1165.25,1165.75,316
2026-03-24 02:00:00+00:00,1165.75,1166.75,1165.5,1165.75,157
2026-03-24 02:15:00+00:00,1165.5,1166.25,1165.5,1166.0,69
2026-03-24 02:30:00+00:00,1166.0,1166.25,1165.0,1165.0,77
2026-03-24 02:45:00+00:00,1165.0,1165.75,1164.5,1165.0,62
2026-03-24 03:00:00+00:00,1164.5,1165.25,1164.25,1164.5,1015
2026-03-24 03:15:00+00:00,1164.5,1164.5,1164.0,1164.25,28
2026-03-24 03:30:00+00:00,1164.0,1164.25,1164.0,1164.25,6
2026-03-24 03:45:00+00:00,1164.25,1164.25,1164.0,1164.0,4
2026-03-24 04:00:00+00:00,1164.25,1165.25,1164.0,1165.25,77
2026-03-24 04:15:00+00:00,1165.0,1165.0,1164.5,1164.5,25
2026-03-24 04:30:00+00:00,1164.75,1165.0,1164.75,1164.75,10
2026-03-24 04:45:00+00:00,1164.75,1165.0,1164.75,1164.75,15
2026-03-24 05:00:00+00:00,1165.0,1165.25,1163.75,1164.0,37
2026-03-24 05:15:00+00:00,1164.0,1164.75,1164.0,1164.75,17
2026-03-24 05:30:00+00:00,1164.75,1165.5,1164.25,1164.25,50
2026-03-24 05:45:00+00:00,1164.25,1164.25,1162.75,1162.75,106
2026-03-24 06:00:00+00:00,1162.5,1162.5,1161.5,1162.25,72
2026-03-24 06:15:00+00:00,1162.25,1162.5,1161.25,1162.0,134
2026-03-24 06:30:00+00:00,1162.25,1162.5,1160.75,1162.25,96
2026-03-24 06:45:00+00:00,1162.25,1162.5,1160.5,1160.75,245
2026-03-24 07:00:00+00:00,1160.75,1161.25,1159.25,1159.25,854
2026-03-24 07:15:00+00:00,1159.0,1159.25,1158.0,1158.5,218
2026-03-24 07:30:00+00:00,1158.75,1159.5,1158.25,1158.5,208
2026-03-24 07:45:00+00:00,1158.25,1158.25,1156.0,1156.75,842
2026-03-24 08:00:00+00:00,1156.75,1157.5,1156.5,1157.25,498
2026-03-24 08:15:00+00:00,1156.75,1157.75,1156.0,1157.25,400
2026-03-24 08:30:00+00:00,1157.25,1159.0,1157.25,1158.5,133
2026-03-24 08:45:00+00:00,1158.25,1159.25,1158.25,1159.25,239
2026-03-24 09:00:00+00:00,1159.25,1159.5,1158.25,1158.75,132
2026-03-24 09:15:00+00:00,1159.0,1160.75,1158.75,1160.5,554
2026-03-24 09:30:00+00:00,1160.75,1161.75,1160.25,1160.5,148
2026-03-24 09:45:00+00:00,1160.5,1160.75,1159.5,1160.0,92
2026-03-24 10:00:00+00:00,1160.0,1160.5,1159.75,1160.25,66
2026-03-24 10:15:00+00:00,1159.75,1161.5,1159.25,1159.75,620
2026-03-24 10:30:00+00:00,1159.5,1160.25,1159.5,1160.0,40
2026-03-24 10:45:00+00:00,1160.0,1160.75,1159.75,1160.75,69
2026-03-24 11:00:00+00:00,1160.5,1160.5,1159.0,1159.25,68
2026-03-24 11:15:00+00:00,1159.5,1159.5,1156.5,1156.5,430
2026-03-24 11:30:00+00:00,1156.25,1157.25,1155.5,1156.0,692
2026-03-24 11:45:00+00:00,1156.0,1159.25,1155.75,1158.5,929
2026-03-24 12:00:00+00:00,1158.25,1159.5,1157.5,1159.0,416
2026-03-24 12:15:00+00:00,1158.75,1159.0,1157.0,1157.25,410
2026-03-24 12:30:00+00:00,1157.0,1157.0,1155.75,1156.0,1799
2026-03-24 13:30:00+00:00,1157.25,1159.25,1155.5,1158.75,14565
2026-03-24 13:45:00+00:00,1158.75,1162.25,1158.5,1160.75,10377
2026-03-24 14:00:00+00:00,1160.5,1161.25,1159.0,1159.25,4659
2026-03-24 14:15:00+00:00,1159.25,1160.25,1157.25,1159.25,2763
2026-03-24 14:30:00+00:00,1159.25,1162.75,1159.0,1160.0,4180
2026-03-24 14:45:00+00:00,1159.75,1160.25,1157.5,1157.75,6937
2026-03-24 15:00:00+00:00,1157.5,1159.75,1157.0,1159.25,2862
2026-03-24 15:15:00+00:00,1159.0,1161.25,1158.75,1160.0,2887
2026-03-24 15:30:00+00:00,1160.25,1160.75,1158.75,1159.5,2069
2026-03-24 15:45:00+00:00,1159.25,1160.5,1158.0,1159.0,1418
2026-03-24 16:00:00+00:00,1158.75,1160.25,1158.25,1159.75,1203
2026-03-24 16:15:00+00:00,1159.5,1160.75,1158.75,1159.0,1775
2026-03-24 16:30:00+00:00,1159.25,1159.75,1158.5,1159.0,794
2026-03-24 16:45:00+00:00,1159.0,1160.75,1158.75,1160.5,1095
2026-03-24 17:00:00+00:00,1160.5,1162.0,1159.25,1161.0,2743
2026-03-24 17:15:00+00:00,1161.0,1161.25,1159.25,1159.5,1096
2026-03-24 17:30:00+00:00,1159.5,1159.75,1158.0,1158.5,2209
2026-03-24 17:45:00+00:00,1158.5,1158.75,1156.0,1157.5,5445
2026-03-24 18:00:00+00:00,1157.25,1157.25,1154.75,1155.0,7310
2026-03-24 18:15:00+00:00,1155.0,1155.5,1153.75,1154.0,2744
2026-03-25 00:00:00+00:00,1153.5,1156.0,1151.5,1153.5,844
2026-03-25 00:15:00+00:00,1153.5,1153.5,1151.75,1153.0,1140
2026-03-25 00:30:00+00:00,1153.0,1154.0,1152.25,1154.0,376
2026-03-25 00:45:00+00:00,1153.75,1154.75,1153.75,1154.75,155
2026-03-25 01:00:00+00:00,1155.0,1155.0,1152.75,1153.0,368
2026-03-25 01:15:00+00:00,1153.25,1153.5,1151.75,1152.5,238
2026-03-25 01:30:00+00:00,1152.75,1154.25,1152.75,1153.5,308
2026-03-25 01:45:00+00:00,1153.25,1154.75,1153.25,1153.25,423
2026-03-25 02:00:00+00:00,1153.25,1154.75,1153.25,1154.5,144
2026-03-25 02:15:00+00:00,1154.25,1154.75,1154.25,1154.25,44
2026-03-25 02:30:00+00:00,1154.5,1154.5,1153.5,1154.25,89
2026-03-25 02:45:00+00:00,1154.25,1154.25,1153.0,1153.75,74
2026-03-25 03:00:00+00:00,1153.75,1154.0,1152.25,1152.25,247
2026-03-25 03:15:00+00:00,1152.25,1153.25,1152.25,1152.75,76
2026-03-25 03:30:00+00:00,1153.25,1153.5,1153.25,1153.25,13
2026-03-25 03:45:00+00:00,1153.75,1153.75,1153.5,1153.75,9
2026-03-25 04:00:00+00:00,1153.5,1153.75,1153.0,1153.25,24
2026-03-25 04:15:00+00:00,1153.0,1153.0,1152.5,1152.5,40
2026-03-25 04:30:00+00:00,1152.75,1153.25,1152.5,1153.0,39
2026-03-25 04:45:00+00:00,1153.0,1153.25,1153.0,1153.0,22
2026-03-25 05:00:00+00:00,1153.0,1154.25,1152.75,1154.0,95
2026-03-25 05:15:00+00:00,1153.75,1154.0,1153.75,1154.0,13
2026-03-25 05:30:00+00:00,1154.25,1155.25,1154.25,1154.25,2170
2026-03-25 05:45:00+00:00,1154.0,1155.0,1154.0,1154.75,52
2026-03-25 06:00:00+00:00,1154.75,1155.5,1154.75,1154.75,108
2026-03-25 06:15:00+00:00,1155.0,1155.25,1154.25,1154.5,101
2026-03-25 06:30:00+00:00,1154.5,1155.0,1153.25,1153.75,123
2026-03-25 06:45:00+00:00,1153.75,1154.0,1153.25,1153.75,70
2026-03-25 07:00:00+00:00,1153.75,1154.25,1153.25,1153.75,121
2026-03-25 07:15:00+00:00,1153.75,1154.75,1153.75,1154.25,118
2026-03-25 07:30:00+00:00,1154.25,1154.25,1153.75,1154.0,45
2026-03-25 07:45:00+00:00,1154.0,1154.25,1153.25,1153.5,35
2026-03-25 08:00:00+00:00,1153.5,1153.75,1152.75,1153.0,119
2026-03-25 08:15:00+00:00,1153.0,1153.5,1152.5,1153.25,330
2026-03-25 08:30:00+00:00,1153.25,1154.5,1153.0,1154.0,613
2026-03-25 08:45:00+00:00,1153.75,1156.5,1153.75,1156.0,1913
2026-03-25 09:00:00+00:00,1155.75,1157.75,1155.75,1157.75,280
2026-03-25 09:15:00+00:00,1157.75,1159.0,1157.5,1158.0,1671
2026-03-25 09:30:00+00:00,1158.0,1160.5,1157.5,1159.75,497
2026-03-25 09:45:00+00:00,1159.75,1160.0,1156.25,1157.5,401
2026-03-25 10:00:00+00:00,1157.5,1159.5,1157.5,1158.5,303
2026-03-25 10:15:00+00:00,1158.25,1161.75,1158.25,1161.5,702
2026-03-25 10:30:00+00:00,1161.5,1161.75,1159.0,1159.5,362
2026-03-25 10:45:00+00:00,1159.5,1159.5,1158.0,1158.5,359
2026-03-25 11:00:00+00:00,1158.5,1159.25,1157.75,1158.75,387
2026-03-25 11:15:00+00:00,1158.75,1158.75,1157.75,1158.0,159
2026-03-25 11:30:00+00:00,1157.75,1158.5,1157.5,1158.25,54
2026-03-25 11:45:00+00:00,1158.0,1159.0,1157.75,1158.0,327
2026-03-25 12:00:00+00:00,1157.75,1160.25,1157.5,1159.25,366
2026-03-25 12:15:00+00:00,1159.0,1161.25,1159.0,1159.5,927
2026-03-25 12:30:00+00:00,1159.25,1160.25,1157.75,1158.5,1050
2026-03-25 13:30:00+00:00,1159.5,1161.75,1157.25,1160.25,6070
2026-03-25 13:45:00+00:00,1160.25,1160.75,1157.5,1159.0,2375
2026-03-25 14:00:00+00:00,1159.0,1162.75,1158.25,1160.75,1829
2026-03-25 14:15:00+00:00,1160.75,1162.25,1160.5,1161.5,1978
2026-03-25 14:30:00+00:00,1161.25,1162.0,1160.5,1161.75,3686
2026-03-25 14:45:00+00:00,1162.0,1163.25,1159.75,1160.25,4292
2026-03-25 15:00:00+00:00,1160.5,1162.75,1159.75,1162.25,1852
2026-03-25 15:15:00+00:00,1162.25,1163.0,1160.25,1161.5,1753
2026-03-25 15:30:00+00:00,1161.5,1163.75,1160.75,1161.0,1421
2026-03-25 15:45:00+00:00,1161.25,1164.0,1161.0,1163.5,2012
2026-03-25 16:00:00+00:00,1163.75,1164.25,1162.5,1162.5,3243
2026-03-25 16:15:00+00:00,1162.5,1163.5,1162.25,1163.25,2879
2026-03-25 16:30:00+00:00,1163.5,1163.75,1162.0,1162.25,1036
2026-03-25 16:45:00+00:00,1162.25,1165.0,1162.25,1163.0,3506
2026-03-25 17:00:00+00:00,1163.25,1164.0,1163.0,1163.5,1276
2026-03-25 17:15:00+00:00,1163.25,1164.75,1163.25,1163.75,1318
2026-03-25 17:30:00+00:00,1163.75,1171.25,1163.25,1170.25,13587
2026-03-25 17:45:00+00:00,1170.25,1176.75,1169.75,1171.75,13591
2026-03-25 18:00:00+00:00,1171.75,1172.75,1169.25,1171.75,11347
2026-03-25 18:15:00+00:00,1171.75,1174.0,1171.75,1173.5,4119
2026-03-26 00:00:00+00:00,1173.0,1179.25,1172.0,1178.75,1301
2026-03-26 00:15:00+00:00,1178.75,1179.75,1174.75,1175.25,1028
2026-03-26 00:30:00+00:00,1175.0,1176.5,1174.5,1176.5,421
2026-03-26 00:45:00+00:00,1176.5,1176.5,1174.75,1175.0,369
2026-03-26 01:00:00+00:00,1174.75,1175.0,1173.25,1173.25,499
2026-03-26 01:15:00+00:00,1173.5,1175.0,1173.5,1175.0,152
2026-03-26 01:30:00+00:00,1175.0,1175.5,1174.25,1174.75,451
2026-03-26 01:45:00+00:00,1174.25,1174.5,1174.0,1174.5,90
2026-03-26 02:00:00+00:00,1174.25,1174.25,1171.75,1172.25,341
2026-03-26 02:15:00+00:00,1172.0,1172.75,1171.5,1172.25,192
2026-03-26 02:30:00+00:00,1172.25,1173.5,1172.0,1172.75,126
2026-03-26 02:45:00+00:00,1172.5,1173.75,1172.25,1173.75,151
2026-03-26 03:00:00+00:00,1173.5,1174.0,1172.75,1173.25,63
2026-03-26 03:15:00+00:00,1173.25,1174.25,1173.25,1174.25,55
2026-03-26 03:30:00+00:00,1174.25,1174.5,1174.25,1174.5,16
2026-03-26 03:45:00+00:00,1174.75,1175.0,1174.5,1175.0,29
2026-03-26 04:00:00+00:00,1174.75,1174.75,1173.75,1173.75,51
2026-03-26 04:15:00+00:00,1173.75,1174.0,1173.75,1174.0,17
2026-03-26 04:30:00+00:00,1174.25,1174.5,1173.5,1173.75,21
2026-03-26 04:45:00+00:00,1173.75,1174.0,1173.75,1174.0,21
2026-03-26 05:00:00+00:00,1174.0,1174.25,1173.5,1173.5,225
2026-03-26 05:15:00+00:00,1173.5,1173.5,1172.5,1173.0,70
2026-03-26 05:30:00+00:00,1173.0,1173.5,1173.0,1173.5,125
2026-03-26 05:45:00+00:00,1173.25,1174.25,1173.0,1174.0,87
2026-03-26 06:00:00+00:00,1174.0,1175.0,1173.5,1173.5,218
2026-03-26 06:15:00+00:00,1173.75,1175.0,1173.5,1175.0,92
2026-03-26 06:30:00+00:00,1174.75,1175.25,1173.25,1174.5,283
2026-03-26 06:45:00+00:00,1174.25,1175.5,1173.5,1175.0,156
2026-03-26 07:00:00+00:00,1175.0,1175.75,1174.75,1175.0,342
2026-03-26 07:15:00+00:00,1175.0,1175.0,1171.75,1173.5,560
2026-03-26 07:30:00+00:00,1173.75,1173.75,1173.0,1173.5,75
2026-03-26 07:45:00+00:00,1173.25,1173.75,1173.25,1173.25,109
2026-03-26 08:00:00+00:00,1173.25,1173.75,1172.0,1173.25,364
2026-03-26 08:15:00+00:00,1173.25,1173.5,1172.5,1173.25,205
2026-03-26 08:30:00+00:00,1173.0,1173.5,1172.5,1173.0,350
2026-03-26 08:45:00+00:00,1173.25,1173.25,1172.75,1173.25,104
2026-03-26 09:00:00+00:00,1173.0,1173.5,1172.5,1173.5,123
2026-03-26 09:15:00+00:00,1173.5,1173.5,1173.0,1173.0,149
2026-03-26 09:30:00+00:00,1173.25,1174.0,1173.0,1173.5,244
2026-03-26 09:45:00+00:00,1173.5,1174.0,1172.25,1172.75,308
2026-03-26 10:00:00+00:00,1172.75,1173.25,1172.5,1172.5,153
2026-03-26 10:15:00+00:00,1172.25,1173.0,1171.75,1172.5,161
2026-03-26 10:30:00+00:00,1172.5,1174.25,1172.25,1172.25,221
2026-03-26 10:45:00+00:00,1172.25,1173.25,1172.0,1173.0,136
2026-03-26 11:00:00+00:00,1172.75,1173.0,1172.0,1172.5,190
2026-03-26 11:15:00+00:00,1172.5,1173.25,1172.25,1173.0,211
2026-03-26 11:30:00+00:00,1173.0,1173.5,1172.0,1172.5,171
2026-03-26 11:45:00+00:00,1172.5,1172.75,1171.5,1172.25,226
2026-03-26 12:00:00+00:00,1172.5,1173.0,1170.5,1171.25,679
2026-03-26 12:15:00+00:00,1171.25,1171.5,1170.75,1171.5,641
2026-03-26 12:30:00+00:00,1171.5,1175.5,1171.25,1175.5,1164
2026-03-26 13:30:00+00:00,1175.5,1176.0,1167.5,1168.0,10658
2026-03-26 13:45:00+00:00,1168.25,1169.5,1167.0,1167.75,5795
2026-03-26 14:00:00+00:00,1168.0,1171.5,1168.0,1171.5,3484
2026-03-26 14:15:00+00:00,1171.25,1175.0,1171.25,1174.75,4075
2026-03-26 14:30:00+00:00,1174.75,1176.75,1172.25,1176.5,3308
2026-03-26 14:45:00+00:00,1176.75,1176.75,1174.0,1175.25,5862
2026-03-26 15:00:00+00:00,1175.5,1176.25,1172.75,1174.5,3211
2026-03-26 15:15:00+00:00,1174.75,1175.5,1172.75,1175.25,1295
2026-03-26 15:30:00+00:00,1175.25,1177.0,1174.75,1176.0,2073
2026-03-26 15:45:00+00:00,1176.25,1176.75,1173.5,1176.25,5742
2026-03-26 16:00:00+00:00,1176.25,1178.25,1176.0,1178.25,2513
2026-03-26 16:15:00+00:00,1178.25,1178.75,1176.75,1178.5,2933
2026-03-26 16:30:00+00:00,1178.5,1179.25,1177.25,1177.5,2777
2026-03-26 16:45:00+00:00,1177.75,1177.75,1173.0,1173.75,3008
2026-03-26 17:00:00+00:00,1174.0,1177.0,1174.0,1177.0,2992
2026-03-26 17:15:00+00:00,1177.0,1177.75,1176.25,1176.5,2037
2026-03-26 17:30:00+00:00,1176.5,1178.75,1176.25,1178.75,3137
2026-03-26 17:45:00+00:00,1178.5,1179.0,1174.5,1175.0,2379
2026-03-26 18:00:00+00:00,1175.25,1176.25,1173.0,1173.0,5384
2026-03-26 18:15:00+00:00,1173.25,1173.75,1170.5,1171.0,2407
2026-03-27 00:00:00+00:00,1172.0,1173.0,1170.25,1172.0,120
2026-03-27 00:15:00+00:00,1172.0,1173.25,1171.75,1173.0,145
2026-03-27 00:30:00+00:00,1173.0,1173.5,1172.75,1172.75,730
2026-03-27 00:45:00+00:00,1173.0,1174.0,1172.75,1173.75,85
2026-03-27 01:00:00+00:00,1174.0,1174.0,1171.0,1171.75,177
2026-03-27 01:15:00+00:00,1171.75,1173.0,1171.5,1172.5,53
2026-03-27 01:30:00+00:00,1172.75,1173.0,1172.25,1172.5,37
2026-03-27 01:45:00+00:00,1172.5,1172.75,1172.0,1172.25,38
2026-03-27 02:00:00+00:00,1172.25,1172.25,1171.0,1171.75,129
2026-03-27 02:15:00+00:00,1171.75,1173.5,1171.75,1173.0,45
2026-03-27 02:30:00+00:00,1173.0,1173.5,1172.0,1173.0,53
2026-03-27 02:45:00+00:00,1173.0,1173.75,1172.75,1173.5,35
2026-03-27 03:00:00+00:00,1173.25,1173.75,1173.25,1173.25,27
2026-03-27 03:15:00+00:00,1173.5,1174.5,1173.5,1174.25,64
2026-03-27 03:30:00+00:00,1174.25,1174.5,1173.75,1174.5,48
2026-03-27 03:45:00+00:00,1174.5,1174.75,1174.5,1174.75,20
2026-03-27 04:00:00+00:00,1174.5,1175.5,1174.5,1175.25,363
2026-03-27 04:15:00+00:00,1175.25,1175.25,1174.75,1175.0,28
2026-03-27 04:30:00+00:00,1175.0,1175.0,1174.75,1175.0,7
2026-03-27 04:45:00+00:00,1174.75,1176.0,1174.75,1175.75,88
2026-03-27 05:00:00+00:00,1175.75,1176.75,1175.75,1175.75,149
2026-03-27 05:15:00+00:00,1175.75,1176.25,1175.75,1176.25,30
2026-03-27 05:30:00+00:00,1176.25,1176.5,1174.5,1175.25,51
2026-03-27 05:45:00+00:00,1175.25,1175.5,1174.75,1175.5,27
2026-03-27 06:00:00+00:00,1175.25,1175.75,1174.25,1175.5,74
2026-03-27 06:15:00+00:00,1176.0,1176.0,1175.25,1175.75,61
2026-03-27 06:30:00+00:00,1175.75,1176.0,1175.5,1175.75,36
2026-03-27 06:45:00+00:00,1175.75,1176.25,1175.75,1176.0,41
2026-03-27 07:00:00+00:00,1175.75,1176.0,1175.25,1175.75,71
2026-03-27 07:15:00+00:00,1175.75,1176.25,1175.5,1176.25,82
2026-03-27 07:30:00+00:00,1176.25,1176.25,1175.75,1176.25,104
2026-03-27 07:45:00+00:00,1176.25,1176.25,1175.5,1176.0,67
2026-03-27 08:00:00+00:00,1176.0,1176.5,1173.0,1176.0,670
2026-03-27 08:15:00+00:00,1175.75,1176.75,1175.5,1176.5,152
2026-03-27 08:30:00+00:00,1176.5,1177.75,1176.25,1176.5,150
2026-03-27 08:45:00+00:00,1176.25,1177.5,1176.25,1177.25,176
2026-03-27 09:00:00+00:00,1177.0,1177.5,1176.75,1176.75,187
2026-03-27 09:15:00+00:00,1176.75,1176.75,1175.5,1176.5,100
2026-03-27 09:30:00+00:00,1176.75,1177.25,1176.25,1177.25,148
2026-03-27 09:45:00+00:00,1177.0,1177.0,1176.25,1176.75,102
2026-03-27 10:00:00+00:00,1176.75,1177.25,1176.5,1177.0,70
2026-03-27 10:15:00+00:00,1177.0,1178.25,1177.0,1177.5,330
2026-03-27 10:30:00+00:00,1177.25,1177.75,1177.0,1177.5,124
2026-03-27 10:45:00+00:00,1177.5,1178.25,1177.5,1177.75,187
2026-03-27 11:00:00+00:00,1177.75,1177.75,1177.0,1177.5,561
2026-03-27 11:15:00+00:00,1177.25,1178.75,1177.0,1178.5,249
2026-03-27 11:30:00+00:00,1178.5,1178.75,1177.75,1178.0,551
2026-03-27 11:45:00+00:00,1178.0,1178.25,1175.5,1176.25,528
2026-03-27 12:00:00+00:00,1176.25,1176.25,1174.25,1175.0,677
2026-03-27 12:15:00+00:00,1175.0,1176.25,1174.25,1176.25,1404
2026-03-27 12:30:00+00:00,1176.0,1176.5,1174.0,1174.25,1096
2026-03-27 13:30:00+00:00,1174.75,1175.75,1172.0,1172.5,8295
2026-03-27 13:45:00+00:00,1172.75,1172.75,1171.25,1172.0,3159
2026-03-27 14:00:00+00:00,1172.0,1173.25,1170.5,1172.0,2279
2026-03-27 14:15:00+00:00,1172.0,1173.75,1171.75,1172.25,4063
2026-03-27 14:30:00+00:00,1172.25,1173.75,1171.25,1172.5,2190
2026-03-27 14:45:00+00:00,1172.5,1172.75,1169.25,1169.25,1411
2026-03-27 15:00:00+00:00,1169.25,1170.5,1169.25,1169.5,2241
2026-03-27 15:15:00+00:00,1168.75,1169.0,1164.5,1165.75,3969
2026-03-27 15:30:00+00:00,1165.75,1166.0,1164.25,1165.5,2586
2026-03-27 15:45:00+00:00,1165.5,1168.5,1164.75,1168.25,3451
2026-03-27 16:00:00+00:00,1168.25,1169.0,1166.75,1168.5,1470
2026-03-27 16:15:00+00:00,1168.5,1172.0,1167.25,1170.0,5432
2026-03-27 16:30:00+00:00,1169.75,1170.75,1162.75,1166.25,8838
2026-03-27 16:45:00+00:00,1166.0,1174.5,1164.25,1164.25,10128
2026-03-27 17:00:00+00:00,1164.5,1164.5,1157.5,1158.75,8049
2026-03-27 17:15:00+00:00,1158.5,1160.25,1156.0,1156.25,4616
2026-03-27 17:30:00+00:00,1156.0,1158.75,1155.75,1158.25,5002
2026-03-27 17:45:00+00:00,1158.25,1160.5,1156.75,1160.0,4023
2026-03-27 18:00:00+00:00,1160.25,1160.5,1158.75,1159.25,8236
2026-03-27 18:15:00+00:00,1159.25,1160.0,1158.5,1159.5,3376
2026-03-30 00:00:00+00:00,1165.0,1168.0,1158.25,1166.0,1898
2026-03-30 00:15:00+00:00,1166.0,1166.75,1162.5,1163.5,686
2026-03-30 00:30:00+00:00,1163.75,1164.5,1163.25,1164.25,167
2026-03-30 00:45:00+00:00,1164.0,1164.25,1162.25,1162.75,321
2026-03-30 01:00:00+00:00,1163.0,1167.5,1163.0,1165.75,981
2026-03-30 01:15:00+00:00,1165.75,1167.25,1165.75,1166.75,527
2026-03-30 01:30:00+00:00,1167.0,1167.75,1164.75,1164.75,473
2026-03-30 01:45:00+00:00,1164.75,1165.0,1162.0,1162.25,270
2026-03-30 02:00:00+00:00,1162.0,1164.25,1161.75,1163.75,340
2026-03-30 02:15:00+00:00,1164.25,1164.75,1163.75,1164.5,93
2026-03-30 02:30:00+00:00,1164.75,1164.75,1163.75,1164.0,34
2026-03-30 02:45:00+00:00,1163.5,1163.75,1162.5,1162.5,46
2026-03-30 03:00:00+00:00,1162.25,1162.75,1161.5,1161.5,336
2026-03-30 03:15:00+00:00,1162.0,1162.0,1160.75,1161.5,165
2026-03-30 03:30:00+00:00,1161.5,1162.75,1161.5,1162.25,2955
2026-03-30 03:45:00+00:00,1162.25,1163.25,1162.25,1163.0,44
2026-03-30 04:00:00+00:00,1163.0,1164.0,1162.75,1164.0,103
2026-03-30 04:15:00+00:00,1164.0,1164.0,1163.0,1163.25,45
2026-03-30 04:30:00+00:00,1163.5,1163.5,1163.25,1163.25,8
2026-03-30 04:45:00+00:00,1163.5,1163.5,1163.5,1163.5,4
2026-03-30 05:00:00+00:00,1163.25,1163.25,1162.25,1162.25,119
2026-03-30 05:15:00+00:00,1162.75,1163.25,1162.75,1163.25,24
2026-03-30 05:30:00+00:00,1163.25,1163.75,1162.5,1163.5,60
2026-03-30 05:45:00+00:00,1163.25,1163.25,1161.75,1162.0,34
2026-03-30 06:00:00+00:00,1162.5,1163.25,1162.25,1163.0,56
2026-03-30 06:15:00+00:00,1163.0,1164.25,1162.75,1164.25,66
2026-03-30 06:30:00+00:00,1164.0,1165.0,1163.5,1164.75,100
2026-03-30 06:45:00+00:00,1165.0,1167.75,1165.0,1167.0,227
2026-03-30 07:00:00+00:00,1166.75,1166.75,1165.75,1165.75,177
2026-03-30 07:15:00+00:00,1165.75,1167.0,1165.25,1166.75,125
2026-03-30 07:30:00+00:00,1166.5,1167.25,1166.25,1167.0,785
2026-03-30 07:45:00+00:00,1167.0,1168.75,1167.0,1168.0,488
2026-03-30 08:00:00+00:00,1167.75,1168.5,1167.0,1167.5,242
2026-03-30 08:15:00+00:00,1167.75,1168.25,1167.5,1168.0,272
2026-03-30 08:30:00+00:00,1167.75,1167.75,1166.0,1166.0,232
2026-03-30 08:45:00+00:00,1166.0,1166.0,1164.25,1165.25,387
2026-03-30 09:00:00+00:00,1165.25,1166.0,1165.0,1165.5,192
2026-03-30 09:15:00+00:00,1165.75,1166.5,1165.5,1166.0,160
2026-03-30 09:30:00+00:00,1165.75,1165.75,1164.5,1165.5,85
2026-03-30 09:45:00+00:00,1165.5,1165.5,1164.5,1165.5,50
2026-03-30 10:00:00+00:00,1165.5,1166.0,1165.5,1165.75,73
2026-03-30 10:15:00+00:00,1165.5,1167.75,1165.5,1167.75,138
2026-03-30 10:30:00+00:00,1167.5,1168.0,1166.75,1167.25,303
2026-03-30 10:45:00+00:00,1167.5,1169.25,1167.5,1168.75,655
2026-03-30 11:00:00+00:00,1168.75,1170.0,1167.5,1167.5,1139
2026-03-30 11:15:00+00:00,1167.75,1167.75,1165.0,1166.5,475
2026-03-30 11:30:00+00:00,1166.75,1167.75,1166.5,1167.0,388
2026-03-30 11:45:00+00:00,1166.75,1166.75,1165.25,1166.25,174
2026-03-30 12:00:00+00:00,1166.0,1166.5,1163.75,1164.75,718
2026-03-30 12:15:00+00:00,1164.5,1164.5,1162.75,1163.0,1655
2026-03-30 12:30:00+00:00,1162.75,1163.75,1161.75,1162.75,770
2026-03-30 13:30:00+00:00,1164.25,1168.5,1162.75,1168.5,5452
2026-03-30 13:45:00+00:00,1168.25,1169.75,1165.0,1166.25,4335
2026-03-30 14:00:00+00:00,1166.25,1169.0,1166.0,1167.25,1974
2026-03-30 14:15:00+00:00,1167.25,1169.25,1165.25,1165.25,2364
2026-03-30 14:30:00+00:00,1165.75,1167.75,1165.25,1165.5,1618
2026-03-30 14:45:00+00:00,1165.5,1166.0,1163.0,1166.0,2472
2026-03-30 15:00:00+00:00,1165.75,1168.0,1165.0,1167.25,1380
2026-03-30 15:15:00+00:00,1167.0,1168.0,1166.0,1166.75,1826
2026-03-30 15:30:00+00:00,1166.75,1167.25,1165.0,1165.5,1934
2026-03-30 15:45:00+00:00,1165.5,1166.5,1165.0,1166.0,1541
2026-03-30 16:00:00+00:00,1166.0,1166.25,1165.0,1165.75,1042
2026-03-30 16:15:00+00:00,1165.5,1167.0,1164.25,1164.25,1005
2026-03-30 16:30:00+00:00,1164.25,1165.25,1164.0,1165.0,1392
2026-03-30 16:45:00+00:00,1164.75,1165.0,1163.5,1163.5,1114
2026-03-30 17:00:00+00:00,1163.5,1165.25,1163.25,1165.0,1445
2026-03-30 17:15:00+00:00,1165.0,1165.0,1163.0,1163.25,1310
2026-03-30 17:30:00+00:00,1163.25,1164.75,1163.25,1164.0,1225
2026-03-30 17:45:00+00:00,1164.0,1164.25,1162.5,1162.5,2046
2026-03-30 18:00:00+00:00,1162.5,1163.0,1159.25,1159.25,7734
2026-03-30 18:15:00+00:00,1159.5,1159.5,1158.5,1158.75,2022
2026-03-31 00:00:00+00:00,1159.0,1162.5,1159.0,1161.0,61
2026-03-31 00:15:00+00:00,1161.25,1161.5,1160.5,1161.0,148
2026-03-31 00:30:00+00:00,1161.0,1161.25,1159.75,1160.25,177
2026-03-31 00:45:00+00:00,1160.25,1160.25,1158.5,1159.25,297
2026-03-31 01:00:00+00:00,1159.25,1161.5,1159.25,1160.0,535
2026-03-31 01:15:00+00:00,1160.0,1161.5,1160.0,1160.0,447
2026-03-31 01:30:00+00:00,1160.5,1160.75,1158.0,1158.0,463
2026-03-31 01:45:00+00:00,1158.0,1158.75,1157.25,1158.5,109
2026-03-31 02:00:00+00:00,1158.75,1158.75,1157.25,1158.5,105
2026-03-31 02:15:00+00:00,1158.5,1159.25,1158.5,1159.25,23
2026-03-31 02:30:00+00:00,1159.25,1159.25,1158.25,1158.5,50
2026-03-31 02:45:00+00:00,1158.5,1158.5,1158.0,1158.25,68
2026-03-31 03:00:00+00:00,1158.75,1159.0,1158.25,1158.75,48
2026-03-31 03:15:00+00:00,1158.75,1159.25,1158.75,1159.0,34
2026-03-31 03:30:00+00:00,1158.75,1159.25,1158.75,1159.0,60
2026-03-31 03:45:00+00:00,1159.0,1159.75,1159.0,1159.75,66
2026-03-31 04:00:00+00:00,1160.0,1161.25,1160.0,1161.0,373
2026-03-31 04:15:00+00:00,1161.0,1162.0,1160.75,1161.0,503
2026-03-31 04:30:00+00:00,1161.0,1161.25,1160.75,1161.0,193
2026-03-31 04:45:00+00:00,1161.25,1161.25,1160.75,1161.0,22
2026-03-31 05:00:00+00:00,1161.0,1161.0,1160.25,1160.5,136
2026-03-31 05:15:00+00:00,1160.5,1160.5,1160.25,1160.25,83
2026-03-31 05:30:00+00:00,1160.25,1161.0,1160.0,1160.75,48
2026-03-31 05:45:00+00:00,1160.75,1161.5,1160.75,1161.25,89
2026-03-31 06:00:00+00:00,1161.25,1161.75,1161.0,1161.5,163
2026-03-31 06:15:00+00:00,1161.5,1161.75,1161.25,1161.5,43
2026-03-31 06:30:00+00:00,1161.0,1161.75,1161.0,1161.75,309
2026-03-31 06:45:00+00:00,1161.5,1161.5,1161.0,1161.25,24
2026-03-31 07:00:00+00:00,1161.0,1162.0,1161.0,1161.75,123
2026-03-31 07:15:00+00:00,1161.5,1162.25,1161.5,1162.25,228
2026-03-31 07:30:00+00:00,1162.25,1162.75,1161.75,1162.25,167
2026-03-31 07:45:00+00:00,1162.0,1163.0,1161.75,1162.75,235
2026-03-31 08:00:00+00:00,1162.5,1163.75,1162.25,1163.25,329
2026-03-31 08:15:00+00:00,1163.5,1164.0,1163.25,1163.25,131
2026-03-31 08:30:00+00:00,1163.25,1163.75,1163.25,1163.5,110
2026-03-31 08:45:00+00:00,1163.5,1163.75,1163.0,1163.5,703
2026-03-31 09:00:00+00:00,1163.25,1163.25,1161.25,1161.25,132
2026-03-31 09:15:00+00:00,1161.5,1162.5,1161.25,1161.25,220
2026-03-31 09:30:00+00:00,1161.25,1162.25,1161.25,1162.25,29
2026-03-31 09:45:00+00:00,1162.5,1163.25,1162.25,1162.75,438
2026-03-31 10:00:00+00:00,1162.5,1163.25,1162.0,1162.75,172
2026-03-31 10:15:00+00:00,1162.75,1163.0,1162.25,1162.25,110
2026-03-31 10:30:00+00:00,1162.5,1162.75,1162.5,1162.75,38
2026-03-31 10:45:00+00:00,1162.5,1163.0,1162.25,1162.25,132
2026-03-31 11:00:00+00:00,1162.5,1163.0,1160.75,1161.75,368
2026-03-31 11:15:00+00:00,1161.75,1162.0,1160.25,1160.75,205
2026-03-31 11:30:00+00:00,1160.75,1162.0,1160.75,1161.25,186
2026-03-31 11:45:00+00:00,1161.5,1162.0,1161.25,1162.0,137
2026-03-31 12:00:00+00:00,1161.75,1162.75,1161.5,1162.0,330
2026-03-31 12:15:00+00:00,1162.0,1163.75,1161.5,1163.25,1115
2026-03-31 12:30:00+00:00,1163.5,1164.25,1162.75,1163.75,1008
2026-03-31 13:30:00+00:00,1163.0,1164.75,1160.75,1161.0,8194
2026-03-31 13:45:00+00:00,1161.0,1162.25,1159.75,1162.0,6260
2026-03-31 14:00:00+00:00,1161.75,1162.5,1160.5,1162.0,3253
2026-03-31 14:15:00+00:00,1161.75,1163.25,1161.25,1162.75,1801
2026-03-31 14:30:00+00:00,1162.5,1162.75,1160.0,1160.0,2149
2026-03-31 14:45:00+00:00,1160.0,1162.25,1159.5,1159.75,3832
2026-03-31 15:00:00+00:00,1159.75,1161.25,1159.25,1160.25,3249
2026-03-31 15:15:00+00:00,1160.5,1161.25,1159.0,1160.5,2415
2026-03-31 15:30:00+00:00,1161.0,1162.25,1160.5,1162.25,4778
2026-03-31 15:45:00+00:00,1162.0,1162.25,1156.25,1157.0,4990
2026-03-31 16:00:00+00:00,1157.0,1175.25,1156.0,1171.25,19783
2026-03-31 16:15:00+00:00,1171.0,1174.75,1169.5,1170.75,5037
2026-03-31 16:30:00+00:00,1170.5,1172.75,1166.5,1168.5,3863
2026-03-31 16:45:00+00:00,1168.5,1174.0,1168.5,1169.25,3493
2026-03-31 17:00:00+00:00,1169.5,1177.75,1168.25,1173.5,7602
2026-03-31 17:15:00+00:00,1173.5,1175.75,1171.75,1175.0,2186
2026-03-31 17:30:00+00:00,1175.0,1175.25,1171.75,1173.25,2207
2026-03-31 17:45:00+00:00,1173.25,1173.75,1171.5,1172.0,3211
2026-03-31 18:00:00+00:00,1172.25,1172.25,1170.0,1171.25,11113
2026-03-31 18:15:00+00:00,1171.5,1172.5,1170.75,1172.25,1577
2026-04-01 00:00:00+00:00,1171.5,1174.75,1171.5,1172.5,208
2026-04-01 00:15:00+00:00,1172.5,1172.5,1171.75,1172.25,129
2026-04-01 00:30:00+00:00,1172.25,1172.75,1172.0,1172.75,100
2026-04-01 00:45:00+00:00,1172.75,1173.0,1172.5,1172.75,61
2026-04-01 01:00:00+00:00,1172.5,1172.5,1169.75,1172.0,658
2026-04-01 01:15:00+00:00,1172.25,1172.25,1171.0,1171.25,320
2026-04-01 01:30:00+00:00,1171.5,1172.75,1170.75,1172.75,517
2026-04-01 01:45:00+00:00,1172.5,1173.25,1172.25,1173.0,237
2026-04-01 02:00:00+00:00,1172.75,1172.75,1172.25,1172.75,97
2026-04-01 02:15:00+00:00,1172.75,1173.0,1172.25,1172.25,114
2026-04-01 02:30:00+00:00,1172.5,1173.5,1172.25,1173.0,347
2026-04-01 02:45:00+00:00,1173.0,1174.75,1173.0,1174.5,232
2026-04-01 03:00:00+00:00,1174.25,1174.5,1173.5,1173.75,44
2026-04-01 03:15:00+00:00,1173.75,1174.0,1173.25,1173.5,342
2026-04-01 03:30:00+00:00,1173.0,1173.5,1173.0,1173.25,15
2026-04-01 03:45:00+00:00,1173.25,1173.5,1173.25,1173.25,5
2026-04-01 04:00:00+00:00,1173.0,1173.0,1172.5,1172.5,27
2026-04-01 04:15:00+00:00,1172.5,1172.5,1172.0,1172.0,29
2026-04-01 04:30:00+00:00,1172.25,1172.75,1172.25,1172.5,26
2026-04-01 04:45:00+00:00,1172.75,1172.75,1172.0,1172.0,32
2026-04-01 05:00:00+00:00,1172.0,1172.0,1171.5,1171.75,31
2026-04-01 05:15:00+00:00,1171.5,1171.5,1171.0,1171.5,68
2026-04-01 05:30:00+00:00,1171.5,1171.5,1169.5,1169.5,225
2026-04-01 05:45:00+00:00,1169.75,1170.0,1168.0,1168.0,626
2026-04-01 06:00:00+00:00,1168.25,1169.5,1167.75,1168.5,390
2026-04-01 06:15:00+00:00,1168.25,1168.75,1166.25,1166.75,646
2026-04-01 06:30:00+00:00,1166.75,1166.75,1164.25,1164.5,1152
2026-04-01 06:45:00+00:00,1164.75,1166.5,1164.5,1165.0,467
2026-04-01 07:00:00+00:00,1164.75,1165.75,1163.75,1164.0,303
2026-04-01 07:15:00+00:00,1164.25,1165.75,1163.25,1165.0,711
2026-04-01 07:30:00+00:00,1165.0,1165.25,1164.25,1164.5,257
2026-04-01 07:45:00+00:00,1164.25,1166.5,1164.0,1166.0,257
2026-04-01 08:00:00+00:00,1165.75,1166.75,1165.5,1166.25,269
2026-04-01 08:15:00+00:00,1166.25,1166.75,1165.25,1166.25,116
2026-04-01 08:30:00+00:00,1166.25,1166.25,1164.75,1165.25,645
2026-04-01 08:45:00+00:00,1165.0,1165.75,1164.5,1165.75,177
2026-04-01 09:00:00+00:00,1165.5,1166.0,1165.0,1165.0,137
2026-04-01 09:15:00+00:00,1164.75,1166.0,1164.75,1165.75,79
2026-04-01 09:30:00+00:00,1165.75,1166.5,1165.25,1166.0,152
2026-04-01 09:45:00+00:00,1165.75,1165.75,1165.25,1165.5,100
2026-04-01 10:00:00+00:00,1165.5,1166.5,1165.5,1166.0,310
2026-04-01 10:15:00+00:00,1165.75,1166.0,1165.25,1165.75,161
2026-04-01 10:30:00+00:00,1165.75,1166.5,1165.5,1166.0,161
2026-04-01 10:45:00+00:00,1165.75,1165.75,1164.75,1165.5,103
2026-04-01 11:00:00+00:00,1165.5,1166.0,1165.0,1165.0,198
2026-04-01 11:15:00+00:00,1165.0,1165.0,1163.75,1164.25,377
2026-04-01 11:30:00+00:00,1164.25,1164.5,1161.5,1162.0,762
2026-04-01 11:45:00+00:00,1162.25,1162.5,1161.5,1161.75,532
2026-04-01 12:00:00+00:00,1161.75,1162.0,1160.25,1160.75,710
2026-04-01 12:15:00+00:00,1160.75,1162.75,1160.75,1162.5,997
2026-04-01 12:30:00+00:00,1162.5,1163.75,1162.25,1163.0,733
2026-04-01 13:30:00+00:00,1162.25,1163.5,1157.5,1162.25,11419
2026-04-01 13:45:00+00:00,1162.0,1162.25,1158.25,1160.0,2911
2026-04-01 14:00:00+00:00,1159.75,1159.75,1155.25,1155.25,6540
2026-04-01 14:15:00+00:00,1155.5,1156.25,1153.0,1153.75,13761
2026-04-01 14:30:00+00:00,1153.75,1157.5,1153.5,1154.75,6325
2026-04-01 14:45:00+00:00,1154.75,1155.25,1153.5,1154.0,1807
2026-04-01 15:00:00+00:00,1154.0,1155.5,1153.75,1155.0,1940
2026-04-01 15:15:00+00:00,1155.25,1155.75,1153.5,1155.5,1625
2026-04-01 15:30:00+00:00,1155.5,1159.0,1155.0,1157.75,4310
2026-04-01 15:45:00+00:00,1157.75,1160.5,1157.75,1158.25,4722
2026-04-01 16:00:00+00:00,1158.5,1164.75,1158.5,1163.75,5409
2026-04-01 16:15:00+00:00,1163.75,1165.0,1161.5,1163.5,2480
2026-04-01 16:30:00+00:00,1163.25,1166.5,1163.0,1165.0,2439
2026-04-01 16:45:00+00:00,1165.0,1165.75,1164.25,1164.75,1642
2026-04-01 17:00:00+00:00,1164.75,1166.75,1164.75,1166.5,2316
2026-04-01 17:15:00+00:00,1166.25,1169.0,1166.0,1168.5,6353
2026-04-01 17:30:00+00:00,1168.5,1168.75,1166.5,1167.25,1592
2026-04-01 17:45:00+00:00,1167.0,1168.5,1166.0,1168.5,1818
2026-04-01 18:00:00+00:00,1168.25,1170.0,1168.0,1168.5,5939
2026-04-01 18:15:00+00:00,1168.25,1168.75,1166.75,1167.25,1229
2026-04-02 00:00:00+00:00,1167.25,1168.25,1164.0,1164.5,188
2026-04-02 00:15:00+00:00,1164.75,1165.0,1164.25,1164.25,149
2026-04-02 00:30:00+00:00,1164.25,1165.0,1164.25,1164.5,118
2026-04-02 00:45:00+00:00,1164.5,1165.0,1164.5,1164.5,81
2026-04-02 01:00:00+00:00,1164.5,1168.75,1163.25,1168.5,1081
2026-04-02 01:15:00+00:00,1168.5,1173.5,1168.25,1171.25,1389
2026-04-02 01:30:00+00:00,1171.25,1172.0,1170.0,1170.5,718
2026-04-02 01:45:00+00:00,1170.5,1173.5,1170.5,1173.5,767
2026-04-02 02:00:00+00:00,1173.25,1173.25,1172.25,1172.75,276
2026-04-02 02:15:00+00:00,1172.5,1172.75,1172.0,1172.0,100
2026-04-02 02:30:00+00:00,1172.25,1172.25,1171.5,1171.75,50
2026-04-02 02:45:00+00:00,1171.75,1172.25,1171.5,1172.25,29
2026-04-02 03:00:00+00:00,1172.0,1172.25,1171.5,1171.75,27
2026-04-02 03:15:00+00:00,1171.75,1172.25,1171.0,1171.0,88
2026-04-02 03:30:00+00:00,1170.75,1171.5,1170.75,1171.25,42
2026-04-02 03:45:00+00:00,1171.5,1172.0,1171.25,1172.0,35
2026-04-02 04:00:00+00:00,1171.75,1172.0,1171.25,1171.25,72
2026-04-02 04:15:00+00:00,1171.5,1172.5,1171.5,1172.5,110
2026-04-02 04:30:00+00:00,1172.25,1173.0,1172.0,1172.5,157
2026-04-02 04:45:00+00:00,1172.5,1172.5,1172.0,1172.5,50
2026-04-02 05:00:00+00:00,1172.5,1172.5,1172.25,1172.25,20
2026-04-02 05:15:00+00:00,1172.5,1173.25,1172.5,1173.0,6662
2026-04-02 05:30:00+00:00,1173.25,1173.75,1171.75,1172.25,123
2026-04-02 05:45:00+00:00,1172.75,1173.25,1172.5,1172.5,215
2026-04-02 06:00:00+00:00,1172.5,1172.5,1171.5,1171.5,75
2026-04-02 06:15:00+00:00,1171.25,1171.5,1171.0,1171.25,76
2026-04-02 06:30:00+00:00,1171.25,1172.25,1171.0,1172.0,50
2026-04-02 06:45:00+00:00,1172.0,1172.5,1171.25,1171.25,136
2026-04-02 07:00:00+00:00,1171.25,1172.0,1170.75,1170.75,165
2026-04-02 07:15:00+00:00,1170.75,1171.5,1170.75,1171.0,947
2026-04-02 07:30:00+00:00,1171.25,1171.75,1171.0,1171.0,130
2026-04-02 07:45:00+00:00,1171.25,1171.5,1171.0,1171.0,67
2026-04-02 08:00:00+00:00,1171.0,1172.75,1171.0,1172.75,217
2026-04-02 08:15:00+00:00,1173.0,1173.5,1172.5,1172.5,281
2026-04-02 08:30:00+00:00,1172.75,1173.75,1172.5,1173.5,299
2026-04-02 08:45:00+00:00,1173.75,1173.75,1173.0,1173.25,164
2026-04-02 09:00:00+00:00,1173.5,1173.5,1172.5,1172.75,75
2026-04-02 09:15:00+00:00,1172.75,1173.75,1172.75,1173.5,115
2026-04-02 09:30:00+00:00,1173.5,1174.25,1173.25,1173.75,135
2026-04-02 09:45:00+00:00,1173.5,1173.5,1171.5,1172.0,287
2026-04-02 10:00:00+00:00,1172.0,1172.25,1171.25,1172.25,139
2026-04-02 10:15:00+00:00,1172.5,1172.75,1171.75,1172.75,102
2026-04-02 10:30:00+00:00,1172.5,1172.75,1172.0,1172.75,84
2026-04-02 10:45:00+00:00,1172.5,1173.0,1172.25,1172.75,48
2026-04-02 11:00:00+00:00,1173.0,1173.25,1172.0,1172.0,274
2026-04-02 11:15:00+00:00,1172.25,1172.75,1171.25,1172.75,310
2026-04-02 11:30:00+00:00,1172.75,1172.75,1171.25,1172.5,191
2026-04-02 11:45:00+00:00,1172.5,1172.5,1171.75,1172.5,157
2026-04-02 12:00:00+00:00,1172.5,1172.5,1171.0,1171.75,385
2026-04-02 12:15:00+00:00,1171.5,1171.5,1168.5,1169.5,911
2026-04-02 12:30:00+00:00,1169.75,1171.25,1169.5,1171.0,692
2026-04-02 13:30:00+00:00,1170.75,1173.5,1170.25,1172.0,7836
2026-04-02 13:45:00+00:00,1171.75,1173.0,1170.5,1172.25,3956
2026-04-02 14:00:00+00:00,1172.0,1172.5,1169.25,1170.75,2880
2026-04-02 14:15:00+00:00,1170.5,1171.25,1168.75,1169.5,4354
2026-04-02 14:30:00+00:00,1169.5,1170.25,1165.0,1166.0,4275
2026-04-02 14:45:00+00:00,1165.75,1167.0,1165.0,1165.75,2874
2026-04-02 15:00:00+00:00,1165.75,1167.25,1164.75,1165.5,2034
2026-04-02 15:15:00+00:00,1165.5,1167.5,1165.25,1167.25,1685
2026-04-02 15:30:00+00:00,1167.25,1167.5,1165.0,1165.25,2256
2026-04-02 15:45:00+00:00,1165.0,1166.0,1163.5,1163.75,2030
2026-04-02 16:00:00+00:00,1163.75,1165.25,1163.25,1164.75,1607
2026-04-02 16:15:00+00:00,1164.5,1166.25,1164.25,1165.5,1358
2026-04-02 16:30:00+00:00,1165.75,1166.5,1165.0,1166.5,1881
2026-04-02 16:45:00+00:00,1166.25,1167.0,1165.5,1165.75,6310
2026-04-02 17:00:00+00:00,1165.75,1166.0,1165.0,1166.0,802
2026-04-02 17:15:00+00:00,1166.0,1167.5,1165.5,1167.5,2233
2026-04-02 17:30:00+00:00,1167.5,1168.25,1167.25,1168.25,1342
2026-04-02 17:45:00+00:00,1168.0,1168.5,1166.75,1167.0,1649
2026-04-02 18:00:00+00:00,1166.75,1167.0,1163.0,1163.25,6014
2026-04-02 18:15:00+00:00,1163.25,1163.25,1162.0,1162.75,2699
2026-04-06 00:00:00+00:00,1164.5,1169.75,1160.5,1161.25,896
2026-04-06 00:15:00+00:00,1161.25,1161.75,1160.25,1161.0,106
2026-04-06 00:30:00+00:00,1160.75,1162.0,1160.75,1161.0,60
2026-04-06 00:45:00+00:00,1161.25,1161.75,1161.0,1161.75,53
2026-04-06 01:00:00+00:00,1161.75,1161.75,1160.75,1160.75,129
2026-04-06 01:15:00+00:00,1161.0,1161.0,1160.25,1160.75,168
2026-04-06 01:30:00+00:00,1160.5,1161.25,1160.0,1160.5,363
2026-04-06 01:45:00+00:00,1160.75,1160.75,1159.25,1159.5,261
2026-04-06 02:00:00+00:00,1159.25,1161.25,1159.25,1160.75,81
2026-04-06 02:15:00+00:00,1161.0,1161.0,1159.25,1159.5,398
2026-04-06 02:30:00+00:00,1159.25,1160.25,1159.25,1159.25,55
2026-04-06 02:45:00+00:00,1159.25,1160.0,1159.25,1160.0,33
2026-04-06 03:00:00+00:00,1159.75,1160.25,1159.5,1159.5,49
2026-04-06 03:15:00+00:00,1159.5,1160.5,1159.5,1159.75,43
2026-04-06 03:30:00+00:00,1159.75,1160.0,1159.75,1159.75,36
2026-04-06 03:45:00+00:00,1160.0,1160.25,1159.75,1159.75,22
2026-04-06 04:00:00+00:00,1159.5,1159.5,1158.75,1159.25,90
2026-04-06 04:15:00+00:00,1159.25,1159.75,1159.25,1159.75,43
2026-04-06 04:30:00+00:00,1159.75,1160.5,1159.75,1160.0,130
2026-04-06 04:45:00+00:00,1160.0,1161.0,1160.0,1160.75,30
2026-04-06 05:00:00+00:00,1161.0,1161.0,1160.5,1160.75,25
2026-04-06 05:15:00+00:00,1161.0,1161.5,1161.0,1161.25,50
2026-04-06 05:30:00+00:00,1161.0,1162.0,1161.0,1162.0,66
2026-04-06 05:45:00+00:00,1162.25,1162.25,1162.0,1162.25,50
2026-04-06 06:00:00+00:00,1162.25,1163.0,1162.25,1162.25,67
2026-04-06 06:15:00+00:00,1162.25,1163.5,1162.25,1163.25,40
2026-04-06 06:30:00+00:00,1163.25,1164.0,1163.0,1163.25,89
2026-04-06 06:45:00+00:00,1163.25,1163.5,1162.5,1163.0,55
2026-04-06 07:00:00+00:00,1163.0,1164.0,1162.5,1163.5,99
2026-04-06 07:15:00+00:00,1163.25,1164.75,1163.0,1164.5,107
2026-04-06 07:30:00+00:00,1164.5,1164.75,1163.25,1163.5,71
2026-04-06 07:45:00+00:00,1163.75,1165.0,1163.75,1164.0,1849
2026-04-06 08:00:00+00:00,1163.75,1166.25,1163.5,1165.5,284
2026-04-06 08:15:00+00:00,1165.75,1166.0,1164.5,1164.75,336
2026-04-06 08:30:00+00:00,1164.75,1165.75,1164.75,1165.25,87
2026-04-06 08:45:00+00:00,1165.5,1166.0,1165.0,1165.75,87
2026-04-06 09:00:00+00:00,1165.5,1165.5,1164.5,1164.75,56
2026-04-06 09:15:00+00:00,1164.5,1165.5,1164.5,1165.0,231
2026-04-06 09:30:00+00:00,1165.0,1165.0,1164.25,1164.25,29
2026-04-06 09:45:00+00:00,1164.75,1167.25,1164.75,1167.0,179
2026-04-06 10:00:00+00:00,1167.0,1167.25,1166.5,1166.75,97
2026-04-06 10:15:00+00:00,1166.5,1167.25,1166.5,1166.5,51
2026-04-06 10:30:00+00:00,1166.25,1168.0,1166.25,1167.25,119
2026-04-06 10:45:00+00:00,1167.25,1169.0,1167.25,1168.5,369
2026-04-06 11:00:00+00:00,1168.25,1169.5,1168.0,1169.0,151
2026-04-06 11:15:00+00:00,1169.0,1169.25,1168.25,1168.75,106
2026-04-06 11:30:00+00:00,1168.75,1169.0,1168.5,1168.75,121
2026-04-06 11:45:00+00:00,1168.75,1168.75,1168.0,1168.75,149
2026-04-06 12:00:00+00:00,1168.5,1169.75,1168.25,1169.25,380
2026-04-06 12:15:00+00:00,1169.5,1169.5,1168.5,1169.25,325
2026-04-06 12:30:00+00:00,1169.25,1169.5,1168.0,1168.25,649
2026-04-06 13:30:00+00:00,1168.5,1169.25,1164.25,1166.25,8001
2026-04-06 13:45:00+00:00,1166.75,1168.75,1166.5,1167.75,2113
2026-04-06 14:00:00+00:00,1167.5,1169.0,1165.25,1165.5,2232
2026-04-06 14:15:00+00:00,1165.75,1166.75,1164.5,1164.75,1291
2026-04-06 14:30:00+00:00,1164.75,1167.0,1164.5,1165.75,1405
2026-04-06 14:45:00+00:00,1165.75,1167.25,1165.5,1166.75,1267
2026-04-06 15:00:00+00:00,1167.0,1169.0,1166.5,1167.5,1889
2026-04-06 15:15:00+00:00,1167.75,1168.0,1166.0,1166.25,1723
2026-04-06 15:30:00+00:00,1166.25,1166.75,1165.5,1166.5,982
2026-04-06 15:45:00+00:00,1166.5,1167.5,1166.25,1166.75,4690
2026-04-06 16:00:00+00:00,1167.0,1168.0,1167.0,1167.75,1031
2026-04-06 16:15:00+00:00,1167.5,1167.75,1165.5,1165.75,845
2026-04-06 16:30:00+00:00,1166.0,1168.0,1166.0,1167.0,1033
2026-04-06 16:45:00+00:00,1167.25,1168.25,1166.5,1168.0,1445
2026-04-06 17:00:00+00:00,1168.0,1169.5,1168.0,1169.25,1797
2026-04-06 17:15:00+00:00,1169.0,1169.0,1167.0,1167.25,1332
2026-04-06 17:30:00+00:00,1167.25,1167.75,1165.0,1166.75,1519
2026-04-06 17:45:00+00:00,1167.0,1167.0,1165.0,1166.0,1198
2026-04-06 18:00:00+00:00,1166.0,1167.25,1165.0,1166.75,5891
2026-04-06 18:15:00+00:00,1166.75,1166.75,1164.75,1164.75,1634
2026-04-07 00:00:00+00:00,1164.75,1167.0,1164.25,1166.0,39
2026-04-07 00:15:00+00:00,1165.5,1166.0,1164.75,1165.75,125
2026-04-07 00:30:00+00:00,1166.0,1166.75,1166.0,1166.0,43
2026-04-07 00:45:00+00:00,1166.0,1166.25,1165.0,1165.25,253
2026-04-07 01:00:00+00:00,1165.5,1166.0,1163.75,1164.25,321
2026-04-07 01:15:00+00:00,1164.25,1165.75,1163.75,1165.25,309
2026-04-07 01:30:00+00:00,1165.25,1166.0,1165.0,1165.25,112
2026-04-07 01:45:00+00:00,1165.25,1166.75,1165.0,1166.0,151
2026-04-07 02:00:00+00:00,1166.0,1167.75,1165.75,1167.5,318
2026-04-07 02:15:00+00:00,1167.5,1167.5,1167.0,1167.0,71
2026-04-07 02:30:00+00:00,1167.25,1167.75,1167.0,1167.5,150
2026-04-07 02:45:00+00:00,1167.5,1168.25,1167.25,1167.75,103
2026-04-07 03:00:00+00:00,1167.75,1168.0,1167.25,1167.25,42
2026-04-07 03:15:00+00:00,1167.25,1167.75,1167.25,1167.5,21
2026-04-07 03:30:00+00:00,1167.5,1167.75,1167.0,1167.25,119
2026-04-07 03:45:00+00:00,1167.25,1167.25,1167.0,1167.25,27
2026-04-07 04:00:00+00:00,1167.25,1167.75,1167.25,1167.75,9
2026-04-07 04:15:00+00:00,1167.75,1167.75,1167.5,1167.5,50
2026-04-07 04:30:00+00:00,1167.0,1167.5,1167.0,1167.5,83
2026-04-07 04:45:00+00:00,1167.25,1167.25,1166.75,1166.75,28
2026-04-07 05:00:00+00:00,1166.75,1166.75,1166.25,1166.75,30
2026-04-07 05:15:00+00:00,1166.75,1166.75,1166.5,1166.5,82
2026-04-07 05:30:00+00:00,1166.25,1166.75,1166.25,1166.5,146
2026-04-07 05:45:00+00:00,1166.25,1166.5,1164.75,1165.0,192
2026-04-07 06:00:00+00:00,1165.0,1165.75,1164.75,1165.75,116
2026-04-07 06:15:00+00:00,1165.75,1168.25,1165.75,1168.0,337
2026-04-07 06:30:00+00:00,1167.75,1168.0,1166.75,1167.75,155
2026-04-07 06:45:00+00:00,1168.0,1169.0,1167.5,1168.0,294
2026-04-07 07:00:00+00:00,1166.75,1168.0,1166.75,1167.75,67
2026-04-07 07:15:00+00:00,1167.5,1169.5,1167.5,1169.25,424
2026-04-07 07:30:00+00:00,1169.0,1169.25,1168.75,1168.75,63
2026-04-07 07:45:00+00:00,1168.75,1169.0,1167.75,1169.0,86
2026-04-07 08:00:00+00:00,1169.0,1169.0,1167.25,1168.0,152
2026-04-07 08:15:00+00:00,1167.75,1167.75,1165.5,1166.25,147
2026-04-07 08:30:00+00:00,1166.25,1166.5,1165.25,1166.5,194
2026-04-07 08:45:00+00:00,1166.25,1167.0,1166.0,1166.75,73
2026-04-07 09:00:00+00:00,1166.75,1167.0,1166.0,1166.25,104
2026-04-07 09:15:00+00:00,1166.25,1166.25,1164.25,1164.25,169
2026-04-07 09:30:00+00:00,1164.25,1164.5,1164.0,1164.0,184
2026-04-07 09:45:00+00:00,1164.0,1165.0,1164.0,1165.0,66
2026-04-07 10:00:00+00:00,1165.0,1166.5,1164.75,1165.25,149
2026-04-07 10:15:00+00:00,1165.25,1167.25,1165.25,1166.75,73
2026-04-07 10:30:00+00:00,1166.5,1167.25,1166.0,1166.75,39
2026-04-07 10:45:00+00:00,1166.75,1169.0,1166.75,1168.75,216
2026-04-07 11:00:00+00:00,1169.0,1169.25,1167.75,1168.25,371
2026-04-07 11:15:00+00:00,1168.0,1168.5,1167.25,1168.0,122
2026-04-07 11:30:00+00:00,1167.75,1169.0,1167.25,1168.25,96
2026-04-07 11:45:00+00:00,1168.25,1168.75,1167.75,1168.0,57
2026-04-07 12:00:00+00:00,1168.25,1169.0,1167.25,1168.25,414
2026-04-07 12:15:00+00:00,1168.25,1168.25,1165.0,1165.5,410
2026-04-07 12:30:00+00:00,1165.75,1168.0,1165.5,1168.0,430
2026-04-07 13:30:00+00:00,1168.0,1169.25,1165.25,1168.75,5196
2026-04-07 13:45:00+00:00,1169.0,1170.5,1168.25,1169.25,5124
2026-04-07 14:00:00+00:00,1169.0,1169.25,1166.5,1168.25,3448
2026-04-07 14:15:00+00:00,1168.0,1169.5,1165.75,1166.0,4086
2026-04-07 14:30:00+00:00,1166.0,1166.25,1164.5,1164.75,3878
2026-04-07 14:45:00+00:00,1165.0,1165.25,1162.75,1163.75,3995
2026-04-07 15:00:00+00:00,1164.0,1165.0,1162.5,1162.75,2325
2026-04-07 15:15:00+00:00,1162.75,1162.75,1160.0,1160.25,6973
2026-04-07 15:30:00+00:00,1160.0,1160.5,1156.5,1158.0,5429
2026-04-07 15:45:00+00:00,1158.0,1159.25,1157.0,1157.0,2620
2026-04-07 16:00:00+00:00,1157.25,1157.25,1155.25,1156.0,4757
2026-04-07 16:15:00+00:00,1156.25,1156.5,1155.25,1156.25,4470
2026-04-07 16:30:00+00:00,1156.25,1158.0,1156.25,1157.75,2405
2026-04-07 16:45:00+00:00,1157.5,1158.0,1157.25,1157.75,2241
2026-04-07 17:00:00+00:00,1157.75,1158.25,1157.25,1157.25,3761
2026-04-07 17:15:00+00:00,1157.25,1158.0,1157.0,1157.5,1650
2026-04-07 17:30:00+00:00,1157.5,1158.5,1157.25,1158.0,1689
2026-04-07 17:45:00+00:00,1158.0,1159.0,1157.75,1158.5,2330
2026-04-07 18:00:00+00:00,1158.75,1159.5,1157.75,1158.25,9669
2026-04-07 18:15:00+00:00,1158.25,1158.75,1157.5,1158.0,1926
2026-04-08 00:00:00+00:00,1152.0,1152.0,1140.5,1147.5,4116
2026-04-08 00:15:00+00:00,1147.5,1150.75,1147.25,1150.0,2057
2026-04-08 00:30:00+00:00,1150.25,1151.0,1148.75,1149.25,1272
2026-04-08 00:45:00+00:00,1149.25,1149.5,1147.75,1148.5,1660
2026-04-08 01:00:00+00:00,1148.75,1151.5,1147.75,1151.25,1280
2026-04-08 01:15:00+00:00,1151.5,1154.0,1150.0,1153.25,2755
2026-04-08 01:30:00+00:00,1153.25,1154.75,1152.75,1154.75,715
2026-04-08 01:45:00+00:00,1154.75,1156.75,1154.0,1156.25,1304
2026-04-08 02:00:00+00:00,1156.25,1157.75,1156.0,1157.0,1122
2026-04-08 02:15:00+00:00,1157.0,1157.5,1156.25,1157.0,334
2026-04-08 02:30:00+00:00,1157.0,1157.25,1156.0,1156.5,272
2026-04-08 02:45:00+00:00,1156.75,1157.25,1156.5,1156.5,102
2026-04-08 03:00:00+00:00,1156.5,1156.5,1155.25,1155.25,209
2026-04-08 03:15:00+00:00,1155.5,1155.5,1154.75,1155.5,80
2026-04-08 03:30:00+00:00,1155.25,1155.5,1154.75,1155.0,91
2026-04-08 03:45:00+00:00,1155.0,1155.75,1154.5,1155.0,235
2026-04-08 04:00:00+00:00,1155.0,1155.25,1154.5,1155.25,80
2026-04-08 04:15:00+00:00,1155.25,1155.5,1155.0,1155.25,40
2026-04-08 04:30:00+00:00,1155.25,1156.0,1155.25,1156.0,50
2026-04-08 04:45:00+00:00,1156.25,1156.25,1155.25,1155.5,53
2026-04-08 05:00:00+00:00,1156.0,1156.0,1155.75,1156.0,37
2026-04-08 05:15:00+00:00,1156.0,1156.25,1155.75,1155.75,34
2026-04-08 05:30:00+00:00,1155.5,1156.5,1155.25,1156.25,253
2026-04-08 05:45:00+00:00,1156.0,1156.25,1155.25,1155.75,172
2026-04-08 06:00:00+00:00,1155.75,1156.0,1154.5,1154.75,200
2026-04-08 06:15:00+00:00,1154.75,1155.75,1154.75,1155.5,77
2026-04-08 06:30:00+00:00,1155.5,1156.5,1155.5,1156.0,291
2026-04-08 06:45:00+00:00,1155.75,1156.75,1155.75,1156.25,117
2026-04-08 07:00:00+00:00,1156.5,1157.5,1156.25,1157.0,286
2026-04-08 07:15:00+00:00,1156.75,1158.0,1156.75,1157.5,217
2026-04-08 07:30:00+00:00,1157.25,1157.5,1156.75,1157.5,243
2026-04-08 07:45:00+00:00,1157.25,1157.25,1156.5,1157.0,107
2026-04-08 08:00:00+00:00,1156.75,1157.25,1155.75,1157.0,745
2026-04-08 08:15:00+00:00,1156.75,1158.0,1156.75,1157.75,139
2026-04-08 08:30:00+00:00,1158.0,1158.0,1156.5,1157.0,266
2026-04-08 08:45:00+00:00,1156.75,1158.5,1156.25,1157.5,618
2026-04-08 09:00:00+00:00,1157.75,1157.75,1157.0,1157.25,364
2026-04-08 09:15:00+00:00,1157.25,1158.0,1157.0,1157.75,108
2026-04-08 09:30:00+00:00,1157.75,1158.5,1157.0,1158.0,154
2026-04-08 09:45:00+00:00,1158.5,1160.0,1158.25,1160.0,790
2026-04-08 10:00:00+00:00,1160.0,1160.0,1158.75,1159.75,265
2026-04-08 10:15:00+00:00,1159.75,1160.5,1159.25,1159.5,176
2026-04-08 10:30:00+00:00,1159.5,1160.0,1159.25,1159.25,116
2026-04-08 10:45:00+00:00,1159.25,1159.5,1159.0,1159.25,304
2026-04-08 11:00:00+00:00,1159.5,1159.75,1158.75,1159.25,110
2026-04-08 11:15:00+00:00,1159.25,1161.25,1159.0,1159.0,1093
2026-04-08 11:30:00+00:00,1159.5,1159.75,1155.0,1157.75,2272
2026-04-08 11:45:00+00:00,1157.5,1158.5,1157.25,1157.5,246
2026-04-08 12:00:00+00:00,1157.25,1158.5,1156.0,1156.25,1582
2026-04-08 12:15:00+00:00,1156.25,1157.5,1154.5,1156.75,1192
2026-04-08 12:30:00+00:00,1156.75,1157.5,1156.25,1156.75,328
2026-04-08 13:30:00+00:00,1156.25,1160.0,1154.75,1159.5,11381
2026-04-08 13:45:00+00:00,1159.25,1159.75,1157.5,1159.75,5652
2026-04-08 14:00:00+00:00,1159.75,1162.25,1159.5,1160.75,6399
2026-04-08 14:15:00+00:00,1160.75,1161.0,1159.25,1159.75,3406
2026-04-08 14:30:00+00:00,1159.75,1163.0,1159.75,1162.5,4125
2026-04-08 14:45:00+00:00,1162.5,1162.75,1160.25,1160.75,1948
2026-04-08 15:00:00+00:00,1160.75,1161.25,1159.0,1159.75,1979
2026-04-08 15:15:00+00:00,1159.5,1159.5,1158.0,1159.25,1784
2026-04-08 15:30:00+00:00,1159.25,1160.25,1159.0,1159.0,4649
2026-04-08 15:45:00+00:00,1159.0,1161.5,1159.0,1160.5,1944
2026-04-08 16:00:00+00:00,1160.5,1160.75,1159.25,1160.75,4666
2026-04-08 16:15:00+00:00,1160.75,1161.5,1159.75,1160.25,1513
2026-04-08 16:30:00+00:00,1160.5,1160.75,1159.25,1160.0,1081
2026-04-08 16:45:00+00:00,1160.0,1160.75,1159.0,1159.0,1471
2026-04-08 17:00:00+00:00,1159.0,1160.5,1159.0,1160.25,1313
2026-04-08 17:15:00+00:00,1160.25,1161.75,1159.75,1161.25,1593
2026-04-08 17:30:00+00:00,1161.5,1162.25,1160.25,1160.5,6304
2026-04-08 17:45:00+00:00,1160.75,1162.25,1160.5,1162.25,5889
2026-04-08 18:00:00+00:00,1162.0,1162.5,1161.0,1162.0,7701
2026-04-08 18:15:00+00:00,1162.0,1162.5,1161.25,1161.75,2763
2026-04-09 00:00:00+00:00,1162.0,1163.25,1159.75,1162.75,301
2026-04-09 00:15:00+00:00,1162.75,1163.0,1161.5,1162.25,168
2026-04-09 00:30:00+00:00,1162.0,1163.0,1162.0,1162.75,56
2026-04-09 00:45:00+00:00,1162.5,1164.25,1162.5,1163.5,280
2026-04-09 01:00:00+00:00,1163.25,1163.25,1160.5,1161.5,251
2026-04-09 01:15:00+00:00,1161.5,1162.25,1161.5,1162.0,127
2026-04-09 01:30:00+00:00,1162.0,1162.75,1161.5,1162.5,231
2026-04-09 01:45:00+00:00,1162.5,1162.75,1161.5,1161.5,192
2026-04-09 02:00:00+00:00,1162.0,1162.25,1161.75,1162.0,46
2026-04-09 02:15:00+00:00,1162.0,1162.0,1161.75,1162.0,8
2026-04-09 02:30:00+00:00,1162.25,1162.25,1161.5,1162.0,83
2026-04-09 02:45:00+00:00,1161.75,1162.5,1161.75,1162.25,70
2026-04-09 03:00:00+00:00,1162.0,1162.75,1162.0,1162.0,62
2026-04-09 03:15:00+00:00,1162.0,1163.0,1162.0,1162.5,29
2026-04-09 03:30:00+00:00,1162.5,1162.75,1162.25,1162.5,7
2026-04-09 03:45:00+00:00,1162.5,1162.75,1162.0,1162.0,16
2026-04-09 04:00:00+00:00,1162.25,1162.5,1162.0,1162.0,16
2026-04-09 04:15:00+00:00,1162.0,1162.0,1162.0,1162.0,4
2026-04-09 04:30:00+00:00,1162.0,1162.25,1162.0,1162.25,3
2026-04-09 04:45:00+00:00,1162.5,1162.5,1162.5,1162.5,1
2026-04-09 05:00:00+00:00,1162.25,1163.5,1162.25,1163.0,117
2026-04-09 05:15:00+00:00,1163.0,1163.0,1162.5,1162.75,20
2026-04-09 05:30:00+00:00,1162.75,1163.25,1162.75,1163.25,43
2026-04-09 05:45:00+00:00,1163.0,1163.0,1162.25,1162.25,23
2026-04-09 06:00:00+00:00,1162.25,1162.75,1161.75,1162.75,63
2026-04-09 06:15:00+00:00,1162.75,1163.25,1162.75,1163.0,76
2026-04-09 06:30:00+00:00,1162.75,1162.75,1161.75,1162.0,176
2026-04-09 06:45:00+00:00,1162.0,1162.25,1161.75,1162.0,68
2026-04-09 07:00:00+00:00,1162.0,1163.0,1162.0,1162.5,93
2026-04-09 07:15:00+00:00,1162.75,1163.25,1162.25,1162.25,235
2026-04-09 07:30:00+00:00,1162.25,1162.25,1161.75,1162.0,108
2026-04-09 07:45:00+00:00,1162.0,1162.25,1161.75,1162.25,80
2026-04-09 08:00:00+00:00,1162.25,1163.5,1162.25,1163.0,152
2026-04-09 08:15:00+00:00,1163.0,1163.5,1162.75,1163.25,191
2026-04-09 08:30:00+00:00,1163.25,1163.75,1163.0,1163.5,1076
2026-04-09 08:45:00+00:00,1163.5,1164.75,1163.25,1164.5,175
2026-04-09 09:00:00+00:00,1164.25,1164.5,1163.5,1164.0,162
2026-04-09 09:15:00+00:00,1164.0,1165.0,1164.0,1164.75,284
2026-04-09 09:30:00+00:00,1164.75,1164.75,1163.75,1164.25,232
2026-04-09 09:45:00+00:00,1164.5,1165.25,1164.5,1164.75,187
2026-04-09 10:00:00+00:00,1164.75,1165.75,1164.75,1165.75,365
2026-04-09 10:15:00+00:00,1166.0,1166.25,1165.25,1165.5,95
2026-04-09 10:30:00+00:00,1165.5,1166.5,1165.5,1165.5,191
2026-04-09 10:45:00+00:00,1165.5,1166.0,1165.25,1165.25,64
2026-04-09 11:00:00+00:00,1165.25,1165.5,1164.75,1165.5,112
2026-04-09 11:15:00+00:00,1165.5,1166.25,1165.5,1166.25,152
2026-04-09 11:30:00+00:00,1166.0,1166.5,1165.75,1166.25,283
2026-04-09 11:45:00+00:00,1166.25,1166.75,1165.5,1165.75,305
2026-04-09 12:00:00+00:00,1166.0,1166.5,1165.5,1166.0,284
2026-04-09 12:15:00+00:00,1166.0,1166.5,1165.5,1165.75,461
2026-04-09 12:30:00+00:00,1165.75,1167.5,1165.75,1167.0,1094
2026-04-09 13:30:00+00:00,1167.0,1169.5,1167.0,1168.75,15583
2026-04-09 13:45:00+00:00,1168.75,1170.5,1167.0,1167.0,3459
2026-04-09 14:00:00+00:00,1166.75,1167.5,1165.0,1165.75,4324
2026-04-09 14:15:00+00:00,1165.5,1167.5,1165.0,1166.5,3278
2026-04-09 14:30:00+00:00,1166.25,1167.25,1166.0,1167.0,2867
2026-04-09 14:45:00+00:00,1167.0,1168.75,1167.0,1167.5,7132
2026-04-09 15:00:00+00:00,1167.5,1169.0,1166.25,1167.25,1492
2026-04-09 15:15:00+00:00,1167.25,1168.0,1165.5,1167.5,6493
2026-04-09 15:30:00+00:00,1167.25,1168.25,1165.75,1167.0,3155
2026-04-09 15:45:00+00:00,1167.0,1168.5,1166.75,1168.25,4440
2026-04-09 16:00:00+00:00,1168.25,1169.0,1164.0,1165.75,5700
2026-04-09 16:15:00+00:00,1165.75,1166.75,1164.0,1164.0,1982
2026-04-09 16:30:00+00:00,1164.25,1164.75,1163.0,1163.5,2936
2026-04-09 16:45:00+00:00,1163.5,1165.0,1163.0,1163.0,1644
2026-04-09 17:00:00+00:00,1163.25,1163.25,1161.25,1162.5,6285
2026-04-09 17:15:00+00:00,1162.5,1164.5,1162.0,1164.25,3304
2026-04-09 17:30:00+00:00,1164.25,1165.0,1162.75,1164.25,2486
2026-04-09 17:45:00+00:00,1164.25,1164.75,1163.25,1163.75,1960
2026-04-09 18:00:00+00:00,1163.5,1166.25,1163.25,1165.0,10965
2026-04-09 18:15:00+00:00,1165.0,1165.25,1163.75,1164.25,3255
2026-04-10 00:00:00+00:00,1166.5,1167.5,1165.0,1167.25,771
2026-04-10 00:15:00+00:00,1167.25,1169.5,1167.25,1169.25,765
2026-04-10 00:30:00+00:00,1169.0,1169.75,1168.75,1169.25,274
2026-04-10 00:45:00+00:00,1169.0,1169.25,1169.0,1169.0,97
2026-04-10 01:00:00+00:00,1168.75,1169.0,1167.0,1168.25,489
2026-04-10 01:15:00+00:00,1168.5,1168.75,1168.0,1168.75,210
2026-04-10 01:30:00+00:00,1168.5,1168.75,1168.0,1168.25,523
2026-04-10 01:45:00+00:00,1168.25,1169.25,1168.25,1168.75,132
2026-04-10 02:00:00+00:00,1169.0,1169.0,1168.25,1168.25,18
2026-04-10 02:15:00+00:00,1168.25,1168.75,1168.25,1168.75,3
2026-04-10 02:30:00+00:00,1168.75,1169.0,1168.0,1168.25,96
2026-04-10 02:45:00+00:00,1168.25,1168.25,1167.25,1167.5,68
2026-04-10 03:00:00+00:00,1167.5,1167.5,1167.25,1167.5,58
2026-04-10 03:15:00+00:00,1167.75,1168.75,1167.75,1168.5,144
2026-04-10 03:30:00+00:00,1168.5,1168.5,1168.25,1168.25,17
2026-04-10 03:45:00+00:00,1168.0,1168.0,1167.5,1167.75,56
2026-04-10 04:00:00+00:00,1167.5,1168.0,1167.25,1167.5,266
2026-04-10 04:15:00+00:00,1167.5,1167.75,1167.5,1167.75,11
2026-04-10 04:30:00+00:00,1167.5,1167.75,1167.5,1167.75,10
2026-04-10 04:45:00+00:00,1167.75,1168.25,1167.75,1167.75,39
2026-04-10 05:00:00+00:00,1168.0,1169.0,1167.75,1169.0,43
2026-04-10 05:15:00+00:00,1169.25,1169.25,1169.0,1169.0,22
2026-04-10 05:30:00+00:00,1168.75,1168.75,1168.0,1168.5,116
2026-04-10 05:45:00+00:00,1168.5,1168.75,1168.0,1168.75,31
2026-04-10 06:00:00+00:00,1169.0,1169.0,1168.0,1168.5,43
2026-04-10 06:15:00+00:00,1168.5,1169.5,1168.25,1169.0,41
2026-04-10 06:30:00+00:00,1168.75,1169.0,1168.25,1168.5,123
2026-04-10 06:45:00+00:00,1168.5,1169.0,1168.25,1168.75,102
2026-04-10 07:00:00+00:00,1168.75,1171.5,1168.75,1170.75,731
2026-04-10 07:15:00+00:00,1171.0,1171.75,1170.75,1171.5,346
2026-04-10 07:30:00+00:00,1171.5,1171.5,1171.0,1171.0,207
2026-04-10 07:45:00+00:00,1171.25,1171.5,1170.75,1171.5,123
2026-04-10 08:00:00+00:00,1171.0,1171.75,1171.0,1171.5,276
2026-04-10 08:15:00+00:00,1171.5,1171.75,1171.25,1171.25,275
2026-04-10 08:30:00+00:00,1171.5,1172.5,1171.25,1172.25,523
2026-04-10 08:45:00+00:00,1172.5,1173.25,1171.25,1171.25,508
2026-04-10 09:00:00+00:00,1171.5,1171.5,1170.0,1170.25,375
2026-04-10 09:15:00+00:00,1170.25,1170.25,1168.0,1168.75,717
2026-04-10 09:30:00+00:00,1168.75,1169.25,1168.0,1168.25,105
2026-04-10 09:45:00+00:00,1168.25,1168.25,1164.5,1166.0,473
2026-04-10 10:00:00+00:00,1166.0,1166.5,1165.5,1166.25,567
2026-04-10 10:15:00+00:00,1166.25,1166.5,1165.25,1165.75,289
2026-04-10 10:30:00+00:00,1165.75,1165.75,1164.75,1165.75,545
2026-04-10 10:45:00+00:00,1165.75,1166.0,1165.5,1165.75,209
2026-04-10 11:00:00+00:00,1166.0,1167.75,1166.0,1167.25,218
2026-04-10 11:15:00+00:00,1167.25,1169.0,1167.25,1168.0,471
2026-04-10 11:30:00+00:00,1168.25,1169.25,1168.25,1169.25,246
2026-04-10 11:45:00+00:00,1169.0,1169.25,1168.25,1168.5,214
2026-04-10 12:00:00+00:00,1168.5,1170.5,1167.75,1169.5,3163
2026-04-10 12:15:00+00:00,1169.5,1170.25,1167.75,1169.75,787
2026-04-10 12:30:00+00:00,1170.0,1171.5,1169.25,1170.5,4814
2026-04-10 13:30:00+00:00,1170.0,1174.25,1169.25,1173.75,15829
2026-04-10 13:45:00+00:00,1173.75,1174.5,1170.5,1170.75,4143
2026-04-10 14:00:00+00:00,1170.75,1174.5,1170.25,1172.75,15381
2026-04-10 14:15:00+00:00,1172.75,1174.25,1171.75,1172.0,2984
2026-04-10 14:30:00+00:00,1171.75,1172.0,1169.75,1171.0,5771
2026-04-10 14:45:00+00:00,1171.0,1174.0,1171.0,1173.25,3472
2026-04-10 15:00:00+00:00,1173.25,1175.0,1173.0,1174.25,4541
2026-04-10 15:15:00+00:00,1174.25,1175.25,1173.5,1175.0,2987
2026-04-10 15:30:00+00:00,1175.0,1175.75,1174.5,1174.5,2843
2026-04-10 15:45:00+00:00,1174.5,1175.75,1173.5,1175.25,1707
2026-04-10 16:00:00+00:00,1175.25,1176.5,1174.25,1174.5,2656
2026-04-10 16:15:00+00:00,1174.25,1175.75,1174.25,1175.25,5548
2026-04-10 16:30:00+00:00,1175.5,1176.5,1175.25,1175.75,3484
2026-04-10 16:45:00+00:00,1175.75,1178.5,1175.5,1176.25,7117
2026-04-10 17:00:00+00:00,1176.25,1178.75,1176.25,1177.25,4242
2026-04-10 17:15:00+00:00,1177.25,1178.0,1176.75,1177.25,1853
2026-04-10 17:30:00+00:00,1177.25,1179.25,1177.25,1179.0,2333
2026-04-10 17:45:00+00:00,1178.75,1179.0,1177.75,1178.0,5296
2026-04-10 18:00:00+00:00,1177.75,1178.0,1175.25,1175.25,11199
2026-04-10 18:15:00+00:00,1175.25,1176.0,1174.25,1175.75,2608
2026-04-13 00:00:00+00:00,1177.0,1181.5,1174.5,1180.5,3328
2026-04-13 00:15:00+00:00,1180.5,1182.75,1179.5,1182.0,2854
2026-04-13 00:30:00+00:00,1182.0,1182.5,1181.75,1181.75,5107
2026-04-13 00:45:00+00:00,1182.0,1183.75,1181.75,1181.75,811
2026-04-13 01:00:00+00:00,1181.75,1181.75,1177.5,1179.0,1202
2026-04-13 01:15:00+00:00,1179.25,1179.75,1177.75,1179.0,601
2026-04-13 01:30:00+00:00,1179.25,1179.5,1175.5,1175.75,732
2026-04-13 01:45:00+00:00,1175.5,1176.25,1175.0,1175.75,302
2026-04-13 02:00:00+00:00,1176.0,1177.0,1175.25,1176.5,208
2026-04-13 02:15:00+00:00,1176.5,1177.0,1176.5,1177.0,29
2026-04-13 02:30:00+00:00,1176.75,1177.0,1176.25,1176.5,81
2026-04-13 02:45:00+00:00,1176.5,1176.75,1175.5,1176.25,97
2026-04-13 03:00:00+00:00,1176.25,1176.75,1176.0,1176.5,29
2026-04-13 03:15:00+00:00,1176.5,1176.5,1175.5,1175.75,63
2026-04-13 03:30:00+00:00,1175.5,1176.5,1175.5,1176.5,27
2026-04-13 03:45:00+00:00,1176.25,1176.75,1176.0,1176.75,39
2026-04-13 04:00:00+00:00,1176.5,1176.75,1176.25,1176.5,111
2026-04-13 04:15:00+00:00,1176.75,1176.75,1175.75,1175.75,181
2026-04-13 04:30:00+00:00,1175.5,1175.75,1175.25,1175.5,21
2026-04-13 04:45:00+00:00,1175.75,1176.0,1175.75,1176.0,29
2026-04-13 05:00:00+00:00,1175.75,1175.75,1174.5,1174.75,209
2026-04-13 05:15:00+00:00,1174.5,1175.0,1174.0,1174.25,214
2026-04-13 05:30:00+00:00,1174.25,1174.5,1172.5,1172.75,360
2026-04-13 05:45:00+00:00,1173.0,1173.25,1172.25,1173.0,140
2026-04-13 06:00:00+00:00,1172.75,1173.5,1172.75,1173.0,255
2026-04-13 06:15:00+00:00,1173.0,1173.0,1172.0,1172.25,244
2026-04-13 06:30:00+00:00,1172.5,1172.5,1172.0,1172.25,161
2026-04-13 06:45:00+00:00,1172.0,1172.25,1171.5,1172.25,133
2026-04-13 07:00:00+00:00,1172.25,1173.25,1171.75,1171.75,401
2026-04-13 07:15:00+00:00,1172.0,1172.5,1172.0,1172.0,253
2026-04-13 07:30:00+00:00,1172.0,1173.25,1172.0,1172.25,443
2026-04-13 07:45:00+00:00,1172.25,1173.0,1171.5,1173.0,165
2026-04-13 08:00:00+00:00,1172.75,1173.25,1171.5,1173.25,1047
2026-04-13 08:15:00+00:00,1173.5,1174.25,1173.25,1173.75,1843
2026-04-13 08:30:00+00:00,1173.5,1175.75,1173.5,1175.75,1935
2026-04-13 08:45:00+00:00,1175.5,1175.5,1174.5,1175.25,782
2026-04-13 09:00:00+00:00,1175.0,1175.75,1174.5,1175.5,330
2026-04-13 09:15:00+00:00,1175.5,1175.5,1175.0,1175.0,253
2026-04-13 09:30:00+00:00,1175.0,1176.5,1174.75,1176.5,214
2026-04-13 09:45:00+00:00,1176.25,1177.0,1176.25,1176.25,338
2026-04-13 10:00:00+00:00,1176.25,1176.25,1175.75,1176.25,121
2026-04-13 10:15:00+00:00,1176.25,1176.75,1176.25,1176.25,57
2026-04-13 10:30:00+00:00,1176.0,1176.25,1174.75,1175.0,179
2026-04-13 10:45:00+00:00,1175.0,1175.75,1174.0,1175.5,310
2026-04-13 11:00:00+00:00,1175.25,1175.25,1174.25,1174.5,253
2026-04-13 11:15:00+00:00,1174.25,1175.0,1174.25,1174.75,124
2026-04-13 11:30:00+00:00,1174.75,1175.25,1173.75,1175.0,263
2026-04-13 11:45:00+00:00,1174.75,1175.75,1174.25,1175.0,429
2026-04-13 12:00:00+00:00,1175.0,1175.5,1173.75,1175.25,395
2026-04-13 12:15:00+00:00,1175.25,1175.5,1174.0,1174.0,393
2026-04-13 12:30:00+00:00,1174.25,1174.75,1173.25,1174.75,610
2026-04-13 13:30:00+00:00,1174.0,1176.5,1169.25,1175.5,11813
2026-04-13 13:45:00+00:00,1175.5,1176.75,1171.25,1171.75,4884
2026-04-13 14:00:00+00:00,1171.75,1173.5,1170.25,1171.25,5411
2026-04-13 14:15:00+00:00,1171.0,1172.0,1170.25,1171.5,5621
2026-04-13 14:30:00+00:00,1171.5,1171.75,1167.0,1167.5,6233
2026-04-13 14:45:00+00:00,1167.25,1168.25,1165.75,1166.0,4060
2026-04-13 15:00:00+00:00,1166.0,1168.5,1165.75,1167.5,2871
2026-04-13 15:15:00+00:00,1167.5,1169.5,1167.0,1168.5,4228
2026-04-13 15:30:00+00:00,1168.25,1169.5,1167.0,1168.75,1676
2026-04-13 15:45:00+00:00,1168.75,1169.25,1167.25,1167.75,5038
2026-04-13 16:00:00+00:00,1167.5,1169.0,1166.5,1168.25,1729
2026-04-13 16:15:00+00:00,1168.25,1168.25,1167.0,1167.25,1417
2026-04-13 16:30:00+00:00,1167.5,1167.75,1163.5,1165.75,3618
2026-04-13 16:45:00+00:00,1165.75,1167.5,1165.75,1166.25,1832
2026-04-13 17:00:00+00:00,1166.5,1169.25,1166.0,1168.75,4297
2026-04-13 17:15:00+00:00,1169.0,1169.5,1168.0,1168.0,1686
2026-04-13 17:30:00+00:00,1168.0,1168.0,1163.25,1163.25,5387
2026-04-13 17:45:00+00:00,1163.5,1164.75,1162.75,1163.0,3666
2026-04-13 18:00:00+00:00,1163.0,1163.5,1161.75,1161.75,10399
2026-04-13 18:15:00+00:00,1162.0,1162.25,1160.0,1160.75,8439
2026-04-14 00:00:00+00:00,1160.5,1163.0,1158.25,1162.25,345
2026-04-14 00:15:00+00:00,1162.5,1164.25,1161.5,1162.0,615
2026-04-14 00:30:00+00:00,1162.5,1162.5,1161.25,1161.5,248
2026-04-14 00:45:00+00:00,1161.5,1162.0,1161.25,1162.0,203
2026-04-14 01:00:00+00:00,1162.25,1164.0,1162.0,1163.75,558
2026-04-14 01:15:00+00:00,1163.75,1164.75,1163.5,1164.75,258
2026-04-14 01:30:00+00:00,1164.5,1164.75,1164.0,1164.25,105
2026-04-14 01:45:00+00:00,1164.0,1164.25,1163.0,1163.25,261
2026-04-14 02:00:00+00:00,1163.25,1163.5,1162.5,1163.25,85
2026-04-14 02:15:00+00:00,1163.0,1163.25,1162.25,1162.5,63
2026-04-14 02:30:00+00:00,1162.75,1163.0,1162.25,1162.75,192
2026-04-14 02:45:00+00:00,1162.75,1162.75,1162.25,1162.25,544
2026-04-14 03:00:00+00:00,1162.25,1163.5,1162.25,1163.5,89
2026-04-14 03:15:00+00:00,1163.5,1164.5,1162.75,1163.0,94
2026-04-14 03:30:00+00:00,1163.0,1163.0,1162.25,1162.75,30
2026-04-14 03:45:00+00:00,1162.5,1162.75,1162.5,1162.5,34
2026-04-14 04:00:00+00:00,1162.5,1162.75,1162.25,1162.25,23
2026-04-14 04:15:00+00:00,1162.5,1162.5,1162.0,1162.5,70
2026-04-14 04:30:00+00:00,1162.75,1162.75,1162.5,1162.75,21
2026-04-14 04:45:00+00:00,1162.75,1163.25,1162.75,1163.0,37
2026-04-14 05:00:00+00:00,1163.25,1163.25,1162.75,1162.75,84
2026-04-14 05:15:00+00:00,1162.75,1162.75,1162.5,1162.75,11
2026-04-14 05:30:00+00:00,1162.5,1163.25,1162.5,1163.25,151
2026-04-14 05:45:00+00:00,1163.25,1163.25,1163.0,1163.25,32
2026-04-14 06:00:00+00:00,1163.25,1163.25,1162.75,1162.75,54
2026-04-14 06:15:00+00:00,1162.75,1163.5,1162.75,1163.5,67
2026-04-14 06:30:00+00:00,1163.5,1163.75,1162.5,1163.0,66
2026-04-14 06:45:00+00:00,1163.25,1164.0,1163.25,1163.5,41
2026-04-14 07:00:00+00:00,1163.25,1163.75,1162.5,1163.5,719
2026-04-14 07:15:00+00:00,1163.5,1164.0,1163.0,1163.0,222
2026-04-14 07:30:00+00:00,1163.0,1164.25,1163.0,1164.0,125
2026-04-14 07:45:00+00:00,1164.0,1164.75,1163.5,1164.25,67
2026-04-14 08:00:00+00:00,1164.5,1165.25,1164.25,1164.75,242
2026-04-14 08:15:00+00:00,1164.75,1165.25,1164.75,1165.25,127
2026-04-14 08:30:00+00:00,1165.25,1165.75,1164.75,1165.0,108
2026-04-14 08:45:00+00:00,1165.25,1165.5,1165.0,1165.0,2382
2026-04-14 09:00:00+00:00,1165.0,1165.0,1164.0,1164.75,100
2026-04-14 09:15:00+00:00,1164.75,1165.0,1164.0,1164.5,2861
2026-04-14 09:30:00+00:00,1164.25,1164.5,1163.75,1164.0,1490
2026-04-14 09:45:00+00:00,1163.75,1164.0,1163.0,1163.75,610
2026-04-14 10:00:00+00:00,1163.5,1163.75,1162.5,1162.75,254
2026-04-14 10:15:00+00:00,1162.75,1163.5,1162.5,1163.5,60
2026-04-14 10:30:00+00:00,1163.25,1165.0,1163.25,1164.5,137
2026-04-14 10:45:00+00:00,1164.25,1164.5,1163.5,1163.5,47
2026-04-14 11:00:00+00:00,1163.5,1165.0,1163.25,1165.0,353
2026-04-14 11:15:00+00:00,1165.0,1165.5,1165.0,1165.25,162
2026-04-14 11:30:00+00:00,1165.25,1166.0,1165.25,1166.0,298
2026-04-14 11:45:00+00:00,1166.0,1167.75,1165.0,1166.5,993
2026-04-14 12:00:00+00:00,1166.25,1167.0,1166.0,1166.5,164
2026-04-14 12:15:00+00:00,1166.5,1167.0,1165.0,1165.25,197
2026-04-14 12:30:00+00:00,1165.5,1166.5,1165.5,1166.25,483
2026-04-14 13:30:00+00:00,1165.75,1167.75,1162.0,1166.75,10875
2026-04-14 13:45:00+00:00,1166.5,1168.5,1166.0,1167.75,3189
2026-04-14 14:00:00+00:00,1167.5,1168.0,1164.5,1165.0,6024
2026-04-14 14:15:00+00:00,1165.0,1167.75,1163.75,1166.25,4766
2026-04-14 14:30:00+00:00,1166.25,1166.25,1163.5,1164.0,3524
2026-04-14 14:45:00+00:00,1164.0,1166.5,1164.0,1165.5,4999
2026-04-14 15:00:00+00:00,1165.75,1166.25,1164.0,1165.0,1848
2026-04-14 15:15:00+00:00,1165.0,1165.0,1161.75,1163.25,5548
2026-04-14 15:30:00+00:00,1163.25,1164.5,1162.25,1162.25,1514
2026-04-14 15:45:00+00:00,1162.0,1162.25,1160.5,1161.75,4257
2026-04-14 16:00:00+00:00,1161.5,1161.5,1159.25,1159.5,2014
2026-04-14 16:15:00+00:00,1159.25,1160.25,1159.0,1159.75,1751
2026-04-14 16:30:00+00:00,1159.75,1160.75,1158.25,1159.25,2393
2026-04-14 16:45:00+00:00,1159.5,1160.0,1157.25,1157.5,3342
2026-04-14 17:00:00+00:00,1157.25,1158.25,1156.5,1157.5,2147
2026-04-14 17:15:00+00:00,1157.75,1159.5,1157.5,1159.25,1950
2026-04-14 17:30:00+00:00,1159.25,1161.25,1157.25,1157.5,6408
2026-04-14 17:45:00+00:00,1157.5,1159.75,1156.0,1159.0,8077
2026-04-14 18:00:00+00:00,1159.0,1159.5,1157.5,1157.5,9022
2026-04-14 18:15:00+00:00,1157.75,1158.0,1156.0,1156.5,4421
2026-04-15 00:00:00+00:00,1156.75,1159.5,1156.75,1159.25,2749
2026-04-15 00:15:00+00:00,1159.25,1159.75,1159.0,1159.75,89
2026-04-15 00:30:00+00:00,1159.5,1159.5,1159.25,1159.25,42
2026-04-15 00:45:00+00:00,1159.25,1160.0,1159.25,1159.75,1358
2026-04-15 01:00:00+00:00,1160.0,1160.5,1159.25,1160.0,736
2026-04-15 01:15:00+00:00,1159.75,1160.0,1159.5,1159.75,265
2026-04-15 01:30:00+00:00,1160.0,1160.25,1159.75,1160.25,121
2026-04-15 01:45:00+00:00,1160.0,1161.5,1160.0,1161.25,152
2026-04-15 02:00:00+00:00,1161.25,1161.5,1161.0,1161.5,193
2026-04-15 02:15:00+00:00,1161.5,1162.0,1161.5,1162.0,254
2026-04-15 02:30:00+00:00,1162.0,1162.25,1161.5,1161.5,74
2026-04-15 02:45:00+00:00,1161.5,1161.5,1161.25,1161.5,20
2026-04-15 03:00:00+00:00,1161.5,1161.75,1161.0,1161.5,1120
2026-04-15 03:15:00+00:00,1161.5,1161.5,1161.0,1161.25,26
2026-04-15 03:30:00+00:00,1161.25,1161.25,1160.75,1160.75,15
2026-04-15 03:45:00+00:00,1160.75,1161.25,1160.75,1161.0,6
2026-04-15 04:00:00+00:00,1161.0,1161.0,1160.75,1160.75,521
2026-04-15 04:15:00+00:00,1161.0,1161.0,1161.0,1161.0,32
2026-04-15 04:30:00+00:00,1161.0,1161.0,1161.0,1161.0,1
2026-04-15 04:45:00+00:00,1161.0,1161.0,1160.75,1161.0,934
2026-04-15 05:00:00+00:00,1161.25,1161.75,1161.0,1161.5,1040
2026-04-15 05:15:00+00:00,1161.75,1162.25,1161.75,1162.25,79
2026-04-15 05:30:00+00:00,1162.5,1162.5,1162.0,1162.5,101
2026-04-15 05:45:00+00:00,1162.5,1162.75,1162.0,1162.0,44
2026-04-15 06:00:00+00:00,1162.25,1162.25,1161.5,1161.5,81
2026-04-15 06:15:00+00:00,1161.5,1162.5,1161.25,1162.25,210
2026-04-15 06:30:00+00:00,1162.25,1163.5,1162.25,1162.75,198
2026-04-15 06:45:00+00:00,1163.0,1163.75,1163.0,1163.5,218
2026-04-15 07:00:00+00:00,1163.5,1164.0,1163.25,1164.0,116
2026-04-15 07:15:00+00:00,1164.0,1164.0,1163.5,1163.75,85
2026-04-15 07:30:00+00:00,1163.75,1164.0,1163.25,1163.25,117
2026-04-15 07:45:00+00:00,1163.25,1163.25,1162.0,1163.0,988
2026-04-15 08:00:00+00:00,1163.25,1164.25,1163.0,1164.0,200
2026-04-15 08:15:00+00:00,1164.0,1164.0,1163.75,1163.75,36
2026-04-15 08:30:00+00:00,1163.5,1164.5,1163.5,1163.75,174
2026-04-15 08:45:00+00:00,1164.0,1164.75,1163.5,1164.25,2157
2026-04-15 09:00:00+00:00,1164.25,1164.5,1163.75,1164.5,777
2026-04-15 09:15:00+00:00,1164.5,1165.0,1164.25,1164.5,373
2026-04-15 09:30:00+00:00,1164.25,1165.0,1164.25,1164.75,92
2026-04-15 09:45:00+00:00,1164.75,1165.0,1164.25,1164.5,132
2026-04-15 10:00:00+00:00,1164.75,1164.75,1163.75,1164.0,96
2026-04-15 10:15:00+00:00,1164.25,1164.5,1163.0,1163.75,594
2026-04-15 10:30:00+00:00,1163.75,1164.0,1163.0,1163.25,339
2026-04-15 10:45:00+00:00,1163.25,1164.0,1163.0,1164.0,256
2026-04-15 11:00:00+00:00,1164.0,1164.5,1163.5,1163.75,1919
2026-04-15 11:15:00+00:00,1163.75,1163.75,1162.25,1162.25,211
2026-04-15 11:30:00+00:00,1162.0,1163.0,1161.75,1162.75,136
2026-04-15 11:45:00+00:00,1162.75,1165.75,1162.0,1165.75,3270
2026-04-15 12:00:00+00:00,1165.75,1168.0,1165.5,1167.0,2175
2026-04-15 12:15:00+00:00,1166.75,1167.0,1165.75,1166.25,427
2026-04-15 12:30:00+00:00,1166.25,1167.75,1166.25,1166.5,1048
2026-04-15 13:30:00+00:00,1165.25,1167.0,1163.75,1165.0,5771
2026-04-15 13:45:00+00:00,1165.0,1167.0,1165.0,1166.0,4916
2026-04-15 14:00:00+00:00,1166.0,1167.25,1165.75,1166.0,3454
2026-04-15 14:15:00+00:00,1165.75,1166.0,1163.25,1164.5,3231
2026-04-15 14:30:00+00:00,1164.25,1167.0,1164.25,1164.5,3113
2026-04-15 14:45:00+00:00,1164.5,1166.5,1164.5,1166.25,2180
2026-04-15 15:00:00+00:00,1166.0,1168.75,1165.5,1168.0,2538
2026-04-15 15:15:00+00:00,1167.75,1168.0,1166.75,1168.0,1736
2026-04-15 15:30:00+00:00,1168.0,1168.75,1166.5,1166.75,9920
2026-04-15 15:45:00+00:00,1166.75,1169.75,1166.75,1169.5,7170
2026-04-15 16:00:00+00:00,1169.75,1171.0,1167.5,1169.75,3146
2026-04-15 16:15:00+00:00,1169.5,1170.0,1168.5,1169.5,2388
2026-04-15 16:30:00+00:00,1169.75,1170.25,1168.5,1169.0,1594
2026-04-15 16:45:00+00:00,1169.25,1170.75,1168.75,1170.0,1633
2026-04-15 17:00:00+00:00,1169.75,1170.25,1168.0,1168.25,27142
2026-04-15 17:15:00+00:00,1168.0,1169.75,1167.5,1168.75,8677
2026-04-15 17:30:00+00:00,1169.0,1169.5,1168.5,1169.0,4037
2026-04-15 17:45:00+00:00,1169.0,1169.25,1166.25,1166.25,3536
2026-04-15 18:00:00+00:00,1166.5,1168.0,1165.75,1166.75,5634
2026-04-15 18:15:00+00:00,1166.5,1166.75,1165.0,1165.25,7355
2026-04-16 00:00:00+00:00,1165.75,1166.5,1164.0,1165.5,1513
2026-04-16 00:15:00+00:00,1165.75,1166.25,1165.0,1165.0,379
2026-04-16 00:30:00+00:00,1165.0,1166.25,1164.75,1166.0,4984
2026-04-16 00:45:00+00:00,1166.0,1166.25,1165.75,1165.75,101
2026-04-16 01:00:00+00:00,1165.5,1166.0,1164.75,1165.25,130
2026-04-16 01:15:00+00:00,1165.0,1165.5,1165.0,1165.5,65
2026-04-16 01:30:00+00:00,1165.5,1166.5,1165.5,1166.25,118
2026-04-16 01:45:00+00:00,1166.25,1167.0,1166.0,1166.5,159
2026-04-16 02:00:00+00:00,1166.5,1166.75,1166.0,1166.25,52
2026-04-16 02:15:00+00:00,1166.0,1166.75,1166.0,1166.75,156
2026-04-16 02:30:00+00:00,1166.75,1166.75,1166.25,1166.5,43
2026-04-16 02:45:00+00:00,1166.5,1167.0,1166.5,1166.5,55
2026-04-16 03:00:00+00:00,1166.5,1167.25,1166.5,1167.0,136
2026-04-16 03:15:00+00:00,1167.0,1167.0,1166.75,1167.0,16
2026-04-16 03:30:00+00:00,1167.0,1167.25,1167.0,1167.0,8
2026-04-16 03:45:00+00:00,1167.0,1167.0,1166.75,1166.75,13
2026-04-16 04:00:00+00:00,1167.0,1167.25,1166.75,1166.75,15
2026-04-16 04:15:00+00:00,1166.75,1167.0,1166.75,1166.75,32
2026-04-16 04:30:00+00:00,1166.75,1167.0,1166.5,1166.75,17
2026-04-16 04:45:00+00:00,1166.75,1166.75,1166.75,1166.75,2
2026-04-16 05:00:00+00:00,1166.5,1166.5,1164.75,1165.0,212
2026-04-16 05:15:00+00:00,1165.0,1165.25,1164.75,1164.75,305
2026-04-16 05:30:00+00:00,1164.75,1166.25,1164.75,1166.25,1043
2026-04-16 05:45:00+00:00,1166.25,1166.25,1165.0,1165.25,1094
2026-04-16 06:00:00+00:00,1165.0,1166.75,1164.75,1166.75,46
2026-04-16 06:15:00+00:00,1167.0,1167.0,1166.25,1166.75,66
2026-04-16 06:30:00+00:00,1166.5,1167.0,1166.25,1166.5,191
2026-04-16 06:45:00+00:00,1166.75,1168.25,1166.75,1167.0,209
2026-04-16 07:00:00+00:00,1167.0,1167.75,1166.75,1167.75,96
2026-04-16 07:15:00+00:00,1167.5,1168.0,1166.0,1166.75,1029
2026-04-16 07:30:00+00:00,1166.5,1186.0,1166.5,1185.0,1074
2026-04-16 07:45:00+00:00,1185.0,1186.0,1184.5,1185.75,975
2026-04-16 08:00:00+00:00,1186.0,1186.25,1184.75,1184.75,452
2026-04-16 08:15:00+00:00,1184.75,1184.75,1184.25,1184.5,130
2026-04-16 08:30:00+00:00,1184.75,1184.75,1184.25,1184.25,113
2026-04-16 08:45:00+00:00,1184.5,1184.75,1183.0,1183.25,1262
2026-04-16 09:00:00+00:00,1183.25,1183.25,1181.5,1182.25,1475
2026-04-16 09:15:00+00:00,1182.0,1183.0,1182.0,1182.0,475
2026-04-16 09:30:00+00:00,1181.75,1181.75,1164.25,1164.25,6083
2026-04-16 09:45:00+00:00,1164.25,1164.5,1163.5,1163.75,842
2026-04-16 10:00:00+00:00,1163.5,1163.75,1163.25,1163.5,1295
2026-04-16 10:15:00+00:00,1163.5,1163.75,1163.5,1163.5,138
2026-04-16 10:30:00+00:00,1163.25,1163.5,1163.0,1163.5,168
2026-04-16 10:45:00+00:00,1163.5,1164.25,1163.0,1163.5,75
2026-04-16 11:00:00+00:00,1163.25,1164.25,1162.75,1164.25,237
2026-04-16 11:15:00+00:00,1164.25,1165.0,1163.75,1165.0,435
2026-04-16 11:30:00+00:00,1164.75,1166.0,1164.75,1165.5,253
2026-04-16 11:45:00+00:00,1165.25,1165.75,1163.75,1165.0,294
2026-04-16 12:00:00+00:00,1165.0,1165.5,1164.25,1164.5,856
2026-04-16 12:15:00+00:00,1164.5,1165.25,1163.75,1164.75,1200
2026-04-16 12:30:00+00:00,1164.75,1165.5,1164.25,1165.25,417
2026-04-16 13:30:00+00:00,1165.0,1169.5,1163.25,1168.75,9081
2026-04-16 13:45:00+00:00,1168.5,1168.75,1166.5,1168.0,3386
2026-04-16 14:00:00+00:00,1168.0,1169.5,1167.5,1169.25,2306
2026-04-16 14:15:00+00:00,1169.0,1169.25,1166.5,1169.0,10041
2026-04-16 14:30:00+00:00,1168.75,1170.0,1168.25,1169.5,8599
2026-04-16 14:45:00+00:00,1169.25,1170.0,1167.75,1168.5,2708
2026-04-16 15:00:00+00:00,1168.5,1168.5,1164.75,1165.25,6454
2026-04-16 15:15:00+00:00,1165.25,1166.5,1164.25,1166.25,1643
2026-04-16 15:30:00+00:00,1166.5,1169.0,1166.25,1167.25,2479
2026-04-16 15:45:00+00:00,1167.25,1168.0,1167.0,1167.0,4923
2026-04-16 16:00:00+00:00,1167.0,1167.25,1166.0,1167.0,1427
2026-04-16 16:15:00+00:00,1167.0,1168.0,1165.75,1167.5,2179
2026-04-16 16:30:00+00:00,1167.75,1169.25,1167.25,1168.25,2435
2026-04-16 16:45:00+00:00,1168.25,1168.5,1167.0,1167.0,1431
2026-04-16 17:00:00+00:00,1167.0,1167.0,1165.0,1166.25,1967
2026-04-16 17:15:00+00:00,1166.5,1166.5,1163.75,1164.0,1595
2026-04-16 17:30:00+00:00,1163.75,1164.0,1162.25,1163.25,4967
2026-04-16 17:45:00+00:00,1163.0,1164.0,1162.5,1162.75,1147
2026-04-16 18:00:00+00:00,1162.75,1165.0,1162.5,1163.5,6041
2026-04-16 18:15:00+00:00,1163.5,1163.75,1162.25,1162.5,2233
2026-04-17 00:00:00+00:00,1162.75,1164.0,1161.0,1164.0,150
2026-04-17 00:15:00+00:00,1164.0,1164.75,1164.0,1164.25,178
2026-04-17 00:30:00+00:00,1164.5,1164.75,1164.5,1164.5,49
2026-04-17 00:45:00+00:00,1164.5,1164.5,1164.25,1164.5,24
2026-04-17 01:00:00+00:00,1164.75,1165.5,1163.0,1163.25,173
2026-04-17 01:15:00+00:00,1163.5,1164.25,1163.0,1163.75,848
2026-04-17 01:30:00+00:00,1164.0,1164.25,1163.25,1163.25,137
2026-04-17 01:45:00+00:00,1163.5,1165.75,1163.5,1164.5,1110
2026-04-17 02:00:00+00:00,1164.25,1165.0,1163.0,1163.0,361
2026-04-17 02:15:00+00:00,1163.0,1163.0,1162.5,1162.75,122
2026-04-17 02:30:00+00:00,1162.75,1163.5,1162.5,1162.5,612
2026-04-17 02:45:00+00:00,1162.5,1163.75,1162.5,1163.0,843
2026-04-17 03:00:00+00:00,1162.75,1163.25,1162.5,1163.25,26
2026-04-17 03:15:00+00:00,1163.25,1163.5,1163.0,1163.5,22
2026-04-17 03:30:00+00:00,1163.5,1163.5,1163.25,1163.25,7
2026-04-17 03:45:00+00:00,1163.25,1163.25,1162.75,1163.0,35
2026-04-17 04:00:00+00:00,1163.0,1163.25,1163.0,1163.25,72
2026-04-17 04:15:00+00:00,1163.0,1163.25,1163.0,1163.25,64
2026-04-17 04:30:00+00:00,1163.25,1163.25,1163.0,1163.0,15
2026-04-17 04:45:00+00:00,1162.75,1162.75,1162.75,1162.75,5
2026-04-17 05:00:00+00:00,1162.5,1163.0,1162.5,1163.0,33
2026-04-17 05:15:00+00:00,1163.0,1163.0,1162.5,1162.5,11
2026-04-17 05:30:00+00:00,1162.5,1162.5,1161.25,1162.0,250
2026-04-17 05:45:00+00:00,1162.0,1162.75,1162.0,1162.75,63
2026-04-17 06:00:00+00:00,1163.0,1163.0,1162.25,1162.25,139
2026-04-17 06:15:00+00:00,1162.5,1162.5,1162.25,1162.5,68
2026-04-17 06:30:00+00:00,1162.25,1163.0,1162.0,1162.25,420
2026-04-17 06:45:00+00:00,1162.5,1163.0,1162.25,1162.25,102
2026-04-17 07:00:00+00:00,1162.25,1162.5,1161.5,1162.25,147
2026-04-17 07:15:00+00:00,1162.25,1162.25,1161.75,1161.75,1277
2026-04-17 07:30:00+00:00,1161.75,1163.0,1161.5,1162.75,202
2026-04-17 07:45:00+00:00,1162.75,1163.0,1162.25,1162.25,1055
2026-04-17 08:00:00+00:00,1162.25,1162.5,1162.0,1162.5,52
2026-04-17 08:15:00+00:00,1162.5,1162.75,1162.25,1162.5,42
2026-04-17 08:30:00+00:00,1162.5,1163.0,1161.5,1161.75,794
2026-04-17 08:45:00+00:00,1161.75,1162.0,1161.75,1161.75,124
2026-04-17 09:00:00+00:00,1161.75,1161.75,1161.25,1161.5,102
2026-04-17 09:15:00+00:00,1161.5,1161.75,1160.25,1160.25,408
2026-04-17 09:30:00+00:00,1160.25,1160.25,1159.25,1159.5,2437
2026-04-17 09:45:00+00:00,1160.0,1160.25,1159.5,1159.75,170
2026-04-17 10:00:00+00:00,1159.75,1160.5,1159.75,1160.5,251
2026-04-17 10:15:00+00:00,1160.75,1160.75,1160.0,1160.5,415
2026-04-17 10:30:00+00:00,1160.5,1160.75,1160.5,1160.75,92
2026-04-17 10:45:00+00:00,1161.0,1161.25,1160.75,1160.75,63
2026-04-17 11:00:00+00:00,1160.75,1161.25,1160.5,1161.0,184
2026-04-17 11:15:00+00:00,1161.0,1161.25,1160.75,1161.0,191
2026-04-17 11:30:00+00:00,1160.75,1161.5,1160.75,1161.25,137
2026-04-17 11:45:00+00:00,1161.25,1161.25,1158.5,1159.25,570
2026-04-17 12:00:00+00:00,1159.25,1160.0,1159.25,1159.5,234
2026-04-17 12:15:00+00:00,1159.75,1159.75,1157.75,1158.5,503
2026-04-17 12:30:00+00:00,1158.5,1158.75,1157.75,1158.5,637
2026-04-17 13:30:00+00:00,1157.75,1158.0,1152.25,1153.0,17169
2026-04-17 13:45:00+00:00,1153.0,1156.5,1151.5,1155.75,6247
2026-04-17 14:00:00+00:00,1155.75,1158.5,1155.75,1157.5,2196
2026-04-17 14:15:00+00:00,1157.5,1158.5,1156.0,1158.0,2361
2026-04-17 14:30:00+00:00,1158.0,1159.75,1156.5,1159.75,17664
2026-04-17 14:45:00+00:00,1159.75,1160.75,1159.25,1160.5,4075
2026-04-17 15:00:00+00:00,1160.5,1162.0,1159.75,1161.5,2081
2026-04-17 15:15:00+00:00,1161.25,1163.25,1161.0,1162.75,3185
2026-04-17 15:30:00+00:00,1162.5,1163.25,1161.25,1162.25,2782
2026-04-17 15:45:00+00:00,1162.25,1162.75,1161.25,1162.25,1688
2026-04-17 16:00:00+00:00,1162.25,1162.5,1160.75,1161.75,2390
2026-04-17 16:15:00+00:00,1161.75,1162.25,1160.25,1161.5,703
2026-04-17 16:30:00+00:00,1161.5,1177.75,1160.5,1177.25,3903
2026-04-17 16:45:00+00:00,1177.25,1179.75,1176.75,1179.25,875
2026-04-17 17:00:00+00:00,1179.5,1182.75,1179.25,1182.0,2840
2026-04-17 17:15:00+00:00,1182.0,1183.5,1181.75,1182.75,3211
2026-04-17 17:30:00+00:00,1183.0,1183.25,1182.0,1182.5,1300
2026-04-17 17:45:00+00:00,1182.5,1183.0,1181.25,1181.5,1638
2026-04-17 18:00:00+00:00,1181.25,1183.25,1181.0,1183.0,5582
2026-04-17 18:15:00+00:00,1183.0,1183.0,1181.25,1183.0,4469
2026-04-20 00:00:00+00:00,1183.25,1187.25,1182.0,1183.0,1361
2026-04-20 00:15:00+00:00,1183.0,1183.0,1182.0,1182.5,108
2026-04-20 00:30:00+00:00,1182.5,1183.0,1182.25,1183.0,55
2026-04-20 00:45:00+00:00,1183.0,1183.0,1181.75,1181.75,203
2026-04-20 01:00:00+00:00,1181.5,1182.25,1180.75,1182.25,243
2026-04-20 01:15:00+00:00,1182.25,1183.25,1181.75,1182.75,149
2026-04-20 01:30:00+00:00,1182.5,1182.75,1180.0,1180.75,128
2026-04-20 01:45:00+00:00,1181.0,1181.75,1180.25,1180.75,84
2026-04-20 02:00:00+00:00,1181.0,1182.0,1180.75,1181.75,53
2026-04-20 02:15:00+00:00,1181.75,1182.5,1181.5,1182.0,119
2026-04-20 02:30:00+00:00,1182.0,1182.25,1181.25,1181.75,121
2026-04-20 02:45:00+00:00,1181.5,1182.0,1181.5,1182.0,25
2026-04-20 09:30:00+00:00,1167.25,1167.5,1166.5,1167.25,6154
2026-04-20 09:45:00+00:00,1167.25,1167.75,1166.75,1167.75,147
2026-04-20 10:00:00+00:00,1168.0,1168.0,1166.5,1167.25,455
2026-04-20 10:15:00+00:00,1167.25,1167.25,1166.5,1167.0,64
2026-04-20 10:30:00+00:00,1167.0,1168.25,1167.0,1168.0,92
2026-04-20 10:45:00+00:00,1168.0,1168.0,1167.25,1167.75,66
2026-04-20 11:00:00+00:00,1167.75,1167.75,1167.25,1167.25,142
2026-04-20 11:15:00+00:00,1167.5,1167.75,1167.25,1167.5,1084
2026-04-20 11:30:00+00:00,1167.75,1167.75,1165.5,1166.5,376
2026-04-20 11:45:00+00:00,1167.25,1167.25,1166.25,1166.25,134
2026-04-20 12:00:00+00:00,1166.5,1166.5,1165.0,1165.25,291
2026-04-20 12:15:00+00:00,1165.5,1165.5,1164.0,1164.5,245
2026-04-20 12:30:00+00:00,1164.25,1165.75,1164.25,1165.5,755
2026-04-20 13:30:00+00:00,1164.5,1165.5,1161.25,1164.0,7477
2026-04-20 13:45:00+00:00,1164.0,1165.0,1163.0,1163.5,2028
2026-04-20 14:00:00+00:00,1163.5,1163.5,1161.0,1161.25,5912
2026-04-20 14:15:00+00:00,1161.5,1164.25,1161.0,1163.75,3904
2026-04-20 14:30:00+00:00,1163.5,1164.75,1162.0,1163.75,1641
2026-04-20 14:45:00+00:00,1163.75,1166.0,1163.5,1164.25,3747
2026-04-20 15:00:00+00:00,1164.5,1166.25,1164.0,1165.0,2255
2026-04-20 15:15:00+00:00,1165.25,1165.75,1163.0,1165.0,1202
2026-04-20 15:30:00+00:00,1165.0,1182.5,1165.0,1181.75,3117
2026-04-20 15:45:00+00:00,1181.75,1182.75,1181.5,1182.25,759
2026-04-20 16:00:00+00:00,1182.5,1183.0,1181.5,1182.75,2468
2026-04-20 16:15:00+00:00,1183.0,1183.75,1183.0,1183.5,1905
2026-04-20 16:30:00+00:00,1183.75,1184.5,1183.0,1183.25,1337
2026-04-20 16:45:00+00:00,1183.25,1184.0,1183.25,1183.75,983
2026-04-20 17:00:00+00:00,1183.5,1184.0,1182.75,1183.75,1817
2026-04-20 17:15:00+00:00,1183.75,1184.25,1183.25,1183.5,1157
2026-04-20 17:30:00+00:00,1183.25,1183.5,1181.25,1181.75,1337
2026-04-20 17:45:00+00:00,1181.75,1183.0,1181.0,1182.75,1269
2026-04-20 18:00:00+00:00,1183.0,1183.0,1181.0,1182.0,3687
2026-04-20 18:15:00+00:00,1182.0,1182.25,1180.5,1180.75,1509
2026-04-21 00:00:00+00:00,1181.0,1183.25,1180.75,1182.5,94
2026-04-21 00:15:00+00:00,1182.5,1182.5,1181.25,1182.0,82
2026-04-21 00:30:00+00:00,1182.0,1182.5,1181.75,1182.25,22
2026-04-21 00:45:00+00:00,1181.75,1182.5,1181.5,1182.5,81
2026-04-21 01:00:00+00:00,1182.75,1184.25,1182.25,1184.0,368
2026-04-21 01:15:00+00:00,1184.0,1184.25,1183.75,1183.75,147
2026-04-21 01:30:00+00:00,1183.75,1185.0,1183.0,1183.25,853
2026-04-21 01:45:00+00:00,1183.25,1184.25,1183.25,1184.0,1507
2026-04-21 02:00:00+00:00,1184.25,1184.5,1184.25,1184.5,115
2026-04-21 02:15:00+00:00,1184.5,1184.5,1184.25,1184.5,43
2026-04-21 02:30:00+00:00,1184.5,1184.5,1184.0,1184.25,71
2026-04-21 02:45:00+00:00,1184.5,1184.75,1184.25,1184.5,111
2026-04-21 03:00:00+00:00,1184.5,1184.5,1184.25,1184.25,12
2026-04-21 03:15:00+00:00,1184.25,1184.25,1183.75,1183.75,61
2026-04-21 03:30:00+00:00,1183.75,1184.25,1183.75,1184.0,85
2026-04-21 03:45:00+00:00,1184.5,1184.5,1184.0,1184.5,14
2026-04-21 04:00:00+00:00,1184.5,1184.5,1184.25,1184.25,13
2026-04-21 04:15:00+00:00,1184.0,1184.0,1184.0,1184.0,16
2026-04-21 04:30:00+00:00,1184.0,1184.5,1184.0,1184.25,23
2026-04-21 04:45:00+00:00,1184.5,1184.5,1184.25,1184.25,66
2026-04-21 05:00:00+00:00,1184.25,1184.25,1184.25,1184.25,111
2026-04-21 05:15:00+00:00,1184.5,1184.75,1184.25,1184.25,51
2026-04-21 05:30:00+00:00,1184.25,1185.25,1184.25,1185.0,1299
2026-04-21 05:45:00+00:00,1185.25,1185.75,1185.0,1185.5,250
2026-04-21 06:00:00+00:00,1185.5,1188.0,1185.25,1188.0,2021
2026-04-21 06:15:00+00:00,1188.0,1188.0,1186.75,1187.75,212
2026-04-21 06:30:00+00:00,1181.75,1188.75,1181.75,1188.5,342
2026-04-21 06:45:00+00:00,1188.75,1188.75,1188.0,1188.25,268
2026-04-21 07:00:00+00:00,1188.5,1188.75,1188.0,1188.0,206
2026-04-21 07:15:00+00:00,1188.0,1188.5,1187.75,1188.25,134
2026-04-21 07:30:00+00:00,1188.25,1189.0,1187.25,1187.5,621
2026-04-21 07:45:00+00:00,1187.5,1188.75,1187.5,1188.25,200
2026-04-21 08:00:00+00:00,1188.25,1188.25,1188.0,1188.25,135
2026-04-21 08:15:00+00:00,1188.25,1188.5,1187.5,1187.75,607
2026-04-21 08:30:00+00:00,1188.0,1188.0,1187.5,1187.5,177
2026-04-21 08:45:00+00:00,1187.5,1188.0,1187.5,1188.0,39
2026-04-21 09:00:00+00:00,1188.25,1189.0,1187.75,1188.75,235
2026-04-21 09:15:00+00:00,1188.75,1189.5,1188.5,1188.5,261
2026-04-21 09:30:00+00:00,1188.5,1188.75,1188.25,1188.5,34
2026-04-21 09:45:00+00:00,1188.25,1188.5,1187.75,1188.0,135
2026-04-21 10:00:00+00:00,1188.0,1188.25,1187.0,1187.25,422
2026-04-21 10:15:00+00:00,1187.25,1187.5,1187.0,1187.25,146
2026-04-21 10:30:00+00:00,1187.25,1187.5,1187.0,1187.25,52
2026-04-21 10:45:00+00:00,1187.5,1187.5,1186.75,1187.0,127
2026-04-21 11:00:00+00:00,1187.25,1188.25,1187.25,1187.75,172
2026-04-21 11:15:00+00:00,1187.5,1188.0,1187.0,1187.25,135
2026-04-21 11:30:00+00:00,1187.25,1188.5,1187.25,1187.25,847
2026-04-21 11:45:00+00:00,1187.5,1187.5,1186.0,1186.25,292
2026-04-21 12:00:00+00:00,1186.5,1187.25,1186.5,1187.25,435
2026-04-21 12:15:00+00:00,1187.25,1187.5,1187.0,1187.25,212
2026-04-21 12:30:00+00:00,1187.0,1188.0,1186.75,1187.75,1252
2026-04-21 13:30:00+00:00,1188.0,1190.25,1186.5,1190.0,8752
2026-04-21 13:45:00+00:00,1190.0,1192.25,1189.0,1191.0,10982
2026-04-21 14:00:00+00:00,1191.0,1192.25,1190.0,1191.75,4775
2026-04-21 14:15:00+00:00,1191.75,1193.0,1191.75,1192.25,3982
2026-04-21 14:30:00+00:00,1192.25,1193.75,1191.0,1193.0,5536
2026-04-21 14:45:00+00:00,1193.0,1194.75,1192.5,1194.5,4798
2026-04-21 15:00:00+00:00,1194.5,1194.5,1192.0,1193.25,2215
2026-04-21 15:15:00+00:00,1193.25,1194.75,1192.75,1193.5,1693
2026-04-21 15:30:00+00:00,1193.75,1194.0,1192.0,1193.25,2173
2026-04-21 15:45:00+00:00,1193.5,1194.25,1192.5,1193.0,3050
2026-04-21 16:00:00+00:00,1193.0,1193.5,1191.25,1191.5,2436
2026-04-21 16:15:00+00:00,1191.5,1192.0,1190.5,1190.75,1469
2026-04-21 16:30:00+00:00,1190.5,1192.5,1190.0,1192.0,5359
2026-04-21 16:45:00+00:00,1192.0,1192.0,1190.5,1191.75,1359
2026-04-21 17:00:00+00:00,1191.5,1191.75,1190.0,1191.75,5021
2026-04-21 17:15:00+00:00,1191.5,1191.5,1190.0,1190.25,1464
2026-04-21 17:30:00+00:00,1190.0,1191.25,1189.5,1189.5,2412
2026-04-21 17:45:00+00:00,1189.75,1190.75,1189.0,1190.5,1891
2026-04-21 18:00:00+00:00,1190.5,1192.25,1189.75,1190.25,7572
2026-04-21 18:15:00+00:00,1190.25,1190.75,1189.5,1190.5,5063
2026-04-22 00:00:00+00:00,1191.5,1192.25,1189.0,1189.5,636
2026-04-22 00:15:00+00:00,1189.5,1190.25,1189.0,1190.25,552
2026-04-22 00:30:00+00:00,1190.25,1191.0,1189.75,1190.75,240
2026-04-22 00:45:00+00:00,1190.75,1192.0,1190.75,1192.0,141
2026-04-22 01:00:00+00:00,1192.0,1194.25,1191.5,1194.25,1266
2026-04-22 01:15:00+00:00,1194.25,1194.75,1193.75,1194.0,617
2026-04-22 01:30:00+00:00,1194.0,1195.0,1194.0,1194.75,459
2026-04-22 01:45:00+00:00,1194.75,1196.0,1194.75,1196.0,848
2026-04-22 02:00:00+00:00,1196.0,1196.25,1195.75,1196.25,862
2026-04-22 02:15:00+00:00,1196.25,1196.75,1196.0,1196.75,397
2026-04-22 02:30:00+00:00,1196.5,1198.0,1196.5,1197.75,2392
2026-04-22 02:45:00+00:00,1198.0,1198.0,1197.25,1197.5,268
2026-04-22 03:00:00+00:00,1197.75,1201.25,1197.25,1200.0,1873
2026-04-22 03:15:00+00:00,1200.25,1200.25,1199.25,1199.25,996
2026-04-22 03:30:00+00:00,1199.25,1199.25,1198.5,1199.25,292
2026-04-22 03:45:00+00:00,1199.25,1199.5,1199.0,1199.0,45
2026-04-22 04:00:00+00:00,1199.0,1199.0,1198.75,1199.0,55
2026-04-22 04:15:00+00:00,1199.0,1199.25,1198.75,1199.25,115
2026-04-22 04:30:00+00:00,1199.25,1199.5,1199.25,1199.5,54
2026-04-22 04:45:00+00:00,1199.25,1199.5,1199.25,1199.5,67
2026-04-22 05:00:00+00:00,1199.5,1199.5,1198.75,1198.75,38
2026-04-22 05:15:00+00:00,1198.75,1198.75,1197.25,1198.5,357
2026-04-22 05:30:00+00:00,1198.25,1198.25,1197.0,1197.75,124
2026-04-22 05:45:00+00:00,1197.5,1197.5,1196.25,1197.0,421
2026-04-22 06:00:00+00:00,1197.0,1197.5,1196.5,1197.5,214
2026-04-22 06:15:00+00:00,1197.5,1198.0,1196.75,1197.75,319
2026-04-22 06:30:00+00:00,1198.0,1198.5,1197.75,1198.25,208
2026-04-22 06:45:00+00:00,1198.25,1199.0,1198.0,1198.75,233
2026-04-22 07:00:00+00:00,1198.5,1200.0,1198.0,1199.75,1532
2026-04-22 07:15:00+00:00,1199.75,1200.0,1199.0,1199.5,1561
2026-04-22 07:30:00+00:00,1199.25,1199.75,1199.25,1199.5,89
2026-04-22 07:45:00+00:00,1199.5,1199.75,1199.0,1199.75,380
2026-04-22 08:00:00+00:00,1199.75,1199.75,1198.5,1199.25,4627
2026-04-22 08:15:00+00:00,1199.25,1200.5,1199.0,1200.5,1613
2026-04-22 08:30:00+00:00,1200.5,1200.75,1199.75,1200.0,459
2026-04-22 08:45:00+00:00,1200.0,1200.25,1199.25,1199.25,174
2026-04-22 09:00:00+00:00,1199.25,1199.25,1198.0,1198.5,792
2026-04-22 09:15:00+00:00,1198.75,1199.0,1198.25,1198.5,479
2026-04-22 09:30:00+00:00,1198.75,1199.0,1198.5,1198.75,804
2026-04-22 09:45:00+00:00,1198.5,1199.75,1198.5,1199.25,102
2026-04-22 10:00:00+00:00,1199.25,1199.5,1198.75,1199.5,79
2026-04-22 10:15:00+00:00,1199.25,1199.25,1198.25,1198.5,88
2026-04-22 10:30:00+00:00,1198.5,1199.0,1198.25,1198.5,441
2026-04-22 10:45:00+00:00,1198.75,1199.0,1198.0,1198.0,569
2026-04-22 11:00:00+00:00,1198.0,1198.0,1196.0,1197.25,608
2026-04-22 11:15:00+00:00,1197.5,1198.0,1197.0,1197.5,219
2026-04-22 11:30:00+00:00,1197.5,1197.5,1196.25,1196.25,235
2026-04-22 11:45:00+00:00,1196.25,1196.5,1195.5,1196.5,544
2026-04-22 12:00:00+00:00,1196.75,1197.25,1195.25,1195.5,503
2026-04-22 12:15:00+00:00,1195.5,1195.75,1193.25,1194.0,986
2026-04-22 12:30:00+00:00,1194.0,1194.25,1193.0,1193.5,965
2026-04-22 13:30:00+00:00,1193.5,1195.0,1191.25,1191.75,12414
2026-04-22 13:45:00+00:00,1191.75,1194.5,1191.5,1193.0,6106
2026-04-22 14:00:00+00:00,1193.0,1194.0,1192.25,1193.75,4286
2026-04-22 14:15:00+00:00,1194.0,1194.0,1192.0,1192.75,2173
2026-04-22 14:30:00+00:00,1192.75,1194.25,1191.25,1192.5,4400
2026-04-22 14:45:00+00:00,1192.5,1192.75,1190.25,1192.25,5477
2026-04-22 15:00:00+00:00,1192.5,1192.5,1187.25,1187.75,6875
2026-04-22 15:15:00+00:00,1187.75,1189.0,1186.5,1187.0,3531
2026-04-22 15:30:00+00:00,1187.25,1188.5,1186.75,1187.5,2987
2026-04-22 15:45:00+00:00,1187.5,1191.0,1186.0,1187.75,6951
2026-04-22 16:00:00+00:00,1187.5,1187.75,1185.75,1187.0,2575
2026-04-22 16:15:00+00:00,1187.0,1187.25,1186.0,1186.25,3391
2026-04-22 16:30:00+00:00,1186.25,1187.75,1186.25,1186.75,2792
2026-04-22 16:45:00+00:00,1187.0,1187.0,1185.0,1185.75,2623
2026-04-22 17:00:00+00:00,1185.75,1186.0,1182.75,1184.5,5053
2026-04-22 17:15:00+00:00,1184.5,1184.75,1183.25,1184.0,1556
2026-04-22 17:30:00+00:00,1183.75,1184.0,1181.5,1181.5,2770
2026-04-22 17:45:00+00:00,1181.75,1181.75,1180.25,1180.75,4838
2026-04-22 18:00:00+00:00,1180.75,1181.0,1178.0,1179.75,10756
2026-04-22 18:15:00+00:00,1180.0,1180.0,1178.5,1179.0,3838
2026-04-23 00:00:00+00:00,1180.25,1183.0,1179.0,1182.0,388
2026-04-23 00:15:00+00:00,1182.25,1183.75,1178.75,1180.0,1296
2026-04-23 00:30:00+00:00,1180.0,1180.5,1179.25,1179.5,219
2026-04-23 00:45:00+00:00,1179.75,1180.5,1179.25,1179.75,162
2026-04-23 01:00:00+00:00,1180.0,1182.75,1180.0,1181.75,1403
2026-04-23 01:15:00+00:00,1182.0,1182.0,1180.75,1181.75,256
2026-04-23 01:30:00+00:00,1181.75,1181.75,1180.5,1181.25,595
2026-04-23 01:45:00+00:00,1181.0,1181.5,1178.5,1178.75,400
2026-04-23 02:00:00+00:00,1178.75,1179.5,1178.25,1179.25,386
2026-04-23 02:15:00+00:00,1179.5,1179.75,1179.25,1179.75,30
2026-04-23 02:30:00+00:00,1179.5,1180.5,1179.5,1180.5,213
2026-04-23 02:45:00+00:00,1180.25,1181.25,1179.75,1181.25,324
2026-04-23 03:00:00+00:00,1181.0,1181.5,1180.25,1181.0,460
2026-04-23 03:15:00+00:00,1181.5,1181.5,1180.0,1180.25,56
2026-04-23 03:30:00+00:00,1180.75,1181.25,1180.25,1180.5,87
2026-04-23 03:45:00+00:00,1180.5,1180.75,1180.25,1180.75,12
2026-04-23 04:00:00+00:00,1180.5,1180.75,1180.5,1180.5,19
2026-04-23 04:15:00+00:00,1180.5,1180.75,1180.5,1180.75,23
2026-04-23 04:30:00+00:00,1180.75,1180.75,1180.5,1180.5,21
2026-04-23 04:45:00+00:00,1180.5,1180.75,1180.25,1180.5,18
2026-04-23 05:00:00+00:00,1180.25,1181.0,1180.25,1181.0,25
2026-04-23 05:15:00+00:00,1180.75,1181.0,1180.5,1180.5,18
2026-04-23 05:30:00+00:00,1180.5,1181.0,1180.25,1180.25,270
2026-04-23 05:45:00+00:00,1180.5,1181.0,1180.25,1180.75,63
2026-04-23 06:00:00+00:00,1180.75,1181.0,1179.25,1179.5,226
2026-04-23 06:15:00+00:00,1179.5,1180.25,1179.5,1180.0,219
2026-04-23 06:30:00+00:00,1180.0,1180.25,1179.5,1180.25,179
2026-04-23 06:45:00+00:00,1180.25,1180.5,1179.5,1180.25,425
2026-04-23 07:00:00+00:00,1180.25,1181.0,1179.5,1179.75,493
2026-04-23 07:15:00+00:00,1180.0,1180.0,1179.25,1179.75,370
2026-04-23 07:30:00+00:00,1179.5,1180.5,1179.5,1179.5,301
2026-04-23 07:45:00+00:00,1179.5,1180.25,1179.0,1179.75,290
2026-04-23 08:00:00+00:00,1179.75,1181.0,1179.5,1180.75,236
2026-04-23 08:15:00+00:00,1180.75,1181.25,1180.5,1180.5,279
2026-04-23 08:30:00+00:00,1180.75,1182.0,1180.75,1181.75,247
2026-04-23 08:45:00+00:00,1181.75,1182.0,1181.0,1181.0,1093
2026-04-23 09:00:00+00:00,1181.25,1181.25,1180.75,1181.25,123
2026-04-23 09:15:00+00:00,1181.0,1181.0,1180.25,1181.0,81
2026-04-23 09:30:00+00:00,1180.75,1181.75,1180.75,1181.75,59
2026-04-23 09:45:00+00:00,1182.0,1182.0,1181.5,1181.75,157
2026-04-23 10:00:00+00:00,1181.75,1181.75,1181.0,1181.25,57
2026-04-23 10:15:00+00:00,1181.0,1181.25,1180.5,1180.5,91
2026-04-23 10:30:00+00:00,1180.5,1181.25,1180.5,1180.75,90
2026-04-23 10:45:00+00:00,1180.75,1181.0,1179.5,1179.5,189
2026-04-23 11:00:00+00:00,1179.75,1180.5,1179.0,1180.25,302
2026-04-23 11:15:00+00:00,1180.25,1181.0,1179.5,1180.75,218
2026-04-23 11:30:00+00:00,1180.75,1181.0,1178.75,1178.75,263
2026-04-23 11:45:00+00:00,1179.0,1179.0,1176.5,1177.25,832
2026-04-23 12:00:00+00:00,1177.0,1177.75,1176.25,1177.75,673
2026-04-23 12:15:00+00:00,1178.0,1178.25,1177.0,1177.0,746
2026-04-23 12:30:00+00:00,1177.25,1177.5,1176.25,1177.25,1096
2026-04-23 13:30:00+00:00,1177.0,1180.25,1174.5,1178.25,14331
2026-04-23 13:45:00+00:00,1178.5,1178.5,1176.25,1177.25,6416
2026-04-23 14:00:00+00:00,1177.25,1177.75,1175.0,1176.25,10967
2026-04-23 14:15:00+00:00,1176.5,1176.75,1175.25,1176.0,3566
2026-04-23 14:30:00+00:00,1176.0,1179.0,1175.5,1177.5,3283
2026-04-23 14:45:00+00:00,1177.5,1177.75,1174.5,1174.75,4905
2026-04-23 15:00:00+00:00,1174.75,1176.5,1174.0,1176.5,3122
2026-04-23 15:15:00+00:00,1176.5,1176.75,1175.75,1176.0,3803
2026-04-23 15:30:00+00:00,1176.0,1177.75,1175.75,1177.5,7738
2026-04-23 15:45:00+00:00,1177.5,1178.25,1175.0,1176.0,4218
2026-04-23 16:00:00+00:00,1176.0,1176.0,1173.5,1174.25,3985
2026-04-23 16:15:00+00:00,1174.25,1175.0,1173.25,1173.75,2453
2026-04-23 16:30:00+00:00,1173.75,1174.5,1172.75,1173.75,2169
2026-04-23 16:45:00+00:00,1173.75,1174.25,1173.0,1174.25,4290
2026-04-23 17:00:00+00:00,1174.0,1175.25,1173.25,1173.5,2156
2026-04-23 17:15:00+00:00,1173.5,1174.25,1173.25,1173.75,2997
2026-04-23 17:30:00+00:00,1174.0,1175.5,1173.75,1174.75,5178
2026-04-23 17:45:00+00:00,1174.75,1175.5,1173.0,1174.0,4466
2026-04-23 18:00:00+00:00,1174.0,1175.5,1172.5,1175.5,7439
2026-04-23 18:15:00+00:00,1175.5,1176.25,1174.5,1174.75,5331
2026-04-24 00:00:00+00:00,1175.0,1176.0,1173.0,1174.75,237
2026-04-24 00:15:00+00:00,1174.5,1174.5,1174.0,1174.5,84
2026-04-24 00:30:00+00:00,1174.5,1175.25,1174.25,1175.0,1551
2026-04-24 00:45:00+00:00,1175.0,1175.5,1175.0,1175.0,99
2026-04-24 01:00:00+00:00,1175.25,1176.5,1174.5,1174.5,609
2026-04-24 01:15:00+00:00,1174.75,1175.25,1174.25,1174.75,142
2026-04-24 01:30:00+00:00,1174.75,1174.75,1173.25,1173.5,169
2026-04-24 01:45:00+00:00,1173.5,1174.5,1172.5,1173.0,270
2026-04-24 02:00:00+00:00,1173.0,1174.0,1172.75,1173.75,1496
2026-04-24 02:15:00+00:00,1173.5,1173.75,1173.0,1173.25,79
2026-04-24 02:30:00+00:00,1173.25,1173.25,1172.75,1172.75,126
2026-04-24 02:45:00+00:00,1172.75,1172.75,1171.25,1171.5,569
2026-04-24 03:00:00+00:00,1171.5,1172.75,1171.5,1172.75,1124
2026-04-24 03:15:00+00:00,1172.5,1172.75,1171.5,1172.0,751
2026-04-24 03:30:00+00:00,1171.75,1172.5,1171.75,1172.5,175
2026-04-24 03:45:00+00:00,1172.5,1173.25,1172.5,1172.75,167
2026-04-24 04:00:00+00:00,1173.25,1173.75,1173.0,1173.25,125
2026-04-24 04:15:00+00:00,1173.25,1173.25,1173.0,1173.25,106
2026-04-24 04:30:00+00:00,1173.25,1173.25,1173.25,1173.25,32
2026-04-24 04:45:00+00:00,1173.0,1173.25,1173.0,1173.0,117
2026-04-24 05:00:00+00:00,1173.25,1173.75,1173.0,1173.25,316
2026-04-24 05:15:00+00:00,1173.5,1173.75,1173.5,1173.5,89
2026-04-24 05:30:00+00:00,1173.75,1174.75,1173.75,1174.25,371
2026-04-24 05:45:00+00:00,1174.5,1175.0,1174.25,1174.25,620
2026-04-24 06:00:00+00:00,1174.5,1176.5,1174.25,1174.75,1661
2026-04-24 06:15:00+00:00,1174.5,1174.75,1172.75,1173.75,1129
2026-04-24 06:30:00+00:00,1174.0,1175.0,1173.75,1174.75,1991
2026-04-24 06:45:00+00:00,1174.75,1175.0,1174.25,1174.25,141
2026-04-24 07:00:00+00:00,1174.5,1175.25,1174.0,1175.0,628
2026-04-24 07:15:00+00:00,1174.75,1175.0,1174.5,1174.75,227
2026-04-24 07:30:00+00:00,1174.75,1176.5,1174.75,1176.0,546
2026-04-24 07:45:00+00:00,1176.0,1177.0,1176.0,1176.5,319
2026-04-24 08:00:00+00:00,1176.5,1177.5,1176.5,1177.25,311
2026-04-24 08:15:00+00:00,1177.0,1177.75,1177.0,1177.75,435
2026-04-24 08:30:00+00:00,1177.75,1178.25,1177.5,1177.75,275
2026-04-24 08:45:00+00:00,1178.0,1178.0,1176.75,1177.0,633
2026-04-24 09:00:00+00:00,1176.75,1177.5,1176.75,1176.75,190
2026-04-24 09:15:00+00:00,1177.0,1177.75,1177.0,1177.75,651
2026-04-24 09:30:00+00:00,1177.75,1178.25,1177.25,1178.0,316
2026-04-24 09:45:00+00:00,1177.75,1178.0,1177.25,1177.75,95
2026-04-24 10:00:00+00:00,1177.75,1178.0,1177.75,1178.0,128
2026-04-24 10:15:00+00:00,1178.0,1178.25,1177.0,1177.5,94
2026-04-24 10:30:00+00:00,1177.5,1177.75,1177.25,1177.5,52
2026-04-24 10:45:00+00:00,1177.5,1177.75,1177.25,1177.75,86
2026-04-24 11:00:00+00:00,1177.5,1177.5,1175.25,1176.25,753
2026-04-24 11:15:00+00:00,1176.25,1176.5,1174.25,1174.5,833
2026-04-24 11:30:00+00:00,1174.25,1176.75,1174.25,1175.25,1180
2026-04-24 11:45:00+00:00,1175.5,1175.5,1174.75,1175.5,267
2026-04-24 12:00:00+00:00,1175.25,1176.5,1175.25,1175.75,1130
2026-04-24 12:15:00+00:00,1175.75,1176.25,1175.25,1175.25,228
2026-04-24 12:30:00+00:00,1175.25,1176.0,1174.75,1175.25,1505
2026-04-24 13:30:00+00:00,1174.75,1176.25,1173.25,1175.25,8832
2026-04-24 13:45:00+00:00,1175.25,1176.0,1174.0,1174.5,2797
2026-04-24 14:00:00+00:00,1174.25,1176.25,1173.75,1174.0,6045
2026-04-24 14:15:00+00:00,1174.25,1175.0,1174.0,1174.0,5209
2026-04-24 14:30:00+00:00,1174.25,1174.25,1172.0,1172.25,3940
2026-04-24 14:45:00+00:00,1172.5,1173.5,1172.0,1172.75,1583
2026-04-24 15:00:00+00:00,1173.0,1174.25,1173.0,1174.0,2100
2026-04-24 15:15:00+00:00,1173.75,1174.25,1172.25,1172.5,1672
2026-04-24 15:30:00+00:00,1172.5,1174.0,1172.0,1172.5,2276
2026-04-24 15:45:00+00:00,1172.5,1174.25,1172.25,1173.75,2165
2026-04-24 16:00:00+00:00,1173.75,1175.0,1173.25,1175.0,1366
2026-04-24 16:15:00+00:00,1174.75,1176.5,1174.0,1176.0,2205
2026-04-24 16:30:00+00:00,1176.25,1178.0,1175.5,1177.0,2031
2026-04-24 16:45:00+00:00,1177.0,1177.75,1176.5,1177.5,1641
2026-04-24 17:00:00+00:00,1177.5,1178.75,1176.25,1178.5,2798
2026-04-24 17:15:00+00:00,1178.25,1178.75,1177.25,1177.75,2011
2026-04-24 17:30:00+00:00,1178.0,1178.25,1176.0,1178.0,2942
2026-04-24 17:45:00+00:00,1178.0,1178.25,1176.25,1178.25,5725
2026-04-24 18:00:00+00:00,1178.25,1179.25,1177.5,1178.5,6403
2026-04-24 18:15:00+00:00,1178.25,1178.75,1176.75,1178.5,2506
