datetime,open,high,low,close,volume
2026-02-13 05:00:00+00:00,1137.25,1137.25,1137.0,1137.0,0
2026-02-13 05:05:00+00:00,1137.0,1137.0,1136.75,1137.0,17
2026-02-13 05:10:00+00:00,1137.0,1137.0,1136.75,1136.75,11
2026-02-13 05:15:00+00:00,1136.75,1136.75,1136.5,1136.75,58
2026-02-13 05:20:00+00:00,1136.75,1136.75,1136.5,1136.5,59
2026-02-13 05:25:00+00:00,1136.5,1136.5,1135.5,1135.5,214
2026-02-13 05:30:00+00:00,1135.75,1136.0,1134.5,1134.75,442
2026-02-13 05:35:00+00:00,1135.0,1135.25,1134.75,1134.75,254
2026-02-13 05:40:00+00:00,1134.75,1135.25,1134.5,1135.0,2025
2026-02-13 05:45:00+00:00,1134.75,1135.5,1134.75,1135.5,23
2026-02-13 05:50:00+00:00,1135.5,1135.75,1135.5,1135.5,21
2026-02-13 05:55:00+00:00,1135.75,1135.75,1135.75,1135.75,8
2026-02-13 06:00:00+00:00,1135.75,1135.75,1135.5,1135.75,73
2026-02-13 06:05:00+00:00,1135.75,1136.0,1135.5,1135.75,39
2026-02-13 06:10:00+00:00,1135.5,1135.5,1135.5,1135.5,88
2026-02-13 06:15:00+00:00,1135.5,1136.0,1135.5,1136.0,10
2026-02-13 06:20:00+00:00,1136.0,1136.0,1135.75,1135.75,93
2026-02-13 06:25:00+00:00,1135.75,1135.75,1135.25,1135.25,13
2026-02-13 06:30:00+00:00,1135.25,1135.25,1135.0,1135.0,6
2026-02-13 06:35:00+00:00,1135.0,1135.0,1134.25,1134.5,53
2026-02-13 06:40:00+00:00,1134.5,1134.75,1134.25,1134.25,38
2026-02-13 06:45:00+00:00,1134.5,1135.0,1134.0,1134.75,141
2026-02-13 06:50:00+00:00,1134.75,1136.25,1134.5,1136.25,277
2026-02-13 06:55:00+00:00,1136.5,1136.75,1134.5,1134.75,280
2026-02-13 07:00:00+00:00,1134.5,1134.5,1134.25,1134.25,49
2026-02-13 07:05:00+00:00,1134.25,1134.25,1133.5,1133.5,101
2026-02-13 07:10:00+00:00,1133.75,1133.75,1133.25,1133.25,78
2026-02-13 07:15:00+00:00,1133.25,1133.25,1131.5,1132.25,438
2026-02-13 07:20:00+00:00,1132.5,1132.75,1132.25,1132.5,847
2026-02-13 07:25:00+00:00,1132.5,1132.75,1132.5,1132.5,68
2026-02-13 07:30:00+00:00,1132.25,1132.75,1132.25,1132.5,37
2026-02-13 07:35:00+00:00,1132.5,1132.5,1132.25,1132.25,30
2026-02-13 07:40:00+00:00,1132.25,1132.75,1132.25,1132.75,84
2026-02-13 07:45:00+00:00,1132.75,1132.75,1132.75,1132.75,3
2026-02-13 07:50:00+00:00,1133.0,1133.5,1132.75,1133.0,122
2026-02-13 07:55:00+00:00,1133.0,1133.0,1132.5,1132.5,28
2026-02-13 08:00:00+00:00,1132.75,1133.75,1132.75,1133.5,93
2026-02-13 08:05:00+00:00,1133.75,1134.0,1133.75,1134.0,21
2026-02-13 08:10:00+00:00,1134.0,1134.0,1133.0,1133.5,205
2026-02-13 08:15:00+00:00,1133.25,1133.25,1132.5,1133.0,92
2026-02-13 08:20:00+00:00,1133.0,1133.25,1133.0,1133.25,39
2026-02-13 08:25:00+00:00,1133.5,1133.5,1133.5,1133.5,8
2026-02-13 08:30:00+00:00,1133.5,1133.5,1133.0,1133.25,31
2026-02-13 08:35:00+00:00,1133.25,1133.5,1133.0,1133.25,61
2026-02-13 08:40:00+00:00,1133.5,1133.5,1133.25,1133.25,15
2026-02-13 08:45:00+00:00,1133.5,1134.5,1133.5,1134.0,111
2026-02-13 08:50:00+00:00,1134.0,1134.5,1134.0,1134.25,16
2026-02-13 08:55:00+00:00,1134.25,1134.5,1133.25,1133.5,633
2026-02-13 09:00:00+00:00,1133.5,1133.5,1131.75,1132.0,262
2026-02-13 09:05:00+00:00,1132.25,1132.5,1131.0,1131.25,281
2026-02-13 09:10:00+00:00,1131.5,1132.25,1131.5,1132.0,74
2026-02-13 09:15:00+00:00,1132.0,1132.25,1132.0,1132.25,13
2026-02-13 09:20:00+00:00,1132.25,1133.0,1132.25,1133.0,46
2026-02-13 09:25:00+00:00,1133.25,1134.0,1133.0,1133.5,102
2026-02-13 09:30:00+00:00,1133.25,1133.5,1133.25,1133.5,81
2026-02-13 09:35:00+00:00,1133.5,1135.0,1133.25,1134.75,457
2026-02-13 09:40:00+00:00,1134.75,1135.25,1134.75,1135.25,59
2026-02-13 09:45:00+00:00,1135.25,1135.25,1134.75,1134.75,28
2026-02-13 09:50:00+00:00,1134.5,1134.5,1134.25,1134.5,51
2026-02-13 09:55:00+00:00,1134.25,1134.25,1133.25,1133.5,52
2026-02-13 10:00:00+00:00,1133.5,1133.75,1133.5,1133.75,131
2026-02-13 10:05:00+00:00,1133.75,1133.75,1133.75,1133.75,12
2026-02-13 10:10:00+00:00,1134.0,1134.0,1133.5,1133.5,54
2026-02-13 10:15:00+00:00,1133.75,1133.75,1133.25,1133.5,87
2026-02-13 10:20:00+00:00,1133.5,1133.5,1133.5,1133.5,3
2026-02-13 10:25:00+00:00,1133.25,1133.5,1133.25,1133.5,53
2026-02-13 10:30:00+00:00,1133.5,1133.75,1133.25,1133.5,134
2026-02-13 10:35:00+00:00,1133.25,1133.5,1133.0,1133.0,27
2026-02-13 10:40:00+00:00,1133.0,1133.0,1132.25,1132.75,25
2026-02-13 10:45:00+00:00,1132.75,1132.75,1132.5,1132.75,19
2026-02-13 10:50:00+00:00,1132.75,1133.0,1132.5,1132.75,43
2026-02-13 10:55:00+00:00,1132.75,1133.5,1132.75,1133.5,52
2026-02-13 11:00:00+00:00,1133.5,1133.5,1132.25,1132.5,64
2026-02-13 11:05:00+00:00,1132.5,1132.5,1132.0,1132.25,48
2026-02-13 11:10:00+00:00,1132.25,1132.75,1132.0,1132.5,71
2026-02-13 11:15:00+00:00,1132.75,1133.0,1132.75,1133.0,21
2026-02-13 11:20:00+00:00,1133.0,1133.25,1133.0,1133.25,13
2026-02-13 11:25:00+00:00,1133.25,1133.5,1133.0,1133.5,237
2026-02-13 11:30:00+00:00,1133.5,1133.5,1132.75,1133.0,20
2026-02-13 11:35:00+00:00,1132.75,1132.75,1132.75,1132.75,8
2026-02-13 11:40:00+00:00,1133.0,1133.25,1132.25,1132.25,39
2026-02-13 11:45:00+00:00,1132.25,1132.5,1131.5,1131.75,103
2026-02-13 11:50:00+00:00,1131.5,1132.0,1130.0,1131.0,558
2026-02-13 11:55:00+00:00,1131.0,1131.5,1130.75,1131.5,143
2026-02-13 12:00:00+00:00,1131.5,1132.0,1131.25,1131.75,74
2026-02-13 12:05:00+00:00,1132.0,1132.75,1131.75,1132.75,43
2026-02-13 12:10:00+00:00,1132.5,1133.25,1132.5,1133.0,53
2026-02-13 12:15:00+00:00,1133.25,1133.25,1132.5,1132.75,175
2026-02-13 12:20:00+00:00,1132.75,1133.25,1132.5,1132.5,103
2026-02-13 12:25:00+00:00,1132.25,1132.25,1131.75,1132.25,1499
2026-02-13 12:30:00+00:00,1132.25,1132.5,1132.25,1132.5,30
2026-02-13 12:35:00+00:00,1132.25,1132.5,1132.25,1132.25,54
2026-02-13 12:40:00+00:00,1132.25,1132.75,1132.25,1132.5,36
2026-02-13 12:45:00+00:00,1132.25,1132.25,1131.25,1131.75,141
2026-02-13 12:50:00+00:00,1131.5,1131.5,1130.75,1130.75,61
2026-02-13 12:55:00+00:00,1131.0,1131.0,1128.25,1129.25,1366
2026-02-13 13:00:00+00:00,1129.25,1129.5,1127.5,1128.25,634
2026-02-13 13:05:00+00:00,1128.0,1129.25,1128.0,1128.75,399
2026-02-13 13:10:00+00:00,1128.75,1128.75,1128.5,1128.75,62
2026-02-13 13:15:00+00:00,1128.5,1128.5,1127.0,1128.0,1001
2026-02-13 13:20:00+00:00,1128.0,1129.0,1127.5,1128.75,556
2026-02-13 13:25:00+00:00,1128.75,1130.25,1128.5,1130.0,437
2026-02-13 13:30:00+00:00,1130.25,1131.75,1130.0,1130.25,361
2026-02-13 13:35:00+00:00,1130.5,1130.5,1129.75,1129.75,680
2026-02-13 13:40:00+00:00,1130.0,1130.75,1129.5,1129.75,114
2026-02-13 14:30:00+00:00,1128.75,1132.5,1128.5,1129.75,7122
2026-02-13 14:35:00+00:00,1129.75,1130.75,1129.0,1129.5,1839
2026-02-13 14:40:00+00:00,1129.25,1130.5,1128.25,1130.5,3313
2026-02-13 14:45:00+00:00,1130.5,1130.75,1128.25,1129.0,890
2026-02-13 14:50:00+00:00,1129.0,1129.0,1127.75,1127.75,964
2026-02-13 14:55:00+00:00,1127.75,1128.5,1126.5,1127.25,1294
2026-02-13 15:00:00+00:00,1127.5,1128.0,1126.25,1126.75,1357
2026-02-13 15:05:00+00:00,1126.5,1126.75,1122.0,1126.5,8422
2026-02-13 15:10:00+00:00,1126.5,1127.75,1125.25,1126.25,1913
2026-02-13 15:15:00+00:00,1126.25,1127.0,1126.0,1126.5,1118
2026-02-13 15:20:00+00:00,1126.75,1129.0,1126.5,1127.75,1374
2026-02-13 15:25:00+00:00,1127.75,1128.0,1126.5,1126.75,692
2026-02-13 15:30:00+00:00,1126.5,1129.25,1126.25,1128.75,1762
2026-02-13 15:35:00+00:00,1128.5,1131.25,1127.75,1130.0,6586
2026-02-13 15:40:00+00:00,1130.0,1130.25,1127.75,1128.0,1337
2026-02-13 15:45:00+00:00,1128.0,1128.0,1126.75,1126.75,608
2026-02-13 15:50:00+00:00,1126.75,1127.5,1125.5,1126.5,1377
2026-02-13 15:55:00+00:00,1126.75,1127.75,1126.75,1127.5,7353
2026-02-13 16:00:00+00:00,1127.5,1128.5,1126.75,1128.25,2973
2026-02-13 16:05:00+00:00,1128.5,1128.75,1127.75,1128.75,564
2026-02-13 16:10:00+00:00,1128.75,1130.0,1128.5,1129.5,3117
2026-02-13 16:15:00+00:00,1129.5,1131.0,1129.0,1130.0,1392
2026-02-13 16:20:00+00:00,1129.75,1130.0,1129.0,1129.75,550
2026-02-13 16:25:00+00:00,1129.5,1131.0,1129.25,1130.5,1083
2026-02-13 16:30:00+00:00,1130.75,1131.0,1129.75,1129.75,607
2026-02-13 16:35:00+00:00,1130.0,1130.0,1129.25,1129.5,431
2026-02-13 16:40:00+00:00,1129.5,1129.75,1129.0,1129.5,676
2026-02-13 16:45:00+00:00,1129.5,1130.5,1129.25,1129.5,744
2026-02-13 16:50:00+00:00,1129.75,1130.5,1129.25,1130.5,1796
2026-02-13 16:55:00+00:00,1130.5,1131.75,1130.0,1131.25,687
2026-02-13 17:00:00+00:00,1131.25,1132.0,1130.5,1131.0,616
2026-02-13 17:05:00+00:00,1131.0,1131.5,1130.75,1131.0,405
2026-02-13 17:10:00+00:00,1131.0,1131.0,1130.5,1130.75,343
2026-02-13 17:15:00+00:00,1131.0,1131.25,1130.5,1130.75,927
2026-02-13 17:20:00+00:00,1130.75,1131.0,1130.25,1130.5,533
2026-02-13 17:25:00+00:00,1130.5,1131.25,1130.5,1131.0,276
2026-02-13 17:30:00+00:00,1131.25,1131.25,1129.5,1130.25,814
2026-02-13 17:35:00+00:00,1130.5,1131.0,1130.0,1131.0,352
2026-02-13 17:40:00+00:00,1130.75,1131.25,1130.75,1131.0,370
2026-02-13 17:45:00+00:00,1131.0,1132.75,1131.0,1131.75,761
2026-02-13 17:50:00+00:00,1131.75,1132.5,1131.5,1132.0,570
2026-02-13 17:55:00+00:00,1132.25,1133.0,1132.0,1133.0,607
2026-02-13 18:00:00+00:00,1133.25,1133.5,1132.75,1133.25,565
2026-02-13 18:05:00+00:00,1133.25,1134.25,1133.0,1134.0,800
2026-02-13 18:10:00+00:00,1134.0,1134.25,1133.25,1133.25,2648
2026-02-13 18:15:00+00:00,1133.25,1133.75,1132.75,1133.0,9985
2026-02-13 18:20:00+00:00,1133.0,1133.75,1132.75,1133.25,874
2026-02-13 18:25:00+00:00,1133.25,1134.0,1133.0,1133.5,1025
2026-02-13 18:30:00+00:00,1133.5,1135.5,1133.5,1135.25,856
2026-02-13 18:35:00+00:00,1135.25,1135.5,1134.25,1134.5,471
2026-02-13 18:40:00+00:00,1134.5,1134.75,1133.5,1134.0,1081
2026-02-13 18:45:00+00:00,1134.0,1134.75,1134.0,1134.75,941
2026-02-13 18:50:00+00:00,1134.75,1135.25,1134.25,1135.25,651
2026-02-13 18:55:00+00:00,1135.5,1135.75,1135.25,1135.5,1770
2026-02-13 19:00:00+00:00,1135.5,1135.75,1133.75,1133.75,1506
2026-02-13 19:05:00+00:00,1133.75,1133.75,1132.0,1132.5,1276
2026-02-13 19:10:00+00:00,1132.25,1133.5,1132.0,1133.0,8289
2026-02-13 19:15:00+00:00,1133.25,1134.75,1132.75,1134.75,2866
2026-02-17 05:30:00+00:00,1118.75,1118.75,1118.75,1118.75,2
2026-02-17 06:45:00+00:00,1119.5,1119.5,1119.5,1119.5,1
2026-02-17 08:00:00+00:00,1121.0,1121.0,1121.0,1121.0,1
2026-02-17 08:30:00+00:00,1144.75,1145.25,1144.75,1145.0,7298
2026-02-17 08:35:00+00:00,1145.0,1145.0,1144.75,1144.75,8
2026-02-17 08:40:00+00:00,1144.5,1145.25,1144.25,1145.0,51
2026-02-17 08:45:00+00:00,1145.0,1145.0,1145.0,1145.0,40
2026-02-17 08:50:00+00:00,1145.25,1145.25,1144.25,1144.5,22
2026-02-17 08:55:00+00:00,1144.5,1145.0,1144.5,1144.75,123
2026-02-17 09:00:00+00:00,1144.5,1145.0,1144.5,1144.75,48
2026-02-17 09:05:00+00:00,1144.5,1144.75,1144.5,1144.75,2
2026-02-17 09:10:00+00:00,1144.75,1144.75,1143.5,1143.75,126
2026-02-17 09:15:00+00:00,1143.75,1144.0,1143.75,1143.75,12
2026-02-17 09:20:00+00:00,1143.75,1144.0,1143.75,1144.0,4
2026-02-17 09:25:00+00:00,1144.5,1144.5,1144.25,1144.25,6
2026-02-17 09:30:00+00:00,1144.0,1144.75,1144.0,1144.75,9
2026-02-17 09:35:00+00:00,1144.5,1144.75,1144.0,1144.25,21
2026-02-17 09:40:00+00:00,1144.0,1144.0,1143.5,1144.0,55
2026-02-17 09:45:00+00:00,1144.25,1144.75,1144.0,1144.75,148
2026-02-17 09:50:00+00:00,1144.75,1146.5,1144.5,1146.5,1543
2026-02-17 09:55:00+00:00,1146.75,1146.75,1145.75,1146.0,31
2026-02-17 10:00:00+00:00,1146.5,1147.25,1146.5,1147.25,59
2026-02-17 10:05:00+00:00,1147.0,1147.5,1146.75,1147.25,233
2026-02-17 10:10:00+00:00,1147.25,1147.5,1147.25,1147.25,114
2026-02-17 10:15:00+00:00,1147.25,1147.5,1147.0,1147.25,130
2026-02-17 10:20:00+00:00,1147.5,1147.5,1147.25,1147.5,18
2026-02-17 10:25:00+00:00,1147.25,1147.25,1146.5,1147.0,34
2026-02-17 10:30:00+00:00,1146.75,1146.75,1146.25,1146.75,44
2026-02-17 10:35:00+00:00,1146.5,1146.75,1146.5,1146.75,29
2026-02-17 10:40:00+00:00,1147.0,1147.25,1146.75,1146.75,21
2026-02-17 10:45:00+00:00,1146.75,1146.75,1146.75,1146.75,2
2026-02-17 10:50:00+00:00,1146.75,1146.75,1146.5,1146.75,12
2026-02-17 10:55:00+00:00,1147.0,1147.25,1147.0,1147.25,20
2026-02-17 11:00:00+00:00,1147.25,1147.25,1146.75,1146.75,17
2026-02-17 11:05:00+00:00,1147.0,1147.75,1147.0,1147.25,24
2026-02-17 11:10:00+00:00,1147.25,1147.25,1147.25,1147.25,41
2026-02-17 11:15:00+00:00,1147.5,1147.5,1147.25,1147.25,3
2026-02-17 11:20:00+00:00,1147.5,1147.75,1147.25,1147.25,11
2026-02-17 11:25:00+00:00,1147.25,1147.75,1147.25,1147.75,12
2026-02-17 11:30:00+00:00,1147.75,1148.0,1147.5,1147.5,47
2026-02-17 11:35:00+00:00,1147.75,1147.75,1147.25,1147.5,23
2026-02-17 11:40:00+00:00,1147.75,1147.75,1147.25,1147.25,23
2026-02-17 11:45:00+00:00,1147.25,1148.5,1147.25,1148.0,340
2026-02-17 11:50:00+00:00,1148.0,1148.0,1147.75,1148.0,16
2026-02-17 11:55:00+00:00,1148.0,1148.0,1147.25,1147.75,42
2026-02-17 12:00:00+00:00,1147.5,1147.5,1146.75,1147.0,20
2026-02-17 12:05:00+00:00,1147.0,1147.25,1146.25,1147.25,125
2026-02-17 12:10:00+00:00,1147.0,1147.25,1146.75,1146.75,34
2026-02-17 12:15:00+00:00,1147.0,1147.5,1147.0,1147.25,119
2026-02-17 12:20:00+00:00,1147.0,1147.5,1147.0,1147.5,21
2026-02-17 12:25:00+00:00,1147.75,1148.0,1147.5,1147.75,23
2026-02-17 12:30:00+00:00,1147.5,1147.75,1147.25,1147.75,31
2026-02-17 12:35:00+00:00,1148.0,1148.0,1147.5,1147.75,12
2026-02-17 12:40:00+00:00,1148.0,1148.25,1147.75,1148.0,24
2026-02-17 12:45:00+00:00,1148.0,1148.0,1147.5,1147.5,12
2026-02-17 12:50:00+00:00,1147.5,1147.5,1146.25,1146.25,96
2026-02-17 12:55:00+00:00,1146.25,1146.25,1145.0,1146.0,812
2026-02-17 13:00:00+00:00,1145.75,1145.75,1145.0,1145.5,323
2026-02-17 13:05:00+00:00,1145.5,1146.0,1145.25,1145.75,53
2026-02-17 13:10:00+00:00,1145.75,1146.0,1144.5,1144.75,97
2026-02-17 13:15:00+00:00,1145.25,1145.5,1144.5,1144.5,171
2026-02-17 13:20:00+00:00,1144.5,1145.25,1144.0,1145.0,277
2026-02-17 13:25:00+00:00,1145.25,1145.75,1145.0,1145.75,631
2026-02-17 13:30:00+00:00,1145.5,1145.75,1145.0,1145.25,176
2026-02-17 13:35:00+00:00,1145.25,1145.75,1144.75,1145.25,304
2026-02-17 13:40:00+00:00,1145.25,1145.75,1145.0,1145.25,99
2026-02-17 14:30:00+00:00,1145.0,1146.75,1144.0,1144.25,4108
2026-02-17 14:35:00+00:00,1144.25,1145.75,1142.75,1145.5,5116
2026-02-17 14:40:00+00:00,1145.5,1148.75,1145.5,1147.25,2745
2026-02-17 14:45:00+00:00,1147.5,1148.0,1146.25,1147.5,1569
2026-02-17 14:50:00+00:00,1147.5,1148.0,1145.5,1146.0,1076
2026-02-17 14:55:00+00:00,1145.75,1151.75,1145.75,1151.0,3983
2026-02-17 15:00:00+00:00,1150.75,1151.75,1148.25,1148.75,1322
2026-02-17 15:05:00+00:00,1148.75,1149.25,1148.0,1148.25,2644
2026-02-17 15:10:00+00:00,1148.25,1149.5,1147.75,1148.0,2161
2026-02-17 15:15:00+00:00,1148.0,1149.5,1147.75,1148.25,2060
2026-02-17 15:20:00+00:00,1148.5,1148.5,1146.5,1147.0,1359
2026-02-17 15:25:00+00:00,1147.25,1148.25,1146.5,1148.25,966
2026-02-17 15:30:00+00:00,1148.25,1150.25,1148.0,1149.75,1530
2026-02-17 15:35:00+00:00,1149.75,1151.25,1149.25,1151.25,2474
2026-02-17 15:40:00+00:00,1151.5,1151.5,1149.0,1149.0,903
2026-02-17 15:45:00+00:00,1149.0,1149.25,1147.75,1148.0,829
2026-02-17 15:50:00+00:00,1148.0,1149.0,1146.75,1148.75,624
2026-02-17 15:55:00+00:00,1148.75,1149.25,1148.5,1148.5,6234
2026-02-17 16:00:00+00:00,1149.0,1149.5,1148.75,1148.75,1311
2026-02-17 16:05:00+00:00,1148.75,1151.0,1148.75,1151.0,1400
2026-02-17 16:10:00+00:00,1151.0,1151.0,1150.25,1150.5,4930
2026-02-17 16:15:00+00:00,1151.0,1152.5,1150.75,1151.75,1181
2026-02-17 16:20:00+00:00,1151.75,1151.75,1150.5,1151.5,639
2026-02-17 16:25:00+00:00,1151.5,1151.5,1150.5,1151.0,473
2026-02-17 16:30:00+00:00,1151.0,1152.0,1150.5,1151.75,623
2026-02-17 16:35:00+00:00,1151.75,1152.5,1151.75,1151.75,1038
2026-02-17 16:40:00+00:00,1152.0,1152.25,1151.75,1151.75,2237
2026-02-17 16:45:00+00:00,1152.0,1152.5,1152.0,1152.0,2323
2026-02-17 16:50:00+00:00,1152.0,1152.5,1151.5,1152.5,950
2026-02-17 16:55:00+00:00,1152.5,1153.25,1152.5,1153.0,2994
2026-02-17 17:00:00+00:00,1153.0,1153.25,1151.75,1152.5,5578
2026-02-17 17:05:00+00:00,1152.5,1153.75,1151.5,1151.5,590
2026-02-17 17:10:00+00:00,1151.5,1152.25,1151.0,1152.0,553
2026-02-17 17:15:00+00:00,1151.75,1152.0,1150.25,1150.75,575
2026-02-17 17:20:00+00:00,1150.75,1151.5,1150.0,1151.25,862
2026-02-17 17:25:00+00:00,1151.25,1152.0,1151.25,1152.0,389
2026-02-17 17:30:00+00:00,1151.75,1152.0,1151.5,1151.5,325
2026-02-17 17:35:00+00:00,1151.5,1152.0,1151.0,1151.25,775
2026-02-17 17:40:00+00:00,1151.0,1151.25,1150.25,1150.5,610
2026-02-17 17:45:00+00:00,1150.25,1150.5,1149.5,1149.75,408
2026-02-17 17:50:00+00:00,1149.75,1150.0,1149.5,1150.0,395
2026-02-17 17:55:00+00:00,1150.0,1150.25,1149.0,1149.5,454
2026-02-17 18:00:00+00:00,1149.25,1149.25,1148.5,1148.5,1309
2026-02-17 18:05:00+00:00,1148.75,1149.25,1148.25,1149.25,522
2026-02-17 18:10:00+00:00,1149.25,1150.0,1148.75,1149.25,474
2026-02-17 18:15:00+00:00,1149.25,1149.25,1148.5,1148.5,324
2026-02-17 18:20:00+00:00,1148.5,1149.5,1148.5,1149.25,453
2026-02-17 18:25:00+00:00,1149.25,1149.25,1148.25,1148.75,651
2026-02-17 18:30:00+00:00,1148.75,1148.75,1148.25,1148.75,538
2026-02-17 18:35:00+00:00,1148.5,1148.75,1148.25,1148.25,1739
2026-02-17 18:40:00+00:00,1148.5,1149.75,1148.5,1149.5,1183
2026-02-17 18:45:00+00:00,1149.5,1149.5,1148.25,1148.25,979
2026-02-17 18:50:00+00:00,1148.25,1148.25,1147.5,1147.75,848
2026-02-17 18:55:00+00:00,1148.0,1148.5,1147.75,1148.5,931
2026-02-17 19:00:00+00:00,1148.5,1149.5,1148.25,1148.25,2996
2026-02-17 19:05:00+00:00,1148.5,1148.5,1148.25,1148.5,381
2026-02-17 19:10:00+00:00,1148.5,1150.0,1147.75,1148.75,6626
2026-02-17 19:15:00+00:00,1148.75,1150.0,1148.5,1150.0,498
2026-02-18 01:00:00+00:00,1149.25,1154.75,1149.25,1154.5,0
2026-02-18 01:05:00+00:00,1154.25,1154.75,1153.0,1154.0,211
2026-02-18 01:10:00+00:00,1154.0,1154.25,1153.75,1154.0,45
2026-02-18 01:15:00+00:00,1154.0,1154.75,1153.75,1154.75,75
2026-02-18 01:20:00+00:00,1154.75,1156.0,1154.0,1155.75,498
2026-02-18 01:25:00+00:00,1155.75,1157.5,1155.75,1156.5,636
2026-02-18 01:30:00+00:00,1156.5,1156.75,1156.0,1156.0,126
2026-02-18 01:35:00+00:00,1156.5,1156.5,1156.0,1156.25,250
2026-02-18 01:40:00+00:00,1156.25,1156.5,1156.0,1156.5,97
2026-02-18 01:45:00+00:00,1156.5,1156.5,1155.0,1155.0,315
2026-02-18 01:50:00+00:00,1155.25,1155.25,1154.5,1154.5,128
2026-02-18 01:55:00+00:00,1154.75,1155.25,1154.5,1155.25,77
2026-02-18 02:00:00+00:00,1155.25,1155.5,1155.0,1155.25,39
2026-02-18 02:05:00+00:00,1155.25,1155.5,1155.25,1155.25,46
2026-02-18 02:10:00+00:00,1155.5,1155.5,1155.0,1155.25,15
2026-02-18 02:15:00+00:00,1155.25,1155.5,1155.25,1155.25,13
2026-02-18 02:20:00+00:00,1155.25,1155.5,1155.25,1155.25,9
2026-02-18 02:25:00+00:00,1155.25,1155.25,1155.0,1155.0,26
2026-02-18 02:30:00+00:00,1154.75,1155.5,1154.75,1155.5,11
2026-02-18 02:35:00+00:00,1155.5,1155.5,1155.25,1155.25,6
2026-02-18 02:40:00+00:00,1155.25,1155.75,1155.25,1155.75,12
2026-02-18 02:45:00+00:00,1155.75,1155.75,1155.25,1155.25,13
2026-02-18 02:50:00+00:00,1155.5,1155.5,1155.25,1155.25,4
2026-02-18 02:55:00+00:00,1155.5,1155.5,1155.0,1155.25,13
2026-02-18 03:00:00+00:00,1155.5,1156.0,1155.5,1156.0,154
2026-02-18 03:05:00+00:00,1156.0,1156.25,1155.75,1155.75,24
2026-02-18 03:10:00+00:00,1155.5,1155.5,1155.25,1155.25,9
2026-02-18 03:15:00+00:00,1155.0,1155.25,1155.0,1155.0,6
2026-02-18 03:20:00+00:00,1155.25,1155.25,1155.25,1155.25,2
2026-02-18 03:25:00+00:00,1155.5,1155.5,1155.25,1155.25,8
2026-02-18 03:30:00+00:00,1155.25,1155.5,1155.0,1155.0,8
2026-02-18 03:35:00+00:00,1155.0,1155.5,1155.0,1155.5,12
2026-02-18 03:40:00+00:00,1155.5,1155.5,1155.25,1155.25,9
2026-02-18 03:45:00+00:00,1155.25,1155.25,1155.25,1155.25,2
2026-02-18 03:50:00+00:00,1155.25,1155.25,1155.0,1155.0,24
2026-02-18 03:55:00+00:00,1155.0,1155.25,1155.0,1155.25,18
2026-02-18 04:00:00+00:00,1155.25,1155.25,1155.25,1155.25,3
2026-02-18 04:10:00+00:00,1155.25,1155.25,1155.25,1155.25,1
2026-02-18 04:15:00+00:00,1155.5,1155.5,1155.25,1155.25,23
2026-02-18 04:20:00+00:00,1155.5,1155.75,1155.5,1155.75,13
2026-02-18 04:25:00+00:00,1155.75,1155.75,1155.75,1155.75,1
2026-02-18 04:45:00+00:00,1155.5,1155.5,1155.5,1155.5,4
2026-02-18 04:50:00+00:00,1155.25,1155.5,1155.25,1155.5,36
2026-02-18 04:55:00+00:00,1155.75,1155.75,1155.5,1155.5,6
2026-02-18 05:00:00+00:00,1155.5,1155.5,1155.5,1155.5,4
2026-02-18 05:05:00+00:00,1155.5,1155.5,1155.5,1155.5,3
2026-02-18 05:10:00+00:00,1155.5,1155.5,1155.25,1155.25,45
2026-02-18 05:15:00+00:00,1155.25,1155.25,1155.0,1155.25,6
2026-02-18 05:20:00+00:00,1154.75,1154.75,1154.75,1154.75,4
2026-02-18 05:25:00+00:00,1155.0,1155.0,1155.0,1155.0,2
2026-02-18 05:30:00+00:00,1155.25,1155.25,1155.0,1155.0,3
2026-02-18 05:35:00+00:00,1155.25,1155.25,1155.0,1155.0,15
2026-02-18 05:40:00+00:00,1155.25,1155.25,1155.25,1155.25,4
2026-02-18 05:45:00+00:00,1155.0,1155.0,1155.0,1155.0,1
2026-02-18 05:50:00+00:00,1154.75,1154.75,1154.5,1154.75,32
2026-02-18 05:55:00+00:00,1155.0,1155.25,1155.0,1155.25,14
2026-02-18 06:00:00+00:00,1155.25,1155.25,1155.0,1155.25,10
2026-02-18 06:05:00+00:00,1155.25,1155.25,1155.0,1155.0,24
2026-02-18 06:15:00+00:00,1155.25,1155.25,1155.0,1155.0,5
2026-02-18 06:20:00+00:00,1155.25,1155.5,1155.25,1155.5,23
2026-02-18 06:25:00+00:00,1155.75,1156.0,1155.75,1156.0,86
2026-02-18 06:30:00+00:00,1156.0,1156.5,1156.0,1156.25,61
2026-02-18 06:35:00+00:00,1156.25,1156.25,1156.25,1156.25,13
2026-02-18 06:40:00+00:00,1156.25,1156.25,1156.25,1156.25,1
2026-02-18 06:45:00+00:00,1156.5,1156.5,1156.25,1156.25,8
2026-02-18 06:50:00+00:00,1156.25,1156.25,1156.0,1156.25,57
2026-02-18 06:55:00+00:00,1156.25,1156.25,1156.0,1156.0,28
2026-02-18 07:00:00+00:00,1156.0,1156.0,1155.75,1156.0,18
2026-02-18 07:05:00+00:00,1156.0,1156.0,1156.0,1156.0,333
2026-02-18 07:10:00+00:00,1156.0,1156.5,1156.0,1156.5,6
2026-02-18 07:15:00+00:00,1156.25,1156.25,1156.0,1156.0,14
2026-02-18 07:20:00+00:00,1156.0,1156.0,1155.75,1156.0,3
2026-02-18 07:25:00+00:00,1156.0,1156.0,1155.75,1155.75,3
2026-02-18 07:35:00+00:00,1156.0,1156.5,1155.75,1156.5,57
2026-02-18 07:40:00+00:00,1156.25,1156.5,1155.75,1155.75,612
2026-02-18 07:45:00+00:00,1155.75,1155.75,1155.0,1155.25,126
2026-02-18 07:50:00+00:00,1155.25,1155.25,1155.25,1155.25,7
2026-02-18 07:55:00+00:00,1155.25,1155.75,1155.25,1155.25,64
2026-02-18 08:00:00+00:00,1155.5,1156.0,1155.5,1156.0,29
2026-02-18 08:05:00+00:00,1155.75,1155.75,1155.75,1155.75,16
2026-02-18 08:10:00+00:00,1155.75,1156.5,1155.75,1156.5,150
2026-02-18 08:15:00+00:00,1156.75,1157.25,1156.75,1156.75,530
2026-02-18 08:20:00+00:00,1156.75,1157.0,1156.5,1156.75,28
2026-02-18 08:25:00+00:00,1156.5,1156.75,1155.5,1156.0,227
2026-02-18 08:30:00+00:00,1155.75,1156.0,1155.5,1156.0,122
2026-02-18 08:35:00+00:00,1155.75,1155.75,1155.75,1155.75,11
2026-02-18 08:40:00+00:00,1155.75,1155.75,1155.5,1155.5,12
2026-02-18 08:45:00+00:00,1155.25,1155.25,1155.0,1155.0,14
2026-02-18 08:50:00+00:00,1155.0,1155.5,1155.0,1155.25,26
2026-02-18 08:55:00+00:00,1155.25,1155.25,1155.25,1155.25,1
2026-02-18 09:00:00+00:00,1155.25,1155.5,1155.25,1155.25,17
2026-02-18 09:05:00+00:00,1155.25,1156.0,1155.25,1156.0,40
2026-02-18 09:10:00+00:00,1155.75,1156.5,1155.75,1156.5,87
2026-02-18 09:15:00+00:00,1156.5,1156.75,1156.5,1156.5,7
2026-02-18 09:20:00+00:00,1156.75,1157.25,1156.75,1157.25,91
2026-02-18 09:25:00+00:00,1157.5,1157.5,1156.75,1157.0,31
2026-02-18 09:30:00+00:00,1157.0,1157.75,1157.0,1157.5,1593
2026-02-18 09:35:00+00:00,1157.5,1157.5,1157.0,1157.0,18
2026-02-18 09:40:00+00:00,1156.75,1156.75,1156.25,1156.5,29
2026-02-18 09:45:00+00:00,1156.5,1157.0,1156.5,1156.75,15
2026-02-18 09:50:00+00:00,1156.75,1157.5,1156.75,1157.5,216
2026-02-18 09:55:00+00:00,1157.75,1158.5,1157.75,1158.0,148
2026-02-18 10:00:00+00:00,1158.25,1158.75,1158.25,1158.25,112
2026-02-18 10:05:00+00:00,1158.25,1158.5,1158.0,1158.5,81
2026-02-18 10:10:00+00:00,1158.25,1158.75,1158.0,1158.5,182
2026-02-18 10:15:00+00:00,1158.25,1158.5,1158.0,1158.0,41
2026-02-18 10:20:00+00:00,1158.0,1158.25,1157.75,1157.75,84
2026-02-18 10:25:00+00:00,1157.5,1157.75,1157.5,1157.75,27
2026-02-18 10:30:00+00:00,1157.5,1157.5,1157.25,1157.5,21
2026-02-18 10:35:00+00:00,1157.75,1157.75,1157.5,1157.5,74
2026-02-18 10:40:00+00:00,1157.5,1157.5,1157.25,1157.25,117
2026-02-18 10:45:00+00:00,1157.25,1157.5,1157.0,1157.5,52
2026-02-18 10:50:00+00:00,1157.5,1157.5,1157.5,1157.5,116
2026-02-18 10:55:00+00:00,1157.75,1157.75,1157.5,1157.5,36
2026-02-18 11:00:00+00:00,1157.5,1157.75,1157.25,1157.5,76
2026-02-18 11:05:00+00:00,1157.5,1158.0,1157.5,1158.0,36
2026-02-18 11:10:00+00:00,1158.0,1158.5,1157.75,1158.5,109
2026-02-18 11:15:00+00:00,1158.25,1158.5,1158.0,1158.25,207
2026-02-18 11:20:00+00:00,1158.25,1158.25,1157.75,1158.0,25
2026-02-18 11:25:00+00:00,1158.0,1158.0,1157.75,1157.75,12
2026-02-18 11:30:00+00:00,1158.0,1158.25,1157.75,1158.0,22
2026-02-18 11:35:00+00:00,1157.75,1158.0,1157.5,1157.75,39
2026-02-18 11:40:00+00:00,1157.75,1158.0,1157.5,1158.0,54
2026-02-18 11:45:00+00:00,1157.75,1158.25,1157.75,1158.25,32
2026-02-18 11:50:00+00:00,1158.25,1159.0,1158.0,1158.0,713
2026-02-18 11:55:00+00:00,1158.0,1158.25,1158.0,1158.25,23
2026-02-18 12:00:00+00:00,1158.25,1158.5,1157.75,1157.75,602
2026-02-18 12:05:00+00:00,1157.75,1158.0,1157.0,1157.25,209
2026-02-18 12:10:00+00:00,1157.5,1157.75,1157.0,1157.5,102
2026-02-18 12:15:00+00:00,1157.5,1157.5,1156.75,1156.75,147
2026-02-18 12:20:00+00:00,1156.75,1156.75,1156.0,1156.25,284
2026-02-18 12:25:00+00:00,1156.25,1156.75,1156.0,1156.25,241
2026-02-18 12:30:00+00:00,1156.5,1156.5,1156.0,1156.0,126
2026-02-18 12:35:00+00:00,1156.25,1156.5,1156.0,1156.25,129
2026-02-18 12:40:00+00:00,1156.5,1156.5,1155.5,1155.5,523
2026-02-18 12:45:00+00:00,1155.5,1155.75,1155.25,1155.5,333
2026-02-18 12:50:00+00:00,1155.5,1156.25,1155.5,1155.75,316
2026-02-18 12:55:00+00:00,1156.0,1156.5,1155.75,1156.0,235
2026-02-18 13:00:00+00:00,1155.75,1156.75,1155.75,1156.5,387
2026-02-18 13:05:00+00:00,1156.5,1157.0,1156.5,1156.5,168
2026-02-18 13:10:00+00:00,1156.25,1156.5,1155.25,1155.75,419
2026-02-18 13:15:00+00:00,1155.5,1155.75,1155.25,1155.25,152
2026-02-18 13:20:00+00:00,1155.5,1155.5,1154.25,1154.25,4467
2026-02-18 13:25:00+00:00,1154.25,1154.5,1153.5,1154.25,296
2026-02-18 13:30:00+00:00,1154.25,1155.0,1153.75,1154.25,672
2026-02-18 13:35:00+00:00,1154.0,1154.75,1154.0,1154.25,417
2026-02-18 13:40:00+00:00,1154.5,1155.0,1153.75,1155.0,340
2026-02-18 14:30:00+00:00,1154.75,1157.5,1152.0,1152.25,7097
2026-02-18 14:35:00+00:00,1152.25,1152.5,1151.25,1152.25,1661
2026-02-18 14:40:00+00:00,1152.5,1153.25,1151.0,1152.5,4483
2026-02-18 14:45:00+00:00,1152.5,1154.25,1151.5,1154.25,1850
2026-02-18 14:50:00+00:00,1154.0,1155.75,1153.0,1155.0,1509
2026-02-18 14:55:00+00:00,1155.0,1155.25,1154.75,1155.0,712
2026-02-18 15:00:00+00:00,1155.25,1156.5,1154.75,1156.25,1507
2026-02-18 15:05:00+00:00,1156.25,1156.25,1155.0,1155.75,812
2026-02-18 15:10:00+00:00,1156.0,1156.75,1155.5,1156.0,1902
2026-02-18 15:15:00+00:00,1156.25,1156.25,1154.0,1155.5,4010
2026-02-18 15:20:00+00:00,1155.5,1156.25,1155.0,1155.75,630
2026-02-18 15:25:00+00:00,1155.5,1156.0,1154.5,1155.25,2647
2026-02-18 15:30:00+00:00,1155.25,1155.25,1151.75,1152.5,1302
2026-02-18 15:35:00+00:00,1152.5,1153.0,1152.0,1152.5,823
2026-02-18 15:40:00+00:00,1152.25,1152.5,1150.5,1151.5,1005
2026-02-18 15:45:00+00:00,1151.25,1152.5,1150.75,1151.0,1055
2026-02-18 15:50:00+00:00,1151.0,1151.25,1150.0,1151.0,1248
2026-02-18 15:55:00+00:00,1151.0,1151.0,1150.0,1150.5,1112
2026-02-18 16:00:00+00:00,1150.75,1151.5,1150.0,1151.5,968
2026-02-18 16:05:00+00:00,1151.0,1152.0,1151.0,1151.25,1018
2026-02-18 16:10:00+00:00,1151.25,1152.0,1150.75,1151.75,897
2026-02-18 16:15:00+00:00,1151.75,1153.25,1151.75,1152.25,2010
2026-02-18 16:20:00+00:00,1152.0,1152.0,1151.25,1151.75,489
2026-02-18 16:25:00+00:00,1151.75,1152.75,1151.25,1152.5,1358
2026-02-18 16:30:00+00:00,1152.25,1152.25,1151.5,1152.0,575
2026-02-18 16:35:00+00:00,1152.0,1152.0,1151.0,1151.75,591
2026-02-18 16:40:00+00:00,1151.75,1153.25,1151.5,1151.5,1486
2026-02-18 16:45:00+00:00,1151.5,1152.0,1150.0,1150.5,5230
2026-02-18 16:50:00+00:00,1150.5,1150.5,1148.25,1150.25,2081
2026-02-18 16:55:00+00:00,1150.25,1150.75,1149.75,1150.5,1560
2026-02-18 17:00:00+00:00,1150.5,1150.5,1149.0,1149.5,882
2026-02-18 17:05:00+00:00,1149.25,1149.25,1147.5,1147.75,1835
2026-02-18 17:10:00+00:00,1147.5,1147.75,1145.75,1146.25,1992
2026-02-18 17:15:00+00:00,1146.5,1146.5,1144.0,1145.75,2942
2026-02-18 17:20:00+00:00,1145.5,1147.25,1144.75,1147.0,4121
2026-02-18 17:25:00+00:00,1147.0,1147.0,1145.5,1145.75,1766
2026-02-18 17:30:00+00:00,1146.0,1146.0,1144.25,1144.75,4917
2026-02-18 17:35:00+00:00,1144.5,1144.5,1143.25,1143.25,740
2026-02-18 17:40:00+00:00,1143.25,1145.25,1143.25,1144.5,1358
2026-02-18 17:45:00+00:00,1144.75,1145.5,1144.5,1145.0,1535
2026-02-18 17:50:00+00:00,1145.0,1146.25,1144.75,1146.25,755
2026-02-18 17:55:00+00:00,1146.25,1148.75,1145.75,1146.75,960
2026-02-18 18:00:00+00:00,1146.75,1148.75,1146.75,1148.25,1113
2026-02-18 18:05:00+00:00,1148.5,1148.75,1147.0,1147.25,565
2026-02-18 18:10:00+00:00,1147.25,1148.5,1147.25,1148.5,862
2026-02-18 18:15:00+00:00,1148.25,1149.0,1147.75,1148.5,900
2026-02-18 18:20:00+00:00,1148.5,1149.25,1148.0,1148.75,1734
2026-02-18 18:25:00+00:00,1148.5,1149.5,1148.25,1149.0,523
2026-02-18 18:30:00+00:00,1149.0,1149.25,1148.25,1149.0,329
2026-02-18 18:35:00+00:00,1149.0,1149.0,1148.0,1148.25,402
2026-02-18 18:40:00+00:00,1148.25,1148.75,1147.75,1147.75,794
2026-02-18 18:45:00+00:00,1147.5,1148.5,1147.5,1148.25,441
2026-02-18 18:50:00+00:00,1148.25,1148.75,1148.0,1148.25,542
2026-02-18 18:55:00+00:00,1148.25,1148.25,1147.5,1148.25,513
2026-02-18 19:00:00+00:00,1148.0,1149.25,1147.75,1148.5,619
2026-02-18 19:05:00+00:00,1148.75,1148.75,1147.75,1147.75,1120
2026-02-18 19:10:00+00:00,1147.75,1149.5,1147.75,1149.0,4829
2026-02-18 19:15:00+00:00,1149.0,1149.75,1147.75,1147.75,1611
2026-02-19 01:00:00+00:00,1148.0,1148.0,1144.75,1147.75,0
2026-02-19 01:05:00+00:00,1147.75,1149.0,1147.75,1148.75,144
2026-02-19 01:10:00+00:00,1148.75,1148.75,1148.25,1148.75,77
2026-02-19 01:15:00+00:00,1148.75,1148.75,1147.75,1148.0,47
2026-02-19 01:20:00+00:00,1148.0,1148.0,1147.5,1148.0,55
2026-02-19 01:25:00+00:00,1148.0,1148.75,1148.0,1148.75,94
2026-02-19 01:30:00+00:00,1149.0,1149.75,1149.0,1149.25,135
2026-02-19 01:35:00+00:00,1149.25,1149.25,1148.5,1148.5,36
2026-02-19 01:40:00+00:00,1148.5,1148.75,1148.25,1148.75,71
2026-02-19 01:45:00+00:00,1148.75,1148.75,1148.75,1148.75,19
2026-02-19 01:50:00+00:00,1149.0,1149.5,1149.0,1149.5,37
2026-02-19 01:55:00+00:00,1149.25,1149.25,1149.25,1149.25,1
2026-02-19 02:00:00+00:00,1149.0,1149.0,1148.75,1149.0,11
2026-02-19 02:05:00+00:00,1148.75,1148.75,1148.75,1148.75,9
2026-02-19 02:10:00+00:00,1148.75,1149.0,1148.75,1148.75,4
2026-02-19 02:15:00+00:00,1149.0,1149.0,1149.0,1149.0,9
2026-02-19 02:20:00+00:00,1149.0,1149.0,1148.75,1148.75,4
2026-02-19 02:25:00+00:00,1148.75,1149.0,1148.75,1149.0,30
2026-02-19 02:30:00+00:00,1148.75,1149.0,1148.5,1148.5,34
2026-02-19 02:35:00+00:00,1148.5,1149.0,1148.5,1149.0,34
2026-02-19 02:40:00+00:00,1149.0,1149.0,1149.0,1149.0,3
2026-02-19 02:45:00+00:00,1149.0,1149.0,1149.0,1149.0,5
2026-02-19 02:50:00+00:00,1148.75,1148.75,1148.75,1148.75,13
2026-02-19 02:55:00+00:00,1148.75,1149.25,1148.75,1149.25,70
2026-02-19 03:00:00+00:00,1149.25,1149.75,1149.25,1149.5,27
2026-02-19 03:05:00+00:00,1149.75,1150.0,1149.75,1150.0,19
2026-02-19 03:10:00+00:00,1149.5,1149.75,1149.5,1149.75,7
2026-02-19 03:15:00+00:00,1149.75,1150.25,1149.75,1150.0,97
2026-02-19 03:20:00+00:00,1150.5,1150.75,1150.5,1150.75,34
2026-02-19 03:25:00+00:00,1150.75,1151.0,1150.5,1150.5,40
2026-02-19 03:30:00+00:00,1150.5,1151.0,1150.5,1151.0,59
2026-02-19 03:35:00+00:00,1151.0,1151.0,1150.25,1150.25,73
2026-02-19 03:40:00+00:00,1150.5,1150.5,1150.25,1150.5,20
2026-02-19 03:45:00+00:00,1150.75,1150.75,1150.5,1150.5,8
2026-02-19 03:50:00+00:00,1150.75,1151.0,1150.75,1150.75,16
2026-02-19 03:55:00+00:00,1150.5,1151.0,1150.5,1151.0,684
2026-02-19 04:00:00+00:00,1151.0,1151.0,1150.25,1150.5,126
2026-02-19 04:05:00+00:00,1150.5,1150.5,1150.5,1150.5,5
2026-02-19 04:10:00+00:00,1150.75,1150.75,1150.75,1150.75,3
2026-02-19 04:15:00+00:00,1150.5,1150.5,1150.5,1150.5,5
2026-02-19 04:20:00+00:00,1150.5,1150.5,1150.25,1150.25,4
2026-02-19 04:25:00+00:00,1150.0,1150.0,1149.75,1150.0,43
2026-02-19 04:30:00+00:00,1149.75,1150.0,1149.75,1150.0,85
2026-02-19 04:35:00+00:00,1149.75,1149.75,1149.75,1149.75,5
2026-02-19 04:40:00+00:00,1149.75,1149.75,1149.75,1149.75,1
2026-02-19 04:45:00+00:00,1149.75,1149.75,1149.75,1149.75,1
2026-02-19 04:50:00+00:00,1149.75,1149.75,1149.75,1149.75,2
2026-02-19 04:55:00+00:00,1149.75,1149.75,1149.5,1149.5,12
2026-02-19 05:00:00+00:00,1149.5,1149.5,1149.5,1149.5,37
2026-02-19 05:05:00+00:00,1149.5,1149.5,1149.5,1149.5,1
2026-02-19 05:15:00+00:00,1149.5,1149.5,1149.25,1149.25,18
2026-02-19 05:20:00+00:00,1149.25,1149.25,1149.25,1149.25,6
2026-02-19 05:25:00+00:00,1149.25,1149.25,1149.25,1149.25,11
2026-02-19 05:35:00+00:00,1149.5,1149.5,1149.5,1149.5,2
2026-02-19 05:40:00+00:00,1149.25,1149.75,1149.25,1149.75,25
2026-02-19 05:45:00+00:00,1149.75,1149.75,1149.5,1149.5,19
2026-02-19 05:50:00+00:00,1149.5,1149.5,1149.5,1149.5,3
2026-02-19 05:55:00+00:00,1149.75,1150.0,1149.75,1150.0,3
2026-02-19 06:00:00+00:00,1149.75,1150.75,1149.75,1150.75,181
2026-02-19 06:05:00+00:00,1150.5,1150.5,1150.5,1150.5,20
2026-02-19 06:10:00+00:00,1150.5,1150.5,1150.5,1150.5,1
2026-02-19 06:15:00+00:00,1150.5,1150.75,1150.5,1150.75,2
2026-02-19 06:20:00+00:00,1150.5,1150.5,1150.5,1150.5,2
2026-02-19 06:25:00+00:00,1150.25,1150.25,1150.25,1150.25,1
2026-02-19 06:40:00+00:00,1150.75,1150.75,1150.75,1150.75,5
2026-02-19 06:45:00+00:00,1150.75,1151.0,1150.75,1150.75,32
2026-02-19 06:55:00+00:00,1150.75,1150.75,1150.75,1150.75,2
2026-02-19 07:00:00+00:00,1151.0,1151.0,1150.75,1150.75,13
2026-02-19 07:05:00+00:00,1150.75,1150.75,1150.25,1150.5,25
2026-02-19 07:10:00+00:00,1150.5,1150.5,1150.5,1150.5,4
2026-02-19 07:15:00+00:00,1150.5,1150.5,1150.5,1150.5,6
2026-02-19 07:20:00+00:00,1150.5,1150.5,1150.25,1150.25,30
2026-02-19 07:25:00+00:00,1150.25,1150.25,1150.25,1150.25,1
2026-02-19 07:30:00+00:00,1150.25,1150.5,1150.25,1150.25,10
2026-02-19 07:35:00+00:00,1150.5,1150.5,1150.5,1150.5,25
2026-02-19 07:40:00+00:00,1150.75,1150.75,1150.75,1150.75,29
2026-02-19 07:45:00+00:00,1150.75,1150.75,1150.0,1150.25,8
2026-02-19 07:50:00+00:00,1150.25,1150.5,1150.25,1150.5,23
2026-02-19 07:55:00+00:00,1150.25,1150.5,1150.0,1150.5,44
2026-02-19 08:00:00+00:00,1150.5,1150.5,1150.25,1150.25,22
2026-02-19 08:05:00+00:00,1150.25,1150.25,1150.25,1150.25,24
2026-02-19 08:10:00+00:00,1150.25,1150.25,1150.0,1150.0,14
2026-02-19 08:15:00+00:00,1150.25,1150.75,1150.25,1150.75,1126
2026-02-19 08:20:00+00:00,1151.0,1151.5,1150.75,1151.5,32
2026-02-19 08:25:00+00:00,1151.25,1151.5,1151.25,1151.5,74
2026-02-19 08:30:00+00:00,1151.5,1151.5,1151.0,1151.25,26
2026-02-19 08:35:00+00:00,1151.25,1152.25,1151.25,1152.0,123
2026-02-19 08:40:00+00:00,1152.0,1153.0,1152.0,1153.0,194
2026-02-19 08:45:00+00:00,1153.0,1153.75,1153.0,1153.5,270
2026-02-19 08:50:00+00:00,1153.5,1153.5,1152.75,1153.25,153
2026-02-19 08:55:00+00:00,1153.25,1153.75,1153.25,1153.25,104
2026-02-19 09:00:00+00:00,1153.5,1153.75,1153.0,1153.0,118
2026-02-19 09:05:00+00:00,1153.25,1153.25,1153.0,1153.0,49
2026-02-19 09:10:00+00:00,1153.0,1153.25,1153.0,1153.0,44
2026-02-19 09:15:00+00:00,1152.75,1153.0,1152.5,1152.5,20
2026-02-19 09:20:00+00:00,1152.25,1152.25,1151.25,1151.75,77
2026-02-19 09:25:00+00:00,1151.75,1151.75,1151.5,1151.5,15
2026-02-19 09:30:00+00:00,1151.5,1151.5,1151.25,1151.5,6
2026-02-19 09:35:00+00:00,1151.75,1152.75,1150.5,1152.5,536
2026-02-19 09:40:00+00:00,1152.75,1152.75,1152.0,1152.25,307
2026-02-19 09:45:00+00:00,1152.0,1152.0,1151.25,1151.25,197
2026-02-19 09:50:00+00:00,1151.5,1152.0,1151.25,1151.75,23
2026-02-19 09:55:00+00:00,1151.75,1153.0,1151.75,1152.75,2032
2026-02-19 10:00:00+00:00,1152.75,1152.75,1151.75,1152.5,1473
2026-02-19 10:05:00+00:00,1152.5,1152.75,1152.5,1152.75,16
2026-02-19 10:10:00+00:00,1152.75,1152.75,1152.25,1152.75,14
2026-02-19 10:15:00+00:00,1152.5,1152.5,1152.0,1152.0,15
2026-02-19 10:20:00+00:00,1152.0,1152.25,1151.75,1152.25,34
2026-02-19 10:25:00+00:00,1152.25,1153.25,1152.25,1152.75,221
2026-02-19 10:30:00+00:00,1152.5,1152.5,1152.5,1152.5,4
2026-02-19 10:35:00+00:00,1152.75,1153.25,1152.75,1153.25,8
2026-02-19 10:40:00+00:00,1153.25,1153.75,1153.25,1153.5,62
2026-02-19 10:45:00+00:00,1153.25,1154.25,1153.25,1154.0,137
2026-02-19 10:50:00+00:00,1154.0,1154.0,1153.75,1154.0,57
2026-02-19 10:55:00+00:00,1154.0,1154.0,1153.75,1153.75,21
2026-02-19 11:00:00+00:00,1153.5,1153.5,1153.0,1153.25,32
2026-02-19 11:05:00+00:00,1153.25,1153.5,1153.0,1153.0,92
2026-02-19 11:10:00+00:00,1153.0,1153.5,1153.0,1153.5,24
2026-02-19 11:15:00+00:00,1153.5,1153.5,1153.25,1153.5,4
2026-02-19 11:20:00+00:00,1153.25,1153.25,1153.0,1153.0,6
2026-02-19 11:25:00+00:00,1152.75,1152.75,1152.5,1152.75,32
2026-02-19 11:30:00+00:00,1152.75,1153.0,1152.75,1152.75,8
2026-02-19 11:35:00+00:00,1152.75,1152.75,1152.25,1152.25,24
2026-02-19 11:40:00+00:00,1152.5,1152.5,1151.75,1151.75,28
2026-02-19 11:45:00+00:00,1151.5,1151.5,1150.75,1150.75,160
2026-02-19 11:50:00+00:00,1150.5,1150.5,1150.25,1150.5,27
2026-02-19 11:55:00+00:00,1150.25,1151.0,1150.0,1150.75,713
2026-02-19 12:00:00+00:00,1150.75,1151.25,1150.0,1150.25,344
2026-02-19 12:05:00+00:00,1150.5,1152.0,1150.5,1151.5,370
2026-02-19 12:10:00+00:00,1151.5,1152.0,1151.5,1152.0,57
2026-02-19 12:15:00+00:00,1152.25,1152.5,1151.75,1152.0,161
2026-02-19 12:20:00+00:00,1152.0,1152.25,1151.75,1151.75,103
2026-02-19 12:25:00+00:00,1152.0,1152.0,1151.0,1151.5,99
2026-02-19 12:30:00+00:00,1151.5,1151.5,1150.75,1151.25,119
2026-02-19 12:35:00+00:00,1151.0,1151.0,1150.25,1150.25,275
2026-02-19 12:40:00+00:00,1150.5,1150.75,1150.25,1150.5,136
2026-02-19 12:45:00+00:00,1150.5,1150.5,1150.5,1150.5,45
2026-02-19 12:50:00+00:00,1150.25,1150.25,1149.0,1149.0,194
2026-02-19 12:55:00+00:00,1149.0,1149.0,1148.5,1149.0,149
2026-02-19 13:00:00+00:00,1149.25,1149.25,1148.25,1148.25,176
2026-02-19 13:05:00+00:00,1148.25,1148.75,1148.0,1148.0,145
2026-02-19 13:10:00+00:00,1148.0,1148.0,1147.25,1147.25,200
2026-02-19 13:15:00+00:00,1147.5,1148.25,1147.5,1148.0,135
2026-02-19 13:20:00+00:00,1148.0,1148.25,1148.0,1148.25,87
2026-02-19 13:25:00+00:00,1148.25,1148.75,1148.0,1148.75,338
2026-02-19 13:30:00+00:00,1148.5,1149.75,1148.25,1149.25,455
2026-02-19 13:35:00+00:00,1149.25,1150.25,1149.25,1150.25,524
2026-02-19 13:40:00+00:00,1150.25,1150.25,1149.5,1149.75,121
2026-02-19 14:30:00+00:00,1149.0,1150.75,1146.5,1148.5,5956
2026-02-19 14:35:00+00:00,1148.5,1148.75,1146.5,1147.5,1773
2026-02-19 14:40:00+00:00,1147.5,1150.5,1146.75,1149.75,3011
2026-02-19 14:45:00+00:00,1150.0,1152.25,1149.75,1151.75,2175
2026-02-19 14:50:00+00:00,1151.5,1151.75,1148.75,1148.75,2358
2026-02-19 14:55:00+00:00,1148.5,1149.25,1147.0,1149.25,4789
2026-02-19 15:00:00+00:00,1149.25,1149.75,1148.0,1149.5,826
2026-02-19 15:05:00+00:00,1149.75,1151.25,1149.25,1151.25,1068
2026-02-19 15:10:00+00:00,1151.25,1153.0,1150.75,1151.75,2807
2026-02-19 15:15:00+00:00,1152.0,1152.25,1151.25,1151.75,1223
2026-02-19 15:20:00+00:00,1151.75,1152.0,1150.75,1150.75,1924
2026-02-19 15:25:00+00:00,1150.75,1152.75,1150.75,1152.5,1253
2026-02-19 15:30:00+00:00,1152.25,1152.5,1150.75,1151.0,1023
2026-02-19 15:35:00+00:00,1151.25,1151.25,1149.5,1150.5,1408
2026-02-19 15:40:00+00:00,1150.75,1152.75,1150.5,1152.5,823
2026-02-19 15:45:00+00:00,1152.25,1153.0,1151.5,1151.75,749
2026-02-19 15:50:00+00:00,1151.75,1151.75,1149.25,1149.25,1024
2026-02-19 15:55:00+00:00,1149.25,1150.25,1149.0,1150.0,842
2026-02-19 16:00:00+00:00,1150.0,1150.75,1149.25,1150.25,744
2026-02-19 16:05:00+00:00,1150.25,1150.75,1149.5,1150.75,471
2026-02-19 16:10:00+00:00,1150.5,1151.0,1150.0,1150.25,910
2026-02-19 16:15:00+00:00,1150.5,1151.0,1150.25,1151.0,581
2026-02-19 16:20:00+00:00,1151.0,1152.5,1151.0,1152.25,1114
2026-02-19 16:25:00+00:00,1152.25,1153.0,1151.5,1152.25,2025
2026-02-19 16:30:00+00:00,1152.25,1152.25,1151.0,1151.25,657
2026-02-19 16:35:00+00:00,1151.5,1151.5,1150.0,1150.25,1431
2026-02-19 16:40:00+00:00,1150.25,1150.75,1148.75,1150.5,1565
2026-02-19 16:45:00+00:00,1150.5,1152.0,1150.5,1151.5,728
2026-02-19 16:50:00+00:00,1151.25,1151.5,1150.75,1151.5,392
2026-02-19 16:55:00+00:00,1151.25,1151.5,1150.75,1150.75,1295
2026-02-19 17:00:00+00:00,1151.0,1151.25,1150.25,1151.0,764
2026-02-19 17:05:00+00:00,1151.0,1151.25,1150.5,1150.5,636
2026-02-19 17:10:00+00:00,1150.75,1152.25,1150.5,1152.25,1010
2026-02-19 17:15:00+00:00,1152.25,1152.5,1151.75,1152.5,544
2026-02-19 17:20:00+00:00,1152.25,1153.0,1152.25,1152.5,1856
2026-02-19 17:25:00+00:00,1152.75,1152.75,1151.75,1151.75,855
2026-02-19 17:30:00+00:00,1152.0,1153.0,1151.75,1152.75,876
2026-02-19 17:35:00+00:00,1153.0,1153.5,1152.75,1153.0,630
2026-02-19 17:40:00+00:00,1153.25,1153.25,1152.5,1152.75,771
2026-02-19 17:45:00+00:00,1152.75,1153.0,1152.5,1153.0,677
2026-02-19 17:50:00+00:00,1153.25,1153.75,1153.0,1153.25,577
2026-02-19 17:55:00+00:00,1153.25,1154.0,1153.25,1153.5,473
2026-02-19 18:00:00+00:00,1153.5,1153.75,1152.5,1153.0,1219
2026-02-19 18:05:00+00:00,1153.0,1153.5,1152.25,1152.5,764
2026-02-19 18:10:00+00:00,1152.75,1153.25,1152.5,1153.25,528
2026-02-19 18:15:00+00:00,1153.25,1153.5,1152.5,1153.0,512
2026-02-19 18:20:00+00:00,1153.0,1154.5,1152.75,1154.25,615
2026-02-19 18:25:00+00:00,1154.25,1154.75,1154.0,1154.25,1222
2026-02-19 18:30:00+00:00,1154.5,1154.5,1153.75,1153.75,754
2026-02-19 18:35:00+00:00,1154.0,1154.75,1154.0,1154.25,433
2026-02-19 18:40:00+00:00,1154.25,1154.75,1154.0,1154.0,528
2026-02-19 18:45:00+00:00,1154.0,1154.75,1154.0,1154.75,7397
2026-02-19 18:50:00+00:00,1154.5,1154.75,1154.25,1154.25,391
2026-02-19 18:55:00+00:00,1154.25,1154.75,1154.0,1154.75,476
2026-02-19 19:00:00+00:00,1154.75,1155.0,1154.25,1154.5,532
2026-02-19 19:05:00+00:00,1154.5,1154.5,1154.0,1154.25,2639
2026-02-19 19:10:00+00:00,1154.25,1157.0,1154.0,1155.5,5804
2026-02-19 19:15:00+00:00,1155.5,1156.75,1155.25,1156.5,1925
2026-02-20 01:00:00+00:00,1155.0,1157.75,1153.0,1156.5,0
2026-02-20 01:05:00+00:00,1156.0,1156.75,1155.75,1156.25,114
2026-02-20 01:10:00+00:00,1156.25,1156.5,1156.0,1156.25,85
2026-02-20 01:15:00+00:00,1156.0,1156.5,1155.75,1156.5,45
2026-02-20 01:20:00+00:00,1156.0,1156.75,1155.75,1156.5,83
2026-02-20 01:25:00+00:00,1156.5,1156.75,1156.5,1156.5,22
2026-02-20 01:30:00+00:00,1156.25,1156.5,1156.0,1156.0,6
2026-02-20 01:35:00+00:00,1156.0,1156.25,1156.0,1156.25,12
2026-02-20 01:40:00+00:00,1156.0,1156.5,1156.0,1156.5,40
2026-02-20 01:45:00+00:00,1156.5,1157.25,1156.5,1157.25,158
2026-02-20 01:50:00+00:00,1157.0,1157.25,1156.5,1156.5,114
2026-02-20 01:55:00+00:00,1156.75,1157.25,1156.5,1156.75,70
2026-02-20 02:00:00+00:00,1156.75,1157.0,1156.5,1156.75,98
2026-02-20 02:05:00+00:00,1157.25,1157.25,1157.0,1157.0,20
2026-02-20 02:10:00+00:00,1156.75,1157.0,1156.0,1156.0,44
2026-02-20 02:15:00+00:00,1155.75,1156.0,1155.0,1155.25,41
2026-02-20 02:20:00+00:00,1155.25,1155.75,1155.0,1155.5,48
2026-02-20 02:25:00+00:00,1155.75,1156.0,1155.5,1155.75,9
2026-02-20 02:30:00+00:00,1155.75,1156.25,1155.5,1155.75,43
2026-02-20 02:35:00+00:00,1156.0,1156.0,1155.75,1155.75,3
2026-02-20 02:45:00+00:00,1156.0,1156.0,1156.0,1156.0,4
2026-02-20 02:50:00+00:00,1155.75,1156.0,1155.75,1155.75,5
2026-02-20 02:55:00+00:00,1156.0,1156.25,1156.0,1156.25,5
2026-02-20 03:00:00+00:00,1156.0,1156.0,1155.75,1156.0,17
2026-02-20 03:05:00+00:00,1156.0,1156.0,1155.75,1155.75,22
2026-02-20 03:10:00+00:00,1155.75,1155.75,1155.5,1155.75,9
2026-02-20 03:15:00+00:00,1155.75,1156.0,1155.75,1156.0,5
2026-02-20 03:20:00+00:00,1155.75,1155.75,1154.75,1154.75,64
2026-02-20 03:25:00+00:00,1154.75,1154.75,1154.5,1154.5,43
2026-02-20 03:30:00+00:00,1154.5,1154.75,1154.25,1154.25,35
2026-02-20 03:35:00+00:00,1154.5,1154.5,1154.5,1154.5,202
2026-02-20 03:40:00+00:00,1154.25,1154.5,1154.25,1154.5,11
2026-02-20 03:45:00+00:00,1154.25,1154.75,1154.25,1154.75,17
2026-02-20 03:50:00+00:00,1154.75,1155.0,1154.75,1154.75,10
2026-02-20 03:55:00+00:00,1155.0,1155.0,1155.0,1155.0,2
2026-02-20 04:00:00+00:00,1155.0,1155.0,1154.75,1155.0,10
2026-02-20 04:05:00+00:00,1154.75,1154.75,1154.25,1154.5,101
2026-02-20 04:10:00+00:00,1154.5,1154.5,1154.5,1154.5,7
2026-02-20 04:15:00+00:00,1154.75,1154.75,1154.75,1154.75,3
2026-02-20 04:20:00+00:00,1154.75,1155.0,1154.5,1154.5,4
2026-02-20 04:35:00+00:00,1154.75,1155.0,1154.25,1154.5,25
2026-02-20 04:40:00+00:00,1154.5,1154.5,1154.25,1154.5,16
2026-02-20 04:45:00+00:00,1154.5,1154.5,1154.5,1154.5,2
2026-02-20 04:50:00+00:00,1154.75,1154.75,1154.75,1154.75,3
2026-02-20 04:55:00+00:00,1154.75,1154.75,1154.75,1154.75,1
2026-02-20 05:00:00+00:00,1154.75,1155.75,1154.75,1155.5,39
2026-02-20 05:05:00+00:00,1155.25,1155.25,1154.75,1154.75,42
2026-02-20 05:10:00+00:00,1155.0,1155.0,1155.0,1155.0,5
2026-02-20 05:15:00+00:00,1155.0,1155.25,1155.0,1155.25,9
2026-02-20 05:20:00+00:00,1155.0,1155.0,1155.0,1155.0,6
2026-02-20 05:25:00+00:00,1155.25,1155.25,1155.25,1155.25,3
2026-02-20 05:30:00+00:00,1155.25,1155.25,1155.25,1155.25,4
2026-02-20 05:35:00+00:00,1155.25,1155.25,1155.25,1155.25,4
2026-02-20 05:40:00+00:00,1155.0,1155.0,1155.0,1155.0,10
2026-02-20 05:45:00+00:00,1155.25,1155.25,1155.0,1155.0,8
2026-02-20 05:50:00+00:00,1155.25,1155.5,1155.25,1155.5,41
2026-02-20 05:55:00+00:00,1155.25,1155.5,1155.25,1155.5,15
2026-02-20 06:00:00+00:00,1155.25,1155.25,1155.25,1155.25,1
2026-02-20 06:05:00+00:00,1155.25,1155.25,1155.0,1155.25,7
2026-02-20 06:10:00+00:00,1155.0,1155.25,1155.0,1155.25,11
2026-02-20 06:15:00+00:00,1155.25,1155.25,1155.0,1155.25,4
2026-02-20 06:20:00+00:00,1155.25,1155.25,1155.25,1155.25,2
2026-02-20 06:25:00+00:00,1155.25,1155.25,1155.25,1155.25,2
2026-02-20 06:30:00+00:00,1155.25,1155.25,1155.25,1155.25,1
2026-02-20 06:35:00+00:00,1155.25,1155.25,1155.25,1155.25,3
2026-02-20 06:40:00+00:00,1155.5,1155.75,1155.5,1155.5,44
2026-02-20 06:45:00+00:00,1155.5,1155.5,1155.25,1155.25,13
2026-02-20 06:50:00+00:00,1155.25,1155.25,1154.75,1154.75,38
2026-02-20 06:55:00+00:00,1154.75,1155.25,1154.75,1155.25,4
2026-02-20 07:00:00+00:00,1155.0,1155.0,1154.75,1154.75,13
2026-02-20 07:05:00+00:00,1154.75,1155.0,1154.5,1154.75,15
2026-02-20 07:10:00+00:00,1155.0,1155.25,1154.75,1154.75,28
2026-02-20 07:15:00+00:00,1154.75,1155.25,1154.75,1155.0,20
2026-02-20 07:20:00+00:00,1155.0,1155.0,1154.75,1155.0,26
2026-02-20 07:25:00+00:00,1155.0,1155.0,1154.75,1155.0,8
2026-02-20 07:30:00+00:00,1155.0,1155.25,1154.5,1154.5,144
2026-02-20 07:35:00+00:00,1154.5,1154.75,1154.5,1154.5,30
2026-02-20 07:40:00+00:00,1154.5,1155.0,1154.5,1154.5,70
2026-02-20 07:45:00+00:00,1154.5,1154.75,1154.25,1154.25,52
2026-02-20 07:50:00+00:00,1154.0,1154.25,1153.75,1153.75,31
2026-02-20 07:55:00+00:00,1153.75,1154.0,1153.0,1153.0,73
2026-02-20 08:00:00+00:00,1153.25,1153.25,1152.5,1152.5,113
2026-02-20 08:05:00+00:00,1152.5,1152.75,1152.25,1152.5,184
2026-02-20 08:10:00+00:00,1152.75,1153.25,1152.5,1153.25,26
2026-02-20 08:15:00+00:00,1153.0,1153.5,1153.0,1153.5,7
2026-02-20 08:20:00+00:00,1153.5,1153.5,1153.25,1153.5,63
2026-02-20 08:25:00+00:00,1153.75,1154.0,1153.5,1153.5,62
2026-02-20 08:30:00+00:00,1153.75,1154.25,1153.75,1154.0,41
2026-02-20 08:35:00+00:00,1153.75,1154.25,1153.5,1153.5,23
2026-02-20 08:40:00+00:00,1153.25,1153.25,1153.0,1153.0,25
2026-02-20 08:45:00+00:00,1153.25,1153.5,1153.0,1153.25,18
2026-02-20 08:50:00+00:00,1153.0,1153.25,1152.5,1152.5,70
2026-02-20 08:55:00+00:00,1152.5,1152.75,1152.25,1152.25,38
2026-02-20 09:00:00+00:00,1152.25,1152.75,1152.0,1152.75,53
2026-02-20 09:05:00+00:00,1152.75,1153.0,1152.75,1152.75,27
2026-02-20 09:10:00+00:00,1152.75,1153.75,1152.75,1153.75,11
2026-02-20 09:15:00+00:00,1153.5,1154.0,1153.5,1153.75,15
2026-02-20 09:20:00+00:00,1154.0,1154.0,1153.75,1153.75,36
2026-02-20 09:25:00+00:00,1153.75,1154.5,1153.75,1154.5,34
2026-02-20 09:30:00+00:00,1154.25,1154.75,1154.25,1154.5,21
2026-02-20 09:35:00+00:00,1154.25,1154.5,1154.0,1154.0,102
2026-02-20 09:40:00+00:00,1153.75,1154.0,1153.75,1153.75,8
2026-02-20 09:45:00+00:00,1153.75,1153.75,1153.25,1153.25,12
2026-02-20 09:50:00+00:00,1153.25,1153.25,1152.25,1152.75,50
2026-02-20 09:55:00+00:00,1152.5,1153.25,1152.5,1152.75,41
2026-02-20 10:00:00+00:00,1152.75,1152.75,1152.25,1152.25,5
2026-02-20 10:05:00+00:00,1152.5,1152.5,1152.25,1152.25,43
2026-02-20 10:10:00+00:00,1152.5,1152.5,1152.0,1152.25,27
2026-02-20 10:15:00+00:00,1152.25,1153.0,1152.25,1152.75,29
2026-02-20 10:20:00+00:00,1152.75,1153.0,1152.75,1152.75,24
2026-02-20 10:25:00+00:00,1153.0,1153.0,1152.75,1152.75,8
2026-02-20 10:30:00+00:00,1153.0,1153.25,1153.0,1153.0,10
2026-02-20 10:35:00+00:00,1153.0,1153.0,1153.0,1153.0,7
2026-02-20 10:40:00+00:00,1153.25,1153.5,1153.25,1153.5,75
2026-02-20 10:45:00+00:00,1153.5,1153.75,1153.0,1153.25,26
2026-02-20 10:50:00+00:00,1153.25,1153.25,1153.0,1153.25,7
2026-02-20 10:55:00+00:00,1153.0,1153.5,1153.0,1153.5,22
2026-02-20 11:00:00+00:00,1153.25,1153.5,1153.0,1153.25,324
2026-02-20 11:05:00+00:00,1153.25,1153.5,1153.25,1153.5,22
2026-02-20 11:10:00+00:00,1153.75,1153.75,1152.75,1152.75,48
2026-02-20 11:15:00+00:00,1152.75,1153.5,1152.75,1153.5,43
2026-02-20 11:20:00+00:00,1153.5,1153.75,1153.25,1153.75,31
2026-02-20 11:25:00+00:00,1154.0,1154.0,1153.25,1153.5,202
2026-02-20 11:30:00+00:00,1153.75,1153.75,1153.25,1153.5,23
2026-02-20 11:35:00+00:00,1153.5,1154.25,1153.5,1154.25,119
2026-02-20 11:40:00+00:00,1154.25,1154.25,1153.75,1154.0,33
2026-02-20 11:45:00+00:00,1154.25,1154.5,1154.25,1154.5,95
2026-02-20 11:50:00+00:00,1154.5,1154.5,1153.25,1153.25,64
2026-02-20 11:55:00+00:00,1153.5,1153.75,1153.0,1153.0,91
2026-02-20 12:00:00+00:00,1152.75,1153.0,1152.0,1153.0,145
2026-02-20 12:05:00+00:00,1153.0,1153.0,1152.75,1153.0,101
2026-02-20 12:10:00+00:00,1152.75,1153.75,1152.5,1153.25,231
2026-02-20 12:15:00+00:00,1153.5,1153.75,1152.5,1152.75,115
2026-02-20 12:20:00+00:00,1152.75,1153.5,1152.5,1153.5,90
2026-02-20 12:25:00+00:00,1153.25,1154.0,1153.25,1153.75,162
2026-02-20 12:30:00+00:00,1154.0,1154.5,1154.0,1154.5,317
2026-02-20 12:35:00+00:00,1154.75,1154.75,1154.0,1154.25,99
2026-02-20 12:40:00+00:00,1154.5,1154.5,1154.0,1154.25,85
2026-02-20 12:45:00+00:00,1154.25,1155.0,1154.0,1155.0,991
2026-02-20 12:50:00+00:00,1155.0,1155.25,1154.5,1154.75,645
2026-02-20 12:55:00+00:00,1155.0,1157.25,1154.75,1156.75,794
2026-02-20 13:00:00+00:00,1157.0,1157.25,1156.25,1156.75,229
2026-02-20 13:05:00+00:00,1156.75,1157.0,1156.25,1156.75,161
2026-02-20 13:10:00+00:00,1156.75,1157.0,1156.25,1156.5,530
2026-02-20 13:15:00+00:00,1156.5,1156.5,1156.0,1156.25,111
2026-02-20 13:20:00+00:00,1156.0,1156.0,1155.0,1155.75,345
2026-02-20 13:25:00+00:00,1155.75,1156.5,1155.5,1156.5,223
2026-02-20 13:30:00+00:00,1156.5,1157.5,1156.0,1157.0,359
2026-02-20 13:35:00+00:00,1157.25,1158.25,1157.25,1158.25,548
2026-02-20 13:40:00+00:00,1158.25,1160.0,1158.0,1159.5,1399
2026-02-20 14:30:00+00:00,1159.0,1162.5,1158.25,1162.25,6326
2026-02-20 14:35:00+00:00,1162.25,1162.5,1160.25,1161.0,3038
2026-02-20 14:40:00+00:00,1161.25,1161.5,1160.25,1161.0,1734
2026-02-20 14:45:00+00:00,1161.0,1162.25,1160.5,1161.5,2044
2026-02-20 14:50:00+00:00,1161.5,1161.75,1160.5,1160.75,3309
2026-02-20 14:55:00+00:00,1161.0,1162.0,1160.5,1161.75,979
2026-02-20 15:00:00+00:00,1161.75,1163.0,1140.0,1144.0,16951
2026-02-20 15:05:00+00:00,1144.25,1153.25,1141.75,1152.75,11424
2026-02-20 15:10:00+00:00,1153.0,1154.5,1151.5,1152.25,3264
2026-02-20 15:15:00+00:00,1152.25,1153.0,1151.25,1151.75,2278
2026-02-20 15:20:00+00:00,1151.75,1154.5,1150.25,1150.25,1680
2026-02-20 15:25:00+00:00,1150.25,1150.5,1147.25,1148.25,9116
2026-02-20 15:30:00+00:00,1148.0,1149.25,1141.5,1142.5,6112
2026-02-20 15:35:00+00:00,1142.5,1142.75,1136.5,1141.5,13586
2026-02-20 15:40:00+00:00,1141.75,1144.25,1140.75,1144.25,5927
2026-02-20 15:45:00+00:00,1144.5,1146.25,1142.75,1144.75,2923
2026-02-20 15:50:00+00:00,1144.75,1146.75,1144.75,1145.75,3894
2026-02-20 15:55:00+00:00,1145.75,1146.75,1145.0,1146.0,2276
2026-02-20 16:00:00+00:00,1146.0,1147.75,1145.75,1147.25,1930
2026-02-20 16:05:00+00:00,1147.25,1149.25,1147.25,1148.25,1632
2026-02-20 16:10:00+00:00,1148.25,1150.0,1148.25,1150.0,2532
2026-02-20 16:15:00+00:00,1149.75,1151.0,1149.5,1150.75,3459
2026-02-20 16:20:00+00:00,1150.75,1151.75,1150.5,1151.0,2536
2026-02-20 16:25:00+00:00,1151.0,1151.25,1149.75,1151.0,2189
2026-02-20 16:30:00+00:00,1151.0,1153.0,1151.0,1151.25,2273
2026-02-20 16:35:00+00:00,1151.5,1151.75,1150.75,1151.25,599
2026-02-20 16:40:00+00:00,1151.5,1152.75,1151.0,1152.25,850
2026-02-20 16:45:00+00:00,1152.25,1153.25,1151.0,1151.5,1499
2026-02-20 16:50:00+00:00,1151.25,1151.75,1150.5,1151.5,1189
2026-02-20 16:55:00+00:00,1151.5,1152.0,1150.5,1151.75,837
2026-02-20 17:00:00+00:00,1152.0,1154.5,1151.5,1154.5,1326
2026-02-20 17:05:00+00:00,1154.5,1155.25,1154.0,1155.0,1702
2026-02-20 17:10:00+00:00,1155.0,1155.75,1154.0,1155.25,850
2026-02-20 17:15:00+00:00,1155.0,1155.75,1154.25,1154.75,861
2026-02-20 17:20:00+00:00,1154.75,1155.0,1150.75,1151.25,2590
2026-02-20 17:25:00+00:00,1151.25,1152.5,1150.75,1151.75,844
2026-02-20 17:30:00+00:00,1152.0,1152.75,1151.75,1152.25,680
2026-02-20 17:35:00+00:00,1152.0,1152.5,1151.5,1152.0,681
2026-02-20 17:40:00+00:00,1152.0,1152.25,1150.5,1152.0,1121
2026-02-20 17:45:00+00:00,1152.0,1153.5,1152.0,1153.0,1253
2026-02-20 17:50:00+00:00,1152.75,1153.5,1152.0,1152.25,712
2026-02-20 17:55:00+00:00,1152.25,1154.0,1152.0,1153.75,1457
2026-02-20 18:00:00+00:00,1153.75,1154.5,1152.5,1153.75,1151
2026-02-20 18:05:00+00:00,1153.75,1153.75,1152.75,1153.5,413
2026-02-20 18:10:00+00:00,1153.75,1154.25,1153.5,1153.75,669
2026-02-20 18:15:00+00:00,1153.5,1153.5,1152.25,1153.0,1393
2026-02-20 18:20:00+00:00,1152.75,1153.25,1151.5,1152.25,4503
2026-02-20 18:25:00+00:00,1152.5,1152.75,1152.0,1152.25,411
2026-02-20 18:30:00+00:00,1152.25,1152.25,1148.75,1149.25,5943
2026-02-20 18:35:00+00:00,1149.25,1154.0,1146.75,1154.0,3576
2026-02-20 18:40:00+00:00,1154.25,1154.5,1153.75,1153.75,967
2026-02-20 18:45:00+00:00,1153.75,1154.25,1152.75,1152.75,786
2026-02-20 18:50:00+00:00,1153.0,1153.5,1152.0,1152.25,664
2026-02-20 18:55:00+00:00,1152.5,1153.5,1152.25,1152.75,718
2026-02-20 19:00:00+00:00,1152.75,1153.5,1152.0,1152.75,770
2026-02-20 19:05:00+00:00,1152.75,1153.0,1152.0,1152.5,896
2026-02-20 19:10:00+00:00,1152.5,1154.0,1151.75,1153.25,3440
2026-02-20 19:15:00+00:00,1153.0,1154.0,1152.75,1153.25,2660
2026-02-23 01:00:00+00:00,1149.5,1149.75,1145.25,1148.5,1723
2026-02-23 01:05:00+00:00,1148.75,1149.5,1148.25,1148.25,308
2026-02-23 01:10:00+00:00,1148.5,1148.75,1147.25,1147.5,233
2026-02-23 01:15:00+00:00,1147.25,1147.5,1146.75,1147.0,101
2026-02-23 01:20:00+00:00,1147.0,1147.5,1146.5,1147.0,487
2026-02-23 01:25:00+00:00,1147.0,1147.75,1146.5,1147.25,339
2026-02-23 01:30:00+00:00,1147.25,1148.25,1146.75,1147.75,147
2026-02-23 01:35:00+00:00,1148.0,1148.25,1147.75,1147.75,171
2026-02-23 01:40:00+00:00,1147.75,1148.0,1147.5,1147.75,19
2026-02-23 01:45:00+00:00,1147.5,1147.5,1147.0,1147.5,25
2026-02-23 01:50:00+00:00,1147.25,1147.5,1147.0,1147.25,64
2026-02-23 01:55:00+00:00,1147.0,1147.25,1147.0,1147.0,57
2026-02-23 02:00:00+00:00,1147.0,1147.0,1146.25,1146.25,102
2026-02-23 02:05:00+00:00,1146.5,1146.5,1146.0,1146.5,41
2026-02-23 02:10:00+00:00,1146.5,1147.0,1146.5,1146.5,623
2026-02-23 02:15:00+00:00,1146.25,1146.25,1146.0,1146.0,130
2026-02-23 02:20:00+00:00,1146.0,1146.25,1145.25,1145.75,144
2026-02-23 02:25:00+00:00,1145.75,1146.25,1145.5,1145.5,126
2026-02-23 02:30:00+00:00,1145.5,1145.75,1145.25,1145.75,252
2026-02-23 02:35:00+00:00,1145.5,1145.5,1145.0,1145.0,216
2026-02-23 02:40:00+00:00,1145.5,1145.75,1145.25,1145.5,85
2026-02-23 02:45:00+00:00,1145.5,1145.75,1145.25,1145.75,52
2026-02-23 02:50:00+00:00,1145.5,1145.75,1145.5,1145.5,16
2026-02-23 02:55:00+00:00,1145.75,1146.0,1145.75,1146.0,21
2026-02-23 03:00:00+00:00,1145.75,1146.25,1145.5,1145.75,23
2026-02-23 03:05:00+00:00,1146.0,1146.0,1146.0,1146.0,13
2026-02-23 03:10:00+00:00,1145.75,1146.0,1145.5,1145.75,145
2026-02-23 03:15:00+00:00,1145.75,1146.0,1144.5,1144.5,179
2026-02-23 03:20:00+00:00,1144.5,1144.75,1144.0,1144.25,307
2026-02-23 03:25:00+00:00,1144.5,1144.5,1144.0,1144.0,80
2026-02-23 03:30:00+00:00,1144.5,1144.5,1143.5,1143.75,363
2026-02-23 03:35:00+00:00,1143.75,1144.75,1143.75,1144.5,107
2026-02-23 03:40:00+00:00,1144.75,1145.0,1144.75,1145.0,60
2026-02-23 03:45:00+00:00,1145.0,1145.5,1145.0,1145.25,68
2026-02-23 03:50:00+00:00,1145.0,1145.0,1145.0,1145.0,18
2026-02-23 03:55:00+00:00,1145.0,1145.0,1145.0,1145.0,14
2026-02-23 04:00:00+00:00,1145.0,1145.25,1145.0,1145.25,22
2026-02-23 04:05:00+00:00,1145.5,1145.5,1145.5,1145.5,30
2026-02-23 04:10:00+00:00,1145.5,1146.5,1145.5,1146.0,161
2026-02-23 04:15:00+00:00,1145.75,1145.75,1145.75,1145.75,8
2026-02-23 04:20:00+00:00,1145.5,1145.5,1145.25,1145.25,29
2026-02-23 04:25:00+00:00,1145.25,1146.0,1145.25,1145.75,55
2026-02-23 04:30:00+00:00,1145.5,1145.75,1145.5,1145.75,11
2026-02-23 04:35:00+00:00,1145.75,1145.75,1145.5,1145.75,27
2026-02-23 04:40:00+00:00,1146.0,1146.0,1145.75,1146.0,42
2026-02-23 04:45:00+00:00,1146.0,1146.0,1146.0,1146.0,17
2026-02-23 04:50:00+00:00,1146.25,1146.25,1146.25,1146.25,8
2026-02-23 04:55:00+00:00,1146.25,1146.5,1146.25,1146.5,10
2026-02-23 05:00:00+00:00,1146.25,1146.25,1146.25,1146.25,22
2026-02-23 05:05:00+00:00,1146.0,1146.25,1146.0,1146.0,16
2026-02-23 05:10:00+00:00,1146.25,1146.5,1146.25,1146.25,38
2026-02-23 05:15:00+00:00,1146.25,1146.25,1146.25,1146.25,16
2026-02-23 05:20:00+00:00,1146.0,1146.25,1146.0,1146.25,7
2026-02-23 05:25:00+00:00,1146.25,1146.25,1146.25,1146.25,12
2026-02-23 05:30:00+00:00,1146.0,1146.75,1146.0,1146.75,67
2026-02-23 05:35:00+00:00,1146.75,1146.75,1146.5,1146.5,24
2026-02-23 05:40:00+00:00,1146.75,1146.75,1146.5,1146.5,18
2026-02-23 05:45:00+00:00,1146.25,1146.25,1145.75,1146.0,150
2026-02-23 05:50:00+00:00,1146.0,1146.25,1146.0,1146.0,11
2026-02-23 05:55:00+00:00,1146.25,1146.25,1146.25,1146.25,18
2026-02-23 06:05:00+00:00,1146.5,1146.5,1146.5,1146.5,25
2026-02-23 06:15:00+00:00,1146.75,1146.75,1146.75,1146.75,22
2026-02-23 06:20:00+00:00,1147.0,1147.75,1147.0,1147.25,103
2026-02-23 06:25:00+00:00,1147.0,1147.0,1147.0,1147.0,12
2026-02-23 06:30:00+00:00,1147.0,1147.0,1146.75,1146.75,21
2026-02-23 06:40:00+00:00,1146.5,1146.5,1146.5,1146.5,5
2026-02-23 06:45:00+00:00,1146.5,1146.5,1146.5,1146.5,12
2026-02-23 06:50:00+00:00,1146.75,1146.75,1146.5,1146.5,23
2026-02-23 07:00:00+00:00,1146.5,1147.0,1146.25,1146.75,38
2026-02-23 07:05:00+00:00,1146.5,1146.75,1146.5,1146.75,19
2026-02-23 07:10:00+00:00,1146.75,1146.75,1146.5,1146.75,21
2026-02-23 07:15:00+00:00,1146.75,1147.0,1146.75,1147.0,9
2026-02-23 07:20:00+00:00,1147.0,1147.0,1146.75,1146.75,31
2026-02-23 07:25:00+00:00,1147.0,1147.0,1146.5,1146.5,33
2026-02-23 07:30:00+00:00,1146.75,1146.75,1145.25,1145.25,139
2026-02-23 07:35:00+00:00,1145.5,1146.0,1145.5,1145.5,91
2026-02-23 07:40:00+00:00,1145.75,1146.0,1145.5,1145.5,596
2026-02-23 07:45:00+00:00,1145.5,1145.75,1145.5,1145.75,26
2026-02-23 07:50:00+00:00,1145.5,1145.5,1145.25,1145.25,26
2026-02-23 07:55:00+00:00,1145.25,1146.25,1145.25,1146.0,123
2026-02-23 08:00:00+00:00,1146.25,1146.5,1145.25,1145.5,372
2026-02-23 08:05:00+00:00,1145.75,1146.25,1145.75,1146.25,102
2026-02-23 08:10:00+00:00,1146.25,1146.75,1146.25,1146.75,34
2026-02-23 08:15:00+00:00,1146.75,1147.0,1146.75,1146.75,24
2026-02-23 08:20:00+00:00,1146.75,1148.75,1146.75,1148.75,294
2026-02-23 08:25:00+00:00,1148.75,1150.0,1148.5,1149.25,185
2026-02-23 08:30:00+00:00,1149.0,1149.25,1148.5,1149.0,73
2026-02-23 08:35:00+00:00,1149.0,1149.25,1147.75,1148.0,302
2026-02-23 08:40:00+00:00,1148.0,1148.0,1147.5,1147.75,46
2026-02-23 08:45:00+00:00,1147.75,1147.75,1147.25,1147.25,44
2026-02-23 08:50:00+00:00,1147.25,1147.5,1147.25,1147.5,11
2026-02-23 08:55:00+00:00,1147.5,1147.5,1147.5,1147.5,36
2026-02-23 09:00:00+00:00,1147.5,1149.0,1147.5,1149.0,206
2026-02-23 09:05:00+00:00,1149.0,1149.0,1148.75,1148.75,28
2026-02-23 09:10:00+00:00,1148.75,1149.0,1148.25,1148.5,138
2026-02-23 09:15:00+00:00,1148.5,1148.5,1148.25,1148.25,11
2026-02-23 09:20:00+00:00,1148.0,1148.0,1147.75,1147.75,16
2026-02-23 09:25:00+00:00,1147.5,1147.75,1147.25,1147.5,37
2026-02-23 09:30:00+00:00,1147.75,1148.25,1147.75,1148.0,16
2026-02-23 09:35:00+00:00,1148.25,1148.25,1147.75,1147.75,91
2026-02-23 09:40:00+00:00,1147.75,1148.0,1147.75,1147.75,39
2026-02-23 09:45:00+00:00,1148.0,1148.25,1147.75,1148.25,229
2026-02-23 09:50:00+00:00,1148.0,1148.0,1147.5,1147.5,119
2026-02-23 09:55:00+00:00,1147.5,1147.5,1146.75,1146.75,109
2026-02-23 10:00:00+00:00,1146.5,1147.25,1146.0,1146.25,153
2026-02-23 10:05:00+00:00,1146.25,1147.0,1146.25,1147.0,143
2026-02-23 10:10:00+00:00,1147.0,1147.0,1146.75,1147.0,278
2026-02-23 10:15:00+00:00,1146.75,1146.75,1146.25,1146.5,53
2026-02-23 10:20:00+00:00,1146.25,1146.75,1146.25,1146.5,33
2026-02-23 10:25:00+00:00,1146.75,1146.75,1145.75,1146.75,116
2026-02-23 10:30:00+00:00,1146.75,1147.0,1146.75,1147.0,972
2026-02-23 10:35:00+00:00,1147.0,1147.75,1147.0,1147.0,259
2026-02-23 10:40:00+00:00,1147.0,1147.25,1146.5,1146.5,705
2026-02-23 10:45:00+00:00,1146.25,1146.5,1146.0,1146.0,26
2026-02-23 10:50:00+00:00,1145.75,1146.0,1145.5,1145.75,72
2026-02-23 10:55:00+00:00,1145.5,1145.5,1144.25,1145.25,816
2026-02-23 11:00:00+00:00,1145.25,1146.0,1145.25,1145.5,205
2026-02-23 11:05:00+00:00,1145.75,1146.5,1145.5,1146.25,216
2026-02-23 11:10:00+00:00,1146.0,1146.0,1145.75,1145.75,57
2026-02-23 11:15:00+00:00,1145.75,1146.0,1145.25,1145.5,76
2026-02-23 11:20:00+00:00,1145.5,1145.5,1144.5,1144.5,170
2026-02-23 11:25:00+00:00,1144.5,1145.25,1144.5,1145.0,280
2026-02-23 11:30:00+00:00,1145.0,1145.25,1144.75,1145.25,255
2026-02-23 11:35:00+00:00,1145.5,1145.5,1144.5,1144.5,286
2026-02-23 11:40:00+00:00,1144.5,1144.5,1143.75,1144.5,232
2026-02-23 11:45:00+00:00,1144.5,1144.75,1144.0,1144.5,274
2026-02-23 11:50:00+00:00,1144.25,1145.0,1144.0,1144.75,185
2026-02-23 11:55:00+00:00,1144.5,1144.5,1144.25,1144.25,101
2026-02-23 12:00:00+00:00,1144.25,1144.75,1143.25,1143.5,263
2026-02-23 12:05:00+00:00,1143.5,1144.0,1143.0,1143.75,236
2026-02-23 12:10:00+00:00,1144.0,1144.25,1143.75,1144.0,95
2026-02-23 12:15:00+00:00,1144.25,1144.75,1144.0,1144.25,450
2026-02-23 12:20:00+00:00,1144.25,1144.75,1144.0,1144.0,148
2026-02-23 12:25:00+00:00,1144.0,1144.5,1143.75,1144.0,102
2026-02-23 12:30:00+00:00,1144.0,1144.75,1143.75,1143.75,87
2026-02-23 12:35:00+00:00,1143.75,1144.0,1143.5,1144.0,137
2026-02-23 12:40:00+00:00,1143.75,1144.0,1143.5,1143.5,103
2026-02-23 12:45:00+00:00,1143.75,1144.0,1143.75,1143.75,67
2026-02-23 12:50:00+00:00,1143.75,1144.5,1143.75,1144.25,99
2026-02-23 12:55:00+00:00,1144.25,1144.25,1143.75,1144.25,78
2026-02-23 13:00:00+00:00,1144.25,1144.75,1143.5,1143.75,224
2026-02-23 13:05:00+00:00,1143.75,1144.0,1143.0,1144.0,226
2026-02-23 13:10:00+00:00,1143.75,1146.0,1143.75,1146.0,1186
2026-02-23 13:15:00+00:00,1145.5,1147.25,1145.5,1147.0,371
2026-02-23 13:20:00+00:00,1147.0,1147.25,1146.75,1147.0,285
2026-02-23 13:25:00+00:00,1147.0,1148.25,1147.0,1147.75,219
2026-02-23 13:30:00+00:00,1148.0,1148.0,1147.25,1147.25,163
2026-02-23 13:35:00+00:00,1147.0,1148.0,1147.0,1147.75,281
2026-02-23 13:40:00+00:00,1147.5,1147.75,1146.75,1147.0,118
2026-02-23 14:30:00+00:00,1146.75,1154.25,1146.75,1154.0,11018
2026-02-23 14:35:00+00:00,1154.25,1156.75,1152.75,1156.25,6416
2026-02-23 14:40:00+00:00,1156.25,1156.75,1154.75,1154.75,12869
2026-02-23 14:45:00+00:00,1154.75,1156.5,1153.75,1156.0,8824
2026-02-23 14:50:00+00:00,1156.0,1157.5,1155.0,1156.5,3217
2026-02-23 14:55:00+00:00,1156.5,1157.75,1156.25,1157.5,4612
2026-02-23 15:00:00+00:00,1157.25,1158.0,1157.0,1157.25,2018
2026-02-23 15:05:00+00:00,1157.25,1158.75,1157.25,1158.0,1458
2026-02-23 15:10:00+00:00,1158.0,1159.25,1158.0,1158.5,5030
2026-02-23 15:15:00+00:00,1158.25,1158.25,1155.75,1157.25,3732
2026-02-23 15:20:00+00:00,1157.25,1159.0,1156.75,1158.5,1442
2026-02-23 15:25:00+00:00,1158.75,1159.25,1158.25,1159.0,1386
2026-02-23 15:30:00+00:00,1158.75,1159.5,1157.75,1159.25,1978
2026-02-23 15:35:00+00:00,1159.25,1159.75,1158.5,1159.75,1117
2026-02-23 15:40:00+00:00,1159.75,1162.0,1159.5,1162.0,2808
2026-02-23 15:45:00+00:00,1161.75,1161.75,1160.25,1161.0,2988
2026-02-23 15:50:00+00:00,1161.0,1161.25,1159.25,1160.0,2072
2026-02-23 15:55:00+00:00,1160.0,1160.25,1159.0,1159.5,1859
2026-02-23 16:00:00+00:00,1159.5,1161.0,1159.0,1159.75,885
2026-02-23 16:05:00+00:00,1160.25,1161.75,1159.75,1161.0,3558
2026-02-23 16:10:00+00:00,1161.25,1162.0,1160.75,1161.5,1108
2026-02-23 16:15:00+00:00,1161.75,1164.25,1161.75,1163.75,2489
2026-02-23 16:20:00+00:00,1163.75,1165.0,1163.5,1164.5,1107
2026-02-23 16:25:00+00:00,1164.5,1164.5,1163.75,1164.25,857
2026-02-23 16:30:00+00:00,1164.25,1164.25,1163.25,1164.25,982
2026-02-23 16:35:00+00:00,1164.25,1164.25,1162.25,1162.75,1867
2026-02-23 16:40:00+00:00,1163.0,1163.25,1161.5,1162.75,1000
2026-02-23 16:45:00+00:00,1162.75,1164.0,1162.5,1163.75,643
2026-02-23 16:50:00+00:00,1163.75,1164.0,1163.25,1163.75,808
2026-02-23 16:55:00+00:00,1163.75,1164.5,1163.5,1163.75,1205
2026-02-23 17:00:00+00:00,1163.75,1163.75,1163.0,1163.0,781
2026-02-23 17:05:00+00:00,1163.25,1163.75,1163.0,1163.0,675
2026-02-23 17:10:00+00:00,1163.25,1163.5,1161.25,1162.5,1210
2026-02-23 17:15:00+00:00,1162.25,1163.0,1161.5,1162.0,645
2026-02-23 17:20:00+00:00,1162.0,1162.25,1159.25,1160.25,2124
2026-02-23 17:25:00+00:00,1160.25,1160.25,1158.75,1159.25,865
2026-02-23 17:30:00+00:00,1159.25,1159.25,1158.0,1158.25,902
2026-02-23 17:35:00+00:00,1158.25,1158.25,1156.25,1156.75,985
2026-02-23 17:40:00+00:00,1156.75,1157.75,1156.0,1157.0,1746
2026-02-23 17:45:00+00:00,1157.0,1157.25,1155.5,1156.0,4319
2026-02-23 17:50:00+00:00,1156.0,1156.25,1154.75,1155.5,695
2026-02-23 17:55:00+00:00,1155.5,1155.5,1154.75,1155.25,675
2026-02-23 18:00:00+00:00,1155.0,1155.5,1154.5,1154.75,656
2026-02-23 18:05:00+00:00,1154.75,1155.25,1154.5,1154.75,2497
2026-02-23 18:10:00+00:00,1154.75,1155.0,1154.5,1154.75,710
2026-02-23 18:15:00+00:00,1154.75,1155.0,1153.5,1153.75,1956
2026-02-23 18:20:00+00:00,1153.75,1153.75,1152.75,1153.0,589
2026-02-23 18:25:00+00:00,1153.0,1153.25,1152.5,1152.5,839
2026-02-23 18:30:00+00:00,1152.5,1152.5,1150.25,1150.75,3959
2026-02-23 18:35:00+00:00,1150.5,1150.5,1149.5,1150.0,1054
2026-02-23 18:40:00+00:00,1150.0,1150.25,1149.5,1149.75,581
2026-02-23 18:45:00+00:00,1150.0,1150.25,1149.25,1150.0,805
2026-02-23 18:50:00+00:00,1150.0,1150.25,1149.0,1149.0,1369
2026-02-23 18:55:00+00:00,1148.75,1149.25,1148.0,1148.75,1766
2026-02-23 19:00:00+00:00,1148.75,1150.25,1148.25,1149.75,5526
2026-02-23 19:05:00+00:00,1149.75,1150.0,1148.75,1149.5,2161
2026-02-23 19:10:00+00:00,1149.5,1150.5,1149.0,1149.0,5715
2026-02-23 19:15:00+00:00,1149.0,1150.75,1148.75,1150.25,2893
2026-02-24 01:00:00+00:00,1150.0,1152.5,1150.0,1152.25,0
2026-02-24 01:05:00+00:00,1152.25,1152.25,1150.5,1150.75,251
2026-02-24 01:10:00+00:00,1151.0,1151.5,1147.75,1147.75,2381
2026-02-24 01:15:00+00:00,1147.75,1148.0,1146.25,1146.5,877
2026-02-24 01:20:00+00:00,1146.5,1147.5,1146.25,1146.25,212
2026-02-24 01:25:00+00:00,1146.25,1146.5,1145.75,1146.0,442
2026-02-24 01:30:00+00:00,1146.25,1146.5,1145.5,1145.75,183
2026-02-24 01:35:00+00:00,1145.75,1147.0,1145.5,1147.0,260
2026-02-24 01:40:00+00:00,1147.0,1149.0,1147.0,1147.25,521
2026-02-24 01:45:00+00:00,1147.25,1147.25,1146.5,1147.0,195
2026-02-24 01:50:00+00:00,1147.0,1147.25,1146.75,1147.0,29
2026-02-24 01:55:00+00:00,1147.0,1147.25,1146.5,1147.0,30
2026-02-24 02:00:00+00:00,1147.25,1148.0,1147.25,1147.5,127
2026-02-24 02:05:00+00:00,1147.75,1148.5,1147.75,1148.25,35
2026-02-24 02:10:00+00:00,1148.0,1148.25,1147.75,1148.25,95
2026-02-24 02:15:00+00:00,1148.25,1148.5,1148.25,1148.25,12
2026-02-24 02:20:00+00:00,1148.25,1148.5,1148.25,1148.5,80
2026-02-24 02:25:00+00:00,1148.5,1148.5,1148.0,1148.25,142
2026-02-24 02:30:00+00:00,1148.0,1148.75,1148.0,1148.75,79
2026-02-24 02:35:00+00:00,1148.75,1148.75,1148.25,1148.25,26
2026-02-24 02:40:00+00:00,1148.25,1148.5,1147.5,1147.75,79
2026-02-24 02:45:00+00:00,1147.75,1148.25,1147.75,1147.75,91
2026-02-24 02:50:00+00:00,1147.5,1148.25,1147.5,1148.25,29
2026-02-24 02:55:00+00:00,1148.0,1148.5,1148.0,1148.0,73
2026-02-24 03:00:00+00:00,1147.75,1147.75,1146.75,1147.0,213
2026-02-24 03:05:00+00:00,1147.25,1147.25,1147.0,1147.25,30
2026-02-24 03:10:00+00:00,1147.25,1147.25,1147.0,1147.25,46
2026-02-24 03:15:00+00:00,1147.0,1147.0,1146.75,1146.75,12
2026-02-24 03:20:00+00:00,1146.75,1147.0,1146.75,1147.0,12
2026-02-24 03:25:00+00:00,1147.0,1147.25,1147.0,1147.25,12
2026-02-24 03:30:00+00:00,1147.25,1147.25,1146.5,1146.75,9
2026-02-24 03:35:00+00:00,1147.0,1147.0,1147.0,1147.0,3
2026-02-24 03:40:00+00:00,1147.0,1147.25,1147.0,1147.25,3
2026-02-24 03:50:00+00:00,1146.75,1146.75,1146.75,1146.75,14
2026-02-24 03:55:00+00:00,1146.75,1147.0,1146.75,1147.0,24
2026-02-24 04:00:00+00:00,1147.25,1147.25,1147.0,1147.0,12
2026-02-24 04:05:00+00:00,1147.0,1147.0,1146.75,1146.75,17
2026-02-24 04:10:00+00:00,1146.75,1147.5,1146.5,1147.5,303
2026-02-24 04:15:00+00:00,1147.25,1147.25,1147.0,1147.25,17
2026-02-24 04:20:00+00:00,1147.25,1147.25,1147.25,1147.25,2
2026-02-24 04:25:00+00:00,1147.0,1147.0,1146.75,1146.75,17
2026-02-24 04:30:00+00:00,1146.75,1146.75,1146.75,1146.75,1
2026-02-24 04:35:00+00:00,1146.5,1146.5,1146.25,1146.25,49
2026-02-24 04:40:00+00:00,1146.25,1146.25,1146.25,1146.25,5
2026-02-24 04:45:00+00:00,1146.25,1146.5,1146.25,1146.5,17
2026-02-24 04:50:00+00:00,1146.5,1146.75,1146.5,1146.75,22
2026-02-24 04:55:00+00:00,1146.75,1146.75,1146.75,1146.75,1
2026-02-24 05:05:00+00:00,1146.25,1146.25,1146.25,1146.25,11
2026-02-24 05:10:00+00:00,1146.25,1146.25,1146.25,1146.25,9
2026-02-24 05:15:00+00:00,1146.25,1146.25,1146.25,1146.25,32
2026-02-24 05:20:00+00:00,1146.0,1146.25,1146.0,1146.25,3
2026-02-24 05:25:00+00:00,1146.0,1146.0,1145.75,1145.75,81
2026-02-24 05:30:00+00:00,1145.75,1145.75,1144.5,1144.75,258
2026-02-24 05:35:00+00:00,1144.75,1145.25,1144.75,1145.0,30
2026-02-24 05:40:00+00:00,1145.0,1145.5,1144.75,1145.5,29
2026-02-24 05:45:00+00:00,1145.5,1145.75,1145.25,1145.75,29
2026-02-24 05:50:00+00:00,1145.75,1145.75,1145.5,1145.75,735
2026-02-24 05:55:00+00:00,1145.75,1146.0,1145.75,1146.0,23
2026-02-24 06:00:00+00:00,1145.75,1146.0,1145.75,1145.75,18
2026-02-24 06:05:00+00:00,1145.75,1145.75,1145.5,1145.75,8
2026-02-24 06:10:00+00:00,1145.75,1146.5,1145.75,1146.0,317
2026-02-24 06:15:00+00:00,1146.25,1146.5,1146.0,1146.0,69
2026-02-24 06:20:00+00:00,1145.75,1146.0,1145.25,1145.5,21
2026-02-24 06:25:00+00:00,1145.5,1146.0,1145.25,1145.75,86
2026-02-24 06:30:00+00:00,1145.5,1145.75,1145.5,1145.75,17
2026-02-24 06:35:00+00:00,1145.75,1145.75,1144.75,1144.75,42
2026-02-24 06:40:00+00:00,1145.0,1145.25,1144.0,1144.25,336
2026-02-24 06:45:00+00:00,1144.25,1145.0,1144.25,1145.0,41
2026-02-24 06:50:00+00:00,1145.0,1145.0,1144.75,1144.75,21
2026-02-24 06:55:00+00:00,1144.75,1145.0,1144.75,1144.75,309
2026-02-24 07:00:00+00:00,1144.75,1145.0,1144.75,1144.75,33
2026-02-24 07:05:00+00:00,1145.0,1145.0,1144.25,1144.75,115
2026-02-24 07:10:00+00:00,1144.5,1145.0,1144.5,1144.75,118
2026-02-24 07:15:00+00:00,1144.75,1145.0,1144.75,1145.0,13
2026-02-24 07:20:00+00:00,1144.75,1145.0,1144.5,1144.75,111
2026-02-24 07:25:00+00:00,1144.75,1144.75,1144.5,1144.75,29
2026-02-24 07:30:00+00:00,1144.75,1144.75,1144.25,1144.25,231
2026-02-24 07:35:00+00:00,1144.25,1144.5,1144.25,1144.25,128
2026-02-24 07:40:00+00:00,1144.0,1145.25,1144.0,1145.25,195
2026-02-24 07:45:00+00:00,1145.25,1145.25,1144.75,1144.75,294
2026-02-24 07:50:00+00:00,1144.5,1144.5,1144.25,1144.25,522
2026-02-24 07:55:00+00:00,1144.5,1144.75,1144.5,1144.75,12
2026-02-24 08:00:00+00:00,1144.75,1144.75,1144.5,1144.5,310
2026-02-24 08:05:00+00:00,1144.5,1144.5,1144.5,1144.5,84
2026-02-24 08:10:00+00:00,1144.75,1146.0,1144.75,1145.75,416
2026-02-24 08:15:00+00:00,1145.5,1147.5,1145.5,1147.25,1922
2026-02-24 08:20:00+00:00,1147.5,1148.75,1147.5,1148.25,662
2026-02-24 08:25:00+00:00,1148.5,1148.75,1147.5,1148.25,686
2026-02-24 08:30:00+00:00,1148.25,1148.25,1147.0,1147.0,190
2026-02-24 08:35:00+00:00,1147.0,1147.0,1146.0,1146.25,48
2026-02-24 08:40:00+00:00,1146.25,1146.25,1145.5,1145.5,232
2026-02-24 08:45:00+00:00,1145.5,1145.75,1145.25,1145.5,74
2026-02-24 08:50:00+00:00,1145.5,1145.5,1145.0,1145.25,100
2026-02-24 08:55:00+00:00,1145.25,1145.75,1145.25,1145.5,69
2026-02-24 09:00:00+00:00,1145.5,1145.75,1144.75,1145.0,87
2026-02-24 09:05:00+00:00,1144.75,1145.25,1144.5,1144.5,100
2026-02-24 09:10:00+00:00,1144.5,1145.0,1144.5,1145.0,136
2026-02-24 09:15:00+00:00,1144.75,1145.0,1144.25,1145.0,204
2026-02-24 09:20:00+00:00,1145.0,1145.25,1145.0,1145.0,34
2026-02-24 09:25:00+00:00,1145.25,1145.25,1145.25,1145.25,32
2026-02-24 09:30:00+00:00,1145.0,1145.25,1144.5,1145.0,151
2026-02-24 09:35:00+00:00,1145.0,1145.5,1145.0,1145.5,98
2026-02-24 09:40:00+00:00,1145.5,1145.75,1145.25,1145.25,93
2026-02-24 09:45:00+00:00,1145.25,1145.25,1144.75,1145.0,47
2026-02-24 09:50:00+00:00,1145.0,1145.5,1145.0,1145.5,76
2026-02-24 09:55:00+00:00,1145.5,1145.5,1144.75,1144.75,55
2026-02-24 10:00:00+00:00,1145.0,1145.0,1144.75,1144.75,87
2026-02-24 10:05:00+00:00,1145.0,1145.0,1144.5,1144.5,56
2026-02-24 10:10:00+00:00,1144.5,1144.5,1144.0,1144.25,223
2026-02-24 10:15:00+00:00,1144.25,1144.25,1144.0,1144.0,123
2026-02-24 10:20:00+00:00,1144.25,1145.0,1144.25,1144.5,152
2026-02-24 10:25:00+00:00,1144.5,1145.0,1144.25,1144.25,123
2026-02-24 10:30:00+00:00,1144.25,1144.5,1143.75,1143.75,356
2026-02-24 10:35:00+00:00,1144.0,1144.25,1143.5,1144.0,336
2026-02-24 10:40:00+00:00,1143.75,1145.25,1143.5,1145.0,363
2026-02-24 10:45:00+00:00,1144.75,1145.0,1144.5,1144.5,291
2026-02-24 10:50:00+00:00,1144.75,1145.0,1144.5,1145.0,24
2026-02-24 10:55:00+00:00,1145.0,1145.25,1145.0,1145.25,85
2026-02-24 11:00:00+00:00,1145.25,1146.0,1145.0,1146.0,102
2026-02-24 11:05:00+00:00,1146.25,1147.0,1146.0,1147.0,200
2026-02-24 11:10:00+00:00,1147.0,1147.25,1147.0,1147.25,140
2026-02-24 11:15:00+00:00,1147.0,1147.0,1146.25,1146.5,135
2026-02-24 11:20:00+00:00,1146.75,1146.75,1146.5,1146.75,124
2026-02-24 11:25:00+00:00,1146.75,1147.0,1146.75,1146.75,110
2026-02-24 11:30:00+00:00,1147.0,1147.0,1147.0,1147.0,67
2026-02-24 11:35:00+00:00,1146.75,1146.75,1145.75,1145.75,74
2026-02-24 11:40:00+00:00,1145.75,1146.25,1145.75,1146.25,33
2026-02-24 11:45:00+00:00,1146.0,1146.75,1146.0,1146.75,114
2026-02-24 11:50:00+00:00,1146.5,1146.5,1145.5,1145.5,331
2026-02-24 11:55:00+00:00,1145.75,1145.75,1144.75,1145.0,342
2026-02-24 12:00:00+00:00,1144.75,1145.75,1144.25,1145.75,189
2026-02-24 12:05:00+00:00,1145.5,1145.5,1145.0,1145.0,156
2026-02-24 12:10:00+00:00,1145.0,1145.25,1144.75,1145.0,88
2026-02-24 12:15:00+00:00,1145.0,1145.25,1144.75,1144.75,122
2026-02-24 12:20:00+00:00,1144.5,1144.75,1144.25,1144.5,91
2026-02-24 12:25:00+00:00,1144.5,1145.0,1144.5,1145.0,27
2026-02-24 12:30:00+00:00,1145.0,1145.5,1145.0,1145.25,90
2026-02-24 12:35:00+00:00,1145.25,1145.75,1145.25,1145.25,217
2026-02-24 12:40:00+00:00,1145.25,1145.75,1145.25,1145.25,184
2026-02-24 12:45:00+00:00,1145.25,1145.25,1143.75,1143.75,371
2026-02-24 12:50:00+00:00,1144.0,1144.5,1143.5,1144.5,246
2026-02-24 12:55:00+00:00,1144.5,1144.75,1144.25,1144.5,107
2026-02-24 13:00:00+00:00,1144.75,1145.25,1144.5,1144.75,230
2026-02-24 13:05:00+00:00,1144.75,1147.0,1144.75,1146.75,927
2026-02-24 13:10:00+00:00,1146.75,1147.25,1146.5,1147.0,1177
2026-02-24 13:15:00+00:00,1147.0,1147.0,1145.5,1145.5,1066
2026-02-24 13:20:00+00:00,1145.5,1146.25,1145.25,1145.25,307
2026-02-24 13:25:00+00:00,1145.5,1145.75,1145.0,1145.75,573
2026-02-24 13:30:00+00:00,1145.75,1146.0,1145.25,1145.5,100
2026-02-24 13:35:00+00:00,1145.25,1146.5,1145.25,1146.25,587
2026-02-24 13:40:00+00:00,1146.0,1147.25,1146.0,1147.0,1054
2026-02-24 14:30:00+00:00,1149.5,1152.0,1147.75,1148.75,11227
2026-02-24 14:35:00+00:00,1148.75,1149.25,1145.5,1149.25,4409
2026-02-24 14:40:00+00:00,1149.0,1156.0,1149.0,1155.5,12410
2026-02-24 14:45:00+00:00,1155.5,1155.75,1152.0,1152.0,6452
2026-02-24 14:50:00+00:00,1152.0,1154.75,1151.0,1154.0,2810
2026-02-24 14:55:00+00:00,1154.0,1155.0,1153.0,1154.75,3047
2026-02-24 15:00:00+00:00,1154.5,1156.25,1154.25,1154.25,3937
2026-02-24 15:05:00+00:00,1154.25,1154.75,1152.0,1153.25,5604
2026-02-24 15:10:00+00:00,1153.5,1154.5,1153.0,1154.25,3323
2026-02-24 15:15:00+00:00,1154.25,1155.75,1153.75,1155.25,2438
2026-02-24 15:20:00+00:00,1155.25,1157.5,1155.25,1157.0,4975
2026-02-24 15:25:00+00:00,1157.0,1157.25,1154.5,1156.0,1796
2026-02-24 15:30:00+00:00,1156.0,1156.25,1155.0,1156.25,1234
2026-02-24 15:35:00+00:00,1156.0,1156.75,1155.25,1155.75,965
2026-02-24 15:40:00+00:00,1155.75,1156.0,1154.5,1154.5,846
2026-02-24 15:45:00+00:00,1154.5,1155.75,1154.25,1155.25,1515
2026-02-24 15:50:00+00:00,1155.5,1156.75,1154.5,1156.5,1541
2026-02-24 15:55:00+00:00,1156.25,1157.75,1156.0,1157.0,1552
2026-02-24 16:00:00+00:00,1157.0,1157.0,1155.75,1155.75,1380
2026-02-24 16:05:00+00:00,1155.75,1155.75,1153.25,1153.25,1626
2026-02-24 16:10:00+00:00,1153.0,1156.0,1153.0,1155.75,996
2026-02-24 16:15:00+00:00,1155.5,1156.25,1155.25,1156.25,2287
2026-02-24 16:20:00+00:00,1156.0,1156.75,1155.75,1156.75,1231
2026-02-24 16:25:00+00:00,1156.75,1157.0,1156.0,1156.75,1872
2026-02-24 16:30:00+00:00,1157.0,1157.25,1156.5,1156.75,852
2026-02-24 16:35:00+00:00,1156.75,1157.0,1156.0,1156.5,1894
2026-02-24 16:40:00+00:00,1156.25,1157.25,1155.25,1155.5,1377
2026-02-24 16:45:00+00:00,1155.25,1155.75,1154.5,1155.75,1385
2026-02-24 16:50:00+00:00,1155.5,1156.25,1155.0,1155.0,666
2026-02-24 16:55:00+00:00,1155.0,1156.25,1155.0,1156.0,664
2026-02-24 17:00:00+00:00,1156.0,1156.25,1155.25,1155.25,760
2026-02-24 17:05:00+00:00,1155.25,1155.75,1154.75,1155.0,895
2026-02-24 17:10:00+00:00,1154.75,1155.25,1154.5,1155.0,862
2026-02-24 17:15:00+00:00,1154.75,1155.0,1154.0,1154.25,471
2026-02-24 17:20:00+00:00,1154.25,1156.0,1154.25,1155.25,757
2026-02-24 17:25:00+00:00,1155.25,1155.75,1155.0,1155.25,519
2026-02-24 17:30:00+00:00,1155.25,1156.25,1155.0,1156.0,641
2026-02-24 17:35:00+00:00,1156.25,1156.75,1155.5,1155.5,530
2026-02-24 17:40:00+00:00,1155.5,1156.0,1155.0,1155.0,1979
2026-02-24 17:45:00+00:00,1155.0,1155.5,1154.75,1154.75,793
2026-02-24 17:50:00+00:00,1154.75,1155.75,1154.0,1155.75,1171
2026-02-24 17:55:00+00:00,1155.75,1155.75,1154.5,1155.25,780
2026-02-24 18:00:00+00:00,1155.25,1155.75,1155.25,1155.75,349
2026-02-24 18:05:00+00:00,1155.75,1156.0,1155.5,1155.5,1268
2026-02-24 18:10:00+00:00,1155.75,1156.25,1155.25,1156.0,2164
2026-02-24 18:15:00+00:00,1156.0,1156.5,1155.75,1156.5,1406
2026-02-24 18:20:00+00:00,1156.25,1156.25,1155.5,1155.5,535
2026-02-24 18:25:00+00:00,1155.5,1156.25,1155.25,1155.75,666
2026-02-24 18:30:00+00:00,1156.0,1156.25,1155.5,1155.75,638
2026-02-24 18:35:00+00:00,1156.0,1156.25,1155.5,1155.75,582
2026-02-24 18:40:00+00:00,1155.75,1156.0,1155.0,1155.0,1622
2026-02-24 18:45:00+00:00,1155.0,1155.25,1154.75,1155.25,538
2026-02-24 18:50:00+00:00,1155.5,1155.75,1155.0,1155.75,330
2026-02-24 18:55:00+00:00,1155.75,1156.0,1155.25,1155.5,686
2026-02-24 19:00:00+00:00,1155.5,1155.75,1154.5,1154.75,953
2026-02-24 19:05:00+00:00,1154.75,1156.0,1154.75,1155.5,1233
2026-02-24 19:10:00+00:00,1155.5,1156.0,1154.75,1155.0,5492
2026-02-24 19:15:00+00:00,1155.0,1155.75,1154.25,1154.5,3718
2026-02-25 01:00:00+00:00,1155.0,1160.75,1153.5,1160.5,0
2026-02-25 01:05:00+00:00,1160.25,1160.75,1160.0,1160.25,405
2026-02-25 01:10:00+00:00,1160.25,1162.25,1159.75,1161.75,778
2026-02-25 01:15:00+00:00,1161.75,1162.5,1161.0,1161.0,374
2026-02-25 01:20:00+00:00,1161.25,1163.0,1161.25,1162.0,522
2026-02-25 01:25:00+00:00,1162.0,1163.0,1162.0,1162.75,233
2026-02-25 01:30:00+00:00,1162.75,1164.5,1162.5,1163.25,878
2026-02-25 01:35:00+00:00,1163.5,1163.75,1163.0,1163.0,203
2026-02-25 01:40:00+00:00,1163.25,1163.25,1162.75,1162.75,293
2026-02-25 01:45:00+00:00,1163.0,1163.0,1162.75,1162.75,274
2026-02-25 01:50:00+00:00,1162.75,1162.75,1162.25,1162.25,241
2026-02-25 01:55:00+00:00,1162.25,1162.25,1161.75,1161.75,304
2026-02-25 02:00:00+00:00,1161.75,1162.5,1161.5,1162.5,130
2026-02-25 02:05:00+00:00,1162.5,1162.75,1162.25,1162.5,21
2026-02-25 02:10:00+00:00,1162.5,1163.0,1162.5,1163.0,157
2026-02-25 02:15:00+00:00,1162.75,1163.0,1162.75,1163.0,25
2026-02-25 02:20:00+00:00,1163.0,1163.25,1162.75,1163.25,114
2026-02-25 02:25:00+00:00,1163.5,1163.5,1163.25,1163.25,31
2026-02-25 02:30:00+00:00,1163.5,1163.75,1163.25,1163.75,98
2026-02-25 02:35:00+00:00,1163.75,1163.75,1163.5,1163.5,70
2026-02-25 02:40:00+00:00,1163.25,1164.5,1163.25,1164.5,296
2026-02-25 02:45:00+00:00,1164.5,1164.75,1164.25,1164.5,279
2026-02-25 02:50:00+00:00,1164.25,1164.25,1163.75,1164.0,104
2026-02-25 02:55:00+00:00,1164.25,1164.75,1164.25,1164.5,103
2026-02-25 03:00:00+00:00,1164.5,1164.5,1164.0,1164.0,82
2026-02-25 03:05:00+00:00,1164.0,1165.25,1164.0,1164.75,464
2026-02-25 03:10:00+00:00,1164.75,1164.75,1164.5,1164.5,53
2026-02-25 03:15:00+00:00,1164.25,1165.25,1164.25,1164.75,117
2026-02-25 03:20:00+00:00,1164.5,1164.75,1164.5,1164.75,15
2026-02-25 03:25:00+00:00,1164.75,1165.25,1164.75,1165.25,234
2026-02-25 03:30:00+00:00,1165.5,1165.5,1165.25,1165.25,99
2026-02-25 03:35:00+00:00,1165.0,1165.0,1164.0,1164.25,197
2026-02-25 03:40:00+00:00,1164.25,1164.5,1164.25,1164.25,10
2026-02-25 03:45:00+00:00,1164.25,1164.5,1164.0,1164.5,39
2026-02-25 03:50:00+00:00,1164.25,1164.5,1164.25,1164.5,25
2026-02-25 03:55:00+00:00,1164.25,1164.5,1163.75,1164.25,88
2026-02-25 04:00:00+00:00,1164.25,1164.5,1163.0,1163.25,205
2026-02-25 04:05:00+00:00,1163.5,1163.5,1163.0,1163.0,34
2026-02-25 04:10:00+00:00,1163.0,1163.5,1163.0,1163.25,67
2026-02-25 04:15:00+00:00,1163.25,1163.5,1163.25,1163.25,14
2026-02-25 04:20:00+00:00,1163.0,1163.25,1163.0,1163.25,26
2026-02-25 04:25:00+00:00,1163.0,1163.25,1163.0,1163.25,61
2026-02-25 04:30:00+00:00,1163.25,1163.25,1163.0,1163.0,5
2026-02-25 04:35:00+00:00,1163.25,1163.75,1163.25,1163.75,63
2026-02-25 04:40:00+00:00,1163.5,1163.5,1163.5,1163.5,10
2026-02-25 04:45:00+00:00,1163.5,1163.5,1163.5,1163.5,6
2026-02-25 04:50:00+00:00,1163.5,1163.5,1163.25,1163.5,6
2026-02-25 04:55:00+00:00,1163.25,1163.25,1163.25,1163.25,27
2026-02-25 05:00:00+00:00,1163.5,1163.5,1163.25,1163.5,41
2026-02-25 05:05:00+00:00,1163.25,1163.5,1163.25,1163.5,21
2026-02-25 05:10:00+00:00,1163.25,1163.5,1163.25,1163.25,4
2026-02-25 05:15:00+00:00,1163.25,1163.25,1163.25,1163.25,4
2026-02-25 05:20:00+00:00,1163.25,1163.25,1163.0,1163.25,14
2026-02-25 05:25:00+00:00,1163.25,1163.5,1163.25,1163.5,18
2026-02-25 05:30:00+00:00,1163.5,1163.75,1163.5,1163.75,20
2026-02-25 05:35:00+00:00,1163.5,1163.75,1163.5,1163.75,17
2026-02-25 05:45:00+00:00,1163.75,1164.5,1163.75,1164.25,1285
2026-02-25 05:50:00+00:00,1164.0,1165.0,1163.75,1164.5,259
2026-02-25 05:55:00+00:00,1164.5,1164.5,1164.0,1164.25,41
2026-02-25 06:00:00+00:00,1164.0,1164.0,1163.75,1163.75,68
2026-02-25 06:05:00+00:00,1163.75,1163.75,1163.5,1163.75,62
2026-02-25 06:10:00+00:00,1163.5,1163.5,1163.0,1163.5,149
2026-02-25 06:15:00+00:00,1163.5,1163.75,1163.5,1163.75,17
2026-02-25 06:20:00+00:00,1163.75,1164.0,1163.75,1164.0,29
2026-02-25 06:25:00+00:00,1164.0,1164.0,1163.5,1163.5,22
2026-02-25 06:30:00+00:00,1163.75,1164.5,1163.75,1164.5,20
2026-02-25 06:35:00+00:00,1164.25,1164.25,1163.75,1163.75,132
2026-02-25 06:40:00+00:00,1163.5,1164.0,1163.5,1164.0,26
2026-02-25 06:45:00+00:00,1164.0,1164.0,1163.0,1163.25,125
2026-02-25 06:50:00+00:00,1163.0,1163.25,1163.0,1163.25,231
2026-02-25 06:55:00+00:00,1163.0,1163.5,1163.0,1163.5,123
2026-02-25 07:00:00+00:00,1163.5,1164.0,1163.25,1164.0,78
2026-02-25 07:05:00+00:00,1163.75,1164.0,1163.25,1163.75,66
2026-02-25 07:10:00+00:00,1163.75,1163.75,1163.75,1163.75,39
2026-02-25 07:15:00+00:00,1163.75,1163.75,1163.25,1163.25,113
2026-02-25 07:20:00+00:00,1163.5,1163.5,1162.75,1162.75,257
2026-02-25 07:25:00+00:00,1162.5,1162.5,1162.0,1162.5,135
2026-02-25 07:30:00+00:00,1162.25,1162.25,1160.75,1160.75,197
2026-02-25 07:35:00+00:00,1160.75,1161.5,1160.25,1160.5,224
2026-02-25 07:40:00+00:00,1160.25,1160.5,1159.5,1160.25,194
2026-02-25 07:45:00+00:00,1160.25,1160.25,1160.0,1160.25,24
2026-02-25 07:50:00+00:00,1160.5,1161.0,1160.25,1160.5,76
2026-02-25 07:55:00+00:00,1160.25,1160.5,1159.5,1159.75,87
2026-02-25 08:00:00+00:00,1160.0,1161.25,1159.75,1161.0,95
2026-02-25 08:05:00+00:00,1161.0,1161.0,1160.75,1160.75,61
2026-02-25 08:10:00+00:00,1160.75,1160.75,1160.75,1160.75,49
2026-02-25 08:15:00+00:00,1160.75,1161.25,1160.75,1161.25,115
2026-02-25 08:20:00+00:00,1161.25,1161.25,1161.0,1161.0,18
2026-02-25 08:25:00+00:00,1161.0,1161.0,1160.0,1160.0,160
2026-02-25 08:30:00+00:00,1160.25,1160.5,1158.25,1159.0,354
2026-02-25 08:35:00+00:00,1159.25,1159.75,1159.0,1159.5,64
2026-02-25 08:40:00+00:00,1159.5,1160.0,1159.25,1159.75,84
2026-02-25 08:45:00+00:00,1159.75,1160.0,1159.75,1159.75,211
2026-02-25 08:50:00+00:00,1159.75,1160.25,1159.5,1160.0,39
2026-02-25 08:55:00+00:00,1160.0,1160.75,1159.75,1160.75,409
2026-02-25 09:00:00+00:00,1160.25,1160.5,1159.75,1160.5,69
2026-02-25 09:05:00+00:00,1160.5,1160.75,1160.25,1160.75,51
2026-02-25 09:10:00+00:00,1160.75,1160.75,1160.5,1160.5,13
2026-02-25 09:15:00+00:00,1160.5,1161.25,1160.25,1161.25,70
2026-02-25 09:20:00+00:00,1161.0,1161.5,1161.0,1161.5,31
2026-02-25 09:25:00+00:00,1161.5,1161.5,1160.75,1160.75,93
2026-02-25 09:30:00+00:00,1161.0,1161.0,1160.5,1160.5,20
2026-02-25 09:35:00+00:00,1160.25,1160.5,1160.25,1160.5,283
2026-02-25 09:40:00+00:00,1160.0,1160.0,1159.75,1160.0,19
2026-02-25 09:45:00+00:00,1160.25,1160.25,1158.75,1159.0,163
2026-02-25 09:50:00+00:00,1159.0,1159.5,1159.0,1159.5,66
2026-02-25 09:55:00+00:00,1159.5,1159.75,1159.0,1159.25,32
2026-02-25 10:00:00+00:00,1159.0,1159.0,1158.5,1158.75,134
2026-02-25 10:05:00+00:00,1158.75,1159.25,1158.75,1159.25,211
2026-02-25 10:10:00+00:00,1159.25,1159.75,1159.25,1159.75,47
2026-02-25 10:15:00+00:00,1159.75,1159.75,1159.5,1159.5,45
2026-02-25 10:20:00+00:00,1159.75,1159.75,1159.5,1159.75,27
2026-02-25 10:25:00+00:00,1159.75,1160.0,1159.75,1160.0,56
2026-02-25 10:30:00+00:00,1160.0,1160.5,1160.0,1160.25,56
2026-02-25 10:35:00+00:00,1160.25,1160.25,1159.75,1159.75,27
2026-02-25 10:40:00+00:00,1159.5,1160.0,1159.5,1159.5,78
2026-02-25 10:45:00+00:00,1159.75,1160.0,1159.5,1160.0,78
2026-02-25 10:50:00+00:00,1159.75,1160.5,1159.75,1160.25,73
2026-02-25 10:55:00+00:00,1160.5,1160.75,1160.25,1160.25,752
2026-02-25 11:00:00+00:00,1160.25,1160.5,1160.25,1160.25,48
2026-02-25 11:05:00+00:00,1160.25,1160.5,1159.25,1159.25,156
2026-02-25 11:10:00+00:00,1159.0,1159.0,1158.25,1159.0,77
2026-02-25 11:15:00+00:00,1158.75,1158.75,1158.5,1158.75,37
2026-02-25 11:20:00+00:00,1158.5,1159.0,1158.5,1158.5,37
2026-02-25 11:25:00+00:00,1158.75,1159.0,1158.5,1158.5,108
2026-02-25 11:30:00+00:00,1158.25,1158.5,1158.25,1158.5,75
2026-02-25 11:35:00+00:00,1158.5,1158.5,1157.75,1158.0,203
2026-02-25 11:40:00+00:00,1158.0,1158.0,1157.75,1157.75,34
2026-02-25 11:45:00+00:00,1157.5,1158.0,1157.5,1158.0,183
2026-02-25 11:50:00+00:00,1158.0,1158.5,1157.75,1158.5,129
2026-02-25 11:55:00+00:00,1158.0,1158.25,1157.75,1158.25,69
2026-02-25 12:00:00+00:00,1158.0,1158.0,1157.25,1157.75,201
2026-02-25 12:05:00+00:00,1157.75,1158.25,1157.5,1158.25,226
2026-02-25 12:10:00+00:00,1158.25,1158.75,1158.0,1158.25,180
2026-02-25 12:15:00+00:00,1158.25,1158.75,1158.0,1158.5,179
2026-02-25 12:20:00+00:00,1158.5,1159.0,1158.25,1158.5,3409
2026-02-25 12:25:00+00:00,1158.5,1158.5,1157.75,1158.5,151
2026-02-25 12:30:00+00:00,1158.5,1158.5,1157.75,1157.75,182
2026-02-25 12:35:00+00:00,1157.75,1158.0,1157.75,1158.0,119
2026-02-25 12:40:00+00:00,1158.0,1158.0,1157.0,1157.0,264
2026-02-25 12:45:00+00:00,1157.0,1157.75,1157.0,1157.5,56
2026-02-25 12:50:00+00:00,1157.25,1158.0,1157.0,1157.75,119
2026-02-25 12:55:00+00:00,1157.75,1158.75,1157.75,1158.25,510
2026-02-25 13:00:00+00:00,1158.5,1159.0,1158.5,1159.0,548
2026-02-25 13:05:00+00:00,1159.0,1159.5,1158.25,1158.5,294
2026-02-25 13:10:00+00:00,1158.5,1158.5,1157.75,1158.0,210
2026-02-25 13:15:00+00:00,1158.25,1158.75,1158.0,1158.0,517
2026-02-25 13:20:00+00:00,1157.75,1158.0,1156.75,1157.25,475
2026-02-25 13:25:00+00:00,1157.25,1157.5,1156.75,1157.5,302
2026-02-25 13:30:00+00:00,1157.5,1157.5,1156.5,1156.5,913
2026-02-25 13:35:00+00:00,1156.5,1157.0,1156.25,1156.25,380
2026-02-25 13:40:00+00:00,1156.25,1157.0,1156.25,1156.25,445
2026-02-25 14:30:00+00:00,1156.0,1157.0,1153.75,1154.0,12603
2026-02-25 14:35:00+00:00,1153.75,1154.5,1150.5,1151.0,4499
2026-02-25 14:40:00+00:00,1150.75,1151.75,1150.25,1151.5,2728
2026-02-25 14:45:00+00:00,1151.5,1152.0,1150.5,1150.75,1810
2026-02-25 14:50:00+00:00,1150.75,1150.75,1149.0,1149.25,2844
2026-02-25 14:55:00+00:00,1149.25,1149.75,1148.25,1149.25,1886
2026-02-25 15:00:00+00:00,1149.25,1156.5,1149.25,1153.5,10081
2026-02-25 15:05:00+00:00,1153.25,1154.0,1152.0,1152.25,2456
2026-02-25 15:10:00+00:00,1152.25,1153.75,1152.0,1153.75,1195
2026-02-25 15:15:00+00:00,1153.75,1154.0,1152.25,1152.25,1000
2026-02-25 15:20:00+00:00,1152.0,1152.0,1150.5,1151.0,1479
2026-02-25 15:25:00+00:00,1151.0,1152.5,1151.0,1152.5,1463
2026-02-25 15:30:00+00:00,1152.25,1152.5,1151.25,1151.5,1076
2026-02-25 15:35:00+00:00,1151.5,1152.5,1151.0,1152.25,912
2026-02-25 15:40:00+00:00,1152.5,1153.75,1152.25,1153.25,1387
2026-02-25 15:45:00+00:00,1153.0,1153.0,1151.75,1152.25,1094
2026-02-25 15:50:00+00:00,1152.25,1153.0,1152.0,1152.5,536
2026-02-25 15:55:00+00:00,1152.5,1153.75,1152.5,1153.25,1010
2026-02-25 16:00:00+00:00,1153.5,1154.0,1152.75,1153.75,1210
2026-02-25 16:05:00+00:00,1153.5,1155.0,1153.0,1154.0,1100
2026-02-25 16:10:00+00:00,1154.25,1155.0,1154.25,1154.75,649
2026-02-25 16:15:00+00:00,1154.75,1156.75,1154.25,1155.5,1473
2026-02-25 16:20:00+00:00,1155.25,1156.5,1155.25,1156.5,929
2026-02-25 16:25:00+00:00,1156.25,1157.5,1156.0,1157.0,654
2026-02-25 16:30:00+00:00,1157.0,1157.5,1156.25,1156.5,1192
2026-02-25 16:35:00+00:00,1156.75,1157.25,1156.25,1157.25,621
2026-02-25 16:40:00+00:00,1157.0,1157.25,1156.0,1156.5,987
2026-02-25 16:45:00+00:00,1156.25,1158.0,1156.25,1157.75,1309
2026-02-25 16:50:00+00:00,1157.75,1159.75,1157.5,1159.5,1204
2026-02-25 16:55:00+00:00,1159.25,1160.5,1159.0,1160.5,1991
2026-02-25 17:00:00+00:00,1160.5,1162.5,1160.25,1162.25,1853
2026-02-25 17:05:00+00:00,1162.0,1163.0,1162.0,1162.75,3243
2026-02-25 17:10:00+00:00,1163.0,1163.5,1162.5,1162.75,1098
2026-02-25 17:15:00+00:00,1162.5,1163.75,1162.5,1163.5,2231
2026-02-25 17:20:00+00:00,1163.75,1164.0,1163.0,1163.0,2392
2026-02-25 17:25:00+00:00,1163.25,1163.25,1161.0,1161.0,1902
2026-02-25 17:30:00+00:00,1161.0,1163.0,1161.0,1162.5,1066
2026-02-25 17:35:00+00:00,1162.75,1162.75,1161.5,1162.0,1447
2026-02-25 17:40:00+00:00,1162.25,1162.5,1161.5,1162.0,1014
2026-02-25 17:45:00+00:00,1161.75,1162.5,1161.75,1162.25,763
2026-02-25 17:50:00+00:00,1162.0,1162.5,1161.75,1162.25,781
2026-02-25 17:55:00+00:00,1162.25,1163.0,1162.0,1162.25,776
2026-02-25 18:00:00+00:00,1162.5,1162.5,1161.0,1162.0,1662
2026-02-25 18:05:00+00:00,1161.75,1162.0,1161.25,1161.25,870
2026-02-25 18:10:00+00:00,1161.25,1162.75,1161.25,1162.5,1412
2026-02-25 18:15:00+00:00,1162.5,1162.5,1161.5,1162.25,688
2026-02-25 18:20:00+00:00,1162.0,1162.25,1161.25,1161.5,1077
2026-02-25 18:25:00+00:00,1161.75,1162.0,1161.5,1161.5,1022
2026-02-25 18:30:00+00:00,1161.75,1162.75,1161.75,1162.0,680
2026-02-25 18:35:00+00:00,1162.0,1162.0,1161.25,1161.75,1056
2026-02-25 18:40:00+00:00,1161.75,1163.0,1161.5,1163.0,2016
2026-02-25 18:45:00+00:00,1162.75,1163.0,1162.0,1162.25,638
2026-02-25 18:50:00+00:00,1162.0,1163.25,1162.0,1163.25,884
2026-02-25 18:55:00+00:00,1163.0,1163.5,1162.75,1163.5,941
2026-02-25 19:00:00+00:00,1163.75,1166.0,1163.5,1166.0,3242
2026-02-25 19:05:00+00:00,1166.0,1166.0,1164.5,1164.75,7347
2026-02-25 19:10:00+00:00,1164.5,1165.5,1163.75,1165.5,6598
2026-02-25 19:15:00+00:00,1165.5,1165.5,1164.5,1165.25,3203
2026-02-26 01:00:00+00:00,1164.5,1166.75,1163.25,1165.0,0
2026-02-26 01:05:00+00:00,1165.25,1167.75,1165.0,1167.25,1328
2026-02-26 01:10:00+00:00,1167.25,1167.25,1165.5,1166.25,312
2026-02-26 01:15:00+00:00,1166.0,1166.0,1165.25,1165.5,78
2026-02-26 01:20:00+00:00,1165.75,1166.5,1165.75,1166.0,82
2026-02-26 01:25:00+00:00,1166.0,1167.0,1166.0,1166.75,198
2026-02-26 01:30:00+00:00,1166.5,1167.25,1166.5,1167.0,226
2026-02-26 01:35:00+00:00,1166.75,1167.75,1166.75,1167.25,1463
2026-02-26 01:40:00+00:00,1167.25,1168.75,1167.25,1168.5,633
2026-02-26 01:45:00+00:00,1168.25,1168.75,1168.0,1168.75,111
2026-02-26 01:50:00+00:00,1168.5,1168.75,1167.75,1168.0,161
2026-02-26 01:55:00+00:00,1168.0,1168.5,1168.0,1168.25,117
2026-02-26 02:00:00+00:00,1168.25,1168.25,1167.5,1168.0,109
2026-02-26 02:05:00+00:00,1168.0,1168.75,1168.0,1168.25,115
2026-02-26 02:10:00+00:00,1168.0,1168.75,1168.0,1168.25,207
2026-02-26 02:15:00+00:00,1168.25,1168.25,1168.0,1168.0,22
2026-02-26 02:20:00+00:00,1167.75,1168.0,1167.75,1167.75,11
2026-02-26 02:25:00+00:00,1168.0,1168.0,1167.25,1167.5,153
2026-02-26 02:30:00+00:00,1167.25,1167.75,1167.25,1167.5,184
2026-02-26 02:35:00+00:00,1167.5,1167.5,1166.75,1167.0,122
2026-02-26 02:40:00+00:00,1167.0,1167.0,1166.5,1166.75,91
2026-02-26 02:45:00+00:00,1167.0,1168.25,1167.0,1168.0,590
2026-02-26 02:50:00+00:00,1168.0,1168.0,1168.0,1168.0,49
2026-02-26 02:55:00+00:00,1168.0,1168.0,1167.5,1167.5,48
2026-02-26 03:00:00+00:00,1167.5,1167.75,1167.5,1167.75,48
2026-02-26 03:05:00+00:00,1168.0,1168.0,1167.25,1167.5,257
2026-02-26 03:10:00+00:00,1167.75,1168.0,1167.5,1168.0,20
2026-02-26 03:15:00+00:00,1167.75,1168.0,1167.75,1167.75,17
2026-02-26 03:20:00+00:00,1167.75,1168.0,1167.5,1168.0,812
2026-02-26 03:25:00+00:00,1168.0,1168.0,1167.25,1167.25,646
2026-02-26 03:30:00+00:00,1167.25,1167.75,1167.25,1167.25,187
2026-02-26 03:35:00+00:00,1167.5,1167.5,1167.5,1167.5,8
2026-02-26 03:40:00+00:00,1167.5,1167.5,1167.5,1167.5,7
2026-02-26 03:45:00+00:00,1167.25,1167.5,1167.0,1167.0,20
2026-02-26 03:50:00+00:00,1167.0,1167.25,1167.0,1167.25,7
2026-02-26 03:55:00+00:00,1167.5,1167.5,1167.5,1167.5,12
2026-02-26 04:00:00+00:00,1167.75,1167.75,1167.5,1167.75,43
2026-02-26 04:05:00+00:00,1167.75,1168.0,1167.75,1168.0,50
2026-02-26 04:10:00+00:00,1168.0,1168.25,1168.0,1168.0,664
2026-02-26 04:15:00+00:00,1168.0,1168.25,1168.0,1168.0,26
2026-02-26 04:20:00+00:00,1168.25,1168.75,1168.0,1168.75,93
2026-02-26 04:25:00+00:00,1168.5,1168.75,1168.25,1168.5,250
2026-02-26 04:30:00+00:00,1168.25,1168.5,1168.25,1168.25,45
2026-02-26 04:35:00+00:00,1168.25,1168.25,1168.25,1168.25,34
2026-02-26 04:40:00+00:00,1168.25,1168.75,1168.0,1168.0,295
2026-02-26 04:45:00+00:00,1168.0,1168.0,1168.0,1168.0,16
2026-02-26 04:50:00+00:00,1167.75,1168.25,1167.75,1168.0,8
2026-02-26 04:55:00+00:00,1168.0,1168.0,1167.75,1168.0,12
2026-02-26 05:05:00+00:00,1168.25,1168.5,1168.0,1168.5,78
2026-02-26 05:10:00+00:00,1168.25,1168.25,1168.0,1168.0,63
2026-02-26 05:15:00+00:00,1168.0,1169.0,1168.0,1169.0,933
2026-02-26 05:20:00+00:00,1168.75,1169.25,1168.75,1169.25,94
2026-02-26 05:25:00+00:00,1169.25,1169.5,1169.25,1169.5,14
2026-02-26 05:30:00+00:00,1169.5,1169.75,1169.25,1169.25,140
2026-02-26 05:35:00+00:00,1169.0,1169.0,1169.0,1169.0,11
2026-02-26 05:40:00+00:00,1168.75,1168.75,1168.75,1168.75,21
2026-02-26 05:45:00+00:00,1168.75,1169.25,1168.75,1169.0,49
2026-02-26 05:50:00+00:00,1169.25,1169.25,1169.0,1169.25,191
2026-02-26 05:55:00+00:00,1169.25,1169.25,1169.0,1169.25,63
2026-02-26 06:00:00+00:00,1169.25,1169.25,1169.0,1169.0,52
2026-02-26 06:05:00+00:00,1169.0,1169.0,1168.5,1168.75,90
2026-02-26 06:10:00+00:00,1168.5,1168.75,1168.5,1168.75,60
2026-02-26 06:15:00+00:00,1168.75,1168.75,1168.5,1168.5,6
2026-02-26 06:20:00+00:00,1168.5,1168.5,1168.5,1168.5,14
2026-02-26 06:25:00+00:00,1168.25,1168.25,1168.0,1168.25,21
2026-02-26 06:30:00+00:00,1168.5,1168.5,1168.5,1168.5,5
2026-02-26 06:35:00+00:00,1168.5,1168.5,1168.5,1168.5,3
2026-02-26 06:40:00+00:00,1168.5,1168.75,1168.5,1168.75,17
2026-02-26 06:45:00+00:00,1168.5,1168.5,1168.0,1168.25,79
2026-02-26 06:50:00+00:00,1168.5,1168.5,1168.25,1168.5,39
2026-02-26 06:55:00+00:00,1168.5,1168.75,1168.5,1168.75,16
2026-02-26 07:00:00+00:00,1168.75,1169.0,1168.75,1168.75,49
2026-02-26 07:05:00+00:00,1169.0,1169.5,1169.0,1169.5,56
2026-02-26 07:10:00+00:00,1169.0,1169.25,1169.0,1169.25,18
2026-02-26 07:15:00+00:00,1169.25,1169.75,1169.25,1169.5,525
2026-02-26 07:20:00+00:00,1169.5,1170.0,1169.5,1169.75,467
2026-02-26 07:25:00+00:00,1169.75,1169.75,1169.5,1169.75,47
2026-02-26 07:30:00+00:00,1169.75,1170.0,1169.75,1170.0,96
2026-02-26 07:35:00+00:00,1169.75,1170.75,1169.75,1170.75,3258
2026-02-26 07:40:00+00:00,1170.75,1170.75,1169.5,1169.5,783
2026-02-26 07:45:00+00:00,1169.75,1169.75,1169.5,1169.75,29
2026-02-26 07:50:00+00:00,1170.0,1170.25,1169.75,1170.25,114
2026-02-26 07:55:00+00:00,1170.25,1170.25,1170.0,1170.0,84
2026-02-26 08:00:00+00:00,1170.25,1170.25,1169.0,1169.5,104
2026-02-26 08:05:00+00:00,1169.5,1170.0,1169.5,1169.75,18
2026-02-26 08:10:00+00:00,1170.0,1170.0,1169.75,1170.0,142
2026-02-26 08:15:00+00:00,1169.75,1170.0,1169.5,1170.0,69
2026-02-26 08:20:00+00:00,1170.0,1170.0,1169.75,1170.0,21
2026-02-26 08:25:00+00:00,1170.0,1170.25,1169.75,1169.75,54
2026-02-26 08:30:00+00:00,1170.0,1170.25,1169.5,1169.5,104
2026-02-26 08:35:00+00:00,1169.75,1170.0,1169.0,1169.25,169
2026-02-26 08:40:00+00:00,1169.25,1169.5,1169.0,1169.5,74
2026-02-26 08:45:00+00:00,1169.5,1169.75,1169.5,1169.5,62
2026-02-26 08:50:00+00:00,1169.5,1169.5,1169.0,1169.25,87
2026-02-26 08:55:00+00:00,1169.25,1169.5,1169.25,1169.5,25
2026-02-26 09:00:00+00:00,1169.25,1169.5,1169.0,1169.5,65
2026-02-26 09:05:00+00:00,1169.25,1169.5,1169.0,1169.0,36
2026-02-26 09:10:00+00:00,1169.0,1169.25,1168.75,1168.75,91
2026-02-26 09:15:00+00:00,1169.0,1169.25,1169.0,1169.25,62
2026-02-26 09:20:00+00:00,1169.25,1169.5,1169.0,1169.25,134
2026-02-26 09:25:00+00:00,1169.25,1169.25,1168.25,1168.5,253
2026-02-26 09:30:00+00:00,1168.5,1168.5,1167.25,1167.5,75
2026-02-26 09:35:00+00:00,1167.5,1167.5,1166.0,1166.5,1334
2026-02-26 09:40:00+00:00,1166.75,1167.5,1166.75,1167.5,117
2026-02-26 09:45:00+00:00,1167.5,1167.75,1166.75,1167.0,98
2026-02-26 09:50:00+00:00,1167.0,1167.0,1166.75,1166.75,99
2026-02-26 09:55:00+00:00,1166.75,1166.75,1166.5,1166.5,104
2026-02-26 10:00:00+00:00,1166.75,1167.25,1166.25,1166.75,203
2026-02-26 10:05:00+00:00,1166.75,1167.0,1166.0,1166.25,451
2026-02-26 10:10:00+00:00,1166.5,1167.0,1166.25,1167.0,89
2026-02-26 10:15:00+00:00,1167.25,1167.25,1166.75,1166.75,118
2026-02-26 10:20:00+00:00,1167.0,1167.0,1166.75,1167.0,230
2026-02-26 10:25:00+00:00,1167.0,1167.25,1166.75,1166.75,84
2026-02-26 10:30:00+00:00,1166.75,1168.0,1166.75,1167.75,121
2026-02-26 10:35:00+00:00,1167.75,1167.75,1167.5,1167.5,1957
2026-02-26 10:40:00+00:00,1167.75,1167.75,1167.25,1167.75,519
2026-02-26 10:45:00+00:00,1167.75,1168.25,1167.75,1168.0,224
2026-02-26 10:50:00+00:00,1168.0,1168.5,1168.0,1168.0,163
2026-02-26 10:55:00+00:00,1168.0,1168.25,1167.75,1167.75,76
2026-02-26 11:00:00+00:00,1167.75,1167.75,1167.5,1167.75,58
2026-02-26 11:05:00+00:00,1167.75,1168.25,1167.5,1167.75,170
2026-02-26 11:10:00+00:00,1167.75,1167.75,1167.5,1167.5,161
2026-02-26 11:15:00+00:00,1167.5,1167.5,1167.25,1167.25,254
2026-02-26 11:20:00+00:00,1167.5,1167.75,1167.25,1167.75,41
2026-02-26 11:25:00+00:00,1167.75,1167.75,1167.25,1167.25,21
2026-02-26 11:30:00+00:00,1167.5,1167.75,1167.25,1167.75,31
2026-02-26 11:35:00+00:00,1168.0,1168.0,1167.5,1167.75,196
2026-02-26 11:40:00+00:00,1168.0,1168.0,1167.75,1167.75,141
2026-02-26 11:45:00+00:00,1167.5,1167.75,1167.5,1167.5,168
2026-02-26 11:50:00+00:00,1167.0,1167.25,1166.75,1167.0,253
2026-02-26 11:55:00+00:00,1167.25,1167.25,1166.25,1166.25,431
2026-02-26 12:00:00+00:00,1166.5,1167.0,1166.25,1166.75,150
2026-02-26 12:05:00+00:00,1166.75,1167.25,1166.75,1167.0,120
2026-02-26 12:10:00+00:00,1167.25,1167.5,1166.75,1167.5,169
2026-02-26 12:15:00+00:00,1167.5,1169.0,1167.5,1168.75,662
2026-02-26 12:20:00+00:00,1168.5,1168.75,1167.75,1168.0,366
2026-02-26 12:25:00+00:00,1168.0,1168.0,1167.25,1168.0,482
2026-02-26 12:30:00+00:00,1168.0,1168.25,1167.75,1167.75,131
2026-02-26 12:35:00+00:00,1167.75,1168.25,1167.5,1167.75,214
2026-02-26 12:40:00+00:00,1168.0,1168.5,1167.75,1168.25,403
2026-02-26 12:45:00+00:00,1168.25,1172.25,1167.75,1172.0,2076
2026-02-26 12:50:00+00:00,1172.0,1172.5,1168.5,1169.0,1315
2026-02-26 12:55:00+00:00,1168.75,1170.75,1168.5,1170.75,784
2026-02-26 13:00:00+00:00,1170.75,1172.0,1170.5,1171.0,1434
2026-02-26 13:05:00+00:00,1171.25,1172.5,1171.0,1172.25,1349
2026-02-26 13:10:00+00:00,1172.0,1172.5,1171.5,1172.0,1026
2026-02-26 13:15:00+00:00,1172.0,1172.25,1171.25,1171.75,635
2026-02-26 13:20:00+00:00,1171.75,1172.5,1171.5,1172.0,862
2026-02-26 13:25:00+00:00,1171.75,1172.5,1171.5,1172.0,1192
2026-02-26 13:30:00+00:00,1172.25,1172.25,1170.75,1171.75,645
2026-02-26 13:35:00+00:00,1171.75,1172.0,1171.25,1171.75,737
2026-02-26 13:40:00+00:00,1171.5,1172.25,1170.75,1170.75,674
2026-02-26 14:30:00+00:00,1170.0,1172.75,1168.75,1170.0,7044
2026-02-26 14:35:00+00:00,1169.75,1170.0,1164.75,1165.25,5690
2026-02-26 14:40:00+00:00,1165.0,1166.0,1162.25,1162.75,4623
2026-02-26 14:45:00+00:00,1163.0,1163.5,1162.25,1163.0,2647
2026-02-26 14:50:00+00:00,1163.0,1163.25,1160.5,1161.5,2639
2026-02-26 14:55:00+00:00,1161.25,1162.5,1160.5,1162.0,1613
2026-02-26 15:00:00+00:00,1162.0,1164.25,1161.75,1164.0,3000
2026-02-26 15:05:00+00:00,1164.0,1165.5,1163.5,1164.5,2796
2026-02-26 15:10:00+00:00,1164.75,1164.75,1162.75,1163.75,1211
2026-02-26 15:15:00+00:00,1163.5,1164.0,1163.0,1163.5,1073
2026-02-26 15:20:00+00:00,1163.5,1164.0,1162.25,1162.75,763
2026-02-26 15:25:00+00:00,1162.75,1163.0,1156.25,1157.5,5995
2026-02-26 15:30:00+00:00,1157.25,1157.25,1146.0,1148.5,15481
2026-02-26 15:35:00+00:00,1148.25,1149.75,1145.75,1149.0,7653
2026-02-26 15:40:00+00:00,1149.0,1154.75,1148.5,1153.75,6009
2026-02-26 15:45:00+00:00,1153.75,1157.75,1153.75,1155.25,3632
2026-02-26 15:50:00+00:00,1155.25,1155.75,1153.75,1155.25,2866
2026-02-26 15:55:00+00:00,1155.0,1157.5,1154.5,1154.5,2535
2026-02-26 16:00:00+00:00,1154.25,1156.25,1153.75,1155.0,2005
2026-02-26 16:05:00+00:00,1155.0,1155.0,1154.25,1154.5,1115
2026-02-26 16:10:00+00:00,1154.25,1156.0,1153.25,1154.0,1606
2026-02-26 16:15:00+00:00,1154.25,1156.5,1154.25,1156.25,1192
2026-02-26 16:20:00+00:00,1156.0,1156.25,1155.25,1156.0,1677
2026-02-26 16:25:00+00:00,1156.25,1160.5,1156.0,1160.5,3126
2026-02-26 16:30:00+00:00,1160.75,1161.25,1159.0,1159.25,1939
2026-02-26 16:35:00+00:00,1159.25,1159.5,1157.5,1158.75,1216
2026-02-26 16:40:00+00:00,1158.75,1159.75,1158.25,1159.25,1083
2026-02-26 16:45:00+00:00,1159.25,1159.5,1158.0,1158.5,843
2026-02-26 16:50:00+00:00,1158.75,1160.5,1158.75,1159.5,735
2026-02-26 16:55:00+00:00,1159.25,1161.5,1159.25,1161.0,1227
2026-02-26 17:00:00+00:00,1160.75,1161.0,1159.5,1160.0,469
2026-02-26 17:05:00+00:00,1159.75,1159.75,1158.5,1158.75,791
2026-02-26 17:10:00+00:00,1158.75,1160.75,1158.75,1159.75,1448
2026-02-26 17:15:00+00:00,1159.75,1160.5,1159.0,1160.5,896
2026-02-26 17:20:00+00:00,1160.5,1161.0,1159.75,1160.5,549
2026-02-26 17:25:00+00:00,1160.25,1161.75,1159.25,1160.75,1681
2026-02-26 17:30:00+00:00,1160.75,1161.25,1159.75,1160.25,1117
2026-02-26 17:35:00+00:00,1160.25,1160.75,1159.75,1160.0,521
2026-02-26 17:40:00+00:00,1160.0,1160.25,1158.5,1159.25,785
2026-02-26 17:45:00+00:00,1159.25,1159.5,1156.0,1156.5,1112
2026-02-26 17:50:00+00:00,1156.75,1157.0,1155.0,1157.0,1013
2026-02-26 17:55:00+00:00,1157.0,1158.25,1156.75,1157.75,890
2026-02-26 18:00:00+00:00,1158.0,1159.5,1157.5,1158.75,799
2026-02-26 18:05:00+00:00,1158.75,1159.0,1157.25,1158.0,1339
2026-02-26 18:10:00+00:00,1158.0,1158.75,1157.75,1158.5,388
2026-02-26 18:15:00+00:00,1158.5,1159.25,1158.0,1159.25,544
2026-02-26 18:20:00+00:00,1159.25,1159.75,1158.75,1159.0,449
2026-02-26 18:25:00+00:00,1159.0,1159.25,1158.25,1159.25,664
2026-02-26 18:30:00+00:00,1159.25,1159.75,1156.25,1156.75,1198
2026-02-26 18:35:00+00:00,1156.75,1158.0,1156.5,1157.75,464
2026-02-26 18:40:00+00:00,1157.75,1158.75,1157.75,1158.5,549
2026-02-26 18:45:00+00:00,1158.5,1159.75,1158.0,1159.25,1964
2026-02-26 18:50:00+00:00,1159.25,1161.0,1159.0,1159.75,1368
2026-02-26 18:55:00+00:00,1159.75,1161.0,1159.5,1161.0,1298
2026-02-26 19:00:00+00:00,1161.25,1162.5,1161.0,1162.25,1843
2026-02-26 19:05:00+00:00,1162.25,1163.0,1161.75,1162.75,2033
2026-02-26 19:10:00+00:00,1163.0,1164.5,1162.75,1163.75,6915
2026-02-26 19:15:00+00:00,1163.75,1164.0,1162.5,1163.0,2688
2026-02-27 01:00:00+00:00,1162.75,1165.25,1161.25,1163.25,0
2026-02-27 01:05:00+00:00,1163.5,1164.25,1160.75,1161.75,695
2026-02-27 01:10:00+00:00,1161.5,1162.0,1161.25,1162.0,165
2026-02-27 01:15:00+00:00,1161.75,1162.25,1161.25,1162.0,88
2026-02-27 01:20:00+00:00,1162.25,1162.75,1162.0,1162.75,72
2026-02-27 01:25:00+00:00,1162.5,1163.0,1162.25,1162.5,38
2026-02-27 01:30:00+00:00,1162.5,1163.0,1161.75,1162.5,82
2026-02-27 01:35:00+00:00,1162.75,1163.75,1162.5,1163.5,330
2026-02-27 01:40:00+00:00,1163.25,1163.75,1163.0,1163.0,130
2026-02-27 01:45:00+00:00,1163.25,1163.25,1163.0,1163.0,125
2026-02-27 01:50:00+00:00,1162.75,1164.25,1162.75,1164.0,247
2026-02-27 01:55:00+00:00,1163.75,1164.75,1163.75,1164.5,224
2026-02-27 02:00:00+00:00,1164.5,1165.0,1163.75,1164.25,212
2026-02-27 02:05:00+00:00,1164.5,1164.75,1164.25,1164.5,42
2026-02-27 02:10:00+00:00,1164.75,1164.75,1164.5,1164.75,108
2026-02-27 02:15:00+00:00,1164.75,1165.0,1164.5,1164.5,243
2026-02-27 02:20:00+00:00,1164.5,1164.5,1163.75,1164.25,251
2026-02-27 02:25:00+00:00,1164.5,1165.25,1164.25,1165.25,552
2026-02-27 02:30:00+00:00,1165.25,1165.75,1165.0,1165.25,212
2026-02-27 02:35:00+00:00,1165.25,1166.25,1165.25,1166.0,240
2026-02-27 02:40:00+00:00,1166.0,1166.0,1165.5,1165.75,46
2026-02-27 02:45:00+00:00,1166.0,1166.0,1165.25,1165.5,33
2026-02-27 02:50:00+00:00,1165.25,1165.5,1165.25,1165.5,11
2026-02-27 02:55:00+00:00,1165.5,1165.75,1165.5,1165.5,36
2026-02-27 03:00:00+00:00,1165.75,1165.75,1165.5,1165.75,36
2026-02-27 03:05:00+00:00,1165.5,1166.25,1165.5,1166.0,78
2026-02-27 03:10:00+00:00,1166.0,1166.0,1165.5,1165.5,28
2026-02-27 03:15:00+00:00,1165.5,1165.5,1164.5,1164.5,78
2026-02-27 03:20:00+00:00,1164.25,1164.5,1163.5,1163.5,149
2026-02-27 03:25:00+00:00,1163.75,1164.0,1163.75,1164.0,36
2026-02-27 03:30:00+00:00,1164.25,1164.25,1164.25,1164.25,3
2026-02-27 03:35:00+00:00,1164.25,1164.25,1164.0,1164.0,11
2026-02-27 03:40:00+00:00,1164.5,1164.5,1164.5,1164.5,4
2026-02-27 03:45:00+00:00,1164.5,1164.75,1164.5,1164.75,15
2026-02-27 03:50:00+00:00,1164.75,1165.0,1164.75,1164.75,82
2026-02-27 03:55:00+00:00,1164.75,1165.0,1164.75,1164.75,15
2026-02-27 04:00:00+00:00,1164.75,1164.75,1164.75,1164.75,1
2026-02-27 04:05:00+00:00,1164.75,1165.0,1164.75,1165.0,23
2026-02-27 04:10:00+00:00,1165.0,1165.25,1165.0,1165.25,30
2026-02-27 04:15:00+00:00,1165.5,1165.5,1165.5,1165.5,2
2026-02-27 04:20:00+00:00,1165.25,1166.0,1165.25,1165.25,101
2026-02-27 04:25:00+00:00,1165.5,1165.5,1165.25,1165.5,66
2026-02-27 04:30:00+00:00,1165.5,1165.5,1165.0,1165.0,16
2026-02-27 04:35:00+00:00,1165.25,1165.25,1165.0,1165.25,20
2026-02-27 04:40:00+00:00,1165.5,1165.75,1165.5,1165.75,23
2026-02-27 04:45:00+00:00,1165.5,1165.5,1165.25,1165.25,10
2026-02-27 04:50:00+00:00,1165.25,1165.25,1165.25,1165.25,1
2026-02-27 04:55:00+00:00,1165.5,1165.5,1165.5,1165.5,4
2026-02-27 05:00:00+00:00,1165.5,1165.75,1165.5,1165.5,8
2026-02-27 05:05:00+00:00,1165.5,1165.75,1165.25,1165.5,27
2026-02-27 05:10:00+00:00,1165.5,1165.75,1165.25,1165.25,18
2026-02-27 05:15:00+00:00,1165.5,1165.5,1165.5,1165.5,3
2026-02-27 05:20:00+00:00,1165.75,1166.0,1165.75,1166.0,35
2026-02-27 05:25:00+00:00,1166.0,1166.25,1165.75,1166.25,20
2026-02-27 05:30:00+00:00,1166.0,1166.0,1165.75,1165.75,25
2026-02-27 05:35:00+00:00,1165.75,1165.75,1165.25,1165.25,58
2026-02-27 05:40:00+00:00,1165.25,1165.5,1165.25,1165.5,15
2026-02-27 05:45:00+00:00,1165.5,1165.5,1165.5,1165.5,14
2026-02-27 05:50:00+00:00,1165.5,1165.75,1165.5,1165.5,26
2026-02-27 05:55:00+00:00,1165.75,1166.25,1165.75,1166.25,96
2026-02-27 06:00:00+00:00,1166.0,1166.25,1166.0,1166.0,52
2026-02-27 06:05:00+00:00,1166.25,1166.25,1166.25,1166.25,21
2026-02-27 06:10:00+00:00,1166.25,1166.25,1166.0,1166.25,26
2026-02-27 06:15:00+00:00,1166.25,1166.25,1166.25,1166.25,14
2026-02-27 06:20:00+00:00,1166.25,1166.25,1166.0,1166.25,4
2026-02-27 06:25:00+00:00,1166.5,1166.5,1166.25,1166.5,29
2026-02-27 06:30:00+00:00,1166.5,1166.5,1166.25,1166.25,12
2026-02-27 06:35:00+00:00,1166.25,1166.25,1166.0,1166.25,22
2026-02-27 06:40:00+00:00,1166.5,1166.5,1166.25,1166.25,25
2026-02-27 06:45:00+00:00,1166.5,1166.5,1166.0,1166.25,87
2026-02-27 06:50:00+00:00,1166.25,1166.5,1166.25,1166.5,34
2026-02-27 06:55:00+00:00,1166.5,1166.75,1166.25,1166.5,137
2026-02-27 07:00:00+00:00,1166.25,1166.75,1166.0,1166.75,97
2026-02-27 07:05:00+00:00,1166.5,1166.5,1166.25,1166.25,31
2026-02-27 07:10:00+00:00,1166.0,1166.0,1166.0,1166.0,30
2026-02-27 07:15:00+00:00,1166.0,1166.0,1166.0,1166.0,6
2026-02-27 07:20:00+00:00,1166.0,1166.25,1166.0,1166.0,15
2026-02-27 07:25:00+00:00,1166.0,1166.0,1165.5,1165.75,190
2026-02-27 07:30:00+00:00,1165.75,1165.75,1165.25,1165.25,35
2026-02-27 07:35:00+00:00,1165.25,1165.75,1165.25,1165.25,65
2026-02-27 07:40:00+00:00,1165.25,1165.5,1165.0,1165.0,30
2026-02-27 07:45:00+00:00,1165.25,1165.5,1165.25,1165.25,26
2026-02-27 07:50:00+00:00,1165.5,1165.75,1165.25,1165.25,24
2026-02-27 07:55:00+00:00,1165.5,1166.0,1165.5,1166.0,76
2026-02-27 08:00:00+00:00,1166.0,1166.75,1165.75,1166.75,85
2026-02-27 08:05:00+00:00,1166.5,1166.75,1166.25,1166.5,32
2026-02-27 08:10:00+00:00,1166.5,1167.25,1166.5,1167.0,138
2026-02-27 08:15:00+00:00,1167.0,1167.5,1166.75,1167.5,125
2026-02-27 08:20:00+00:00,1167.5,1168.0,1167.25,1167.5,215
2026-02-27 08:25:00+00:00,1167.25,1167.5,1167.25,1167.25,37
2026-02-27 08:30:00+00:00,1167.25,1167.25,1166.5,1166.5,88
2026-02-27 08:35:00+00:00,1166.5,1167.0,1166.5,1166.75,31
2026-02-27 08:40:00+00:00,1167.0,1167.25,1167.0,1167.25,34
2026-02-27 08:45:00+00:00,1167.25,1167.75,1167.25,1167.5,66
2026-02-27 08:50:00+00:00,1167.5,1167.75,1167.5,1167.75,103
2026-02-27 08:55:00+00:00,1167.5,1168.25,1167.25,1167.25,609
2026-02-27 09:00:00+00:00,1167.5,1167.75,1167.25,1167.25,133
2026-02-27 09:05:00+00:00,1167.25,1167.75,1167.25,1167.25,81
2026-02-27 09:10:00+00:00,1167.25,1167.25,1166.75,1167.0,22
2026-02-27 09:15:00+00:00,1167.25,1167.5,1167.0,1167.25,132
2026-02-27 09:20:00+00:00,1167.5,1167.5,1166.75,1167.0,366
2026-02-27 09:25:00+00:00,1167.25,1167.5,1167.0,1167.25,172
2026-02-27 09:30:00+00:00,1167.25,1167.5,1167.0,1167.5,97
2026-02-27 09:35:00+00:00,1167.5,1167.5,1167.25,1167.25,69
2026-02-27 09:40:00+00:00,1167.25,1167.5,1167.0,1167.5,140
2026-02-27 09:45:00+00:00,1167.25,1167.25,1166.0,1166.25,130
2026-02-27 09:50:00+00:00,1166.0,1166.75,1166.0,1166.75,34
2026-02-27 09:55:00+00:00,1166.75,1166.75,1166.5,1166.75,57
2026-02-27 10:00:00+00:00,1167.0,1167.25,1166.0,1166.0,124
2026-02-27 10:05:00+00:00,1166.0,1166.75,1166.0,1166.75,20
2026-02-27 10:10:00+00:00,1166.5,1166.75,1166.5,1166.75,49
2026-02-27 10:15:00+00:00,1166.75,1166.75,1166.5,1166.75,17
2026-02-27 10:20:00+00:00,1166.75,1167.25,1166.5,1166.75,68
2026-02-27 10:25:00+00:00,1166.75,1166.75,1166.25,1166.5,70
2026-02-27 10:30:00+00:00,1166.75,1166.75,1166.5,1166.75,106
2026-02-27 10:35:00+00:00,1166.75,1167.0,1166.5,1167.0,40
2026-02-27 10:40:00+00:00,1167.25,1167.5,1167.0,1167.25,19
2026-02-27 10:45:00+00:00,1167.25,1167.5,1167.0,1167.5,96
2026-02-27 10:50:00+00:00,1167.5,1167.5,1167.5,1167.5,5
2026-02-27 10:55:00+00:00,1167.5,1167.75,1167.5,1167.5,22
2026-02-27 11:00:00+00:00,1167.5,1168.0,1167.5,1167.75,432
2026-02-27 11:05:00+00:00,1167.5,1167.75,1167.5,1167.75,65
2026-02-27 11:10:00+00:00,1167.75,1168.0,1167.75,1167.75,79
2026-02-27 11:15:00+00:00,1167.75,1168.0,1167.5,1168.0,39
2026-02-27 11:20:00+00:00,1168.0,1168.25,1168.0,1168.0,82
2026-02-27 11:25:00+00:00,1168.0,1168.5,1167.75,1168.5,96
2026-02-27 11:30:00+00:00,1168.5,1168.75,1168.25,1168.25,169
2026-02-27 11:35:00+00:00,1168.5,1168.5,1167.75,1167.75,107
2026-02-27 11:40:00+00:00,1167.75,1168.0,1167.75,1167.75,48
2026-02-27 11:45:00+00:00,1167.75,1168.5,1167.75,1168.5,190
2026-02-27 11:50:00+00:00,1168.5,1168.5,1168.25,1168.5,74
2026-02-27 11:55:00+00:00,1168.25,1168.25,1167.5,1168.0,313
2026-02-27 12:00:00+00:00,1167.75,1168.25,1167.5,1167.75,230
2026-02-27 12:05:00+00:00,1167.75,1168.0,1167.25,1168.0,163
2026-02-27 12:10:00+00:00,1168.0,1168.0,1167.75,1167.75,17
2026-02-27 12:15:00+00:00,1168.0,1168.0,1167.75,1167.75,132
2026-02-27 12:20:00+00:00,1167.75,1168.0,1167.25,1167.5,246
2026-02-27 12:25:00+00:00,1167.5,1167.75,1167.25,1167.75,57
2026-02-27 12:30:00+00:00,1167.75,1168.5,1167.75,1168.5,1886
2026-02-27 12:35:00+00:00,1168.25,1168.75,1168.25,1168.25,477
2026-02-27 12:40:00+00:00,1168.25,1168.5,1167.5,1167.75,736
2026-02-27 12:45:00+00:00,1167.75,1168.25,1167.75,1167.75,190
2026-02-27 12:50:00+00:00,1167.75,1168.5,1167.75,1168.25,289
2026-02-27 12:55:00+00:00,1168.25,1168.25,1167.5,1167.75,219
2026-02-27 13:00:00+00:00,1167.75,1168.0,1167.25,1167.75,325
2026-02-27 13:05:00+00:00,1167.75,1168.5,1167.5,1168.0,638
2026-02-27 13:10:00+00:00,1167.75,1168.5,1167.5,1168.5,487
2026-02-27 13:15:00+00:00,1168.25,1168.25,1168.0,1168.25,243
2026-02-27 13:20:00+00:00,1168.25,1169.25,1168.25,1169.0,555
2026-02-27 13:25:00+00:00,1169.0,1169.0,1168.25,1168.25,468
2026-02-27 13:30:00+00:00,1168.0,1168.75,1167.75,1168.75,452
2026-02-27 13:35:00+00:00,1168.75,1168.75,1167.75,1168.25,442
2026-02-27 13:40:00+00:00,1168.25,1169.75,1168.25,1169.25,593
2026-02-27 14:30:00+00:00,1168.25,1170.25,1164.25,1166.25,6015
2026-02-27 14:35:00+00:00,1166.25,1166.5,1164.25,1166.5,1950
2026-02-27 14:40:00+00:00,1166.25,1166.25,1164.25,1165.25,1253
2026-02-27 14:45:00+00:00,1165.0,1166.75,1164.5,1165.25,1400
2026-02-27 14:50:00+00:00,1165.5,1166.5,1165.0,1165.5,820
2026-02-27 14:55:00+00:00,1165.5,1165.5,1164.25,1164.5,742
2026-02-27 15:00:00+00:00,1164.5,1164.75,1161.75,1162.75,2895
2026-02-27 15:05:00+00:00,1162.75,1165.75,1162.75,1165.0,1762
2026-02-27 15:10:00+00:00,1165.0,1167.75,1164.75,1165.75,1817
2026-02-27 15:15:00+00:00,1165.75,1166.0,1163.25,1164.0,801
2026-02-27 15:20:00+00:00,1164.0,1165.5,1163.75,1164.75,649
2026-02-27 15:25:00+00:00,1164.5,1165.25,1163.25,1163.25,767
2026-02-27 15:30:00+00:00,1163.25,1163.25,1161.25,1162.0,1513
2026-02-27 15:35:00+00:00,1162.0,1162.75,1161.75,1161.75,572
2026-02-27 15:40:00+00:00,1162.0,1163.0,1161.75,1162.25,679
2026-02-27 15:45:00+00:00,1162.25,1162.5,1161.5,1161.75,1221
2026-02-27 15:50:00+00:00,1161.75,1162.0,1161.0,1162.0,580
2026-02-27 15:55:00+00:00,1161.75,1162.5,1160.5,1161.0,779
2026-02-27 16:00:00+00:00,1161.0,1163.25,1160.75,1163.25,687
2026-02-27 16:05:00+00:00,1163.25,1163.75,1161.5,1162.0,955
2026-02-27 16:10:00+00:00,1162.0,1162.25,1160.5,1161.25,726
2026-02-27 16:15:00+00:00,1161.0,1161.75,1161.0,1161.5,481
2026-02-27 16:20:00+00:00,1161.5,1162.75,1161.25,1162.75,474
2026-02-27 16:25:00+00:00,1162.5,1162.75,1162.0,1162.0,675
2026-02-27 16:30:00+00:00,1162.25,1164.25,1162.0,1163.75,636
2026-02-27 16:35:00+00:00,1163.5,1163.5,1162.25,1162.25,1116
2026-02-27 16:40:00+00:00,1162.25,1163.25,1162.0,1162.75,950
2026-02-27 16:45:00+00:00,1162.75,1163.25,1162.25,1163.25,717
2026-02-27 16:50:00+00:00,1163.0,1163.75,1162.5,1163.75,635
2026-02-27 16:55:00+00:00,1163.5,1164.0,1163.0,1163.75,678
2026-02-27 17:00:00+00:00,1163.75,1164.5,1163.75,1164.0,660
2026-02-27 17:05:00+00:00,1164.0,1164.5,1163.5,1164.25,928
2026-02-27 17:10:00+00:00,1164.25,1165.25,1164.0,1165.0,888
2026-02-27 17:15:00+00:00,1165.0,1165.5,1164.75,1165.25,852
2026-02-27 17:20:00+00:00,1165.0,1165.25,1164.75,1164.75,548
2026-02-27 17:25:00+00:00,1164.75,1166.5,1164.75,1166.5,1745
2026-02-27 17:30:00+00:00,1166.5,1167.0,1165.75,1166.75,856
2026-02-27 17:35:00+00:00,1166.5,1167.0,1166.25,1166.5,1725
2026-02-27 17:40:00+00:00,1166.5,1167.0,1166.25,1166.75,515
2026-02-27 17:45:00+00:00,1166.5,1167.5,1166.5,1167.25,847
2026-02-27 17:50:00+00:00,1167.5,1168.25,1167.0,1168.25,919
2026-02-27 17:55:00+00:00,1168.0,1168.25,1167.25,1167.75,1105
2026-02-27 18:00:00+00:00,1168.0,1169.5,1167.75,1169.0,1535
2026-02-27 18:05:00+00:00,1169.25,1170.25,1169.0,1170.0,1705
2026-02-27 18:10:00+00:00,1170.25,1172.0,1170.0,1171.25,2668
2026-02-27 18:15:00+00:00,1171.25,1173.25,1171.0,1173.0,2186
2026-02-27 18:20:00+00:00,1173.0,1173.25,1172.5,1172.75,1150
2026-02-27 18:25:00+00:00,1173.0,1173.5,1172.5,1172.75,2521
2026-02-27 18:30:00+00:00,1173.0,1173.5,1172.5,1173.5,1340
2026-02-27 18:35:00+00:00,1173.5,1174.0,1172.75,1173.0,1654
2026-02-27 18:40:00+00:00,1173.0,1174.0,1173.0,1173.5,1094
2026-02-27 18:45:00+00:00,1173.25,1174.0,1172.75,1173.25,1099
2026-02-27 18:50:00+00:00,1173.25,1174.0,1173.0,1173.75,771
2026-02-27 18:55:00+00:00,1173.75,1174.25,1173.25,1173.25,1178
2026-02-27 19:00:00+00:00,1173.5,1174.75,1173.25,1174.5,3607
2026-02-27 19:05:00+00:00,1174.5,1175.0,1172.0,1172.5,2728
2026-02-27 19:10:00+00:00,1172.5,1172.5,1169.75,1170.0,8927
2026-02-27 19:15:00+00:00,1170.25,1170.75,1169.25,1170.0,2314
2026-03-02 01:00:00+00:00,1178.5,1185.0,1174.5,1178.0,2878
2026-03-02 01:05:00+00:00,1178.0,1178.0,1172.5,1174.25,1556
2026-03-02 01:10:00+00:00,1174.0,1176.75,1174.0,1175.25,865
2026-03-02 01:15:00+00:00,1175.25,1175.25,1172.5,1173.25,652
2026-03-02 01:20:00+00:00,1173.25,1173.75,1171.5,1171.75,1293
2026-03-02 01:25:00+00:00,1172.0,1172.5,1170.5,1170.75,1132
2026-03-02 01:30:00+00:00,1170.75,1174.0,1170.5,1173.25,650
2026-03-02 01:35:00+00:00,1173.25,1175.75,1173.25,1174.5,594
2026-03-02 01:40:00+00:00,1174.5,1175.0,1173.25,1173.25,421
2026-03-02 01:45:00+00:00,1173.0,1173.0,1170.5,1170.5,504
2026-03-02 01:50:00+00:00,1170.5,1170.75,1168.75,1169.25,693
2026-03-02 01:55:00+00:00,1169.5,1170.75,1168.75,1169.5,760
2026-03-02 02:00:00+00:00,1169.5,1170.25,1169.0,1169.75,208
2026-03-02 02:05:00+00:00,1169.75,1170.0,1168.75,1170.0,163
2026-03-02 02:10:00+00:00,1170.0,1170.5,1168.75,1169.25,167
2026-03-02 02:15:00+00:00,1169.0,1169.0,1168.75,1168.75,38
2026-03-02 02:20:00+00:00,1168.5,1168.75,1166.0,1168.0,714
2026-03-02 02:25:00+00:00,1168.0,1168.5,1168.0,1168.5,118
2026-03-02 02:30:00+00:00,1168.5,1168.75,1167.75,1168.5,114
2026-03-02 02:35:00+00:00,1168.5,1169.0,1168.25,1168.5,264
2026-03-02 02:40:00+00:00,1168.75,1170.5,1168.5,1170.0,510
2026-03-02 02:45:00+00:00,1169.75,1170.0,1168.75,1169.75,105
2026-03-02 02:50:00+00:00,1169.75,1170.75,1169.25,1169.25,105
2026-03-02 02:55:00+00:00,1169.25,1169.5,1168.75,1168.75,65
2026-03-02 03:00:00+00:00,1168.75,1169.25,1168.75,1169.25,28
2026-03-02 03:05:00+00:00,1169.0,1169.5,1169.0,1169.0,33
2026-03-02 03:10:00+00:00,1169.5,1169.5,1169.0,1169.0,25
2026-03-02 03:15:00+00:00,1168.75,1169.75,1168.75,1169.75,18
2026-03-02 03:20:00+00:00,1170.0,1170.25,1169.75,1169.75,50
2026-03-02 03:25:00+00:00,1170.0,1170.5,1170.0,1170.0,51
2026-03-02 03:30:00+00:00,1170.0,1170.0,1169.75,1169.75,17
2026-03-02 03:35:00+00:00,1169.75,1170.25,1169.5,1170.25,47
2026-03-02 03:40:00+00:00,1170.25,1171.25,1170.0,1171.25,74
2026-03-02 03:45:00+00:00,1171.25,1171.25,1169.25,1169.75,91
2026-03-02 03:50:00+00:00,1169.5,1169.5,1169.5,1169.5,4
2026-03-02 03:55:00+00:00,1169.5,1169.75,1169.5,1169.75,6
2026-03-02 04:00:00+00:00,1169.5,1169.75,1169.25,1169.75,18
2026-03-02 04:05:00+00:00,1169.75,1169.75,1169.5,1169.5,12
2026-03-02 04:10:00+00:00,1169.5,1169.5,1169.5,1169.5,1
2026-03-02 04:15:00+00:00,1170.0,1170.25,1169.75,1170.25,21
2026-03-02 04:20:00+00:00,1170.25,1170.5,1170.0,1170.5,10
2026-03-02 04:25:00+00:00,1170.5,1170.5,1169.75,1170.25,27
2026-03-02 04:30:00+00:00,1170.5,1170.5,1170.0,1170.25,35
2026-03-02 04:35:00+00:00,1170.25,1170.25,1169.5,1169.75,27
2026-03-02 04:40:00+00:00,1170.0,1170.0,1169.75,1169.75,12
2026-03-02 04:45:00+00:00,1170.25,1170.25,1170.0,1170.0,12
2026-03-02 04:50:00+00:00,1170.0,1170.75,1170.0,1170.25,28
2026-03-02 04:55:00+00:00,1170.25,1170.25,1170.25,1170.25,16
2026-03-02 05:00:00+00:00,1170.0,1170.0,1169.75,1169.75,19
2026-03-02 05:05:00+00:00,1169.5,1169.5,1169.0,1169.0,51
2026-03-02 05:10:00+00:00,1169.25,1169.75,1169.25,1169.5,13
2026-03-02 05:15:00+00:00,1169.75,1169.75,1169.5,1169.75,18
2026-03-02 05:20:00+00:00,1170.0,1170.25,1170.0,1170.25,8
2026-03-02 05:25:00+00:00,1170.5,1170.5,1170.0,1170.25,15
2026-03-02 05:30:00+00:00,1170.25,1170.5,1170.0,1170.5,30
2026-03-02 05:35:00+00:00,1170.5,1170.5,1170.0,1170.5,16
2026-03-02 05:40:00+00:00,1170.25,1170.5,1170.0,1170.5,30
2026-03-02 05:45:00+00:00,1170.25,1170.75,1170.25,1170.75,32
2026-03-02 05:50:00+00:00,1170.5,1170.75,1170.25,1170.75,35
2026-03-02 05:55:00+00:00,1170.5,1170.5,1169.75,1170.0,56
2026-03-02 06:00:00+00:00,1169.75,1170.5,1169.75,1170.0,57
2026-03-02 06:05:00+00:00,1170.5,1170.5,1170.25,1170.5,22
2026-03-02 06:10:00+00:00,1170.25,1170.5,1170.0,1170.5,45
2026-03-02 06:15:00+00:00,1170.25,1170.75,1170.25,1170.25,59
2026-03-02 06:20:00+00:00,1170.25,1170.5,1170.25,1170.25,76
2026-03-02 06:25:00+00:00,1170.25,1171.25,1170.25,1171.25,70
2026-03-02 06:30:00+00:00,1171.25,1171.25,1170.5,1171.25,63
2026-03-02 06:35:00+00:00,1171.0,1171.0,1170.0,1170.0,52
2026-03-02 06:40:00+00:00,1169.75,1169.75,1169.0,1169.25,91
2026-03-02 06:45:00+00:00,1169.25,1170.0,1168.75,1170.0,57
2026-03-02 06:50:00+00:00,1170.0,1170.0,1169.5,1170.0,37
2026-03-02 06:55:00+00:00,1170.0,1170.75,1170.0,1170.25,36
2026-03-02 07:00:00+00:00,1170.25,1170.75,1170.0,1170.5,71
2026-03-02 07:05:00+00:00,1170.5,1172.25,1170.25,1171.75,212
2026-03-02 07:10:00+00:00,1171.5,1172.5,1171.25,1172.0,77
2026-03-02 07:15:00+00:00,1172.0,1172.5,1171.5,1171.75,74
2026-03-02 07:20:00+00:00,1171.5,1171.75,1170.5,1171.0,101
2026-03-02 07:25:00+00:00,1171.0,1172.0,1170.75,1171.5,134
2026-03-02 07:30:00+00:00,1171.25,1171.25,1171.0,1171.0,62
2026-03-02 07:35:00+00:00,1170.75,1171.0,1170.5,1171.0,123
2026-03-02 07:40:00+00:00,1171.25,1171.5,1170.75,1171.0,115
2026-03-02 07:45:00+00:00,1171.0,1171.5,1171.0,1171.5,108
2026-03-02 07:50:00+00:00,1171.5,1172.25,1171.0,1172.25,70
2026-03-02 07:55:00+00:00,1172.0,1172.25,1171.5,1171.5,161
2026-03-02 08:00:00+00:00,1171.5,1171.5,1170.75,1171.25,139
2026-03-02 08:05:00+00:00,1171.5,1171.5,1170.5,1171.0,111
2026-03-02 08:10:00+00:00,1171.0,1171.5,1170.75,1171.25,106
2026-03-02 08:15:00+00:00,1171.0,1171.75,1170.75,1171.5,285
2026-03-02 08:20:00+00:00,1171.5,1171.5,1171.0,1171.25,116
2026-03-02 08:25:00+00:00,1171.25,1172.0,1170.75,1171.0,182
2026-03-02 08:30:00+00:00,1171.0,1171.25,1170.25,1170.5,249
2026-03-02 08:35:00+00:00,1170.5,1171.25,1170.5,1170.5,291
2026-03-02 08:40:00+00:00,1170.5,1171.75,1170.5,1171.25,194
2026-03-02 08:45:00+00:00,1171.0,1171.25,1170.75,1170.75,91
2026-03-02 08:50:00+00:00,1170.75,1171.25,1170.75,1170.75,73
2026-03-02 08:55:00+00:00,1171.0,1171.0,1169.5,1169.75,226
2026-03-02 09:00:00+00:00,1169.5,1169.5,1167.75,1168.75,525
2026-03-02 09:05:00+00:00,1168.75,1170.25,1168.5,1170.25,172
2026-03-02 09:10:00+00:00,1170.25,1170.75,1169.75,1170.75,164
2026-03-02 09:15:00+00:00,1170.5,1171.5,1170.5,1170.75,117
2026-03-02 09:20:00+00:00,1170.75,1172.75,1170.5,1172.25,302
2026-03-02 09:25:00+00:00,1171.75,1171.75,1171.0,1171.5,117
2026-03-02 09:30:00+00:00,1171.25,1171.25,1170.5,1170.75,33
2026-03-02 09:35:00+00:00,1170.5,1171.5,1170.5,1171.5,52
2026-03-02 09:40:00+00:00,1171.5,1171.75,1171.25,1171.75,91
2026-03-02 09:45:00+00:00,1171.75,1172.5,1171.75,1172.5,214
2026-03-02 09:50:00+00:00,1172.5,1174.0,1172.25,1173.25,1306
2026-03-02 09:55:00+00:00,1173.25,1174.0,1173.25,1174.0,173
2026-03-02 10:00:00+00:00,1174.0,1174.0,1172.75,1173.5,230
2026-03-02 10:05:00+00:00,1173.5,1173.75,1172.75,1173.25,85
2026-03-02 10:10:00+00:00,1173.25,1174.0,1173.25,1173.75,193
2026-03-02 10:15:00+00:00,1173.5,1174.25,1173.5,1174.0,128
2026-03-02 10:20:00+00:00,1174.0,1174.25,1173.5,1173.5,38
2026-03-02 10:25:00+00:00,1173.5,1174.0,1173.25,1174.0,48
2026-03-02 10:30:00+00:00,1173.75,1174.0,1173.75,1173.75,38
2026-03-02 10:35:00+00:00,1173.75,1173.75,1173.0,1173.5,70
2026-03-02 10:40:00+00:00,1173.5,1173.75,1173.25,1173.75,75
2026-03-02 10:45:00+00:00,1174.0,1174.0,1173.25,1173.5,54
2026-03-02 10:50:00+00:00,1173.5,1173.75,1173.0,1173.0,373
2026-03-02 10:55:00+00:00,1173.25,1173.25,1171.0,1171.75,2112
2026-03-02 11:00:00+00:00,1172.0,1172.0,1170.0,1170.5,203
2026-03-02 11:05:00+00:00,1170.25,1170.75,1169.75,1170.0,118
2026-03-02 11:10:00+00:00,1170.0,1170.5,1169.0,1169.0,165
2026-03-02 11:15:00+00:00,1169.25,1169.75,1168.0,1168.25,269
2026-03-02 11:20:00+00:00,1168.5,1168.75,1168.0,1168.25,328
2026-03-02 11:25:00+00:00,1168.25,1169.0,1168.25,1168.75,141
2026-03-02 11:30:00+00:00,1168.75,1169.25,1168.5,1168.75,205
2026-03-02 11:35:00+00:00,1168.75,1169.75,1168.5,1168.5,693
2026-03-02 11:40:00+00:00,1168.75,1169.25,1168.5,1168.5,93
2026-03-02 11:45:00+00:00,1168.5,1168.5,1167.0,1167.75,409
2026-03-02 11:50:00+00:00,1167.75,1168.5,1167.75,1168.5,82
2026-03-02 11:55:00+00:00,1168.25,1168.75,1168.0,1168.75,126
2026-03-02 12:00:00+00:00,1168.5,1168.75,1167.0,1167.5,236
2026-03-02 12:05:00+00:00,1167.75,1168.5,1167.5,1167.5,101
2026-03-02 12:10:00+00:00,1167.5,1167.75,1165.25,1166.0,1749
2026-03-02 12:15:00+00:00,1165.75,1166.0,1164.0,1164.25,726
2026-03-02 12:20:00+00:00,1164.5,1166.5,1164.0,1166.5,748
2026-03-02 12:25:00+00:00,1166.5,1167.25,1165.75,1166.5,444
2026-03-02 12:30:00+00:00,1166.5,1166.75,1165.75,1166.25,331
2026-03-02 12:35:00+00:00,1166.5,1167.0,1166.25,1166.75,435
2026-03-02 12:40:00+00:00,1167.0,1167.75,1166.5,1167.5,311
2026-03-02 12:45:00+00:00,1167.25,1168.0,1166.0,1166.0,655
2026-03-02 12:50:00+00:00,1166.25,1166.5,1164.5,1164.5,569
2026-03-02 12:55:00+00:00,1164.5,1165.0,1164.25,1164.5,1794
2026-03-02 13:00:00+00:00,1164.5,1165.25,1164.0,1164.5,722
2026-03-02 13:05:00+00:00,1164.75,1165.5,1164.5,1165.0,916
2026-03-02 13:10:00+00:00,1164.75,1165.5,1164.25,1165.25,603
2026-03-02 13:15:00+00:00,1165.25,1165.75,1164.5,1164.75,521
2026-03-02 13:20:00+00:00,1164.75,1165.25,1164.0,1165.0,423
2026-03-02 13:25:00+00:00,1165.25,1165.25,1164.0,1165.25,601
2026-03-02 13:30:00+00:00,1165.25,1165.5,1164.25,1164.5,482
2026-03-02 13:35:00+00:00,1164.5,1165.5,1164.25,1164.5,603
2026-03-02 13:40:00+00:00,1164.75,1165.25,1164.0,1165.25,644
2026-03-02 14:30:00+00:00,1165.25,1166.5,1158.0,1158.25,9085
2026-03-02 14:35:00+00:00,1158.25,1162.0,1157.5,1160.75,4076
2026-03-02 14:40:00+00:00,1160.75,1163.5,1160.5,1161.75,2733
2026-03-02 14:45:00+00:00,1161.75,1162.5,1160.5,1162.25,2068
2026-03-02 14:50:00+00:00,1162.5,1163.25,1161.25,1161.5,2801
2026-03-02 14:55:00+00:00,1161.5,1162.25,1160.75,1160.75,1806
2026-03-02 15:00:00+00:00,1160.5,1163.75,1160.5,1163.0,2499
2026-03-02 15:05:00+00:00,1163.0,1163.5,1161.25,1163.5,1112
2026-03-02 15:10:00+00:00,1163.5,1165.5,1163.5,1165.5,1420
2026-03-02 15:15:00+00:00,1165.5,1166.0,1163.25,1163.75,1237
2026-03-02 15:20:00+00:00,1163.75,1164.75,1163.25,1164.25,986
2026-03-02 15:25:00+00:00,1164.0,1165.75,1164.0,1165.25,896
2026-03-02 15:30:00+00:00,1165.5,1165.5,1163.75,1164.75,2648
2026-03-02 15:35:00+00:00,1164.75,1166.25,1163.75,1166.0,1780
2026-03-02 15:40:00+00:00,1166.25,1167.0,1165.5,1165.5,1082
2026-03-02 15:45:00+00:00,1165.5,1166.25,1165.0,1165.5,926
2026-03-02 15:50:00+00:00,1165.5,1165.75,1164.75,1165.25,533
2026-03-02 15:55:00+00:00,1165.5,1165.75,1165.0,1165.25,409
2026-03-02 16:00:00+00:00,1165.25,1165.75,1162.5,1163.25,2042
2026-03-02 16:05:00+00:00,1163.0,1163.0,1160.75,1161.0,1359
2026-03-02 16:10:00+00:00,1161.25,1161.5,1160.5,1161.25,1085
2026-03-02 16:15:00+00:00,1161.0,1161.0,1159.25,1159.25,1417
2026-03-02 16:20:00+00:00,1159.5,1161.75,1159.5,1161.5,773
2026-03-02 16:25:00+00:00,1161.5,1161.75,1160.25,1160.5,701
2026-03-02 16:30:00+00:00,1160.5,1161.25,1159.75,1160.25,868
2026-03-02 16:35:00+00:00,1160.25,1161.0,1160.0,1160.75,447
2026-03-02 16:40:00+00:00,1160.5,1160.75,1159.0,1160.25,3433
2026-03-02 16:45:00+00:00,1160.25,1161.0,1160.0,1160.75,528
2026-03-02 16:50:00+00:00,1160.5,1162.5,1160.5,1162.25,902
2026-03-02 16:55:00+00:00,1162.25,1163.25,1162.25,1162.75,923
2026-03-02 17:00:00+00:00,1163.0,1163.25,1162.0,1162.75,556
2026-03-02 17:05:00+00:00,1162.75,1163.25,1162.0,1163.25,509
2026-03-02 17:10:00+00:00,1163.0,1163.5,1162.75,1162.75,481
2026-03-02 17:15:00+00:00,1162.5,1163.0,1161.5,1162.0,1038
2026-03-02 17:20:00+00:00,1162.0,1162.25,1160.25,1161.0,2081
2026-03-02 17:25:00+00:00,1161.25,1161.5,1160.0,1161.25,739
2026-03-02 17:30:00+00:00,1161.25,1161.25,1160.25,1161.0,666
2026-03-02 17:35:00+00:00,1160.75,1161.5,1160.5,1161.25,361
2026-03-02 17:40:00+00:00,1161.5,1162.0,1161.0,1161.75,468
2026-03-02 17:45:00+00:00,1161.5,1162.75,1161.5,1162.5,624
2026-03-02 17:50:00+00:00,1162.5,1163.0,1162.25,1162.25,504
2026-03-02 17:55:00+00:00,1162.5,1163.25,1162.0,1162.75,565
2026-03-02 18:00:00+00:00,1163.0,1163.5,1162.5,1163.0,672
2026-03-02 18:05:00+00:00,1163.0,1163.25,1162.5,1162.75,389
2026-03-02 18:10:00+00:00,1163.0,1163.25,1161.75,1162.75,972
2026-03-02 18:15:00+00:00,1163.0,1164.25,1162.75,1163.75,763
2026-03-02 18:20:00+00:00,1163.75,1164.0,1163.0,1163.75,345
2026-03-02 18:25:00+00:00,1163.5,1165.25,1163.5,1165.25,978
2026-03-02 18:30:00+00:00,1165.25,1165.75,1164.5,1165.0,1672
2026-03-02 18:35:00+00:00,1165.0,1165.0,1163.75,1164.0,908
2026-03-02 18:40:00+00:00,1164.0,1164.5,1163.75,1164.0,1120
2026-03-02 18:45:00+00:00,1164.0,1164.25,1163.75,1164.0,979
2026-03-02 18:50:00+00:00,1164.0,1164.75,1164.0,1164.75,418
2026-03-02 18:55:00+00:00,1164.75,1164.75,1164.0,1164.25,1039
2026-03-02 19:00:00+00:00,1164.0,1164.25,1163.0,1163.75,1863
2026-03-02 19:05:00+00:00,1163.75,1164.5,1163.5,1163.5,1481
2026-03-02 19:10:00+00:00,1163.5,1164.25,1163.25,1164.0,5199
2026-03-02 19:15:00+00:00,1164.0,1164.0,1161.5,1161.75,2283
2026-03-03 01:00:00+00:00,1162.5,1168.75,1161.75,1168.25,0
2026-03-03 01:05:00+00:00,1167.75,1167.75,1165.5,1165.5,466
2026-03-03 01:10:00+00:00,1165.25,1167.75,1165.0,1167.75,253
2026-03-03 01:15:00+00:00,1167.5,1168.75,1166.75,1166.75,501
2026-03-03 01:20:00+00:00,1166.5,1168.75,1166.25,1168.5,715
2026-03-03 01:25:00+00:00,1168.75,1169.25,1168.0,1168.25,285
2026-03-03 01:30:00+00:00,1168.5,1168.5,1167.25,1167.75,190
2026-03-03 01:35:00+00:00,1167.75,1168.75,1167.75,1168.75,185
2026-03-03 01:40:00+00:00,1168.75,1168.75,1167.75,1167.75,73
2026-03-03 01:45:00+00:00,1167.75,1167.75,1166.5,1166.75,52
2026-03-03 01:50:00+00:00,1166.5,1167.0,1166.0,1166.0,107
2026-03-03 01:55:00+00:00,1166.0,1166.25,1165.25,1165.75,220
2026-03-03 02:00:00+00:00,1165.75,1166.0,1164.75,1166.0,143
2026-03-03 02:05:00+00:00,1165.75,1166.25,1165.25,1165.5,210
2026-03-03 02:10:00+00:00,1165.75,1165.75,1165.0,1165.75,56
2026-03-03 02:15:00+00:00,1166.0,1166.5,1165.5,1165.5,116
2026-03-03 02:20:00+00:00,1165.75,1166.75,1165.75,1166.75,143
2026-03-03 02:25:00+00:00,1166.75,1167.0,1166.75,1166.75,40
2026-03-03 02:30:00+00:00,1167.0,1169.25,1166.75,1169.25,418
2026-03-03 02:35:00+00:00,1169.0,1169.0,1168.25,1168.75,155
2026-03-03 02:40:00+00:00,1169.0,1169.75,1168.75,1168.75,338
2026-03-03 02:45:00+00:00,1168.75,1169.25,1168.75,1168.75,32
2026-03-03 02:50:00+00:00,1168.75,1169.0,1168.25,1169.0,49
2026-03-03 02:55:00+00:00,1169.25,1169.75,1168.75,1169.25,101
2026-03-03 03:00:00+00:00,1169.5,1169.5,1169.0,1169.0,45
2026-03-03 03:05:00+00:00,1169.0,1169.0,1168.5,1168.5,28
2026-03-03 03:10:00+00:00,1168.25,1169.0,1168.25,1169.0,17
2026-03-03 03:15:00+00:00,1169.0,1169.25,1168.75,1169.25,45
2026-03-03 03:20:00+00:00,1169.25,1169.75,1169.25,1169.5,157
2026-03-03 03:25:00+00:00,1169.5,1169.75,1169.25,1169.5,168
2026-03-03 03:30:00+00:00,1169.25,1169.25,1167.75,1168.25,92
2026-03-03 03:35:00+00:00,1168.5,1168.75,1168.5,1168.5,13
2026-03-03 03:40:00+00:00,1168.5,1168.5,1168.5,1168.5,15
2026-03-03 03:45:00+00:00,1168.75,1168.75,1168.75,1168.75,16
2026-03-03 03:50:00+00:00,1168.75,1169.0,1168.75,1169.0,23
2026-03-03 03:55:00+00:00,1169.25,1169.75,1169.25,1169.5,124
2026-03-03 04:00:00+00:00,1169.5,1169.75,1169.0,1169.0,66
2026-03-03 04:05:00+00:00,1169.25,1169.25,1168.5,1169.0,63
2026-03-03 04:10:00+00:00,1169.0,1169.25,1169.0,1169.25,8
2026-03-03 04:15:00+00:00,1169.25,1169.25,1169.0,1169.25,20
2026-03-03 04:20:00+00:00,1169.25,1169.75,1169.25,1169.5,28
2026-03-03 04:25:00+00:00,1169.75,1170.5,1169.75,1170.0,850
2026-03-03 04:30:00+00:00,1170.0,1170.0,1169.75,1169.75,18
2026-03-03 04:35:00+00:00,1169.5,1170.25,1169.5,1169.75,168
2026-03-03 04:40:00+00:00,1169.75,1170.5,1169.75,1170.25,28
2026-03-03 04:45:00+00:00,1170.5,1170.75,1170.0,1170.5,176
2026-03-03 04:50:00+00:00,1170.25,1170.5,1170.25,1170.25,52
2026-03-03 04:55:00+00:00,1170.5,1170.5,1170.25,1170.25,63
2026-03-03 05:00:00+00:00,1170.5,1170.75,1170.5,1170.5,135
2026-03-03 05:05:00+00:00,1170.5,1170.5,1170.25,1170.5,16
2026-03-03 05:10:00+00:00,1170.25,1170.5,1170.25,1170.5,39
2026-03-03 05:15:00+00:00,1170.5,1170.5,1170.25,1170.25,62
2026-03-03 05:20:00+00:00,1170.5,1170.5,1170.25,1170.5,56
2026-03-03 05:25:00+00:00,1170.75,1172.25,1170.75,1171.75,826
2026-03-03 05:30:00+00:00,1171.75,1172.5,1171.75,1172.25,317
2026-03-03 05:35:00+00:00,1172.25,1173.0,1171.75,1172.75,302
2026-03-03 05:40:00+00:00,1172.75,1173.25,1172.75,1173.0,268
2026-03-03 05:45:00+00:00,1173.25,1173.5,1172.25,1172.25,154
2026-03-03 05:50:00+00:00,1172.5,1173.5,1171.75,1171.75,337
2026-03-03 05:55:00+00:00,1171.75,1172.75,1171.25,1172.75,294
2026-03-03 06:00:00+00:00,1173.0,1173.5,1172.5,1173.0,327
2026-03-03 06:05:00+00:00,1172.75,1173.0,1172.0,1172.5,104
2026-03-03 06:10:00+00:00,1172.5,1172.5,1171.75,1172.0,85
2026-03-03 06:15:00+00:00,1171.75,1172.5,1171.75,1172.0,46
2026-03-03 06:20:00+00:00,1172.0,1173.25,1171.5,1172.5,550
2026-03-03 06:25:00+00:00,1172.25,1172.25,1170.25,1171.25,390
2026-03-03 06:30:00+00:00,1171.25,1171.5,1169.5,1169.75,184
2026-03-03 06:35:00+00:00,1169.5,1170.0,1168.25,1169.75,408
2026-03-03 06:40:00+00:00,1170.0,1171.5,1170.0,1171.5,137
2026-03-03 06:45:00+00:00,1171.25,1171.25,1170.75,1170.75,122
2026-03-03 06:50:00+00:00,1171.25,1171.25,1170.25,1170.5,80
2026-03-03 06:55:00+00:00,1170.75,1171.0,1170.5,1170.5,83
2026-03-03 07:00:00+00:00,1170.5,1171.75,1170.5,1170.75,102
2026-03-03 07:05:00+00:00,1170.75,1170.75,1169.75,1169.75,83
2026-03-03 07:10:00+00:00,1170.0,1170.25,1169.75,1170.25,35
2026-03-03 07:15:00+00:00,1170.0,1170.0,1169.75,1169.75,93
2026-03-03 07:20:00+00:00,1169.5,1169.75,1169.25,1169.75,50
2026-03-03 07:25:00+00:00,1170.0,1170.25,1169.75,1169.75,41
2026-03-03 07:30:00+00:00,1169.75,1170.0,1169.5,1169.75,58
2026-03-03 07:35:00+00:00,1169.75,1171.25,1169.75,1171.25,110
2026-03-03 07:40:00+00:00,1171.0,1171.0,1170.75,1170.75,43
2026-03-03 07:45:00+00:00,1170.5,1171.25,1170.5,1171.25,48
2026-03-03 07:50:00+00:00,1171.25,1171.5,1171.0,1171.5,79
2026-03-03 07:55:00+00:00,1171.25,1172.25,1171.25,1171.75,105
2026-03-03 08:00:00+00:00,1171.75,1172.75,1171.5,1172.5,188
2026-03-03 08:05:00+00:00,1172.75,1173.0,1171.75,1171.75,121
2026-03-03 08:10:00+00:00,1171.75,1171.75,1171.0,1171.25,82
2026-03-03 08:15:00+00:00,1171.25,1171.75,1171.0,1171.75,72
2026-03-03 08:20:00+00:00,1171.75,1172.0,1171.75,1171.75,86
2026-03-03 08:25:00+00:00,1172.0,1172.75,1172.0,1172.5,736
2026-03-03 08:30:00+00:00,1172.75,1173.0,1172.5,1172.75,128
2026-03-03 08:35:00+00:00,1173.0,1173.5,1172.75,1173.25,55
2026-03-03 08:40:00+00:00,1173.0,1173.75,1173.0,1173.5,132
2026-03-03 08:45:00+00:00,1173.25,1173.75,1173.0,1173.75,273
2026-03-03 08:50:00+00:00,1173.75,1174.0,1173.5,1173.75,126
2026-03-03 08:55:00+00:00,1173.75,1173.75,1172.75,1173.5,297
2026-03-03 09:00:00+00:00,1173.75,1174.5,1173.75,1174.0,585
2026-03-03 09:05:00+00:00,1174.0,1174.25,1173.75,1174.25,152
2026-03-03 09:10:00+00:00,1174.25,1175.0,1174.25,1174.5,636
2026-03-03 09:15:00+00:00,1174.25,1175.0,1174.25,1174.75,193
2026-03-03 09:20:00+00:00,1175.0,1175.75,1175.0,1175.0,326
2026-03-03 09:25:00+00:00,1175.0,1175.25,1174.0,1175.0,244
2026-03-03 09:30:00+00:00,1175.0,1175.25,1174.0,1174.75,322
2026-03-03 09:35:00+00:00,1174.75,1176.75,1174.75,1176.5,416
2026-03-03 09:40:00+00:00,1176.5,1176.5,1175.75,1176.0,401
2026-03-03 09:45:00+00:00,1176.25,1176.25,1175.25,1176.0,255
2026-03-03 09:50:00+00:00,1176.0,1176.75,1176.0,1176.75,197
2026-03-03 09:55:00+00:00,1176.75,1176.75,1176.0,1176.25,116
2026-03-03 10:00:00+00:00,1176.5,1177.25,1176.25,1176.75,268
2026-03-03 10:05:00+00:00,1176.75,1178.5,1176.5,1178.25,385
2026-03-03 10:10:00+00:00,1178.25,1179.5,1177.75,1178.75,322
2026-03-03 10:15:00+00:00,1178.75,1179.25,1178.25,1178.5,201
2026-03-03 10:20:00+00:00,1178.75,1179.25,1178.75,1179.25,395
2026-03-03 10:25:00+00:00,1179.5,1179.75,1178.75,1179.25,356
2026-03-03 10:30:00+00:00,1179.5,1181.5,1179.5,1180.5,920
2026-03-03 10:35:00+00:00,1180.5,1181.5,1180.25,1180.75,314
2026-03-03 10:40:00+00:00,1180.5,1180.75,1180.0,1180.75,278
2026-03-03 10:45:00+00:00,1181.0,1182.0,1180.75,1181.5,249
2026-03-03 10:50:00+00:00,1181.5,1181.75,1181.0,1181.75,94
2026-03-03 10:55:00+00:00,1181.75,1182.25,1181.5,1181.75,224
2026-03-03 11:00:00+00:00,1182.0,1182.75,1181.75,1182.25,217
2026-03-03 11:05:00+00:00,1182.0,1182.5,1180.75,1181.25,475
2026-03-03 11:10:00+00:00,1181.25,1181.75,1181.0,1181.5,155
2026-03-03 11:15:00+00:00,1181.25,1182.5,1181.25,1182.5,234
2026-03-03 11:20:00+00:00,1182.25,1182.75,1182.0,1182.25,266
2026-03-03 11:25:00+00:00,1182.25,1182.75,1182.0,1182.5,617
2026-03-03 11:30:00+00:00,1182.25,1183.0,1182.25,1182.5,1324
2026-03-03 11:35:00+00:00,1182.5,1182.5,1181.5,1182.25,278
2026-03-03 11:40:00+00:00,1182.25,1182.25,1180.0,1181.0,569
2026-03-03 11:45:00+00:00,1181.25,1181.5,1180.5,1180.5,209
2026-03-03 11:50:00+00:00,1180.25,1180.5,1178.5,1178.5,474
2026-03-03 11:55:00+00:00,1178.75,1178.75,1177.5,1178.75,1291
2026-03-03 12:00:00+00:00,1178.5,1179.0,1177.5,1178.5,485
2026-03-03 12:05:00+00:00,1178.5,1178.5,1177.5,1177.75,413
2026-03-03 12:10:00+00:00,1177.5,1179.0,1177.0,1178.5,290
2026-03-03 12:15:00+00:00,1178.5,1179.5,1178.25,1179.0,544
2026-03-03 12:20:00+00:00,1178.75,1179.75,1178.75,1179.25,565
2026-03-03 12:25:00+00:00,1179.25,1179.25,1178.25,1178.75,426
2026-03-03 12:30:00+00:00,1178.75,1178.75,1176.75,1177.25,849
2026-03-03 12:35:00+00:00,1177.0,1179.0,1177.0,1178.75,260
2026-03-03 12:40:00+00:00,1178.5,1179.25,1178.25,1178.5,127
2026-03-03 12:45:00+00:00,1178.5,1178.5,1176.0,1176.5,768
2026-03-03 12:50:00+00:00,1176.25,1177.5,1176.0,1177.0,370
2026-03-03 12:55:00+00:00,1176.75,1177.25,1175.5,1176.25,798
2026-03-03 13:00:00+00:00,1176.5,1177.75,1175.75,1177.5,731
2026-03-03 13:05:00+00:00,1177.5,1177.75,1176.25,1177.0,458
2026-03-03 13:10:00+00:00,1177.0,1177.75,1176.5,1176.75,307
2026-03-03 13:15:00+00:00,1176.75,1176.75,1175.0,1175.75,441
2026-03-03 13:20:00+00:00,1175.5,1177.25,1175.5,1176.0,232
2026-03-03 13:25:00+00:00,1176.25,1177.0,1175.0,1175.0,740
2026-03-03 13:30:00+00:00,1175.0,1175.5,1173.75,1174.75,772
2026-03-03 13:35:00+00:00,1174.75,1175.0,1174.0,1175.0,396
2026-03-03 13:40:00+00:00,1175.0,1175.75,1174.75,1175.0,598
2026-03-03 14:30:00+00:00,1173.5,1177.25,1173.25,1176.5,8334
2026-03-03 14:35:00+00:00,1176.75,1178.5,1175.0,1175.25,3487
2026-03-03 14:40:00+00:00,1175.25,1176.25,1173.25,1173.75,3271
2026-03-03 14:45:00+00:00,1174.0,1175.25,1172.5,1173.0,2326
2026-03-03 14:50:00+00:00,1173.0,1173.0,1170.0,1170.25,2877
2026-03-03 14:55:00+00:00,1170.25,1170.5,1168.75,1169.0,2443
2026-03-03 15:00:00+00:00,1169.25,1170.0,1166.0,1166.25,4237
2026-03-03 15:05:00+00:00,1166.25,1167.0,1164.25,1165.75,3036
2026-03-03 15:10:00+00:00,1165.75,1167.25,1163.25,1164.0,3345
2026-03-03 15:15:00+00:00,1163.75,1165.25,1163.0,1164.25,3149
2026-03-03 15:20:00+00:00,1164.25,1165.75,1164.0,1165.0,2083
2026-03-03 15:25:00+00:00,1165.0,1167.0,1164.5,1166.5,2197
2026-03-03 15:30:00+00:00,1166.25,1169.75,1166.25,1167.0,2998
2026-03-03 15:35:00+00:00,1167.25,1169.25,1166.5,1168.75,4248
2026-03-03 15:40:00+00:00,1168.5,1168.5,1166.25,1166.25,1312
2026-03-03 15:45:00+00:00,1166.25,1167.25,1165.5,1166.25,1700
2026-03-03 15:50:00+00:00,1166.0,1166.0,1163.0,1163.25,1096
2026-03-03 15:55:00+00:00,1163.5,1166.25,1163.5,1166.25,1205
2026-03-03 16:00:00+00:00,1166.25,1167.5,1165.75,1166.5,1057
2026-03-03 16:05:00+00:00,1166.25,1167.5,1166.25,1167.5,658
2026-03-03 16:10:00+00:00,1167.5,1168.25,1166.75,1168.0,834
2026-03-03 16:15:00+00:00,1168.0,1168.25,1165.75,1166.25,2738
2026-03-03 16:20:00+00:00,1166.5,1166.5,1164.25,1164.5,804
2026-03-03 16:25:00+00:00,1164.5,1165.5,1164.0,1165.5,478
2026-03-03 16:30:00+00:00,1165.25,1165.75,1162.25,1163.5,1064
2026-03-03 16:35:00+00:00,1163.5,1164.0,1163.0,1163.5,635
2026-03-03 16:40:00+00:00,1163.25,1163.75,1162.75,1163.25,1005
2026-03-03 16:45:00+00:00,1163.25,1163.5,1161.5,1163.0,5451
2026-03-03 16:50:00+00:00,1162.75,1163.5,1160.5,1161.5,1711
2026-03-03 16:55:00+00:00,1161.75,1163.0,1161.25,1162.75,813
2026-03-03 17:00:00+00:00,1162.5,1163.0,1161.75,1162.0,913
2026-03-03 17:05:00+00:00,1162.25,1163.0,1162.0,1162.75,940
2026-03-03 17:10:00+00:00,1162.75,1163.75,1162.5,1163.5,1013
2026-03-03 17:15:00+00:00,1163.5,1164.75,1163.25,1164.0,696
2026-03-03 17:20:00+00:00,1163.75,1164.25,1163.25,1163.5,461
2026-03-03 17:25:00+00:00,1163.75,1164.75,1163.5,1163.75,444
2026-03-03 17:30:00+00:00,1164.0,1164.5,1163.5,1164.0,567
2026-03-03 17:35:00+00:00,1164.0,1164.5,1163.25,1163.75,623
2026-03-03 17:40:00+00:00,1163.5,1163.5,1161.5,1161.75,743
2026-03-03 17:45:00+00:00,1161.75,1162.75,1161.5,1162.5,614
2026-03-03 17:50:00+00:00,1162.25,1162.75,1161.75,1162.0,505
2026-03-03 17:55:00+00:00,1162.0,1163.5,1161.75,1163.5,319
2026-03-03 18:00:00+00:00,1163.5,1164.5,1163.0,1164.0,639
2026-03-03 18:05:00+00:00,1164.0,1164.5,1163.75,1164.0,455
2026-03-03 18:10:00+00:00,1164.0,1165.25,1164.0,1164.5,688
2026-03-03 18:15:00+00:00,1164.5,1165.0,1164.25,1164.75,619
2026-03-03 18:20:00+00:00,1164.75,1167.0,1164.5,1165.75,3542
2026-03-03 18:25:00+00:00,1166.0,1166.75,1165.25,1166.25,1348
2026-03-03 18:30:00+00:00,1166.25,1166.75,1166.0,1166.75,838
2026-03-03 18:35:00+00:00,1166.75,1168.0,1166.25,1167.75,1212
2026-03-03 18:40:00+00:00,1167.75,1168.75,1167.75,1168.75,814
2026-03-03 18:45:00+00:00,1168.75,1170.0,1168.75,1169.5,1443
2026-03-03 18:50:00+00:00,1169.25,1170.0,1168.25,1169.0,1121
2026-03-03 18:55:00+00:00,1169.0,1169.75,1168.75,1169.5,985
2026-03-03 19:00:00+00:00,1169.25,1170.75,1169.25,1170.5,2062
2026-03-03 19:05:00+00:00,1170.25,1170.75,1168.75,1170.0,3571
2026-03-03 19:10:00+00:00,1169.75,1171.5,1168.75,1171.25,7917
2026-03-03 19:15:00+00:00,1171.0,1171.75,1170.75,1171.5,2910
2026-03-04 01:00:00+00:00,1171.0,1173.5,1167.5,1167.5,0
2026-03-04 01:05:00+00:00,1167.5,1169.25,1167.5,1167.5,245
2026-03-04 01:10:00+00:00,1167.75,1168.75,1167.5,1168.0,204
2026-03-04 01:15:00+00:00,1168.0,1169.25,1168.0,1168.5,163
2026-03-04 01:20:00+00:00,1168.5,1168.5,1167.0,1167.75,43
2026-03-04 01:25:00+00:00,1167.75,1169.0,1167.75,1168.0,147
2026-03-04 01:30:00+00:00,1168.5,1170.25,1168.5,1169.25,257
2026-03-04 01:35:00+00:00,1169.5,1172.25,1169.5,1170.75,272
2026-03-04 01:40:00+00:00,1171.0,1172.25,1171.0,1172.0,87
2026-03-04 01:45:00+00:00,1171.75,1171.75,1170.0,1170.0,36
2026-03-04 01:50:00+00:00,1170.25,1170.25,1169.25,1169.5,34
2026-03-04 01:55:00+00:00,1169.75,1170.25,1169.75,1170.25,483
2026-03-04 02:00:00+00:00,1170.0,1170.5,1169.25,1169.5,50
2026-03-04 02:05:00+00:00,1169.25,1170.25,1169.0,1170.0,48
2026-03-04 02:10:00+00:00,1169.75,1170.0,1169.25,1169.5,24
2026-03-04 02:15:00+00:00,1169.5,1169.5,1168.0,1168.0,226
2026-03-04 02:20:00+00:00,1168.0,1168.25,1167.25,1167.25,51
2026-03-04 02:25:00+00:00,1167.25,1168.0,1167.0,1167.0,73
2026-03-04 02:30:00+00:00,1167.0,1167.75,1166.5,1166.5,125
2026-03-04 02:35:00+00:00,1166.5,1167.5,1166.25,1167.25,101
2026-03-04 02:40:00+00:00,1167.5,1167.75,1167.5,1167.5,40
2026-03-04 02:45:00+00:00,1167.5,1168.5,1167.25,1168.5,171
2026-03-04 02:50:00+00:00,1168.75,1170.25,1168.75,1169.0,283
2026-03-04 02:55:00+00:00,1169.0,1169.5,1168.75,1169.0,21
2026-03-04 03:00:00+00:00,1168.75,1169.25,1168.25,1168.5,88
2026-03-04 03:05:00+00:00,1168.5,1169.75,1168.5,1169.75,42
2026-03-04 03:10:00+00:00,1170.0,1170.5,1169.0,1169.75,45
2026-03-04 03:15:00+00:00,1169.5,1170.25,1169.5,1170.25,23
2026-03-04 03:20:00+00:00,1170.25,1170.5,1169.5,1169.75,47
2026-03-04 03:25:00+00:00,1170.0,1170.0,1168.25,1168.25,136
2026-03-04 03:30:00+00:00,1168.5,1168.75,1167.75,1167.75,38
2026-03-04 03:35:00+00:00,1167.5,1168.25,1167.25,1168.0,53
2026-03-04 03:40:00+00:00,1168.0,1168.25,1167.5,1167.5,24
2026-03-04 03:45:00+00:00,1167.5,1168.5,1167.5,1168.25,42
2026-03-04 03:50:00+00:00,1168.0,1168.5,1168.0,1168.5,19
2026-03-04 03:55:00+00:00,1168.25,1169.5,1168.25,1169.5,45
2026-03-04 04:00:00+00:00,1169.75,1170.0,1169.25,1169.5,31
2026-03-04 04:05:00+00:00,1169.75,1170.0,1169.75,1169.75,31
2026-03-04 04:10:00+00:00,1169.75,1169.75,1169.75,1169.75,6
2026-03-04 04:15:00+00:00,1169.75,1169.75,1169.25,1169.5,37
2026-03-04 04:20:00+00:00,1169.0,1169.0,1169.0,1169.0,14
2026-03-04 04:25:00+00:00,1169.0,1169.0,1168.25,1168.25,15
2026-03-04 04:30:00+00:00,1168.25,1168.75,1168.25,1168.75,30
2026-03-04 04:35:00+00:00,1168.75,1168.75,1168.25,1168.25,13
2026-03-04 04:40:00+00:00,1168.0,1168.0,1167.75,1168.0,9
2026-03-04 04:45:00+00:00,1168.25,1168.25,1167.75,1167.75,5
2026-03-04 04:50:00+00:00,1167.75,1167.75,1167.5,1167.75,18
2026-03-04 04:55:00+00:00,1167.75,1168.0,1167.75,1168.0,5
2026-03-04 05:00:00+00:00,1167.75,1168.75,1167.75,1167.75,39
2026-03-04 05:05:00+00:00,1167.75,1168.5,1167.75,1168.5,18
2026-03-04 05:10:00+00:00,1168.75,1169.0,1168.75,1169.0,12
2026-03-04 05:15:00+00:00,1169.0,1170.0,1169.0,1170.0,54
2026-03-04 05:20:00+00:00,1170.0,1171.0,1170.0,1170.0,158
2026-03-04 05:25:00+00:00,1170.25,1170.25,1169.5,1169.5,18
2026-03-04 05:30:00+00:00,1169.75,1170.5,1169.75,1170.0,38
2026-03-04 05:35:00+00:00,1169.5,1170.0,1169.25,1170.0,15
2026-03-04 05:40:00+00:00,1170.0,1170.25,1169.0,1169.5,46
2026-03-04 05:45:00+00:00,1169.5,1170.0,1169.0,1169.75,71
2026-03-04 05:50:00+00:00,1169.5,1169.75,1168.5,1169.75,77
2026-03-04 05:55:00+00:00,1169.5,1169.75,1169.25,1169.75,102
2026-03-04 06:00:00+00:00,1169.5,1170.25,1169.25,1169.25,73
2026-03-04 06:05:00+00:00,1169.75,1170.0,1169.75,1170.0,3
2026-03-04 06:10:00+00:00,1170.0,1170.5,1170.0,1170.0,18
2026-03-04 06:15:00+00:00,1170.0,1170.25,1169.75,1170.25,19
2026-03-04 06:20:00+00:00,1170.25,1170.5,1170.25,1170.25,8
2026-03-04 06:25:00+00:00,1171.0,1171.75,1171.0,1171.5,39
2026-03-04 06:30:00+00:00,1171.5,1171.5,1171.0,1171.25,76
2026-03-04 06:35:00+00:00,1171.0,1171.25,1169.5,1169.75,135
2026-03-04 06:40:00+00:00,1170.0,1173.0,1169.5,1172.5,512
2026-03-04 06:45:00+00:00,1172.25,1172.25,1171.25,1171.5,68
2026-03-04 06:50:00+00:00,1171.25,1171.75,1170.75,1171.5,27
2026-03-04 06:55:00+00:00,1171.25,1171.75,1171.0,1171.75,27
2026-03-04 07:00:00+00:00,1171.25,1172.0,1171.0,1171.25,47
2026-03-04 07:05:00+00:00,1171.5,1172.5,1171.5,1172.0,46
2026-03-04 07:10:00+00:00,1172.0,1172.25,1171.5,1171.5,31
2026-03-04 07:15:00+00:00,1171.75,1172.0,1171.5,1172.0,59
2026-03-04 07:20:00+00:00,1172.0,1172.0,1171.75,1171.75,17
2026-03-04 07:25:00+00:00,1171.75,1171.75,1171.5,1171.75,12
2026-03-04 07:30:00+00:00,1171.75,1172.25,1171.75,1172.0,34
2026-03-04 07:35:00+00:00,1172.5,1172.5,1171.75,1172.25,75
2026-03-04 07:40:00+00:00,1172.0,1172.5,1172.0,1172.5,74
2026-03-04 07:45:00+00:00,1172.25,1172.5,1171.75,1172.0,32
2026-03-04 07:50:00+00:00,1172.0,1172.25,1171.75,1172.25,46
2026-03-04 07:55:00+00:00,1172.25,1172.5,1172.25,1172.25,56
2026-03-04 08:00:00+00:00,1172.0,1172.25,1171.5,1172.0,194
2026-03-04 08:05:00+00:00,1171.75,1172.25,1171.75,1172.25,12
2026-03-04 08:10:00+00:00,1172.0,1172.25,1171.75,1172.25,19
2026-03-04 08:15:00+00:00,1172.25,1174.5,1172.25,1174.25,184
2026-03-04 08:20:00+00:00,1174.25,1174.25,1172.75,1172.75,205
2026-03-04 08:25:00+00:00,1172.75,1173.25,1172.75,1173.0,132
2026-03-04 08:30:00+00:00,1173.0,1174.0,1173.0,1173.0,134
2026-03-04 08:35:00+00:00,1173.0,1173.25,1172.5,1173.25,242
2026-03-04 08:40:00+00:00,1173.5,1174.0,1173.25,1174.0,92
2026-03-04 08:45:00+00:00,1174.0,1175.75,1174.0,1175.75,362
2026-03-04 08:50:00+00:00,1175.5,1175.75,1174.5,1174.5,206
2026-03-04 08:55:00+00:00,1174.75,1175.0,1174.5,1174.5,59
2026-03-04 09:00:00+00:00,1174.25,1175.5,1174.0,1175.5,138
2026-03-04 09:05:00+00:00,1175.5,1175.75,1174.75,1174.75,134
2026-03-04 09:10:00+00:00,1175.0,1175.0,1174.0,1174.0,135
2026-03-04 09:15:00+00:00,1174.0,1174.0,1173.5,1173.75,40
2026-03-04 09:20:00+00:00,1173.75,1174.5,1173.25,1174.25,185
2026-03-04 09:25:00+00:00,1174.25,1174.5,1173.75,1174.0,161
2026-03-04 09:30:00+00:00,1173.75,1174.5,1173.25,1174.0,67
2026-03-04 09:35:00+00:00,1173.75,1174.5,1173.75,1173.75,30
2026-03-04 09:40:00+00:00,1174.0,1174.5,1173.75,1174.5,62
2026-03-04 09:45:00+00:00,1174.25,1175.75,1174.0,1175.5,119
2026-03-04 09:50:00+00:00,1175.0,1175.0,1174.25,1174.25,124
2026-03-04 09:55:00+00:00,1174.25,1174.5,1173.25,1174.25,146
2026-03-04 10:00:00+00:00,1174.75,1175.5,1174.5,1175.25,121
2026-03-04 10:05:00+00:00,1175.0,1175.25,1174.25,1174.25,152
2026-03-04 10:10:00+00:00,1174.25,1174.5,1170.5,1171.25,613
2026-03-04 10:15:00+00:00,1171.25,1172.5,1170.5,1171.5,102
2026-03-04 10:20:00+00:00,1171.5,1171.5,1170.0,1170.25,459
2026-03-04 10:25:00+00:00,1170.5,1171.5,1170.25,1170.5,268
2026-03-04 10:30:00+00:00,1171.25,1172.25,1170.75,1172.0,182
2026-03-04 10:35:00+00:00,1172.0,1172.25,1171.0,1171.25,81
2026-03-04 10:40:00+00:00,1171.25,1171.25,1170.5,1171.0,53
2026-03-04 10:45:00+00:00,1171.0,1171.25,1170.5,1170.75,102
2026-03-04 10:50:00+00:00,1170.75,1171.5,1170.75,1171.25,186
2026-03-04 10:55:00+00:00,1171.25,1171.75,1171.0,1171.0,128
2026-03-04 11:00:00+00:00,1171.0,1172.5,1170.5,1172.25,114
2026-03-04 11:05:00+00:00,1172.25,1173.0,1172.0,1172.0,86
2026-03-04 11:10:00+00:00,1171.75,1172.25,1171.25,1172.25,76
2026-03-04 11:15:00+00:00,1172.0,1172.5,1171.75,1171.75,66
2026-03-04 11:20:00+00:00,1171.75,1172.5,1171.75,1172.5,62
2026-03-04 11:25:00+00:00,1172.5,1172.75,1172.25,1172.5,45
2026-03-04 11:30:00+00:00,1172.25,1172.25,1171.5,1171.5,60
2026-03-04 11:35:00+00:00,1171.5,1171.5,1170.75,1171.25,70
2026-03-04 11:40:00+00:00,1171.25,1172.0,1171.0,1172.0,38
2026-03-04 11:45:00+00:00,1171.75,1172.25,1171.75,1172.25,81
2026-03-04 11:50:00+00:00,1172.25,1172.25,1171.75,1172.0,55
2026-03-04 11:55:00+00:00,1172.0,1172.25,1171.75,1172.25,43
2026-03-04 12:00:00+00:00,1172.0,1174.5,1171.75,1174.5,231
2026-03-04 12:05:00+00:00,1174.25,1174.75,1173.75,1174.25,164
2026-03-04 12:10:00+00:00,1174.25,1174.25,1172.5,1172.75,83
2026-03-04 12:15:00+00:00,1172.5,1172.5,1171.25,1171.5,167
2026-03-04 12:20:00+00:00,1171.75,1172.25,1170.75,1170.75,155
2026-03-04 12:25:00+00:00,1170.75,1171.25,1170.0,1170.5,172
2026-03-04 12:30:00+00:00,1170.75,1170.75,1169.5,1169.75,94
2026-03-04 12:35:00+00:00,1169.75,1170.0,1167.75,1168.75,558
2026-03-04 12:40:00+00:00,1168.75,1169.5,1168.5,1169.25,106
2026-03-04 12:45:00+00:00,1169.25,1169.5,1168.75,1168.75,402
2026-03-04 12:50:00+00:00,1168.75,1169.25,1168.25,1169.0,423
2026-03-04 12:55:00+00:00,1169.0,1169.5,1168.75,1169.0,208
2026-03-04 13:00:00+00:00,1169.25,1169.75,1168.0,1169.0,595
2026-03-04 13:05:00+00:00,1169.0,1169.0,1167.75,1167.75,307
2026-03-04 13:10:00+00:00,1168.0,1168.75,1167.5,1168.25,707
2026-03-04 13:15:00+00:00,1168.25,1168.25,1166.75,1167.0,322
2026-03-04 13:20:00+00:00,1167.0,1167.75,1166.5,1167.25,540
2026-03-04 13:25:00+00:00,1167.5,1168.0,1167.0,1167.5,198
2026-03-04 13:30:00+00:00,1167.25,1167.75,1167.0,1167.5,162
2026-03-04 13:35:00+00:00,1167.25,1169.0,1167.0,1168.25,1150
2026-03-04 13:40:00+00:00,1168.25,1168.75,1168.0,1168.25,217
2026-03-04 14:30:00+00:00,1168.25,1172.5,1167.5,1172.0,6214
2026-03-04 14:35:00+00:00,1172.0,1173.75,1170.75,1171.0,2892
2026-03-04 14:40:00+00:00,1171.25,1171.75,1169.75,1171.25,1558
2026-03-04 14:45:00+00:00,1171.25,1172.0,1169.5,1171.0,2152
2026-03-04 14:50:00+00:00,1171.0,1171.75,1168.75,1170.0,1356
2026-03-04 14:55:00+00:00,1169.75,1170.25,1168.5,1169.75,994
2026-03-04 15:00:00+00:00,1170.0,1171.75,1169.5,1171.25,1262
2026-03-04 15:05:00+00:00,1171.5,1172.75,1171.25,1172.5,1372
2026-03-04 15:10:00+00:00,1172.5,1173.0,1170.75,1172.0,1470
2026-03-04 15:15:00+00:00,1172.0,1173.75,1171.5,1173.5,1619
2026-03-04 15:20:00+00:00,1173.5,1173.75,1172.5,1172.75,796
2026-03-04 15:25:00+00:00,1172.75,1174.25,1171.75,1174.0,1224
2026-03-04 15:30:00+00:00,1174.25,1174.25,1173.0,1173.75,1003
2026-03-04 15:35:00+00:00,1173.75,1173.75,1172.5,1172.5,766
2026-03-04 15:40:00+00:00,1172.5,1173.25,1171.75,1173.0,1838
2026-03-04 15:45:00+00:00,1172.75,1173.0,1171.5,1172.0,735
2026-03-04 15:50:00+00:00,1171.75,1172.25,1170.0,1170.75,1077
2026-03-04 15:55:00+00:00,1170.5,1171.25,1170.5,1171.25,497
2026-03-04 16:00:00+00:00,1171.25,1171.75,1170.75,1171.75,499
2026-03-04 16:05:00+00:00,1172.0,1172.5,1171.5,1171.75,655
2026-03-04 16:10:00+00:00,1172.0,1172.0,1170.25,1171.0,1797
2026-03-04 16:15:00+00:00,1170.75,1171.75,1170.75,1171.25,745
2026-03-04 16:20:00+00:00,1171.5,1171.5,1170.0,1170.25,562
2026-03-04 16:25:00+00:00,1170.0,1170.5,1169.0,1169.25,669
2026-03-04 16:30:00+00:00,1169.0,1170.0,1168.75,1169.5,3206
2026-03-04 16:35:00+00:00,1169.25,1169.25,1167.0,1167.0,1335
2026-03-04 16:40:00+00:00,1167.0,1168.25,1166.5,1167.5,1980
2026-03-04 16:45:00+00:00,1167.5,1167.75,1165.0,1167.0,1785
2026-03-04 16:50:00+00:00,1167.0,1167.75,1166.75,1167.25,954
2026-03-04 16:55:00+00:00,1167.25,1168.0,1167.25,1167.75,771
2026-03-04 17:00:00+00:00,1167.75,1168.5,1167.5,1168.0,597
2026-03-04 17:05:00+00:00,1168.0,1168.0,1167.0,1167.75,778
2026-03-04 17:10:00+00:00,1167.75,1167.75,1167.0,1167.5,682
2026-03-04 17:15:00+00:00,1167.25,1168.75,1167.25,1168.25,592
2026-03-04 17:20:00+00:00,1168.0,1168.0,1166.75,1167.0,524
2026-03-04 17:25:00+00:00,1167.0,1168.0,1166.75,1168.0,534
2026-03-04 17:30:00+00:00,1167.75,1168.75,1167.25,1168.75,510
2026-03-04 17:35:00+00:00,1168.25,1170.0,1168.25,1169.75,2084
2026-03-04 17:40:00+00:00,1169.75,1170.0,1168.5,1169.25,526
2026-03-04 17:45:00+00:00,1169.0,1170.0,1169.0,1169.25,480
2026-03-04 17:50:00+00:00,1169.0,1170.5,1169.0,1170.25,537
2026-03-04 17:55:00+00:00,1170.25,1170.75,1169.75,1170.0,461
2026-03-04 18:00:00+00:00,1170.0,1170.75,1169.75,1170.75,394
2026-03-04 18:05:00+00:00,1170.5,1171.25,1170.25,1170.25,737
2026-03-04 18:10:00+00:00,1170.25,1170.25,1169.25,1169.5,819
2026-03-04 18:15:00+00:00,1169.5,1169.5,1168.0,1168.0,453
2026-03-04 18:20:00+00:00,1168.0,1168.25,1167.0,1167.5,772
2026-03-04 18:25:00+00:00,1167.5,1168.5,1167.25,1167.5,695
2026-03-04 18:30:00+00:00,1167.75,1169.0,1167.25,1169.0,992
2026-03-04 18:35:00+00:00,1169.0,1169.75,1168.75,1168.75,661
2026-03-04 18:40:00+00:00,1169.0,1169.25,1168.5,1169.25,288
2026-03-04 18:45:00+00:00,1169.25,1170.0,1168.75,1168.75,373
2026-03-04 18:50:00+00:00,1169.0,1169.5,1168.75,1169.0,469
2026-03-04 18:55:00+00:00,1169.0,1169.0,1168.0,1168.5,606
2026-03-04 19:00:00+00:00,1168.75,1169.0,1167.75,1168.25,734
2026-03-04 19:05:00+00:00,1168.5,1169.25,1168.0,1169.25,906
2026-03-04 19:10:00+00:00,1168.75,1169.75,1168.5,1169.25,6182
2026-03-04 19:15:00+00:00,1169.25,1169.75,1166.25,1166.25,2003
2026-03-05 01:00:00+00:00,1168.25,1171.0,1167.5,1169.25,0
2026-03-05 01:05:00+00:00,1169.5,1170.25,1169.25,1170.0,207
2026-03-05 01:10:00+00:00,1170.0,1170.0,1169.25,1169.75,100
2026-03-05 01:15:00+00:00,1169.75,1170.25,1169.5,1170.0,41
2026-03-05 01:20:00+00:00,1170.0,1170.75,1169.75,1170.75,91
2026-03-05 01:25:00+00:00,1170.75,1170.75,1169.75,1170.0,78
2026-03-05 01:30:00+00:00,1169.75,1169.75,1168.75,1169.25,302
2026-03-05 01:35:00+00:00,1169.25,1169.5,1168.75,1168.75,157
2026-03-05 01:40:00+00:00,1169.25,1169.25,1168.25,1168.5,160
2026-03-05 01:45:00+00:00,1168.75,1169.5,1168.75,1169.5,54
2026-03-05 01:50:00+00:00,1169.5,1170.0,1169.25,1170.0,165
2026-03-05 01:55:00+00:00,1170.0,1170.5,1169.5,1170.5,155
2026-03-05 02:00:00+00:00,1170.5,1171.25,1170.25,1171.25,147
2026-03-05 02:05:00+00:00,1171.25,1171.25,1170.25,1170.25,26
2026-03-05 02:10:00+00:00,1170.5,1171.0,1170.25,1170.75,18
2026-03-05 02:15:00+00:00,1170.75,1170.75,1170.0,1170.25,219
2026-03-05 02:20:00+00:00,1170.5,1170.5,1170.25,1170.25,82
2026-03-05 02:25:00+00:00,1170.5,1170.75,1170.5,1170.75,235
2026-03-05 02:30:00+00:00,1170.5,1170.75,1170.25,1170.75,132
2026-03-05 02:35:00+00:00,1170.75,1170.75,1170.25,1170.25,22
2026-03-05 02:40:00+00:00,1170.5,1170.75,1170.25,1170.75,16
2026-03-05 02:45:00+00:00,1170.75,1172.5,1170.75,1172.5,366
2026-03-05 02:50:00+00:00,1172.5,1172.75,1172.0,1172.25,337
2026-03-05 02:55:00+00:00,1172.25,1172.25,1171.75,1172.25,61
2026-03-05 03:00:00+00:00,1172.0,1172.5,1172.0,1172.0,134
2026-03-05 03:05:00+00:00,1172.0,1172.25,1171.75,1172.0,109
2026-03-05 03:10:00+00:00,1172.0,1172.0,1171.5,1171.75,176
2026-03-05 03:15:00+00:00,1172.0,1172.0,1171.75,1171.75,7
2026-03-05 03:20:00+00:00,1172.0,1172.5,1171.75,1172.5,49
2026-03-05 03:25:00+00:00,1172.75,1172.75,1172.0,1172.0,687
2026-03-05 03:30:00+00:00,1171.75,1172.0,1171.75,1172.0,33
2026-03-05 03:35:00+00:00,1172.0,1172.5,1172.0,1172.5,34
2026-03-05 03:40:00+00:00,1172.75,1173.25,1172.5,1172.5,113
2026-03-05 03:45:00+00:00,1172.25,1172.25,1172.0,1172.0,7
2026-03-05 03:50:00+00:00,1172.5,1172.75,1172.25,1172.5,22
2026-03-05 03:55:00+00:00,1172.5,1172.75,1172.5,1172.5,3
2026-03-05 04:00:00+00:00,1172.5,1173.5,1172.5,1173.0,169
2026-03-05 04:05:00+00:00,1173.0,1173.25,1172.75,1172.75,43
2026-03-05 04:10:00+00:00,1172.5,1173.0,1172.5,1172.75,38
2026-03-05 04:15:00+00:00,1172.75,1173.0,1172.75,1173.0,16
2026-03-05 04:20:00+00:00,1173.0,1173.0,1172.75,1172.75,31
2026-03-05 04:25:00+00:00,1172.75,1172.75,1172.75,1172.75,7
2026-03-05 04:35:00+00:00,1173.0,1173.0,1173.0,1173.0,1
2026-03-05 04:40:00+00:00,1173.0,1173.0,1173.0,1173.0,16
2026-03-05 04:45:00+00:00,1172.75,1172.75,1172.5,1172.75,31
2026-03-05 04:50:00+00:00,1172.5,1172.5,1172.5,1172.5,15
2026-03-05 04:55:00+00:00,1172.5,1172.5,1172.5,1172.5,3
2026-03-05 05:00:00+00:00,1172.5,1172.75,1172.5,1172.75,31
2026-03-05 05:05:00+00:00,1172.75,1173.0,1172.75,1172.75,7
2026-03-05 05:10:00+00:00,1172.75,1173.0,1172.75,1172.75,21
2026-03-05 05:15:00+00:00,1173.0,1173.0,1172.5,1172.5,15
2026-03-05 05:20:00+00:00,1172.5,1172.5,1172.5,1172.5,35
2026-03-05 05:25:00+00:00,1172.75,1173.0,1172.75,1173.0,43
2026-03-05 05:30:00+00:00,1173.0,1173.25,1172.75,1173.0,366
2026-03-05 05:35:00+00:00,1173.0,1173.0,1172.75,1173.0,47
2026-03-05 05:40:00+00:00,1172.75,1173.0,1172.75,1173.0,33
2026-03-05 05:45:00+00:00,1173.0,1173.5,1173.0,1173.0,40
2026-03-05 05:50:00+00:00,1173.0,1173.0,1172.5,1172.5,58
2026-03-05 05:55:00+00:00,1172.75,1172.75,1172.0,1172.0,53
2026-03-05 06:00:00+00:00,1171.75,1171.75,1171.5,1171.75,144
2026-03-05 06:05:00+00:00,1171.5,1171.5,1171.0,1171.25,77
2026-03-05 06:10:00+00:00,1171.25,1171.25,1171.25,1171.25,21
2026-03-05 06:15:00+00:00,1171.5,1171.75,1171.0,1171.5,103
2026-03-05 06:20:00+00:00,1171.75,1172.25,1171.5,1172.25,66
2026-03-05 06:25:00+00:00,1172.0,1172.0,1171.75,1172.0,99
2026-03-05 06:30:00+00:00,1171.75,1172.0,1171.0,1171.5,188
2026-03-05 06:35:00+00:00,1171.75,1171.75,1171.5,1171.75,65
2026-03-05 06:40:00+00:00,1171.75,1172.0,1171.5,1171.5,52
2026-03-05 06:45:00+00:00,1171.5,1171.75,1171.0,1171.0,47
2026-03-05 06:50:00+00:00,1171.0,1171.0,1170.25,1170.5,83
2026-03-05 06:55:00+00:00,1170.25,1170.5,1170.0,1170.5,152
2026-03-05 07:00:00+00:00,1170.5,1170.75,1170.5,1170.75,37
2026-03-05 07:05:00+00:00,1170.75,1171.0,1170.25,1170.25,16
2026-03-05 07:10:00+00:00,1170.25,1170.25,1169.75,1169.75,10
2026-03-05 07:15:00+00:00,1169.75,1171.0,1169.75,1171.0,22
2026-03-05 07:20:00+00:00,1171.0,1171.0,1171.0,1171.0,9
2026-03-05 07:25:00+00:00,1170.75,1170.75,1170.75,1170.75,22
2026-03-05 07:30:00+00:00,1170.5,1171.0,1170.5,1170.75,17
2026-03-05 07:35:00+00:00,1170.75,1171.25,1170.75,1171.0,47
2026-03-05 07:40:00+00:00,1170.75,1171.5,1170.75,1171.5,38
2026-03-05 07:45:00+00:00,1171.75,1172.5,1171.75,1172.5,197
2026-03-05 07:50:00+00:00,1172.5,1172.75,1172.25,1172.5,233
2026-03-05 07:55:00+00:00,1172.25,1173.0,1172.25,1172.75,158
2026-03-05 08:00:00+00:00,1172.5,1172.75,1172.25,1172.5,154
2026-03-05 08:05:00+00:00,1172.5,1173.0,1172.5,1172.75,107
2026-03-05 08:10:00+00:00,1172.75,1172.75,1172.0,1172.0,111
2026-03-05 08:15:00+00:00,1171.75,1172.75,1171.75,1172.5,92
2026-03-05 08:20:00+00:00,1172.25,1172.75,1172.25,1172.5,49
2026-03-05 08:25:00+00:00,1172.75,1174.0,1172.75,1173.5,263
2026-03-05 08:30:00+00:00,1173.5,1173.5,1173.0,1173.5,181
2026-03-05 08:35:00+00:00,1173.25,1173.5,1173.25,1173.5,52
2026-03-05 08:40:00+00:00,1173.25,1173.25,1173.25,1173.25,14
2026-03-05 08:45:00+00:00,1173.5,1174.0,1173.5,1174.0,38
2026-03-05 08:50:00+00:00,1173.75,1174.25,1173.75,1174.25,108
2026-03-05 08:55:00+00:00,1174.25,1174.5,1174.25,1174.25,166
2026-03-05 09:00:00+00:00,1174.0,1174.5,1173.75,1174.25,103
2026-03-05 09:05:00+00:00,1174.5,1174.75,1174.25,1174.25,138
2026-03-05 09:10:00+00:00,1174.0,1174.0,1173.0,1173.25,322
2026-03-05 09:15:00+00:00,1173.25,1173.5,1172.5,1172.5,47
2026-03-05 09:20:00+00:00,1172.5,1172.75,1172.25,1172.75,77
2026-03-05 09:25:00+00:00,1172.75,1172.75,1172.0,1172.5,30
2026-03-05 09:30:00+00:00,1172.75,1173.25,1172.75,1173.0,19
2026-03-05 09:35:00+00:00,1173.25,1173.25,1173.0,1173.25,65
2026-03-05 09:40:00+00:00,1173.5,1173.75,1173.0,1173.75,39
2026-03-05 09:45:00+00:00,1173.75,1173.75,1173.0,1173.0,50
2026-03-05 09:50:00+00:00,1173.0,1173.0,1172.75,1172.75,19
2026-03-05 09:55:00+00:00,1172.75,1173.5,1172.75,1173.5,28
2026-03-05 10:00:00+00:00,1173.5,1173.5,1173.0,1173.0,33
2026-03-05 10:05:00+00:00,1172.75,1173.25,1172.75,1173.25,52
2026-03-05 10:10:00+00:00,1173.5,1173.75,1173.5,1173.75,30
2026-03-05 10:15:00+00:00,1173.75,1173.75,1173.5,1173.5,29
2026-03-05 10:20:00+00:00,1173.5,1173.75,1173.5,1173.75,9
2026-03-05 10:25:00+00:00,1173.5,1174.5,1173.5,1174.5,68
2026-03-05 10:30:00+00:00,1174.0,1174.25,1173.75,1174.0,55
2026-03-05 10:35:00+00:00,1174.25,1174.5,1174.25,1174.5,45
2026-03-05 10:40:00+00:00,1174.5,1174.75,1174.25,1174.75,95
2026-03-05 10:45:00+00:00,1174.75,1175.0,1174.25,1174.5,503
2026-03-05 10:50:00+00:00,1174.5,1174.75,1174.25,1174.5,317
2026-03-05 10:55:00+00:00,1174.5,1174.5,1174.0,1174.25,113
2026-03-05 11:00:00+00:00,1174.25,1174.5,1174.0,1174.0,102
2026-03-05 11:05:00+00:00,1174.0,1174.0,1174.0,1174.0,40
2026-03-05 11:10:00+00:00,1174.25,1174.25,1174.0,1174.25,59
2026-03-05 11:15:00+00:00,1174.25,1174.5,1174.25,1174.25,33
2026-03-05 11:20:00+00:00,1174.5,1174.5,1174.0,1174.0,43
2026-03-05 11:25:00+00:00,1173.75,1174.25,1173.75,1174.25,40
2026-03-05 11:30:00+00:00,1174.0,1174.25,1173.75,1174.0,81
2026-03-05 11:35:00+00:00,1174.25,1174.25,1174.0,1174.0,23
2026-03-05 11:40:00+00:00,1174.0,1174.0,1173.0,1173.5,389
2026-03-05 11:45:00+00:00,1173.5,1173.5,1173.25,1173.5,18
2026-03-05 11:50:00+00:00,1173.75,1173.75,1173.0,1173.25,115
2026-03-05 11:55:00+00:00,1173.25,1173.25,1172.75,1173.25,42
2026-03-05 12:00:00+00:00,1173.0,1173.5,1172.5,1173.25,633
2026-03-05 12:05:00+00:00,1173.5,1173.75,1173.5,1173.5,115
2026-03-05 12:10:00+00:00,1173.25,1173.25,1172.75,1172.75,37
2026-03-05 12:15:00+00:00,1172.5,1174.0,1172.5,1173.75,181
2026-03-05 12:20:00+00:00,1173.75,1173.75,1173.25,1173.5,205
2026-03-05 12:25:00+00:00,1173.5,1174.0,1172.75,1172.75,217
2026-03-05 12:30:00+00:00,1172.75,1173.0,1172.25,1172.5,192
2026-03-05 12:35:00+00:00,1172.5,1172.5,1171.5,1171.75,191
2026-03-05 12:40:00+00:00,1171.75,1171.75,1171.25,1171.5,72
2026-03-05 12:45:00+00:00,1171.5,1172.25,1171.25,1171.75,279
2026-03-05 12:50:00+00:00,1172.0,1172.25,1171.5,1171.75,134
2026-03-05 12:55:00+00:00,1171.75,1172.0,1171.25,1172.0,229
2026-03-05 13:00:00+00:00,1172.0,1173.5,1171.75,1173.0,704
2026-03-05 13:05:00+00:00,1173.25,1173.25,1172.5,1172.75,139
2026-03-05 13:10:00+00:00,1172.5,1172.75,1172.25,1172.25,156
2026-03-05 13:15:00+00:00,1172.5,1172.5,1171.75,1172.25,196
2026-03-05 13:20:00+00:00,1172.25,1172.25,1170.5,1170.5,608
2026-03-05 13:25:00+00:00,1170.75,1171.5,1170.25,1170.75,801
2026-03-05 13:30:00+00:00,1170.75,1171.0,1170.5,1170.75,539
2026-03-05 13:35:00+00:00,1170.5,1170.5,1169.5,1170.5,475
2026-03-05 13:40:00+00:00,1170.25,1171.0,1170.0,1171.0,464
2026-03-05 14:30:00+00:00,1171.5,1172.0,1169.25,1169.5,5321
2026-03-05 14:35:00+00:00,1169.5,1170.5,1169.0,1169.25,2599
2026-03-05 14:40:00+00:00,1169.25,1169.75,1167.75,1168.5,3426
2026-03-05 14:45:00+00:00,1168.5,1169.75,1167.75,1169.25,2196
2026-03-05 14:50:00+00:00,1169.25,1171.0,1168.75,1171.0,1382
2026-03-05 14:55:00+00:00,1170.75,1172.0,1169.0,1169.75,1269
2026-03-05 15:00:00+00:00,1169.5,1170.0,1166.5,1167.0,1835
2026-03-05 15:05:00+00:00,1166.75,1168.25,1166.5,1167.5,1078
2026-03-05 15:10:00+00:00,1167.5,1168.75,1167.5,1168.25,819
2026-03-05 15:15:00+00:00,1168.25,1169.75,1168.0,1169.5,11955
2026-03-05 15:20:00+00:00,1169.5,1170.5,1168.25,1169.25,3449
2026-03-05 15:25:00+00:00,1169.0,1169.25,1167.75,1169.0,1014
2026-03-05 15:30:00+00:00,1168.75,1169.5,1168.0,1169.5,1009
2026-03-05 15:35:00+00:00,1169.5,1170.25,1169.0,1169.25,1051
2026-03-05 15:40:00+00:00,1169.0,1169.5,1168.0,1168.0,2650
2026-03-05 15:45:00+00:00,1168.0,1168.75,1167.75,1168.5,781
2026-03-05 15:50:00+00:00,1168.5,1169.25,1168.25,1168.75,475
2026-03-05 15:55:00+00:00,1169.0,1171.25,1168.25,1171.25,2924
2026-03-05 16:00:00+00:00,1171.0,1172.0,1170.5,1171.0,2034
2026-03-05 16:05:00+00:00,1171.25,1171.25,1168.25,1169.0,1477
2026-03-05 16:10:00+00:00,1168.75,1170.25,1168.75,1170.25,506
2026-03-05 16:15:00+00:00,1170.25,1174.0,1170.25,1173.5,5109
2026-03-05 16:20:00+00:00,1173.5,1174.75,1173.25,1174.0,1848
2026-03-05 16:25:00+00:00,1173.75,1175.25,1173.75,1175.25,2858
2026-03-05 16:30:00+00:00,1175.25,1176.0,1174.0,1174.5,2724
2026-03-05 16:35:00+00:00,1174.25,1175.0,1173.25,1175.0,1067
2026-03-05 16:40:00+00:00,1175.0,1176.5,1174.75,1176.0,1729
2026-03-05 16:45:00+00:00,1176.0,1176.5,1174.5,1176.0,1207
2026-03-05 16:50:00+00:00,1176.25,1177.75,1176.0,1177.75,1679
2026-03-05 16:55:00+00:00,1177.75,1179.0,1177.5,1179.0,2637
2026-03-05 17:00:00+00:00,1179.0,1179.75,1178.25,1179.0,2189
2026-03-05 17:05:00+00:00,1178.75,1179.0,1177.0,1177.25,1144
2026-03-05 17:10:00+00:00,1177.25,1177.75,1176.5,1177.75,1098
2026-03-05 17:15:00+00:00,1177.5,1178.25,1177.0,1177.25,980
2026-03-05 17:20:00+00:00,1177.5,1178.0,1176.5,1177.0,654
2026-03-05 17:25:00+00:00,1177.0,1177.75,1176.25,1177.25,914
2026-03-05 17:30:00+00:00,1177.25,1177.75,1176.25,1176.75,663
2026-03-05 17:35:00+00:00,1176.5,1177.0,1175.75,1176.25,1176
2026-03-05 17:40:00+00:00,1176.5,1176.5,1175.0,1176.0,771
2026-03-05 17:45:00+00:00,1176.0,1177.25,1176.0,1177.0,2038
2026-03-05 17:50:00+00:00,1176.75,1177.75,1176.75,1177.25,1298
2026-03-05 17:55:00+00:00,1177.5,1178.5,1177.25,1178.25,741
2026-03-05 18:00:00+00:00,1178.25,1178.75,1177.5,1177.75,1086
2026-03-05 18:05:00+00:00,1177.5,1177.5,1176.75,1177.0,928
2026-03-05 18:10:00+00:00,1177.0,1177.25,1175.75,1176.75,849
2026-03-05 18:15:00+00:00,1176.75,1177.5,1176.25,1177.5,1253
2026-03-05 18:20:00+00:00,1177.25,1177.25,1176.5,1177.0,681
2026-03-05 18:25:00+00:00,1177.0,1178.5,1176.5,1178.0,1222
2026-03-05 18:30:00+00:00,1178.25,1178.5,1177.75,1178.5,723
2026-03-05 18:35:00+00:00,1178.5,1179.5,1178.0,1179.25,1135
2026-03-05 18:40:00+00:00,1179.5,1180.75,1179.0,1180.5,2591
2026-03-05 18:45:00+00:00,1180.5,1180.75,1180.0,1180.5,1030
2026-03-05 18:50:00+00:00,1180.5,1180.75,1179.0,1180.75,1091
2026-03-05 18:55:00+00:00,1180.75,1181.0,1179.75,1179.75,934
2026-03-05 19:00:00+00:00,1179.75,1180.75,1179.75,1180.25,2090
2026-03-05 19:05:00+00:00,1180.5,1180.75,1179.75,1180.0,2372
2026-03-05 19:10:00+00:00,1180.25,1180.25,1178.75,1179.25,8102
2026-03-05 19:15:00+00:00,1179.25,1179.75,1178.5,1179.0,2183
2026-03-06 01:00:00+00:00,1179.0,1181.0,1177.0,1178.5,0
2026-03-06 01:05:00+00:00,1178.5,1180.25,1178.0,1180.0,621
2026-03-06 01:10:00+00:00,1180.25,1181.5,1179.5,1181.0,517
2026-03-06 01:15:00+00:00,1181.0,1181.25,1179.75,1180.75,869
2026-03-06 01:20:00+00:00,1180.75,1181.0,1180.0,1180.0,181
2026-03-06 01:25:00+00:00,1180.25,1180.75,1179.75,1180.75,225
2026-03-06 01:30:00+00:00,1180.5,1181.5,1180.25,1181.0,325
2026-03-06 01:35:00+00:00,1181.0,1182.0,1181.0,1181.5,364
2026-03-06 01:40:00+00:00,1181.5,1182.0,1181.25,1182.0,385
2026-03-06 01:45:00+00:00,1182.0,1184.75,1181.75,1184.25,1423
2026-03-06 01:50:00+00:00,1184.25,1184.75,1183.75,1184.0,317
2026-03-06 01:55:00+00:00,1183.75,1184.0,1182.5,1183.75,826
2026-03-06 02:00:00+00:00,1183.5,1183.5,1181.25,1182.5,733
2026-03-06 02:05:00+00:00,1182.5,1183.5,1182.5,1182.5,271
2026-03-06 02:10:00+00:00,1181.75,1182.5,1181.5,1182.5,70
2026-03-06 02:15:00+00:00,1182.75,1183.0,1182.5,1182.5,158
2026-03-06 02:20:00+00:00,1182.5,1183.25,1182.5,1183.0,44
2026-03-06 02:25:00+00:00,1183.0,1183.0,1182.25,1182.75,96
2026-03-06 02:30:00+00:00,1182.75,1183.25,1182.5,1182.75,105
2026-03-06 02:35:00+00:00,1182.75,1183.0,1182.5,1182.75,29
2026-03-06 02:40:00+00:00,1183.0,1183.0,1182.75,1182.75,10
2026-03-06 02:45:00+00:00,1182.75,1184.25,1182.75,1184.0,200
2026-03-06 02:50:00+00:00,1184.0,1184.75,1183.25,1183.25,118
2026-03-06 02:55:00+00:00,1183.5,1183.5,1183.0,1183.25,33
2026-03-06 03:00:00+00:00,1183.25,1183.25,1182.75,1182.75,30
2026-03-06 03:05:00+00:00,1182.75,1183.25,1182.5,1182.5,69
2026-03-06 03:10:00+00:00,1182.25,1182.75,1181.75,1182.5,82
2026-03-06 03:15:00+00:00,1182.5,1183.0,1182.25,1182.75,36
2026-03-06 03:20:00+00:00,1182.75,1183.25,1182.75,1182.75,37
2026-03-06 03:25:00+00:00,1182.75,1183.0,1182.75,1183.0,72
2026-03-06 03:30:00+00:00,1183.0,1183.25,1182.25,1182.25,146
2026-03-06 03:35:00+00:00,1182.0,1182.5,1181.75,1182.5,64
2026-03-06 03:40:00+00:00,1182.5,1182.5,1182.25,1182.25,35
2026-03-06 03:45:00+00:00,1182.5,1182.5,1182.0,1182.0,37
2026-03-06 03:50:00+00:00,1182.25,1182.5,1182.25,1182.25,7
2026-03-06 03:55:00+00:00,1182.25,1182.5,1182.25,1182.5,3
2026-03-06 04:00:00+00:00,1182.25,1182.5,1182.0,1182.0,12
2026-03-06 04:05:00+00:00,1182.0,1182.5,1182.0,1182.25,8
2026-03-06 04:10:00+00:00,1182.5,1182.5,1182.25,1182.25,11
2026-03-06 04:15:00+00:00,1182.25,1182.5,1182.0,1182.25,12
2026-03-06 04:20:00+00:00,1182.0,1182.0,1181.75,1181.75,65
2026-03-06 04:25:00+00:00,1181.75,1182.0,1181.5,1182.0,83
2026-03-06 04:30:00+00:00,1182.0,1182.25,1181.75,1182.25,78
2026-03-06 04:35:00+00:00,1182.0,1182.25,1182.0,1182.0,24
2026-03-06 04:40:00+00:00,1182.0,1182.75,1182.0,1182.5,20
2026-03-06 04:45:00+00:00,1182.75,1182.75,1182.75,1182.75,5
2026-03-06 04:50:00+00:00,1183.0,1183.0,1182.5,1182.75,28
2026-03-06 04:55:00+00:00,1182.5,1182.5,1182.5,1182.5,11
2026-03-06 05:00:00+00:00,1182.25,1182.5,1182.0,1182.0,10
2026-03-06 05:05:00+00:00,1182.25,1182.5,1182.25,1182.25,15
2026-03-06 05:10:00+00:00,1182.25,1182.25,1182.0,1182.0,6
2026-03-06 05:15:00+00:00,1182.25,1182.5,1182.0,1182.0,29
2026-03-06 05:20:00+00:00,1181.75,1182.5,1181.75,1182.25,107
2026-03-06 05:25:00+00:00,1182.25,1182.5,1182.25,1182.5,109
2026-03-06 05:30:00+00:00,1182.5,1183.0,1182.25,1183.0,38
2026-03-06 05:35:00+00:00,1182.75,1183.0,1182.5,1182.5,19
2026-03-06 05:40:00+00:00,1182.5,1183.0,1182.25,1183.0,229
2026-03-06 05:45:00+00:00,1183.25,1183.25,1182.5,1182.5,28
2026-03-06 05:50:00+00:00,1182.25,1182.5,1182.0,1182.5,92
2026-03-06 05:55:00+00:00,1182.5,1183.0,1182.5,1182.75,18
2026-03-06 06:00:00+00:00,1182.75,1183.75,1182.75,1183.0,165
2026-03-06 06:05:00+00:00,1183.0,1183.25,1182.5,1183.0,65
2026-03-06 06:10:00+00:00,1183.0,1183.0,1182.75,1182.75,18
2026-03-06 06:15:00+00:00,1183.0,1183.25,1183.0,1183.0,28
2026-03-06 06:20:00+00:00,1183.25,1183.75,1183.25,1183.75,20
2026-03-06 06:25:00+00:00,1183.75,1184.25,1183.5,1183.5,77
2026-03-06 06:30:00+00:00,1183.5,1183.75,1183.25,1183.5,19
2026-03-06 06:35:00+00:00,1183.5,1183.5,1183.5,1183.5,9
2026-03-06 06:40:00+00:00,1183.75,1185.0,1183.75,1184.0,1009
2026-03-06 06:45:00+00:00,1184.0,1184.75,1184.0,1184.75,81
2026-03-06 06:50:00+00:00,1184.75,1186.25,1184.75,1185.25,1072
2026-03-06 06:55:00+00:00,1185.25,1185.25,1185.0,1185.0,29
2026-03-06 07:00:00+00:00,1185.0,1185.75,1185.0,1185.25,64
2026-03-06 07:05:00+00:00,1185.5,1186.5,1185.25,1186.25,151
2026-03-06 07:10:00+00:00,1186.0,1186.25,1185.5,1185.75,105
2026-03-06 07:15:00+00:00,1185.75,1185.75,1185.0,1185.0,157
2026-03-06 07:20:00+00:00,1185.0,1185.25,1184.5,1185.0,71
2026-03-06 07:25:00+00:00,1185.0,1185.5,1185.0,1185.0,29
2026-03-06 07:30:00+00:00,1185.25,1185.25,1185.0,1185.25,13
2026-03-06 07:35:00+00:00,1185.25,1185.75,1185.25,1185.5,87
2026-03-06 07:40:00+00:00,1185.75,1186.0,1185.5,1185.75,146
2026-03-06 07:45:00+00:00,1185.5,1185.5,1184.0,1184.0,394
2026-03-06 07:50:00+00:00,1184.25,1184.5,1183.75,1184.25,105
2026-03-06 07:55:00+00:00,1184.25,1185.0,1184.25,1184.75,79
2026-03-06 08:00:00+00:00,1184.75,1185.0,1184.5,1184.75,117
2026-03-06 08:05:00+00:00,1185.0,1186.0,1185.0,1185.75,146
2026-03-06 08:10:00+00:00,1185.75,1186.0,1185.75,1186.0,99
2026-03-06 08:15:00+00:00,1186.0,1186.25,1185.75,1185.75,109
2026-03-06 08:20:00+00:00,1186.0,1186.25,1185.5,1185.75,66
2026-03-06 08:25:00+00:00,1185.75,1186.5,1185.5,1185.75,199
2026-03-06 08:30:00+00:00,1185.5,1187.0,1185.5,1186.5,524
2026-03-06 08:35:00+00:00,1186.5,1187.0,1185.5,1185.75,117
2026-03-06 08:40:00+00:00,1186.25,1186.25,1185.0,1185.0,47
2026-03-06 08:45:00+00:00,1185.25,1188.5,1185.25,1187.5,1086
2026-03-06 08:50:00+00:00,1187.25,1188.25,1186.75,1188.25,406
2026-03-06 08:55:00+00:00,1188.0,1188.25,1187.5,1187.75,150
2026-03-06 09:00:00+00:00,1187.5,1187.5,1186.25,1186.75,128
2026-03-06 09:05:00+00:00,1186.5,1187.75,1186.5,1187.25,127
2026-03-06 09:10:00+00:00,1187.25,1187.75,1187.25,1187.75,234
2026-03-06 09:15:00+00:00,1187.5,1188.0,1187.25,1187.5,266
2026-03-06 09:20:00+00:00,1187.5,1188.0,1187.25,1187.75,477
2026-03-06 09:25:00+00:00,1187.75,1187.75,1187.25,1187.75,105
2026-03-06 09:30:00+00:00,1187.5,1187.75,1187.0,1187.0,121
2026-03-06 09:35:00+00:00,1187.0,1187.5,1186.75,1187.25,105
2026-03-06 09:40:00+00:00,1187.5,1187.75,1187.0,1187.5,253
2026-03-06 09:45:00+00:00,1187.5,1187.5,1187.0,1187.0,128
2026-03-06 09:50:00+00:00,1187.25,1187.25,1186.5,1187.0,90
2026-03-06 09:55:00+00:00,1187.25,1187.25,1186.75,1186.75,118
2026-03-06 10:00:00+00:00,1186.5,1187.0,1186.0,1186.75,195
2026-03-06 10:05:00+00:00,1186.75,1187.0,1186.25,1186.5,33
2026-03-06 10:10:00+00:00,1186.5,1187.5,1186.5,1187.0,116
2026-03-06 10:15:00+00:00,1187.0,1187.25,1186.75,1187.25,80
2026-03-06 10:20:00+00:00,1187.25,1187.25,1187.0,1187.25,15
2026-03-06 10:25:00+00:00,1187.0,1187.0,1186.25,1186.5,118
2026-03-06 10:30:00+00:00,1186.75,1186.75,1185.5,1185.5,270
2026-03-06 10:35:00+00:00,1185.5,1185.75,1185.25,1185.5,47
2026-03-06 10:40:00+00:00,1185.75,1185.75,1185.0,1185.25,126
2026-03-06 10:45:00+00:00,1185.25,1185.25,1185.0,1185.25,41
2026-03-06 10:50:00+00:00,1185.25,1185.75,1185.25,1185.75,63
2026-03-06 10:55:00+00:00,1185.75,1186.0,1185.75,1186.0,75
2026-03-06 11:00:00+00:00,1186.0,1186.5,1186.0,1186.5,62
2026-03-06 11:05:00+00:00,1186.5,1186.5,1186.0,1186.25,96
2026-03-06 11:10:00+00:00,1186.5,1187.25,1186.25,1187.0,76
2026-03-06 11:15:00+00:00,1187.0,1187.0,1186.5,1186.75,67
2026-03-06 11:20:00+00:00,1186.5,1187.0,1186.5,1186.75,18
2026-03-06 11:25:00+00:00,1186.5,1187.0,1186.5,1186.75,30
2026-03-06 11:30:00+00:00,1186.75,1187.0,1186.5,1186.75,86
2026-03-06 11:35:00+00:00,1187.0,1187.25,1186.5,1186.75,67
2026-03-06 11:40:00+00:00,1186.75,1187.25,1186.5,1186.75,212
2026-03-06 11:45:00+00:00,1186.75,1187.0,1186.5,1186.75,77
2026-03-06 11:50:00+00:00,1186.75,1186.75,1186.25,1186.5,173
2026-03-06 11:55:00+00:00,1186.75,1187.5,1186.5,1187.25,313
2026-03-06 12:00:00+00:00,1187.25,1188.5,1187.0,1188.25,695
2026-03-06 12:05:00+00:00,1188.25,1192.25,1188.0,1192.0,3278
2026-03-06 12:10:00+00:00,1192.0,1192.5,1191.0,1191.5,772
2026-03-06 12:15:00+00:00,1191.25,1191.25,1189.5,1189.75,586
2026-03-06 12:20:00+00:00,1189.75,1191.0,1189.25,1190.5,663
2026-03-06 12:25:00+00:00,1190.5,1190.75,1189.5,1190.25,419
2026-03-06 12:30:00+00:00,1190.25,1190.5,1188.5,1188.75,486
2026-03-06 12:35:00+00:00,1189.0,1190.0,1189.0,1189.25,360
2026-03-06 12:40:00+00:00,1189.25,1190.75,1189.25,1190.25,416
2026-03-06 12:45:00+00:00,1190.25,1191.25,1189.0,1189.25,619
2026-03-06 12:50:00+00:00,1189.5,1189.5,1188.5,1188.75,161
2026-03-06 12:55:00+00:00,1189.0,1189.25,1186.5,1187.25,466
2026-03-06 13:00:00+00:00,1187.0,1187.25,1185.5,1186.25,850
2026-03-06 13:05:00+00:00,1186.25,1188.25,1186.25,1186.75,557
2026-03-06 13:10:00+00:00,1187.0,1189.25,1187.0,1189.25,330
2026-03-06 13:15:00+00:00,1189.25,1190.0,1188.75,1189.75,615
2026-03-06 13:20:00+00:00,1189.5,1190.0,1188.75,1189.25,354
2026-03-06 13:25:00+00:00,1189.0,1190.0,1188.75,1189.75,281
2026-03-06 13:30:00+00:00,1190.0,1190.5,1189.0,1190.5,629
2026-03-06 13:35:00+00:00,1190.25,1190.75,1189.5,1190.25,734
2026-03-06 13:40:00+00:00,1190.25,1191.0,1189.5,1190.0,547
2026-03-06 14:30:00+00:00,1190.0,1199.5,1189.25,1199.25,11912
2026-03-06 14:35:00+00:00,1199.5,1200.75,1198.0,1200.0,10272
2026-03-06 14:40:00+00:00,1200.0,1201.75,1198.5,1198.5,6563
2026-03-06 14:45:00+00:00,1198.5,1202.75,1198.5,1200.5,5506
2026-03-06 14:50:00+00:00,1200.5,1202.5,1196.0,1196.5,5891
2026-03-06 14:55:00+00:00,1196.5,1198.25,1196.0,1196.75,2783
2026-03-06 15:00:00+00:00,1196.75,1198.25,1192.5,1196.0,4491
2026-03-06 15:05:00+00:00,1195.75,1197.5,1195.25,1197.0,1773
2026-03-06 15:10:00+00:00,1196.75,1197.25,1195.75,1197.0,1572
2026-03-06 15:15:00+00:00,1196.75,1197.75,1195.5,1195.75,1688
2026-03-06 15:20:00+00:00,1196.0,1198.25,1195.5,1198.0,2811
2026-03-06 15:25:00+00:00,1198.0,1198.5,1196.25,1197.5,5218
2026-03-06 15:30:00+00:00,1197.5,1198.5,1195.0,1195.0,2941
2026-03-06 15:35:00+00:00,1195.0,1195.5,1193.5,1193.5,2996
2026-03-06 15:40:00+00:00,1193.5,1196.0,1193.25,1195.75,1407
2026-03-06 15:45:00+00:00,1195.75,1198.0,1195.75,1197.25,1609
2026-03-06 15:50:00+00:00,1197.5,1200.25,1197.25,1199.25,2806
2026-03-06 15:55:00+00:00,1199.0,1199.5,1197.5,1197.75,1580
2026-03-06 16:00:00+00:00,1197.75,1201.0,1197.5,1199.25,1405
2026-03-06 16:05:00+00:00,1199.25,1199.5,1197.75,1198.5,1361
2026-03-06 16:10:00+00:00,1198.75,1200.0,1197.25,1197.5,2876
2026-03-06 16:15:00+00:00,1197.5,1198.25,1195.5,1196.5,2474
2026-03-06 16:20:00+00:00,1196.5,1197.0,1193.5,1193.75,1526
2026-03-06 16:25:00+00:00,1194.0,1194.5,1193.0,1194.0,1980
2026-03-06 16:30:00+00:00,1194.25,1194.5,1192.0,1192.75,2746
2026-03-06 16:35:00+00:00,1193.0,1194.75,1192.75,1194.5,1234
2026-03-06 16:40:00+00:00,1194.5,1195.25,1193.0,1194.75,1015
2026-03-06 16:45:00+00:00,1194.75,1195.25,1193.25,1194.75,945
2026-03-06 16:50:00+00:00,1195.0,1195.25,1194.0,1194.75,772
2026-03-06 16:55:00+00:00,1194.75,1195.75,1194.25,1195.25,726
2026-03-06 17:00:00+00:00,1195.25,1196.5,1194.0,1195.25,2291
2026-03-06 17:05:00+00:00,1195.25,1197.5,1194.75,1197.0,835
2026-03-06 17:10:00+00:00,1197.0,1197.5,1196.5,1197.25,979
2026-03-06 17:15:00+00:00,1197.0,1197.75,1196.25,1197.25,981
2026-03-06 17:20:00+00:00,1197.25,1197.75,1195.75,1197.0,2168
2026-03-06 17:25:00+00:00,1197.0,1197.25,1196.0,1196.0,1491
2026-03-06 17:30:00+00:00,1196.0,1197.25,1195.25,1196.75,1310
2026-03-06 17:35:00+00:00,1197.0,1197.5,1196.75,1197.25,449
2026-03-06 17:40:00+00:00,1197.5,1199.0,1197.5,1198.0,1370
2026-03-06 17:45:00+00:00,1198.0,1199.75,1197.75,1199.0,1062
2026-03-06 17:50:00+00:00,1199.0,1199.0,1197.25,1197.25,1309
2026-03-06 17:55:00+00:00,1197.25,1197.5,1196.25,1197.0,1174
2026-03-06 18:00:00+00:00,1197.0,1198.0,1196.25,1197.75,4026
2026-03-06 18:05:00+00:00,1198.0,1198.75,1197.75,1198.25,2112
2026-03-06 18:10:00+00:00,1198.25,1198.5,1197.75,1197.75,840
2026-03-06 18:15:00+00:00,1197.5,1197.75,1196.75,1197.75,1098
2026-03-06 18:20:00+00:00,1197.75,1200.25,1197.5,1200.25,1586
2026-03-06 18:25:00+00:00,1200.0,1200.75,1199.0,1200.0,2752
2026-03-06 18:30:00+00:00,1200.0,1201.75,1199.75,1201.5,1685
2026-03-06 18:35:00+00:00,1201.25,1201.75,1200.25,1200.5,1545
2026-03-06 18:40:00+00:00,1200.5,1201.25,1200.0,1200.25,1063
2026-03-06 18:45:00+00:00,1200.25,1201.0,1200.0,1201.0,1177
2026-03-06 18:50:00+00:00,1201.0,1202.0,1200.75,1201.25,1872
2026-03-06 18:55:00+00:00,1201.25,1202.0,1200.75,1201.5,3883
2026-03-06 19:00:00+00:00,1201.75,1202.75,1201.25,1201.25,2647
2026-03-06 19:05:00+00:00,1201.5,1202.5,1200.0,1202.25,3295
2026-03-06 19:10:00+00:00,1202.0,1202.0,1200.0,1201.25,13369
2026-03-06 19:15:00+00:00,1201.25,1202.75,1200.25,1201.75,3036
2026-03-09 00:00:00+00:00,1219.5,1224.5,1210.5,1220.0,3637
2026-03-09 00:05:00+00:00,1219.75,1223.75,1219.75,1220.25,2983
2026-03-09 00:10:00+00:00,1220.25,1221.0,1216.0,1218.0,1510
2026-03-09 00:15:00+00:00,1218.0,1219.75,1215.25,1215.5,786
2026-03-09 00:20:00+00:00,1215.5,1216.0,1213.5,1215.25,1026
2026-03-09 00:25:00+00:00,1215.0,1218.5,1215.0,1218.25,1304
2026-03-09 00:30:00+00:00,1218.25,1222.75,1218.0,1222.25,1158
2026-03-09 00:35:00+00:00,1222.25,1222.25,1218.0,1219.25,436
2026-03-09 00:40:00+00:00,1219.5,1220.0,1218.5,1219.25,424
2026-03-09 00:45:00+00:00,1219.25,1220.0,1217.0,1218.75,619
2026-03-09 00:50:00+00:00,1218.75,1220.25,1218.5,1219.5,349
2026-03-09 00:55:00+00:00,1219.5,1226.75,1218.5,1225.75,1233
2026-03-09 01:00:00+00:00,1225.5,1227.5,1223.25,1226.0,2247
2026-03-09 01:05:00+00:00,1226.25,1230.0,1226.0,1227.75,1052
2026-03-09 01:10:00+00:00,1227.75,1228.0,1225.25,1227.5,961
2026-03-09 01:15:00+00:00,1227.5,1230.25,1226.5,1229.0,1018
2026-03-09 01:20:00+00:00,1229.0,1229.75,1225.5,1226.5,1155
2026-03-09 01:25:00+00:00,1227.0,1227.25,1224.25,1226.0,1328
2026-03-09 01:30:00+00:00,1225.75,1227.25,1224.5,1226.5,851
2026-03-09 01:35:00+00:00,1226.5,1229.25,1226.5,1228.25,653
2026-03-09 01:40:00+00:00,1228.25,1231.5,1227.75,1230.25,708
2026-03-09 01:45:00+00:00,1230.5,1231.0,1229.75,1230.5,520
2026-03-09 01:50:00+00:00,1230.25,1230.75,1228.25,1228.75,734
2026-03-09 01:55:00+00:00,1228.75,1230.0,1228.25,1229.25,126
2026-03-09 02:00:00+00:00,1229.5,1231.5,1228.5,1229.5,751
2026-03-09 02:05:00+00:00,1229.5,1231.0,1229.5,1230.0,187
2026-03-09 02:10:00+00:00,1230.0,1231.0,1229.5,1230.75,369
2026-03-09 02:15:00+00:00,1230.75,1230.75,1228.75,1230.0,346
2026-03-09 02:20:00+00:00,1229.75,1229.75,1227.25,1227.75,497
2026-03-09 02:25:00+00:00,1228.0,1228.5,1226.5,1226.75,217
2026-03-09 02:30:00+00:00,1227.25,1229.0,1227.25,1228.25,233
2026-03-09 02:35:00+00:00,1228.0,1228.0,1226.0,1226.75,212
2026-03-09 02:40:00+00:00,1226.75,1228.75,1225.75,1228.0,393
2026-03-09 02:45:00+00:00,1228.25,1229.25,1228.25,1228.5,104
2026-03-09 02:50:00+00:00,1228.75,1229.0,1227.25,1227.5,157
2026-03-09 02:55:00+00:00,1227.5,1227.75,1227.0,1227.25,178
2026-03-09 03:00:00+00:00,1227.25,1227.75,1225.5,1226.0,466
2026-03-09 03:05:00+00:00,1225.75,1226.5,1223.75,1223.75,488
2026-03-09 03:10:00+00:00,1223.5,1226.75,1223.25,1226.0,810
2026-03-09 03:15:00+00:00,1226.25,1229.75,1226.25,1229.75,946
2026-03-09 03:20:00+00:00,1229.75,1230.0,1228.5,1229.0,387
2026-03-09 03:25:00+00:00,1228.75,1228.75,1227.25,1227.25,885
2026-03-09 03:30:00+00:00,1227.25,1227.75,1226.75,1227.75,299
2026-03-09 03:35:00+00:00,1228.0,1229.25,1227.25,1228.25,225
2026-03-09 03:40:00+00:00,1228.25,1230.75,1228.0,1230.0,228
2026-03-09 03:45:00+00:00,1229.75,1230.5,1229.0,1230.0,275
2026-03-09 03:50:00+00:00,1230.0,1231.0,1229.75,1230.75,260
2026-03-09 03:55:00+00:00,1230.75,1231.5,1230.75,1231.25,36
2026-03-09 04:00:00+00:00,1231.75,1232.5,1231.0,1232.0,371
2026-03-09 04:05:00+00:00,1231.75,1231.75,1230.75,1231.75,84
2026-03-09 04:10:00+00:00,1232.0,1232.0,1230.5,1230.5,68
2026-03-09 04:15:00+00:00,1230.75,1231.25,1229.5,1231.0,161
2026-03-09 04:20:00+00:00,1231.25,1231.25,1230.0,1230.0,92
2026-03-09 04:25:00+00:00,1230.25,1231.25,1230.0,1230.75,40
2026-03-09 04:30:00+00:00,1230.5,1230.75,1230.0,1230.75,18
2026-03-09 04:35:00+00:00,1230.75,1230.75,1230.25,1230.75,18
2026-03-09 04:40:00+00:00,1230.5,1231.75,1230.5,1231.75,164
2026-03-09 04:45:00+00:00,1232.0,1233.0,1232.0,1233.0,214
2026-03-09 04:50:00+00:00,1233.0,1233.75,1232.25,1232.25,192
2026-03-09 04:55:00+00:00,1232.25,1232.5,1232.0,1232.25,46
2026-03-09 05:00:00+00:00,1232.25,1232.25,1230.0,1231.75,140
2026-03-09 05:05:00+00:00,1231.75,1231.75,1229.75,1230.0,99
2026-03-09 05:10:00+00:00,1230.25,1230.5,1229.5,1230.0,22
2026-03-09 05:15:00+00:00,1229.75,1229.75,1225.5,1228.75,686
2026-03-09 05:20:00+00:00,1228.5,1228.75,1225.5,1227.75,921
2026-03-09 05:25:00+00:00,1227.25,1227.5,1222.75,1223.0,443
2026-03-09 05:30:00+00:00,1222.75,1224.0,1219.5,1220.25,585
2026-03-09 05:35:00+00:00,1220.5,1223.5,1218.75,1220.75,2019
2026-03-09 05:40:00+00:00,1221.0,1222.25,1219.0,1222.0,1088
2026-03-09 05:45:00+00:00,1222.25,1222.25,1217.0,1217.5,1315
2026-03-09 05:50:00+00:00,1217.5,1223.5,1217.25,1222.75,958
2026-03-09 05:55:00+00:00,1222.75,1225.0,1217.5,1218.25,1973
2026-03-09 06:00:00+00:00,1218.0,1220.5,1217.25,1219.75,1037
2026-03-09 06:05:00+00:00,1220.0,1221.25,1216.25,1217.0,828
2026-03-09 06:10:00+00:00,1217.0,1218.0,1215.25,1216.25,814
2026-03-09 06:15:00+00:00,1216.25,1219.5,1216.25,1217.25,522
2026-03-09 06:20:00+00:00,1217.5,1222.0,1217.5,1221.5,1028
2026-03-09 06:25:00+00:00,1221.25,1223.0,1220.5,1220.5,688
2026-03-09 06:30:00+00:00,1220.5,1222.25,1219.25,1220.0,330
2026-03-09 06:35:00+00:00,1220.5,1223.25,1220.25,1223.0,133
2026-03-09 06:40:00+00:00,1222.5,1222.5,1219.75,1219.75,167
2026-03-09 06:45:00+00:00,1219.5,1221.75,1219.0,1221.75,313
2026-03-09 06:50:00+00:00,1221.5,1222.25,1218.75,1219.0,168
2026-03-09 06:55:00+00:00,1219.25,1219.25,1216.25,1217.75,400
2026-03-09 07:00:00+00:00,1218.0,1218.5,1217.0,1217.25,127
2026-03-09 07:05:00+00:00,1217.25,1217.75,1216.25,1217.5,306
2026-03-09 07:10:00+00:00,1217.5,1218.0,1217.0,1217.25,171
2026-03-09 07:15:00+00:00,1217.0,1217.25,1216.0,1217.0,158
2026-03-09 07:20:00+00:00,1216.5,1217.75,1216.25,1216.75,43
2026-03-09 07:25:00+00:00,1217.0,1217.75,1216.75,1217.5,177
2026-03-09 07:30:00+00:00,1217.25,1217.75,1216.25,1217.25,168
2026-03-09 07:35:00+00:00,1217.0,1217.5,1216.5,1217.0,82
2026-03-09 07:40:00+00:00,1217.0,1218.75,1217.0,1218.25,228
2026-03-09 07:45:00+00:00,1218.5,1218.75,1217.0,1217.25,84
2026-03-09 07:50:00+00:00,1217.0,1218.0,1216.75,1216.75,95
2026-03-09 07:55:00+00:00,1216.75,1217.25,1216.25,1217.25,77
2026-03-09 08:00:00+00:00,1217.25,1217.5,1215.75,1216.5,194
2026-03-09 08:05:00+00:00,1216.25,1218.0,1216.25,1217.75,147
2026-03-09 08:10:00+00:00,1218.0,1219.0,1218.0,1218.0,267
2026-03-09 08:15:00+00:00,1218.0,1219.25,1217.5,1218.5,245
2026-03-09 08:20:00+00:00,1218.75,1219.75,1218.25,1218.75,127
2026-03-09 08:25:00+00:00,1218.25,1218.5,1216.25,1218.5,136
2026-03-09 08:30:00+00:00,1217.75,1218.5,1217.5,1217.5,56
2026-03-09 08:35:00+00:00,1217.5,1219.5,1216.75,1219.25,364
2026-03-09 08:40:00+00:00,1219.5,1219.75,1218.5,1218.75,191
2026-03-09 08:45:00+00:00,1218.75,1219.5,1218.5,1218.75,42
2026-03-09 08:50:00+00:00,1219.0,1219.25,1218.25,1219.0,78
2026-03-09 08:55:00+00:00,1219.25,1220.0,1218.5,1219.0,267
2026-03-09 09:00:00+00:00,1218.75,1220.0,1218.25,1219.75,232
2026-03-09 09:05:00+00:00,1219.75,1221.0,1219.5,1220.5,77
2026-03-09 09:10:00+00:00,1220.75,1221.75,1220.5,1220.75,99
2026-03-09 09:15:00+00:00,1221.0,1222.25,1221.0,1221.25,221
2026-03-09 09:20:00+00:00,1221.0,1221.75,1219.25,1221.25,149
2026-03-09 09:25:00+00:00,1221.25,1221.5,1220.0,1220.25,135
2026-03-09 09:30:00+00:00,1220.0,1221.0,1215.75,1216.75,480
2026-03-09 09:35:00+00:00,1216.5,1216.5,1214.75,1216.25,1110
2026-03-09 09:40:00+00:00,1216.25,1216.5,1214.0,1215.25,744
2026-03-09 09:45:00+00:00,1215.25,1216.75,1214.5,1215.75,424
2026-03-09 09:50:00+00:00,1216.0,1216.5,1215.0,1215.75,291
2026-03-09 09:55:00+00:00,1215.5,1217.0,1215.25,1216.5,327
2026-03-09 10:00:00+00:00,1216.25,1217.0,1214.25,1215.25,380
2026-03-09 10:05:00+00:00,1215.5,1216.0,1215.0,1216.0,197
2026-03-09 10:10:00+00:00,1215.5,1216.75,1215.25,1216.25,152
2026-03-09 10:15:00+00:00,1216.25,1217.25,1216.25,1217.0,339
2026-03-09 10:20:00+00:00,1217.0,1218.25,1216.75,1217.75,164
2026-03-09 10:25:00+00:00,1218.0,1219.25,1217.5,1218.75,198
2026-03-09 10:30:00+00:00,1218.75,1219.5,1217.75,1218.75,331
2026-03-09 10:35:00+00:00,1218.75,1220.25,1218.5,1219.5,189
2026-03-09 10:40:00+00:00,1219.25,1220.5,1219.25,1219.5,313
2026-03-09 10:45:00+00:00,1219.25,1219.5,1217.25,1219.5,120
2026-03-09 10:50:00+00:00,1219.5,1219.75,1218.0,1219.75,107
2026-03-09 10:55:00+00:00,1219.75,1220.5,1219.5,1219.75,109
2026-03-09 11:00:00+00:00,1219.5,1219.5,1217.0,1219.25,740
2026-03-09 11:05:00+00:00,1219.25,1220.25,1218.75,1219.75,210
2026-03-09 11:10:00+00:00,1219.75,1219.75,1218.25,1219.5,330
2026-03-09 11:15:00+00:00,1219.25,1219.5,1217.25,1218.25,172
2026-03-09 11:20:00+00:00,1218.25,1218.5,1217.5,1217.5,121
2026-03-09 11:25:00+00:00,1217.25,1217.5,1216.25,1217.0,236
2026-03-09 11:30:00+00:00,1216.75,1216.75,1216.25,1216.25,147
2026-03-09 11:35:00+00:00,1216.0,1216.0,1213.75,1214.25,503
2026-03-09 11:40:00+00:00,1214.25,1214.75,1213.5,1214.5,206
2026-03-09 11:45:00+00:00,1214.5,1215.75,1214.0,1215.5,441
2026-03-09 11:50:00+00:00,1215.5,1216.0,1215.25,1215.25,223
2026-03-09 11:55:00+00:00,1215.5,1216.25,1215.0,1215.5,142
2026-03-09 12:00:00+00:00,1215.25,1215.5,1213.75,1214.0,218
2026-03-09 12:05:00+00:00,1213.75,1214.25,1213.25,1213.5,441
2026-03-09 12:10:00+00:00,1213.75,1214.75,1213.5,1213.75,174
2026-03-09 12:15:00+00:00,1213.5,1214.5,1213.0,1213.5,298
2026-03-09 12:20:00+00:00,1213.75,1215.5,1213.5,1215.25,566
2026-03-09 12:25:00+00:00,1215.25,1215.75,1214.5,1215.75,979
2026-03-09 12:30:00+00:00,1215.75,1216.25,1213.75,1213.75,458
2026-03-09 12:35:00+00:00,1214.0,1215.0,1213.5,1215.0,227
2026-03-09 12:40:00+00:00,1215.0,1216.0,1214.5,1215.75,346
2026-03-09 13:30:00+00:00,1215.75,1215.75,1207.25,1209.0,8892
2026-03-09 13:35:00+00:00,1209.0,1210.25,1206.5,1210.25,3405
2026-03-09 13:40:00+00:00,1210.0,1211.0,1207.75,1209.75,3066
2026-03-09 13:45:00+00:00,1210.0,1210.75,1208.25,1209.0,2716
2026-03-09 13:50:00+00:00,1209.0,1213.5,1208.25,1212.0,2256
2026-03-09 13:55:00+00:00,1211.75,1213.0,1209.5,1210.0,1536
2026-03-09 14:00:00+00:00,1210.0,1213.75,1209.75,1213.25,1853
2026-03-09 14:05:00+00:00,1213.0,1215.25,1212.0,1214.0,2352
2026-03-09 14:10:00+00:00,1214.0,1215.5,1212.75,1215.5,2000
2026-03-09 14:15:00+00:00,1215.25,1215.5,1214.5,1215.0,1073
2026-03-09 14:20:00+00:00,1215.0,1215.25,1212.5,1214.0,1164
2026-03-09 14:25:00+00:00,1214.25,1215.5,1212.75,1215.5,1358
2026-03-09 14:30:00+00:00,1215.25,1215.25,1212.75,1214.0,1394
2026-03-09 14:35:00+00:00,1214.0,1215.75,1213.75,1214.5,1010
2026-03-09 14:40:00+00:00,1214.25,1215.75,1213.25,1213.5,997
2026-03-09 14:45:00+00:00,1213.5,1214.5,1211.0,1211.5,1787
2026-03-09 14:50:00+00:00,1211.25,1211.5,1209.5,1210.5,1062
2026-03-09 14:55:00+00:00,1210.25,1211.0,1209.25,1210.25,1012
2026-03-09 15:00:00+00:00,1210.5,1211.25,1209.25,1209.25,2953
2026-03-09 15:05:00+00:00,1209.25,1210.0,1207.5,1207.75,1989
2026-03-09 15:10:00+00:00,1207.75,1207.75,1202.5,1203.0,4110
2026-03-09 15:15:00+00:00,1203.0,1204.25,1202.0,1203.25,1555
2026-03-09 15:20:00+00:00,1203.5,1203.5,1198.25,1201.25,2555
2026-03-09 15:25:00+00:00,1201.25,1201.5,1198.5,1199.25,1936
2026-03-09 15:30:00+00:00,1199.0,1200.0,1197.0,1198.0,2382
2026-03-09 15:35:00+00:00,1198.0,1198.25,1196.5,1197.5,1964
2026-03-09 15:40:00+00:00,1198.0,1199.5,1197.5,1199.5,2851
2026-03-09 15:45:00+00:00,1199.5,1201.0,1198.75,1199.25,1582
2026-03-09 15:50:00+00:00,1199.25,1200.25,1198.5,1198.75,1127
2026-03-09 15:55:00+00:00,1199.0,1199.5,1197.0,1198.5,981
2026-03-09 16:00:00+00:00,1198.5,1200.75,1198.25,1199.25,1167
2026-03-09 16:05:00+00:00,1199.25,1199.5,1197.75,1198.25,619
2026-03-09 16:10:00+00:00,1198.25,1198.75,1193.0,1194.75,2724
2026-03-09 16:15:00+00:00,1195.0,1197.0,1195.0,1196.0,1329
2026-03-09 16:20:00+00:00,1195.75,1197.75,1195.5,1196.0,1266
2026-03-09 16:25:00+00:00,1196.0,1196.25,1193.0,1195.0,1537
2026-03-09 16:30:00+00:00,1195.25,1197.0,1195.25,1196.0,1239
2026-03-09 16:35:00+00:00,1196.25,1197.0,1195.25,1195.25,663
2026-03-09 16:40:00+00:00,1195.25,1195.5,1194.25,1195.0,1066
2026-03-09 16:45:00+00:00,1195.0,1195.5,1193.75,1194.25,732
2026-03-09 16:50:00+00:00,1194.25,1197.0,1194.0,1195.75,662
2026-03-09 16:55:00+00:00,1195.75,1196.25,1194.75,1194.75,558
2026-03-09 17:00:00+00:00,1195.0,1196.0,1194.25,1195.75,897
2026-03-09 17:05:00+00:00,1195.75,1197.25,1195.25,1196.25,806
2026-03-09 17:10:00+00:00,1196.25,1197.25,1195.5,1197.0,554
2026-03-09 17:15:00+00:00,1197.0,1198.25,1196.0,1197.75,713
2026-03-09 17:20:00+00:00,1197.75,1198.5,1197.25,1198.25,886
2026-03-09 17:25:00+00:00,1198.25,1198.75,1197.5,1197.75,3629
2026-03-09 17:30:00+00:00,1198.0,1198.25,1197.0,1197.5,710
2026-03-09 17:35:00+00:00,1197.25,1199.0,1197.0,1198.75,743
2026-03-09 17:40:00+00:00,1198.75,1199.75,1198.25,1199.0,1830
2026-03-09 17:45:00+00:00,1199.0,1200.25,1198.75,1198.75,1762
2026-03-09 17:50:00+00:00,1198.5,1199.25,1197.5,1198.0,714
2026-03-09 17:55:00+00:00,1198.25,1198.5,1197.25,1197.5,531
2026-03-09 18:00:00+00:00,1197.5,1197.5,1195.75,1196.75,1319
2026-03-09 18:05:00+00:00,1196.75,1197.0,1194.5,1194.75,2019
2026-03-09 18:10:00+00:00,1195.0,1196.75,1194.25,1196.25,9103
2026-03-09 18:15:00+00:00,1196.25,1196.5,1195.5,1196.25,1788
2026-03-10 00:00:00+00:00,1185.5,1188.75,1177.75,1186.0,0
2026-03-10 00:05:00+00:00,1186.25,1188.75,1185.5,1187.75,858
2026-03-10 00:10:00+00:00,1188.0,1191.25,1188.0,1191.0,573
2026-03-10 00:15:00+00:00,1191.0,1193.25,1191.0,1193.0,837
2026-03-10 00:20:00+00:00,1193.5,1193.5,1191.25,1191.5,263
2026-03-10 00:25:00+00:00,1191.5,1192.5,1191.5,1192.5,113
2026-03-10 00:30:00+00:00,1192.75,1193.5,1191.5,1192.25,191
2026-03-10 00:35:00+00:00,1192.25,1192.75,1191.25,1192.0,279
2026-03-10 00:40:00+00:00,1192.0,1192.0,1188.75,1189.25,310
2026-03-10 00:45:00+00:00,1188.75,1189.25,1187.75,1188.25,272
2026-03-10 00:50:00+00:00,1188.0,1190.0,1186.75,1188.5,421
2026-03-10 00:55:00+00:00,1188.25,1189.75,1187.75,1189.25,199
2026-03-10 01:00:00+00:00,1189.5,1189.75,1186.0,1189.75,671
2026-03-10 01:05:00+00:00,1189.5,1194.0,1189.0,1193.0,1422
2026-03-10 01:10:00+00:00,1193.0,1193.25,1191.0,1192.25,365
2026-03-10 01:15:00+00:00,1191.75,1193.5,1190.5,1193.25,352
2026-03-10 01:20:00+00:00,1193.25,1196.25,1193.0,1195.75,1185
2026-03-10 01:25:00+00:00,1195.75,1196.25,1192.0,1193.0,313
2026-03-10 01:30:00+00:00,1192.75,1192.75,1190.25,1190.5,118
2026-03-10 01:35:00+00:00,1190.75,1190.75,1188.25,1188.5,93
2026-03-10 01:40:00+00:00,1188.5,1190.25,1188.5,1189.75,238
2026-03-10 01:45:00+00:00,1189.5,1189.75,1188.0,1188.5,397
2026-03-10 01:50:00+00:00,1188.75,1189.25,1187.75,1189.0,507
2026-03-10 01:55:00+00:00,1189.0,1189.0,1187.25,1187.75,213
2026-03-10 02:00:00+00:00,1188.25,1189.5,1188.25,1189.25,128
2026-03-10 02:05:00+00:00,1189.0,1190.25,1188.25,1189.75,171
2026-03-10 02:10:00+00:00,1189.5,1190.0,1189.0,1190.0,114
2026-03-10 02:15:00+00:00,1190.5,1191.0,1190.25,1190.5,37
2026-03-10 02:20:00+00:00,1190.75,1191.5,1190.75,1191.0,29
2026-03-10 02:25:00+00:00,1191.0,1191.25,1190.75,1191.0,21
2026-03-10 02:30:00+00:00,1191.0,1192.5,1190.75,1192.25,93
2026-03-10 02:35:00+00:00,1192.25,1192.75,1192.0,1192.75,63
2026-03-10 02:40:00+00:00,1193.0,1194.0,1191.5,1191.5,193
2026-03-10 02:45:00+00:00,1191.5,1192.75,1191.25,1191.25,235
2026-03-10 02:50:00+00:00,1191.0,1191.75,1190.25,1191.75,187
2026-03-10 02:55:00+00:00,1191.75,1192.5,1191.25,1192.25,256
2026-03-10 03:00:00+00:00,1192.5,1193.0,1191.0,1191.0,285
2026-03-10 03:05:00+00:00,1191.0,1191.75,1190.75,1191.25,56
2026-03-10 03:10:00+00:00,1191.25,1191.5,1190.5,1191.25,75
2026-03-10 03:15:00+00:00,1191.5,1191.75,1190.75,1191.25,51
2026-03-10 03:20:00+00:00,1191.25,1191.75,1191.0,1191.25,104
2026-03-10 03:25:00+00:00,1191.5,1192.0,1191.5,1191.75,92
2026-03-10 03:30:00+00:00,1191.75,1191.75,1191.25,1191.75,26
2026-03-10 03:35:00+00:00,1191.5,1192.0,1191.25,1191.5,73
2026-03-10 03:40:00+00:00,1191.5,1191.75,1190.5,1191.75,48
2026-03-10 03:45:00+00:00,1191.5,1191.5,1191.0,1191.25,43
2026-03-10 03:50:00+00:00,1191.25,1191.75,1191.0,1191.5,30
2026-03-10 03:55:00+00:00,1191.25,1191.5,1191.0,1191.25,14
2026-03-10 04:00:00+00:00,1191.25,1191.25,1189.5,1190.75,100
2026-03-10 04:05:00+00:00,1190.75,1191.75,1190.75,1191.75,14
2026-03-10 04:10:00+00:00,1191.75,1192.0,1191.25,1192.0,19
2026-03-10 04:15:00+00:00,1191.5,1191.75,1191.25,1191.5,13
2026-03-10 04:20:00+00:00,1191.5,1192.0,1191.5,1191.75,8
2026-03-10 04:25:00+00:00,1191.75,1192.0,1191.75,1191.75,13
2026-03-10 04:30:00+00:00,1191.75,1192.25,1191.5,1191.75,86
2026-03-10 04:35:00+00:00,1191.75,1191.75,1191.5,1191.5,8
2026-03-10 04:40:00+00:00,1191.25,1191.75,1191.25,1191.75,10
2026-03-10 04:45:00+00:00,1191.5,1191.75,1191.5,1191.75,10
2026-03-10 04:50:00+00:00,1192.0,1192.0,1192.0,1192.0,17
2026-03-10 04:55:00+00:00,1192.25,1192.5,1191.75,1192.0,63
2026-03-10 05:00:00+00:00,1191.75,1192.0,1190.0,1190.5,39
2026-03-10 05:05:00+00:00,1190.25,1190.5,1190.0,1190.5,28
2026-03-10 05:10:00+00:00,1190.25,1190.25,1189.75,1190.0,21
2026-03-10 05:15:00+00:00,1190.25,1190.5,1190.25,1190.25,9
2026-03-10 05:20:00+00:00,1190.25,1190.25,1189.5,1189.75,30
2026-03-10 05:25:00+00:00,1190.0,1190.0,1189.5,1189.75,26
2026-03-10 05:30:00+00:00,1189.75,1190.75,1189.25,1190.25,134
2026-03-10 05:35:00+00:00,1190.0,1190.5,1190.0,1190.0,22
2026-03-10 05:40:00+00:00,1190.0,1190.0,1189.5,1189.75,46
2026-03-10 05:45:00+00:00,1189.75,1190.0,1189.25,1189.5,18
2026-03-10 05:50:00+00:00,1189.75,1190.25,1189.75,1190.0,19
2026-03-10 05:55:00+00:00,1190.25,1190.5,1190.0,1190.5,17
2026-03-10 06:00:00+00:00,1190.75,1190.75,1189.5,1189.5,172
2026-03-10 06:05:00+00:00,1189.5,1189.5,1188.5,1189.0,242
2026-03-10 06:10:00+00:00,1189.25,1190.75,1189.25,1190.25,187
2026-03-10 06:15:00+00:00,1190.5,1190.75,1190.0,1190.75,130
2026-03-10 06:20:00+00:00,1191.0,1191.25,1190.5,1191.0,55
2026-03-10 06:25:00+00:00,1191.0,1191.25,1190.75,1191.0,75
2026-03-10 06:30:00+00:00,1191.25,1191.25,1190.25,1190.5,41
2026-03-10 06:35:00+00:00,1190.5,1191.25,1190.5,1190.75,206
2026-03-10 06:40:00+00:00,1190.75,1191.25,1190.5,1190.75,57
2026-03-10 06:45:00+00:00,1190.75,1190.75,1189.75,1190.0,201
2026-03-10 06:50:00+00:00,1190.0,1190.5,1190.0,1190.5,73
2026-03-10 06:55:00+00:00,1190.25,1190.25,1189.25,1189.75,693
2026-03-10 07:00:00+00:00,1190.0,1192.0,1189.75,1192.0,258
2026-03-10 07:05:00+00:00,1192.0,1193.5,1192.0,1192.75,323
2026-03-10 07:10:00+00:00,1193.0,1193.75,1193.0,1193.5,118
2026-03-10 07:15:00+00:00,1193.5,1194.0,1192.75,1192.75,151
2026-03-10 07:20:00+00:00,1192.5,1192.75,1191.0,1191.25,379
2026-03-10 07:25:00+00:00,1191.25,1191.5,1190.75,1191.25,143
2026-03-10 07:30:00+00:00,1191.0,1191.0,1189.75,1191.0,728
2026-03-10 07:35:00+00:00,1190.75,1191.25,1190.25,1191.0,27
2026-03-10 07:40:00+00:00,1191.0,1191.25,1190.25,1191.25,41
2026-03-10 07:45:00+00:00,1191.25,1191.5,1190.25,1190.75,105
2026-03-10 07:50:00+00:00,1190.75,1192.25,1190.75,1191.25,71
2026-03-10 07:55:00+00:00,1191.25,1191.75,1191.0,1191.0,31
2026-03-10 08:00:00+00:00,1191.0,1193.0,1191.0,1192.75,237
2026-03-10 08:05:00+00:00,1192.75,1193.75,1191.5,1192.25,618
2026-03-10 08:10:00+00:00,1192.5,1192.5,1191.25,1191.75,208
2026-03-10 08:15:00+00:00,1192.0,1192.0,1191.25,1191.25,137
2026-03-10 08:20:00+00:00,1191.25,1192.25,1191.25,1191.75,141
2026-03-10 08:25:00+00:00,1192.0,1192.25,1191.75,1192.0,55
2026-03-10 08:30:00+00:00,1192.0,1192.25,1191.25,1191.75,67
2026-03-10 08:35:00+00:00,1191.5,1191.5,1189.25,1190.5,411
2026-03-10 08:40:00+00:00,1190.5,1190.5,1190.0,1190.5,80
2026-03-10 08:45:00+00:00,1190.5,1191.0,1190.0,1190.75,67
2026-03-10 08:50:00+00:00,1190.75,1191.0,1190.0,1191.0,106
2026-03-10 08:55:00+00:00,1190.75,1191.0,1190.0,1190.75,95
2026-03-10 09:00:00+00:00,1190.5,1190.75,1190.25,1190.5,25
2026-03-10 09:05:00+00:00,1190.25,1190.75,1189.5,1190.5,103
2026-03-10 09:10:00+00:00,1190.5,1190.5,1189.5,1190.0,40
2026-03-10 09:15:00+00:00,1190.0,1190.0,1189.0,1189.0,48
2026-03-10 09:20:00+00:00,1189.0,1190.75,1189.0,1190.75,38
2026-03-10 09:25:00+00:00,1190.5,1190.75,1190.0,1190.5,70
2026-03-10 09:30:00+00:00,1190.25,1190.75,1190.0,1190.75,104
2026-03-10 09:35:00+00:00,1190.75,1190.75,1189.0,1189.75,56
2026-03-10 09:40:00+00:00,1189.75,1190.25,1188.5,1190.0,147
2026-03-10 09:45:00+00:00,1189.75,1191.25,1189.75,1190.75,246
2026-03-10 09:50:00+00:00,1190.75,1192.0,1190.75,1191.5,252
2026-03-10 09:55:00+00:00,1191.75,1193.0,1191.75,1192.75,436
2026-03-10 10:00:00+00:00,1192.5,1193.0,1192.0,1192.25,181
2026-03-10 10:05:00+00:00,1192.25,1193.5,1192.25,1193.5,230
2026-03-10 10:10:00+00:00,1193.5,1193.5,1192.75,1193.0,84
2026-03-10 10:15:00+00:00,1193.25,1193.75,1192.75,1193.0,308
2026-03-10 10:20:00+00:00,1192.75,1192.75,1192.5,1192.75,17
2026-03-10 10:25:00+00:00,1192.75,1192.75,1192.25,1192.75,44
2026-03-10 10:30:00+00:00,1192.75,1193.5,1192.75,1193.5,53
2026-03-10 10:35:00+00:00,1193.5,1193.5,1193.0,1193.0,61
2026-03-10 10:40:00+00:00,1193.25,1193.5,1193.0,1193.0,85
2026-03-10 10:45:00+00:00,1192.75,1193.0,1192.75,1192.75,22
2026-03-10 10:50:00+00:00,1192.75,1193.25,1192.0,1193.25,130
2026-03-10 10:55:00+00:00,1193.25,1194.75,1193.25,1194.75,525
2026-03-10 11:00:00+00:00,1194.5,1194.75,1191.75,1193.0,461
2026-03-10 11:05:00+00:00,1193.0,1194.0,1192.75,1193.5,309
2026-03-10 11:10:00+00:00,1193.5,1194.75,1193.5,1194.5,299
2026-03-10 11:15:00+00:00,1194.5,1195.0,1193.75,1194.25,219
2026-03-10 11:20:00+00:00,1194.25,1194.5,1194.0,1194.5,49
2026-03-10 11:25:00+00:00,1194.5,1195.5,1194.5,1195.0,254
2026-03-10 11:30:00+00:00,1194.75,1194.75,1194.0,1194.0,125
2026-03-10 11:35:00+00:00,1194.25,1195.0,1194.25,1195.0,92
2026-03-10 11:40:00+00:00,1195.0,1195.5,1195.0,1195.5,72
2026-03-10 11:45:00+00:00,1195.5,1197.0,1195.25,1197.0,512
2026-03-10 11:50:00+00:00,1197.0,1199.25,1197.0,1199.25,637
2026-03-10 11:55:00+00:00,1199.25,1200.0,1199.0,1199.0,190
2026-03-10 12:00:00+00:00,1199.25,1199.25,1197.0,1197.0,535
2026-03-10 12:05:00+00:00,1197.0,1197.5,1195.75,1197.5,226
2026-03-10 12:10:00+00:00,1197.5,1198.25,1197.0,1198.25,106
2026-03-10 12:15:00+00:00,1198.0,1198.25,1197.25,1198.25,121
2026-03-10 12:20:00+00:00,1198.25,1199.0,1198.0,1199.0,246
2026-03-10 12:25:00+00:00,1199.0,1199.75,1198.5,1199.75,164
2026-03-10 12:30:00+00:00,1199.75,1200.75,1199.75,1199.75,296
2026-03-10 12:35:00+00:00,1200.0,1200.25,1199.25,1200.0,126
2026-03-10 12:40:00+00:00,1200.25,1200.5,1199.0,1199.5,409
2026-03-10 13:30:00+00:00,1199.0,1201.75,1198.0,1199.75,4532
2026-03-10 13:35:00+00:00,1199.5,1201.75,1199.0,1201.5,2561
2026-03-10 13:40:00+00:00,1201.5,1204.5,1201.25,1204.25,2709
2026-03-10 13:45:00+00:00,1204.25,1205.25,1203.0,1203.5,2184
2026-03-10 13:50:00+00:00,1203.5,1205.5,1203.25,1205.0,1317
2026-03-10 13:55:00+00:00,1205.0,1206.0,1202.25,1202.5,1908
2026-03-10 14:00:00+00:00,1202.75,1203.25,1198.0,1200.75,3919
2026-03-10 14:05:00+00:00,1201.0,1201.0,1199.25,1200.5,1004
2026-03-10 14:10:00+00:00,1200.5,1201.5,1199.25,1199.75,1515
2026-03-10 14:15:00+00:00,1199.75,1200.5,1198.75,1200.25,1523
2026-03-10 14:20:00+00:00,1200.25,1203.5,1200.0,1203.0,1572
2026-03-10 14:25:00+00:00,1203.0,1203.0,1200.0,1200.25,898
2026-03-10 14:30:00+00:00,1200.0,1201.25,1198.5,1199.25,1239
2026-03-10 14:35:00+00:00,1199.25,1199.75,1197.25,1198.75,1329
2026-03-10 14:40:00+00:00,1198.75,1199.0,1195.75,1196.0,1737
2026-03-10 14:45:00+00:00,1196.0,1198.75,1195.5,1196.0,3152
2026-03-10 14:50:00+00:00,1196.0,1196.5,1194.25,1194.25,1381
2026-03-10 14:55:00+00:00,1194.5,1195.0,1194.0,1194.75,987
2026-03-10 15:00:00+00:00,1194.75,1196.0,1194.75,1195.5,1390
2026-03-10 15:05:00+00:00,1195.25,1196.0,1194.5,1195.75,807
2026-03-10 15:10:00+00:00,1195.75,1199.25,1195.75,1198.5,1231
2026-03-10 15:15:00+00:00,1198.75,1199.75,1197.5,1199.25,1234
2026-03-10 15:20:00+00:00,1199.25,1201.0,1199.0,1200.5,1532
2026-03-10 15:25:00+00:00,1200.5,1201.0,1199.0,1199.0,885
2026-03-10 15:30:00+00:00,1199.25,1200.75,1198.75,1200.25,756
2026-03-10 15:35:00+00:00,1200.25,1201.5,1200.0,1201.0,1285
2026-03-10 15:40:00+00:00,1201.0,1202.5,1201.0,1201.25,915
2026-03-10 15:45:00+00:00,1201.25,1202.25,1200.75,1201.25,579
2026-03-10 15:50:00+00:00,1201.0,1201.75,1200.5,1201.25,749
2026-03-10 15:55:00+00:00,1201.0,1203.5,1201.0,1202.5,1037
2026-03-10 16:00:00+00:00,1202.25,1203.5,1195.75,1202.25,2647
2026-03-10 16:05:00+00:00,1202.5,1204.75,1202.25,1203.5,1602
2026-03-10 16:10:00+00:00,1203.5,1207.5,1203.25,1205.75,2504
2026-03-10 16:15:00+00:00,1205.75,1206.0,1200.75,1204.75,2081
2026-03-10 16:20:00+00:00,1204.75,1205.25,1203.25,1203.25,1130
2026-03-10 16:25:00+00:00,1203.0,1204.0,1202.25,1203.25,1063
2026-03-10 16:30:00+00:00,1203.25,1204.25,1202.25,1204.25,735
2026-03-10 16:35:00+00:00,1204.25,1206.0,1203.25,1203.5,2626
2026-03-10 16:40:00+00:00,1203.75,1203.75,1202.5,1202.75,737
2026-03-10 16:45:00+00:00,1203.0,1203.5,1202.25,1203.0,452
2026-03-10 16:50:00+00:00,1202.75,1202.75,1201.25,1202.5,577
2026-03-10 16:55:00+00:00,1202.5,1202.5,1201.0,1201.5,726
2026-03-10 17:00:00+00:00,1201.5,1202.0,1197.75,1197.75,1256
2026-03-10 17:05:00+00:00,1198.0,1200.0,1197.0,1200.0,1286
2026-03-10 17:10:00+00:00,1200.0,1200.75,1198.75,1199.25,891
2026-03-10 17:15:00+00:00,1199.25,1199.5,1195.75,1196.0,1099
2026-03-10 17:20:00+00:00,1195.75,1196.0,1192.5,1193.5,3140
2026-03-10 17:25:00+00:00,1193.5,1196.0,1193.0,1195.75,1732
2026-03-10 17:30:00+00:00,1196.0,1196.75,1195.75,1196.5,1026
2026-03-10 17:35:00+00:00,1196.5,1199.0,1195.75,1198.5,1123
2026-03-10 17:40:00+00:00,1198.5,1202.5,1198.25,1202.25,1790
2026-03-10 17:45:00+00:00,1202.5,1203.25,1200.75,1201.5,1641
2026-03-10 17:50:00+00:00,1201.5,1201.5,1198.75,1199.0,840
2026-03-10 17:55:00+00:00,1198.75,1198.75,1197.75,1198.75,551
2026-03-10 18:00:00+00:00,1198.5,1199.75,1197.75,1198.0,1774
2026-03-10 18:05:00+00:00,1198.0,1200.5,1197.75,1200.25,1104
2026-03-10 18:10:00+00:00,1200.25,1202.75,1199.75,1202.5,6099
2026-03-10 18:15:00+00:00,1202.25,1203.75,1201.75,1203.25,3790
2026-03-11 00:00:00+00:00,1207.0,1212.75,1205.0,1210.5,0
2026-03-11 00:05:00+00:00,1210.5,1211.0,1207.75,1208.0,490
2026-03-11 00:10:00+00:00,1207.75,1209.75,1207.75,1209.5,421
2026-03-11 00:15:00+00:00,1209.0,1209.25,1207.5,1208.75,227
2026-03-11 00:20:00+00:00,1208.75,1209.0,1206.75,1207.0,384
2026-03-11 00:25:00+00:00,1207.0,1207.5,1206.25,1206.5,248
2026-03-11 00:30:00+00:00,1206.5,1208.25,1206.5,1207.0,156
2026-03-11 00:35:00+00:00,1207.0,1207.75,1206.75,1207.75,35
2026-03-11 00:40:00+00:00,1208.0,1208.0,1207.25,1207.5,64
2026-03-11 00:45:00+00:00,1207.5,1208.0,1206.75,1207.0,71
2026-03-11 00:50:00+00:00,1207.0,1207.75,1207.0,1207.75,51
2026-03-11 00:55:00+00:00,1207.5,1207.75,1206.25,1206.75,180
2026-03-11 01:00:00+00:00,1206.75,1207.0,1203.5,1205.5,847
2026-03-11 01:05:00+00:00,1205.75,1206.5,1204.0,1206.25,190
2026-03-11 01:10:00+00:00,1206.25,1207.5,1206.25,1207.0,125
2026-03-11 01:15:00+00:00,1207.25,1207.25,1205.0,1205.25,65
2026-03-11 01:20:00+00:00,1205.25,1205.5,1203.75,1204.25,162
2026-03-11 01:25:00+00:00,1204.0,1205.25,1204.0,1205.25,55
2026-03-11 01:30:00+00:00,1205.25,1206.75,1205.25,1205.75,43
2026-03-11 01:35:00+00:00,1205.75,1206.0,1204.5,1204.75,32
2026-03-11 01:40:00+00:00,1204.5,1204.75,1204.0,1204.75,26
2026-03-11 01:45:00+00:00,1205.0,1205.75,1205.0,1205.25,76
2026-03-11 01:50:00+00:00,1205.25,1205.25,1204.75,1205.25,9
2026-03-11 01:55:00+00:00,1205.0,1205.5,1203.75,1203.75,36
2026-03-11 02:00:00+00:00,1203.5,1205.0,1203.5,1204.75,104
2026-03-11 02:05:00+00:00,1204.75,1205.5,1204.5,1204.75,36
2026-03-11 02:10:00+00:00,1204.5,1205.25,1204.5,1205.25,40
2026-03-11 02:15:00+00:00,1205.5,1205.75,1205.25,1205.5,31
2026-03-11 02:20:00+00:00,1205.25,1205.75,1205.25,1205.75,47
2026-03-11 02:25:00+00:00,1206.0,1207.5,1206.0,1207.5,43
2026-03-11 02:30:00+00:00,1207.5,1208.0,1206.75,1207.25,190
2026-03-11 02:35:00+00:00,1207.0,1208.0,1207.0,1208.0,67
2026-03-11 02:40:00+00:00,1207.75,1209.5,1207.75,1209.0,270
2026-03-11 02:45:00+00:00,1208.75,1209.75,1208.25,1209.25,168
2026-03-11 02:50:00+00:00,1209.0,1209.5,1208.25,1208.5,109
2026-03-11 02:55:00+00:00,1208.75,1208.75,1208.0,1208.5,66
2026-03-11 03:00:00+00:00,1208.5,1208.5,1207.75,1208.25,31
2026-03-11 03:05:00+00:00,1207.75,1208.5,1207.5,1208.25,31
2026-03-11 03:10:00+00:00,1208.25,1208.5,1207.25,1207.75,69
2026-03-11 03:15:00+00:00,1207.5,1207.5,1206.25,1206.25,137
2026-03-11 03:20:00+00:00,1206.5,1206.75,1206.25,1206.5,138
2026-03-11 03:25:00+00:00,1206.0,1207.25,1206.0,1207.25,523
2026-03-11 03:30:00+00:00,1207.0,1207.25,1206.75,1207.0,12
2026-03-11 03:35:00+00:00,1206.75,1207.75,1206.75,1207.25,29
2026-03-11 03:40:00+00:00,1207.0,1207.0,1206.5,1207.0,12
2026-03-11 03:45:00+00:00,1206.75,1207.0,1206.5,1206.5,13
2026-03-11 03:50:00+00:00,1206.25,1206.25,1205.25,1206.0,175
2026-03-11 03:55:00+00:00,1206.0,1206.5,1205.75,1206.5,320
2026-03-11 04:00:00+00:00,1206.75,1206.75,1206.5,1206.5,30
2026-03-11 04:05:00+00:00,1206.25,1206.5,1206.0,1206.0,25
2026-03-11 04:10:00+00:00,1206.0,1206.5,1206.0,1206.5,158
2026-03-11 04:15:00+00:00,1206.25,1206.5,1206.0,1206.25,12
2026-03-11 04:20:00+00:00,1206.25,1206.25,1205.5,1206.0,38
2026-03-11 04:25:00+00:00,1205.75,1205.75,1205.5,1205.5,9
2026-03-11 04:30:00+00:00,1205.5,1205.75,1205.0,1205.0,107
2026-03-11 04:35:00+00:00,1205.25,1205.5,1205.25,1205.25,11
2026-03-11 04:40:00+00:00,1205.25,1205.25,1205.0,1205.0,4
2026-03-11 04:45:00+00:00,1205.25,1205.25,1205.0,1205.25,5
2026-03-11 04:50:00+00:00,1205.0,1205.25,1204.75,1204.75,16
2026-03-11 04:55:00+00:00,1204.75,1205.0,1204.75,1205.0,15
2026-03-11 05:00:00+00:00,1205.0,1205.25,1205.0,1205.0,21
2026-03-11 05:05:00+00:00,1205.5,1205.5,1205.25,1205.5,20
2026-03-11 05:10:00+00:00,1205.25,1205.75,1205.25,1205.5,41
2026-03-11 05:15:00+00:00,1205.5,1205.5,1205.0,1205.0,21
2026-03-11 05:20:00+00:00,1205.0,1206.25,1205.0,1205.75,373
2026-03-11 05:25:00+00:00,1205.75,1206.25,1205.75,1206.25,20
2026-03-11 05:30:00+00:00,1206.25,1206.5,1205.75,1206.5,138
2026-03-11 05:35:00+00:00,1206.5,1207.75,1206.5,1207.25,172
2026-03-11 05:40:00+00:00,1207.25,1207.75,1207.0,1207.5,549
2026-03-11 05:45:00+00:00,1207.5,1208.25,1206.5,1206.75,149
2026-03-11 05:50:00+00:00,1207.0,1208.0,1207.0,1207.5,173
2026-03-11 05:55:00+00:00,1207.75,1209.0,1207.75,1208.75,72
2026-03-11 06:00:00+00:00,1208.25,1209.25,1208.25,1209.25,65
2026-03-11 06:05:00+00:00,1209.5,1210.25,1208.75,1210.25,254
2026-03-11 06:10:00+00:00,1210.0,1210.5,1209.75,1210.0,110
2026-03-11 06:15:00+00:00,1210.0,1210.75,1209.5,1210.75,187
2026-03-11 06:20:00+00:00,1210.75,1211.5,1210.25,1210.25,403
2026-03-11 06:25:00+00:00,1210.5,1211.25,1210.5,1211.25,177
2026-03-11 06:30:00+00:00,1211.0,1211.5,1210.5,1210.5,219
2026-03-11 06:35:00+00:00,1210.5,1211.0,1207.5,1207.75,280
2026-03-11 06:40:00+00:00,1207.5,1208.5,1207.25,1208.25,96
2026-03-11 06:45:00+00:00,1208.25,1208.25,1207.5,1208.25,57
2026-03-11 06:50:00+00:00,1208.25,1209.0,1207.75,1208.75,85
2026-03-11 06:55:00+00:00,1208.25,1209.75,1207.75,1209.5,192
2026-03-11 07:00:00+00:00,1209.25,1209.75,1208.5,1209.5,229
2026-03-11 07:05:00+00:00,1209.25,1210.25,1209.25,1209.75,203
2026-03-11 07:10:00+00:00,1209.75,1209.75,1209.25,1209.25,29
2026-03-11 07:15:00+00:00,1209.25,1209.5,1207.75,1207.75,50
2026-03-11 07:20:00+00:00,1208.0,1209.0,1208.0,1209.0,16
2026-03-11 07:25:00+00:00,1209.25,1211.0,1209.25,1210.5,113
2026-03-11 07:30:00+00:00,1210.75,1211.0,1209.75,1210.0,85
2026-03-11 07:35:00+00:00,1210.25,1210.25,1209.5,1209.75,38
2026-03-11 07:40:00+00:00,1210.0,1210.5,1210.0,1210.25,99
2026-03-11 07:45:00+00:00,1210.25,1210.25,1209.5,1210.25,21
2026-03-11 07:50:00+00:00,1210.25,1210.5,1210.0,1210.25,14
2026-03-11 07:55:00+00:00,1210.25,1210.25,1209.5,1210.0,17
2026-03-11 08:00:00+00:00,1209.5,1210.25,1209.25,1209.5,47
2026-03-11 08:05:00+00:00,1209.75,1209.75,1208.75,1208.75,24
2026-03-11 08:10:00+00:00,1208.75,1209.5,1208.25,1209.5,50
2026-03-11 08:15:00+00:00,1209.5,1210.75,1209.5,1210.25,36
2026-03-11 08:20:00+00:00,1210.5,1210.5,1210.0,1210.0,21
2026-03-11 08:25:00+00:00,1210.25,1211.0,1210.25,1210.5,88
2026-03-11 08:30:00+00:00,1210.5,1210.75,1210.25,1210.75,32
2026-03-11 08:35:00+00:00,1210.75,1210.75,1210.5,1210.5,21
2026-03-11 08:40:00+00:00,1210.5,1210.5,1209.25,1209.5,67
2026-03-11 08:45:00+00:00,1209.25,1209.75,1208.25,1209.25,136
2026-03-11 08:50:00+00:00,1209.0,1210.25,1208.75,1209.5,40
2026-03-11 08:55:00+00:00,1209.75,1210.25,1209.25,1209.75,81
2026-03-11 09:00:00+00:00,1210.25,1211.75,1209.75,1211.75,487
2026-03-11 09:05:00+00:00,1212.0,1213.5,1212.0,1212.75,593
2026-03-11 09:10:00+00:00,1212.5,1213.25,1211.75,1212.25,65
2026-03-11 09:15:00+00:00,1212.25,1212.5,1211.75,1212.0,54
2026-03-11 09:20:00+00:00,1212.25,1213.75,1212.0,1213.75,94
2026-03-11 09:25:00+00:00,1213.5,1216.0,1213.25,1215.25,728
2026-03-11 09:30:00+00:00,1215.0,1215.5,1214.25,1214.25,176
2026-03-11 09:35:00+00:00,1214.5,1215.75,1213.5,1215.5,193
2026-03-11 09:40:00+00:00,1215.75,1217.75,1215.5,1217.5,608
2026-03-11 09:45:00+00:00,1217.5,1217.75,1215.75,1216.25,150
2026-03-11 09:50:00+00:00,1216.25,1217.25,1215.75,1216.5,568
2026-03-11 09:55:00+00:00,1216.5,1216.75,1216.0,1216.25,493
2026-03-11 10:00:00+00:00,1216.25,1216.25,1215.0,1215.0,176
2026-03-11 10:05:00+00:00,1215.0,1215.0,1213.0,1213.75,308
2026-03-11 10:10:00+00:00,1214.0,1214.0,1212.75,1213.25,108
2026-03-11 10:15:00+00:00,1213.0,1213.5,1213.0,1213.5,36
2026-03-11 10:20:00+00:00,1213.5,1215.0,1213.5,1215.0,224
2026-03-11 10:25:00+00:00,1215.25,1215.25,1214.0,1214.75,91
2026-03-11 10:30:00+00:00,1215.0,1215.25,1214.0,1214.75,132
2026-03-11 10:35:00+00:00,1214.5,1214.5,1213.75,1214.0,48
2026-03-11 10:40:00+00:00,1213.75,1214.0,1212.75,1213.25,39
2026-03-11 10:45:00+00:00,1213.25,1213.25,1211.0,1212.25,92
2026-03-11 10:50:00+00:00,1212.25,1212.5,1211.5,1212.5,81
2026-03-11 10:55:00+00:00,1212.5,1212.75,1211.75,1212.5,93
2026-03-11 11:00:00+00:00,1212.75,1213.5,1212.0,1212.75,110
2026-03-11 11:05:00+00:00,1212.5,1213.5,1212.0,1213.5,878
2026-03-11 11:10:00+00:00,1213.25,1214.5,1213.25,1214.25,282
2026-03-11 11:15:00+00:00,1214.25,1214.5,1214.0,1214.5,72
2026-03-11 11:20:00+00:00,1214.0,1215.25,1214.0,1215.0,82
2026-03-11 11:25:00+00:00,1215.0,1216.25,1215.0,1215.5,94
2026-03-11 11:30:00+00:00,1215.5,1216.0,1215.0,1215.5,199
2026-03-11 11:35:00+00:00,1215.5,1216.25,1215.0,1216.0,194
2026-03-11 11:40:00+00:00,1216.0,1216.75,1215.0,1216.25,101
2026-03-11 11:45:00+00:00,1216.0,1217.0,1215.5,1217.0,69
2026-03-11 11:50:00+00:00,1217.0,1217.75,1215.25,1215.75,236
2026-03-11 11:55:00+00:00,1215.75,1216.75,1215.25,1216.5,282
2026-03-11 12:00:00+00:00,1216.75,1217.75,1216.25,1217.75,204
2026-03-11 12:05:00+00:00,1217.75,1219.0,1217.25,1218.5,583
2026-03-11 12:10:00+00:00,1218.75,1220.0,1218.25,1219.75,850
2026-03-11 12:15:00+00:00,1219.5,1219.5,1218.25,1219.0,485
2026-03-11 12:20:00+00:00,1219.25,1219.75,1218.5,1219.25,241
2026-03-11 12:25:00+00:00,1219.0,1219.75,1219.0,1219.25,233
2026-03-11 12:30:00+00:00,1219.5,1220.5,1219.25,1220.0,437
2026-03-11 12:35:00+00:00,1220.25,1221.75,1219.75,1221.25,717
2026-03-11 12:40:00+00:00,1221.25,1222.75,1221.0,1222.5,1110
2026-03-11 13:30:00+00:00,1221.25,1224.0,1217.5,1220.25,6710
2026-03-11 13:35:00+00:00,1220.25,1220.25,1216.75,1218.25,3029
2026-03-11 13:40:00+00:00,1218.0,1222.25,1218.0,1222.25,3214
2026-03-11 13:45:00+00:00,1222.0,1222.25,1218.75,1220.0,2621
2026-03-11 13:50:00+00:00,1219.75,1220.25,1215.75,1215.75,3007
2026-03-11 13:55:00+00:00,1215.75,1216.25,1214.25,1215.0,1784
2026-03-11 14:00:00+00:00,1215.25,1216.75,1213.75,1216.75,2269
2026-03-11 14:05:00+00:00,1216.75,1218.0,1215.75,1217.75,2115
2026-03-11 14:10:00+00:00,1218.0,1218.75,1217.0,1218.0,1227
2026-03-11 14:15:00+00:00,1218.0,1220.0,1217.75,1219.75,1924
2026-03-11 14:20:00+00:00,1219.75,1221.75,1219.25,1221.25,1273
2026-03-11 14:25:00+00:00,1221.25,1224.5,1221.0,1224.0,2451
2026-03-11 14:30:00+00:00,1224.25,1225.25,1223.25,1224.75,3122
2026-03-11 14:35:00+00:00,1224.75,1225.0,1222.5,1222.5,1903
2026-03-11 14:40:00+00:00,1222.75,1224.5,1221.0,1221.75,1673
2026-03-11 14:45:00+00:00,1221.75,1223.75,1221.75,1223.0,910
2026-03-11 14:50:00+00:00,1223.25,1223.25,1221.5,1222.5,2194
2026-03-11 14:55:00+00:00,1222.75,1222.75,1220.5,1222.25,2565
2026-03-11 15:00:00+00:00,1222.5,1223.0,1221.0,1222.5,1171
2026-03-11 15:05:00+00:00,1222.5,1223.0,1221.25,1221.5,537
2026-03-11 15:10:00+00:00,1221.5,1221.75,1219.25,1220.5,4523
2026-03-11 15:15:00+00:00,1220.5,1222.5,1220.25,1222.5,1162
2026-03-11 15:20:00+00:00,1222.5,1224.5,1222.5,1224.25,2206
2026-03-11 15:25:00+00:00,1224.25,1225.75,1222.25,1222.5,2117
2026-03-11 15:30:00+00:00,1222.75,1223.75,1220.75,1223.5,1531
2026-03-11 15:35:00+00:00,1223.5,1225.0,1222.5,1225.0,648
2026-03-11 15:40:00+00:00,1225.0,1226.25,1224.25,1225.75,1150
2026-03-11 15:45:00+00:00,1226.0,1226.0,1224.25,1224.25,619
2026-03-11 15:50:00+00:00,1224.25,1224.5,1223.25,1224.5,632
2026-03-11 15:55:00+00:00,1224.25,1225.25,1224.0,1224.75,750
2026-03-11 16:00:00+00:00,1225.0,1225.25,1224.0,1224.5,1102
2026-03-11 16:05:00+00:00,1224.75,1225.75,1224.25,1224.75,860
2026-03-11 16:10:00+00:00,1224.5,1225.25,1224.25,1224.5,790
2026-03-11 16:15:00+00:00,1224.75,1225.5,1224.25,1225.5,1182
2026-03-11 16:20:00+00:00,1225.25,1225.75,1224.5,1225.75,1066
2026-03-11 16:25:00+00:00,1225.75,1227.75,1225.5,1227.0,4775
2026-03-11 16:30:00+00:00,1227.0,1227.75,1225.25,1225.5,2991
2026-03-11 16:35:00+00:00,1225.5,1226.25,1222.75,1222.75,2597
2026-03-11 16:40:00+00:00,1222.5,1222.5,1218.0,1219.5,3890
2026-03-11 16:45:00+00:00,1219.5,1221.5,1219.25,1220.5,1101
2026-03-11 16:50:00+00:00,1220.75,1222.5,1220.75,1221.75,1196
2026-03-11 16:55:00+00:00,1221.75,1222.25,1221.25,1222.0,798
2026-03-11 17:00:00+00:00,1221.75,1221.75,1217.25,1217.5,1711
2026-03-11 17:05:00+00:00,1217.75,1218.0,1216.0,1217.5,1787
2026-03-11 17:10:00+00:00,1217.5,1217.5,1215.75,1216.0,906
2026-03-11 17:15:00+00:00,1216.25,1217.0,1215.75,1216.75,742
2026-03-11 17:20:00+00:00,1216.75,1217.0,1215.25,1216.0,916
2026-03-11 17:25:00+00:00,1215.75,1216.25,1215.0,1215.0,1774
2026-03-11 17:30:00+00:00,1215.25,1215.5,1213.5,1214.25,1528
2026-03-11 17:35:00+00:00,1214.0,1216.75,1213.25,1215.25,1830
2026-03-11 17:40:00+00:00,1215.5,1217.75,1215.25,1217.0,1372
2026-03-11 17:45:00+00:00,1217.0,1217.25,1216.0,1216.25,1023
2026-03-11 17:50:00+00:00,1216.25,1216.5,1215.25,1215.5,858
2026-03-11 17:55:00+00:00,1215.5,1216.25,1215.0,1215.25,2048
2026-03-11 18:00:00+00:00,1215.5,1216.25,1212.75,1213.5,1487
2026-03-11 18:05:00+00:00,1213.5,1214.25,1213.25,1213.5,1652
2026-03-11 18:10:00+00:00,1213.5,1214.25,1212.25,1213.5,11001
2026-03-11 18:15:00+00:00,1213.75,1214.5,1213.0,1214.25,1833
2026-03-12 00:00:00+00:00,1220.0,1221.75,1216.0,1218.5,0
2026-03-12 00:05:00+00:00,1218.25,1220.0,1217.75,1219.0,549
2026-03-12 00:10:00+00:00,1219.25,1220.25,1218.25,1220.0,339
2026-03-12 00:15:00+00:00,1219.75,1220.75,1218.5,1219.75,861
2026-03-12 00:20:00+00:00,1219.75,1220.75,1219.0,1220.25,159
2026-03-12 00:25:00+00:00,1220.25,1222.5,1220.25,1222.5,382
2026-03-12 00:30:00+00:00,1222.5,1222.75,1221.75,1221.75,237
2026-03-12 00:35:00+00:00,1221.75,1222.0,1221.25,1221.75,49
2026-03-12 00:40:00+00:00,1222.0,1222.75,1222.0,1222.25,131
2026-03-12 00:45:00+00:00,1222.0,1222.25,1221.25,1221.5,23
2026-03-12 00:50:00+00:00,1221.0,1222.75,1220.75,1222.25,79
2026-03-12 00:55:00+00:00,1222.5,1223.0,1222.0,1222.5,100
2026-03-12 01:00:00+00:00,1222.25,1224.5,1221.5,1222.25,806
2026-03-12 01:05:00+00:00,1222.25,1223.5,1222.25,1223.0,111
2026-03-12 01:10:00+00:00,1223.0,1223.0,1221.5,1222.75,515
2026-03-12 01:15:00+00:00,1222.5,1223.25,1221.5,1222.0,260
2026-03-12 01:20:00+00:00,1221.75,1222.25,1218.0,1218.0,417
2026-03-12 01:25:00+00:00,1218.25,1219.75,1217.5,1219.5,401
2026-03-12 01:30:00+00:00,1219.5,1222.25,1219.5,1221.0,244
2026-03-12 01:35:00+00:00,1221.0,1222.75,1221.0,1221.75,70
2026-03-12 01:40:00+00:00,1221.5,1222.75,1221.25,1222.75,64
2026-03-12 01:45:00+00:00,1222.5,1222.5,1221.0,1221.25,45
2026-03-12 01:50:00+00:00,1221.5,1221.75,1220.75,1220.75,38
2026-03-12 01:55:00+00:00,1220.75,1221.0,1219.75,1220.5,72
2026-03-12 02:00:00+00:00,1220.0,1220.75,1219.25,1220.75,106
2026-03-12 02:05:00+00:00,1220.5,1221.25,1220.5,1221.25,25
2026-03-12 02:10:00+00:00,1221.25,1222.25,1221.25,1221.25,83
2026-03-12 02:15:00+00:00,1221.25,1221.25,1221.0,1221.25,26
2026-03-12 02:20:00+00:00,1221.25,1221.5,1220.75,1221.5,63
2026-03-12 02:25:00+00:00,1221.25,1222.0,1221.25,1221.5,64
2026-03-12 02:30:00+00:00,1221.5,1221.75,1220.5,1221.0,331
2026-03-12 02:35:00+00:00,1221.0,1221.75,1219.25,1221.0,173
2026-03-12 02:40:00+00:00,1221.0,1221.0,1219.75,1219.75,101
2026-03-12 02:45:00+00:00,1220.25,1220.75,1219.25,1220.75,43
2026-03-12 02:50:00+00:00,1220.75,1223.0,1220.75,1222.75,292
2026-03-12 02:55:00+00:00,1222.75,1222.75,1221.0,1221.5,256
2026-03-12 03:00:00+00:00,1221.5,1222.75,1221.0,1222.75,58
2026-03-12 03:05:00+00:00,1222.5,1222.75,1222.25,1222.25,63
2026-03-12 03:10:00+00:00,1222.25,1223.5,1222.25,1223.0,86
2026-03-12 03:15:00+00:00,1223.25,1223.75,1223.0,1223.75,60
2026-03-12 03:20:00+00:00,1223.75,1224.5,1223.75,1224.25,66
2026-03-12 03:25:00+00:00,1224.25,1224.25,1223.5,1223.75,88
2026-03-12 03:30:00+00:00,1223.5,1224.0,1223.25,1224.0,40
2026-03-12 03:35:00+00:00,1223.75,1224.75,1223.75,1224.0,182
2026-03-12 03:40:00+00:00,1223.75,1223.75,1223.25,1223.5,10
2026-03-12 03:45:00+00:00,1223.25,1223.25,1222.75,1223.0,32
2026-03-12 03:50:00+00:00,1223.0,1223.0,1222.75,1222.75,4
2026-03-12 03:55:00+00:00,1223.25,1223.5,1223.25,1223.5,26
2026-03-12 04:00:00+00:00,1223.5,1224.0,1223.25,1223.25,981
2026-03-12 04:05:00+00:00,1223.0,1223.5,1223.0,1223.5,6
2026-03-12 04:10:00+00:00,1223.25,1223.5,1223.0,1223.0,273
2026-03-12 04:15:00+00:00,1223.25,1224.0,1223.25,1224.0,19
2026-03-12 04:20:00+00:00,1223.5,1223.5,1223.0,1223.5,26
2026-03-12 04:25:00+00:00,1223.5,1223.75,1223.25,1223.5,55
2026-03-12 04:30:00+00:00,1223.5,1223.5,1223.0,1223.0,26
2026-03-12 04:35:00+00:00,1223.0,1224.0,1222.75,1223.5,168
2026-03-12 04:40:00+00:00,1223.25,1223.25,1222.75,1223.0,98
2026-03-12 04:45:00+00:00,1222.75,1225.25,1222.5,1223.25,385
2026-03-12 04:50:00+00:00,1223.75,1223.75,1223.75,1223.75,2
2026-03-12 04:55:00+00:00,1223.75,1224.0,1223.5,1223.5,10
2026-03-12 05:00:00+00:00,1223.5,1224.0,1222.5,1223.0,95
2026-03-12 05:05:00+00:00,1222.75,1223.0,1222.25,1222.75,40
2026-03-12 05:10:00+00:00,1222.5,1222.75,1221.75,1222.0,187
2026-03-12 05:15:00+00:00,1222.5,1222.75,1222.25,1222.75,26
2026-03-12 05:20:00+00:00,1223.0,1223.5,1223.0,1223.5,18
2026-03-12 05:25:00+00:00,1223.5,1224.25,1223.5,1224.25,50
2026-03-12 05:30:00+00:00,1224.0,1224.0,1221.75,1222.25,199
2026-03-12 05:35:00+00:00,1221.75,1222.0,1221.0,1221.0,89
2026-03-12 05:40:00+00:00,1220.75,1220.75,1219.75,1220.5,245
2026-03-12 05:45:00+00:00,1220.5,1221.0,1220.25,1221.0,52
2026-03-12 05:50:00+00:00,1220.75,1221.0,1220.75,1221.0,81
2026-03-12 05:55:00+00:00,1221.0,1221.0,1220.0,1220.0,303
2026-03-12 06:00:00+00:00,1220.0,1220.25,1219.0,1219.0,285
2026-03-12 06:05:00+00:00,1219.0,1220.0,1218.5,1219.25,199
2026-03-12 06:10:00+00:00,1219.25,1220.5,1219.0,1220.25,80
2026-03-12 06:15:00+00:00,1220.25,1223.0,1220.25,1223.0,365
2026-03-12 06:20:00+00:00,1223.0,1223.0,1221.25,1222.25,247
2026-03-12 06:25:00+00:00,1222.25,1222.25,1221.75,1221.75,8
2026-03-12 06:30:00+00:00,1222.25,1222.25,1221.5,1222.0,57
2026-03-12 06:35:00+00:00,1221.75,1221.75,1220.75,1220.75,22
2026-03-12 06:40:00+00:00,1221.0,1222.0,1221.0,1221.75,30
2026-03-12 06:45:00+00:00,1221.75,1221.75,1219.0,1219.75,112
2026-03-12 06:50:00+00:00,1219.75,1219.75,1219.5,1219.75,24
2026-03-12 06:55:00+00:00,1220.0,1220.25,1219.75,1219.75,182
2026-03-12 07:00:00+00:00,1219.75,1220.25,1219.25,1220.25,109
2026-03-12 07:05:00+00:00,1220.0,1221.5,1219.75,1221.5,51
2026-03-12 07:10:00+00:00,1221.5,1223.25,1221.5,1223.25,211
2026-03-12 07:15:00+00:00,1223.25,1223.75,1222.5,1223.25,180
2026-03-12 07:20:00+00:00,1223.25,1224.0,1223.25,1223.75,196
2026-03-12 07:25:00+00:00,1223.75,1225.25,1223.75,1224.5,173
2026-03-12 07:30:00+00:00,1224.75,1225.25,1223.75,1224.25,301
2026-03-12 07:35:00+00:00,1224.5,1224.5,1224.0,1224.25,218
2026-03-12 07:40:00+00:00,1223.75,1224.25,1223.5,1223.5,206
2026-03-12 07:45:00+00:00,1223.75,1224.0,1223.25,1223.25,31
2026-03-12 07:50:00+00:00,1223.0,1223.5,1222.75,1222.75,51
2026-03-12 07:55:00+00:00,1222.5,1222.5,1221.5,1222.25,61
2026-03-12 08:00:00+00:00,1222.25,1222.75,1222.25,1222.5,86
2026-03-12 08:05:00+00:00,1222.5,1224.5,1222.5,1224.25,150
2026-03-12 08:10:00+00:00,1224.25,1225.0,1224.25,1224.5,41
2026-03-12 08:15:00+00:00,1224.5,1225.5,1224.5,1225.5,95
2026-03-12 08:20:00+00:00,1225.5,1225.75,1225.25,1225.5,65
2026-03-12 08:25:00+00:00,1225.5,1225.75,1225.0,1225.5,79
2026-03-12 08:30:00+00:00,1225.25,1225.25,1224.75,1225.0,43
2026-03-12 08:35:00+00:00,1225.0,1226.25,1224.5,1226.25,139
2026-03-12 08:40:00+00:00,1226.25,1227.25,1225.75,1227.0,914
2026-03-12 08:45:00+00:00,1226.75,1228.75,1226.75,1228.25,889
2026-03-12 08:50:00+00:00,1228.0,1228.0,1224.5,1224.75,789
2026-03-12 08:55:00+00:00,1224.5,1224.5,1223.5,1223.5,169
2026-03-12 09:00:00+00:00,1223.0,1225.5,1223.0,1224.0,323
2026-03-12 09:05:00+00:00,1224.25,1225.0,1223.25,1225.0,192
2026-03-12 09:10:00+00:00,1224.75,1225.5,1224.5,1225.5,63
2026-03-12 09:15:00+00:00,1225.25,1225.75,1225.0,1225.0,87
2026-03-12 09:20:00+00:00,1225.0,1225.5,1224.75,1225.0,102
2026-03-12 09:25:00+00:00,1224.75,1224.75,1224.0,1224.25,97
2026-03-12 09:30:00+00:00,1224.0,1224.25,1223.5,1224.25,41
2026-03-12 09:35:00+00:00,1224.5,1225.25,1224.5,1224.75,89
2026-03-12 09:40:00+00:00,1225.0,1225.5,1224.75,1225.0,137
2026-03-12 09:45:00+00:00,1224.75,1225.25,1223.5,1223.75,155
2026-03-12 09:50:00+00:00,1223.75,1225.0,1223.5,1224.25,180
2026-03-12 09:55:00+00:00,1224.5,1225.0,1224.25,1224.25,111
2026-03-12 10:00:00+00:00,1224.0,1224.25,1223.25,1224.25,74
2026-03-12 10:05:00+00:00,1224.25,1224.25,1223.5,1224.0,34
2026-03-12 10:10:00+00:00,1224.0,1224.0,1223.75,1224.0,58
2026-03-12 10:15:00+00:00,1224.0,1225.75,1224.0,1225.5,207
2026-03-12 10:20:00+00:00,1225.5,1225.5,1224.75,1225.0,30
2026-03-12 10:25:00+00:00,1224.75,1225.25,1224.25,1225.25,63
2026-03-12 10:30:00+00:00,1225.5,1225.5,1224.5,1224.75,38
2026-03-12 10:35:00+00:00,1225.0,1225.5,1225.0,1225.5,69
2026-03-12 10:40:00+00:00,1225.5,1226.5,1225.5,1226.25,56
2026-03-12 10:45:00+00:00,1226.25,1226.75,1226.25,1226.5,390
2026-03-12 10:50:00+00:00,1226.25,1226.5,1226.0,1226.0,24
2026-03-12 10:55:00+00:00,1226.25,1226.25,1225.75,1226.0,35
2026-03-12 11:00:00+00:00,1226.25,1226.5,1224.25,1225.0,2152
2026-03-12 11:05:00+00:00,1225.25,1226.25,1225.25,1225.75,101
2026-03-12 11:10:00+00:00,1226.0,1227.0,1226.0,1227.0,67
2026-03-12 11:15:00+00:00,1226.75,1228.25,1226.5,1227.75,188
2026-03-12 11:20:00+00:00,1227.5,1228.5,1227.5,1228.5,59
2026-03-12 11:25:00+00:00,1228.75,1228.75,1227.75,1228.5,438
2026-03-12 11:30:00+00:00,1228.5,1228.5,1227.25,1227.25,38
2026-03-12 11:35:00+00:00,1227.5,1228.0,1226.75,1228.0,443
2026-03-12 11:40:00+00:00,1227.75,1228.5,1227.5,1228.5,123
2026-03-12 11:45:00+00:00,1228.25,1228.75,1228.25,1228.5,291
2026-03-12 11:50:00+00:00,1228.25,1231.25,1228.0,1230.25,1194
2026-03-12 11:55:00+00:00,1230.5,1230.75,1229.75,1230.0,259
2026-03-12 12:00:00+00:00,1229.75,1230.5,1229.25,1230.0,188
2026-03-12 12:05:00+00:00,1230.25,1230.25,1229.5,1229.75,113
2026-03-12 12:10:00+00:00,1229.75,1232.0,1229.75,1231.75,380
2026-03-12 12:15:00+00:00,1231.75,1232.0,1231.0,1231.25,376
2026-03-12 12:20:00+00:00,1231.0,1231.75,1230.5,1230.75,2576
2026-03-12 12:25:00+00:00,1230.75,1231.5,1230.5,1230.75,356
2026-03-12 12:30:00+00:00,1230.75,1230.75,1228.0,1229.0,2036
2026-03-12 12:35:00+00:00,1229.0,1229.25,1227.25,1229.0,929
2026-03-12 12:40:00+00:00,1229.25,1229.75,1228.5,1229.25,339
2026-03-12 13:30:00+00:00,1229.25,1232.5,1228.25,1230.5,5801
2026-03-12 13:35:00+00:00,1230.5,1230.5,1227.5,1229.75,3033
2026-03-12 13:40:00+00:00,1229.5,1231.5,1229.25,1231.25,4174
2026-03-12 13:45:00+00:00,1231.0,1232.0,1230.0,1230.75,2995
2026-03-12 13:50:00+00:00,1230.75,1231.0,1227.75,1228.25,2889
2026-03-12 13:55:00+00:00,1228.25,1230.5,1228.0,1229.75,1953
2026-03-12 14:00:00+00:00,1229.5,1230.75,1229.25,1230.5,1584
2026-03-12 14:05:00+00:00,1230.5,1231.75,1230.0,1230.75,1368
2026-03-12 14:10:00+00:00,1230.75,1233.5,1230.5,1233.0,3917
2026-03-12 14:15:00+00:00,1233.25,1235.75,1233.0,1235.25,4168
2026-03-12 14:20:00+00:00,1235.25,1235.75,1232.25,1233.25,3238
2026-03-12 14:25:00+00:00,1233.25,1233.5,1232.0,1232.75,1073
2026-03-12 14:30:00+00:00,1232.75,1234.0,1230.75,1231.75,1098
2026-03-12 14:35:00+00:00,1231.5,1233.5,1231.0,1232.75,2512
2026-03-12 14:40:00+00:00,1232.75,1233.75,1232.25,1232.75,1512
2026-03-12 14:45:00+00:00,1232.5,1232.75,1227.5,1230.75,2770
2026-03-12 14:50:00+00:00,1230.75,1232.0,1230.75,1231.75,1986
2026-03-12 14:55:00+00:00,1231.75,1233.5,1231.5,1233.25,926
2026-03-12 15:00:00+00:00,1233.25,1236.25,1233.25,1234.0,2293
2026-03-12 15:05:00+00:00,1234.0,1234.0,1231.5,1231.75,1185
2026-03-12 15:10:00+00:00,1232.0,1233.0,1231.25,1232.25,4060
2026-03-12 15:15:00+00:00,1232.25,1235.25,1232.0,1234.25,1295
2026-03-12 15:20:00+00:00,1234.25,1235.75,1234.0,1235.75,3104
2026-03-12 15:25:00+00:00,1235.5,1236.5,1235.25,1235.75,1286
2026-03-12 15:30:00+00:00,1235.75,1238.5,1235.75,1238.0,2648
2026-03-12 15:35:00+00:00,1238.0,1238.75,1236.0,1236.25,5406
2026-03-12 15:40:00+00:00,1236.25,1236.25,1232.5,1232.75,2391
2026-03-12 15:45:00+00:00,1233.0,1234.25,1232.25,1233.75,908
2026-03-12 15:50:00+00:00,1233.75,1234.5,1233.5,1233.75,822
2026-03-12 15:55:00+00:00,1233.75,1234.75,1233.5,1234.5,843
2026-03-12 16:00:00+00:00,1234.75,1235.5,1232.25,1232.25,1607
2026-03-12 16:05:00+00:00,1232.5,1232.5,1230.25,1231.75,2607
2026-03-12 16:10:00+00:00,1231.5,1232.75,1230.75,1231.5,1612
2026-03-12 16:15:00+00:00,1231.5,1234.0,1231.5,1234.0,777
2026-03-12 16:20:00+00:00,1234.0,1234.75,1232.25,1232.25,848
2026-03-12 16:25:00+00:00,1232.25,1232.25,1230.75,1231.75,668
2026-03-12 16:30:00+00:00,1231.5,1232.5,1229.0,1229.0,2784
2026-03-12 16:35:00+00:00,1229.25,1229.25,1225.5,1226.75,4689
2026-03-12 16:40:00+00:00,1226.5,1228.5,1226.25,1228.0,2996
2026-03-12 16:45:00+00:00,1227.75,1229.5,1227.25,1228.75,2167
2026-03-12 16:50:00+00:00,1228.75,1229.75,1228.25,1229.25,521
2026-03-12 16:55:00+00:00,1229.25,1231.0,1228.5,1228.75,856
2026-03-12 17:00:00+00:00,1228.5,1229.5,1228.25,1229.0,574
2026-03-12 17:05:00+00:00,1229.0,1229.75,1228.75,1228.75,1170
2026-03-12 17:10:00+00:00,1228.75,1230.0,1227.75,1229.5,1008
2026-03-12 17:15:00+00:00,1229.25,1230.0,1229.0,1229.75,869
2026-03-12 17:20:00+00:00,1229.75,1230.0,1229.0,1229.0,584
2026-03-12 17:25:00+00:00,1229.25,1230.75,1228.75,1230.75,739
2026-03-12 17:30:00+00:00,1230.5,1230.75,1229.5,1230.0,508
2026-03-12 17:35:00+00:00,1230.0,1231.25,1230.0,1231.25,590
2026-03-12 17:40:00+00:00,1231.5,1232.75,1230.75,1232.25,710
2026-03-12 17:45:00+00:00,1232.25,1232.25,1229.0,1229.25,1236
2026-03-12 17:50:00+00:00,1229.0,1229.0,1228.0,1228.0,1003
2026-03-12 17:55:00+00:00,1228.0,1228.25,1227.0,1227.25,657
2026-03-12 18:00:00+00:00,1227.25,1227.25,1225.5,1226.0,1396
2026-03-12 18:05:00+00:00,1226.25,1226.75,1225.25,1226.0,1504
2026-03-12 18:10:00+00:00,1226.25,1227.75,1225.75,1227.0,6261
2026-03-12 18:15:00+00:00,1227.0,1227.25,1225.5,1225.75,4035
2026-03-13 00:00:00+00:00,1229.0,1229.75,1225.25,1227.25,0
2026-03-13 00:05:00+00:00,1227.25,1229.0,1227.25,1227.75,474
2026-03-13 00:10:00+00:00,1227.75,1227.75,1226.25,1226.5,259
2026-03-13 00:15:00+00:00,1226.75,1227.0,1224.0,1225.0,288
2026-03-13 00:20:00+00:00,1224.75,1225.5,1224.25,1225.0,135
2026-03-13 00:25:00+00:00,1225.0,1225.0,1224.5,1224.75,96
2026-03-13 00:30:00+00:00,1224.75,1224.75,1223.5,1223.75,139
2026-03-13 00:35:00+00:00,1223.5,1224.75,1223.5,1224.5,146
2026-03-13 00:40:00+00:00,1224.5,1224.75,1223.25,1223.75,156
2026-03-13 00:45:00+00:00,1223.75,1224.25,1223.5,1224.0,49
2026-03-13 00:50:00+00:00,1224.0,1224.75,1223.75,1223.75,171
2026-03-13 00:55:00+00:00,1223.5,1224.5,1222.75,1224.25,524
2026-03-13 01:00:00+00:00,1224.25,1226.25,1224.25,1225.0,570
2026-03-13 01:05:00+00:00,1225.25,1226.25,1224.25,1226.25,167
2026-03-13 01:10:00+00:00,1226.0,1226.0,1223.25,1223.25,182
2026-03-13 01:15:00+00:00,1223.25,1224.5,1222.5,1223.0,321
2026-03-13 01:20:00+00:00,1223.0,1223.25,1221.75,1222.5,467
2026-03-13 01:25:00+00:00,1222.5,1224.25,1222.5,1223.75,105
2026-03-13 01:30:00+00:00,1223.5,1225.5,1223.5,1225.5,109
2026-03-13 01:35:00+00:00,1224.75,1225.75,1224.75,1225.5,71
2026-03-13 01:40:00+00:00,1225.75,1226.75,1225.75,1226.25,141
2026-03-13 01:45:00+00:00,1226.0,1226.5,1225.5,1226.0,18
2026-03-13 01:50:00+00:00,1226.0,1226.5,1225.25,1225.5,130
2026-03-13 01:55:00+00:00,1225.5,1226.25,1225.5,1226.0,33
2026-03-13 02:00:00+00:00,1225.75,1226.25,1225.5,1226.0,51
2026-03-13 02:05:00+00:00,1225.75,1226.0,1225.5,1226.0,42
2026-03-13 02:10:00+00:00,1226.25,1226.75,1226.0,1226.25,101
2026-03-13 02:15:00+00:00,1226.25,1226.25,1225.75,1226.0,16
2026-03-13 02:20:00+00:00,1226.0,1226.0,1225.75,1226.0,19
2026-03-13 02:25:00+00:00,1226.0,1226.25,1226.0,1226.25,9
2026-03-13 02:30:00+00:00,1226.0,1226.0,1223.5,1224.0,123
2026-03-13 02:35:00+00:00,1224.0,1225.25,1224.0,1225.0,42
2026-03-13 02:40:00+00:00,1225.0,1226.25,1225.0,1226.0,91
2026-03-13 02:45:00+00:00,1226.0,1227.75,1225.75,1227.75,183
2026-03-13 02:50:00+00:00,1227.75,1227.75,1226.5,1227.75,119
2026-03-13 02:55:00+00:00,1228.0,1228.25,1226.25,1226.75,154
2026-03-13 03:00:00+00:00,1226.75,1227.5,1226.25,1227.5,47
2026-03-13 03:05:00+00:00,1227.75,1227.75,1226.0,1226.0,140
2026-03-13 03:10:00+00:00,1226.0,1226.5,1225.75,1226.25,142
2026-03-13 03:15:00+00:00,1226.0,1226.25,1225.75,1225.75,73
2026-03-13 03:20:00+00:00,1225.25,1226.5,1225.25,1226.5,91
2026-03-13 03:25:00+00:00,1226.5,1227.25,1226.5,1226.75,100
2026-03-13 03:30:00+00:00,1226.0,1226.0,1226.0,1226.0,3
2026-03-13 03:35:00+00:00,1226.25,1226.5,1225.75,1226.25,39
2026-03-13 03:40:00+00:00,1226.25,1226.25,1226.0,1226.0,22
2026-03-13 03:45:00+00:00,1226.0,1226.25,1226.0,1226.0,14
2026-03-13 03:50:00+00:00,1226.0,1226.25,1226.0,1226.0,67
2026-03-13 03:55:00+00:00,1226.0,1226.0,1225.5,1225.5,25
2026-03-13 04:00:00+00:00,1226.0,1226.5,1226.0,1226.5,35
2026-03-13 04:05:00+00:00,1226.5,1226.5,1226.5,1226.5,3
2026-03-13 04:10:00+00:00,1226.25,1226.25,1226.25,1226.25,10
2026-03-13 04:15:00+00:00,1226.5,1226.75,1226.5,1226.75,13
2026-03-13 04:20:00+00:00,1226.75,1226.75,1226.25,1226.25,38
2026-03-13 04:25:00+00:00,1226.25,1226.5,1226.0,1226.25,8
2026-03-13 04:30:00+00:00,1226.25,1226.25,1226.0,1226.0,12
2026-03-13 04:35:00+00:00,1226.25,1226.25,1226.0,1226.0,20
2026-03-13 04:40:00+00:00,1226.0,1226.0,1225.5,1226.0,39
2026-03-13 04:45:00+00:00,1226.0,1226.0,1226.0,1226.0,2
2026-03-13 04:50:00+00:00,1226.0,1226.0,1225.75,1225.75,8
2026-03-13 04:55:00+00:00,1226.0,1226.75,1226.0,1226.75,51
2026-03-13 05:00:00+00:00,1226.75,1226.75,1226.5,1226.75,13
2026-03-13 05:05:00+00:00,1226.5,1226.5,1226.5,1226.5,1
2026-03-13 05:10:00+00:00,1226.25,1226.5,1226.25,1226.25,5
2026-03-13 05:15:00+00:00,1226.25,1226.25,1226.25,1226.25,4
2026-03-13 05:20:00+00:00,1226.5,1226.5,1225.75,1226.0,21
2026-03-13 05:25:00+00:00,1226.25,1226.25,1225.75,1225.75,78
2026-03-13 05:30:00+00:00,1225.75,1225.75,1223.75,1224.25,153
2026-03-13 05:35:00+00:00,1224.25,1224.25,1223.5,1223.5,69
2026-03-13 05:40:00+00:00,1223.75,1224.0,1223.0,1223.25,69
2026-03-13 05:45:00+00:00,1223.0,1223.0,1222.25,1222.5,146
2026-03-13 05:50:00+00:00,1222.5,1223.25,1222.5,1222.5,475
2026-03-13 05:55:00+00:00,1222.5,1222.5,1221.75,1221.75,87
2026-03-13 06:00:00+00:00,1222.0,1222.0,1220.75,1221.75,237
2026-03-13 06:05:00+00:00,1221.5,1221.5,1221.0,1221.25,90
2026-03-13 06:10:00+00:00,1221.0,1221.0,1220.0,1221.0,268
2026-03-13 06:15:00+00:00,1221.0,1221.75,1221.0,1221.25,173
2026-03-13 06:20:00+00:00,1221.0,1221.0,1220.5,1220.75,132
2026-03-13 06:25:00+00:00,1220.75,1222.5,1220.75,1222.5,167
2026-03-13 06:30:00+00:00,1222.5,1222.5,1221.75,1221.75,46
2026-03-13 06:35:00+00:00,1221.75,1222.25,1220.25,1220.75,133
2026-03-13 06:40:00+00:00,1220.5,1220.5,1219.25,1219.75,448
2026-03-13 06:45:00+00:00,1220.0,1220.75,1219.75,1220.0,660
2026-03-13 06:50:00+00:00,1220.25,1220.5,1218.75,1219.0,347
2026-03-13 06:55:00+00:00,1219.0,1219.5,1219.0,1219.0,249
2026-03-13 07:00:00+00:00,1218.75,1219.5,1218.75,1219.25,88
2026-03-13 07:05:00+00:00,1219.25,1219.5,1219.0,1219.25,65
2026-03-13 07:10:00+00:00,1219.25,1221.0,1219.0,1220.5,160
2026-03-13 07:15:00+00:00,1220.5,1220.75,1220.0,1220.25,89
2026-03-13 07:20:00+00:00,1220.0,1220.0,1219.0,1219.0,218
2026-03-13 07:25:00+00:00,1219.0,1219.25,1218.5,1219.0,576
2026-03-13 07:30:00+00:00,1219.0,1219.25,1218.75,1219.0,19
2026-03-13 07:35:00+00:00,1219.0,1219.25,1218.75,1219.25,23
2026-03-13 07:40:00+00:00,1219.0,1219.0,1218.5,1218.5,76
2026-03-13 07:45:00+00:00,1218.5,1219.0,1218.25,1219.0,50
2026-03-13 07:50:00+00:00,1219.0,1219.5,1218.5,1219.5,118
2026-03-13 07:55:00+00:00,1219.5,1219.75,1219.25,1219.75,98
2026-03-13 08:00:00+00:00,1219.75,1219.75,1218.0,1218.25,144
2026-03-13 08:05:00+00:00,1218.0,1219.0,1217.75,1218.75,143
2026-03-13 08:10:00+00:00,1218.75,1219.0,1218.5,1218.5,51
2026-03-13 08:15:00+00:00,1218.5,1219.0,1216.5,1217.0,273
2026-03-13 08:20:00+00:00,1216.75,1217.5,1216.25,1217.25,444
2026-03-13 08:25:00+00:00,1217.25,1217.25,1215.75,1216.75,519
2026-03-13 08:30:00+00:00,1216.75,1216.75,1216.25,1216.5,159
2026-03-13 08:35:00+00:00,1216.5,1216.5,1215.5,1216.25,204
2026-03-13 08:40:00+00:00,1216.25,1216.25,1215.25,1215.25,125
2026-03-13 08:45:00+00:00,1215.5,1216.25,1215.25,1216.25,128
2026-03-13 08:50:00+00:00,1216.5,1217.5,1216.5,1217.25,208
2026-03-13 08:55:00+00:00,1217.5,1217.5,1217.0,1217.25,50
2026-03-13 09:00:00+00:00,1217.0,1217.5,1216.75,1217.25,77
2026-03-13 09:05:00+00:00,1217.5,1218.75,1217.5,1217.75,236
2026-03-13 09:10:00+00:00,1217.75,1217.75,1217.5,1217.5,50
2026-03-13 09:15:00+00:00,1217.5,1218.25,1217.5,1217.75,43
2026-03-13 09:20:00+00:00,1217.75,1218.0,1217.0,1217.75,96
2026-03-13 09:25:00+00:00,1217.5,1217.75,1217.25,1217.75,60
2026-03-13 09:30:00+00:00,1217.75,1218.25,1217.75,1218.25,25
2026-03-13 09:35:00+00:00,1218.25,1218.25,1217.5,1217.75,91
2026-03-13 09:40:00+00:00,1217.5,1217.75,1217.5,1217.75,91
2026-03-13 09:45:00+00:00,1217.75,1217.75,1217.25,1217.5,32
2026-03-13 09:50:00+00:00,1217.75,1218.0,1217.5,1218.0,66
2026-03-13 09:55:00+00:00,1218.0,1218.25,1217.75,1218.0,36
2026-03-13 10:00:00+00:00,1217.75,1217.75,1216.5,1217.0,157
2026-03-13 10:05:00+00:00,1216.75,1217.25,1216.5,1217.25,177
2026-03-13 10:10:00+00:00,1217.5,1217.75,1217.0,1217.75,43
2026-03-13 10:15:00+00:00,1218.0,1218.25,1217.5,1217.75,132
2026-03-13 10:20:00+00:00,1217.75,1218.0,1217.5,1217.5,58
2026-03-13 10:25:00+00:00,1217.75,1218.25,1217.5,1217.5,217
2026-03-13 10:30:00+00:00,1217.5,1218.25,1217.5,1217.5,54
2026-03-13 10:35:00+00:00,1217.75,1218.0,1217.75,1217.75,30
2026-03-13 10:40:00+00:00,1218.0,1218.0,1217.5,1217.75,59
2026-03-13 10:45:00+00:00,1218.0,1218.0,1215.25,1215.25,485
2026-03-13 10:50:00+00:00,1215.25,1215.75,1214.75,1215.75,300
2026-03-13 10:55:00+00:00,1215.5,1215.75,1215.25,1215.5,33
2026-03-13 11:00:00+00:00,1215.75,1216.5,1215.5,1216.25,347
2026-03-13 11:05:00+00:00,1216.25,1216.25,1215.0,1216.0,265
2026-03-13 11:10:00+00:00,1216.25,1217.75,1216.0,1217.5,279
2026-03-13 11:15:00+00:00,1217.5,1218.5,1216.75,1218.25,342
2026-03-13 11:20:00+00:00,1218.25,1218.25,1217.25,1217.75,838
2026-03-13 11:25:00+00:00,1217.75,1218.0,1217.25,1218.0,112
2026-03-13 11:30:00+00:00,1217.75,1217.75,1216.75,1217.0,65
2026-03-13 11:35:00+00:00,1217.0,1217.0,1216.25,1216.75,29
2026-03-13 11:40:00+00:00,1216.75,1217.75,1216.75,1217.75,36
2026-03-13 11:45:00+00:00,1217.75,1217.75,1217.25,1217.5,59
2026-03-13 11:50:00+00:00,1217.75,1218.0,1216.5,1216.75,147
2026-03-13 11:55:00+00:00,1216.75,1216.75,1216.25,1216.25,145
2026-03-13 12:00:00+00:00,1216.5,1217.25,1216.25,1216.75,249
2026-03-13 12:05:00+00:00,1216.5,1217.0,1216.5,1216.75,115
2026-03-13 12:10:00+00:00,1217.0,1219.0,1217.0,1218.5,774
2026-03-13 12:15:00+00:00,1218.25,1218.25,1217.75,1218.0,235
2026-03-13 12:20:00+00:00,1217.75,1218.0,1217.25,1217.75,287
2026-03-13 12:25:00+00:00,1217.75,1218.5,1217.75,1218.25,142
2026-03-13 12:30:00+00:00,1218.5,1220.25,1218.25,1219.25,383
2026-03-13 12:35:00+00:00,1219.5,1219.5,1218.5,1218.75,205
2026-03-13 12:40:00+00:00,1218.75,1218.75,1217.5,1217.5,226
2026-03-13 13:30:00+00:00,1217.0,1218.0,1212.5,1212.75,5926
2026-03-13 13:35:00+00:00,1212.75,1214.0,1212.25,1213.75,7582
2026-03-13 13:40:00+00:00,1213.75,1213.75,1211.5,1212.25,3632
2026-03-13 13:45:00+00:00,1212.5,1213.5,1211.5,1213.0,2433
2026-03-13 13:50:00+00:00,1213.0,1213.25,1211.5,1212.75,2646
2026-03-13 13:55:00+00:00,1212.5,1214.25,1211.0,1214.0,2072
2026-03-13 14:00:00+00:00,1213.75,1214.0,1211.5,1211.75,1879
2026-03-13 14:05:00+00:00,1211.5,1213.75,1211.25,1213.5,3282
2026-03-13 14:10:00+00:00,1213.5,1214.25,1212.5,1213.0,1623
2026-03-13 14:15:00+00:00,1213.25,1214.25,1213.0,1213.5,1604
2026-03-13 14:20:00+00:00,1213.5,1213.5,1211.0,1211.5,1323
2026-03-13 14:25:00+00:00,1211.75,1212.5,1209.75,1210.5,2352
2026-03-13 14:30:00+00:00,1210.5,1211.25,1209.25,1209.75,1448
2026-03-13 14:35:00+00:00,1209.75,1212.25,1209.75,1212.0,3130
2026-03-13 14:40:00+00:00,1212.0,1213.0,1211.5,1212.0,1173
2026-03-13 14:45:00+00:00,1212.0,1214.0,1211.75,1213.0,1163
2026-03-13 14:50:00+00:00,1213.0,1213.75,1212.75,1213.5,2302
2026-03-13 14:55:00+00:00,1213.5,1215.0,1212.75,1213.0,3953
2026-03-13 15:00:00+00:00,1213.25,1215.5,1212.75,1215.5,1263
2026-03-13 15:05:00+00:00,1215.75,1216.25,1215.0,1216.0,2279
2026-03-13 15:10:00+00:00,1215.75,1217.0,1215.75,1216.5,1469
2026-03-13 15:15:00+00:00,1216.5,1218.5,1216.25,1218.25,1787
2026-03-13 15:20:00+00:00,1218.25,1218.5,1216.25,1217.0,1482
2026-03-13 15:25:00+00:00,1217.25,1217.25,1216.25,1216.75,830
2026-03-13 15:30:00+00:00,1217.0,1218.75,1216.5,1218.5,1292
2026-03-13 15:35:00+00:00,1218.5,1221.0,1217.75,1221.0,2650
2026-03-13 15:40:00+00:00,1221.0,1224.75,1220.25,1222.75,3798
2026-03-13 15:45:00+00:00,1223.0,1224.25,1221.75,1222.25,1731
2026-03-13 15:50:00+00:00,1222.0,1223.0,1221.25,1222.0,1244
2026-03-13 15:55:00+00:00,1221.75,1223.0,1221.75,1222.0,1923
2026-03-13 16:00:00+00:00,1222.0,1224.5,1222.0,1223.75,1460
2026-03-13 16:05:00+00:00,1223.75,1223.75,1222.0,1222.5,633
2026-03-13 16:10:00+00:00,1222.75,1224.25,1222.0,1224.25,902
2026-03-13 16:15:00+00:00,1224.25,1225.75,1224.25,1225.25,965
2026-03-13 16:20:00+00:00,1225.25,1225.5,1223.0,1224.0,1121
2026-03-13 16:25:00+00:00,1224.25,1224.75,1223.5,1224.5,940
2026-03-13 16:30:00+00:00,1224.25,1225.75,1224.25,1225.0,574
2026-03-13 16:35:00+00:00,1224.75,1225.25,1224.0,1225.0,887
2026-03-13 16:40:00+00:00,1225.0,1228.5,1225.0,1226.5,2634
2026-03-13 16:45:00+00:00,1226.75,1227.25,1226.0,1226.75,859
2026-03-13 16:50:00+00:00,1226.75,1227.0,1226.0,1226.75,586
2026-03-13 16:55:00+00:00,1227.0,1227.0,1225.5,1225.75,693
2026-03-13 17:00:00+00:00,1225.75,1226.0,1224.25,1225.25,1239
2026-03-13 17:05:00+00:00,1225.0,1225.0,1222.75,1223.0,674
2026-03-13 17:10:00+00:00,1223.0,1223.75,1221.25,1221.25,767
2026-03-13 17:15:00+00:00,1221.0,1222.25,1221.0,1222.0,747
2026-03-13 17:20:00+00:00,1221.75,1222.0,1220.75,1220.75,597
2026-03-13 17:25:00+00:00,1220.75,1221.0,1219.5,1219.75,944
2026-03-13 17:30:00+00:00,1219.75,1219.75,1218.0,1218.5,1234
2026-03-13 17:35:00+00:00,1218.5,1218.75,1217.75,1218.5,1035
2026-03-13 17:40:00+00:00,1218.25,1219.25,1217.5,1218.75,1178
2026-03-13 17:45:00+00:00,1218.75,1222.25,1218.75,1221.75,2991
2026-03-13 17:50:00+00:00,1222.0,1222.75,1221.75,1222.5,1903
2026-03-13 17:55:00+00:00,1222.5,1222.5,1221.25,1222.0,660
2026-03-13 18:00:00+00:00,1222.0,1222.5,1221.75,1221.75,1070
2026-03-13 18:05:00+00:00,1222.0,1224.0,1222.0,1223.25,1307
2026-03-13 18:10:00+00:00,1223.5,1225.75,1223.0,1225.25,7098
2026-03-13 18:15:00+00:00,1225.5,1225.75,1223.75,1223.75,2467
2026-03-16 00:00:00+00:00,1214.0,1214.0,1202.0,1205.25,6491
2026-03-16 00:05:00+00:00,1205.0,1205.75,1199.25,1204.25,3205
2026-03-16 00:10:00+00:00,1204.25,1204.75,1201.5,1203.0,2607
2026-03-16 00:15:00+00:00,1202.75,1203.25,1201.75,1203.0,666
2026-03-16 00:20:00+00:00,1203.0,1205.5,1202.75,1204.25,1414
2026-03-16 00:25:00+00:00,1204.25,1204.25,1202.0,1202.0,2005
2026-03-16 00:30:00+00:00,1202.0,1202.0,1200.75,1201.75,2882
2026-03-16 00:35:00+00:00,1201.5,1201.5,1199.5,1200.25,1069
2026-03-16 00:40:00+00:00,1200.25,1200.5,1198.5,1199.0,845
2026-03-16 00:45:00+00:00,1199.0,1199.25,1197.25,1197.75,933
2026-03-16 00:50:00+00:00,1197.75,1197.75,1194.25,1194.75,1476
2026-03-16 00:55:00+00:00,1194.75,1195.25,1193.0,1194.5,735
2026-03-16 01:00:00+00:00,1194.5,1198.75,1192.25,1198.0,2967
2026-03-16 01:05:00+00:00,1197.75,1198.5,1197.0,1197.5,643
2026-03-16 01:10:00+00:00,1197.25,1199.75,1197.0,1199.0,1146
2026-03-16 01:15:00+00:00,1198.75,1199.75,1197.5,1199.25,644
2026-03-16 01:20:00+00:00,1199.25,1200.25,1198.75,1199.0,402
2026-03-16 01:25:00+00:00,1199.0,1199.75,1198.5,1199.75,905
2026-03-16 01:30:00+00:00,1199.5,1199.5,1198.25,1199.0,247
2026-03-16 01:35:00+00:00,1199.25,1200.75,1199.0,1200.5,335
2026-03-16 01:40:00+00:00,1200.75,1201.25,1200.25,1201.25,243
2026-03-16 01:45:00+00:00,1201.25,1202.75,1201.25,1201.75,706
2026-03-16 01:50:00+00:00,1201.75,1201.75,1200.5,1201.5,465
2026-03-16 01:55:00+00:00,1201.5,1202.25,1201.5,1202.0,119
2026-03-16 02:00:00+00:00,1202.0,1203.5,1201.75,1203.25,266
2026-03-16 02:05:00+00:00,1203.25,1203.25,1201.5,1201.5,254
2026-03-16 02:10:00+00:00,1201.75,1203.25,1201.5,1202.5,470
2026-03-16 02:15:00+00:00,1202.5,1202.5,1201.5,1201.75,199
2026-03-16 02:20:00+00:00,1202.0,1202.5,1202.0,1202.25,82
2026-03-16 02:25:00+00:00,1202.25,1202.5,1202.0,1202.5,50
2026-03-16 02:30:00+00:00,1202.25,1202.75,1201.75,1201.75,120
2026-03-16 02:35:00+00:00,1201.75,1202.0,1200.75,1201.25,135
2026-03-16 02:40:00+00:00,1201.5,1202.5,1201.5,1202.0,201
2026-03-16 02:45:00+00:00,1201.75,1201.75,1200.5,1200.5,204
2026-03-16 02:50:00+00:00,1200.75,1201.75,1200.5,1201.5,203
2026-03-16 02:55:00+00:00,1201.75,1201.75,1199.25,1199.75,239
2026-03-16 03:00:00+00:00,1199.75,1200.0,1199.25,1200.0,36
2026-03-16 03:05:00+00:00,1200.0,1200.25,1199.5,1200.25,41
2026-03-16 03:10:00+00:00,1200.5,1201.25,1200.5,1201.0,65
2026-03-16 03:15:00+00:00,1201.0,1201.0,1200.25,1201.0,47
2026-03-16 03:20:00+00:00,1201.0,1201.75,1200.5,1201.5,86
2026-03-16 03:25:00+00:00,1201.5,1201.5,1200.75,1201.0,25
2026-03-16 03:30:00+00:00,1201.0,1201.25,1200.75,1200.75,26
2026-03-16 03:35:00+00:00,1201.0,1201.5,1201.0,1201.0,35
2026-03-16 03:40:00+00:00,1201.0,1201.75,1200.75,1201.25,46
2026-03-16 03:45:00+00:00,1201.0,1201.0,1200.75,1200.75,208
2026-03-16 03:50:00+00:00,1201.25,1201.5,1201.0,1201.25,25
2026-03-16 03:55:00+00:00,1201.0,1201.0,1201.0,1201.0,27
2026-03-16 04:00:00+00:00,1201.0,1201.0,1201.0,1201.0,10
2026-03-16 04:05:00+00:00,1201.0,1201.25,1200.75,1201.25,8
2026-03-16 04:10:00+00:00,1201.0,1201.0,1200.25,1200.5,40
2026-03-16 04:15:00+00:00,1200.5,1200.75,1200.5,1200.75,9
2026-03-16 04:20:00+00:00,1200.75,1200.75,1200.75,1200.75,3
2026-03-16 04:25:00+00:00,1200.75,1200.75,1200.75,1200.75,3
2026-03-16 04:30:00+00:00,1201.0,1201.25,1201.0,1201.25,11
2026-03-16 04:35:00+00:00,1201.25,1201.25,1201.0,1201.0,6
2026-03-16 04:40:00+00:00,1201.0,1201.0,1200.75,1200.75,7
2026-03-16 04:45:00+00:00,1201.25,1201.25,1200.5,1200.5,41
2026-03-16 04:50:00+00:00,1200.5,1200.5,1200.25,1200.25,3
2026-03-16 04:55:00+00:00,1200.25,1200.25,1200.25,1200.25,1
2026-03-16 05:00:00+00:00,1200.25,1200.75,1200.25,1200.75,18
2026-03-16 05:05:00+00:00,1200.75,1201.0,1200.5,1201.0,55
2026-03-16 05:10:00+00:00,1200.75,1200.75,1200.25,1200.25,24
2026-03-16 05:15:00+00:00,1200.25,1201.0,1200.25,1200.75,41
2026-03-16 05:20:00+00:00,1200.5,1201.0,1200.5,1200.75,25
2026-03-16 05:25:00+00:00,1200.75,1201.5,1200.75,1201.0,47
2026-03-16 05:30:00+00:00,1201.25,1201.75,1201.25,1201.5,85
2026-03-16 05:35:00+00:00,1201.5,1202.0,1201.25,1201.5,96
2026-03-16 05:40:00+00:00,1201.25,1202.25,1200.5,1200.75,220
2026-03-16 05:45:00+00:00,1200.5,1200.5,1199.25,1199.5,314
2026-03-16 05:50:00+00:00,1199.5,1199.5,1198.75,1199.25,107
2026-03-16 05:55:00+00:00,1199.25,1199.5,1198.75,1199.5,63
2026-03-16 06:00:00+00:00,1199.0,1199.5,1198.75,1199.5,80
2026-03-16 06:05:00+00:00,1199.5,1200.5,1199.5,1200.0,93
2026-03-16 06:10:00+00:00,1200.25,1200.5,1200.25,1200.25,15
2026-03-16 06:15:00+00:00,1200.75,1200.75,1200.25,1200.25,43
2026-03-16 06:20:00+00:00,1200.5,1201.25,1200.5,1201.0,30
2026-03-16 06:25:00+00:00,1201.0,1202.25,1200.75,1201.0,314
2026-03-16 06:30:00+00:00,1201.0,1201.5,1200.5,1201.5,107
2026-03-16 06:35:00+00:00,1201.5,1202.0,1201.25,1201.5,181
2026-03-16 06:40:00+00:00,1201.5,1202.5,1201.5,1202.5,186
2026-03-16 06:45:00+00:00,1202.5,1203.0,1202.5,1203.0,157
2026-03-16 06:50:00+00:00,1202.75,1202.75,1201.0,1201.0,183
2026-03-16 06:55:00+00:00,1201.25,1201.25,1200.5,1200.5,1493
2026-03-16 07:00:00+00:00,1200.75,1201.5,1200.5,1201.25,40
2026-03-16 07:05:00+00:00,1201.25,1201.75,1201.0,1201.5,41
2026-03-16 07:10:00+00:00,1201.75,1202.0,1201.0,1201.75,112
2026-03-16 07:15:00+00:00,1201.5,1201.75,1201.0,1201.75,87
2026-03-16 07:20:00+00:00,1202.0,1202.75,1201.5,1202.25,684
2026-03-16 07:25:00+00:00,1202.25,1202.25,1201.5,1202.0,348
2026-03-16 07:30:00+00:00,1202.0,1202.75,1201.75,1202.75,92
2026-03-16 07:35:00+00:00,1202.5,1202.5,1201.5,1201.75,1257
2026-03-16 07:40:00+00:00,1201.5,1202.0,1201.5,1201.75,90
2026-03-16 07:45:00+00:00,1201.75,1202.75,1201.25,1202.0,152
2026-03-16 07:50:00+00:00,1202.0,1202.0,1200.5,1200.75,333
2026-03-16 07:55:00+00:00,1200.75,1201.0,1200.0,1200.0,88
2026-03-16 08:00:00+00:00,1200.25,1200.75,1200.25,1200.5,108
2026-03-16 08:05:00+00:00,1200.75,1200.75,1198.0,1198.25,835
2026-03-16 08:10:00+00:00,1198.5,1198.75,1197.75,1198.75,333
2026-03-16 08:15:00+00:00,1198.25,1199.25,1198.25,1198.75,160
2026-03-16 08:20:00+00:00,1198.75,1198.75,1197.0,1197.5,1141
2026-03-16 08:25:00+00:00,1197.5,1199.0,1197.5,1199.0,154
2026-03-16 08:30:00+00:00,1198.75,1199.5,1198.75,1199.5,190
2026-03-16 08:35:00+00:00,1199.0,1199.25,1198.75,1199.25,40
2026-03-16 08:40:00+00:00,1199.5,1200.5,1199.5,1200.25,230
2026-03-16 08:45:00+00:00,1200.5,1201.0,1200.0,1200.0,199
2026-03-16 08:50:00+00:00,1200.25,1200.5,1199.0,1199.25,210
2026-03-16 08:55:00+00:00,1199.25,1199.25,1197.75,1198.0,476
2026-03-16 09:00:00+00:00,1198.25,1198.25,1197.5,1198.0,169
2026-03-16 09:05:00+00:00,1198.0,1198.5,1197.5,1197.75,532
2026-03-16 09:10:00+00:00,1197.5,1197.75,1196.5,1196.5,238
2026-03-16 09:15:00+00:00,1196.5,1196.75,1196.0,1196.0,370
2026-03-16 09:20:00+00:00,1196.0,1196.0,1195.25,1195.75,411
2026-03-16 09:25:00+00:00,1195.5,1196.0,1195.0,1195.75,443
2026-03-16 09:30:00+00:00,1195.75,1196.25,1195.75,1195.75,220
2026-03-16 09:35:00+00:00,1195.5,1195.5,1194.5,1194.75,397
2026-03-16 09:40:00+00:00,1194.75,1195.25,1194.75,1195.0,103
2026-03-16 09:45:00+00:00,1195.0,1195.25,1194.5,1195.0,348
2026-03-16 09:50:00+00:00,1194.75,1194.75,1194.75,1194.75,44
2026-03-16 09:55:00+00:00,1194.75,1194.75,1194.0,1194.25,444
2026-03-16 10:00:00+00:00,1194.25,1195.0,1194.25,1194.5,205
2026-03-16 10:05:00+00:00,1194.5,1196.0,1194.25,1195.75,253
2026-03-16 10:10:00+00:00,1195.75,1196.0,1194.25,1194.25,247
2026-03-16 10:15:00+00:00,1194.25,1195.5,1194.25,1194.75,915
2026-03-16 10:20:00+00:00,1194.75,1194.75,1193.25,1194.25,279
2026-03-16 10:25:00+00:00,1194.0,1194.25,1193.75,1193.75,54
2026-03-16 10:30:00+00:00,1194.0,1194.25,1193.25,1193.5,97
2026-03-16 10:35:00+00:00,1193.25,1193.25,1192.5,1192.5,329
2026-03-16 10:40:00+00:00,1192.75,1193.25,1192.75,1193.25,255
2026-03-16 10:45:00+00:00,1193.25,1193.5,1192.5,1192.5,1423
2026-03-16 10:50:00+00:00,1192.75,1192.75,1191.0,1191.25,508
2026-03-16 10:55:00+00:00,1191.75,1192.0,1191.5,1191.5,229
2026-03-16 11:00:00+00:00,1191.5,1192.25,1190.5,1190.75,447
2026-03-16 11:05:00+00:00,1191.0,1191.0,1189.5,1190.5,816
2026-03-16 11:10:00+00:00,1190.5,1191.25,1190.5,1190.75,238
2026-03-16 11:15:00+00:00,1190.5,1190.75,1189.75,1190.75,425
2026-03-16 11:20:00+00:00,1190.75,1193.0,1190.75,1192.75,710
2026-03-16 11:25:00+00:00,1192.75,1192.75,1191.75,1191.75,1628
2026-03-16 11:30:00+00:00,1191.75,1193.25,1190.0,1192.5,1180
2026-03-16 11:35:00+00:00,1192.5,1194.25,1192.5,1193.5,1199
2026-03-16 11:40:00+00:00,1193.25,1194.25,1192.75,1193.75,643
2026-03-16 11:45:00+00:00,1193.5,1194.0,1192.5,1193.5,1609
2026-03-16 11:50:00+00:00,1193.5,1194.75,1193.25,1193.25,472
2026-03-16 11:55:00+00:00,1193.5,1193.5,1191.75,1192.5,393
2026-03-16 12:00:00+00:00,1192.5,1193.5,1192.5,1192.75,998
2026-03-16 12:05:00+00:00,1192.75,1193.0,1192.0,1193.0,378
2026-03-16 12:10:00+00:00,1193.0,1194.5,1192.5,1194.5,1070
2026-03-16 12:15:00+00:00,1194.5,1194.75,1193.75,1194.75,305
2026-03-16 12:20:00+00:00,1194.75,1196.5,1194.75,1196.0,1789
2026-03-16 12:25:00+00:00,1196.0,1196.25,1195.5,1196.25,174
2026-03-16 12:30:00+00:00,1196.0,1196.25,1193.25,1194.25,363
2026-03-16 12:35:00+00:00,1194.25,1194.5,1193.5,1193.75,409
2026-03-16 12:40:00+00:00,1193.5,1193.5,1191.75,1193.0,2258
2026-03-16 13:30:00+00:00,1193.75,1194.25,1186.25,1187.5,10538
2026-03-16 13:35:00+00:00,1187.5,1187.75,1182.25,1184.75,9441
2026-03-16 13:40:00+00:00,1185.0,1186.5,1183.75,1185.0,8306
2026-03-16 13:45:00+00:00,1185.0,1185.5,1181.75,1182.25,4390
2026-03-16 13:50:00+00:00,1182.25,1182.25,1179.5,1180.25,6227
2026-03-16 13:55:00+00:00,1180.25,1180.25,1178.75,1179.25,3113
2026-03-16 14:00:00+00:00,1179.25,1180.0,1178.0,1178.25,3680
2026-03-16 14:05:00+00:00,1178.25,1178.5,1174.0,1174.25,5288
2026-03-16 14:10:00+00:00,1174.0,1178.25,1173.5,1177.0,4362
2026-03-16 14:15:00+00:00,1177.0,1178.0,1176.5,1177.5,2673
2026-03-16 14:20:00+00:00,1177.5,1178.0,1176.25,1176.5,3450
2026-03-16 14:25:00+00:00,1176.5,1176.5,1172.75,1173.5,2497
2026-03-16 14:30:00+00:00,1173.5,1174.5,1172.25,1174.5,2805
2026-03-16 14:35:00+00:00,1174.5,1174.75,1173.0,1173.25,2319
2026-03-16 14:40:00+00:00,1173.0,1173.75,1171.5,1172.5,2136
2026-03-16 14:45:00+00:00,1172.5,1175.0,1172.5,1174.75,1840
2026-03-16 14:50:00+00:00,1174.5,1174.75,1172.75,1173.0,2313
2026-03-16 14:55:00+00:00,1173.0,1175.25,1172.25,1174.5,1877
2026-03-16 15:00:00+00:00,1174.75,1175.5,1173.0,1173.75,2155
2026-03-16 15:05:00+00:00,1173.5,1173.5,1170.0,1170.5,2507
2026-03-16 15:10:00+00:00,1170.5,1172.0,1170.0,1172.0,1453
2026-03-16 15:15:00+00:00,1172.25,1173.0,1171.0,1171.25,989
2026-03-16 15:20:00+00:00,1171.25,1172.0,1170.75,1171.25,871
2026-03-16 15:25:00+00:00,1171.0,1171.5,1168.5,1169.5,1286
2026-03-16 15:30:00+00:00,1169.5,1169.75,1167.75,1168.25,2179
2026-03-16 15:35:00+00:00,1168.5,1169.5,1167.75,1168.0,1479
2026-03-16 15:40:00+00:00,1167.75,1168.0,1164.75,1165.25,3356
2026-03-16 15:45:00+00:00,1165.25,1166.75,1164.75,1164.75,2130
2026-03-16 15:50:00+00:00,1164.75,1164.75,1162.0,1162.5,2914
2026-03-16 15:55:00+00:00,1162.5,1165.0,1162.0,1163.75,1975
2026-03-16 16:00:00+00:00,1163.75,1165.25,1163.25,1165.25,3089
2026-03-16 16:05:00+00:00,1165.25,1166.5,1164.5,1166.25,2261
2026-03-16 16:10:00+00:00,1166.25,1166.75,1165.5,1165.75,992
2026-03-16 16:15:00+00:00,1165.75,1166.0,1162.5,1163.25,3391
2026-03-16 16:20:00+00:00,1163.25,1166.25,1161.25,1164.0,2886
2026-03-16 16:25:00+00:00,1164.0,1167.25,1163.25,1167.25,2200
2026-03-16 16:30:00+00:00,1167.0,1167.75,1165.25,1166.75,1679
2026-03-16 16:35:00+00:00,1166.5,1167.0,1165.25,1165.25,1036
2026-03-16 16:40:00+00:00,1165.5,1167.75,1165.0,1167.25,1161
2026-03-16 16:45:00+00:00,1167.5,1167.5,1164.25,1164.75,1040
2026-03-16 16:50:00+00:00,1164.75,1165.0,1164.0,1164.5,700
2026-03-16 16:55:00+00:00,1164.5,1164.75,1163.25,1163.75,978
2026-03-16 17:00:00+00:00,1163.75,1164.0,1158.25,1159.25,2884
2026-03-16 17:05:00+00:00,1159.25,1160.0,1157.75,1158.5,1216
2026-03-16 17:10:00+00:00,1158.5,1158.75,1155.25,1155.25,3033
2026-03-16 17:15:00+00:00,1155.25,1155.25,1155.25,1155.25,2182
2026-03-16 17:20:00+00:00,1155.25,1155.25,1155.25,1155.25,373
2026-03-16 17:25:00+00:00,1155.25,1155.25,1155.25,1155.25,2634
2026-03-16 17:30:00+00:00,1155.25,1155.25,1155.25,1155.25,999
2026-03-16 17:35:00+00:00,1155.25,1155.25,1155.25,1155.25,508
2026-03-16 17:40:00+00:00,1155.25,1155.25,1155.25,1155.25,461
2026-03-16 17:45:00+00:00,1155.25,1155.25,1155.25,1155.25,682
2026-03-16 17:50:00+00:00,1155.25,1155.25,1155.25,1155.25,528
2026-03-16 17:55:00+00:00,1155.25,1155.25,1155.25,1155.25,1195
2026-03-16 18:00:00+00:00,1155.25,1155.25,1155.25,1155.25,763
2026-03-16 18:05:00+00:00,1155.25,1155.25,1155.25,1155.25,1962
2026-03-16 18:10:00+00:00,1155.25,1155.25,1155.25,1155.25,3294
2026-03-16 18:15:00+00:00,1155.25,1155.25,1155.25,1155.25,2920
2026-03-17 00:00:00+00:00,1147.0,1153.75,1145.25,1152.0,0
2026-03-17 00:05:00+00:00,1152.0,1153.75,1151.75,1152.0,1053
2026-03-17 00:10:00+00:00,1152.0,1154.0,1152.0,1153.5,401
2026-03-17 00:15:00+00:00,1153.5,1153.75,1152.75,1153.0,410
2026-03-17 00:20:00+00:00,1153.0,1153.25,1152.5,1153.0,220
2026-03-17 00:25:00+00:00,1153.0,1155.0,1153.0,1155.0,482
2026-03-17 00:30:00+00:00,1154.75,1156.5,1154.5,1155.5,994
2026-03-17 00:35:00+00:00,1155.25,1155.5,1154.75,1154.75,199
2026-03-17 00:40:00+00:00,1154.75,1155.25,1154.0,1154.5,85
2026-03-17 00:45:00+00:00,1154.75,1155.0,1154.5,1154.75,140
2026-03-17 00:50:00+00:00,1154.5,1154.75,1153.25,1154.0,158
2026-03-17 00:55:00+00:00,1154.0,1155.5,1154.0,1155.5,349
2026-03-17 01:00:00+00:00,1155.25,1156.75,1155.25,1156.25,507
2026-03-17 01:05:00+00:00,1156.0,1157.75,1155.5,1157.5,675
2026-03-17 01:10:00+00:00,1157.5,1160.25,1157.5,1159.75,1662
2026-03-17 01:15:00+00:00,1159.75,1162.0,1159.75,1161.75,1223
2026-03-17 01:20:00+00:00,1161.75,1162.25,1160.75,1161.0,782
2026-03-17 01:25:00+00:00,1161.0,1162.75,1161.0,1162.0,530
2026-03-17 01:30:00+00:00,1162.0,1162.25,1161.0,1161.75,396
2026-03-17 01:35:00+00:00,1161.5,1162.25,1161.25,1162.0,184
2026-03-17 01:40:00+00:00,1162.25,1162.75,1161.5,1162.25,507
2026-03-17 01:45:00+00:00,1162.25,1164.0,1162.25,1163.0,552
2026-03-17 01:50:00+00:00,1163.25,1163.75,1162.75,1163.0,173
2026-03-17 01:55:00+00:00,1163.0,1163.75,1163.0,1163.25,177
2026-03-17 02:00:00+00:00,1163.5,1164.0,1162.75,1163.0,339
2026-03-17 02:05:00+00:00,1163.0,1163.5,1162.5,1162.5,133
2026-03-17 02:10:00+00:00,1162.5,1163.25,1162.5,1163.0,154
2026-03-17 02:15:00+00:00,1163.0,1163.75,1163.0,1163.5,72
2026-03-17 02:20:00+00:00,1163.5,1164.0,1163.25,1163.75,186
2026-03-17 02:25:00+00:00,1163.75,1164.25,1163.75,1163.75,275
2026-03-17 02:30:00+00:00,1163.75,1164.0,1163.25,1163.75,158
2026-03-17 02:35:00+00:00,1163.5,1164.0,1163.25,1163.75,82
2026-03-17 02:40:00+00:00,1163.75,1164.5,1163.5,1163.75,246
2026-03-17 02:45:00+00:00,1163.75,1164.25,1163.5,1163.5,83
2026-03-17 02:50:00+00:00,1163.5,1164.25,1163.25,1163.75,126
2026-03-17 02:55:00+00:00,1163.75,1164.5,1163.5,1163.5,343
2026-03-17 03:00:00+00:00,1163.75,1163.75,1162.5,1162.75,94
2026-03-17 03:05:00+00:00,1162.75,1163.5,1162.75,1163.25,83
2026-03-17 03:10:00+00:00,1163.25,1163.25,1162.75,1162.75,45
2026-03-17 03:15:00+00:00,1163.0,1163.0,1162.5,1162.5,120
2026-03-17 03:20:00+00:00,1162.75,1163.25,1162.75,1163.25,65
2026-03-17 03:25:00+00:00,1163.25,1163.5,1162.75,1162.75,17
2026-03-17 03:30:00+00:00,1162.75,1162.75,1161.75,1162.25,113
2026-03-17 03:35:00+00:00,1162.25,1162.5,1162.0,1162.5,31
2026-03-17 03:40:00+00:00,1162.5,1163.0,1162.5,1162.75,62
2026-03-17 03:45:00+00:00,1162.5,1162.75,1162.5,1162.75,6
2026-03-17 03:50:00+00:00,1163.0,1163.0,1162.75,1163.0,43
2026-03-17 03:55:00+00:00,1162.75,1162.75,1162.5,1162.5,19
2026-03-17 04:00:00+00:00,1162.75,1162.75,1162.75,1162.75,28
2026-03-17 04:05:00+00:00,1163.0,1163.25,1162.5,1162.75,89
2026-03-17 04:10:00+00:00,1162.75,1162.75,1162.75,1162.75,91
2026-03-17 04:15:00+00:00,1162.5,1162.5,1162.25,1162.5,43
2026-03-17 04:20:00+00:00,1162.25,1162.25,1161.5,1161.5,24
2026-03-17 04:25:00+00:00,1161.5,1162.25,1161.5,1162.25,84
2026-03-17 04:30:00+00:00,1162.25,1162.5,1161.75,1162.0,39
2026-03-17 04:35:00+00:00,1162.25,1162.5,1162.0,1162.0,83
2026-03-17 04:40:00+00:00,1162.25,1162.25,1162.0,1162.0,50
2026-03-17 04:45:00+00:00,1162.0,1162.5,1162.0,1162.5,84
2026-03-17 04:50:00+00:00,1162.5,1162.5,1162.25,1162.25,14
2026-03-17 04:55:00+00:00,1162.25,1162.5,1162.25,1162.25,18
2026-03-17 05:00:00+00:00,1162.25,1162.5,1162.0,1162.25,18
2026-03-17 05:05:00+00:00,1162.25,1162.25,1162.25,1162.25,5
2026-03-17 05:10:00+00:00,1162.0,1162.0,1161.5,1161.75,26
2026-03-17 05:15:00+00:00,1161.75,1162.5,1161.75,1162.0,126
2026-03-17 05:20:00+00:00,1162.0,1162.0,1161.5,1161.5,57
2026-03-17 05:25:00+00:00,1161.5,1161.5,1161.25,1161.25,24
2026-03-17 05:30:00+00:00,1161.25,1161.25,1160.75,1160.75,292
2026-03-17 05:35:00+00:00,1160.75,1161.5,1159.5,1161.5,391
2026-03-17 05:40:00+00:00,1161.75,1162.0,1161.0,1162.0,193
2026-03-17 05:45:00+00:00,1162.0,1162.0,1161.5,1162.0,300
2026-03-17 05:50:00+00:00,1161.75,1162.5,1161.75,1162.25,87
2026-03-17 05:55:00+00:00,1161.75,1162.25,1161.75,1162.0,130
2026-03-17 06:00:00+00:00,1162.0,1162.25,1161.5,1161.75,107
2026-03-17 06:05:00+00:00,1161.5,1161.5,1161.0,1161.25,308
2026-03-17 06:10:00+00:00,1161.25,1161.5,1160.75,1161.0,178
2026-03-17 06:15:00+00:00,1161.0,1161.5,1160.0,1160.25,97
2026-03-17 06:20:00+00:00,1160.25,1160.25,1160.0,1160.25,39
2026-03-17 06:25:00+00:00,1160.25,1161.0,1160.25,1161.0,124
2026-03-17 06:30:00+00:00,1161.0,1162.0,1161.0,1162.0,152
2026-03-17 06:35:00+00:00,1162.25,1162.5,1162.0,1162.0,56
2026-03-17 06:40:00+00:00,1162.0,1162.5,1162.0,1162.25,142
2026-03-17 06:45:00+00:00,1162.25,1162.5,1161.75,1161.75,67
2026-03-17 06:50:00+00:00,1162.0,1162.5,1161.0,1161.0,74
2026-03-17 06:55:00+00:00,1161.0,1161.25,1160.25,1160.5,230
2026-03-17 07:00:00+00:00,1160.5,1160.5,1157.5,1157.5,409
2026-03-17 07:05:00+00:00,1157.5,1159.75,1157.5,1159.5,427
2026-03-17 07:10:00+00:00,1159.25,1159.5,1158.75,1159.0,102
2026-03-17 07:15:00+00:00,1158.75,1159.75,1158.75,1159.0,143
2026-03-17 07:20:00+00:00,1159.25,1159.5,1158.75,1158.75,47
2026-03-17 07:25:00+00:00,1158.75,1159.0,1158.75,1159.0,53
2026-03-17 07:30:00+00:00,1159.0,1159.5,1159.0,1159.25,50
2026-03-17 07:35:00+00:00,1159.25,1159.25,1159.0,1159.0,51
2026-03-17 07:40:00+00:00,1159.25,1159.25,1158.75,1159.0,32
2026-03-17 07:45:00+00:00,1159.25,1159.75,1159.25,1159.25,144
2026-03-17 07:50:00+00:00,1159.25,1159.75,1159.25,1159.5,72
2026-03-17 07:55:00+00:00,1159.25,1159.5,1157.5,1158.0,292
2026-03-17 08:00:00+00:00,1157.75,1158.0,1155.75,1156.25,682
2026-03-17 08:05:00+00:00,1156.25,1157.25,1156.25,1157.25,120
2026-03-17 08:10:00+00:00,1157.25,1158.0,1156.75,1156.75,417
2026-03-17 08:15:00+00:00,1156.75,1157.75,1156.5,1157.25,668
2026-03-17 08:20:00+00:00,1157.25,1157.75,1157.25,1157.75,82
2026-03-17 08:25:00+00:00,1157.75,1158.0,1156.5,1157.75,171
2026-03-17 08:30:00+00:00,1157.75,1158.0,1157.0,1157.75,439
2026-03-17 08:35:00+00:00,1157.75,1157.75,1156.75,1157.0,75
2026-03-17 08:40:00+00:00,1157.0,1157.25,1156.25,1156.5,193
2026-03-17 08:45:00+00:00,1156.75,1156.75,1155.5,1156.75,1773
2026-03-17 08:50:00+00:00,1156.5,1157.0,1156.25,1156.5,164
2026-03-17 08:55:00+00:00,1156.5,1156.75,1155.25,1156.0,521
2026-03-17 09:00:00+00:00,1155.75,1156.5,1155.5,1156.25,83
2026-03-17 09:05:00+00:00,1156.0,1156.0,1154.5,1154.75,619
2026-03-17 09:10:00+00:00,1154.5,1154.5,1152.75,1152.75,1432
2026-03-17 09:15:00+00:00,1152.5,1153.5,1152.25,1153.0,354
2026-03-17 09:20:00+00:00,1153.0,1153.75,1152.0,1152.25,333
2026-03-17 09:25:00+00:00,1152.25,1152.5,1149.75,1150.25,797
2026-03-17 09:30:00+00:00,1150.25,1150.5,1148.75,1149.25,735
2026-03-17 09:35:00+00:00,1149.0,1149.25,1147.25,1147.75,974
2026-03-17 09:40:00+00:00,1147.75,1149.0,1147.75,1149.0,376
2026-03-17 09:45:00+00:00,1149.0,1150.0,1148.5,1149.75,387
2026-03-17 09:50:00+00:00,1149.75,1150.0,1148.5,1150.0,527
2026-03-17 09:55:00+00:00,1150.0,1150.75,1149.0,1150.25,630
2026-03-17 10:00:00+00:00,1150.25,1151.0,1149.75,1150.0,294
2026-03-17 10:05:00+00:00,1150.0,1150.0,1149.5,1149.75,103
2026-03-17 10:10:00+00:00,1149.75,1151.25,1149.75,1151.0,292
2026-03-17 10:15:00+00:00,1151.0,1151.5,1150.75,1150.75,140
2026-03-17 10:20:00+00:00,1150.75,1151.0,1150.25,1151.0,121
2026-03-17 10:25:00+00:00,1151.0,1152.25,1151.0,1152.0,245
2026-03-17 10:30:00+00:00,1151.75,1151.75,1151.5,1151.5,64
2026-03-17 10:35:00+00:00,1151.25,1151.25,1150.5,1150.75,144
2026-03-17 10:40:00+00:00,1150.75,1151.25,1150.75,1151.25,344
2026-03-17 10:45:00+00:00,1151.25,1152.0,1151.0,1152.0,161
2026-03-17 10:50:00+00:00,1152.25,1153.0,1152.0,1153.0,238
2026-03-17 10:55:00+00:00,1153.25,1153.75,1152.5,1152.5,164
2026-03-17 11:00:00+00:00,1152.25,1153.25,1152.25,1153.25,113
2026-03-17 11:05:00+00:00,1153.25,1157.25,1153.25,1156.5,481
2026-03-17 11:10:00+00:00,1156.5,1158.5,1156.5,1158.0,902
2026-03-17 11:15:00+00:00,1157.75,1159.0,1157.25,1158.75,651
2026-03-17 11:20:00+00:00,1158.75,1161.0,1158.75,1160.75,700
2026-03-17 11:25:00+00:00,1161.0,1161.5,1159.75,1161.0,633
2026-03-17 11:30:00+00:00,1161.0,1161.5,1160.0,1160.75,543
2026-03-17 11:35:00+00:00,1160.5,1162.0,1159.5,1161.75,516
2026-03-17 11:40:00+00:00,1161.75,1164.25,1161.75,1164.0,1569
2026-03-17 11:45:00+00:00,1164.0,1165.5,1163.75,1164.75,1232
2026-03-17 11:50:00+00:00,1164.75,1166.0,1163.25,1163.75,948
2026-03-17 11:55:00+00:00,1163.75,1165.75,1163.75,1164.25,527
2026-03-17 12:00:00+00:00,1164.25,1164.25,1162.0,1162.5,659
2026-03-17 12:05:00+00:00,1162.5,1163.75,1160.5,1161.75,1764
2026-03-17 12:10:00+00:00,1161.75,1162.5,1159.5,1160.5,552
2026-03-17 12:15:00+00:00,1160.5,1161.0,1159.5,1159.75,744
2026-03-17 12:20:00+00:00,1160.0,1160.0,1157.75,1158.75,966
2026-03-17 12:25:00+00:00,1158.5,1159.75,1158.25,1158.75,557
2026-03-17 12:30:00+00:00,1158.75,1159.75,1157.75,1159.5,536
2026-03-17 12:35:00+00:00,1159.5,1160.25,1158.25,1159.0,663
2026-03-17 12:40:00+00:00,1159.25,1160.5,1158.75,1160.0,285
2026-03-17 12:45:00+00:00,1159.5,1159.5,1159.5,1159.5,2
2026-03-17 13:30:00+00:00,1159.25,1160.0,1156.0,1158.25,8122
2026-03-17 13:35:00+00:00,1158.5,1163.25,1158.25,1161.75,7208
2026-03-17 13:40:00+00:00,1161.75,1161.75,1158.25,1161.25,5701
2026-03-17 13:45:00+00:00,1161.25,1161.25,1157.75,1158.5,5684
2026-03-17 13:50:00+00:00,1158.5,1159.25,1156.5,1159.25,3411
2026-03-17 13:55:00+00:00,1159.0,1160.25,1157.5,1158.0,4771
2026-03-17 14:00:00+00:00,1158.0,1158.75,1155.5,1156.25,3287
2026-03-17 14:05:00+00:00,1156.25,1157.5,1155.75,1156.75,1923
2026-03-17 14:10:00+00:00,1157.0,1160.25,1155.75,1160.25,2063
2026-03-17 14:15:00+00:00,1160.25,1161.25,1159.25,1159.25,3233
2026-03-17 14:20:00+00:00,1159.25,1160.5,1159.0,1160.5,1370
2026-03-17 14:25:00+00:00,1160.5,1160.5,1156.75,1156.75,2395
2026-03-17 14:30:00+00:00,1156.75,1157.0,1155.25,1156.0,2522
2026-03-17 14:35:00+00:00,1156.0,1159.25,1155.5,1158.75,2782
2026-03-17 14:40:00+00:00,1158.5,1159.25,1158.0,1159.25,1096
2026-03-17 14:45:00+00:00,1159.0,1159.25,1155.25,1155.25,1333
2026-03-17 14:50:00+00:00,1155.5,1156.25,1154.75,1156.25,1420
2026-03-17 14:55:00+00:00,1156.5,1158.5,1156.5,1157.75,1247
2026-03-17 15:00:00+00:00,1157.5,1157.75,1155.25,1155.5,1131
2026-03-17 15:05:00+00:00,1155.25,1155.5,1154.0,1154.0,1186
2026-03-17 15:10:00+00:00,1154.0,1155.5,1153.75,1155.25,1159
2026-03-17 15:15:00+00:00,1155.25,1157.25,1155.0,1156.25,1327
2026-03-17 15:20:00+00:00,1156.25,1156.75,1154.0,1155.0,2617
2026-03-17 15:25:00+00:00,1155.0,1155.75,1154.5,1154.75,1225
2026-03-17 15:30:00+00:00,1154.5,1155.5,1153.75,1155.25,1081
2026-03-17 15:35:00+00:00,1155.25,1156.0,1155.0,1155.5,893
2026-03-17 15:40:00+00:00,1155.5,1155.75,1153.75,1154.0,1167
2026-03-17 15:45:00+00:00,1153.75,1156.25,1153.75,1155.75,2070
2026-03-17 15:50:00+00:00,1155.75,1156.25,1154.25,1156.0,1896
2026-03-17 15:55:00+00:00,1155.75,1157.0,1155.25,1155.75,1468
2026-03-17 16:00:00+00:00,1155.5,1169.0,1154.5,1168.0,15468
2026-03-17 16:05:00+00:00,1168.0,1170.5,1164.5,1169.0,9741
2026-03-17 16:10:00+00:00,1169.0,1169.0,1161.25,1162.0,3598
2026-03-17 16:15:00+00:00,1161.75,1162.25,1159.0,1160.25,2440
2026-03-17 16:20:00+00:00,1160.5,1161.5,1159.0,1161.5,1078
2026-03-17 16:25:00+00:00,1161.5,1161.75,1160.0,1160.25,753
2026-03-17 16:30:00+00:00,1160.0,1160.75,1158.75,1160.5,1279
2026-03-17 16:35:00+00:00,1160.5,1162.0,1159.25,1159.5,931
2026-03-17 16:40:00+00:00,1159.25,1160.75,1158.75,1160.25,1223
2026-03-17 16:45:00+00:00,1160.5,1162.0,1160.25,1161.25,847
2026-03-17 16:50:00+00:00,1161.25,1161.75,1160.25,1161.25,748
2026-03-17 16:55:00+00:00,1161.25,1163.75,1161.25,1163.25,5985
2026-03-17 17:00:00+00:00,1163.0,1163.0,1161.5,1161.5,722
2026-03-17 17:05:00+00:00,1161.75,1162.75,1161.25,1162.0,550
2026-03-17 17:10:00+00:00,1162.0,1162.0,1161.25,1161.5,617
2026-03-17 17:15:00+00:00,1161.25,1161.75,1158.75,1159.25,1259
2026-03-17 17:20:00+00:00,1159.25,1159.75,1159.0,1159.5,626
2026-03-17 17:25:00+00:00,1159.25,1159.75,1158.25,1159.75,981
2026-03-17 17:30:00+00:00,1159.75,1161.25,1159.5,1159.5,772
2026-03-17 17:35:00+00:00,1159.5,1160.0,1159.0,1159.5,600
2026-03-17 17:40:00+00:00,1159.25,1160.75,1159.0,1160.75,834
2026-03-17 17:45:00+00:00,1160.5,1160.5,1159.75,1160.0,738
2026-03-17 17:50:00+00:00,1160.25,1160.5,1159.5,1159.75,1745
2026-03-17 17:55:00+00:00,1160.0,1161.0,1159.5,1160.5,1115
2026-03-17 18:00:00+00:00,1161.0,1161.0,1158.5,1158.5,1294
2026-03-17 18:05:00+00:00,1158.5,1160.0,1158.25,1159.5,1959
2026-03-17 18:10:00+00:00,1159.5,1159.5,1156.25,1156.25,8186
2026-03-17 18:15:00+00:00,1156.75,1157.5,1156.0,1156.5,3045
2026-03-18 00:00:00+00:00,1156.25,1159.75,1156.0,1159.0,0
2026-03-18 00:05:00+00:00,1159.25,1160.0,1158.5,1158.5,195
2026-03-18 00:10:00+00:00,1158.5,1159.0,1157.5,1157.75,334
2026-03-18 00:15:00+00:00,1158.0,1158.25,1157.75,1157.75,44
2026-03-18 00:20:00+00:00,1157.75,1157.75,1157.0,1157.25,240
2026-03-18 00:25:00+00:00,1157.0,1157.0,1155.5,1155.75,196
2026-03-18 00:30:00+00:00,1155.5,1155.5,1154.25,1154.25,327
2026-03-18 00:35:00+00:00,1154.25,1155.0,1153.75,1155.0,197
2026-03-18 00:40:00+00:00,1155.0,1155.25,1153.0,1153.5,600
2026-03-18 00:45:00+00:00,1153.5,1154.5,1153.5,1154.0,120
2026-03-18 00:50:00+00:00,1154.0,1154.5,1153.0,1153.0,39
2026-03-18 00:55:00+00:00,1153.25,1154.0,1153.25,1154.0,31
2026-03-18 01:00:00+00:00,1153.75,1155.25,1153.75,1154.0,102
2026-03-18 01:05:00+00:00,1154.0,1154.5,1154.0,1154.25,62
2026-03-18 01:10:00+00:00,1154.0,1155.25,1154.0,1155.25,98
2026-03-18 01:15:00+00:00,1155.0,1155.5,1154.0,1154.25,66
2026-03-18 01:20:00+00:00,1154.0,1155.0,1154.0,1155.0,53
2026-03-18 01:25:00+00:00,1155.0,1155.0,1154.25,1154.25,25
2026-03-18 01:30:00+00:00,1154.25,1155.0,1153.75,1153.75,259
2026-03-18 01:35:00+00:00,1153.75,1153.75,1151.5,1152.0,390
2026-03-18 01:40:00+00:00,1151.75,1153.0,1151.75,1152.75,306
2026-03-18 01:45:00+00:00,1152.75,1152.75,1152.0,1152.25,98
2026-03-18 01:50:00+00:00,1152.0,1152.25,1151.25,1152.25,282
2026-03-18 01:55:00+00:00,1152.0,1152.25,1151.5,1152.25,55
2026-03-18 02:00:00+00:00,1152.5,1153.0,1152.25,1153.0,99
2026-03-18 02:05:00+00:00,1152.75,1152.75,1151.75,1152.0,72
2026-03-18 02:10:00+00:00,1152.25,1152.75,1152.0,1152.0,94
2026-03-18 02:15:00+00:00,1152.0,1152.25,1152.0,1152.0,23
2026-03-18 02:20:00+00:00,1152.0,1152.25,1151.5,1151.5,91
2026-03-18 02:25:00+00:00,1151.5,1152.0,1151.25,1151.5,226
2026-03-18 02:30:00+00:00,1151.5,1151.75,1151.25,1151.25,179
2026-03-18 02:35:00+00:00,1151.0,1151.25,1150.5,1150.75,448
2026-03-18 02:40:00+00:00,1150.75,1150.75,1150.5,1150.5,47
2026-03-18 02:45:00+00:00,1150.5,1150.5,1150.0,1150.0,299
2026-03-18 02:50:00+00:00,1150.25,1150.25,1149.5,1150.25,312
2026-03-18 02:55:00+00:00,1150.0,1150.25,1149.75,1150.25,99
2026-03-18 03:00:00+00:00,1150.5,1151.0,1150.0,1150.5,67
2026-03-18 03:05:00+00:00,1150.25,1150.75,1150.0,1150.75,44
2026-03-18 03:10:00+00:00,1150.5,1151.75,1150.5,1151.5,167
2026-03-18 03:15:00+00:00,1151.25,1152.5,1151.25,1152.25,414
2026-03-18 03:20:00+00:00,1152.25,1152.75,1151.5,1152.25,233
2026-03-18 03:25:00+00:00,1152.25,1152.25,1151.75,1151.75,71
2026-03-18 03:30:00+00:00,1151.5,1151.5,1151.25,1151.5,79
2026-03-18 03:35:00+00:00,1151.25,1151.25,1150.75,1150.75,93
2026-03-18 03:40:00+00:00,1150.75,1151.25,1150.75,1151.0,31
2026-03-18 03:45:00+00:00,1151.0,1151.75,1151.0,1151.75,31
2026-03-18 03:50:00+00:00,1151.5,1151.75,1151.0,1151.0,72
2026-03-18 03:55:00+00:00,1151.0,1151.0,1150.0,1150.0,42
2026-03-18 04:00:00+00:00,1150.25,1150.25,1149.5,1150.0,313
2026-03-18 04:05:00+00:00,1150.25,1150.25,1149.75,1149.75,14
2026-03-18 04:10:00+00:00,1149.75,1150.25,1149.75,1150.0,59
2026-03-18 04:15:00+00:00,1150.25,1150.5,1149.75,1150.0,50
2026-03-18 04:20:00+00:00,1150.0,1150.0,1149.75,1149.75,125
2026-03-18 04:25:00+00:00,1149.75,1150.0,1149.5,1150.0,58
2026-03-18 04:30:00+00:00,1150.0,1150.0,1149.75,1149.75,7
2026-03-18 04:35:00+00:00,1149.75,1149.75,1149.25,1149.25,44
2026-03-18 04:40:00+00:00,1149.25,1149.75,1149.0,1149.25,206
2026-03-18 04:45:00+00:00,1149.25,1149.5,1149.0,1149.25,77
2026-03-18 04:50:00+00:00,1149.5,1149.5,1149.25,1149.25,11
2026-03-18 04:55:00+00:00,1149.25,1149.25,1149.25,1149.25,2
2026-03-18 05:00:00+00:00,1149.25,1149.75,1149.25,1149.75,43
2026-03-18 05:05:00+00:00,1149.75,1150.25,1149.75,1150.0,60
2026-03-18 05:10:00+00:00,1150.0,1150.25,1149.75,1150.0,21
2026-03-18 05:15:00+00:00,1150.0,1150.25,1150.0,1150.25,3
2026-03-18 05:20:00+00:00,1149.75,1150.0,1149.75,1150.0,13
2026-03-18 05:25:00+00:00,1150.0,1150.25,1150.0,1150.25,10
2026-03-18 05:30:00+00:00,1150.0,1150.0,1149.25,1149.5,90
2026-03-18 05:35:00+00:00,1149.75,1151.0,1149.5,1150.75,306
2026-03-18 05:40:00+00:00,1150.75,1151.0,1150.75,1150.75,41
2026-03-18 05:45:00+00:00,1151.0,1151.25,1150.75,1151.0,41
2026-03-18 05:50:00+00:00,1151.0,1151.5,1150.5,1151.0,65
2026-03-18 05:55:00+00:00,1151.0,1151.25,1151.0,1151.0,72
2026-03-18 06:00:00+00:00,1151.25,1151.75,1150.75,1151.5,115
2026-03-18 06:05:00+00:00,1151.75,1151.75,1151.0,1151.0,38
2026-03-18 06:10:00+00:00,1151.0,1151.25,1150.75,1151.0,52
2026-03-18 06:15:00+00:00,1151.0,1151.0,1150.75,1150.75,9
2026-03-18 06:20:00+00:00,1150.5,1150.75,1150.5,1150.75,19
2026-03-18 06:25:00+00:00,1150.75,1150.75,1150.25,1150.5,34
2026-03-18 06:30:00+00:00,1150.5,1150.5,1150.0,1150.5,45
2026-03-18 06:35:00+00:00,1150.5,1151.25,1150.25,1151.0,72
2026-03-18 06:40:00+00:00,1151.0,1152.0,1151.0,1152.0,101
2026-03-18 06:45:00+00:00,1152.0,1152.75,1151.75,1152.75,262
2026-03-18 06:50:00+00:00,1152.5,1152.75,1152.25,1152.75,27
2026-03-18 06:55:00+00:00,1152.75,1154.25,1152.5,1154.0,257
2026-03-18 07:00:00+00:00,1154.0,1154.75,1153.5,1154.0,102
2026-03-18 07:05:00+00:00,1154.0,1154.75,1154.0,1154.5,163
2026-03-18 07:10:00+00:00,1154.5,1154.5,1153.5,1154.0,46
2026-03-18 07:15:00+00:00,1153.75,1153.75,1153.25,1153.5,67
2026-03-18 07:20:00+00:00,1153.5,1154.25,1153.25,1153.75,84
2026-03-18 07:25:00+00:00,1153.75,1153.75,1153.25,1153.5,42
2026-03-18 07:30:00+00:00,1153.5,1153.5,1153.0,1153.25,52
2026-03-18 07:35:00+00:00,1153.25,1153.75,1153.25,1153.75,23
2026-03-18 07:40:00+00:00,1153.75,1153.75,1153.5,1153.75,48
2026-03-18 07:45:00+00:00,1153.75,1153.75,1153.25,1153.25,761
2026-03-18 07:50:00+00:00,1153.75,1154.5,1153.25,1153.75,201
2026-03-18 07:55:00+00:00,1153.75,1154.0,1153.75,1154.0,53
2026-03-18 08:00:00+00:00,1154.0,1154.75,1154.0,1154.5,46
2026-03-18 08:05:00+00:00,1154.25,1154.25,1152.75,1153.0,96
2026-03-18 08:10:00+00:00,1153.0,1153.5,1152.5,1152.75,63
2026-03-18 08:15:00+00:00,1152.75,1153.5,1152.5,1153.5,122
2026-03-18 08:20:00+00:00,1153.25,1153.25,1152.0,1152.25,141
2026-03-18 08:25:00+00:00,1152.5,1152.75,1152.5,1152.75,74
2026-03-18 08:30:00+00:00,1153.0,1153.75,1152.75,1153.75,108
2026-03-18 08:35:00+00:00,1153.75,1153.75,1153.0,1153.5,50
2026-03-18 08:40:00+00:00,1153.5,1153.5,1153.5,1153.5,61
2026-03-18 08:45:00+00:00,1153.5,1153.75,1153.25,1153.25,90
2026-03-18 08:50:00+00:00,1153.25,1153.25,1152.5,1152.5,86
2026-03-18 08:55:00+00:00,1152.5,1153.0,1151.75,1152.75,163
2026-03-18 09:00:00+00:00,1152.75,1154.0,1152.75,1154.0,141
2026-03-18 09:05:00+00:00,1154.0,1154.5,1154.0,1154.25,86
2026-03-18 09:10:00+00:00,1154.5,1155.25,1154.25,1154.5,144
2026-03-18 09:15:00+00:00,1154.5,1154.75,1154.0,1154.75,60
2026-03-18 09:20:00+00:00,1155.0,1155.0,1154.25,1154.25,121
2026-03-18 09:25:00+00:00,1154.25,1154.25,1153.75,1154.0,35
2026-03-18 09:30:00+00:00,1154.25,1154.5,1154.0,1154.25,101
2026-03-18 09:35:00+00:00,1154.25,1154.25,1153.25,1153.75,119
2026-03-18 09:40:00+00:00,1154.0,1155.0,1153.75,1154.75,265
2026-03-18 09:45:00+00:00,1154.75,1154.75,1154.25,1154.25,72
2026-03-18 09:50:00+00:00,1154.25,1154.25,1153.5,1153.75,63
2026-03-18 09:55:00+00:00,1153.75,1154.25,1153.0,1154.0,164
2026-03-18 10:00:00+00:00,1154.0,1154.25,1152.75,1153.5,285
2026-03-18 10:05:00+00:00,1153.0,1153.5,1152.5,1153.0,76
2026-03-18 10:10:00+00:00,1153.0,1153.25,1152.5,1152.75,85
2026-03-18 10:15:00+00:00,1152.75,1153.25,1152.75,1152.75,89
2026-03-18 10:20:00+00:00,1152.75,1153.0,1152.25,1152.25,64
2026-03-18 10:25:00+00:00,1152.0,1152.0,1151.5,1152.0,57
2026-03-18 10:30:00+00:00,1151.75,1152.75,1151.5,1152.75,167
2026-03-18 10:35:00+00:00,1152.5,1153.5,1152.5,1153.0,211
2026-03-18 10:40:00+00:00,1153.0,1153.5,1152.5,1152.75,109
2026-03-18 10:45:00+00:00,1152.75,1152.75,1152.25,1152.5,74
2026-03-18 10:50:00+00:00,1152.5,1152.75,1152.25,1152.25,16
2026-03-18 10:55:00+00:00,1152.5,1152.5,1152.0,1152.0,16
2026-03-18 11:00:00+00:00,1152.25,1152.5,1151.0,1151.5,437
2026-03-18 11:05:00+00:00,1151.5,1151.75,1151.0,1151.25,101
2026-03-18 11:10:00+00:00,1151.25,1151.5,1150.0,1150.5,324
2026-03-18 11:15:00+00:00,1150.75,1150.75,1149.75,1150.0,345
2026-03-18 11:20:00+00:00,1150.25,1150.5,1150.0,1150.0,147
2026-03-18 11:25:00+00:00,1150.25,1151.5,1150.0,1151.0,197
2026-03-18 11:30:00+00:00,1151.0,1151.75,1150.0,1150.75,236
2026-03-18 11:35:00+00:00,1150.75,1150.75,1150.0,1150.0,41
2026-03-18 11:40:00+00:00,1150.25,1150.25,1149.75,1150.25,126
2026-03-18 11:45:00+00:00,1150.0,1150.0,1149.0,1149.0,215
2026-03-18 11:50:00+00:00,1149.0,1149.0,1148.0,1148.75,582
2026-03-18 11:55:00+00:00,1148.75,1149.5,1148.75,1149.25,129
2026-03-18 12:00:00+00:00,1149.25,1150.0,1149.25,1150.0,203
2026-03-18 12:05:00+00:00,1150.0,1150.25,1149.0,1149.75,218
2026-03-18 12:10:00+00:00,1149.5,1150.5,1149.25,1149.75,251
2026-03-18 12:15:00+00:00,1150.0,1151.5,1149.5,1151.5,211
2026-03-18 12:20:00+00:00,1151.75,1154.0,1151.75,1152.5,2751
2026-03-18 12:25:00+00:00,1152.75,1153.25,1152.5,1152.5,224
2026-03-18 12:30:00+00:00,1152.5,1153.5,1152.5,1153.0,305
2026-03-18 12:35:00+00:00,1152.75,1154.25,1152.5,1153.75,361
2026-03-18 12:40:00+00:00,1153.75,1155.0,1153.75,1154.75,603
2026-03-18 13:30:00+00:00,1157.0,1161.25,1156.0,1157.25,7239
2026-03-18 13:35:00+00:00,1157.0,1157.25,1153.0,1153.0,3806
2026-03-18 13:40:00+00:00,1153.0,1155.75,1152.0,1154.75,2257
2026-03-18 13:45:00+00:00,1154.5,1154.5,1151.75,1152.75,1649
2026-03-18 13:50:00+00:00,1152.75,1153.5,1152.25,1153.0,11956
2026-03-18 13:55:00+00:00,1153.0,1153.75,1151.5,1153.25,2808
2026-03-18 14:00:00+00:00,1153.25,1154.5,1152.5,1152.5,2126
2026-03-18 14:05:00+00:00,1152.25,1154.0,1151.25,1153.75,1349
2026-03-18 14:10:00+00:00,1153.75,1155.25,1153.75,1154.25,3119
2026-03-18 14:15:00+00:00,1154.25,1157.0,1154.0,1157.0,1102
2026-03-18 14:20:00+00:00,1156.75,1157.25,1155.75,1157.0,1609
2026-03-18 14:25:00+00:00,1157.0,1157.0,1156.0,1156.75,1290
2026-03-18 14:30:00+00:00,1156.5,1156.75,1154.75,1156.5,1465
2026-03-18 14:35:00+00:00,1156.5,1157.75,1156.25,1156.5,809
2026-03-18 14:40:00+00:00,1156.5,1158.5,1156.25,1157.0,1215
2026-03-18 14:45:00+00:00,1157.0,1157.5,1155.75,1157.0,1030
2026-03-18 14:50:00+00:00,1157.0,1158.0,1157.0,1157.75,743
2026-03-18 14:55:00+00:00,1157.5,1159.25,1157.5,1159.25,903
2026-03-18 15:00:00+00:00,1159.25,1159.5,1157.0,1157.75,1518
2026-03-18 15:05:00+00:00,1157.75,1158.75,1156.75,1158.75,1151
2026-03-18 15:10:00+00:00,1159.0,1160.0,1156.75,1158.0,1483
2026-03-18 15:15:00+00:00,1158.0,1158.5,1157.75,1158.5,533
2026-03-18 15:20:00+00:00,1158.5,1159.0,1158.25,1158.75,574
2026-03-18 15:25:00+00:00,1158.5,1160.25,1158.25,1160.0,1384
2026-03-18 15:30:00+00:00,1159.75,1159.75,1158.5,1159.0,1066
2026-03-18 15:35:00+00:00,1159.0,1159.25,1158.0,1158.25,638
2026-03-18 15:40:00+00:00,1158.25,1160.25,1158.25,1160.25,1036
2026-03-18 15:45:00+00:00,1160.5,1161.75,1159.75,1160.5,1244
2026-03-18 15:50:00+00:00,1160.5,1160.75,1159.75,1160.5,702
2026-03-18 15:55:00+00:00,1160.5,1160.5,1159.25,1159.5,750
2026-03-18 16:00:00+00:00,1159.25,1159.75,1158.25,1159.5,547
2026-03-18 16:05:00+00:00,1159.5,1160.5,1159.5,1159.5,407
2026-03-18 16:10:00+00:00,1159.5,1159.5,1158.0,1158.5,508
2026-03-18 16:15:00+00:00,1158.5,1159.75,1158.25,1159.0,656
2026-03-18 16:20:00+00:00,1159.0,1160.0,1158.75,1159.75,481
2026-03-18 16:25:00+00:00,1159.75,1161.25,1158.75,1161.0,696
2026-03-18 16:30:00+00:00,1161.0,1161.5,1160.5,1161.25,570
2026-03-18 16:35:00+00:00,1161.25,1161.25,1160.5,1161.0,459
2026-03-18 16:40:00+00:00,1161.0,1161.0,1160.0,1160.75,339
2026-03-18 16:45:00+00:00,1161.0,1162.0,1161.0,1161.25,3092
2026-03-18 16:50:00+00:00,1161.5,1162.75,1161.5,1161.5,667
2026-03-18 16:55:00+00:00,1161.75,1162.25,1161.0,1161.75,697
2026-03-18 17:00:00+00:00,1161.75,1162.5,1161.0,1161.25,2671
2026-03-18 17:05:00+00:00,1161.5,1162.75,1161.25,1162.5,726
2026-03-18 17:10:00+00:00,1162.25,1163.25,1162.0,1162.75,550
2026-03-18 17:15:00+00:00,1162.75,1163.75,1162.5,1163.75,711
2026-03-18 17:20:00+00:00,1164.0,1164.0,1162.75,1162.75,1612
2026-03-18 17:25:00+00:00,1162.75,1163.0,1162.0,1162.5,536
2026-03-18 17:30:00+00:00,1162.5,1164.0,1162.5,1163.5,460
2026-03-18 17:35:00+00:00,1163.75,1165.0,1163.75,1164.25,910
2026-03-18 17:40:00+00:00,1164.25,1165.25,1164.0,1164.25,765
2026-03-18 17:45:00+00:00,1164.25,1164.75,1163.5,1164.5,738
2026-03-18 17:50:00+00:00,1164.5,1164.5,1162.0,1162.25,1306
2026-03-18 17:55:00+00:00,1162.5,1162.5,1161.0,1161.25,535
2026-03-18 18:00:00+00:00,1161.25,1162.5,1160.25,1161.5,1124
2026-03-18 18:05:00+00:00,1161.75,1162.0,1160.5,1161.25,1715
2026-03-18 18:10:00+00:00,1161.25,1162.5,1160.75,1161.75,4320
2026-03-18 18:15:00+00:00,1161.5,1164.0,1161.25,1163.75,2058
2026-03-19 00:00:00+00:00,1165.0,1168.75,1162.5,1166.25,0
2026-03-19 00:05:00+00:00,1166.25,1166.25,1165.25,1166.0,255
2026-03-19 00:10:00+00:00,1166.25,1166.5,1165.5,1166.25,214
2026-03-19 00:15:00+00:00,1166.25,1166.25,1165.25,1165.75,270
2026-03-19 00:20:00+00:00,1165.5,1167.75,1165.0,1167.75,245
2026-03-19 00:25:00+00:00,1168.0,1168.5,1167.25,1167.75,282
2026-03-19 00:30:00+00:00,1168.0,1169.0,1168.0,1169.0,486
2026-03-19 00:35:00+00:00,1169.0,1170.0,1168.75,1168.75,365
2026-03-19 00:40:00+00:00,1169.0,1169.0,1167.5,1167.75,139
2026-03-19 00:45:00+00:00,1167.75,1167.75,1167.25,1167.5,79
2026-03-19 00:50:00+00:00,1167.5,1167.75,1167.0,1167.5,151
2026-03-19 00:55:00+00:00,1167.5,1168.25,1167.5,1168.0,61
2026-03-19 01:00:00+00:00,1167.75,1168.25,1166.75,1168.0,209
2026-03-19 01:05:00+00:00,1167.75,1168.5,1167.5,1167.5,155
2026-03-19 01:10:00+00:00,1167.5,1167.75,1167.0,1167.75,38
2026-03-19 01:15:00+00:00,1167.75,1168.25,1167.25,1167.5,50
2026-03-19 01:20:00+00:00,1167.5,1167.5,1166.75,1167.0,206
2026-03-19 01:25:00+00:00,1167.25,1167.5,1166.0,1167.25,265
2026-03-19 01:30:00+00:00,1167.0,1167.75,1166.75,1167.75,183
2026-03-19 01:35:00+00:00,1167.75,1168.0,1166.5,1166.75,124
2026-03-19 01:40:00+00:00,1166.5,1166.75,1166.5,1166.5,94
2026-03-19 01:45:00+00:00,1166.5,1167.5,1166.0,1167.0,371
2026-03-19 01:50:00+00:00,1167.0,1167.0,1166.5,1167.0,125
2026-03-19 01:55:00+00:00,1167.0,1167.75,1166.75,1167.75,141
2026-03-19 02:00:00+00:00,1167.75,1168.0,1167.5,1168.0,95
2026-03-19 02:05:00+00:00,1167.75,1168.0,1166.75,1167.0,70
2026-03-19 02:10:00+00:00,1167.0,1167.0,1164.5,1164.75,280
2026-03-19 02:15:00+00:00,1164.75,1165.0,1164.0,1164.0,110
2026-03-19 02:20:00+00:00,1164.0,1164.5,1163.5,1163.75,163
2026-03-19 02:25:00+00:00,1163.75,1164.25,1163.5,1164.25,144
2026-03-19 02:30:00+00:00,1164.25,1164.25,1161.5,1161.5,412
2026-03-19 02:35:00+00:00,1161.5,1162.5,1161.25,1161.75,202
2026-03-19 02:40:00+00:00,1161.5,1161.5,1160.75,1161.5,276
2026-03-19 02:45:00+00:00,1161.25,1161.75,1161.0,1161.5,110
2026-03-19 02:50:00+00:00,1162.0,1162.0,1161.0,1161.25,41
2026-03-19 02:55:00+00:00,1161.25,1161.25,1160.5,1161.0,110
2026-03-19 03:00:00+00:00,1161.0,1161.25,1160.75,1160.75,28
2026-03-19 03:05:00+00:00,1161.0,1162.0,1161.0,1161.75,182
2026-03-19 03:10:00+00:00,1162.0,1162.0,1160.5,1161.0,49
2026-03-19 03:15:00+00:00,1160.75,1161.25,1160.75,1160.75,36
2026-03-19 03:20:00+00:00,1160.5,1160.75,1160.25,1160.75,90
2026-03-19 03:25:00+00:00,1160.5,1160.75,1160.25,1160.75,22
2026-03-19 03:30:00+00:00,1160.75,1161.25,1160.5,1161.25,61
2026-03-19 03:35:00+00:00,1161.25,1161.25,1160.25,1160.25,26
2026-03-19 03:40:00+00:00,1160.75,1160.75,1160.5,1160.75,3
2026-03-19 03:45:00+00:00,1160.75,1160.75,1160.75,1160.75,5
2026-03-19 03:50:00+00:00,1160.75,1160.75,1160.0,1160.0,34
2026-03-19 03:55:00+00:00,1160.0,1160.5,1160.0,1160.0,11
2026-03-19 04:00:00+00:00,1160.0,1160.5,1159.5,1160.5,124
2026-03-19 04:05:00+00:00,1160.75,1160.75,1160.75,1160.75,1
2026-03-19 04:10:00+00:00,1160.75,1160.75,1160.25,1160.5,24
2026-03-19 04:15:00+00:00,1160.5,1160.5,1160.0,1160.0,16
2026-03-19 04:20:00+00:00,1160.0,1160.25,1160.0,1160.25,12
2026-03-19 04:25:00+00:00,1160.25,1160.25,1160.25,1160.25,1
2026-03-19 04:30:00+00:00,1160.0,1160.0,1159.75,1159.75,18
2026-03-19 04:35:00+00:00,1160.0,1160.0,1159.25,1159.25,35
2026-03-19 04:40:00+00:00,1159.25,1159.5,1159.25,1159.5,5
2026-03-19 04:45:00+00:00,1159.25,1159.75,1159.25,1159.5,35
2026-03-19 04:50:00+00:00,1159.5,1160.0,1159.5,1160.0,18
2026-03-19 04:55:00+00:00,1160.0,1160.0,1159.5,1159.5,17
2026-03-19 05:00:00+00:00,1159.5,1159.75,1159.5,1159.5,58
2026-03-19 05:10:00+00:00,1159.5,1159.75,1159.25,1159.25,71
2026-03-19 05:15:00+00:00,1159.25,1159.25,1159.0,1159.25,81
2026-03-19 05:20:00+00:00,1159.5,1159.75,1159.5,1159.75,17
2026-03-19 05:25:00+00:00,1159.75,1160.25,1159.5,1159.75,139
2026-03-19 05:30:00+00:00,1159.5,1160.25,1157.25,1158.0,773
2026-03-19 05:35:00+00:00,1157.75,1157.75,1157.0,1157.75,680
2026-03-19 05:40:00+00:00,1157.75,1158.25,1157.0,1157.75,103
2026-03-19 05:45:00+00:00,1157.5,1158.0,1157.25,1157.25,82
2026-03-19 05:50:00+00:00,1157.25,1158.0,1157.25,1157.25,67
2026-03-19 05:55:00+00:00,1157.5,1158.0,1157.0,1157.75,136
2026-03-19 06:00:00+00:00,1157.75,1158.75,1157.75,1158.75,99
2026-03-19 06:05:00+00:00,1158.25,1158.75,1158.25,1158.5,62
2026-03-19 06:10:00+00:00,1158.5,1158.5,1158.25,1158.25,7
2026-03-19 06:15:00+00:00,1158.25,1159.0,1158.25,1158.75,29
2026-03-19 06:20:00+00:00,1158.5,1158.75,1158.25,1158.25,51
2026-03-19 06:25:00+00:00,1158.25,1159.75,1158.25,1159.25,65
2026-03-19 06:30:00+00:00,1159.5,1159.75,1159.25,1159.25,32
2026-03-19 06:35:00+00:00,1159.25,1160.0,1159.0,1159.75,155
2026-03-19 06:40:00+00:00,1159.75,1160.0,1159.25,1159.25,29
2026-03-19 06:45:00+00:00,1159.25,1160.0,1159.0,1159.5,172
2026-03-19 06:50:00+00:00,1159.5,1159.5,1159.0,1159.0,85
2026-03-19 06:55:00+00:00,1159.25,1160.75,1159.25,1160.5,63
2026-03-19 07:00:00+00:00,1160.5,1161.5,1160.0,1161.5,139
2026-03-19 07:05:00+00:00,1161.5,1162.5,1161.25,1162.0,81
2026-03-19 07:10:00+00:00,1161.75,1161.75,1161.5,1161.75,46
2026-03-19 07:15:00+00:00,1161.5,1162.0,1160.75,1161.0,108
2026-03-19 07:20:00+00:00,1161.0,1161.0,1160.0,1160.0,59
2026-03-19 07:25:00+00:00,1160.25,1160.5,1159.75,1160.5,25
2026-03-19 07:30:00+00:00,1160.75,1161.25,1160.5,1161.25,45
2026-03-19 07:35:00+00:00,1161.25,1161.5,1161.0,1161.25,45
2026-03-19 07:40:00+00:00,1161.5,1161.5,1161.25,1161.25,19
2026-03-19 07:45:00+00:00,1161.25,1161.5,1160.75,1161.25,42
2026-03-19 07:50:00+00:00,1161.5,1161.75,1160.75,1161.5,132
2026-03-19 07:55:00+00:00,1161.5,1162.0,1161.25,1162.0,66
2026-03-19 08:00:00+00:00,1161.75,1162.0,1161.25,1161.75,290
2026-03-19 08:05:00+00:00,1161.75,1163.0,1161.75,1162.25,107
2026-03-19 08:10:00+00:00,1162.75,1163.25,1162.25,1162.25,64
2026-03-19 08:15:00+00:00,1162.5,1162.75,1162.25,1162.75,100
2026-03-19 08:20:00+00:00,1163.0,1164.0,1162.75,1164.0,100
2026-03-19 08:25:00+00:00,1164.0,1165.25,1163.75,1165.25,259
2026-03-19 08:30:00+00:00,1165.25,1166.5,1165.25,1166.0,210
2026-03-19 08:35:00+00:00,1166.0,1166.75,1166.0,1166.5,120
2026-03-19 08:40:00+00:00,1166.5,1166.75,1165.5,1165.75,226
2026-03-19 08:45:00+00:00,1166.25,1167.25,1166.0,1167.0,239
2026-03-19 08:50:00+00:00,1167.0,1167.25,1165.0,1165.75,480
2026-03-19 08:55:00+00:00,1165.75,1167.25,1165.75,1166.75,189
2026-03-19 09:00:00+00:00,1166.5,1166.75,1166.0,1166.5,114
2026-03-19 09:05:00+00:00,1166.0,1167.0,1166.0,1166.75,69
2026-03-19 09:10:00+00:00,1167.0,1167.25,1166.75,1167.0,105
2026-03-19 09:15:00+00:00,1166.75,1166.75,1166.25,1166.5,62
2026-03-19 09:20:00+00:00,1166.5,1167.5,1166.5,1167.5,73
2026-03-19 09:25:00+00:00,1167.5,1169.5,1167.25,1168.5,734
2026-03-19 09:30:00+00:00,1168.25,1169.25,1167.5,1168.5,289
2026-03-19 09:35:00+00:00,1168.25,1168.75,1168.0,1168.0,200
2026-03-19 09:40:00+00:00,1168.0,1168.25,1167.0,1167.5,196
2026-03-19 09:45:00+00:00,1167.25,1167.5,1166.75,1166.75,440
2026-03-19 09:50:00+00:00,1166.5,1167.5,1166.25,1167.25,339
2026-03-19 09:55:00+00:00,1167.25,1167.5,1166.0,1166.5,350
2026-03-19 10:00:00+00:00,1166.5,1166.75,1166.0,1166.5,70
2026-03-19 10:05:00+00:00,1166.5,1166.5,1165.75,1166.25,102
2026-03-19 10:10:00+00:00,1166.5,1168.5,1165.5,1168.25,531
2026-03-19 10:15:00+00:00,1167.75,1168.5,1167.75,1167.75,28
2026-03-19 10:20:00+00:00,1167.75,1168.0,1166.75,1166.75,57
2026-03-19 10:25:00+00:00,1167.0,1167.25,1166.75,1166.75,37
2026-03-19 10:30:00+00:00,1167.0,1167.0,1166.5,1166.75,29
2026-03-19 10:35:00+00:00,1166.5,1166.75,1166.0,1166.5,108
2026-03-19 10:40:00+00:00,1166.5,1166.75,1166.0,1166.0,65
2026-03-19 10:45:00+00:00,1165.75,1166.0,1165.5,1166.0,48
2026-03-19 10:50:00+00:00,1166.0,1166.75,1166.0,1166.5,72
2026-03-19 10:55:00+00:00,1166.5,1166.75,1166.25,1166.5,28
2026-03-19 11:00:00+00:00,1166.25,1166.75,1166.0,1166.75,115
2026-03-19 11:05:00+00:00,1166.75,1167.25,1166.75,1167.25,47
2026-03-19 11:10:00+00:00,1167.5,1167.5,1166.75,1166.75,31
2026-03-19 11:15:00+00:00,1166.5,1166.75,1166.0,1166.0,68
2026-03-19 11:20:00+00:00,1166.0,1166.0,1164.5,1164.75,262
2026-03-19 11:25:00+00:00,1164.75,1165.5,1164.5,1165.5,189
2026-03-19 11:30:00+00:00,1165.25,1166.5,1165.25,1166.25,114
2026-03-19 11:35:00+00:00,1166.25,1167.75,1166.0,1167.5,167
2026-03-19 11:40:00+00:00,1167.5,1167.5,1166.25,1166.75,143
2026-03-19 11:45:00+00:00,1167.0,1167.0,1166.0,1166.75,63
2026-03-19 11:50:00+00:00,1166.75,1167.0,1166.75,1166.75,70
2026-03-19 11:55:00+00:00,1167.0,1167.5,1166.0,1166.0,150
2026-03-19 12:00:00+00:00,1165.75,1165.75,1163.0,1163.25,315
2026-03-19 12:05:00+00:00,1163.25,1164.5,1163.25,1164.25,176
2026-03-19 12:10:00+00:00,1164.0,1164.25,1163.5,1164.0,115
2026-03-19 12:15:00+00:00,1164.0,1164.75,1163.5,1164.75,146
2026-03-19 12:20:00+00:00,1164.75,1164.75,1162.25,1163.0,420
2026-03-19 12:25:00+00:00,1162.5,1163.25,1162.25,1162.75,281
2026-03-19 12:30:00+00:00,1162.75,1163.25,1160.0,1161.5,407
2026-03-19 12:35:00+00:00,1161.5,1163.0,1161.0,1162.5,188
2026-03-19 12:40:00+00:00,1162.5,1164.25,1162.5,1163.75,433
2026-03-19 13:30:00+00:00,1163.0,1164.25,1160.0,1162.5,5547
2026-03-19 13:35:00+00:00,1162.5,1163.5,1160.75,1160.75,2275
2026-03-19 13:40:00+00:00,1160.75,1163.5,1160.25,1163.0,3052
2026-03-19 13:45:00+00:00,1162.75,1163.75,1161.25,1162.0,3111
2026-03-19 13:50:00+00:00,1162.25,1162.25,1160.25,1161.5,994
2026-03-19 13:55:00+00:00,1161.25,1163.5,1161.0,1163.25,1407
2026-03-19 14:00:00+00:00,1163.0,1165.25,1163.0,1164.75,1673
2026-03-19 14:05:00+00:00,1164.75,1164.75,1162.5,1163.5,1107
2026-03-19 14:10:00+00:00,1163.5,1164.25,1163.25,1163.25,1141
2026-03-19 14:15:00+00:00,1163.25,1163.5,1161.0,1161.5,8150
2026-03-19 14:20:00+00:00,1161.5,1164.5,1161.25,1162.75,1362
2026-03-19 14:25:00+00:00,1162.75,1163.25,1162.25,1163.25,831
2026-03-19 14:30:00+00:00,1163.0,1163.0,1161.5,1162.25,2069
2026-03-19 14:35:00+00:00,1162.5,1165.0,1162.5,1163.0,1274
2026-03-19 14:40:00+00:00,1162.75,1164.75,1162.75,1163.25,1043
2026-03-19 14:45:00+00:00,1163.25,1165.25,1163.25,1164.25,797
2026-03-19 14:50:00+00:00,1164.25,1164.75,1163.25,1164.25,1565
2026-03-19 14:55:00+00:00,1164.25,1166.0,1164.25,1165.0,1232
2026-03-19 15:00:00+00:00,1165.0,1165.0,1163.5,1163.75,778
2026-03-19 15:05:00+00:00,1163.75,1164.25,1163.5,1164.0,658
2026-03-19 15:10:00+00:00,1164.0,1164.25,1163.25,1164.25,501
2026-03-19 15:15:00+00:00,1164.25,1165.75,1164.25,1165.75,508
2026-03-19 15:20:00+00:00,1165.75,1166.5,1164.5,1165.25,1214
2026-03-19 15:25:00+00:00,1165.25,1165.25,1164.0,1164.25,758
2026-03-19 15:30:00+00:00,1164.0,1164.0,1162.25,1163.25,802
2026-03-19 15:35:00+00:00,1163.25,1163.5,1162.0,1163.25,787
2026-03-19 15:40:00+00:00,1163.25,1164.25,1160.75,1161.5,3775
2026-03-19 15:45:00+00:00,1161.5,1165.0,1161.25,1164.25,1034
2026-03-19 15:50:00+00:00,1164.25,1166.25,1164.25,1165.25,1207
2026-03-19 15:55:00+00:00,1165.5,1165.5,1163.5,1163.5,787
2026-03-19 16:00:00+00:00,1163.5,1164.25,1161.5,1161.75,1034
2026-03-19 16:05:00+00:00,1161.5,1163.5,1161.0,1163.0,1163
2026-03-19 16:10:00+00:00,1163.25,1166.25,1162.75,1163.75,1911
2026-03-19 16:15:00+00:00,1164.0,1164.75,1161.75,1164.0,797
2026-03-19 16:20:00+00:00,1164.0,1166.5,1164.0,1165.5,481
2026-03-19 16:25:00+00:00,1165.75,1166.5,1165.5,1166.25,638
2026-03-19 16:30:00+00:00,1166.0,1167.5,1165.5,1167.25,1079
2026-03-19 16:35:00+00:00,1167.25,1167.75,1166.75,1167.5,600
2026-03-19 16:40:00+00:00,1167.5,1168.25,1167.25,1167.75,608
2026-03-19 16:45:00+00:00,1167.5,1168.25,1167.0,1167.5,564
2026-03-19 16:50:00+00:00,1167.5,1168.0,1166.75,1167.0,476
2026-03-19 16:55:00+00:00,1167.0,1168.75,1166.75,1168.5,3956
2026-03-19 17:00:00+00:00,1168.5,1171.25,1168.5,1170.5,1467
2026-03-19 17:05:00+00:00,1170.5,1173.0,1170.0,1171.25,5455
2026-03-19 17:10:00+00:00,1171.5,1173.25,1171.25,1173.0,920
2026-03-19 17:15:00+00:00,1173.0,1173.5,1171.5,1172.0,1850
2026-03-19 17:20:00+00:00,1172.0,1172.0,1169.25,1170.25,1829
2026-03-19 17:25:00+00:00,1170.25,1170.75,1169.25,1169.75,762
2026-03-19 17:30:00+00:00,1170.0,1170.75,1168.75,1169.75,1434
2026-03-19 17:35:00+00:00,1169.5,1170.75,1169.5,1170.0,705
2026-03-19 17:40:00+00:00,1170.0,1170.5,1169.25,1169.25,572
2026-03-19 17:45:00+00:00,1169.25,1169.5,1168.25,1168.25,762
2026-03-19 17:50:00+00:00,1168.5,1169.0,1167.5,1168.75,680
2026-03-19 17:55:00+00:00,1169.0,1169.0,1167.25,1167.5,449
2026-03-19 18:00:00+00:00,1167.5,1168.5,1167.25,1167.75,971
2026-03-19 18:05:00+00:00,1168.0,1168.25,1166.75,1167.0,888
2026-03-19 18:10:00+00:00,1166.75,1168.75,1166.75,1168.75,3936
2026-03-19 18:15:00+00:00,1168.75,1168.75,1166.75,1168.5,2029
2026-03-20 00:00:00+00:00,1166.0,1168.25,1165.0,1167.5,0
2026-03-20 00:05:00+00:00,1167.5,1167.75,1166.25,1167.0,172
2026-03-20 00:10:00+00:00,1167.0,1168.0,1167.0,1168.0,41
2026-03-20 00:15:00+00:00,1167.75,1168.25,1167.75,1168.25,74
2026-03-20 00:20:00+00:00,1168.0,1170.0,1168.0,1170.0,338
2026-03-20 00:25:00+00:00,1170.0,1170.5,1169.5,1169.75,1185
2026-03-20 00:30:00+00:00,1169.75,1171.0,1169.75,1171.0,83
2026-03-20 00:35:00+00:00,1171.0,1172.5,1171.0,1172.25,361
2026-03-20 00:40:00+00:00,1172.5,1173.5,1171.75,1173.5,667
2026-03-20 00:45:00+00:00,1173.5,1173.75,1172.25,1172.75,151
2026-03-20 00:50:00+00:00,1172.75,1173.5,1172.75,1173.5,150
2026-03-20 00:55:00+00:00,1173.5,1173.75,1172.25,1172.75,177
2026-03-20 01:00:00+00:00,1172.5,1172.5,1170.5,1171.25,478
2026-03-20 01:05:00+00:00,1171.0,1171.0,1169.5,1170.25,91
2026-03-20 01:10:00+00:00,1170.75,1170.75,1168.75,1168.75,187
2026-03-20 01:15:00+00:00,1168.75,1169.0,1166.75,1166.75,268
2026-03-20 01:20:00+00:00,1166.5,1167.0,1165.75,1166.0,209
2026-03-20 01:25:00+00:00,1166.0,1166.5,1165.75,1166.25,52
2026-03-20 01:30:00+00:00,1166.25,1166.75,1166.0,1166.75,73
2026-03-20 01:35:00+00:00,1166.5,1167.0,1166.25,1166.75,56
2026-03-20 01:40:00+00:00,1167.0,1167.0,1166.5,1167.0,167
2026-03-20 01:45:00+00:00,1167.0,1167.75,1166.75,1166.75,95
2026-03-20 01:50:00+00:00,1166.75,1167.5,1166.5,1167.5,50
2026-03-20 01:55:00+00:00,1167.25,1168.0,1167.25,1167.75,63
2026-03-20 02:00:00+00:00,1167.75,1168.5,1167.5,1167.5,61
2026-03-20 02:05:00+00:00,1167.25,1167.5,1166.75,1167.5,67
2026-03-20 02:10:00+00:00,1167.5,1167.75,1167.5,1167.75,9
2026-03-20 02:15:00+00:00,1167.75,1168.25,1167.75,1168.25,330
2026-03-20 02:20:00+00:00,1168.25,1168.5,1168.25,1168.5,17
2026-03-20 02:25:00+00:00,1168.25,1168.25,1168.0,1168.0,3
2026-03-20 02:30:00+00:00,1168.5,1168.75,1168.25,1168.75,13
2026-03-20 02:35:00+00:00,1169.0,1169.5,1169.0,1169.0,155
2026-03-20 02:40:00+00:00,1169.0,1169.0,1169.0,1169.0,6
2026-03-20 02:45:00+00:00,1169.0,1169.75,1168.5,1169.5,20
2026-03-20 02:50:00+00:00,1170.0,1170.25,1169.75,1170.0,34
2026-03-20 02:55:00+00:00,1169.75,1170.25,1169.5,1170.0,46
2026-03-20 03:00:00+00:00,1170.25,1171.25,1170.25,1171.0,87
2026-03-20 03:05:00+00:00,1171.0,1171.25,1171.0,1171.0,8
2026-03-20 03:10:00+00:00,1171.0,1171.0,1170.25,1170.5,40
2026-03-20 03:15:00+00:00,1170.5,1171.0,1170.25,1171.0,32
2026-03-20 03:20:00+00:00,1171.25,1172.5,1171.25,1172.25,77
2026-03-20 03:25:00+00:00,1172.25,1173.5,1172.25,1173.25,150
2026-03-20 03:30:00+00:00,1173.5,1173.5,1172.25,1172.75,80
2026-03-20 03:35:00+00:00,1172.5,1172.75,1171.75,1171.75,50
2026-03-20 03:40:00+00:00,1171.75,1172.5,1171.75,1172.5,45
2026-03-20 03:45:00+00:00,1172.75,1173.0,1172.5,1172.5,23
2026-03-20 03:50:00+00:00,1172.25,1172.75,1172.25,1172.75,7
2026-03-20 03:55:00+00:00,1172.75,1172.75,1172.5,1172.75,20
2026-03-20 04:00:00+00:00,1172.75,1172.75,1172.5,1172.5,9
2026-03-20 04:05:00+00:00,1172.25,1172.25,1172.25,1172.25,17
2026-03-20 04:10:00+00:00,1172.25,1172.5,1172.25,1172.5,4
2026-03-20 04:15:00+00:00,1172.5,1172.75,1172.5,1172.75,2
2026-03-20 04:20:00+00:00,1172.5,1172.5,1172.0,1172.25,25
2026-03-20 04:25:00+00:00,1172.25,1172.75,1172.25,1172.75,7
2026-03-20 04:30:00+00:00,1172.75,1172.75,1172.75,1172.75,5
2026-03-20 04:35:00+00:00,1172.5,1173.0,1172.5,1172.75,110
2026-03-20 04:40:00+00:00,1172.75,1173.0,1172.75,1172.75,17
2026-03-20 04:45:00+00:00,1172.75,1172.75,1172.75,1172.75,1
2026-03-20 04:50:00+00:00,1173.0,1173.25,1173.0,1173.25,6
2026-03-20 04:55:00+00:00,1173.5,1173.5,1173.25,1173.25,20
2026-03-20 05:00:00+00:00,1173.25,1173.25,1172.5,1172.5,51
2026-03-20 05:05:00+00:00,1172.5,1172.5,1172.0,1172.25,13
2026-03-20 05:10:00+00:00,1172.25,1172.5,1172.25,1172.5,20
2026-03-20 05:15:00+00:00,1172.5,1172.75,1172.5,1172.5,11
2026-03-20 05:20:00+00:00,1172.5,1172.75,1172.5,1172.75,3
2026-03-20 05:25:00+00:00,1172.75,1174.0,1172.75,1173.75,145
2026-03-20 05:30:00+00:00,1173.5,1174.5,1173.5,1173.75,97
2026-03-20 05:35:00+00:00,1173.75,1173.75,1173.75,1173.75,9
2026-03-20 05:40:00+00:00,1173.75,1173.75,1173.25,1173.25,28
2026-03-20 05:45:00+00:00,1173.0,1173.0,1172.5,1172.75,50
2026-03-20 05:50:00+00:00,1172.75,1173.5,1172.75,1173.25,20
2026-03-20 05:55:00+00:00,1173.25,1173.75,1173.0,1173.75,73
2026-03-20 06:00:00+00:00,1173.75,1174.5,1173.75,1174.5,209
2026-03-20 06:05:00+00:00,1174.5,1174.5,1174.5,1174.5,52
2026-03-20 06:10:00+00:00,1174.5,1175.25,1174.0,1174.5,226
2026-03-20 06:15:00+00:00,1174.75,1174.75,1174.25,1174.25,41
2026-03-20 06:20:00+00:00,1174.0,1174.0,1173.25,1173.5,92
2026-03-20 06:25:00+00:00,1173.5,1174.0,1173.0,1173.5,253
2026-03-20 06:30:00+00:00,1173.5,1173.5,1172.5,1173.25,184
2026-03-20 06:35:00+00:00,1173.25,1173.25,1173.0,1173.0,15
2026-03-20 06:40:00+00:00,1172.75,1172.75,1172.25,1172.5,117
2026-03-20 06:45:00+00:00,1172.75,1172.75,1172.5,1172.5,47
2026-03-20 06:50:00+00:00,1172.75,1172.75,1172.5,1172.75,13
2026-03-20 06:55:00+00:00,1173.0,1173.5,1172.75,1173.0,97
2026-03-20 07:00:00+00:00,1173.25,1173.75,1173.0,1173.25,109
2026-03-20 07:05:00+00:00,1173.25,1173.75,1173.25,1173.75,51
2026-03-20 07:10:00+00:00,1173.75,1174.5,1173.75,1174.25,76
2026-03-20 07:15:00+00:00,1174.25,1174.25,1174.25,1174.25,13
2026-03-20 07:20:00+00:00,1174.25,1174.5,1174.0,1174.5,54
2026-03-20 07:25:00+00:00,1174.5,1175.0,1174.25,1175.0,76
2026-03-20 07:30:00+00:00,1175.0,1175.0,1174.25,1174.25,56
2026-03-20 07:35:00+00:00,1174.25,1174.5,1174.25,1174.5,10
2026-03-20 07:40:00+00:00,1174.5,1174.5,1174.25,1174.25,20
2026-03-20 07:45:00+00:00,1174.0,1174.5,1174.0,1174.25,37
2026-03-20 07:50:00+00:00,1174.5,1174.5,1174.5,1174.5,4
2026-03-20 07:55:00+00:00,1175.0,1175.25,1175.0,1175.25,58
2026-03-20 08:00:00+00:00,1175.25,1175.5,1175.0,1175.0,135
2026-03-20 08:05:00+00:00,1175.0,1175.5,1175.0,1175.25,26
2026-03-20 08:10:00+00:00,1175.25,1175.5,1175.25,1175.5,51
2026-03-20 08:15:00+00:00,1175.75,1176.0,1175.5,1175.75,87
2026-03-20 08:20:00+00:00,1176.0,1176.0,1175.25,1175.5,59
2026-03-20 08:25:00+00:00,1175.5,1175.75,1175.5,1175.5,73
2026-03-20 08:30:00+00:00,1175.25,1175.5,1174.25,1174.25,95
2026-03-20 08:35:00+00:00,1174.0,1174.0,1173.25,1173.25,273
2026-03-20 08:40:00+00:00,1173.5,1174.25,1173.25,1174.25,92
2026-03-20 08:45:00+00:00,1174.0,1174.75,1174.0,1174.25,48
2026-03-20 08:50:00+00:00,1174.25,1174.5,1174.25,1174.25,11
2026-03-20 08:55:00+00:00,1174.25,1174.75,1174.25,1174.5,12
2026-03-20 09:00:00+00:00,1174.0,1174.25,1173.5,1173.75,46
2026-03-20 09:05:00+00:00,1173.75,1173.75,1173.0,1173.75,64
2026-03-20 09:10:00+00:00,1173.5,1174.25,1173.5,1174.25,24
2026-03-20 09:15:00+00:00,1174.0,1174.5,1173.5,1173.5,34
2026-03-20 09:20:00+00:00,1173.5,1173.5,1172.25,1172.5,126
2026-03-20 09:25:00+00:00,1172.75,1173.0,1172.5,1172.75,91
2026-03-20 09:30:00+00:00,1172.75,1172.75,1172.0,1172.25,273
2026-03-20 09:35:00+00:00,1172.0,1172.5,1171.25,1172.25,381
2026-03-20 09:40:00+00:00,1172.5,1172.75,1172.5,1172.75,49
2026-03-20 09:45:00+00:00,1173.0,1173.25,1172.25,1172.5,118
2026-03-20 09:50:00+00:00,1172.25,1172.5,1172.0,1172.25,47
2026-03-20 09:55:00+00:00,1172.0,1172.25,1171.75,1172.0,46
2026-03-20 10:00:00+00:00,1172.25,1172.75,1172.25,1172.5,18
2026-03-20 10:05:00+00:00,1172.5,1173.25,1172.5,1173.0,50
2026-03-20 10:10:00+00:00,1173.0,1173.0,1172.5,1173.0,178
2026-03-20 10:15:00+00:00,1172.75,1172.75,1172.25,1172.5,24
2026-03-20 10:20:00+00:00,1172.75,1173.0,1172.5,1172.5,21
2026-03-20 10:25:00+00:00,1172.5,1172.5,1172.0,1172.0,15
2026-03-20 10:30:00+00:00,1171.75,1171.75,1171.25,1171.25,44
2026-03-20 10:35:00+00:00,1171.5,1172.0,1171.25,1171.75,137
2026-03-20 10:40:00+00:00,1171.75,1171.75,1170.25,1170.25,70
2026-03-20 10:45:00+00:00,1170.25,1170.75,1170.25,1170.75,23
2026-03-20 10:50:00+00:00,1170.75,1171.0,1170.5,1170.75,116
2026-03-20 10:55:00+00:00,1170.75,1171.0,1169.75,1170.0,205
2026-03-20 11:00:00+00:00,1169.75,1170.0,1169.25,1170.0,78
2026-03-20 11:05:00+00:00,1170.0,1170.0,1169.5,1169.75,137
2026-03-20 11:10:00+00:00,1169.75,1169.75,1169.25,1169.5,18
2026-03-20 11:15:00+00:00,1169.5,1169.5,1169.25,1169.25,367
2026-03-20 11:20:00+00:00,1169.5,1169.75,1168.75,1168.75,92
2026-03-20 11:25:00+00:00,1169.0,1169.5,1169.0,1169.0,56
2026-03-20 11:30:00+00:00,1169.0,1169.0,1168.5,1168.75,82
2026-03-20 11:35:00+00:00,1168.5,1169.25,1168.25,1169.25,222
2026-03-20 11:40:00+00:00,1169.25,1170.5,1169.25,1170.25,292
2026-03-20 11:45:00+00:00,1170.25,1170.75,1169.75,1169.75,147
2026-03-20 11:50:00+00:00,1169.5,1169.75,1169.0,1169.25,200
2026-03-20 11:55:00+00:00,1169.25,1169.75,1169.0,1169.0,87
2026-03-20 12:00:00+00:00,1169.25,1169.75,1168.0,1169.25,322
2026-03-20 12:05:00+00:00,1169.25,1170.75,1169.25,1170.5,287
2026-03-20 12:10:00+00:00,1170.5,1170.75,1169.5,1170.0,157
2026-03-20 12:15:00+00:00,1169.75,1170.25,1169.25,1170.25,176
2026-03-20 12:20:00+00:00,1170.0,1171.25,1170.0,1171.25,307
2026-03-20 12:25:00+00:00,1171.25,1171.25,1170.0,1170.25,193
2026-03-20 12:30:00+00:00,1170.0,1170.0,1168.75,1169.0,251
2026-03-20 12:35:00+00:00,1168.75,1168.75,1167.0,1168.5,582
2026-03-20 12:40:00+00:00,1168.5,1168.75,1167.75,1168.25,192
2026-03-20 13:30:00+00:00,1169.0,1169.25,1165.25,1168.75,3835
2026-03-20 13:35:00+00:00,1168.5,1171.5,1168.25,1171.0,2427
2026-03-20 13:40:00+00:00,1171.0,1172.75,1170.5,1172.5,1484
2026-03-20 13:45:00+00:00,1172.25,1174.25,1171.25,1172.0,2291
2026-03-20 13:50:00+00:00,1171.75,1172.75,1169.25,1169.25,6193
2026-03-20 13:55:00+00:00,1169.25,1170.5,1169.25,1170.0,1457
2026-03-20 14:00:00+00:00,1169.75,1171.25,1168.0,1170.5,3549
2026-03-20 14:05:00+00:00,1170.5,1170.5,1166.25,1167.0,1264
2026-03-20 14:10:00+00:00,1167.0,1167.5,1165.25,1166.25,1065
2026-03-20 14:15:00+00:00,1166.0,1167.75,1164.5,1165.25,1902
2026-03-20 14:20:00+00:00,1165.25,1165.25,1163.5,1163.5,1013
2026-03-20 14:25:00+00:00,1163.75,1164.75,1162.5,1162.75,1184
2026-03-20 14:30:00+00:00,1162.75,1165.5,1162.75,1164.75,2201
2026-03-20 14:35:00+00:00,1164.75,1166.0,1164.5,1165.75,746
2026-03-20 14:40:00+00:00,1165.75,1166.5,1164.25,1164.5,1597
2026-03-20 14:45:00+00:00,1164.75,1166.0,1164.25,1164.75,794
2026-03-20 14:50:00+00:00,1165.0,1166.0,1164.25,1164.25,948
2026-03-20 14:55:00+00:00,1164.0,1166.0,1164.0,1165.75,1189
2026-03-20 15:00:00+00:00,1166.0,1166.75,1165.0,1165.25,621
2026-03-20 15:05:00+00:00,1165.25,1165.75,1164.25,1164.75,827
2026-03-20 15:10:00+00:00,1165.0,1165.0,1163.75,1164.0,591
2026-03-20 15:15:00+00:00,1163.75,1164.75,1163.5,1164.0,644
2026-03-20 15:20:00+00:00,1164.0,1164.25,1162.75,1163.0,909
2026-03-20 15:25:00+00:00,1163.25,1164.0,1163.0,1163.75,636
2026-03-20 15:30:00+00:00,1163.75,1164.25,1163.0,1163.25,781
2026-03-20 15:35:00+00:00,1163.25,1164.25,1162.75,1163.5,721
2026-03-20 15:40:00+00:00,1163.5,1164.25,1163.25,1163.25,458
2026-03-20 15:45:00+00:00,1163.25,1164.25,1163.25,1164.25,506
2026-03-20 15:50:00+00:00,1164.0,1164.25,1163.0,1163.25,391
2026-03-20 15:55:00+00:00,1163.25,1163.25,1163.0,1163.25,435
2026-03-20 16:00:00+00:00,1163.25,1163.75,1162.0,1162.0,1000
2026-03-20 16:05:00+00:00,1162.25,1163.25,1162.0,1163.0,564
2026-03-20 16:10:00+00:00,1163.0,1163.0,1161.5,1161.75,721
2026-03-20 16:15:00+00:00,1161.5,1163.75,1161.5,1163.5,546
2026-03-20 16:20:00+00:00,1163.25,1163.5,1162.25,1162.5,329
2026-03-20 16:25:00+00:00,1162.5,1162.75,1161.25,1161.75,465
2026-03-20 16:30:00+00:00,1161.75,1162.0,1161.5,1161.75,797
2026-03-20 16:35:00+00:00,1161.75,1163.25,1161.75,1163.0,794
2026-03-20 16:40:00+00:00,1163.25,1164.0,1163.25,1163.75,689
2026-03-20 16:45:00+00:00,1163.75,1164.0,1162.25,1164.0,1546
2026-03-20 16:50:00+00:00,1164.0,1164.75,1163.0,1163.0,454
2026-03-20 16:55:00+00:00,1163.0,1163.25,1161.75,1161.75,403
2026-03-20 17:00:00+00:00,1162.0,1162.0,1160.75,1161.0,630
2026-03-20 17:05:00+00:00,1160.75,1162.75,1160.25,1162.25,897
2026-03-20 17:10:00+00:00,1162.25,1162.5,1161.75,1162.0,448
2026-03-20 17:15:00+00:00,1162.25,1162.25,1161.25,1162.0,521
2026-03-20 17:20:00+00:00,1162.0,1162.0,1160.5,1160.5,393
2026-03-20 17:25:00+00:00,1160.5,1161.0,1160.25,1160.25,1104
2026-03-20 17:30:00+00:00,1160.25,1160.75,1159.5,1160.0,1073
2026-03-20 17:35:00+00:00,1160.0,1160.75,1159.75,1160.0,419
2026-03-20 17:40:00+00:00,1160.25,1160.75,1160.0,1160.75,527
2026-03-20 17:45:00+00:00,1160.75,1161.0,1160.25,1160.5,331
2026-03-20 17:50:00+00:00,1160.5,1160.75,1160.0,1160.25,793
2026-03-20 17:55:00+00:00,1160.25,1160.75,1160.0,1160.25,738
2026-03-20 18:00:00+00:00,1160.5,1161.25,1160.0,1160.25,1143
2026-03-20 18:05:00+00:00,1160.25,1160.5,1159.75,1160.0,1055
2026-03-20 18:10:00+00:00,1160.25,1162.0,1159.75,1160.75,5119
2026-03-20 18:15:00+00:00,1160.75,1161.5,1160.25,1160.5,1366
2026-03-23 00:00:00+00:00,1160.0,1160.25,1155.25,1157.75,653
2026-03-23 00:05:00+00:00,1158.0,1158.25,1156.25,1157.25,908
2026-03-23 00:10:00+00:00,1157.25,1158.0,1156.75,1158.0,113
2026-03-23 00:15:00+00:00,1157.75,1158.75,1157.5,1158.75,131
2026-03-23 00:20:00+00:00,1158.75,1159.0,1158.25,1158.5,139
2026-03-23 00:25:00+00:00,1158.5,1159.0,1158.0,1158.0,66
2026-03-23 00:30:00+00:00,1158.25,1158.75,1158.0,1158.0,58
2026-03-23 00:35:00+00:00,1158.0,1158.0,1156.5,1156.5,123
2026-03-23 00:40:00+00:00,1156.75,1157.5,1156.5,1157.25,22
2026-03-23 00:45:00+00:00,1157.25,1158.5,1157.25,1158.5,22
2026-03-23 00:50:00+00:00,1158.5,1159.0,1158.25,1158.25,53
2026-03-23 00:55:00+00:00,1158.25,1159.5,1158.25,1158.75,157
2026-03-23 01:00:00+00:00,1158.75,1163.75,1157.75,1162.75,886
2026-03-23 01:05:00+00:00,1162.75,1163.25,1162.25,1163.25,247
2026-03-23 01:10:00+00:00,1163.0,1166.5,1162.75,1165.5,772
2026-03-23 01:15:00+00:00,1165.5,1166.25,1165.0,1166.0,222
2026-03-23 01:20:00+00:00,1165.75,1167.25,1165.75,1167.25,209
2026-03-23 01:25:00+00:00,1167.0,1167.0,1166.25,1166.25,173
2026-03-23 01:30:00+00:00,1165.75,1166.25,1165.5,1166.0,185
2026-03-23 01:35:00+00:00,1166.0,1166.25,1165.5,1165.75,173
2026-03-23 01:40:00+00:00,1166.0,1167.25,1166.0,1167.0,148
2026-03-23 01:45:00+00:00,1167.0,1167.25,1166.25,1166.25,64
2026-03-23 01:50:00+00:00,1166.75,1166.75,1166.0,1166.25,51
2026-03-23 01:55:00+00:00,1166.25,1167.0,1166.0,1166.75,133
2026-03-23 02:00:00+00:00,1166.5,1166.5,1166.25,1166.5,19
2026-03-23 02:05:00+00:00,1166.25,1166.5,1165.0,1165.0,44
2026-03-23 02:10:00+00:00,1165.0,1165.75,1165.0,1165.0,38
2026-03-23 02:15:00+00:00,1165.25,1165.25,1164.75,1165.0,31
2026-03-23 02:20:00+00:00,1165.25,1165.5,1165.0,1165.0,25
2026-03-23 02:25:00+00:00,1165.25,1165.5,1165.25,1165.25,10
2026-03-23 02:30:00+00:00,1165.5,1165.5,1164.75,1165.25,41
2026-03-23 02:35:00+00:00,1165.25,1165.25,1165.0,1165.25,17
2026-03-23 02:40:00+00:00,1165.25,1165.25,1165.25,1165.25,1
2026-03-23 02:45:00+00:00,1165.75,1165.75,1165.25,1165.5,75
2026-03-23 02:50:00+00:00,1165.5,1165.75,1165.0,1165.0,15
2026-03-23 02:55:00+00:00,1165.0,1167.0,1164.75,1166.75,50
2026-03-23 03:00:00+00:00,1166.75,1168.5,1166.75,1168.25,135
2026-03-23 03:05:00+00:00,1168.25,1168.75,1167.75,1168.25,82
2026-03-23 03:10:00+00:00,1168.25,1168.25,1167.75,1167.75,196
2026-03-23 03:15:00+00:00,1168.0,1168.0,1167.5,1168.0,61
2026-03-23 03:20:00+00:00,1167.75,1168.25,1167.5,1167.5,14
2026-03-23 03:25:00+00:00,1167.75,1168.5,1167.75,1168.25,55
2026-03-23 03:30:00+00:00,1168.25,1168.25,1168.0,1168.0,10
2026-03-23 03:35:00+00:00,1168.0,1168.25,1168.0,1168.0,7
2026-03-23 03:40:00+00:00,1168.25,1168.25,1167.75,1167.75,12
2026-03-23 03:45:00+00:00,1167.75,1168.25,1167.75,1168.0,12
2026-03-23 03:50:00+00:00,1168.25,1168.5,1168.25,1168.25,17
2026-03-23 03:55:00+00:00,1168.0,1168.5,1168.0,1168.0,16
2026-03-23 04:00:00+00:00,1168.25,1168.5,1168.25,1168.25,6
2026-03-23 04:05:00+00:00,1168.5,1168.5,1168.25,1168.25,11
2026-03-23 04:10:00+00:00,1168.5,1168.5,1168.25,1168.25,6
2026-03-23 04:15:00+00:00,1168.75,1168.75,1168.75,1168.75,1
2026-03-23 04:20:00+00:00,1168.5,1168.5,1168.25,1168.25,5
2026-03-23 04:25:00+00:00,1168.5,1168.5,1168.5,1168.5,6
2026-03-23 04:35:00+00:00,1168.5,1168.5,1168.5,1168.5,2
2026-03-23 04:40:00+00:00,1168.25,1168.5,1168.25,1168.5,3
2026-03-23 04:45:00+00:00,1168.5,1168.75,1168.5,1168.75,4
2026-03-23 04:50:00+00:00,1168.5,1168.5,1168.25,1168.5,4
2026-03-23 04:55:00+00:00,1168.5,1168.5,1168.5,1168.5,2
2026-03-23 05:00:00+00:00,1168.75,1168.75,1168.5,1168.5,16
2026-03-23 05:05:00+00:00,1168.25,1168.25,1168.25,1168.25,1
2026-03-23 05:10:00+00:00,1168.25,1168.5,1167.5,1167.75,103
2026-03-23 05:15:00+00:00,1167.75,1168.0,1167.75,1168.0,8
2026-03-23 05:20:00+00:00,1168.0,1168.0,1167.5,1167.5,7
2026-03-23 05:25:00+00:00,1167.5,1167.75,1167.5,1167.5,4
2026-03-23 05:30:00+00:00,1167.5,1168.0,1166.75,1167.5,43
2026-03-23 05:35:00+00:00,1167.5,1168.0,1167.0,1167.0,64
2026-03-23 05:40:00+00:00,1166.75,1167.0,1166.0,1166.75,33
2026-03-23 05:45:00+00:00,1166.75,1167.0,1166.5,1166.75,18
2026-03-23 05:50:00+00:00,1166.5,1166.5,1165.75,1166.25,89
2026-03-23 05:55:00+00:00,1166.0,1167.5,1166.0,1167.25,32
2026-03-23 06:00:00+00:00,1167.0,1167.0,1166.25,1166.75,18
2026-03-23 06:05:00+00:00,1167.0,1167.25,1166.75,1166.75,44
2026-03-23 06:10:00+00:00,1166.75,1167.25,1166.25,1167.25,23
2026-03-23 06:15:00+00:00,1167.5,1168.0,1167.5,1168.0,27
2026-03-23 06:20:00+00:00,1168.25,1168.75,1167.75,1168.25,52
2026-03-23 06:25:00+00:00,1168.0,1168.0,1167.5,1167.5,16
2026-03-23 06:30:00+00:00,1167.5,1168.0,1167.0,1167.75,83
2026-03-23 06:35:00+00:00,1167.75,1168.5,1167.75,1168.5,31
2026-03-23 06:40:00+00:00,1168.5,1169.5,1168.25,1169.5,67
2026-03-23 06:45:00+00:00,1169.0,1169.0,1168.25,1168.5,31
2026-03-23 06:50:00+00:00,1168.75,1169.5,1168.5,1169.5,43
2026-03-23 06:55:00+00:00,1169.5,1170.25,1169.25,1170.0,140
2026-03-23 07:00:00+00:00,1170.25,1170.25,1169.25,1169.25,38
2026-03-23 07:05:00+00:00,1169.5,1169.75,1169.5,1169.5,8
2026-03-23 07:10:00+00:00,1169.25,1169.25,1168.25,1168.5,62
2026-03-23 07:15:00+00:00,1168.5,1168.75,1168.5,1168.75,10
2026-03-23 07:20:00+00:00,1168.75,1169.0,1168.25,1169.0,60
2026-03-23 07:25:00+00:00,1168.75,1169.5,1168.75,1169.5,9
2026-03-23 07:30:00+00:00,1169.5,1169.5,1169.25,1169.25,20
2026-03-23 07:35:00+00:00,1169.25,1169.75,1169.25,1169.75,5
2026-03-23 07:40:00+00:00,1169.75,1170.5,1169.75,1170.5,30
2026-03-23 07:45:00+00:00,1170.25,1171.0,1170.25,1170.75,105
2026-03-23 07:50:00+00:00,1171.0,1171.25,1170.25,1170.25,41
2026-03-23 07:55:00+00:00,1170.5,1170.75,1170.25,1170.5,36
2026-03-23 08:00:00+00:00,1170.5,1170.5,1170.0,1170.5,26
2026-03-23 08:05:00+00:00,1170.25,1170.5,1169.75,1170.5,147
2026-03-23 08:10:00+00:00,1170.5,1170.5,1169.5,1170.0,24
2026-03-23 08:15:00+00:00,1169.75,1170.0,1169.75,1170.0,8
2026-03-23 08:20:00+00:00,1170.0,1171.5,1170.0,1171.0,215
2026-03-23 08:25:00+00:00,1170.75,1171.0,1170.25,1170.5,89
2026-03-23 08:30:00+00:00,1170.0,1170.0,1169.5,1170.0,43
2026-03-23 08:35:00+00:00,1170.0,1170.25,1170.0,1170.25,17
2026-03-23 08:40:00+00:00,1170.25,1170.25,1170.0,1170.25,35
2026-03-23 08:45:00+00:00,1170.25,1170.5,1169.5,1169.5,68
2026-03-23 08:50:00+00:00,1169.75,1170.0,1169.75,1170.0,24
2026-03-23 08:55:00+00:00,1169.75,1170.25,1169.25,1169.25,57
2026-03-23 09:00:00+00:00,1169.25,1169.25,1168.0,1168.25,164
2026-03-23 09:05:00+00:00,1168.25,1168.5,1167.5,1168.25,280
2026-03-23 09:10:00+00:00,1168.25,1168.25,1167.0,1167.25,2050
2026-03-23 09:15:00+00:00,1167.25,1168.25,1167.0,1168.25,50
2026-03-23 09:20:00+00:00,1168.25,1169.0,1168.25,1168.25,76
2026-03-23 09:25:00+00:00,1168.25,1168.5,1168.0,1168.0,69
2026-03-23 09:30:00+00:00,1167.75,1168.0,1167.5,1168.0,69
2026-03-23 09:35:00+00:00,1168.0,1168.25,1168.0,1168.25,97
2026-03-23 09:40:00+00:00,1168.5,1169.0,1168.25,1168.75,56
2026-03-23 09:45:00+00:00,1168.75,1169.5,1168.5,1169.25,53
2026-03-23 09:50:00+00:00,1169.25,1169.5,1169.0,1169.5,39
2026-03-23 09:55:00+00:00,1169.5,1169.75,1169.25,1169.25,70
2026-03-23 10:00:00+00:00,1169.5,1169.75,1168.5,1168.75,45
2026-03-23 10:05:00+00:00,1168.75,1169.25,1168.5,1169.25,18
2026-03-23 10:10:00+00:00,1169.25,1169.75,1169.25,1169.5,18
2026-03-23 10:15:00+00:00,1169.25,1169.5,1169.0,1169.25,17
2026-03-23 10:20:00+00:00,1169.25,1169.5,1169.25,1169.5,14
2026-03-23 10:25:00+00:00,1169.5,1169.5,1168.5,1168.5,235
2026-03-23 10:30:00+00:00,1168.5,1168.5,1166.25,1166.25,147
2026-03-23 10:35:00+00:00,1166.25,1166.75,1166.25,1166.75,28
2026-03-23 10:40:00+00:00,1166.75,1166.75,1165.75,1166.25,50
2026-03-23 10:45:00+00:00,1166.75,1167.0,1163.5,1163.5,334
2026-03-23 10:50:00+00:00,1164.0,1164.5,1163.0,1164.0,173
2026-03-23 10:55:00+00:00,1163.75,1164.25,1163.25,1164.25,325
2026-03-23 11:00:00+00:00,1164.25,1165.5,1164.0,1165.25,157
2026-03-23 11:05:00+00:00,1165.25,1165.25,1152.5,1153.5,2616
2026-03-23 11:10:00+00:00,1153.75,1157.25,1152.5,1153.25,1174
2026-03-23 11:15:00+00:00,1153.25,1154.75,1152.5,1153.75,914
2026-03-23 11:20:00+00:00,1153.75,1159.0,1153.25,1158.25,1686
2026-03-23 11:25:00+00:00,1158.75,1164.0,1158.5,1162.5,1147
2026-03-23 11:30:00+00:00,1162.75,1163.0,1159.25,1159.5,517
2026-03-23 11:35:00+00:00,1159.75,1159.75,1156.5,1157.5,753
2026-03-23 11:40:00+00:00,1157.5,1161.5,1157.25,1159.5,592
2026-03-23 11:45:00+00:00,1159.5,1162.0,1159.0,1161.25,570
2026-03-23 11:50:00+00:00,1161.0,1162.25,1160.5,1161.0,131
2026-03-23 11:55:00+00:00,1160.75,1163.5,1160.75,1163.25,230
2026-03-23 12:00:00+00:00,1163.0,1165.5,1162.75,1162.75,460
2026-03-23 12:05:00+00:00,1162.75,1164.75,1162.75,1163.5,272
2026-03-23 12:10:00+00:00,1163.5,1163.5,1161.5,1162.0,363
2026-03-23 12:15:00+00:00,1161.75,1163.25,1161.5,1163.0,147
2026-03-23 12:20:00+00:00,1163.0,1163.25,1160.0,1160.5,173
2026-03-23 12:25:00+00:00,1160.5,1161.75,1160.25,1161.5,160
2026-03-23 12:30:00+00:00,1161.5,1161.5,1160.0,1161.5,201
2026-03-23 12:35:00+00:00,1161.5,1162.0,1160.5,1160.5,191
2026-03-23 12:40:00+00:00,1160.75,1161.25,1158.25,1158.75,396
2026-03-23 13:30:00+00:00,1158.0,1162.25,1156.5,1159.0,3754
2026-03-23 13:35:00+00:00,1159.25,1159.75,1156.25,1156.25,1977
2026-03-23 13:40:00+00:00,1156.5,1160.75,1156.5,1158.75,1788
2026-03-23 13:45:00+00:00,1158.75,1160.0,1157.75,1158.75,2405
2026-03-23 13:50:00+00:00,1158.75,1161.25,1158.0,1159.5,1904
2026-03-23 13:55:00+00:00,1159.75,1162.25,1158.5,1160.25,3161
2026-03-23 14:00:00+00:00,1160.25,1161.25,1156.0,1157.0,1861
2026-03-23 14:05:00+00:00,1157.0,1158.25,1155.75,1156.0,674
2026-03-23 14:10:00+00:00,1156.0,1157.5,1155.25,1157.25,2252
2026-03-23 14:15:00+00:00,1157.25,1159.25,1156.75,1158.0,1273
2026-03-23 14:20:00+00:00,1158.25,1159.0,1156.25,1156.75,685
2026-03-23 14:25:00+00:00,1156.75,1164.5,1156.75,1163.5,1494
2026-03-23 14:30:00+00:00,1163.25,1165.5,1162.5,1165.0,5087
2026-03-23 14:35:00+00:00,1164.75,1166.25,1164.5,1165.0,974
2026-03-23 14:40:00+00:00,1165.0,1166.25,1164.25,1166.0,1068
2026-03-23 14:45:00+00:00,1166.25,1166.5,1163.25,1164.0,1505
2026-03-23 14:50:00+00:00,1163.5,1163.75,1162.0,1162.0,809
2026-03-23 14:55:00+00:00,1162.25,1163.75,1162.25,1163.25,556
2026-03-23 15:00:00+00:00,1163.25,1163.25,1159.5,1160.0,1088
2026-03-23 15:05:00+00:00,1160.0,1161.0,1160.0,1160.5,546
2026-03-23 15:10:00+00:00,1160.75,1162.0,1160.0,1161.25,885
2026-03-23 15:15:00+00:00,1161.25,1163.75,1161.0,1163.5,598
2026-03-23 15:20:00+00:00,1163.5,1163.5,1161.0,1161.75,485
2026-03-23 15:25:00+00:00,1162.0,1162.75,1161.75,1162.0,321
2026-03-23 15:30:00+00:00,1161.75,1167.75,1160.5,1165.5,2970
2026-03-23 15:35:00+00:00,1165.75,1168.0,1165.5,1166.75,995
2026-03-23 15:40:00+00:00,1166.75,1168.5,1166.5,1167.75,627
2026-03-23 15:45:00+00:00,1167.75,1168.5,1166.75,1166.75,2380
2026-03-23 15:50:00+00:00,1167.0,1168.25,1166.25,1168.0,550
2026-03-23 15:55:00+00:00,1167.75,1169.25,1167.75,1168.5,2289
2026-03-23 16:00:00+00:00,1168.25,1168.5,1166.75,1167.75,602
2026-03-23 16:05:00+00:00,1167.75,1168.0,1165.5,1166.0,2060
2026-03-23 16:10:00+00:00,1166.25,1167.5,1165.5,1167.5,560
2026-03-23 16:15:00+00:00,1167.5,1168.5,1167.5,1168.5,537
2026-03-23 16:20:00+00:00,1168.25,1169.0,1167.0,1167.0,386
2026-03-23 16:25:00+00:00,1167.0,1167.25,1166.0,1166.5,609
2026-03-23 16:30:00+00:00,1166.25,1166.5,1165.0,1165.5,280
2026-03-23 16:35:00+00:00,1165.5,1165.75,1165.0,1165.5,212
2026-03-23 16:40:00+00:00,1165.5,1165.75,1163.5,1163.5,333
2026-03-23 16:45:00+00:00,1163.5,1164.25,1163.0,1163.75,309
2026-03-23 16:50:00+00:00,1164.0,1164.75,1163.0,1164.75,648
2026-03-23 16:55:00+00:00,1164.75,1164.75,1163.5,1164.25,217
2026-03-23 17:00:00+00:00,1164.5,1164.5,1162.75,1163.5,225
2026-03-23 17:05:00+00:00,1163.75,1165.0,1163.75,1164.5,217
2026-03-23 17:10:00+00:00,1164.5,1165.75,1164.0,1165.75,276
2026-03-23 17:15:00+00:00,1165.5,1165.75,1163.5,1163.75,212
2026-03-23 17:20:00+00:00,1163.75,1164.0,1163.25,1164.0,215
2026-03-23 17:25:00+00:00,1164.0,1164.25,1163.25,1163.5,332
2026-03-23 17:30:00+00:00,1163.5,1164.25,1163.0,1164.25,303
2026-03-23 17:35:00+00:00,1164.5,1164.5,1163.75,1163.75,159
2026-03-23 17:40:00+00:00,1163.75,1165.25,1163.75,1165.25,343
2026-03-23 17:45:00+00:00,1165.5,1165.5,1164.5,1165.0,279
2026-03-23 17:50:00+00:00,1165.0,1165.75,1164.25,1165.25,322
2026-03-23 17:55:00+00:00,1165.0,1165.25,1163.0,1163.25,1049
2026-03-23 18:00:00+00:00,1163.25,1164.0,1163.0,1163.75,720
2026-03-23 18:05:00+00:00,1164.0,1165.25,1163.0,1164.25,3744
2026-03-23 18:10:00+00:00,1164.25,1164.75,1163.0,1163.75,2978
2026-03-23 18:15:00+00:00,1164.0,1165.25,1163.25,1164.5,1419
2026-03-24 00:00:00+00:00,1164.25,1166.0,1162.0,1162.25,0
2026-03-24 00:05:00+00:00,1162.25,1163.75,1162.25,1163.25,78
2026-03-24 00:10:00+00:00,1163.5,1163.5,1162.5,1163.25,98
2026-03-24 00:15:00+00:00,1163.5,1163.5,1162.5,1162.5,110
2026-03-24 00:20:00+00:00,1162.5,1164.0,1162.5,1164.0,55
2026-03-24 00:25:00+00:00,1164.0,1164.25,1163.5,1164.0,43
2026-03-24 00:30:00+00:00,1164.0,1164.0,1162.25,1162.75,77
2026-03-24 00:35:00+00:00,1162.75,1162.75,1162.25,1162.5,42
2026-03-24 00:40:00+00:00,1162.5,1163.25,1162.5,1162.5,60
2026-03-24 00:45:00+00:00,1162.75,1163.25,1162.5,1162.5,37
2026-03-24 00:50:00+00:00,1162.5,1162.5,1162.0,1162.0,43
2026-03-24 00:55:00+00:00,1162.25,1162.25,1161.5,1162.0,125
2026-03-24 01:00:00+00:00,1162.0,1164.25,1162.0,1164.25,259
2026-03-24 01:05:00+00:00,1164.25,1164.5,1163.75,1164.0,22
2026-03-24 01:10:00+00:00,1163.75,1164.0,1163.25,1163.5,16
2026-03-24 01:15:00+00:00,1163.5,1163.5,1162.5,1162.5,112
2026-03-24 01:20:00+00:00,1162.5,1165.0,1162.25,1164.5,96
2026-03-24 01:25:00+00:00,1164.75,1165.75,1164.25,1165.5,91
2026-03-24 01:30:00+00:00,1165.25,1166.0,1165.0,1166.0,177
2026-03-24 01:35:00+00:00,1166.0,1166.0,1165.25,1165.5,71
2026-03-24 01:40:00+00:00,1165.75,1166.0,1165.25,1165.75,28
2026-03-24 01:45:00+00:00,1165.75,1166.5,1165.5,1165.75,108
2026-03-24 01:50:00+00:00,1165.75,1166.5,1165.5,1166.0,175
2026-03-24 01:55:00+00:00,1166.0,1166.0,1165.25,1165.75,33
2026-03-24 02:00:00+00:00,1165.75,1166.75,1165.5,1166.75,136
2026-03-24 02:05:00+00:00,1166.75,1166.75,1166.0,1166.0,12
2026-03-24 02:10:00+00:00,1166.25,1166.25,1165.75,1165.75,9
2026-03-24 02:15:00+00:00,1165.5,1165.75,1165.5,1165.75,48
2026-03-24 02:20:00+00:00,1165.5,1166.25,1165.5,1166.0,16
2026-03-24 02:25:00+00:00,1165.75,1166.25,1165.75,1166.0,5
2026-03-24 02:30:00+00:00,1166.0,1166.25,1166.0,1166.0,31
2026-03-24 02:35:00+00:00,1166.25,1166.25,1165.75,1165.75,7
2026-03-24 02:40:00+00:00,1165.25,1165.25,1165.0,1165.0,39
2026-03-24 02:45:00+00:00,1165.0,1165.75,1165.0,1165.25,19
2026-03-24 02:50:00+00:00,1165.5,1165.5,1165.25,1165.5,8
2026-03-24 02:55:00+00:00,1165.25,1165.25,1164.5,1165.0,35
2026-03-24 03:00:00+00:00,1164.5,1165.25,1164.25,1165.0,523
2026-03-24 03:05:00+00:00,1164.5,1164.5,1164.5,1164.5,474
2026-03-24 03:10:00+00:00,1164.75,1165.0,1164.5,1164.5,18
2026-03-24 03:15:00+00:00,1164.5,1164.5,1164.25,1164.25,2
2026-03-24 03:20:00+00:00,1164.25,1164.5,1164.0,1164.5,19
2026-03-24 03:25:00+00:00,1164.5,1164.5,1164.25,1164.25,7
2026-03-24 03:30:00+00:00,1164.0,1164.25,1164.0,1164.0,4
2026-03-24 03:35:00+00:00,1164.0,1164.0,1164.0,1164.0,1
2026-03-24 03:40:00+00:00,1164.25,1164.25,1164.25,1164.25,1
2026-03-24 03:45:00+00:00,1164.25,1164.25,1164.25,1164.25,1
2026-03-24 03:50:00+00:00,1164.25,1164.25,1164.0,1164.0,3
2026-03-24 04:00:00+00:00,1164.25,1164.25,1164.0,1164.25,4
2026-03-24 04:05:00+00:00,1164.5,1164.75,1164.5,1164.5,8
2026-03-24 04:10:00+00:00,1164.75,1165.25,1164.75,1165.25,65
2026-03-24 04:15:00+00:00,1165.0,1165.0,1164.75,1165.0,5
2026-03-24 04:20:00+00:00,1165.0,1165.0,1165.0,1165.0,8
2026-03-24 04:25:00+00:00,1164.75,1165.0,1164.5,1164.5,12
2026-03-24 04:30:00+00:00,1164.75,1165.0,1164.75,1165.0,5
2026-03-24 04:35:00+00:00,1165.0,1165.0,1165.0,1165.0,3
2026-03-24 04:40:00+00:00,1165.0,1165.0,1164.75,1164.75,2
2026-03-24 04:45:00+00:00,1164.75,1164.75,1164.75,1164.75,1
2026-03-24 04:50:00+00:00,1164.75,1164.75,1164.75,1164.75,2
2026-03-24 04:55:00+00:00,1164.75,1165.0,1164.75,1164.75,12
2026-03-24 05:00:00+00:00,1165.0,1165.25,1164.75,1164.75,13
2026-03-24 05:05:00+00:00,1164.5,1165.0,1164.25,1164.25,14
2026-03-24 05:10:00+00:00,1164.25,1164.25,1163.75,1164.0,10
2026-03-24 05:15:00+00:00,1164.0,1164.0,1164.0,1164.0,1
2026-03-24 05:20:00+00:00,1164.0,1164.0,1164.0,1164.0,11
2026-03-24 05:25:00+00:00,1164.25,1164.75,1164.25,1164.75,5
2026-03-24 05:30:00+00:00,1164.75,1165.0,1164.75,1165.0,9
2026-03-24 05:35:00+00:00,1165.5,1165.5,1165.0,1165.25,29
2026-03-24 05:40:00+00:00,1165.0,1165.0,1164.25,1164.25,12
2026-03-24 05:45:00+00:00,1164.25,1164.25,1164.0,1164.0,8
2026-03-24 05:50:00+00:00,1164.25,1164.25,1164.0,1164.0,4
2026-03-24 05:55:00+00:00,1164.0,1164.0,1162.75,1162.75,94
2026-03-24 06:00:00+00:00,1162.5,1162.5,1161.5,1162.0,42
2026-03-24 06:05:00+00:00,1162.5,1162.5,1162.0,1162.25,20
2026-03-24 06:10:00+00:00,1162.0,1162.25,1162.0,1162.25,10
2026-03-24 06:15:00+00:00,1162.25,1162.5,1162.25,1162.5,6
2026-03-24 06:20:00+00:00,1162.25,1162.25,1161.5,1161.75,97
2026-03-24 06:25:00+00:00,1161.75,1162.0,1161.25,1162.0,31
2026-03-24 06:30:00+00:00,1162.25,1162.25,1160.75,1161.0,64
2026-03-24 06:35:00+00:00,1161.25,1162.0,1160.75,1162.0,17
2026-03-24 06:40:00+00:00,1161.75,1162.5,1161.5,1162.25,15
2026-03-24 06:45:00+00:00,1162.25,1162.5,1162.25,1162.5,28
2026-03-24 06:50:00+00:00,1162.25,1162.25,1161.75,1162.0,45
2026-03-24 06:55:00+00:00,1162.0,1162.25,1160.5,1160.75,172
2026-03-24 07:00:00+00:00,1160.75,1161.25,1160.5,1160.75,175
2026-03-24 07:05:00+00:00,1160.5,1160.75,1159.25,1160.25,418
2026-03-24 07:10:00+00:00,1160.25,1160.25,1159.25,1159.25,261
2026-03-24 07:15:00+00:00,1159.0,1159.25,1158.0,1158.75,135
2026-03-24 07:20:00+00:00,1158.5,1158.75,1158.5,1158.75,24
2026-03-24 07:25:00+00:00,1158.5,1159.0,1158.5,1158.5,59
2026-03-24 07:30:00+00:00,1158.75,1159.25,1158.75,1159.0,41
2026-03-24 07:35:00+00:00,1159.0,1159.5,1158.5,1158.75,137
2026-03-24 07:40:00+00:00,1158.5,1158.75,1158.25,1158.5,30
2026-03-24 07:45:00+00:00,1158.25,1158.25,1157.5,1158.0,334
2026-03-24 07:50:00+00:00,1157.75,1157.75,1156.0,1156.25,418
2026-03-24 07:55:00+00:00,1156.25,1156.75,1156.25,1156.75,90
2026-03-24 08:00:00+00:00,1156.75,1157.0,1156.5,1156.75,117
2026-03-24 08:05:00+00:00,1157.0,1157.5,1156.75,1157.0,126
2026-03-24 08:10:00+00:00,1157.25,1157.25,1157.0,1157.25,255
2026-03-24 08:15:00+00:00,1156.75,1156.75,1156.25,1156.25,98
2026-03-24 08:20:00+00:00,1156.25,1157.0,1156.25,1156.25,172
2026-03-24 08:25:00+00:00,1156.0,1157.75,1156.0,1157.25,130
2026-03-24 08:30:00+00:00,1157.25,1157.5,1157.25,1157.25,28
2026-03-24 08:35:00+00:00,1157.5,1159.0,1157.5,1159.0,64
2026-03-24 08:40:00+00:00,1158.75,1158.75,1158.0,1158.5,41
2026-03-24 08:45:00+00:00,1158.25,1158.75,1158.25,1158.5,36
2026-03-24 08:50:00+00:00,1158.5,1159.25,1158.5,1159.25,126
2026-03-24 08:55:00+00:00,1159.0,1159.25,1158.5,1159.25,77
2026-03-24 09:00:00+00:00,1159.25,1159.5,1158.75,1158.75,96
2026-03-24 09:05:00+00:00,1158.75,1158.75,1158.25,1158.5,26
2026-03-24 09:10:00+00:00,1158.75,1158.75,1158.5,1158.75,10
2026-03-24 09:15:00+00:00,1159.0,1160.25,1158.75,1160.0,467
2026-03-24 09:20:00+00:00,1159.75,1159.75,1159.5,1159.75,24
2026-03-24 09:25:00+00:00,1159.75,1160.75,1159.75,1160.5,63
2026-03-24 09:30:00+00:00,1160.75,1161.25,1160.75,1161.25,46
2026-03-24 09:35:00+00:00,1161.25,1161.25,1160.5,1161.0,36
2026-03-24 09:40:00+00:00,1161.25,1161.75,1160.25,1160.5,66
2026-03-24 09:45:00+00:00,1160.5,1160.75,1160.5,1160.5,11
2026-03-24 09:50:00+00:00,1160.5,1160.5,1159.5,1159.75,48
2026-03-24 09:55:00+00:00,1159.75,1160.25,1159.75,1160.0,33
2026-03-24 10:00:00+00:00,1160.0,1160.0,1160.0,1160.0,4
2026-03-24 10:05:00+00:00,1160.5,1160.5,1160.0,1160.0,42
2026-03-24 10:10:00+00:00,1160.0,1160.25,1159.75,1160.25,20
2026-03-24 10:15:00+00:00,1159.75,1161.5,1159.25,1161.0,356
2026-03-24 10:20:00+00:00,1161.0,1161.0,1160.25,1160.5,96
2026-03-24 10:25:00+00:00,1160.25,1160.25,1159.5,1159.75,168
2026-03-24 10:30:00+00:00,1159.5,1160.0,1159.5,1160.0,11
2026-03-24 10:35:00+00:00,1160.0,1160.25,1159.75,1160.0,20
2026-03-24 10:40:00+00:00,1160.0,1160.0,1159.75,1160.0,9
2026-03-24 10:45:00+00:00,1160.0,1160.0,1160.0,1160.0,6
2026-03-24 10:50:00+00:00,1160.25,1160.25,1159.75,1159.75,48
2026-03-24 10:55:00+00:00,1160.0,1160.75,1160.0,1160.75,15
2026-03-24 11:00:00+00:00,1160.5,1160.5,1159.25,1159.75,30
2026-03-24 11:05:00+00:00,1159.5,1159.5,1159.0,1159.25,29
2026-03-24 11:10:00+00:00,1159.25,1159.25,1159.25,1159.25,9
2026-03-24 11:15:00+00:00,1159.5,1159.5,1157.5,1158.0,127
2026-03-24 11:20:00+00:00,1158.0,1158.0,1156.75,1157.0,206
2026-03-24 11:25:00+00:00,1157.0,1157.0,1156.5,1156.5,97
2026-03-24 11:30:00+00:00,1156.25,1156.75,1155.5,1156.5,320
2026-03-24 11:35:00+00:00,1156.5,1157.25,1156.25,1156.5,226
2026-03-24 11:40:00+00:00,1156.5,1156.5,1155.5,1156.0,146
2026-03-24 11:45:00+00:00,1156.0,1156.5,1155.75,1156.25,75
2026-03-24 11:50:00+00:00,1156.25,1159.25,1156.25,1158.75,735
2026-03-24 11:55:00+00:00,1158.5,1159.0,1158.25,1158.5,119
2026-03-24 12:00:00+00:00,1158.25,1159.25,1157.5,1158.25,303
2026-03-24 12:05:00+00:00,1158.5,1159.5,1158.25,1158.75,84
2026-03-24 12:10:00+00:00,1158.75,1159.25,1158.75,1159.0,29
2026-03-24 12:15:00+00:00,1158.75,1159.0,1158.5,1158.75,50
2026-03-24 12:20:00+00:00,1158.5,1159.0,1158.25,1158.25,253
2026-03-24 12:25:00+00:00,1158.0,1158.25,1157.0,1157.25,107
2026-03-24 12:30:00+00:00,1157.0,1157.0,1156.0,1156.5,1405
2026-03-24 12:35:00+00:00,1156.25,1156.5,1155.75,1156.0,161
2026-03-24 12:40:00+00:00,1156.0,1156.75,1155.75,1156.0,233
2026-03-24 13:30:00+00:00,1157.25,1159.25,1155.5,1158.0,3553
2026-03-24 13:35:00+00:00,1158.0,1159.0,1157.0,1158.0,1684
2026-03-24 13:40:00+00:00,1158.0,1158.75,1156.5,1158.75,9328
2026-03-24 13:45:00+00:00,1158.75,1160.0,1158.5,1158.75,1086
2026-03-24 13:50:00+00:00,1158.75,1162.0,1158.5,1159.75,6751
2026-03-24 13:55:00+00:00,1159.75,1162.25,1159.75,1160.75,2540
2026-03-24 14:00:00+00:00,1160.5,1161.25,1159.0,1160.5,3079
2026-03-24 14:05:00+00:00,1160.5,1161.0,1159.75,1160.75,645
2026-03-24 14:10:00+00:00,1160.75,1161.25,1159.25,1159.25,935
2026-03-24 14:15:00+00:00,1159.25,1160.0,1158.0,1158.0,1194
2026-03-24 14:20:00+00:00,1158.0,1158.75,1157.25,1158.5,976
2026-03-24 14:25:00+00:00,1158.5,1160.25,1158.5,1159.25,593
2026-03-24 14:30:00+00:00,1159.25,1160.75,1159.0,1160.5,524
2026-03-24 14:35:00+00:00,1160.5,1162.75,1160.25,1160.75,2078
2026-03-24 14:40:00+00:00,1160.5,1161.75,1160.0,1160.0,1578
2026-03-24 14:45:00+00:00,1159.75,1160.25,1158.5,1160.25,623
2026-03-24 14:50:00+00:00,1160.25,1160.25,1158.5,1159.25,1247
2026-03-24 14:55:00+00:00,1159.5,1159.75,1157.5,1157.75,5067
2026-03-24 15:00:00+00:00,1157.5,1158.0,1157.0,1157.75,820
2026-03-24 15:05:00+00:00,1158.0,1159.25,1157.75,1159.0,1654
2026-03-24 15:10:00+00:00,1159.25,1159.75,1158.75,1159.25,388
2026-03-24 15:15:00+00:00,1159.0,1160.0,1158.75,1160.0,549
2026-03-24 15:20:00+00:00,1159.75,1160.5,1159.5,1160.5,421
2026-03-24 15:25:00+00:00,1160.75,1161.25,1159.75,1160.0,1917
2026-03-24 15:30:00+00:00,1160.25,1160.5,1160.0,1160.25,536
2026-03-24 15:35:00+00:00,1160.5,1160.75,1159.25,1159.5,841
2026-03-24 15:40:00+00:00,1159.5,1160.25,1158.75,1159.5,692
2026-03-24 15:45:00+00:00,1159.25,1159.5,1158.25,1159.0,270
2026-03-24 15:50:00+00:00,1159.0,1160.5,1158.0,1158.75,882
2026-03-24 15:55:00+00:00,1158.5,1159.0,1158.5,1159.0,266
2026-03-24 16:00:00+00:00,1158.75,1159.5,1158.25,1159.0,477
2026-03-24 16:05:00+00:00,1158.75,1159.75,1158.25,1159.25,334
2026-03-24 16:10:00+00:00,1159.0,1160.25,1159.0,1159.75,392
2026-03-24 16:15:00+00:00,1159.5,1160.0,1158.75,1159.75,545
2026-03-24 16:20:00+00:00,1159.5,1159.75,1158.75,1159.5,332
2026-03-24 16:25:00+00:00,1159.5,1160.75,1159.0,1159.0,898
2026-03-24 16:30:00+00:00,1159.25,1159.5,1158.75,1158.75,340
2026-03-24 16:35:00+00:00,1159.0,1159.75,1158.5,1159.25,220
2026-03-24 16:40:00+00:00,1159.0,1159.5,1159.0,1159.0,234
2026-03-24 16:45:00+00:00,1159.0,1159.5,1158.75,1159.0,308
2026-03-24 16:50:00+00:00,1159.0,1160.25,1159.0,1160.25,328
2026-03-24 16:55:00+00:00,1160.5,1160.75,1160.0,1160.5,459
2026-03-24 17:00:00+00:00,1160.5,1160.5,1159.25,1160.0,272
2026-03-24 17:05:00+00:00,1159.75,1161.5,1159.75,1161.0,1443
2026-03-24 17:10:00+00:00,1161.0,1162.0,1160.75,1161.0,1028
2026-03-24 17:15:00+00:00,1161.0,1161.25,1160.0,1160.25,439
2026-03-24 17:20:00+00:00,1160.0,1160.25,1159.25,1159.5,325
2026-03-24 17:25:00+00:00,1159.5,1160.0,1159.25,1159.5,332
2026-03-24 17:30:00+00:00,1159.5,1159.5,1158.75,1159.5,839
2026-03-24 17:35:00+00:00,1159.5,1159.75,1158.5,1158.5,655
2026-03-24 17:40:00+00:00,1158.5,1159.0,1158.0,1158.5,715
2026-03-24 17:45:00+00:00,1158.5,1158.75,1158.0,1158.5,593
2026-03-24 17:50:00+00:00,1158.25,1158.75,1157.25,1157.5,3890
2026-03-24 17:55:00+00:00,1157.5,1157.5,1156.0,1157.5,962
2026-03-24 18:00:00+00:00,1157.25,1157.25,1155.75,1156.0,1321
2026-03-24 18:05:00+00:00,1156.0,1156.25,1155.5,1156.0,929
2026-03-24 18:10:00+00:00,1156.0,1156.0,1154.75,1155.0,5060
2026-03-24 18:15:00+00:00,1155.0,1155.5,1153.75,1154.0,2744
2026-03-25 00:00:00+00:00,1153.5,1155.75,1151.5,1155.5,0
2026-03-25 00:05:00+00:00,1155.25,1156.0,1154.75,1155.0,654
2026-03-25 00:10:00+00:00,1154.75,1154.75,1153.5,1153.5,190
2026-03-25 00:15:00+00:00,1153.5,1153.5,1152.25,1152.5,452
2026-03-25 00:20:00+00:00,1152.75,1153.25,1151.75,1152.0,515
2026-03-25 00:25:00+00:00,1152.25,1153.0,1152.25,1153.0,173
2026-03-25 00:30:00+00:00,1153.0,1154.0,1152.25,1152.25,179
2026-03-25 00:35:00+00:00,1152.5,1153.5,1152.25,1153.0,112
2026-03-25 00:40:00+00:00,1153.25,1154.0,1153.0,1154.0,85
2026-03-25 00:45:00+00:00,1153.75,1154.0,1153.75,1154.0,67
2026-03-25 00:50:00+00:00,1154.0,1154.25,1153.75,1154.25,40
2026-03-25 00:55:00+00:00,1154.25,1154.75,1154.25,1154.75,48
2026-03-25 01:00:00+00:00,1155.0,1155.0,1153.5,1154.0,127
2026-03-25 01:05:00+00:00,1154.0,1154.0,1152.75,1153.75,134
2026-03-25 01:10:00+00:00,1153.25,1153.75,1152.75,1153.0,107
2026-03-25 01:15:00+00:00,1153.25,1153.5,1153.25,1153.5,40
2026-03-25 01:20:00+00:00,1153.0,1153.25,1152.75,1153.25,49
2026-03-25 01:25:00+00:00,1153.25,1153.25,1151.75,1152.5,149
2026-03-25 01:30:00+00:00,1152.75,1153.75,1152.75,1153.75,73
2026-03-25 01:35:00+00:00,1153.25,1154.25,1153.25,1154.25,124
2026-03-25 01:40:00+00:00,1154.25,1154.25,1153.5,1153.5,111
2026-03-25 01:45:00+00:00,1153.25,1154.75,1153.25,1154.25,338
2026-03-25 01:50:00+00:00,1154.25,1154.25,1153.75,1154.0,49
2026-03-25 01:55:00+00:00,1154.0,1154.0,1153.25,1153.25,36
2026-03-25 02:00:00+00:00,1153.25,1154.0,1153.25,1153.75,34
2026-03-25 02:05:00+00:00,1154.0,1154.75,1154.0,1154.25,87
2026-03-25 02:10:00+00:00,1154.5,1154.5,1154.25,1154.5,23
2026-03-25 02:15:00+00:00,1154.25,1154.75,1154.25,1154.5,10
2026-03-25 02:20:00+00:00,1154.5,1154.5,1154.25,1154.25,24
2026-03-25 02:25:00+00:00,1154.25,1154.5,1154.25,1154.25,10
2026-03-25 02:30:00+00:00,1154.5,1154.5,1153.75,1154.0,51
2026-03-25 02:35:00+00:00,1153.75,1153.75,1153.5,1153.5,20
2026-03-25 02:40:00+00:00,1153.75,1154.25,1153.75,1154.25,18
2026-03-25 02:45:00+00:00,1154.25,1154.25,1153.75,1153.75,11
2026-03-25 02:50:00+00:00,1154.0,1154.0,1153.0,1153.5,12
2026-03-25 02:55:00+00:00,1153.5,1154.0,1153.25,1153.75,51
2026-03-25 03:00:00+00:00,1153.75,1154.0,1153.5,1153.5,101
2026-03-25 03:05:00+00:00,1153.5,1153.5,1153.0,1153.0,19
2026-03-25 03:10:00+00:00,1153.0,1153.0,1152.25,1152.25,127
2026-03-25 03:15:00+00:00,1152.25,1152.75,1152.25,1152.75,42
2026-03-25 03:20:00+00:00,1152.75,1153.0,1152.75,1153.0,27
2026-03-25 03:25:00+00:00,1153.25,1153.25,1152.75,1152.75,7
2026-03-25 03:30:00+00:00,1153.25,1153.5,1153.25,1153.25,7
2026-03-25 03:40:00+00:00,1153.25,1153.5,1153.25,1153.25,6
2026-03-25 03:45:00+00:00,1153.75,1153.75,1153.5,1153.5,5
2026-03-25 03:50:00+00:00,1153.5,1153.5,1153.5,1153.5,2
2026-03-25 03:55:00+00:00,1153.75,1153.75,1153.75,1153.75,2
2026-03-25 04:00:00+00:00,1153.5,1153.75,1153.25,1153.25,13
2026-03-25 04:05:00+00:00,1153.0,1153.0,1153.0,1153.0,5
2026-03-25 04:10:00+00:00,1153.25,1153.25,1153.25,1153.25,6
2026-03-25 04:20:00+00:00,1153.0,1153.0,1153.0,1153.0,1
2026-03-25 04:25:00+00:00,1152.5,1153.0,1152.5,1152.5,39
2026-03-25 04:30:00+00:00,1152.75,1153.0,1152.5,1152.75,15
2026-03-25 04:35:00+00:00,1153.0,1153.25,1153.0,1153.0,22
2026-03-25 04:40:00+00:00,1153.25,1153.25,1153.0,1153.0,2
2026-03-25 04:45:00+00:00,1153.0,1153.25,1153.0,1153.25,13
2026-03-25 04:50:00+00:00,1153.25,1153.25,1153.25,1153.25,6
2026-03-25 04:55:00+00:00,1153.25,1153.25,1153.0,1153.0,3
2026-03-25 05:00:00+00:00,1153.0,1153.25,1152.75,1153.25,50
2026-03-25 05:05:00+00:00,1153.5,1153.75,1153.5,1153.75,8
2026-03-25 05:10:00+00:00,1154.0,1154.25,1154.0,1154.0,37
2026-03-25 05:20:00+00:00,1153.75,1154.0,1153.75,1154.0,7
2026-03-25 05:25:00+00:00,1154.0,1154.0,1154.0,1154.0,6
2026-03-25 05:30:00+00:00,1154.25,1155.25,1154.25,1155.25,93
2026-03-25 05:35:00+00:00,1155.0,1155.25,1154.75,1155.0,24
2026-03-25 05:40:00+00:00,1154.75,1154.75,1154.25,1154.25,2053
2026-03-25 05:45:00+00:00,1154.0,1154.75,1154.0,1154.5,30
2026-03-25 05:50:00+00:00,1154.75,1155.0,1154.75,1155.0,14
2026-03-25 05:55:00+00:00,1155.0,1155.0,1154.75,1154.75,8
2026-03-25 06:00:00+00:00,1154.75,1155.25,1154.75,1155.25,23
2026-03-25 06:05:00+00:00,1155.25,1155.5,1154.75,1154.75,79
2026-03-25 06:10:00+00:00,1155.0,1155.0,1154.75,1154.75,6
2026-03-25 06:15:00+00:00,1155.0,1155.25,1154.75,1154.75,42
2026-03-25 06:20:00+00:00,1154.75,1154.75,1154.25,1154.5,41
2026-03-25 06:25:00+00:00,1154.75,1154.75,1154.25,1154.5,18
2026-03-25 06:30:00+00:00,1154.5,1155.0,1154.25,1154.25,56
2026-03-25 06:35:00+00:00,1154.25,1154.25,1153.75,1154.0,23
2026-03-25 06:40:00+00:00,1153.75,1153.75,1153.25,1153.75,44
2026-03-25 06:45:00+00:00,1153.75,1154.0,1153.25,1154.0,12
2026-03-25 06:50:00+00:00,1154.0,1154.0,1153.75,1154.0,7
2026-03-25 06:55:00+00:00,1154.0,1154.0,1153.75,1153.75,51
2026-03-25 07:00:00+00:00,1153.75,1153.75,1153.25,1153.75,59
2026-03-25 07:05:00+00:00,1153.75,1154.25,1153.75,1154.0,16
2026-03-25 07:10:00+00:00,1153.75,1154.25,1153.75,1153.75,46
2026-03-25 07:15:00+00:00,1153.75,1154.5,1153.75,1154.25,53
2026-03-25 07:20:00+00:00,1154.5,1154.75,1154.0,1154.0,29
2026-03-25 07:25:00+00:00,1154.0,1154.5,1154.0,1154.25,36
2026-03-25 07:30:00+00:00,1154.25,1154.25,1154.0,1154.0,20
2026-03-25 07:35:00+00:00,1154.0,1154.25,1153.75,1154.0,13
2026-03-25 07:40:00+00:00,1153.75,1154.0,1153.75,1154.0,12
2026-03-25 07:45:00+00:00,1154.0,1154.25,1153.75,1153.75,10
2026-03-25 07:50:00+00:00,1153.5,1153.75,1153.5,1153.5,20
2026-03-25 07:55:00+00:00,1153.25,1153.5,1153.25,1153.5,5
2026-03-25 08:00:00+00:00,1153.5,1153.75,1153.25,1153.25,35
2026-03-25 08:05:00+00:00,1153.25,1153.5,1152.75,1153.25,67
2026-03-25 08:10:00+00:00,1153.25,1153.5,1153.0,1153.0,17
2026-03-25 08:15:00+00:00,1153.0,1153.5,1153.0,1153.5,129
2026-03-25 08:20:00+00:00,1153.5,1153.5,1152.5,1152.75,138
2026-03-25 08:25:00+00:00,1152.75,1153.25,1152.75,1153.25,63
2026-03-25 08:30:00+00:00,1153.25,1153.75,1153.25,1153.25,72
2026-03-25 08:35:00+00:00,1153.0,1154.5,1153.0,1154.25,53
2026-03-25 08:40:00+00:00,1154.25,1154.25,1153.5,1154.0,488
2026-03-25 08:45:00+00:00,1153.75,1154.5,1153.75,1154.5,18
2026-03-25 08:50:00+00:00,1154.5,1155.25,1154.0,1155.0,43
2026-03-25 08:55:00+00:00,1155.25,1156.5,1155.0,1156.0,1852
2026-03-25 09:00:00+00:00,1155.75,1156.25,1155.75,1156.0,27
2026-03-25 09:05:00+00:00,1156.0,1156.5,1155.75,1156.25,46
2026-03-25 09:10:00+00:00,1156.25,1157.75,1156.0,1157.75,207
2026-03-25 09:15:00+00:00,1157.75,1159.0,1157.5,1158.5,1086
2026-03-25 09:20:00+00:00,1158.5,1158.5,1157.75,1157.75,528
2026-03-25 09:25:00+00:00,1157.75,1158.25,1157.75,1158.0,57
2026-03-25 09:30:00+00:00,1158.0,1158.0,1157.5,1157.5,42
2026-03-25 09:35:00+00:00,1157.5,1160.0,1157.5,1159.75,231
2026-03-25 09:40:00+00:00,1159.75,1160.5,1159.75,1159.75,224
2026-03-25 09:45:00+00:00,1159.75,1160.0,1159.25,1159.5,55
2026-03-25 09:50:00+00:00,1159.25,1159.5,1159.25,1159.25,22
2026-03-25 09:55:00+00:00,1159.25,1159.5,1156.25,1157.5,324
2026-03-25 10:00:00+00:00,1157.5,1158.75,1157.5,1158.75,84
2026-03-25 10:05:00+00:00,1158.5,1159.5,1158.25,1158.5,194
2026-03-25 10:10:00+00:00,1158.0,1158.75,1158.0,1158.5,25
2026-03-25 10:15:00+00:00,1158.25,1159.75,1158.25,1159.75,303
2026-03-25 10:20:00+00:00,1159.75,1160.75,1159.5,1160.75,104
2026-03-25 10:25:00+00:00,1160.75,1161.75,1160.5,1161.5,295
2026-03-25 10:30:00+00:00,1161.5,1161.75,1161.25,1161.25,113
2026-03-25 10:35:00+00:00,1161.25,1161.25,1159.25,1159.25,185
2026-03-25 10:40:00+00:00,1159.5,1159.75,1159.0,1159.5,64
2026-03-25 10:45:00+00:00,1159.5,1159.5,1158.5,1158.75,226
2026-03-25 10:50:00+00:00,1158.75,1158.75,1158.0,1158.0,91
2026-03-25 10:55:00+00:00,1158.25,1158.75,1158.25,1158.5,42
2026-03-25 11:00:00+00:00,1158.5,1158.75,1157.75,1158.5,72
2026-03-25 11:05:00+00:00,1158.75,1159.25,1158.25,1159.0,96
2026-03-25 11:10:00+00:00,1159.25,1159.25,1158.25,1158.75,219
2026-03-25 11:15:00+00:00,1158.75,1158.75,1158.25,1158.25,20
2026-03-25 11:20:00+00:00,1158.5,1158.5,1158.0,1158.25,103
2026-03-25 11:25:00+00:00,1158.25,1158.25,1157.75,1158.0,36
2026-03-25 11:30:00+00:00,1157.75,1157.75,1157.5,1157.75,23
2026-03-25 11:35:00+00:00,1157.75,1157.75,1157.5,1157.75,16
2026-03-25 11:40:00+00:00,1157.75,1158.5,1157.75,1158.25,15
2026-03-25 11:45:00+00:00,1158.0,1159.0,1158.0,1158.5,221
2026-03-25 11:50:00+00:00,1158.5,1158.5,1157.75,1158.0,14
2026-03-25 11:55:00+00:00,1158.0,1158.5,1158.0,1158.0,92
2026-03-25 12:00:00+00:00,1157.75,1159.75,1157.5,1159.75,135
2026-03-25 12:05:00+00:00,1159.75,1160.0,1159.5,1159.5,84
2026-03-25 12:10:00+00:00,1159.5,1160.25,1159.25,1159.25,147
2026-03-25 12:15:00+00:00,1159.0,1160.75,1159.0,1160.0,305
2026-03-25 12:20:00+00:00,1160.25,1161.25,1159.25,1160.0,407
2026-03-25 12:25:00+00:00,1160.0,1160.0,1159.25,1159.5,215
2026-03-25 12:30:00+00:00,1159.25,1160.0,1158.75,1160.0,434
2026-03-25 12:35:00+00:00,1160.0,1160.25,1158.75,1159.75,111
2026-03-25 12:40:00+00:00,1159.5,1159.75,1157.75,1158.5,505
2026-03-25 13:30:00+00:00,1159.5,1160.75,1157.25,1160.25,3637
2026-03-25 13:35:00+00:00,1160.5,1161.75,1159.75,1161.5,1448
2026-03-25 13:40:00+00:00,1161.5,1161.5,1159.25,1160.25,985
2026-03-25 13:45:00+00:00,1160.25,1160.25,1158.75,1159.75,681
2026-03-25 13:50:00+00:00,1159.75,1160.75,1158.5,1158.5,698
2026-03-25 13:55:00+00:00,1158.75,1159.5,1157.5,1159.0,996
2026-03-25 14:00:00+00:00,1159.0,1159.75,1158.25,1159.75,541
2026-03-25 14:05:00+00:00,1159.75,1162.75,1159.75,1162.25,866
2026-03-25 14:10:00+00:00,1162.25,1162.5,1160.5,1160.75,422
2026-03-25 14:15:00+00:00,1160.75,1161.25,1160.5,1161.25,682
2026-03-25 14:20:00+00:00,1161.25,1162.0,1160.75,1162.0,748
2026-03-25 14:25:00+00:00,1162.0,1162.25,1161.25,1161.5,548
2026-03-25 14:30:00+00:00,1161.25,1161.75,1160.5,1161.5,2626
2026-03-25 14:35:00+00:00,1161.5,1161.5,1160.5,1161.5,549
2026-03-25 14:40:00+00:00,1161.5,1162.0,1160.75,1161.75,511
2026-03-25 14:45:00+00:00,1162.0,1163.25,1161.75,1162.5,2929
2026-03-25 14:50:00+00:00,1162.5,1162.5,1161.0,1161.5,482
2026-03-25 14:55:00+00:00,1161.75,1161.75,1159.75,1160.25,881
2026-03-25 15:00:00+00:00,1160.5,1161.5,1159.75,1161.5,532
2026-03-25 15:05:00+00:00,1161.5,1162.0,1160.5,1162.0,449
2026-03-25 15:10:00+00:00,1162.0,1162.75,1161.5,1162.25,871
2026-03-25 15:15:00+00:00,1162.25,1163.0,1162.0,1162.5,811
2026-03-25 15:20:00+00:00,1162.25,1162.5,1160.25,1161.0,650
2026-03-25 15:25:00+00:00,1160.75,1161.75,1160.5,1161.5,292
2026-03-25 15:30:00+00:00,1161.5,1162.25,1160.75,1162.25,380
2026-03-25 15:35:00+00:00,1162.25,1163.75,1162.25,1163.25,539
2026-03-25 15:40:00+00:00,1163.0,1163.0,1160.75,1161.0,502
2026-03-25 15:45:00+00:00,1161.25,1162.5,1161.0,1162.5,822
2026-03-25 15:50:00+00:00,1162.5,1163.5,1162.5,1163.25,390
2026-03-25 15:55:00+00:00,1163.25,1164.0,1163.0,1163.5,800
2026-03-25 16:00:00+00:00,1163.75,1164.25,1162.75,1163.25,533
2026-03-25 16:05:00+00:00,1163.25,1163.25,1162.5,1163.0,474
2026-03-25 16:10:00+00:00,1162.75,1163.75,1162.5,1162.5,2236
2026-03-25 16:15:00+00:00,1162.5,1163.25,1162.5,1163.25,347
2026-03-25 16:20:00+00:00,1163.0,1163.25,1162.5,1162.5,1999
2026-03-25 16:25:00+00:00,1162.25,1163.5,1162.25,1163.25,533
2026-03-25 16:30:00+00:00,1163.5,1163.75,1162.5,1163.75,310
2026-03-25 16:35:00+00:00,1163.5,1163.5,1162.75,1163.0,323
2026-03-25 16:40:00+00:00,1163.0,1163.0,1162.0,1162.25,403
2026-03-25 16:45:00+00:00,1162.25,1165.0,1162.25,1164.5,1407
2026-03-25 16:50:00+00:00,1164.5,1164.75,1163.25,1163.5,1823
2026-03-25 16:55:00+00:00,1163.25,1163.25,1163.0,1163.0,276
2026-03-25 17:00:00+00:00,1163.25,1164.0,1163.0,1163.5,353
2026-03-25 17:05:00+00:00,1163.5,1164.0,1163.25,1163.75,358
2026-03-25 17:10:00+00:00,1163.75,1163.75,1163.0,1163.5,565
2026-03-25 17:15:00+00:00,1163.25,1164.5,1163.25,1164.25,530
2026-03-25 17:20:00+00:00,1164.0,1164.75,1164.0,1164.25,320
2026-03-25 17:25:00+00:00,1164.5,1164.5,1163.75,1163.75,468
2026-03-25 17:30:00+00:00,1163.75,1164.0,1163.25,1163.5,288
2026-03-25 17:35:00+00:00,1163.25,1163.75,1163.25,1163.25,461
2026-03-25 17:40:00+00:00,1163.25,1171.25,1163.25,1170.25,12838
2026-03-25 17:45:00+00:00,1170.25,1176.75,1169.75,1175.5,8927
2026-03-25 17:50:00+00:00,1175.5,1176.0,1171.75,1172.5,2570
2026-03-25 17:55:00+00:00,1172.5,1173.25,1170.75,1171.75,2094
2026-03-25 18:00:00+00:00,1171.75,1172.75,1169.25,1169.75,4133
2026-03-25 18:05:00+00:00,1170.0,1171.0,1169.25,1170.5,1822
2026-03-25 18:10:00+00:00,1170.5,1172.0,1170.0,1171.75,5392
2026-03-25 18:15:00+00:00,1171.75,1174.0,1171.75,1173.5,4119
2026-03-26 00:00:00+00:00,1173.0,1176.75,1172.0,1176.5,0
2026-03-26 00:05:00+00:00,1176.5,1177.5,1176.25,1177.0,421
2026-03-26 00:10:00+00:00,1177.0,1179.25,1176.25,1178.75,880
2026-03-26 00:15:00+00:00,1178.75,1179.75,1178.0,1178.25,370
2026-03-26 00:20:00+00:00,1178.0,1178.0,1174.75,1174.75,537
2026-03-26 00:25:00+00:00,1175.0,1175.75,1175.0,1175.25,121
2026-03-26 00:30:00+00:00,1175.0,1175.75,1174.5,1175.5,144
2026-03-26 00:35:00+00:00,1175.25,1176.0,1175.25,1175.75,68
2026-03-26 00:40:00+00:00,1175.75,1176.5,1175.75,1176.5,209
2026-03-26 00:45:00+00:00,1176.5,1176.5,1176.0,1176.0,54
2026-03-26 00:50:00+00:00,1176.0,1176.5,1175.75,1176.25,48
2026-03-26 00:55:00+00:00,1176.25,1176.5,1174.75,1175.0,267
2026-03-26 01:00:00+00:00,1174.75,1175.0,1173.75,1173.75,193
2026-03-26 01:05:00+00:00,1173.75,1174.25,1173.25,1174.0,129
2026-03-26 01:10:00+00:00,1174.0,1174.25,1173.25,1173.25,177
2026-03-26 01:15:00+00:00,1173.5,1174.25,1173.5,1174.0,19
2026-03-26 01:20:00+00:00,1174.25,1174.25,1173.75,1173.75,38
2026-03-26 01:25:00+00:00,1173.75,1175.0,1173.75,1175.0,95
2026-03-26 01:30:00+00:00,1175.0,1175.5,1174.25,1175.0,128
2026-03-26 01:35:00+00:00,1175.0,1175.5,1174.75,1175.5,270
2026-03-26 01:40:00+00:00,1175.5,1175.5,1174.25,1174.75,53
2026-03-26 01:45:00+00:00,1174.25,1174.5,1174.0,1174.25,30
2026-03-26 01:50:00+00:00,1174.25,1174.25,1174.0,1174.25,30
2026-03-26 01:55:00+00:00,1174.25,1174.5,1174.0,1174.5,30
2026-03-26 02:00:00+00:00,1174.25,1174.25,1173.75,1174.0,59
2026-03-26 02:05:00+00:00,1174.0,1174.0,1173.5,1173.75,21
2026-03-26 02:10:00+00:00,1173.5,1173.5,1171.75,1172.25,261
2026-03-26 02:15:00+00:00,1172.0,1172.75,1172.0,1172.25,81
2026-03-26 02:20:00+00:00,1172.25,1172.5,1171.5,1172.0,60
2026-03-26 02:25:00+00:00,1172.0,1172.5,1172.0,1172.25,51
2026-03-26 02:30:00+00:00,1172.25,1173.25,1172.0,1173.0,38
2026-03-26 02:35:00+00:00,1173.25,1173.5,1172.5,1172.5,46
2026-03-26 02:40:00+00:00,1172.5,1172.75,1172.5,1172.75,42
2026-03-26 02:45:00+00:00,1172.5,1172.5,1172.25,1172.25,110
2026-03-26 02:50:00+00:00,1172.75,1173.5,1172.75,1173.5,14
2026-03-26 02:55:00+00:00,1173.5,1173.75,1173.5,1173.75,27
2026-03-26 03:00:00+00:00,1173.5,1174.0,1173.0,1173.0,36
2026-03-26 03:05:00+00:00,1173.25,1173.25,1173.0,1173.0,10
2026-03-26 03:10:00+00:00,1173.25,1173.25,1172.75,1173.25,17
2026-03-26 03:15:00+00:00,1173.25,1173.5,1173.25,1173.5,13
2026-03-26 03:20:00+00:00,1173.5,1174.25,1173.5,1174.0,32
2026-03-26 03:25:00+00:00,1174.0,1174.25,1174.0,1174.25,10
2026-03-26 03:30:00+00:00,1174.25,1174.5,1174.25,1174.25,8
2026-03-26 03:35:00+00:00,1174.25,1174.25,1174.25,1174.25,3
2026-03-26 03:40:00+00:00,1174.5,1174.5,1174.5,1174.5,5
2026-03-26 03:45:00+00:00,1174.75,1174.75,1174.5,1174.5,4
2026-03-26 03:50:00+00:00,1174.75,1174.75,1174.75,1174.75,22
2026-03-26 03:55:00+00:00,1175.0,1175.0,1175.0,1175.0,3
2026-03-26 04:00:00+00:00,1174.75,1174.75,1174.5,1174.5,13
2026-03-26 04:05:00+00:00,1174.5,1174.5,1173.75,1174.0,35
2026-03-26 04:10:00+00:00,1173.75,1173.75,1173.75,1173.75,3
2026-03-26 04:15:00+00:00,1173.75,1174.0,1173.75,1174.0,3
2026-03-26 04:20:00+00:00,1174.0,1174.0,1174.0,1174.0,1
2026-03-26 04:25:00+00:00,1174.0,1174.0,1174.0,1174.0,13
2026-03-26 04:30:00+00:00,1174.25,1174.25,1174.25,1174.25,1
2026-03-26 04:35:00+00:00,1174.25,1174.5,1174.0,1174.0,9
2026-03-26 04:40:00+00:00,1174.0,1174.0,1173.5,1173.75,11
2026-03-26 04:45:00+00:00,1173.75,1173.75,1173.75,1173.75,6
2026-03-26 04:50:00+00:00,1174.0,1174.0,1174.0,1174.0,11
2026-03-26 04:55:00+00:00,1174.0,1174.0,1174.0,1174.0,4
2026-03-26 05:00:00+00:00,1174.0,1174.0,1174.0,1174.0,2
2026-03-26 05:05:00+00:00,1174.25,1174.25,1174.0,1174.0,3
2026-03-26 05:10:00+00:00,1174.0,1174.0,1173.5,1173.5,220
2026-03-26 05:15:00+00:00,1173.5,1173.5,1173.25,1173.25,29
2026-03-26 05:20:00+00:00,1173.5,1173.5,1172.75,1172.75,27
2026-03-26 05:25:00+00:00,1173.0,1173.0,1172.5,1173.0,14
2026-03-26 05:30:00+00:00,1173.0,1173.5,1173.0,1173.25,17
2026-03-26 05:35:00+00:00,1173.25,1173.25,1173.0,1173.0,99
2026-03-26 05:40:00+00:00,1173.25,1173.5,1173.25,1173.5,9
2026-03-26 05:45:00+00:00,1173.25,1173.75,1173.0,1173.75,28
2026-03-26 05:50:00+00:00,1173.25,1173.5,1173.0,1173.5,29
2026-03-26 05:55:00+00:00,1173.5,1174.25,1173.25,1174.0,30
2026-03-26 06:00:00+00:00,1174.0,1175.0,1174.0,1174.25,173
2026-03-26 06:05:00+00:00,1174.5,1174.5,1173.75,1174.0,25
2026-03-26 06:10:00+00:00,1173.75,1173.75,1173.5,1173.5,20
2026-03-26 06:15:00+00:00,1173.75,1174.0,1173.75,1173.75,8
2026-03-26 06:20:00+00:00,1173.75,1174.5,1173.5,1174.5,61
2026-03-26 06:25:00+00:00,1174.5,1175.0,1174.5,1175.0,23
2026-03-26 06:30:00+00:00,1174.75,1175.25,1174.0,1174.0,109
2026-03-26 06:35:00+00:00,1173.75,1173.75,1173.25,1173.5,33
2026-03-26 06:40:00+00:00,1173.5,1174.5,1173.5,1174.5,141
2026-03-26 06:45:00+00:00,1174.25,1174.25,1173.5,1174.0,32
2026-03-26 06:50:00+00:00,1174.0,1174.5,1174.0,1174.25,11
2026-03-26 06:55:00+00:00,1174.5,1175.5,1174.25,1175.0,113
2026-03-26 07:00:00+00:00,1175.0,1175.75,1175.0,1175.0,47
2026-03-26 07:05:00+00:00,1175.0,1175.25,1174.75,1175.0,228
2026-03-26 07:10:00+00:00,1174.75,1175.25,1174.75,1175.0,67
2026-03-26 07:15:00+00:00,1175.0,1175.0,1171.75,1174.25,513
2026-03-26 07:20:00+00:00,1174.25,1174.5,1174.0,1174.5,28
2026-03-26 07:25:00+00:00,1174.25,1174.25,1173.5,1173.5,19
2026-03-26 07:30:00+00:00,1173.75,1173.75,1173.0,1173.0,31
2026-03-26 07:35:00+00:00,1173.25,1173.75,1173.25,1173.5,32
2026-03-26 07:40:00+00:00,1173.25,1173.5,1173.25,1173.5,12
2026-03-26 07:45:00+00:00,1173.25,1173.75,1173.25,1173.25,43
2026-03-26 07:50:00+00:00,1173.5,1173.5,1173.25,1173.5,11
2026-03-26 07:55:00+00:00,1173.75,1173.75,1173.25,1173.25,55
2026-03-26 08:00:00+00:00,1173.25,1173.25,1172.0,1172.5,172
2026-03-26 08:05:00+00:00,1172.75,1173.75,1172.75,1173.5,161
2026-03-26 08:10:00+00:00,1173.25,1173.5,1173.0,1173.25,31
2026-03-26 08:15:00+00:00,1173.25,1173.25,1172.75,1173.25,77
2026-03-26 08:20:00+00:00,1173.0,1173.25,1173.0,1173.25,25
2026-03-26 08:25:00+00:00,1173.25,1173.5,1172.5,1173.25,103
2026-03-26 08:30:00+00:00,1173.0,1173.25,1172.5,1172.75,128
2026-03-26 08:35:00+00:00,1172.5,1173.5,1172.5,1173.5,174
2026-03-26 08:40:00+00:00,1173.25,1173.25,1173.0,1173.0,48
2026-03-26 08:45:00+00:00,1173.25,1173.25,1172.75,1173.0,46
2026-03-26 08:50:00+00:00,1173.25,1173.25,1173.0,1173.0,27
2026-03-26 08:55:00+00:00,1173.25,1173.25,1173.25,1173.25,31
2026-03-26 09:00:00+00:00,1173.0,1173.25,1172.75,1173.0,23
2026-03-26 09:05:00+00:00,1173.0,1173.25,1172.5,1173.25,61
2026-03-26 09:10:00+00:00,1173.0,1173.5,1173.0,1173.5,39
2026-03-26 09:15:00+00:00,1173.5,1173.5,1173.0,1173.5,59
2026-03-26 09:20:00+00:00,1173.25,1173.5,1173.25,1173.25,16
2026-03-26 09:25:00+00:00,1173.5,1173.5,1173.0,1173.0,74
2026-03-26 09:30:00+00:00,1173.25,1173.75,1173.25,1173.25,114
2026-03-26 09:35:00+00:00,1173.0,1174.0,1173.0,1173.75,92
2026-03-26 09:40:00+00:00,1173.5,1173.75,1173.25,1173.5,38
2026-03-26 09:45:00+00:00,1173.5,1174.0,1173.25,1173.5,79
2026-03-26 09:50:00+00:00,1173.5,1173.5,1172.75,1172.75,108
2026-03-26 09:55:00+00:00,1172.75,1173.0,1172.25,1172.75,121
2026-03-26 10:00:00+00:00,1172.75,1173.25,1172.5,1173.25,91
2026-03-26 10:05:00+00:00,1173.0,1173.0,1172.5,1172.5,51
2026-03-26 10:10:00+00:00,1172.5,1172.5,1172.5,1172.5,11
2026-03-26 10:15:00+00:00,1172.25,1172.75,1172.0,1172.75,23
2026-03-26 10:20:00+00:00,1172.5,1172.5,1171.75,1172.0,23
2026-03-26 10:25:00+00:00,1172.0,1173.0,1172.0,1172.5,115
2026-03-26 10:30:00+00:00,1172.5,1173.0,1172.5,1173.0,12
2026-03-26 10:35:00+00:00,1173.25,1174.25,1173.25,1174.0,108
2026-03-26 10:40:00+00:00,1174.0,1174.0,1172.25,1172.25,101
2026-03-26 10:45:00+00:00,1172.25,1173.25,1172.0,1173.0,69
2026-03-26 10:50:00+00:00,1173.0,1173.25,1172.75,1173.0,43
2026-03-26 10:55:00+00:00,1173.0,1173.25,1173.0,1173.0,24
2026-03-26 11:00:00+00:00,1172.75,1173.0,1172.0,1172.25,107
2026-03-26 11:05:00+00:00,1172.25,1172.5,1172.0,1172.5,55
2026-03-26 11:10:00+00:00,1172.5,1172.75,1172.25,1172.5,28
2026-03-26 11:15:00+00:00,1172.5,1172.5,1172.25,1172.5,126
2026-03-26 11:20:00+00:00,1172.5,1173.0,1172.5,1173.0,41
2026-03-26 11:25:00+00:00,1173.0,1173.25,1172.5,1173.0,44
2026-03-26 11:30:00+00:00,1173.0,1173.5,1173.0,1173.25,51
2026-03-26 11:35:00+00:00,1173.0,1173.0,1172.0,1172.0,68
2026-03-26 11:40:00+00:00,1172.0,1172.5,1172.0,1172.5,52
2026-03-26 11:45:00+00:00,1172.5,1172.75,1172.0,1172.0,68
2026-03-26 11:50:00+00:00,1172.0,1172.25,1171.5,1172.25,107
2026-03-26 11:55:00+00:00,1172.25,1172.5,1171.75,1172.25,51
2026-03-26 12:00:00+00:00,1172.5,1173.0,1170.5,1170.75,351
2026-03-26 12:05:00+00:00,1170.75,1171.75,1170.5,1171.5,167
2026-03-26 12:10:00+00:00,1171.5,1171.5,1171.25,1171.25,161
2026-03-26 12:15:00+00:00,1171.25,1171.5,1170.75,1171.0,212
2026-03-26 12:20:00+00:00,1171.0,1171.5,1171.0,1171.25,253
2026-03-26 12:25:00+00:00,1171.25,1171.5,1171.0,1171.5,176
2026-03-26 12:30:00+00:00,1171.5,1173.5,1171.25,1172.0,575
2026-03-26 12:35:00+00:00,1172.25,1174.5,1172.25,1174.5,265
2026-03-26 12:40:00+00:00,1174.5,1175.5,1174.25,1175.5,324
2026-03-26 13:30:00+00:00,1175.5,1176.0,1171.5,1172.5,6633
2026-03-26 13:35:00+00:00,1172.75,1172.75,1169.5,1169.5,2378
2026-03-26 13:40:00+00:00,1169.75,1170.75,1167.5,1168.0,1647
2026-03-26 13:45:00+00:00,1168.25,1169.25,1168.0,1168.0,986
2026-03-26 13:50:00+00:00,1168.0,1169.25,1167.0,1168.25,1585
2026-03-26 13:55:00+00:00,1168.25,1169.5,1167.75,1167.75,3224
2026-03-26 14:00:00+00:00,1168.0,1170.75,1168.0,1169.5,1378
2026-03-26 14:05:00+00:00,1169.75,1170.75,1169.25,1170.25,898
2026-03-26 14:10:00+00:00,1170.25,1171.5,1169.75,1171.5,1208
2026-03-26 14:15:00+00:00,1171.25,1173.0,1171.25,1172.75,1591
2026-03-26 14:20:00+00:00,1172.75,1175.0,1172.75,1174.25,1057
2026-03-26 14:25:00+00:00,1174.0,1175.0,1173.0,1174.75,1427
2026-03-26 14:30:00+00:00,1174.75,1174.75,1172.25,1173.75,686
2026-03-26 14:35:00+00:00,1173.75,1175.75,1173.75,1174.0,1264
2026-03-26 14:40:00+00:00,1174.25,1176.75,1173.75,1176.5,1358
2026-03-26 14:45:00+00:00,1176.75,1176.75,1175.5,1175.75,1151
2026-03-26 14:50:00+00:00,1175.75,1176.25,1174.0,1175.0,1547
2026-03-26 14:55:00+00:00,1175.25,1175.75,1174.5,1175.25,3164
2026-03-26 15:00:00+00:00,1175.5,1175.75,1172.75,1174.75,723
2026-03-26 15:05:00+00:00,1174.75,1176.25,1174.75,1175.5,1784
2026-03-26 15:10:00+00:00,1175.25,1175.75,1174.5,1174.5,704
2026-03-26 15:15:00+00:00,1174.75,1175.0,1173.5,1173.75,363
2026-03-26 15:20:00+00:00,1174.0,1174.0,1172.75,1173.25,446
2026-03-26 15:25:00+00:00,1173.25,1175.5,1173.25,1175.25,486
2026-03-26 15:30:00+00:00,1175.25,1176.0,1174.75,1175.75,744
2026-03-26 15:35:00+00:00,1176.0,1177.0,1175.75,1175.75,1001
2026-03-26 15:40:00+00:00,1176.0,1176.25,1175.75,1176.0,328
2026-03-26 15:45:00+00:00,1176.25,1176.75,1173.5,1174.5,4107
2026-03-26 15:50:00+00:00,1174.5,1175.5,1174.25,1175.5,518
2026-03-26 15:55:00+00:00,1175.25,1176.5,1175.25,1176.25,1117
2026-03-26 16:00:00+00:00,1176.25,1177.5,1176.0,1177.5,771
2026-03-26 16:05:00+00:00,1177.25,1177.75,1176.5,1176.5,1047
2026-03-26 16:10:00+00:00,1176.5,1178.25,1176.5,1178.25,695
2026-03-26 16:15:00+00:00,1178.25,1178.75,1177.75,1178.25,1572
2026-03-26 16:20:00+00:00,1178.0,1178.25,1176.75,1177.75,547
2026-03-26 16:25:00+00:00,1178.0,1178.75,1177.75,1178.5,814
2026-03-26 16:30:00+00:00,1178.5,1179.25,1178.0,1179.0,1434
2026-03-26 16:35:00+00:00,1178.75,1179.25,1178.5,1179.0,691
2026-03-26 16:40:00+00:00,1179.0,1179.25,1177.25,1177.5,652
2026-03-26 16:45:00+00:00,1177.75,1177.75,1176.0,1176.0,611
2026-03-26 16:50:00+00:00,1176.0,1176.25,1173.0,1174.5,1859
2026-03-26 16:55:00+00:00,1174.25,1175.0,1173.75,1173.75,538
2026-03-26 17:00:00+00:00,1174.0,1175.5,1174.0,1175.0,1264
2026-03-26 17:05:00+00:00,1175.0,1175.25,1174.25,1175.25,666
2026-03-26 17:10:00+00:00,1175.5,1177.0,1174.75,1177.0,1062
2026-03-26 17:15:00+00:00,1177.0,1177.75,1176.5,1177.0,908
2026-03-26 17:20:00+00:00,1176.75,1177.75,1176.75,1176.75,585
2026-03-26 17:25:00+00:00,1177.0,1177.75,1176.25,1176.5,544
2026-03-26 17:30:00+00:00,1176.5,1177.75,1176.25,1177.25,1015
2026-03-26 17:35:00+00:00,1177.5,1178.5,1177.5,1177.75,891
2026-03-26 17:40:00+00:00,1178.0,1178.75,1177.5,1178.75,1231
2026-03-26 17:45:00+00:00,1178.5,1179.0,1178.0,1178.25,749
2026-03-26 17:50:00+00:00,1178.0,1178.25,1176.5,1176.75,865
2026-03-26 17:55:00+00:00,1176.5,1176.5,1174.5,1175.0,765
2026-03-26 18:00:00+00:00,1175.25,1176.0,1175.0,1175.25,762
2026-03-26 18:05:00+00:00,1175.25,1176.25,1175.0,1175.75,948
2026-03-26 18:10:00+00:00,1175.75,1176.0,1173.0,1173.0,3674
2026-03-26 18:15:00+00:00,1173.25,1173.75,1170.5,1171.0,2407
2026-03-27 00:00:00+00:00,1172.0,1173.0,1170.25,1172.25,0
2026-03-27 00:05:00+00:00,1172.5,1172.5,1171.5,1171.75,80
2026-03-27 00:10:00+00:00,1171.5,1172.25,1171.5,1172.0,40
2026-03-27 00:15:00+00:00,1172.0,1173.0,1171.75,1172.25,81
2026-03-27 00:20:00+00:00,1172.0,1172.5,1171.75,1172.5,25
2026-03-27 00:25:00+00:00,1172.25,1173.25,1172.0,1173.0,39
2026-03-27 00:30:00+00:00,1173.0,1173.5,1172.75,1173.25,692
2026-03-27 00:35:00+00:00,1173.5,1173.5,1173.0,1173.25,14
2026-03-27 00:40:00+00:00,1173.25,1173.25,1172.75,1172.75,24
2026-03-27 00:45:00+00:00,1173.0,1173.5,1172.75,1173.25,34
2026-03-27 00:50:00+00:00,1173.5,1173.5,1173.25,1173.5,8
2026-03-27 00:55:00+00:00,1173.5,1174.0,1173.5,1173.75,43
2026-03-27 01:00:00+00:00,1174.0,1174.0,1173.25,1173.25,63
2026-03-27 01:05:00+00:00,1173.0,1173.25,1171.75,1172.0,58
2026-03-27 01:10:00+00:00,1171.75,1171.75,1171.0,1171.75,56
2026-03-27 01:15:00+00:00,1171.75,1172.25,1171.5,1172.0,20
2026-03-27 01:20:00+00:00,1172.0,1173.0,1172.0,1172.5,23
2026-03-27 01:25:00+00:00,1172.5,1172.75,1172.25,1172.5,10
2026-03-27 01:30:00+00:00,1172.75,1173.0,1172.5,1172.75,9
2026-03-27 01:35:00+00:00,1172.5,1172.75,1172.25,1172.25,8
2026-03-27 01:40:00+00:00,1172.25,1172.75,1172.25,1172.5,20
2026-03-27 01:45:00+00:00,1172.5,1172.5,1172.25,1172.25,15
2026-03-27 01:50:00+00:00,1172.5,1172.5,1172.5,1172.5,8
2026-03-27 01:55:00+00:00,1172.5,1172.75,1172.0,1172.25,15
2026-03-27 02:00:00+00:00,1172.25,1172.25,1171.0,1171.5,83
2026-03-27 02:05:00+00:00,1171.5,1171.75,1171.25,1171.5,40
2026-03-27 02:10:00+00:00,1171.75,1171.75,1171.5,1171.75,6
2026-03-27 02:15:00+00:00,1171.75,1173.5,1171.75,1173.25,28
2026-03-27 02:20:00+00:00,1173.25,1173.25,1173.0,1173.0,8
2026-03-27 02:25:00+00:00,1172.75,1173.25,1172.75,1173.0,9
2026-03-27 02:30:00+00:00,1173.0,1173.0,1172.0,1172.0,33
2026-03-27 02:35:00+00:00,1172.5,1173.0,1172.5,1173.0,6
2026-03-27 02:40:00+00:00,1173.0,1173.5,1173.0,1173.0,14
2026-03-27 02:45:00+00:00,1173.0,1173.0,1172.75,1173.0,5
2026-03-27 02:50:00+00:00,1173.25,1173.75,1173.25,1173.5,8
2026-03-27 02:55:00+00:00,1173.25,1173.75,1173.25,1173.5,22
2026-03-27 03:00:00+00:00,1173.25,1173.75,1173.25,1173.5,13
2026-03-27 03:05:00+00:00,1173.5,1173.5,1173.25,1173.25,8
2026-03-27 03:10:00+00:00,1173.25,1173.5,1173.25,1173.25,6
2026-03-27 03:15:00+00:00,1173.5,1173.75,1173.5,1173.75,13
2026-03-27 03:20:00+00:00,1173.75,1174.25,1173.75,1174.0,8
2026-03-27 03:25:00+00:00,1174.0,1174.5,1174.0,1174.25,43
2026-03-27 03:30:00+00:00,1174.25,1174.25,1173.75,1174.0,16
2026-03-27 03:35:00+00:00,1174.0,1174.25,1174.0,1174.25,17
2026-03-27 03:40:00+00:00,1174.25,1174.5,1174.25,1174.5,15
2026-03-27 03:45:00+00:00,1174.5,1174.5,1174.5,1174.5,6
2026-03-27 03:50:00+00:00,1174.5,1174.5,1174.5,1174.5,1
2026-03-27 03:55:00+00:00,1174.5,1174.75,1174.5,1174.75,13
2026-03-27 04:00:00+00:00,1174.5,1174.75,1174.5,1174.5,5
2026-03-27 04:05:00+00:00,1174.5,1175.5,1174.5,1175.5,352
2026-03-27 04:10:00+00:00,1175.5,1175.5,1175.25,1175.25,6
2026-03-27 04:15:00+00:00,1175.25,1175.25,1175.25,1175.25,5
2026-03-27 04:20:00+00:00,1175.0,1175.25,1174.75,1175.25,13
2026-03-27 04:25:00+00:00,1175.25,1175.25,1175.0,1175.0,10
2026-03-27 04:30:00+00:00,1175.0,1175.0,1175.0,1175.0,2
2026-03-27 04:35:00+00:00,1174.75,1175.0,1174.75,1175.0,4
2026-03-27 04:40:00+00:00,1175.0,1175.0,1175.0,1175.0,1
2026-03-27 04:45:00+00:00,1174.75,1175.25,1174.75,1175.25,15
2026-03-27 04:50:00+00:00,1175.25,1175.25,1175.25,1175.25,7
2026-03-27 04:55:00+00:00,1175.5,1176.0,1175.25,1175.75,66
2026-03-27 05:00:00+00:00,1175.75,1176.75,1175.75,1176.75,117
2026-03-27 05:05:00+00:00,1176.5,1176.75,1176.25,1176.5,20
2026-03-27 05:10:00+00:00,1176.25,1176.25,1175.75,1175.75,12
2026-03-27 05:15:00+00:00,1175.75,1176.0,1175.75,1176.0,10
2026-03-27 05:20:00+00:00,1176.0,1176.0,1175.75,1175.75,4
2026-03-27 05:25:00+00:00,1176.0,1176.25,1176.0,1176.25,16
2026-03-27 05:30:00+00:00,1176.25,1176.5,1175.75,1175.75,18
2026-03-27 05:35:00+00:00,1175.5,1175.5,1174.5,1175.0,27
2026-03-27 05:40:00+00:00,1175.0,1175.25,1175.0,1175.25,6
2026-03-27 05:45:00+00:00,1175.25,1175.25,1174.75,1174.75,10
2026-03-27 05:50:00+00:00,1175.0,1175.25,1175.0,1175.25,13
2026-03-27 05:55:00+00:00,1175.5,1175.5,1175.5,1175.5,4
2026-03-27 06:00:00+00:00,1175.25,1175.5,1174.5,1174.5,7
2026-03-27 06:05:00+00:00,1174.75,1174.75,1174.25,1174.75,49
2026-03-27 06:10:00+00:00,1175.0,1175.75,1174.75,1175.5,18
2026-03-27 06:15:00+00:00,1176.0,1176.0,1175.25,1175.25,25
2026-03-27 06:20:00+00:00,1175.75,1175.75,1175.25,1175.5,16
2026-03-27 06:25:00+00:00,1176.0,1176.0,1175.5,1175.75,20
2026-03-27 06:30:00+00:00,1175.75,1175.75,1175.5,1175.75,10
2026-03-27 06:35:00+00:00,1175.75,1175.75,1175.5,1175.5,15
2026-03-27 06:40:00+00:00,1176.0,1176.0,1175.5,1175.75,11
2026-03-27 06:45:00+00:00,1175.75,1176.0,1175.75,1175.75,9
2026-03-27 06:50:00+00:00,1176.25,1176.25,1176.0,1176.0,18
2026-03-27 06:55:00+00:00,1176.0,1176.0,1175.75,1176.0,14
2026-03-27 07:00:00+00:00,1175.75,1176.0,1175.25,1175.25,37
2026-03-27 07:05:00+00:00,1175.25,1175.5,1175.25,1175.5,16
2026-03-27 07:10:00+00:00,1175.5,1176.0,1175.25,1175.75,18
2026-03-27 07:15:00+00:00,1175.75,1175.75,1175.5,1175.75,13
2026-03-27 07:20:00+00:00,1175.75,1176.0,1175.5,1175.5,38
2026-03-27 07:25:00+00:00,1175.75,1176.25,1175.75,1176.25,31
2026-03-27 07:30:00+00:00,1176.25,1176.25,1176.25,1176.25,2
2026-03-27 07:35:00+00:00,1176.0,1176.25,1175.75,1176.0,83
2026-03-27 07:40:00+00:00,1175.75,1176.25,1175.75,1176.25,19
2026-03-27 07:45:00+00:00,1176.25,1176.25,1176.25,1176.25,6
2026-03-27 07:50:00+00:00,1176.0,1176.25,1176.0,1176.25,8
2026-03-27 07:55:00+00:00,1176.0,1176.25,1175.5,1176.0,53
2026-03-27 08:00:00+00:00,1176.0,1176.5,1173.0,1175.5,479
2026-03-27 08:05:00+00:00,1175.75,1176.25,1175.0,1175.0,110
2026-03-27 08:10:00+00:00,1175.0,1176.0,1175.0,1176.0,81
2026-03-27 08:15:00+00:00,1175.75,1176.25,1175.5,1175.75,21
2026-03-27 08:20:00+00:00,1176.0,1176.5,1176.0,1176.5,48
2026-03-27 08:25:00+00:00,1176.5,1176.75,1176.25,1176.5,83
2026-03-27 08:30:00+00:00,1176.5,1176.75,1176.5,1176.75,32
2026-03-27 08:35:00+00:00,1176.75,1177.75,1176.25,1176.5,102
2026-03-27 08:40:00+00:00,1176.5,1176.5,1176.25,1176.5,16
2026-03-27 08:45:00+00:00,1176.25,1177.0,1176.25,1177.0,78
2026-03-27 08:50:00+00:00,1177.25,1177.25,1176.75,1176.75,21
2026-03-27 08:55:00+00:00,1177.0,1177.5,1177.0,1177.25,77
2026-03-27 09:00:00+00:00,1177.0,1177.5,1177.0,1177.25,118
2026-03-27 09:05:00+00:00,1177.25,1177.25,1177.0,1177.25,17
2026-03-27 09:10:00+00:00,1177.0,1177.25,1176.75,1176.75,52
2026-03-27 09:15:00+00:00,1176.75,1176.75,1176.5,1176.5,20
2026-03-27 09:20:00+00:00,1176.5,1176.5,1175.5,1176.25,39
2026-03-27 09:25:00+00:00,1176.25,1176.75,1176.25,1176.5,41
2026-03-27 09:30:00+00:00,1176.75,1176.75,1176.5,1176.5,17
2026-03-27 09:35:00+00:00,1176.5,1176.75,1176.25,1176.25,75
2026-03-27 09:40:00+00:00,1176.5,1177.25,1176.5,1177.25,56
2026-03-27 09:45:00+00:00,1177.0,1177.0,1176.5,1176.5,19
2026-03-27 09:50:00+00:00,1176.5,1176.75,1176.25,1176.75,25
2026-03-27 09:55:00+00:00,1176.75,1177.0,1176.5,1176.75,58
2026-03-27 10:00:00+00:00,1176.75,1177.25,1176.5,1176.5,41
2026-03-27 10:05:00+00:00,1176.5,1176.75,1176.5,1176.75,21
2026-03-27 10:10:00+00:00,1177.0,1177.0,1177.0,1177.0,8
2026-03-27 10:15:00+00:00,1177.0,1178.0,1177.0,1178.0,110
2026-03-27 10:20:00+00:00,1178.0,1178.25,1177.5,1177.75,105
2026-03-27 10:25:00+00:00,1177.5,1177.75,1177.5,1177.5,115
2026-03-27 10:30:00+00:00,1177.25,1177.25,1177.0,1177.25,22
2026-03-27 10:35:00+00:00,1177.25,1177.75,1177.25,1177.25,30
2026-03-27 10:40:00+00:00,1177.25,1177.75,1177.25,1177.5,72
2026-03-27 10:45:00+00:00,1177.5,1178.0,1177.5,1177.75,20
2026-03-27 10:50:00+00:00,1178.0,1178.25,1177.75,1178.0,47
2026-03-27 10:55:00+00:00,1178.0,1178.25,1177.75,1177.75,120
2026-03-27 11:00:00+00:00,1177.75,1177.75,1177.0,1177.25,114
2026-03-27 11:05:00+00:00,1177.5,1177.5,1177.25,1177.5,365
2026-03-27 11:10:00+00:00,1177.5,1177.75,1177.5,1177.5,82
2026-03-27 11:15:00+00:00,1177.25,1177.5,1177.0,1177.5,31
2026-03-27 11:20:00+00:00,1177.25,1177.75,1177.25,1177.75,101
2026-03-27 11:25:00+00:00,1177.75,1178.75,1177.75,1178.5,117
2026-03-27 11:30:00+00:00,1178.5,1178.75,1178.0,1178.25,260
2026-03-27 11:35:00+00:00,1178.25,1178.5,1177.75,1178.5,81
2026-03-27 11:40:00+00:00,1178.5,1178.75,1178.0,1178.0,210
2026-03-27 11:45:00+00:00,1178.0,1178.25,1177.5,1177.75,151
2026-03-27 11:50:00+00:00,1177.5,1177.5,1176.25,1176.25,211
2026-03-27 11:55:00+00:00,1176.0,1176.5,1175.5,1176.25,166
2026-03-27 12:00:00+00:00,1176.25,1176.25,1175.25,1175.25,237
2026-03-27 12:05:00+00:00,1175.0,1175.0,1174.25,1174.75,211
2026-03-27 12:10:00+00:00,1175.0,1175.25,1174.5,1175.0,229
2026-03-27 12:15:00+00:00,1175.0,1175.75,1174.5,1174.5,1095
2026-03-27 12:20:00+00:00,1174.5,1175.75,1174.25,1175.75,115
2026-03-27 12:25:00+00:00,1175.75,1176.25,1175.75,1176.25,194
2026-03-27 12:30:00+00:00,1176.0,1176.5,1175.5,1175.5,454
2026-03-27 12:35:00+00:00,1175.75,1175.75,1174.25,1174.75,148
2026-03-27 12:40:00+00:00,1174.75,1175.0,1174.0,1174.25,494
2026-03-27 13:30:00+00:00,1174.75,1175.75,1172.25,1173.5,3797
2026-03-27 13:35:00+00:00,1173.25,1173.75,1172.25,1173.5,1307
2026-03-27 13:40:00+00:00,1173.5,1173.5,1172.0,1172.5,3191
2026-03-27 13:45:00+00:00,1172.75,1172.75,1171.25,1171.5,1137
2026-03-27 13:50:00+00:00,1171.5,1172.5,1171.25,1172.0,1364
2026-03-27 13:55:00+00:00,1172.0,1172.75,1171.25,1172.0,658
2026-03-27 14:00:00+00:00,1172.0,1172.25,1170.5,1171.5,992
2026-03-27 14:05:00+00:00,1171.75,1173.25,1171.5,1173.25,799
2026-03-27 14:10:00+00:00,1173.25,1173.25,1171.5,1172.0,488
2026-03-27 14:15:00+00:00,1172.0,1172.5,1171.75,1172.0,2670
2026-03-27 14:20:00+00:00,1172.0,1173.75,1172.0,1172.75,600
2026-03-27 14:25:00+00:00,1172.75,1172.75,1171.75,1172.25,793
2026-03-27 14:30:00+00:00,1172.25,1172.75,1171.25,1172.5,513
2026-03-27 14:35:00+00:00,1172.5,1173.75,1172.0,1172.25,1221
2026-03-27 14:40:00+00:00,1172.5,1172.75,1171.75,1172.5,456
2026-03-27 14:45:00+00:00,1172.5,1172.75,1171.25,1171.25,240
2026-03-27 14:50:00+00:00,1171.25,1171.5,1170.75,1170.75,448
2026-03-27 14:55:00+00:00,1170.75,1170.75,1169.25,1169.25,723
2026-03-27 15:00:00+00:00,1169.25,1170.5,1169.25,1170.5,1362
2026-03-27 15:05:00+00:00,1170.5,1170.5,1169.75,1170.0,458
2026-03-27 15:10:00+00:00,1170.0,1170.25,1169.5,1169.5,421
2026-03-27 15:15:00+00:00,1168.75,1169.0,1168.5,1168.5,890
2026-03-27 15:20:00+00:00,1168.5,1169.0,1164.5,1166.25,2222
2026-03-27 15:25:00+00:00,1166.25,1167.0,1165.5,1165.75,857
2026-03-27 15:30:00+00:00,1165.75,1166.0,1164.5,1165.25,1262
2026-03-27 15:35:00+00:00,1165.25,1165.5,1164.25,1165.0,918
2026-03-27 15:40:00+00:00,1165.0,1165.5,1164.5,1165.5,406
2026-03-27 15:45:00+00:00,1165.5,1165.75,1164.75,1165.5,929
2026-03-27 15:50:00+00:00,1165.75,1167.5,1165.75,1166.75,2105
2026-03-27 15:55:00+00:00,1167.0,1168.5,1166.75,1168.25,417
2026-03-27 16:00:00+00:00,1168.25,1168.25,1166.75,1167.0,408
2026-03-27 16:05:00+00:00,1167.0,1168.0,1167.0,1168.0,445
2026-03-27 16:10:00+00:00,1168.0,1169.0,1167.75,1168.5,617
2026-03-27 16:15:00+00:00,1168.5,1168.5,1167.25,1168.0,558
2026-03-27 16:20:00+00:00,1168.25,1168.5,1168.0,1168.25,436
2026-03-27 16:25:00+00:00,1168.25,1172.0,1168.25,1170.0,4438
2026-03-27 16:30:00+00:00,1169.75,1170.75,1162.75,1164.75,4023
2026-03-27 16:35:00+00:00,1165.0,1170.75,1163.5,1167.25,3131
2026-03-27 16:40:00+00:00,1166.75,1166.75,1163.25,1166.25,1684
2026-03-27 16:45:00+00:00,1166.0,1169.0,1165.75,1168.75,896
2026-03-27 16:50:00+00:00,1168.75,1174.5,1167.0,1168.0,7756
2026-03-27 16:55:00+00:00,1167.75,1168.5,1164.25,1164.25,1476
2026-03-27 17:00:00+00:00,1164.5,1164.5,1159.0,1160.5,4289
2026-03-27 17:05:00+00:00,1160.5,1160.5,1157.75,1158.25,2139
2026-03-27 17:10:00+00:00,1158.5,1159.25,1157.5,1158.75,1621
2026-03-27 17:15:00+00:00,1158.5,1160.0,1157.0,1159.75,1646
2026-03-27 17:20:00+00:00,1159.75,1160.25,1157.75,1158.25,1319
2026-03-27 17:25:00+00:00,1158.5,1158.75,1156.0,1156.25,1651
2026-03-27 17:30:00+00:00,1156.0,1157.25,1155.75,1156.0,2055
2026-03-27 17:35:00+00:00,1156.0,1158.25,1155.75,1158.0,1345
2026-03-27 17:40:00+00:00,1158.0,1158.75,1157.0,1158.25,1602
2026-03-27 17:45:00+00:00,1158.25,1158.5,1156.75,1158.0,1287
2026-03-27 17:50:00+00:00,1158.0,1160.25,1158.0,1159.5,1464
2026-03-27 17:55:00+00:00,1159.5,1160.5,1159.25,1160.0,1272
2026-03-27 18:00:00+00:00,1160.25,1160.5,1159.5,1160.0,1883
2026-03-27 18:05:00+00:00,1160.0,1160.5,1159.75,1160.25,912
2026-03-27 18:10:00+00:00,1160.0,1160.25,1158.75,1159.25,5441
2026-03-27 18:15:00+00:00,1159.25,1160.0,1158.5,1159.5,3376
2026-03-30 00:00:00+00:00,1165.0,1165.75,1158.25,1165.25,881
2026-03-30 00:05:00+00:00,1165.25,1168.0,1164.5,1167.75,731
2026-03-30 00:10:00+00:00,1167.5,1167.5,1165.75,1166.0,286
2026-03-30 00:15:00+00:00,1166.0,1166.75,1164.25,1164.75,337
2026-03-30 00:20:00+00:00,1164.75,1165.0,1163.0,1163.25,140
2026-03-30 00:25:00+00:00,1163.5,1164.0,1162.5,1163.5,209
2026-03-30 00:30:00+00:00,1163.75,1164.0,1163.25,1163.75,39
2026-03-30 00:35:00+00:00,1164.0,1164.5,1164.0,1164.25,85
2026-03-30 00:40:00+00:00,1164.25,1164.25,1163.75,1164.25,43
2026-03-30 00:45:00+00:00,1164.0,1164.25,1163.75,1164.0,35
2026-03-30 00:50:00+00:00,1164.0,1164.0,1163.0,1163.5,34
2026-03-30 00:55:00+00:00,1163.25,1163.5,1162.25,1162.75,252
2026-03-30 01:00:00+00:00,1163.0,1167.5,1163.0,1166.5,541
2026-03-30 01:05:00+00:00,1166.75,1166.75,1164.75,1165.25,126
2026-03-30 01:10:00+00:00,1165.5,1165.75,1165.25,1165.75,314
2026-03-30 01:15:00+00:00,1165.75,1167.0,1165.75,1167.0,108
2026-03-30 01:20:00+00:00,1167.0,1167.25,1166.5,1166.75,104
2026-03-30 01:25:00+00:00,1166.5,1167.0,1166.25,1166.75,315
2026-03-30 01:30:00+00:00,1167.0,1167.75,1167.0,1167.5,101
2026-03-30 01:35:00+00:00,1167.25,1167.75,1166.5,1166.75,219
2026-03-30 01:40:00+00:00,1166.75,1166.75,1164.75,1164.75,153
2026-03-30 01:45:00+00:00,1164.75,1165.0,1163.25,1163.5,74
2026-03-30 01:50:00+00:00,1163.25,1163.75,1163.25,1163.25,33
2026-03-30 01:55:00+00:00,1163.25,1163.25,1162.0,1162.25,163
2026-03-30 02:00:00+00:00,1162.0,1163.25,1161.75,1163.25,19
2026-03-30 02:05:00+00:00,1163.0,1164.0,1163.0,1163.75,80
2026-03-30 02:10:00+00:00,1163.75,1164.25,1163.5,1163.75,241
2026-03-30 02:15:00+00:00,1164.25,1164.75,1164.25,1164.5,32
2026-03-30 02:20:00+00:00,1164.75,1164.75,1163.75,1164.0,15
2026-03-30 02:25:00+00:00,1164.25,1164.75,1164.0,1164.5,46
2026-03-30 02:30:00+00:00,1164.75,1164.75,1164.0,1164.0,14
2026-03-30 02:35:00+00:00,1164.25,1164.25,1163.75,1164.0,6
2026-03-30 02:40:00+00:00,1164.25,1164.25,1163.75,1164.0,14
2026-03-30 02:45:00+00:00,1163.5,1163.75,1163.5,1163.75,12
2026-03-30 02:50:00+00:00,1163.75,1163.75,1163.0,1163.0,21
2026-03-30 02:55:00+00:00,1163.0,1163.0,1162.5,1162.5,13
2026-03-30 03:00:00+00:00,1162.25,1162.75,1162.25,1162.75,37
2026-03-30 03:05:00+00:00,1162.5,1162.5,1161.5,1162.0,86
2026-03-30 03:10:00+00:00,1162.25,1162.25,1161.5,1161.5,213
2026-03-30 03:15:00+00:00,1162.0,1162.0,1161.5,1161.5,86
2026-03-30 03:20:00+00:00,1161.5,1161.5,1161.0,1161.5,37
2026-03-30 03:25:00+00:00,1161.5,1161.5,1160.75,1161.5,42
2026-03-30 03:30:00+00:00,1161.5,1162.25,1161.5,1162.25,2928
2026-03-30 03:35:00+00:00,1162.25,1162.75,1162.25,1162.5,12
2026-03-30 03:40:00+00:00,1162.5,1162.75,1162.25,1162.25,15
2026-03-30 03:45:00+00:00,1162.25,1162.75,1162.25,1162.75,14
2026-03-30 03:50:00+00:00,1162.75,1162.75,1162.5,1162.75,9
2026-03-30 03:55:00+00:00,1162.75,1163.25,1162.75,1163.0,21
2026-03-30 04:00:00+00:00,1163.0,1163.0,1162.75,1163.0,9
2026-03-30 04:05:00+00:00,1163.25,1163.5,1163.0,1163.5,44
2026-03-30 04:10:00+00:00,1163.5,1164.0,1163.5,1164.0,50
2026-03-30 04:15:00+00:00,1164.0,1164.0,1163.75,1163.75,24
2026-03-30 04:20:00+00:00,1163.25,1163.5,1163.0,1163.25,6
2026-03-30 04:25:00+00:00,1163.0,1163.5,1163.0,1163.25,15
2026-03-30 04:30:00+00:00,1163.5,1163.5,1163.5,1163.5,4
2026-03-30 04:35:00+00:00,1163.5,1163.5,1163.5,1163.5,1
2026-03-30 04:40:00+00:00,1163.5,1163.5,1163.25,1163.25,3
2026-03-30 04:50:00+00:00,1163.5,1163.5,1163.5,1163.5,4
2026-03-30 05:00:00+00:00,1163.25,1163.25,1163.0,1163.25,44
2026-03-30 05:05:00+00:00,1163.25,1163.25,1162.75,1163.0,23
2026-03-30 05:10:00+00:00,1162.75,1162.75,1162.25,1162.25,52
2026-03-30 05:15:00+00:00,1162.75,1162.75,1162.75,1162.75,7
2026-03-30 05:20:00+00:00,1162.75,1163.0,1162.75,1162.75,9
2026-03-30 05:25:00+00:00,1163.0,1163.25,1163.0,1163.25,8
2026-03-30 05:30:00+00:00,1163.25,1163.25,1162.75,1163.0,37
2026-03-30 05:35:00+00:00,1163.0,1163.25,1162.5,1162.75,7
2026-03-30 05:40:00+00:00,1163.0,1163.75,1163.0,1163.5,16
2026-03-30 05:45:00+00:00,1163.25,1163.25,1162.75,1162.75,12
2026-03-30 05:50:00+00:00,1162.75,1163.25,1162.75,1162.75,11
2026-03-30 05:55:00+00:00,1162.75,1162.75,1161.75,1162.0,11
2026-03-30 06:00:00+00:00,1162.5,1162.75,1162.25,1162.75,14
2026-03-30 06:05:00+00:00,1163.0,1163.25,1162.75,1163.0,16
2026-03-30 06:10:00+00:00,1163.0,1163.25,1162.75,1163.0,26
2026-03-30 06:15:00+00:00,1163.0,1163.25,1162.75,1163.25,19
2026-03-30 06:20:00+00:00,1163.5,1163.75,1163.25,1163.75,12
2026-03-30 06:25:00+00:00,1163.75,1164.25,1163.75,1164.25,35
2026-03-30 06:30:00+00:00,1164.0,1164.0,1163.5,1163.5,41
2026-03-30 06:35:00+00:00,1163.75,1164.0,1163.5,1163.5,15
2026-03-30 06:40:00+00:00,1163.75,1165.0,1163.75,1164.75,44
2026-03-30 06:45:00+00:00,1165.0,1166.0,1165.0,1165.5,56
2026-03-30 06:50:00+00:00,1165.5,1167.25,1165.5,1166.75,62
2026-03-30 06:55:00+00:00,1166.75,1167.75,1166.75,1167.0,109
2026-03-30 07:00:00+00:00,1166.75,1166.75,1166.0,1166.0,125
2026-03-30 07:05:00+00:00,1166.25,1166.25,1166.0,1166.25,23
2026-03-30 07:10:00+00:00,1166.25,1166.25,1165.75,1165.75,29
2026-03-30 07:15:00+00:00,1165.75,1167.0,1165.25,1167.0,71
2026-03-30 07:20:00+00:00,1166.75,1166.75,1166.0,1166.25,29
2026-03-30 07:25:00+00:00,1166.5,1167.0,1166.5,1166.75,25
2026-03-30 07:30:00+00:00,1166.5,1167.25,1166.5,1167.0,46
2026-03-30 07:35:00+00:00,1167.0,1167.0,1166.25,1166.5,686
2026-03-30 07:40:00+00:00,1166.5,1167.0,1166.5,1167.0,53
2026-03-30 07:45:00+00:00,1167.0,1168.5,1167.0,1168.25,229
2026-03-30 07:50:00+00:00,1168.0,1168.25,1167.75,1168.25,27
2026-03-30 07:55:00+00:00,1168.25,1168.75,1168.0,1168.0,232
2026-03-30 08:00:00+00:00,1167.75,1168.5,1167.5,1168.0,164
2026-03-30 08:05:00+00:00,1168.0,1168.0,1167.0,1167.25,36
2026-03-30 08:10:00+00:00,1167.25,1167.75,1167.25,1167.5,42
2026-03-30 08:15:00+00:00,1167.75,1168.25,1167.5,1168.0,82
2026-03-30 08:20:00+00:00,1167.75,1168.0,1167.75,1167.75,79
2026-03-30 08:25:00+00:00,1167.75,1168.0,1167.75,1168.0,111
2026-03-30 08:30:00+00:00,1167.75,1167.75,1166.25,1166.5,108
2026-03-30 08:35:00+00:00,1166.5,1166.5,1166.25,1166.5,16
2026-03-30 08:40:00+00:00,1166.75,1167.0,1166.0,1166.0,108
2026-03-30 08:45:00+00:00,1166.0,1166.0,1165.0,1165.25,79
2026-03-30 08:50:00+00:00,1165.25,1165.25,1164.25,1165.25,190
2026-03-30 08:55:00+00:00,1165.25,1165.25,1165.0,1165.25,118
2026-03-30 09:00:00+00:00,1165.25,1166.0,1165.0,1165.0,151
2026-03-30 09:05:00+00:00,1165.25,1165.75,1165.25,1165.75,26
2026-03-30 09:10:00+00:00,1165.75,1165.75,1165.5,1165.5,15
2026-03-30 09:15:00+00:00,1165.75,1166.5,1165.5,1165.5,76
2026-03-30 09:20:00+00:00,1165.5,1165.75,1165.5,1165.75,50
2026-03-30 09:25:00+00:00,1165.75,1166.0,1165.5,1166.0,34
2026-03-30 09:30:00+00:00,1165.75,1165.75,1165.25,1165.25,24
2026-03-30 09:35:00+00:00,1165.5,1165.5,1165.0,1165.0,20
2026-03-30 09:40:00+00:00,1165.0,1165.5,1164.5,1165.5,41
2026-03-30 09:45:00+00:00,1165.5,1165.5,1164.5,1164.5,13
2026-03-30 09:50:00+00:00,1164.75,1165.0,1164.75,1165.0,14
2026-03-30 09:55:00+00:00,1165.0,1165.5,1165.0,1165.5,23
2026-03-30 10:00:00+00:00,1165.5,1165.75,1165.5,1165.75,14
2026-03-30 10:05:00+00:00,1165.5,1166.0,1165.5,1166.0,19
2026-03-30 10:10:00+00:00,1166.0,1166.0,1165.5,1165.75,40
2026-03-30 10:15:00+00:00,1165.5,1166.5,1165.5,1166.5,76
2026-03-30 10:20:00+00:00,1166.75,1167.75,1166.75,1167.75,57
2026-03-30 10:25:00+00:00,1167.75,1167.75,1167.5,1167.75,5
2026-03-30 10:30:00+00:00,1167.5,1168.0,1167.5,1167.75,67
2026-03-30 10:35:00+00:00,1167.75,1168.0,1167.75,1167.75,58
2026-03-30 10:40:00+00:00,1167.5,1167.75,1166.75,1167.25,178
2026-03-30 10:45:00+00:00,1167.5,1168.5,1167.5,1168.5,451
2026-03-30 10:50:00+00:00,1168.5,1168.75,1168.0,1168.75,34
2026-03-30 10:55:00+00:00,1168.5,1169.25,1168.0,1168.75,170
2026-03-30 11:00:00+00:00,1168.75,1170.0,1168.75,1169.5,870
2026-03-30 11:05:00+00:00,1169.5,1169.5,1168.0,1168.0,103
2026-03-30 11:10:00+00:00,1168.0,1168.25,1167.5,1167.5,166
2026-03-30 11:15:00+00:00,1167.75,1167.75,1166.5,1167.0,90
2026-03-30 11:20:00+00:00,1167.0,1167.25,1165.75,1165.75,82
2026-03-30 11:25:00+00:00,1166.0,1167.25,1165.0,1166.5,303
2026-03-30 11:30:00+00:00,1166.75,1167.75,1166.5,1167.5,250
2026-03-30 11:35:00+00:00,1167.5,1167.75,1166.75,1166.75,88
2026-03-30 11:40:00+00:00,1167.0,1167.25,1167.0,1167.0,50
2026-03-30 11:45:00+00:00,1166.75,1166.75,1165.5,1165.5,78
2026-03-30 11:50:00+00:00,1165.5,1165.75,1165.25,1165.75,37
2026-03-30 11:55:00+00:00,1165.75,1166.25,1165.75,1166.25,59
2026-03-30 12:00:00+00:00,1166.0,1166.5,1165.25,1165.25,357
2026-03-30 12:05:00+00:00,1165.25,1165.5,1163.75,1163.75,160
2026-03-30 12:10:00+00:00,1164.25,1165.0,1164.0,1164.75,201
2026-03-30 12:15:00+00:00,1164.5,1164.5,1163.75,1164.25,157
2026-03-30 12:20:00+00:00,1164.25,1164.5,1163.25,1163.25,1304
2026-03-30 12:25:00+00:00,1163.0,1163.5,1162.75,1163.0,194
2026-03-30 12:30:00+00:00,1162.75,1163.25,1161.75,1162.25,359
2026-03-30 12:35:00+00:00,1162.25,1163.0,1162.25,1162.75,74
2026-03-30 12:40:00+00:00,1163.0,1163.75,1162.75,1162.75,337
2026-03-30 13:30:00+00:00,1164.25,1165.0,1162.75,1164.75,2549
2026-03-30 13:35:00+00:00,1165.0,1165.25,1163.5,1164.5,1248
2026-03-30 13:40:00+00:00,1164.5,1168.5,1164.25,1168.5,1655
2026-03-30 13:45:00+00:00,1168.25,1169.25,1168.0,1169.25,1936
2026-03-30 13:50:00+00:00,1169.0,1169.75,1167.5,1168.0,1234
2026-03-30 13:55:00+00:00,1167.75,1168.0,1165.0,1166.25,1165
2026-03-30 14:00:00+00:00,1166.25,1169.0,1166.0,1168.75,860
2026-03-30 14:05:00+00:00,1169.0,1169.0,1167.5,1168.25,484
2026-03-30 14:10:00+00:00,1168.25,1168.25,1167.0,1167.25,630
2026-03-30 14:15:00+00:00,1167.25,1169.25,1167.0,1168.75,605
2026-03-30 14:20:00+00:00,1168.75,1168.75,1165.5,1166.5,717
2026-03-30 14:25:00+00:00,1166.5,1167.25,1165.25,1165.25,1042
2026-03-30 14:30:00+00:00,1165.75,1167.75,1165.5,1166.75,600
2026-03-30 14:35:00+00:00,1166.75,1167.5,1165.25,1166.25,603
2026-03-30 14:40:00+00:00,1166.0,1166.75,1165.25,1165.5,415
2026-03-30 14:45:00+00:00,1165.5,1165.75,1163.0,1165.0,1588
2026-03-30 14:50:00+00:00,1165.0,1165.75,1164.25,1164.75,501
2026-03-30 14:55:00+00:00,1164.75,1166.0,1164.0,1166.0,383
2026-03-30 15:00:00+00:00,1165.75,1166.0,1165.0,1165.75,273
2026-03-30 15:05:00+00:00,1165.75,1167.5,1165.25,1167.5,518
2026-03-30 15:10:00+00:00,1167.25,1168.0,1167.0,1167.25,589
2026-03-30 15:15:00+00:00,1167.0,1168.0,1167.0,1167.0,1215
2026-03-30 15:20:00+00:00,1166.75,1167.25,1166.0,1166.75,278
2026-03-30 15:25:00+00:00,1167.0,1167.0,1166.25,1166.75,333
2026-03-30 15:30:00+00:00,1166.75,1167.25,1166.0,1166.0,1263
2026-03-30 15:35:00+00:00,1166.0,1167.25,1165.5,1166.25,354
2026-03-30 15:40:00+00:00,1166.0,1166.25,1165.0,1165.5,317
2026-03-30 15:45:00+00:00,1165.5,1165.5,1165.0,1165.5,253
2026-03-30 15:50:00+00:00,1165.5,1166.0,1165.0,1166.0,696
2026-03-30 15:55:00+00:00,1166.0,1166.5,1165.75,1166.0,592
2026-03-30 16:00:00+00:00,1166.0,1166.25,1165.0,1165.5,583
2026-03-30 16:05:00+00:00,1165.25,1166.0,1165.25,1165.5,201
2026-03-30 16:10:00+00:00,1165.75,1165.75,1165.5,1165.75,258
2026-03-30 16:15:00+00:00,1165.5,1167.0,1165.5,1166.5,433
2026-03-30 16:20:00+00:00,1166.5,1166.5,1165.0,1165.25,269
2026-03-30 16:25:00+00:00,1165.0,1165.0,1164.25,1164.25,303
2026-03-30 16:30:00+00:00,1164.25,1165.0,1164.0,1164.5,890
2026-03-30 16:35:00+00:00,1164.5,1164.75,1164.0,1164.75,203
2026-03-30 16:40:00+00:00,1165.0,1165.25,1164.5,1165.0,299
2026-03-30 16:45:00+00:00,1164.75,1165.0,1164.25,1164.5,308
2026-03-30 16:50:00+00:00,1164.25,1164.75,1164.0,1164.5,390
2026-03-30 16:55:00+00:00,1164.5,1164.75,1163.5,1163.5,416
2026-03-30 17:00:00+00:00,1163.5,1164.25,1163.5,1163.75,281
2026-03-30 17:05:00+00:00,1164.0,1164.0,1163.25,1163.75,419
2026-03-30 17:10:00+00:00,1163.75,1165.25,1163.75,1165.0,745
2026-03-30 17:15:00+00:00,1165.0,1165.0,1164.25,1164.5,318
2026-03-30 17:20:00+00:00,1164.5,1164.75,1163.75,1164.0,389
2026-03-30 17:25:00+00:00,1163.75,1163.75,1163.0,1163.25,603
2026-03-30 17:30:00+00:00,1163.25,1164.5,1163.25,1164.25,326
2026-03-30 17:35:00+00:00,1164.0,1164.75,1163.75,1164.75,384
2026-03-30 17:40:00+00:00,1164.5,1164.75,1164.0,1164.0,515
2026-03-30 17:45:00+00:00,1164.0,1164.25,1163.5,1163.75,253
2026-03-30 17:50:00+00:00,1163.75,1164.0,1163.25,1163.25,1269
2026-03-30 17:55:00+00:00,1163.25,1163.5,1162.5,1162.5,524
2026-03-30 18:00:00+00:00,1162.5,1163.0,1161.75,1162.0,1229
2026-03-30 18:05:00+00:00,1162.0,1162.0,1161.0,1161.25,2018
2026-03-30 18:10:00+00:00,1161.25,1161.5,1159.25,1159.25,4487
2026-03-30 18:15:00+00:00,1159.5,1159.5,1158.5,1158.75,2022
2026-03-31 00:00:00+00:00,1159.0,1162.5,1159.0,1161.5,0
2026-03-31 00:05:00+00:00,1161.75,1162.0,1161.0,1161.0,49
2026-03-31 00:10:00+00:00,1161.0,1161.5,1161.0,1161.0,12
2026-03-31 00:15:00+00:00,1161.25,1161.5,1161.0,1161.0,35
2026-03-31 00:20:00+00:00,1160.75,1161.0,1160.5,1160.75,13
2026-03-31 00:25:00+00:00,1160.75,1161.25,1160.75,1161.0,100
2026-03-31 00:30:00+00:00,1161.0,1161.25,1160.75,1160.75,19
2026-03-31 00:35:00+00:00,1160.75,1160.75,1160.0,1160.0,63
2026-03-31 00:40:00+00:00,1160.0,1160.25,1159.75,1160.25,95
2026-03-31 00:45:00+00:00,1160.25,1160.25,1158.5,1159.0,191
2026-03-31 00:50:00+00:00,1159.0,1159.5,1159.0,1159.5,28
2026-03-31 00:55:00+00:00,1159.5,1159.5,1158.5,1159.25,78
2026-03-31 01:00:00+00:00,1159.25,1161.0,1159.25,1161.0,205
2026-03-31 01:05:00+00:00,1160.75,1161.5,1160.5,1161.5,160
2026-03-31 01:10:00+00:00,1161.5,1161.5,1160.0,1160.0,170
2026-03-31 01:15:00+00:00,1160.0,1160.75,1160.0,1160.25,336
2026-03-31 01:20:00+00:00,1160.25,1161.5,1160.25,1161.5,68
2026-03-31 01:25:00+00:00,1161.25,1161.5,1160.0,1160.0,43
2026-03-31 01:30:00+00:00,1160.5,1160.75,1158.5,1159.0,167
2026-03-31 01:35:00+00:00,1159.0,1159.0,1158.5,1158.75,142
2026-03-31 01:40:00+00:00,1158.75,1159.0,1158.0,1158.0,154
2026-03-31 01:45:00+00:00,1158.0,1158.75,1157.5,1157.5,47
2026-03-31 01:50:00+00:00,1157.75,1157.75,1157.25,1157.5,42
2026-03-31 01:55:00+00:00,1158.0,1158.5,1157.75,1158.5,20
2026-03-31 02:00:00+00:00,1158.75,1158.75,1158.0,1158.0,59
2026-03-31 02:05:00+00:00,1157.75,1158.25,1157.25,1158.0,35
2026-03-31 02:10:00+00:00,1158.25,1158.75,1158.25,1158.5,11
2026-03-31 02:15:00+00:00,1158.5,1158.5,1158.5,1158.5,3
2026-03-31 02:20:00+00:00,1158.5,1158.75,1158.5,1158.75,13
2026-03-31 02:25:00+00:00,1158.75,1159.25,1158.75,1159.25,7
2026-03-31 02:30:00+00:00,1159.25,1159.25,1158.5,1158.75,30
2026-03-31 02:35:00+00:00,1158.75,1159.0,1158.25,1158.5,18
2026-03-31 02:40:00+00:00,1158.5,1158.5,1158.5,1158.5,2
2026-03-31 02:45:00+00:00,1158.5,1158.5,1158.25,1158.25,7
2026-03-31 02:50:00+00:00,1158.25,1158.25,1158.0,1158.0,34
2026-03-31 02:55:00+00:00,1158.0,1158.5,1158.0,1158.25,27
2026-03-31 03:00:00+00:00,1158.75,1158.75,1158.25,1158.5,7
2026-03-31 03:05:00+00:00,1158.5,1158.75,1158.5,1158.75,10
2026-03-31 03:10:00+00:00,1158.75,1159.0,1158.75,1158.75,31
2026-03-31 03:15:00+00:00,1158.75,1158.75,1158.75,1158.75,11
2026-03-31 03:20:00+00:00,1158.75,1159.25,1158.75,1158.75,18
2026-03-31 03:25:00+00:00,1159.0,1159.0,1159.0,1159.0,5
2026-03-31 03:30:00+00:00,1158.75,1159.0,1158.75,1158.75,6
2026-03-31 03:35:00+00:00,1159.0,1159.25,1159.0,1159.25,14
2026-03-31 03:40:00+00:00,1159.0,1159.0,1159.0,1159.0,40
2026-03-31 03:45:00+00:00,1159.0,1159.0,1159.0,1159.0,4
2026-03-31 03:50:00+00:00,1159.0,1159.25,1159.0,1159.25,9
2026-03-31 03:55:00+00:00,1159.5,1159.75,1159.5,1159.75,53
2026-03-31 04:00:00+00:00,1160.0,1161.0,1160.0,1160.75,219
2026-03-31 04:05:00+00:00,1160.75,1161.25,1160.5,1161.25,133
2026-03-31 04:10:00+00:00,1161.25,1161.25,1161.0,1161.0,21
2026-03-31 04:15:00+00:00,1161.0,1162.0,1161.0,1161.5,327
2026-03-31 04:20:00+00:00,1161.5,1161.75,1161.5,1161.5,70
2026-03-31 04:25:00+00:00,1161.5,1161.5,1160.75,1161.0,106
2026-03-31 04:30:00+00:00,1161.0,1161.25,1161.0,1161.25,186
2026-03-31 04:35:00+00:00,1161.0,1161.0,1161.0,1161.0,4
2026-03-31 04:40:00+00:00,1160.75,1161.0,1160.75,1161.0,3
2026-03-31 04:45:00+00:00,1161.25,1161.25,1160.75,1160.75,5
2026-03-31 04:50:00+00:00,1160.75,1161.0,1160.75,1160.75,11
2026-03-31 04:55:00+00:00,1160.75,1161.0,1160.75,1161.0,6
2026-03-31 05:00:00+00:00,1161.0,1161.0,1160.75,1160.75,75
2026-03-31 05:05:00+00:00,1160.75,1160.75,1160.75,1160.75,5
2026-03-31 05:10:00+00:00,1160.75,1160.75,1160.25,1160.5,56
2026-03-31 05:15:00+00:00,1160.5,1160.5,1160.5,1160.5,4
2026-03-31 05:20:00+00:00,1160.5,1160.5,1160.5,1160.5,5
2026-03-31 05:25:00+00:00,1160.25,1160.25,1160.25,1160.25,74
2026-03-31 05:30:00+00:00,1160.25,1160.75,1160.0,1160.5,41
2026-03-31 05:35:00+00:00,1160.75,1161.0,1160.75,1161.0,5
2026-03-31 05:40:00+00:00,1160.75,1160.75,1160.75,1160.75,2
2026-03-31 05:45:00+00:00,1160.75,1161.25,1160.75,1161.25,22
2026-03-31 05:50:00+00:00,1161.25,1161.5,1161.25,1161.5,26
2026-03-31 05:55:00+00:00,1161.0,1161.25,1161.0,1161.25,41
2026-03-31 06:00:00+00:00,1161.25,1161.25,1161.0,1161.25,136
2026-03-31 06:05:00+00:00,1161.25,1161.5,1161.25,1161.5,15
2026-03-31 06:10:00+00:00,1161.5,1161.75,1161.5,1161.5,12
2026-03-31 06:15:00+00:00,1161.5,1161.5,1161.25,1161.25,6
2026-03-31 06:20:00+00:00,1161.25,1161.5,1161.25,1161.5,5
2026-03-31 06:25:00+00:00,1161.75,1161.75,1161.25,1161.5,32
2026-03-31 06:30:00+00:00,1161.0,1161.5,1161.0,1161.0,267
2026-03-31 06:35:00+00:00,1161.0,1161.25,1161.0,1161.25,27
2026-03-31 06:40:00+00:00,1161.5,1161.75,1161.5,1161.75,15
2026-03-31 06:45:00+00:00,1161.5,1161.5,1161.25,1161.25,5
2026-03-31 06:50:00+00:00,1161.25,1161.5,1161.25,1161.5,8
2026-03-31 06:55:00+00:00,1161.5,1161.5,1161.0,1161.25,11
2026-03-31 07:00:00+00:00,1161.0,1161.75,1161.0,1161.5,33
2026-03-31 07:05:00+00:00,1161.5,1161.75,1161.25,1161.25,21
2026-03-31 07:10:00+00:00,1161.5,1162.0,1161.5,1161.75,69
2026-03-31 07:15:00+00:00,1161.5,1162.25,1161.5,1161.75,197
2026-03-31 07:20:00+00:00,1161.75,1161.75,1161.5,1161.75,15
2026-03-31 07:25:00+00:00,1161.75,1162.25,1161.75,1162.25,16
2026-03-31 07:30:00+00:00,1162.25,1162.5,1162.0,1162.25,58
2026-03-31 07:35:00+00:00,1162.25,1162.75,1162.25,1162.25,88
2026-03-31 07:40:00+00:00,1162.25,1162.25,1161.75,1162.25,21
2026-03-31 07:45:00+00:00,1162.0,1162.5,1162.0,1162.25,86
2026-03-31 07:50:00+00:00,1162.0,1162.75,1161.75,1162.75,47
2026-03-31 07:55:00+00:00,1163.0,1163.0,1162.5,1162.75,102
2026-03-31 08:00:00+00:00,1162.5,1163.5,1162.25,1163.5,176
2026-03-31 08:05:00+00:00,1163.5,1163.75,1163.25,1163.25,85
2026-03-31 08:10:00+00:00,1163.25,1163.5,1163.0,1163.25,68
2026-03-31 08:15:00+00:00,1163.5,1163.75,1163.5,1163.5,24
2026-03-31 08:20:00+00:00,1163.75,1164.0,1163.5,1163.75,43
2026-03-31 08:25:00+00:00,1163.75,1163.75,1163.25,1163.25,64
2026-03-31 08:30:00+00:00,1163.25,1163.25,1163.25,1163.25,21
2026-03-31 08:35:00+00:00,1163.25,1163.5,1163.25,1163.25,43
2026-03-31 08:40:00+00:00,1163.25,1163.75,1163.25,1163.5,46
2026-03-31 08:45:00+00:00,1163.5,1163.5,1163.0,1163.5,51
2026-03-31 08:50:00+00:00,1163.5,1163.75,1163.25,1163.5,85
2026-03-31 08:55:00+00:00,1163.25,1163.75,1163.25,1163.5,567
2026-03-31 09:00:00+00:00,1163.25,1163.25,1162.0,1162.25,67
2026-03-31 09:05:00+00:00,1162.25,1162.25,1161.25,1161.25,44
2026-03-31 09:10:00+00:00,1161.5,1161.5,1161.25,1161.25,21
2026-03-31 09:15:00+00:00,1161.5,1161.75,1161.5,1161.75,73
2026-03-31 09:20:00+00:00,1161.75,1162.5,1161.75,1162.0,44
2026-03-31 09:25:00+00:00,1162.0,1162.0,1161.25,1161.25,103
2026-03-31 09:30:00+00:00,1161.25,1162.0,1161.25,1162.0,12
2026-03-31 09:35:00+00:00,1162.0,1162.0,1162.0,1162.0,11
2026-03-31 09:40:00+00:00,1162.0,1162.25,1162.0,1162.25,6
2026-03-31 09:45:00+00:00,1162.5,1163.0,1162.25,1163.0,263
2026-03-31 09:50:00+00:00,1162.75,1162.75,1162.5,1162.75,31
2026-03-31 09:55:00+00:00,1163.0,1163.25,1162.75,1162.75,144
2026-03-31 10:00:00+00:00,1162.5,1163.0,1162.0,1163.0,114
2026-03-31 10:05:00+00:00,1163.0,1163.25,1163.0,1163.0,37
2026-03-31 10:10:00+00:00,1163.25,1163.25,1162.75,1162.75,21
2026-03-31 10:15:00+00:00,1162.75,1163.0,1162.75,1163.0,37
2026-03-31 10:20:00+00:00,1162.75,1163.0,1162.75,1163.0,37
2026-03-31 10:25:00+00:00,1162.75,1162.75,1162.25,1162.25,36
2026-03-31 10:30:00+00:00,1162.5,1162.5,1162.5,1162.5,3
2026-03-31 10:35:00+00:00,1162.5,1162.75,1162.5,1162.75,29
2026-03-31 10:40:00+00:00,1162.75,1162.75,1162.75,1162.75,6
2026-03-31 10:45:00+00:00,1162.5,1163.0,1162.5,1163.0,7
2026-03-31 10:50:00+00:00,1163.0,1163.0,1162.75,1163.0,107
2026-03-31 10:55:00+00:00,1162.75,1162.75,1162.25,1162.25,18
2026-03-31 11:00:00+00:00,1162.5,1163.0,1162.5,1162.75,53
2026-03-31 11:05:00+00:00,1162.5,1162.75,1162.25,1162.25,97
2026-03-31 11:10:00+00:00,1162.0,1162.5,1160.75,1161.75,218
2026-03-31 11:15:00+00:00,1161.75,1162.0,1161.5,1161.75,33
2026-03-31 11:20:00+00:00,1161.75,1161.75,1161.0,1161.0,35
2026-03-31 11:25:00+00:00,1161.25,1161.25,1160.25,1160.75,137
2026-03-31 11:30:00+00:00,1160.75,1161.75,1160.75,1161.0,69
2026-03-31 11:35:00+00:00,1161.0,1162.0,1161.0,1161.75,68
2026-03-31 11:40:00+00:00,1161.75,1162.0,1161.0,1161.25,49
2026-03-31 11:45:00+00:00,1161.5,1162.0,1161.25,1162.0,87
2026-03-31 11:50:00+00:00,1162.0,1162.0,1161.5,1161.75,30
2026-03-31 11:55:00+00:00,1161.75,1162.0,1161.5,1162.0,20
2026-03-31 12:00:00+00:00,1161.75,1162.5,1161.5,1162.5,143
2026-03-31 12:05:00+00:00,1162.5,1162.5,1161.75,1161.75,103
2026-03-31 12:10:00+00:00,1161.75,1162.75,1161.75,1162.0,84
2026-03-31 12:15:00+00:00,1162.0,1162.0,1161.75,1162.0,68
2026-03-31 12:20:00+00:00,1162.0,1162.75,1161.5,1162.75,450
2026-03-31 12:25:00+00:00,1162.75,1163.75,1162.75,1163.25,597
2026-03-31 12:30:00+00:00,1163.5,1163.75,1162.75,1163.75,313
2026-03-31 12:35:00+00:00,1163.5,1164.0,1162.75,1163.75,469
2026-03-31 12:40:00+00:00,1163.75,1164.25,1163.5,1163.75,226
2026-03-31 13:30:00+00:00,1163.0,1164.75,1162.5,1162.75,5904
2026-03-31 13:35:00+00:00,1163.0,1163.25,1160.75,1161.5,1507
2026-03-31 13:40:00+00:00,1161.75,1161.75,1160.75,1161.0,783
2026-03-31 13:45:00+00:00,1161.0,1161.25,1160.0,1160.5,3453
2026-03-31 13:50:00+00:00,1160.5,1161.5,1159.75,1161.5,960
2026-03-31 13:55:00+00:00,1161.5,1162.25,1161.0,1162.0,1847
2026-03-31 14:00:00+00:00,1161.75,1162.5,1161.25,1161.5,1960
2026-03-31 14:05:00+00:00,1161.5,1161.75,1160.5,1160.5,640
2026-03-31 14:10:00+00:00,1160.75,1162.0,1160.5,1162.0,653
2026-03-31 14:15:00+00:00,1161.75,1163.0,1161.5,1162.75,671
2026-03-31 14:20:00+00:00,1163.0,1163.25,1161.5,1161.75,525
2026-03-31 14:25:00+00:00,1162.0,1162.75,1161.25,1162.75,605
2026-03-31 14:30:00+00:00,1162.5,1162.75,1161.5,1161.75,912
2026-03-31 14:35:00+00:00,1161.75,1161.75,1160.25,1160.25,563
2026-03-31 14:40:00+00:00,1160.25,1160.5,1160.0,1160.0,674
2026-03-31 14:45:00+00:00,1160.0,1161.5,1160.0,1161.25,2110
2026-03-31 14:50:00+00:00,1161.25,1162.0,1160.75,1161.75,823
2026-03-31 14:55:00+00:00,1161.75,1162.25,1159.5,1159.75,899
2026-03-31 15:00:00+00:00,1159.75,1160.75,1159.25,1160.5,1881
2026-03-31 15:05:00+00:00,1160.5,1161.25,1160.25,1160.25,916
2026-03-31 15:10:00+00:00,1160.25,1160.75,1160.0,1160.25,452
2026-03-31 15:15:00+00:00,1160.5,1160.75,1159.5,1160.0,831
2026-03-31 15:20:00+00:00,1160.0,1160.25,1159.5,1159.75,521
2026-03-31 15:25:00+00:00,1159.5,1161.25,1159.0,1160.5,1063
2026-03-31 15:30:00+00:00,1161.0,1162.0,1160.5,1162.0,2599
2026-03-31 15:35:00+00:00,1161.75,1161.75,1160.75,1161.25,554
2026-03-31 15:40:00+00:00,1161.25,1162.25,1160.5,1162.25,1625
2026-03-31 15:45:00+00:00,1162.0,1162.25,1160.0,1160.25,1889
2026-03-31 15:50:00+00:00,1160.25,1160.25,1158.25,1158.75,1424
2026-03-31 15:55:00+00:00,1158.75,1159.0,1156.25,1157.0,1677
2026-03-31 16:00:00+00:00,1157.0,1173.75,1156.0,1169.25,13715
2026-03-31 16:05:00+00:00,1169.0,1174.75,1167.25,1172.0,3927
2026-03-31 16:10:00+00:00,1172.0,1175.25,1170.75,1171.25,2141
2026-03-31 16:15:00+00:00,1171.0,1173.75,1170.5,1173.5,1753
2026-03-31 16:20:00+00:00,1173.75,1174.75,1169.5,1169.75,2204
2026-03-31 16:25:00+00:00,1169.75,1171.75,1169.5,1170.75,1080
2026-03-31 16:30:00+00:00,1170.5,1171.75,1170.0,1171.75,829
2026-03-31 16:35:00+00:00,1171.5,1172.75,1169.0,1169.5,899
2026-03-31 16:40:00+00:00,1169.5,1169.75,1166.5,1168.5,2135
2026-03-31 16:45:00+00:00,1168.5,1173.75,1168.5,1172.5,1227
2026-03-31 16:50:00+00:00,1172.5,1174.0,1169.75,1172.75,1458
2026-03-31 16:55:00+00:00,1172.5,1172.75,1169.0,1169.25,808
2026-03-31 17:00:00+00:00,1169.5,1170.0,1168.25,1169.0,645
2026-03-31 17:05:00+00:00,1169.25,1177.75,1169.25,1177.5,5309
2026-03-31 17:10:00+00:00,1177.5,1177.75,1173.5,1173.5,1648
2026-03-31 17:15:00+00:00,1173.5,1174.25,1171.75,1173.5,1010
2026-03-31 17:20:00+00:00,1173.5,1174.5,1173.0,1174.5,498
2026-03-31 17:25:00+00:00,1174.25,1175.75,1174.25,1175.0,678
2026-03-31 17:30:00+00:00,1175.0,1175.25,1172.75,1173.0,696
2026-03-31 17:35:00+00:00,1173.0,1174.5,1171.75,1171.75,831
2026-03-31 17:40:00+00:00,1172.0,1174.0,1172.0,1173.25,680
2026-03-31 17:45:00+00:00,1173.25,1173.75,1172.5,1172.75,482
2026-03-31 17:50:00+00:00,1173.0,1173.0,1171.75,1172.0,2142
2026-03-31 17:55:00+00:00,1172.0,1172.5,1171.5,1172.0,587
2026-03-31 18:00:00+00:00,1172.25,1172.25,1171.25,1171.25,521
2026-03-31 18:05:00+00:00,1171.25,1171.75,1170.25,1170.25,1069
2026-03-31 18:10:00+00:00,1170.5,1171.75,1170.0,1171.25,9523
2026-03-31 18:15:00+00:00,1171.5,1172.5,1170.75,1172.25,1577
2026-04-01 00:00:00+00:00,1171.5,1174.75,1171.5,1172.75,0
2026-04-01 00:05:00+00:00,1173.0,1174.0,1172.75,1172.75,135
2026-04-01 00:10:00+00:00,1172.75,1172.75,1172.5,1172.5,73
2026-04-01 00:15:00+00:00,1172.5,1172.5,1172.25,1172.5,39
2026-04-01 00:20:00+00:00,1172.25,1172.5,1172.25,1172.25,7
2026-04-01 00:25:00+00:00,1172.5,1172.5,1171.75,1172.25,83
2026-04-01 00:30:00+00:00,1172.25,1172.5,1172.0,1172.0,44
2026-04-01 00:35:00+00:00,1172.0,1172.5,1172.0,1172.25,22
2026-04-01 00:40:00+00:00,1172.25,1172.75,1172.25,1172.75,34
2026-04-01 00:45:00+00:00,1172.75,1173.0,1172.75,1172.75,30
2026-04-01 00:50:00+00:00,1172.5,1172.75,1172.5,1172.75,5
2026-04-01 00:55:00+00:00,1172.75,1173.0,1172.5,1172.75,26
2026-04-01 01:00:00+00:00,1172.5,1172.5,1169.75,1170.5,214
2026-04-01 01:05:00+00:00,1170.25,1172.5,1170.25,1172.0,368
2026-04-01 01:10:00+00:00,1172.0,1172.5,1171.75,1172.0,76
2026-04-01 01:15:00+00:00,1172.25,1172.25,1171.0,1171.0,253
2026-04-01 01:20:00+00:00,1171.0,1171.5,1171.0,1171.25,28
2026-04-01 01:25:00+00:00,1171.25,1171.25,1171.0,1171.25,39
2026-04-01 01:30:00+00:00,1171.5,1172.0,1170.75,1171.75,478
2026-04-01 01:35:00+00:00,1171.75,1172.0,1171.75,1171.75,18
2026-04-01 01:40:00+00:00,1172.0,1172.75,1172.0,1172.75,21
2026-04-01 01:45:00+00:00,1172.5,1172.5,1172.25,1172.25,8
2026-04-01 01:50:00+00:00,1172.25,1172.5,1172.25,1172.5,47
2026-04-01 01:55:00+00:00,1172.5,1173.25,1172.5,1173.0,182
2026-04-01 02:00:00+00:00,1172.75,1172.75,1172.25,1172.5,79
2026-04-01 02:05:00+00:00,1172.75,1172.75,1172.25,1172.25,7
2026-04-01 02:10:00+00:00,1172.5,1172.75,1172.5,1172.75,11
2026-04-01 02:15:00+00:00,1172.75,1173.0,1172.75,1172.75,19
2026-04-01 02:20:00+00:00,1172.5,1173.0,1172.25,1172.25,85
2026-04-01 02:25:00+00:00,1172.25,1172.25,1172.25,1172.25,10
2026-04-01 02:30:00+00:00,1172.5,1173.5,1172.25,1173.25,323
2026-04-01 02:35:00+00:00,1173.0,1173.0,1172.75,1172.75,20
2026-04-01 02:40:00+00:00,1172.75,1173.0,1172.75,1173.0,4
2026-04-01 02:45:00+00:00,1173.0,1174.5,1173.0,1174.5,160
2026-04-01 02:50:00+00:00,1174.25,1174.25,1174.0,1174.0,25
2026-04-01 02:55:00+00:00,1174.0,1174.75,1174.0,1174.5,47
2026-04-01 03:00:00+00:00,1174.25,1174.5,1174.25,1174.25,15
2026-04-01 03:05:00+00:00,1174.5,1174.5,1173.75,1173.75,22
2026-04-01 03:10:00+00:00,1173.75,1173.75,1173.5,1173.75,7
2026-04-01 03:15:00+00:00,1173.75,1174.0,1173.75,1173.75,136
2026-04-01 03:20:00+00:00,1173.75,1174.0,1173.75,1174.0,87
2026-04-01 03:25:00+00:00,1173.75,1174.0,1173.25,1173.5,119
2026-04-01 03:30:00+00:00,1173.0,1173.5,1173.0,1173.5,11
2026-04-01 03:35:00+00:00,1173.25,1173.25,1173.25,1173.25,4
2026-04-01 03:45:00+00:00,1173.25,1173.5,1173.25,1173.5,3
2026-04-01 03:50:00+00:00,1173.5,1173.5,1173.25,1173.25,2
2026-04-01 04:05:00+00:00,1173.0,1173.0,1172.75,1172.75,16
2026-04-01 04:10:00+00:00,1172.75,1172.75,1172.5,1172.5,11
2026-04-01 04:15:00+00:00,1172.5,1172.5,1172.5,1172.5,9
2026-04-01 04:20:00+00:00,1172.25,1172.25,1172.0,1172.0,17
2026-04-01 04:25:00+00:00,1172.0,1172.0,1172.0,1172.0,3
2026-04-01 04:30:00+00:00,1172.25,1172.5,1172.25,1172.5,16
2026-04-01 04:35:00+00:00,1172.5,1172.75,1172.5,1172.5,10
2026-04-01 04:45:00+00:00,1172.75,1172.75,1172.75,1172.75,6
2026-04-01 04:50:00+00:00,1172.5,1172.5,1172.25,1172.25,20
2026-04-01 04:55:00+00:00,1172.25,1172.25,1172.0,1172.0,6
2026-04-01 05:00:00+00:00,1172.0,1172.0,1171.5,1171.5,15
2026-04-01 05:05:00+00:00,1171.75,1172.0,1171.75,1172.0,11
2026-04-01 05:10:00+00:00,1171.75,1171.75,1171.75,1171.75,5
2026-04-01 05:15:00+00:00,1171.5,1171.5,1171.0,1171.25,37
2026-04-01 05:20:00+00:00,1171.0,1171.25,1171.0,1171.25,14
2026-04-01 05:25:00+00:00,1171.5,1171.5,1171.25,1171.5,17
2026-04-01 05:30:00+00:00,1171.5,1171.5,1170.25,1170.5,67
2026-04-01 05:35:00+00:00,1170.25,1170.5,1170.0,1170.0,44
2026-04-01 05:40:00+00:00,1170.0,1170.0,1169.5,1169.5,114
2026-04-01 05:45:00+00:00,1169.75,1169.75,1169.5,1169.5,18
2026-04-01 05:50:00+00:00,1169.25,1170.0,1169.0,1169.75,322
2026-04-01 05:55:00+00:00,1169.25,1169.5,1168.0,1168.0,286
2026-04-01 06:00:00+00:00,1168.25,1169.5,1168.0,1169.25,51
2026-04-01 06:05:00+00:00,1169.0,1169.0,1168.5,1168.5,39
2026-04-01 06:10:00+00:00,1168.5,1168.75,1167.75,1168.5,300
2026-04-01 06:15:00+00:00,1168.25,1168.75,1167.75,1167.75,245
2026-04-01 06:20:00+00:00,1167.5,1167.5,1167.25,1167.5,87
2026-04-01 06:25:00+00:00,1167.5,1167.5,1166.25,1166.75,314
2026-04-01 06:30:00+00:00,1166.75,1166.75,1165.75,1166.25,297
2026-04-01 06:35:00+00:00,1166.25,1166.25,1164.75,1165.0,549
2026-04-01 06:40:00+00:00,1165.0,1165.25,1164.25,1164.5,306
2026-04-01 06:45:00+00:00,1164.75,1166.25,1164.5,1166.25,155
2026-04-01 06:50:00+00:00,1166.25,1166.5,1166.0,1166.0,59
2026-04-01 06:55:00+00:00,1166.0,1166.0,1164.5,1165.0,253
2026-04-01 07:00:00+00:00,1164.75,1165.75,1164.75,1165.5,209
2026-04-01 07:05:00+00:00,1165.25,1165.5,1164.75,1164.75,27
2026-04-01 07:10:00+00:00,1164.5,1164.75,1163.75,1164.0,67
2026-04-01 07:15:00+00:00,1164.25,1165.0,1163.25,1165.0,553
2026-04-01 07:20:00+00:00,1164.75,1165.75,1164.75,1165.25,129
2026-04-01 07:25:00+00:00,1165.25,1165.5,1165.0,1165.0,29
2026-04-01 07:30:00+00:00,1165.0,1165.0,1164.75,1165.0,93
2026-04-01 07:35:00+00:00,1164.75,1165.25,1164.5,1165.0,34
2026-04-01 07:40:00+00:00,1165.0,1165.25,1164.25,1164.5,130
2026-04-01 07:45:00+00:00,1164.25,1164.25,1164.0,1164.25,22
2026-04-01 07:50:00+00:00,1164.5,1165.25,1164.5,1165.25,154
2026-04-01 07:55:00+00:00,1165.5,1166.5,1165.5,1166.0,81
2026-04-01 08:00:00+00:00,1165.75,1166.25,1165.5,1166.25,156
2026-04-01 08:05:00+00:00,1166.25,1166.5,1165.5,1166.0,51
2026-04-01 08:10:00+00:00,1166.0,1166.75,1166.0,1166.25,62
2026-04-01 08:15:00+00:00,1166.25,1166.75,1165.75,1165.75,34
2026-04-01 08:20:00+00:00,1165.5,1165.5,1165.25,1165.5,25
2026-04-01 08:25:00+00:00,1165.75,1166.25,1165.75,1166.25,57
2026-04-01 08:30:00+00:00,1166.25,1166.25,1165.5,1165.5,40
2026-04-01 08:35:00+00:00,1165.75,1166.0,1165.0,1165.0,570
2026-04-01 08:40:00+00:00,1165.0,1165.25,1164.75,1165.25,35
2026-04-01 08:45:00+00:00,1165.0,1165.25,1164.5,1165.25,41
2026-04-01 08:50:00+00:00,1165.25,1165.75,1165.25,1165.5,104
2026-04-01 08:55:00+00:00,1165.75,1165.75,1165.25,1165.75,32
2026-04-01 09:00:00+00:00,1165.5,1165.75,1165.0,1165.75,14
2026-04-01 09:05:00+00:00,1166.0,1166.0,1165.5,1165.75,78
2026-04-01 09:10:00+00:00,1165.75,1166.0,1165.0,1165.0,45
2026-04-01 09:15:00+00:00,1164.75,1165.5,1164.75,1165.5,23
2026-04-01 09:20:00+00:00,1165.0,1166.0,1165.0,1165.5,45
2026-04-01 09:25:00+00:00,1165.5,1165.75,1165.5,1165.75,11
2026-04-01 09:30:00+00:00,1165.75,1166.25,1165.75,1165.75,42
2026-04-01 09:35:00+00:00,1165.75,1166.25,1165.25,1166.25,73
2026-04-01 09:40:00+00:00,1166.5,1166.5,1165.75,1166.0,37
2026-04-01 09:45:00+00:00,1165.75,1165.75,1165.5,1165.75,22
2026-04-01 09:50:00+00:00,1165.5,1165.5,1165.25,1165.25,36
2026-04-01 09:55:00+00:00,1165.25,1165.75,1165.25,1165.5,42
2026-04-01 10:00:00+00:00,1165.5,1166.0,1165.5,1166.0,32
2026-04-01 10:05:00+00:00,1165.75,1166.5,1165.5,1166.5,202
2026-04-01 10:10:00+00:00,1166.25,1166.25,1165.75,1166.0,76
2026-04-01 10:15:00+00:00,1165.75,1166.0,1165.5,1165.5,132
2026-04-01 10:20:00+00:00,1165.25,1165.75,1165.25,1165.5,14
2026-04-01 10:25:00+00:00,1165.75,1166.0,1165.75,1165.75,15
2026-04-01 10:30:00+00:00,1165.75,1166.5,1165.75,1166.25,84
2026-04-01 10:35:00+00:00,1166.25,1166.5,1166.0,1166.25,22
2026-04-01 10:40:00+00:00,1166.0,1166.25,1165.5,1166.0,55
2026-04-01 10:45:00+00:00,1165.75,1165.75,1165.25,1165.5,38
2026-04-01 10:50:00+00:00,1165.5,1165.5,1164.75,1164.75,14
2026-04-01 10:55:00+00:00,1164.75,1165.75,1164.75,1165.5,51
2026-04-01 11:00:00+00:00,1165.5,1165.75,1165.0,1165.25,52
2026-04-01 11:05:00+00:00,1165.25,1166.0,1165.25,1166.0,94
2026-04-01 11:10:00+00:00,1166.0,1166.0,1165.0,1165.0,52
2026-04-01 11:15:00+00:00,1165.0,1165.0,1163.75,1164.5,252
2026-04-01 11:20:00+00:00,1164.25,1164.75,1164.25,1164.5,34
2026-04-01 11:25:00+00:00,1164.5,1164.5,1164.0,1164.25,91
2026-04-01 11:30:00+00:00,1164.25,1164.5,1164.25,1164.25,12
2026-04-01 11:35:00+00:00,1164.25,1164.5,1162.5,1163.0,252
2026-04-01 11:40:00+00:00,1163.0,1163.25,1161.5,1162.0,498
2026-04-01 11:45:00+00:00,1162.25,1162.25,1161.5,1162.25,129
2026-04-01 11:50:00+00:00,1162.25,1162.5,1162.0,1162.5,54
2026-04-01 11:55:00+00:00,1162.5,1162.5,1161.5,1161.75,349
2026-04-01 12:00:00+00:00,1161.75,1162.0,1160.75,1160.75,360
2026-04-01 12:05:00+00:00,1160.75,1161.0,1160.5,1161.0,202
2026-04-01 12:10:00+00:00,1161.0,1161.5,1160.25,1160.75,148
2026-04-01 12:15:00+00:00,1160.75,1161.5,1160.75,1161.0,138
2026-04-01 12:20:00+00:00,1160.75,1162.75,1160.75,1162.5,111
2026-04-01 12:25:00+00:00,1162.75,1162.75,1162.0,1162.5,748
2026-04-01 12:30:00+00:00,1162.5,1163.0,1162.25,1162.5,111
2026-04-01 12:35:00+00:00,1162.5,1163.75,1162.25,1163.5,189
2026-04-01 12:40:00+00:00,1163.5,1163.75,1163.0,1163.0,433
2026-04-01 13:30:00+00:00,1162.25,1162.5,1157.5,1159.0,6095
2026-04-01 13:35:00+00:00,1158.75,1161.5,1158.75,1160.25,2359
2026-04-01 13:40:00+00:00,1160.25,1163.5,1159.75,1162.25,2965
2026-04-01 13:45:00+00:00,1162.0,1162.25,1159.75,1159.75,968
2026-04-01 13:50:00+00:00,1159.75,1160.5,1158.25,1159.0,884
2026-04-01 13:55:00+00:00,1159.0,1160.5,1158.75,1160.0,1059
2026-04-01 14:00:00+00:00,1159.75,1159.75,1157.0,1157.5,1724
2026-04-01 14:05:00+00:00,1157.5,1157.5,1156.5,1157.0,3327
2026-04-01 14:10:00+00:00,1157.0,1157.25,1155.25,1155.25,1489
2026-04-01 14:15:00+00:00,1155.5,1156.0,1154.0,1154.25,2495
2026-04-01 14:20:00+00:00,1154.0,1156.25,1153.0,1153.75,2210
2026-04-01 14:25:00+00:00,1153.75,1154.0,1153.25,1153.75,9056
2026-04-01 14:30:00+00:00,1153.75,1156.5,1153.5,1155.75,3842
2026-04-01 14:35:00+00:00,1155.75,1156.25,1154.75,1155.0,1247
2026-04-01 14:40:00+00:00,1154.75,1157.5,1154.5,1154.75,1236
2026-04-01 14:45:00+00:00,1154.75,1155.25,1154.25,1154.75,603
2026-04-01 14:50:00+00:00,1154.5,1155.0,1153.75,1154.25,674
2026-04-01 14:55:00+00:00,1154.25,1154.25,1153.5,1154.0,530
2026-04-01 15:00:00+00:00,1154.0,1155.0,1153.75,1154.75,946
2026-04-01 15:05:00+00:00,1154.75,1155.25,1154.5,1155.0,504
2026-04-01 15:10:00+00:00,1155.0,1155.5,1154.5,1155.0,490
2026-04-01 15:15:00+00:00,1155.25,1155.25,1153.75,1154.0,461
2026-04-01 15:20:00+00:00,1154.0,1154.5,1153.5,1154.5,417
2026-04-01 15:25:00+00:00,1154.5,1155.75,1154.25,1155.5,747
2026-04-01 15:30:00+00:00,1155.5,1156.75,1155.0,1156.25,845
2026-04-01 15:35:00+00:00,1156.5,1157.75,1156.5,1157.25,575
2026-04-01 15:40:00+00:00,1157.0,1159.0,1157.0,1157.75,2890
2026-04-01 15:45:00+00:00,1157.75,1160.5,1157.75,1160.25,685
2026-04-01 15:50:00+00:00,1160.25,1160.5,1158.75,1159.0,3158
2026-04-01 15:55:00+00:00,1158.75,1158.75,1157.75,1158.25,879
2026-04-01 16:00:00+00:00,1158.5,1160.75,1158.5,1160.5,3161
2026-04-01 16:05:00+00:00,1160.5,1162.75,1160.0,1162.75,1194
2026-04-01 16:10:00+00:00,1162.75,1164.75,1162.5,1163.75,1054
2026-04-01 16:15:00+00:00,1163.75,1165.0,1162.5,1163.25,770
2026-04-01 16:20:00+00:00,1163.5,1163.5,1161.5,1161.75,898
2026-04-01 16:25:00+00:00,1162.0,1163.5,1161.75,1163.5,812
2026-04-01 16:30:00+00:00,1163.25,1165.0,1163.0,1165.0,693
2026-04-01 16:35:00+00:00,1165.0,1166.25,1165.0,1166.0,964
2026-04-01 16:40:00+00:00,1166.0,1166.5,1164.5,1165.0,782
2026-04-01 16:45:00+00:00,1165.0,1165.75,1164.25,1164.75,933
2026-04-01 16:50:00+00:00,1164.5,1165.0,1164.25,1164.75,349
2026-04-01 16:55:00+00:00,1164.75,1165.5,1164.5,1164.75,360
2026-04-01 17:00:00+00:00,1164.75,1166.5,1164.75,1165.75,730
2026-04-01 17:05:00+00:00,1165.5,1166.75,1165.5,1166.5,656
2026-04-01 17:10:00+00:00,1166.25,1166.5,1165.75,1166.5,930
2026-04-01 17:15:00+00:00,1166.25,1168.25,1166.0,1168.25,1336
2026-04-01 17:20:00+00:00,1168.25,1169.0,1167.75,1168.75,643
2026-04-01 17:25:00+00:00,1168.5,1169.0,1168.25,1168.5,4374
2026-04-01 17:30:00+00:00,1168.5,1168.75,1166.75,1167.25,601
2026-04-01 17:35:00+00:00,1167.5,1168.0,1167.25,1167.5,566
2026-04-01 17:40:00+00:00,1167.25,1168.0,1166.5,1167.25,425
2026-04-01 17:45:00+00:00,1167.0,1167.25,1166.0,1166.25,711
2026-04-01 17:50:00+00:00,1166.5,1167.25,1166.25,1167.0,437
2026-04-01 17:55:00+00:00,1167.25,1168.5,1167.0,1168.5,670
2026-04-01 18:00:00+00:00,1168.25,1170.0,1168.25,1169.75,1485
2026-04-01 18:05:00+00:00,1169.75,1170.0,1168.0,1168.75,774
2026-04-01 18:10:00+00:00,1168.5,1169.75,1168.0,1168.5,3680
2026-04-01 18:15:00+00:00,1168.25,1168.75,1166.75,1167.25,1229
2026-04-02 00:00:00+00:00,1167.25,1168.25,1164.0,1164.75,0
2026-04-02 00:05:00+00:00,1165.0,1165.5,1164.0,1164.5,142
2026-04-02 00:10:00+00:00,1164.5,1164.75,1164.25,1164.5,46
2026-04-02 00:15:00+00:00,1164.75,1165.0,1164.5,1164.5,51
2026-04-02 00:20:00+00:00,1164.5,1164.75,1164.25,1164.5,41
2026-04-02 00:25:00+00:00,1164.5,1164.5,1164.25,1164.25,57
2026-04-02 00:30:00+00:00,1164.25,1165.0,1164.25,1164.25,38
2026-04-02 00:35:00+00:00,1164.75,1165.0,1164.5,1164.5,70
2026-04-02 00:40:00+00:00,1164.5,1164.75,1164.5,1164.5,10
2026-04-02 00:45:00+00:00,1164.5,1165.0,1164.5,1164.5,6
2026-04-02 00:50:00+00:00,1164.75,1164.75,1164.5,1164.5,22
2026-04-02 00:55:00+00:00,1164.5,1164.75,1164.5,1164.5,53
2026-04-02 01:00:00+00:00,1164.5,1166.0,1163.25,1165.25,494
2026-04-02 01:05:00+00:00,1165.75,1167.5,1165.25,1167.5,164
2026-04-02 01:10:00+00:00,1167.0,1168.75,1166.75,1168.5,423
2026-04-02 01:15:00+00:00,1168.5,1173.25,1168.25,1173.25,804
2026-04-02 01:20:00+00:00,1173.0,1173.5,1171.75,1172.5,393
2026-04-02 01:25:00+00:00,1172.25,1172.25,1171.25,1171.25,192
2026-04-02 01:30:00+00:00,1171.25,1172.0,1170.75,1171.75,223
2026-04-02 01:35:00+00:00,1171.5,1172.0,1170.0,1170.5,213
2026-04-02 01:40:00+00:00,1170.5,1171.0,1170.0,1170.5,282
2026-04-02 01:45:00+00:00,1170.5,1172.25,1170.5,1172.0,330
2026-04-02 01:50:00+00:00,1172.0,1173.25,1171.25,1173.0,250
2026-04-02 01:55:00+00:00,1173.0,1173.5,1172.5,1173.5,187
2026-04-02 02:00:00+00:00,1173.25,1173.25,1172.75,1172.75,213
2026-04-02 02:05:00+00:00,1172.75,1173.25,1172.5,1172.5,39
2026-04-02 02:10:00+00:00,1172.75,1173.0,1172.25,1172.75,24
2026-04-02 02:15:00+00:00,1172.5,1172.5,1172.25,1172.5,26
2026-04-02 02:20:00+00:00,1172.5,1172.75,1172.0,1172.5,28
2026-04-02 02:25:00+00:00,1172.25,1172.25,1172.0,1172.0,46
2026-04-02 02:30:00+00:00,1172.25,1172.25,1171.5,1171.5,33
2026-04-02 02:35:00+00:00,1171.5,1172.0,1171.5,1172.0,7
2026-04-02 02:40:00+00:00,1172.25,1172.25,1171.5,1171.75,10
2026-04-02 02:45:00+00:00,1171.75,1171.75,1171.5,1171.5,4
2026-04-02 02:50:00+00:00,1171.75,1172.0,1171.75,1172.0,18
2026-04-02 02:55:00+00:00,1172.0,1172.25,1171.75,1172.25,7
2026-04-02 03:00:00+00:00,1172.0,1172.25,1171.5,1171.5,16
2026-04-02 03:05:00+00:00,1171.5,1171.75,1171.5,1171.75,7
2026-04-02 03:10:00+00:00,1172.0,1172.0,1171.75,1171.75,4
2026-04-02 03:15:00+00:00,1171.75,1171.75,1171.5,1171.5,4
2026-04-02 03:20:00+00:00,1171.5,1172.25,1171.5,1171.5,66
2026-04-02 03:25:00+00:00,1171.75,1171.75,1171.0,1171.0,18
2026-04-02 03:30:00+00:00,1170.75,1171.25,1170.75,1171.0,14
2026-04-02 03:35:00+00:00,1171.0,1171.5,1171.0,1171.5,22
2026-04-02 03:40:00+00:00,1171.5,1171.5,1171.0,1171.25,6
2026-04-02 03:45:00+00:00,1171.5,1171.5,1171.25,1171.5,23
2026-04-02 03:50:00+00:00,1171.5,1171.75,1171.5,1171.5,6
2026-04-02 03:55:00+00:00,1171.5,1172.0,1171.5,1172.0,6
2026-04-02 04:00:00+00:00,1171.75,1172.0,1171.5,1171.75,47
2026-04-02 04:05:00+00:00,1171.75,1172.0,1171.75,1171.75,18
2026-04-02 04:10:00+00:00,1171.5,1171.5,1171.25,1171.25,7
2026-04-02 04:15:00+00:00,1171.5,1172.5,1171.5,1171.75,59
2026-04-02 04:20:00+00:00,1172.0,1172.25,1171.75,1172.0,21
2026-04-02 04:25:00+00:00,1171.75,1172.5,1171.75,1172.5,30
2026-04-02 04:30:00+00:00,1172.25,1172.5,1172.0,1172.25,15
2026-04-02 04:35:00+00:00,1172.25,1173.0,1172.25,1173.0,58
2026-04-02 04:40:00+00:00,1172.75,1172.75,1172.5,1172.5,84
2026-04-02 04:45:00+00:00,1172.5,1172.5,1172.0,1172.0,33
2026-04-02 04:50:00+00:00,1172.0,1172.25,1172.0,1172.0,8
2026-04-02 04:55:00+00:00,1172.25,1172.5,1172.0,1172.5,9
2026-04-02 05:00:00+00:00,1172.5,1172.5,1172.25,1172.5,9
2026-04-02 05:05:00+00:00,1172.25,1172.25,1172.25,1172.25,6
2026-04-02 05:10:00+00:00,1172.25,1172.25,1172.25,1172.25,5
2026-04-02 05:15:00+00:00,1172.5,1173.25,1172.5,1173.25,4953
2026-04-02 05:20:00+00:00,1173.25,1173.25,1173.0,1173.0,1706
2026-04-02 05:25:00+00:00,1173.0,1173.0,1173.0,1173.0,3
2026-04-02 05:30:00+00:00,1173.25,1173.75,1172.75,1172.75,72
2026-04-02 05:35:00+00:00,1172.75,1172.75,1172.0,1172.0,45
2026-04-02 05:40:00+00:00,1171.75,1172.25,1171.75,1172.25,6
2026-04-02 05:45:00+00:00,1172.75,1173.25,1172.5,1173.0,103
2026-04-02 05:50:00+00:00,1173.0,1173.25,1173.0,1173.25,71
2026-04-02 05:55:00+00:00,1173.0,1173.0,1172.5,1172.5,41
2026-04-02 06:00:00+00:00,1172.5,1172.5,1172.0,1172.0,22
2026-04-02 06:05:00+00:00,1172.0,1172.25,1171.75,1171.75,18
2026-04-02 06:10:00+00:00,1171.75,1171.75,1171.5,1171.5,35
2026-04-02 06:15:00+00:00,1171.25,1171.5,1171.0,1171.25,16
2026-04-02 06:20:00+00:00,1171.25,1171.5,1171.0,1171.25,32
2026-04-02 06:25:00+00:00,1171.25,1171.25,1171.0,1171.25,28
2026-04-02 06:30:00+00:00,1171.25,1171.5,1171.0,1171.0,13
2026-04-02 06:35:00+00:00,1171.5,1171.75,1171.5,1171.75,28
2026-04-02 06:40:00+00:00,1172.25,1172.25,1172.0,1172.0,9
2026-04-02 06:45:00+00:00,1172.0,1172.25,1172.0,1172.25,23
2026-04-02 06:50:00+00:00,1172.25,1172.5,1172.0,1172.0,39
2026-04-02 06:55:00+00:00,1171.5,1171.5,1171.25,1171.25,74
2026-04-02 07:00:00+00:00,1171.25,1172.0,1171.0,1171.5,99
2026-04-02 07:05:00+00:00,1171.25,1171.5,1171.0,1171.25,7
2026-04-02 07:10:00+00:00,1171.25,1171.25,1170.75,1170.75,59
2026-04-02 07:15:00+00:00,1170.75,1171.25,1170.75,1171.0,52
2026-04-02 07:20:00+00:00,1171.25,1171.5,1171.0,1171.25,33
2026-04-02 07:25:00+00:00,1171.5,1171.5,1171.0,1171.0,862
2026-04-02 07:30:00+00:00,1171.25,1171.75,1171.0,1171.5,36
2026-04-02 07:35:00+00:00,1171.5,1171.75,1171.0,1171.0,84
2026-04-02 07:40:00+00:00,1171.25,1171.25,1171.0,1171.0,10
2026-04-02 07:45:00+00:00,1171.25,1171.5,1171.25,1171.25,22
2026-04-02 07:50:00+00:00,1171.5,1171.5,1171.5,1171.5,32
2026-04-02 07:55:00+00:00,1171.25,1171.25,1171.0,1171.0,13
2026-04-02 08:00:00+00:00,1171.0,1171.25,1171.0,1171.25,43
2026-04-02 08:05:00+00:00,1171.5,1172.0,1171.25,1172.0,116
2026-04-02 08:10:00+00:00,1172.0,1172.75,1171.75,1172.75,58
2026-04-02 08:15:00+00:00,1173.0,1173.25,1172.75,1172.75,146
2026-04-02 08:20:00+00:00,1173.0,1173.5,1172.75,1173.0,97
2026-04-02 08:25:00+00:00,1173.0,1173.0,1172.5,1172.5,38
2026-04-02 08:30:00+00:00,1172.75,1173.75,1172.5,1173.25,181
2026-04-02 08:35:00+00:00,1173.25,1173.75,1173.25,1173.75,92
2026-04-02 08:40:00+00:00,1173.75,1173.75,1173.5,1173.5,26
2026-04-02 08:45:00+00:00,1173.75,1173.75,1173.75,1173.75,42
2026-04-02 08:50:00+00:00,1173.5,1173.5,1173.25,1173.5,45
2026-04-02 08:55:00+00:00,1173.5,1173.5,1173.0,1173.25,77
2026-04-02 09:00:00+00:00,1173.5,1173.5,1173.25,1173.25,32
2026-04-02 09:05:00+00:00,1173.0,1173.0,1172.75,1172.75,20
2026-04-02 09:10:00+00:00,1172.5,1172.75,1172.5,1172.75,23
2026-04-02 09:15:00+00:00,1172.75,1173.25,1172.75,1173.25,24
2026-04-02 09:20:00+00:00,1173.25,1173.5,1173.25,1173.5,12
2026-04-02 09:25:00+00:00,1173.5,1173.75,1173.25,1173.5,79
2026-04-02 09:30:00+00:00,1173.5,1173.75,1173.5,1173.75,25
2026-04-02 09:35:00+00:00,1174.0,1174.25,1173.75,1173.75,68
2026-04-02 09:40:00+00:00,1173.75,1173.75,1173.25,1173.75,42
2026-04-02 09:45:00+00:00,1173.5,1173.5,1173.0,1173.0,56
2026-04-02 09:50:00+00:00,1172.75,1172.75,1171.5,1171.75,128
2026-04-02 09:55:00+00:00,1172.0,1172.25,1171.5,1172.0,103
2026-04-02 10:00:00+00:00,1172.0,1172.0,1171.25,1171.5,70
2026-04-02 10:05:00+00:00,1171.75,1172.0,1171.5,1172.0,20
2026-04-02 10:10:00+00:00,1172.0,1172.25,1172.0,1172.25,49
2026-04-02 10:15:00+00:00,1172.5,1172.75,1171.75,1171.75,41
2026-04-02 10:20:00+00:00,1171.75,1172.5,1171.75,1172.5,45
2026-04-02 10:25:00+00:00,1172.5,1172.75,1172.5,1172.75,16
2026-04-02 10:30:00+00:00,1172.5,1172.5,1172.5,1172.5,25
2026-04-02 10:35:00+00:00,1172.5,1172.5,1172.5,1172.5,9
2026-04-02 10:40:00+00:00,1172.5,1172.75,1172.0,1172.75,50
2026-04-02 10:45:00+00:00,1172.5,1172.5,1172.25,1172.5,18
2026-04-02 10:50:00+00:00,1172.75,1173.0,1172.75,1172.75,25
2026-04-02 10:55:00+00:00,1172.75,1172.75,1172.75,1172.75,5
2026-04-02 11:00:00+00:00,1173.0,1173.25,1172.75,1173.0,56
2026-04-02 11:05:00+00:00,1173.25,1173.25,1173.0,1173.0,23
2026-04-02 11:10:00+00:00,1173.25,1173.25,1172.0,1172.0,195
2026-04-02 11:15:00+00:00,1172.25,1172.25,1171.25,1171.5,102
2026-04-02 11:20:00+00:00,1171.5,1171.75,1171.25,1171.75,75
2026-04-02 11:25:00+00:00,1171.5,1172.75,1171.5,1172.75,133
2026-04-02 11:30:00+00:00,1172.75,1172.75,1171.5,1171.5,64
2026-04-02 11:35:00+00:00,1171.5,1172.5,1171.25,1172.5,66
2026-04-02 11:40:00+00:00,1172.5,1172.5,1172.25,1172.5,61
2026-04-02 11:45:00+00:00,1172.5,1172.5,1172.0,1172.25,67
2026-04-02 11:50:00+00:00,1172.25,1172.25,1171.75,1172.25,27
2026-04-02 11:55:00+00:00,1172.5,1172.5,1172.0,1172.5,63
2026-04-02 12:00:00+00:00,1172.5,1172.5,1171.25,1171.5,194
2026-04-02 12:05:00+00:00,1171.75,1172.0,1171.5,1172.0,36
2026-04-02 12:10:00+00:00,1172.25,1172.25,1171.0,1171.75,155
2026-04-02 12:15:00+00:00,1171.5,1171.5,1170.0,1170.25,316
2026-04-02 12:20:00+00:00,1170.25,1170.75,1168.75,1168.75,423
2026-04-02 12:25:00+00:00,1168.75,1169.5,1168.5,1169.5,172
2026-04-02 12:30:00+00:00,1169.75,1170.5,1169.5,1170.25,248
2026-04-02 12:35:00+00:00,1170.5,1171.25,1170.25,1170.5,201
2026-04-02 12:40:00+00:00,1170.25,1171.0,1169.75,1171.0,243
2026-04-02 13:30:00+00:00,1170.75,1173.5,1170.75,1172.5,5323
2026-04-02 13:35:00+00:00,1172.5,1172.5,1170.25,1172.25,1628
2026-04-02 13:40:00+00:00,1172.5,1172.75,1171.5,1172.0,885
2026-04-02 13:45:00+00:00,1171.75,1172.25,1170.75,1171.0,1443
2026-04-02 13:50:00+00:00,1171.0,1173.0,1170.5,1172.25,1891
2026-04-02 13:55:00+00:00,1172.0,1172.5,1171.75,1172.25,622
2026-04-02 14:00:00+00:00,1172.0,1172.5,1169.75,1170.25,1260
2026-04-02 14:05:00+00:00,1170.25,1170.75,1169.25,1170.0,884
2026-04-02 14:10:00+00:00,1169.75,1171.0,1169.75,1170.75,736
2026-04-02 14:15:00+00:00,1170.5,1171.25,1169.0,1169.25,508
2026-04-02 14:20:00+00:00,1169.25,1170.75,1168.75,1170.25,3481
2026-04-02 14:25:00+00:00,1170.25,1170.5,1169.5,1169.5,365
2026-04-02 14:30:00+00:00,1169.5,1170.25,1168.75,1169.0,742
2026-04-02 14:35:00+00:00,1169.0,1169.0,1165.0,1165.75,2882
2026-04-02 14:40:00+00:00,1165.75,1168.25,1165.75,1166.0,651
2026-04-02 14:45:00+00:00,1165.75,1166.5,1165.0,1166.0,928
2026-04-02 14:50:00+00:00,1166.0,1167.0,1165.75,1166.5,1309
2026-04-02 14:55:00+00:00,1166.5,1167.0,1165.5,1165.75,637
2026-04-02 15:00:00+00:00,1165.75,1167.25,1164.75,1166.75,938
2026-04-02 15:05:00+00:00,1166.5,1167.0,1165.5,1166.0,636
2026-04-02 15:10:00+00:00,1166.0,1167.0,1165.5,1165.5,460
2026-04-02 15:15:00+00:00,1165.5,1166.75,1165.25,1166.5,500
2026-04-02 15:20:00+00:00,1166.5,1167.5,1166.25,1167.0,606
2026-04-02 15:25:00+00:00,1166.75,1167.5,1166.75,1167.25,579
2026-04-02 15:30:00+00:00,1167.25,1167.5,1166.25,1166.75,465
2026-04-02 15:35:00+00:00,1166.5,1167.25,1166.0,1166.25,484
2026-04-02 15:40:00+00:00,1166.5,1166.5,1165.0,1165.25,1307
2026-04-02 15:45:00+00:00,1165.0,1166.0,1164.25,1164.75,532
2026-04-02 15:50:00+00:00,1164.75,1166.0,1164.0,1164.0,956
2026-04-02 15:55:00+00:00,1164.0,1164.5,1163.5,1163.75,542
2026-04-02 16:00:00+00:00,1163.75,1164.25,1163.25,1164.25,525
2026-04-02 16:05:00+00:00,1164.25,1164.5,1163.75,1164.25,538
2026-04-02 16:10:00+00:00,1164.0,1165.25,1164.0,1164.75,544
2026-04-02 16:15:00+00:00,1164.5,1165.5,1164.25,1165.25,621
2026-04-02 16:20:00+00:00,1165.25,1166.25,1165.25,1165.5,440
2026-04-02 16:25:00+00:00,1165.75,1166.25,1165.25,1165.5,297
2026-04-02 16:30:00+00:00,1165.75,1166.0,1165.0,1166.0,498
2026-04-02 16:35:00+00:00,1166.0,1166.25,1165.0,1165.5,968
2026-04-02 16:40:00+00:00,1165.75,1166.5,1165.0,1166.5,415
2026-04-02 16:45:00+00:00,1166.25,1167.0,1165.75,1166.25,5302
2026-04-02 16:50:00+00:00,1166.0,1166.75,1166.0,1166.5,493
2026-04-02 16:55:00+00:00,1166.5,1166.75,1165.5,1165.75,515
2026-04-02 17:00:00+00:00,1165.75,1166.0,1165.0,1165.0,300
2026-04-02 17:05:00+00:00,1165.25,1166.0,1165.0,1165.75,215
2026-04-02 17:10:00+00:00,1165.75,1166.0,1165.5,1166.0,287
2026-04-02 17:15:00+00:00,1166.0,1166.5,1165.75,1165.75,518
2026-04-02 17:20:00+00:00,1165.75,1166.25,1165.5,1165.75,680
2026-04-02 17:25:00+00:00,1165.5,1167.5,1165.5,1167.5,1035
2026-04-02 17:30:00+00:00,1167.5,1168.25,1167.25,1167.75,451
2026-04-02 17:35:00+00:00,1167.5,1167.75,1167.25,1167.5,322
2026-04-02 17:40:00+00:00,1167.75,1168.25,1167.5,1168.25,569
2026-04-02 17:45:00+00:00,1168.0,1168.5,1167.75,1167.75,641
2026-04-02 17:50:00+00:00,1167.5,1168.0,1166.75,1167.0,604
2026-04-02 17:55:00+00:00,1167.0,1167.5,1166.75,1167.0,404
2026-04-02 18:00:00+00:00,1166.75,1167.0,1165.25,1165.5,389
2026-04-02 18:05:00+00:00,1165.25,1165.75,1164.75,1165.0,819
2026-04-02 18:10:00+00:00,1165.0,1165.0,1163.0,1163.25,4806
2026-04-02 18:15:00+00:00,1163.25,1163.25,1162.0,1162.75,2699
2026-04-06 00:00:00+00:00,1164.5,1169.75,1160.5,1161.75,553
2026-04-06 00:05:00+00:00,1161.75,1163.75,1161.0,1161.75,296
2026-04-06 00:10:00+00:00,1161.25,1161.75,1160.75,1161.25,47
2026-04-06 00:15:00+00:00,1161.25,1161.5,1160.25,1161.5,52
2026-04-06 00:20:00+00:00,1161.5,1161.75,1161.0,1161.25,33
2026-04-06 00:25:00+00:00,1161.5,1161.5,1160.75,1161.0,21
2026-04-06 00:30:00+00:00,1160.75,1162.0,1160.75,1161.75,43
2026-04-06 00:35:00+00:00,1161.75,1161.75,1161.25,1161.25,10
2026-04-06 00:40:00+00:00,1161.25,1161.25,1161.0,1161.0,7
2026-04-06 00:45:00+00:00,1161.25,1161.25,1161.0,1161.0,2
2026-04-06 00:50:00+00:00,1161.25,1161.25,1161.0,1161.0,12
2026-04-06 00:55:00+00:00,1161.25,1161.75,1161.25,1161.75,39
2026-04-06 01:00:00+00:00,1161.75,1161.75,1160.75,1161.5,88
2026-04-06 01:05:00+00:00,1161.0,1161.5,1161.0,1161.25,34
2026-04-06 01:10:00+00:00,1161.25,1161.25,1160.75,1160.75,7
2026-04-06 01:15:00+00:00,1161.0,1161.0,1160.75,1161.0,5
2026-04-06 01:20:00+00:00,1161.0,1161.0,1160.75,1160.75,18
2026-04-06 01:25:00+00:00,1160.5,1160.75,1160.25,1160.75,145
2026-04-06 01:30:00+00:00,1160.5,1160.75,1160.5,1160.75,25
2026-04-06 01:35:00+00:00,1160.5,1161.0,1160.0,1160.5,201
2026-04-06 01:40:00+00:00,1160.75,1161.25,1160.5,1160.5,137
2026-04-06 01:45:00+00:00,1160.75,1160.75,1160.0,1160.0,115
2026-04-06 01:50:00+00:00,1160.0,1160.0,1159.25,1160.0,129
2026-04-06 01:55:00+00:00,1160.0,1160.0,1159.25,1159.5,17
2026-04-06 02:00:00+00:00,1159.25,1159.5,1159.25,1159.5,12
2026-04-06 02:05:00+00:00,1159.5,1160.5,1159.5,1160.5,43
2026-04-06 02:10:00+00:00,1160.75,1161.25,1160.25,1160.75,26
2026-04-06 02:15:00+00:00,1161.0,1161.0,1159.5,1160.0,223
2026-04-06 02:20:00+00:00,1159.75,1160.0,1159.5,1159.5,22
2026-04-06 02:25:00+00:00,1159.5,1160.25,1159.25,1159.5,153
2026-04-06 02:30:00+00:00,1159.25,1160.0,1159.25,1159.75,32
2026-04-06 02:35:00+00:00,1160.25,1160.25,1159.75,1159.75,9
2026-04-06 02:40:00+00:00,1159.75,1160.0,1159.25,1159.25,14
2026-04-06 02:45:00+00:00,1159.25,1160.0,1159.25,1160.0,11
2026-04-06 02:50:00+00:00,1159.5,1159.75,1159.5,1159.75,10
2026-04-06 02:55:00+00:00,1160.0,1160.0,1159.75,1160.0,12
2026-04-06 03:00:00+00:00,1159.75,1160.25,1159.5,1160.0,30
2026-04-06 03:05:00+00:00,1160.0,1160.0,1159.75,1159.75,13
2026-04-06 03:10:00+00:00,1159.75,1160.0,1159.5,1159.5,6
2026-04-06 03:15:00+00:00,1159.5,1160.5,1159.5,1160.25,27
2026-04-06 03:20:00+00:00,1160.25,1160.25,1159.75,1159.75,10
2026-04-06 03:25:00+00:00,1159.75,1160.0,1159.75,1159.75,6
2026-04-06 03:30:00+00:00,1159.75,1159.75,1159.75,1159.75,5
2026-04-06 03:35:00+00:00,1159.75,1160.0,1159.75,1160.0,10
2026-04-06 03:40:00+00:00,1160.0,1160.0,1159.75,1159.75,21
2026-04-06 03:45:00+00:00,1160.0,1160.25,1160.0,1160.25,8
2026-04-06 03:50:00+00:00,1159.75,1159.75,1159.75,1159.75,13
2026-04-06 03:55:00+00:00,1159.75,1159.75,1159.75,1159.75,1
2026-04-06 04:00:00+00:00,1159.5,1159.5,1159.25,1159.25,14
2026-04-06 04:05:00+00:00,1159.5,1159.5,1158.75,1159.5,62
2026-04-06 04:10:00+00:00,1159.5,1159.5,1159.25,1159.25,14
2026-04-06 04:15:00+00:00,1159.25,1159.5,1159.25,1159.5,7
2026-04-06 04:20:00+00:00,1159.5,1159.5,1159.5,1159.5,6
2026-04-06 04:25:00+00:00,1159.5,1159.75,1159.5,1159.75,30
2026-04-06 04:30:00+00:00,1159.75,1160.0,1159.75,1160.0,14
2026-04-06 04:35:00+00:00,1160.0,1160.25,1159.75,1160.25,39
2026-04-06 04:40:00+00:00,1160.5,1160.5,1160.0,1160.0,77
2026-04-06 04:45:00+00:00,1160.0,1160.75,1160.0,1160.75,13
2026-04-06 04:50:00+00:00,1160.5,1160.5,1160.5,1160.5,5
2026-04-06 04:55:00+00:00,1160.5,1161.0,1160.5,1160.75,12
2026-04-06 05:00:00+00:00,1161.0,1161.0,1161.0,1161.0,3
2026-04-06 05:05:00+00:00,1160.75,1160.75,1160.5,1160.5,11
2026-04-06 05:10:00+00:00,1160.5,1160.75,1160.5,1160.75,11
2026-04-06 05:15:00+00:00,1161.0,1161.5,1161.0,1161.5,25
2026-04-06 05:20:00+00:00,1161.0,1161.25,1161.0,1161.25,20
2026-04-06 05:25:00+00:00,1161.25,1161.25,1161.0,1161.25,5
2026-04-06 05:30:00+00:00,1161.0,1161.0,1161.0,1161.0,2
2026-04-06 05:35:00+00:00,1161.25,1161.25,1161.25,1161.25,2
2026-04-06 05:40:00+00:00,1161.5,1162.0,1161.5,1162.0,62
2026-04-06 05:45:00+00:00,1162.25,1162.25,1162.0,1162.0,24
2026-04-06 05:50:00+00:00,1162.25,1162.25,1162.0,1162.0,6
2026-04-06 05:55:00+00:00,1162.0,1162.25,1162.0,1162.25,20
2026-04-06 06:00:00+00:00,1162.25,1163.0,1162.25,1162.75,37
2026-04-06 06:05:00+00:00,1162.75,1162.75,1162.25,1162.25,15
2026-04-06 06:10:00+00:00,1162.5,1162.5,1162.25,1162.25,15
2026-04-06 06:15:00+00:00,1162.25,1163.0,1162.25,1163.0,10
2026-04-06 06:20:00+00:00,1162.75,1162.75,1162.75,1162.75,7
2026-04-06 06:25:00+00:00,1163.0,1163.5,1162.75,1163.25,23
2026-04-06 06:30:00+00:00,1163.25,1164.0,1163.25,1163.5,41
2026-04-06 06:35:00+00:00,1163.25,1163.5,1163.0,1163.25,33
2026-04-06 06:40:00+00:00,1163.25,1163.25,1163.0,1163.25,15
2026-04-06 06:45:00+00:00,1163.25,1163.5,1163.0,1163.5,12
2026-04-06 06:50:00+00:00,1163.25,1163.25,1162.5,1163.0,28
2026-04-06 06:55:00+00:00,1163.0,1163.25,1163.0,1163.0,15
2026-04-06 07:00:00+00:00,1163.0,1163.75,1162.75,1163.0,50
2026-04-06 07:05:00+00:00,1163.0,1163.25,1162.5,1163.0,33
2026-04-06 07:10:00+00:00,1163.25,1164.0,1163.25,1163.5,16
2026-04-06 07:15:00+00:00,1163.25,1163.75,1163.0,1163.5,35
2026-04-06 07:20:00+00:00,1163.75,1164.25,1163.75,1164.25,9
2026-04-06 07:25:00+00:00,1164.0,1164.75,1164.0,1164.5,63
2026-04-06 07:30:00+00:00,1164.5,1164.75,1164.25,1164.5,15
2026-04-06 07:35:00+00:00,1164.5,1164.5,1164.25,1164.25,13
2026-04-06 07:40:00+00:00,1164.0,1164.5,1163.25,1163.5,43
2026-04-06 07:45:00+00:00,1163.75,1164.75,1163.75,1164.5,1715
2026-04-06 07:50:00+00:00,1164.75,1165.0,1164.0,1164.5,76
2026-04-06 07:55:00+00:00,1164.5,1164.5,1163.75,1164.0,58
2026-04-06 08:00:00+00:00,1163.75,1165.75,1163.5,1165.75,139
2026-04-06 08:05:00+00:00,1165.75,1166.25,1165.5,1166.0,126
2026-04-06 08:10:00+00:00,1165.75,1166.0,1165.5,1165.5,19
2026-04-06 08:15:00+00:00,1165.75,1166.0,1165.5,1166.0,32
2026-04-06 08:20:00+00:00,1166.0,1166.0,1164.5,1164.75,153
2026-04-06 08:25:00+00:00,1165.0,1165.5,1164.75,1164.75,151
2026-04-06 08:30:00+00:00,1164.75,1165.75,1164.75,1165.75,37
2026-04-06 08:35:00+00:00,1165.5,1165.75,1165.0,1165.0,30
2026-04-06 08:40:00+00:00,1165.25,1165.75,1165.25,1165.25,20
2026-04-06 08:45:00+00:00,1165.5,1166.0,1165.5,1165.5,42
2026-04-06 08:50:00+00:00,1165.25,1165.25,1165.0,1165.0,10
2026-04-06 08:55:00+00:00,1165.0,1165.75,1165.0,1165.75,35
2026-04-06 09:00:00+00:00,1165.5,1165.5,1165.0,1165.0,35
2026-04-06 09:05:00+00:00,1164.75,1165.0,1164.5,1165.0,15
2026-04-06 09:10:00+00:00,1164.75,1164.75,1164.75,1164.75,6
2026-04-06 09:15:00+00:00,1164.5,1165.25,1164.5,1165.25,211
2026-04-06 09:20:00+00:00,1165.25,1165.5,1165.0,1165.0,13
2026-04-06 09:25:00+00:00,1165.25,1165.25,1165.0,1165.0,7
2026-04-06 09:30:00+00:00,1165.0,1165.0,1165.0,1165.0,4
2026-04-06 09:35:00+00:00,1165.0,1165.0,1164.5,1164.5,7
2026-04-06 09:40:00+00:00,1164.25,1164.75,1164.25,1164.25,18
2026-04-06 09:45:00+00:00,1164.75,1165.5,1164.75,1165.25,50
2026-04-06 09:50:00+00:00,1165.75,1167.25,1165.75,1167.0,108
2026-04-06 09:55:00+00:00,1167.0,1167.0,1166.75,1167.0,21
2026-04-06 10:00:00+00:00,1167.0,1167.25,1166.75,1167.25,32
2026-04-06 10:05:00+00:00,1167.0,1167.0,1166.5,1166.75,41
2026-04-06 10:10:00+00:00,1166.75,1166.75,1166.5,1166.75,24
2026-04-06 10:15:00+00:00,1166.5,1166.5,1166.5,1166.5,3
2026-04-06 10:20:00+00:00,1167.0,1167.25,1167.0,1167.0,25
2026-04-06 10:25:00+00:00,1167.25,1167.25,1166.5,1166.5,23
2026-04-06 10:30:00+00:00,1166.25,1166.75,1166.25,1166.75,42
2026-04-06 10:35:00+00:00,1166.75,1168.0,1166.75,1167.5,33
2026-04-06 10:40:00+00:00,1167.5,1167.5,1167.25,1167.25,44
2026-04-06 10:45:00+00:00,1167.25,1168.5,1167.25,1168.5,99
2026-04-06 10:50:00+00:00,1168.25,1169.0,1168.25,1168.75,223
2026-04-06 10:55:00+00:00,1169.0,1169.0,1168.5,1168.5,47
2026-04-06 11:00:00+00:00,1168.25,1169.0,1168.0,1169.0,53
2026-04-06 11:05:00+00:00,1168.75,1169.5,1168.75,1169.25,50
2026-04-06 11:10:00+00:00,1169.25,1169.25,1169.0,1169.0,48
2026-04-06 11:15:00+00:00,1169.0,1169.25,1168.75,1168.75,47
2026-04-06 11:20:00+00:00,1168.75,1169.0,1168.75,1168.75,26
2026-04-06 11:25:00+00:00,1168.75,1168.75,1168.25,1168.75,33
2026-04-06 11:30:00+00:00,1168.75,1169.0,1168.5,1168.5,59
2026-04-06 11:35:00+00:00,1168.5,1168.75,1168.5,1168.75,43
2026-04-06 11:40:00+00:00,1168.5,1168.75,1168.5,1168.75,19
2026-04-06 11:45:00+00:00,1168.75,1168.75,1168.25,1168.25,53
2026-04-06 11:50:00+00:00,1168.0,1168.25,1168.0,1168.25,19
2026-04-06 11:55:00+00:00,1168.5,1168.75,1168.5,1168.75,77
2026-04-06 12:00:00+00:00,1168.5,1169.25,1168.25,1169.0,104
2026-04-06 12:05:00+00:00,1169.25,1169.25,1168.75,1169.0,57
2026-04-06 12:10:00+00:00,1168.75,1169.75,1168.75,1169.25,219
2026-04-06 12:15:00+00:00,1169.5,1169.5,1169.25,1169.25,93
2026-04-06 12:20:00+00:00,1169.25,1169.5,1168.5,1169.25,175
2026-04-06 12:25:00+00:00,1169.25,1169.5,1169.0,1169.25,57
2026-04-06 12:30:00+00:00,1169.25,1169.5,1168.25,1169.0,282
2026-04-06 12:35:00+00:00,1168.75,1169.5,1168.5,1169.25,247
2026-04-06 12:40:00+00:00,1169.0,1169.25,1168.0,1168.25,120
2026-04-06 13:30:00+00:00,1168.5,1169.25,1167.25,1168.25,2336
2026-04-06 13:35:00+00:00,1168.25,1169.0,1167.5,1168.25,2760
2026-04-06 13:40:00+00:00,1168.25,1168.25,1164.25,1166.25,2905
2026-04-06 13:45:00+00:00,1166.75,1167.75,1166.5,1167.75,954
2026-04-06 13:50:00+00:00,1168.0,1168.75,1167.75,1168.0,665
2026-04-06 13:55:00+00:00,1167.75,1168.25,1167.25,1167.75,494
2026-04-06 14:00:00+00:00,1167.5,1169.0,1167.0,1168.75,1235
2026-04-06 14:05:00+00:00,1168.75,1168.75,1165.5,1165.5,609
2026-04-06 14:10:00+00:00,1165.5,1166.5,1165.25,1165.5,388
2026-04-06 14:15:00+00:00,1165.75,1166.5,1165.75,1165.75,377
2026-04-06 14:20:00+00:00,1165.5,1166.75,1165.25,1166.5,274
2026-04-06 14:25:00+00:00,1166.5,1166.75,1164.5,1164.75,640
2026-04-06 14:30:00+00:00,1164.75,1165.75,1164.5,1165.25,400
2026-04-06 14:35:00+00:00,1165.5,1167.0,1164.75,1164.75,699
2026-04-06 14:40:00+00:00,1165.0,1166.25,1164.75,1165.75,306
2026-04-06 14:45:00+00:00,1165.75,1166.75,1165.75,1166.25,210
2026-04-06 14:50:00+00:00,1166.0,1166.75,1165.5,1166.75,709
2026-04-06 14:55:00+00:00,1166.75,1167.25,1166.25,1166.75,348
2026-04-06 15:00:00+00:00,1167.0,1168.0,1166.75,1167.75,705
2026-04-06 15:05:00+00:00,1168.0,1169.0,1166.75,1167.0,765
2026-04-06 15:10:00+00:00,1167.0,1168.0,1166.5,1167.5,419
2026-04-06 15:15:00+00:00,1167.75,1168.0,1166.5,1167.0,1062
2026-04-06 15:20:00+00:00,1167.0,1167.0,1166.0,1167.0,303
2026-04-06 15:25:00+00:00,1167.0,1167.25,1166.25,1166.25,358
2026-04-06 15:30:00+00:00,1166.25,1166.75,1166.0,1166.75,528
2026-04-06 15:35:00+00:00,1166.75,1166.75,1165.5,1165.5,261
2026-04-06 15:40:00+00:00,1165.75,1166.75,1165.5,1166.5,193
2026-04-06 15:45:00+00:00,1166.5,1166.75,1166.25,1166.75,274
2026-04-06 15:50:00+00:00,1166.75,1167.5,1166.25,1167.0,4253
2026-04-06 15:55:00+00:00,1166.75,1167.25,1166.75,1166.75,163
2026-04-06 16:00:00+00:00,1167.0,1168.0,1167.0,1167.75,293
2026-04-06 16:05:00+00:00,1168.0,1168.0,1167.75,1168.0,431
2026-04-06 16:10:00+00:00,1168.0,1168.0,1167.0,1167.75,307
2026-04-06 16:15:00+00:00,1167.5,1167.75,1167.0,1167.75,263
2026-04-06 16:20:00+00:00,1167.5,1167.5,1166.0,1166.0,295
2026-04-06 16:25:00+00:00,1166.0,1166.25,1165.5,1165.75,287
2026-04-06 16:30:00+00:00,1166.0,1167.25,1166.0,1167.0,279
2026-04-06 16:35:00+00:00,1167.25,1168.0,1167.0,1167.5,341
2026-04-06 16:40:00+00:00,1167.5,1167.5,1166.5,1167.0,413
2026-04-06 16:45:00+00:00,1167.25,1167.25,1166.5,1167.0,366
2026-04-06 16:50:00+00:00,1167.25,1168.0,1167.25,1167.75,462
2026-04-06 16:55:00+00:00,1167.5,1168.25,1167.0,1168.0,617
2026-04-06 17:00:00+00:00,1168.0,1168.5,1168.0,1168.5,251
2026-04-06 17:05:00+00:00,1168.5,1169.0,1168.0,1168.75,314
2026-04-06 17:10:00+00:00,1169.0,1169.5,1168.5,1169.25,1232
2026-04-06 17:15:00+00:00,1169.0,1169.0,1168.0,1168.5,477
2026-04-06 17:20:00+00:00,1168.5,1168.75,1167.25,1167.75,308
2026-04-06 17:25:00+00:00,1167.75,1168.0,1167.0,1167.25,547
2026-04-06 17:30:00+00:00,1167.25,1167.75,1165.0,1166.75,834
2026-04-06 17:35:00+00:00,1167.0,1167.75,1167.0,1167.25,397
2026-04-06 17:40:00+00:00,1167.25,1167.5,1166.75,1166.75,288
2026-04-06 17:45:00+00:00,1167.0,1167.0,1165.0,1165.5,441
2026-04-06 17:50:00+00:00,1165.25,1166.0,1165.0,1165.75,327
2026-04-06 17:55:00+00:00,1165.75,1166.25,1165.5,1166.0,430
2026-04-06 18:00:00+00:00,1166.0,1166.5,1165.0,1165.5,612
2026-04-06 18:05:00+00:00,1165.25,1166.0,1165.0,1166.0,761
2026-04-06 18:10:00+00:00,1166.0,1167.25,1165.5,1166.75,4518
2026-04-06 18:15:00+00:00,1166.75,1166.75,1164.75,1164.75,1634
2026-04-07 00:00:00+00:00,1164.75,1167.0,1164.25,1166.25,0
2026-04-07 00:05:00+00:00,1166.5,1166.75,1166.0,1166.0,33
2026-04-07 00:10:00+00:00,1166.25,1166.25,1165.75,1166.0,6
2026-04-07 00:15:00+00:00,1165.5,1165.75,1165.25,1165.25,29
2026-04-07 00:20:00+00:00,1165.0,1165.75,1164.75,1165.75,84
2026-04-07 00:25:00+00:00,1165.75,1166.0,1165.75,1165.75,12
2026-04-07 00:30:00+00:00,1166.0,1166.75,1166.0,1166.5,20
2026-04-07 00:35:00+00:00,1166.5,1166.5,1166.0,1166.5,16
2026-04-07 00:40:00+00:00,1166.25,1166.5,1166.0,1166.0,7
2026-04-07 00:45:00+00:00,1166.0,1166.0,1165.75,1165.75,3
2026-04-07 00:50:00+00:00,1165.75,1166.25,1165.75,1166.0,67
2026-04-07 00:55:00+00:00,1165.75,1165.75,1165.0,1165.25,183
2026-04-07 01:00:00+00:00,1165.5,1166.0,1164.25,1164.5,140
2026-04-07 01:05:00+00:00,1164.0,1164.75,1163.75,1164.0,72
2026-04-07 01:10:00+00:00,1164.0,1164.5,1164.0,1164.25,109
2026-04-07 01:15:00+00:00,1164.25,1164.25,1163.75,1163.75,21
2026-04-07 01:20:00+00:00,1163.75,1165.0,1163.75,1165.0,171
2026-04-07 01:25:00+00:00,1165.0,1165.75,1164.75,1165.25,117
2026-04-07 01:30:00+00:00,1165.25,1165.5,1165.0,1165.0,17
2026-04-07 01:35:00+00:00,1165.0,1166.0,1165.0,1165.0,60
2026-04-07 01:40:00+00:00,1165.5,1165.75,1165.25,1165.25,35
2026-04-07 01:45:00+00:00,1165.25,1165.25,1165.0,1165.0,9
2026-04-07 01:50:00+00:00,1165.25,1165.5,1165.25,1165.25,14
2026-04-07 01:55:00+00:00,1165.5,1166.75,1165.5,1166.0,128
2026-04-07 02:00:00+00:00,1166.0,1166.0,1165.75,1166.0,18
2026-04-07 02:05:00+00:00,1166.25,1167.75,1166.0,1166.75,255
2026-04-07 02:10:00+00:00,1167.0,1167.5,1167.0,1167.5,45
2026-04-07 02:15:00+00:00,1167.5,1167.5,1167.0,1167.0,46
2026-04-07 02:20:00+00:00,1167.25,1167.5,1167.0,1167.25,19
2026-04-07 02:25:00+00:00,1167.25,1167.25,1167.0,1167.0,6
2026-04-07 02:30:00+00:00,1167.25,1167.5,1167.0,1167.25,38
2026-04-07 02:35:00+00:00,1167.25,1167.5,1167.0,1167.25,72
2026-04-07 02:40:00+00:00,1167.25,1167.75,1167.25,1167.5,40
2026-04-07 02:45:00+00:00,1167.5,1167.5,1167.25,1167.25,62
2026-04-07 02:50:00+00:00,1167.75,1168.25,1167.75,1168.0,33
2026-04-07 02:55:00+00:00,1168.0,1168.0,1167.75,1167.75,8
2026-04-07 03:00:00+00:00,1167.75,1167.75,1167.75,1167.75,5
2026-04-07 03:05:00+00:00,1168.0,1168.0,1167.75,1167.75,4
2026-04-07 03:10:00+00:00,1167.75,1167.75,1167.25,1167.25,33
2026-04-07 03:15:00+00:00,1167.25,1167.5,1167.25,1167.5,7
2026-04-07 03:20:00+00:00,1167.75,1167.75,1167.75,1167.75,5
2026-04-07 03:25:00+00:00,1167.75,1167.75,1167.5,1167.5,9
2026-04-07 03:30:00+00:00,1167.5,1167.75,1167.5,1167.75,6
2026-04-07 03:35:00+00:00,1167.5,1167.5,1167.0,1167.25,111
2026-04-07 03:40:00+00:00,1167.25,1167.25,1167.25,1167.25,2
2026-04-07 03:45:00+00:00,1167.25,1167.25,1167.0,1167.25,13
2026-04-07 03:50:00+00:00,1167.25,1167.25,1167.25,1167.25,13
2026-04-07 03:55:00+00:00,1167.25,1167.25,1167.25,1167.25,1
2026-04-07 04:00:00+00:00,1167.25,1167.25,1167.25,1167.25,2
2026-04-07 04:05:00+00:00,1167.75,1167.75,1167.75,1167.75,4
2026-04-07 04:10:00+00:00,1167.75,1167.75,1167.75,1167.75,3
2026-04-07 04:15:00+00:00,1167.75,1167.75,1167.5,1167.75,10
2026-04-07 04:20:00+00:00,1167.5,1167.75,1167.5,1167.75,39
2026-04-07 04:25:00+00:00,1167.5,1167.5,1167.5,1167.5,1
2026-04-07 04:30:00+00:00,1167.0,1167.25,1167.0,1167.25,78
2026-04-07 04:35:00+00:00,1167.5,1167.5,1167.5,1167.5,3
2026-04-07 04:40:00+00:00,1167.25,1167.5,1167.25,1167.5,2
2026-04-07 04:50:00+00:00,1167.25,1167.25,1166.75,1166.75,27
2026-04-07 04:55:00+00:00,1166.75,1166.75,1166.75,1166.75,1
2026-04-07 05:00:00+00:00,1166.75,1166.75,1166.25,1166.5,6
2026-04-07 05:05:00+00:00,1166.75,1166.75,1166.75,1166.75,24
2026-04-07 05:25:00+00:00,1166.75,1166.75,1166.5,1166.5,82
2026-04-07 05:30:00+00:00,1166.25,1166.75,1166.25,1166.5,55
2026-04-07 05:35:00+00:00,1166.75,1166.75,1166.5,1166.5,54
2026-04-07 05:40:00+00:00,1166.5,1166.75,1166.5,1166.5,37
2026-04-07 05:45:00+00:00,1166.25,1166.5,1166.25,1166.25,42
2026-04-07 05:50:00+00:00,1166.25,1166.25,1165.5,1165.75,89
2026-04-07 05:55:00+00:00,1165.5,1165.5,1164.75,1165.0,61
2026-04-07 06:00:00+00:00,1165.0,1165.5,1164.75,1165.25,33
2026-04-07 06:05:00+00:00,1165.25,1165.75,1165.0,1165.75,39
2026-04-07 06:10:00+00:00,1165.75,1165.75,1165.5,1165.75,44
2026-04-07 06:15:00+00:00,1165.75,1167.0,1165.75,1167.0,78
2026-04-07 06:20:00+00:00,1166.75,1168.25,1166.5,1168.0,127
2026-04-07 06:25:00+00:00,1167.5,1168.0,1167.25,1168.0,132
2026-04-07 06:30:00+00:00,1167.75,1168.0,1167.25,1167.5,72
2026-04-07 06:35:00+00:00,1167.5,1167.5,1166.75,1167.25,75
2026-04-07 06:40:00+00:00,1167.25,1167.75,1167.25,1167.75,8
2026-04-07 06:45:00+00:00,1168.0,1168.75,1167.5,1168.75,169
2026-04-07 06:50:00+00:00,1168.75,1169.0,1168.25,1168.25,100
2026-04-07 06:55:00+00:00,1168.0,1168.5,1168.0,1168.0,25
2026-04-07 07:05:00+00:00,1166.75,1168.0,1166.75,1167.75,58
2026-04-07 07:10:00+00:00,1167.75,1168.0,1167.75,1167.75,9
2026-04-07 07:15:00+00:00,1167.5,1168.25,1167.5,1168.25,206
2026-04-07 07:20:00+00:00,1168.25,1169.5,1168.25,1169.0,179
2026-04-07 07:25:00+00:00,1169.25,1169.25,1169.0,1169.25,39
2026-04-07 07:30:00+00:00,1169.0,1169.25,1169.0,1169.0,44
2026-04-07 07:35:00+00:00,1168.75,1168.75,1168.75,1168.75,15
2026-04-07 07:40:00+00:00,1168.75,1168.75,1168.75,1168.75,4
2026-04-07 07:45:00+00:00,1168.75,1169.0,1168.0,1168.0,36
2026-04-07 07:50:00+00:00,1168.0,1168.5,1167.75,1168.5,12
2026-04-07 07:55:00+00:00,1168.5,1169.0,1168.5,1169.0,38
2026-04-07 08:00:00+00:00,1169.0,1169.0,1167.25,1168.0,109
2026-04-07 08:05:00+00:00,1168.0,1168.0,1167.75,1167.75,11
2026-04-07 08:10:00+00:00,1168.0,1168.25,1167.5,1168.0,32
2026-04-07 08:15:00+00:00,1167.75,1167.75,1166.75,1167.25,28
2026-04-07 08:20:00+00:00,1166.75,1166.75,1165.5,1165.75,57
2026-04-07 08:25:00+00:00,1166.0,1166.25,1165.5,1166.25,62
2026-04-07 08:30:00+00:00,1166.25,1166.25,1165.5,1165.75,89
2026-04-07 08:35:00+00:00,1165.75,1166.0,1165.25,1166.0,84
2026-04-07 08:40:00+00:00,1166.25,1166.5,1166.25,1166.5,21
2026-04-07 08:45:00+00:00,1166.25,1166.5,1166.0,1166.25,31
2026-04-07 08:50:00+00:00,1166.25,1166.5,1166.0,1166.25,12
2026-04-07 08:55:00+00:00,1166.5,1167.0,1166.25,1166.75,30
2026-04-07 09:00:00+00:00,1166.75,1167.0,1166.25,1166.5,65
2026-04-07 09:05:00+00:00,1166.75,1166.75,1166.5,1166.5,14
2026-04-07 09:10:00+00:00,1166.25,1166.5,1166.0,1166.25,25
2026-04-07 09:15:00+00:00,1166.25,1166.25,1165.5,1166.0,37
2026-04-07 09:20:00+00:00,1165.75,1165.75,1164.75,1164.75,50
2026-04-07 09:25:00+00:00,1164.5,1164.75,1164.25,1164.25,82
2026-04-07 09:30:00+00:00,1164.25,1164.25,1164.0,1164.0,72
2026-04-07 09:35:00+00:00,1164.0,1164.5,1164.0,1164.0,68
2026-04-07 09:40:00+00:00,1164.0,1164.0,1164.0,1164.0,44
2026-04-07 09:45:00+00:00,1164.0,1164.5,1164.0,1164.25,27
2026-04-07 09:50:00+00:00,1164.25,1164.75,1164.25,1164.75,16
2026-04-07 09:55:00+00:00,1164.75,1165.0,1164.75,1165.0,23
2026-04-07 10:00:00+00:00,1165.0,1165.0,1164.75,1165.0,16
2026-04-07 10:05:00+00:00,1165.25,1166.5,1165.25,1165.75,88
2026-04-07 10:10:00+00:00,1165.75,1166.0,1165.25,1165.25,45
2026-04-07 10:15:00+00:00,1165.25,1165.75,1165.25,1165.75,14
2026-04-07 10:20:00+00:00,1165.5,1165.5,1165.5,1165.5,8
2026-04-07 10:25:00+00:00,1166.0,1167.25,1166.0,1166.75,51
2026-04-07 10:30:00+00:00,1166.5,1166.5,1166.25,1166.25,7
2026-04-07 10:35:00+00:00,1166.0,1166.0,1166.0,1166.0,7
2026-04-07 10:40:00+00:00,1166.25,1167.25,1166.25,1166.75,25
2026-04-07 10:45:00+00:00,1166.75,1168.25,1166.75,1168.0,48
2026-04-07 10:50:00+00:00,1168.0,1168.25,1167.75,1168.25,48
2026-04-07 10:55:00+00:00,1168.25,1169.0,1168.25,1168.75,120
2026-04-07 11:00:00+00:00,1169.0,1169.25,1168.0,1168.25,119
2026-04-07 11:05:00+00:00,1168.25,1168.75,1168.0,1168.5,130
2026-04-07 11:10:00+00:00,1168.5,1169.0,1167.75,1168.25,122
2026-04-07 11:15:00+00:00,1168.0,1168.0,1167.25,1167.5,55
2026-04-07 11:20:00+00:00,1167.25,1168.0,1167.25,1168.0,48
2026-04-07 11:25:00+00:00,1168.0,1168.5,1167.75,1168.0,19
2026-04-07 11:30:00+00:00,1167.75,1168.25,1167.25,1168.25,37
2026-04-07 11:35:00+00:00,1168.25,1168.5,1167.5,1168.5,38
2026-04-07 11:40:00+00:00,1168.75,1169.0,1168.25,1168.25,21
2026-04-07 11:45:00+00:00,1168.25,1168.75,1168.0,1168.25,20
2026-04-07 11:50:00+00:00,1168.0,1168.25,1168.0,1168.25,15
2026-04-07 11:55:00+00:00,1168.0,1168.25,1167.75,1168.0,22
2026-04-07 12:00:00+00:00,1168.25,1168.5,1168.0,1168.25,127
2026-04-07 12:05:00+00:00,1168.25,1169.0,1167.25,1168.0,240
2026-04-07 12:10:00+00:00,1167.75,1169.0,1167.75,1168.25,47
2026-04-07 12:15:00+00:00,1168.25,1168.25,1166.25,1166.5,95
2026-04-07 12:20:00+00:00,1166.25,1166.25,1165.5,1165.75,158
2026-04-07 12:25:00+00:00,1166.0,1166.25,1165.0,1165.5,157
2026-04-07 12:30:00+00:00,1165.75,1167.5,1165.5,1167.25,239
2026-04-07 12:35:00+00:00,1167.0,1167.0,1166.0,1166.75,123
2026-04-07 12:40:00+00:00,1166.75,1168.0,1166.5,1168.0,68
2026-04-07 13:30:00+00:00,1168.0,1169.25,1165.25,1169.25,2623
2026-04-07 13:35:00+00:00,1169.25,1169.25,1166.75,1167.25,1494
2026-04-07 13:40:00+00:00,1167.25,1168.75,1166.75,1168.75,1079
2026-04-07 13:45:00+00:00,1169.0,1169.5,1168.25,1169.25,1422
2026-04-07 13:50:00+00:00,1169.5,1170.5,1169.0,1169.0,1284
2026-04-07 13:55:00+00:00,1169.0,1169.5,1168.75,1169.25,2418
2026-04-07 14:00:00+00:00,1169.0,1169.25,1166.5,1167.25,2068
2026-04-07 14:05:00+00:00,1167.25,1168.75,1167.25,1167.75,648
2026-04-07 14:10:00+00:00,1167.5,1168.5,1167.25,1168.25,732
2026-04-07 14:15:00+00:00,1168.0,1169.5,1167.5,1168.75,814
2026-04-07 14:20:00+00:00,1168.75,1169.25,1166.5,1166.75,951
2026-04-07 14:25:00+00:00,1166.5,1167.0,1165.75,1166.0,2321
2026-04-07 14:30:00+00:00,1166.0,1166.25,1165.0,1165.25,1283
2026-04-07 14:35:00+00:00,1165.25,1165.75,1164.75,1165.5,2123
2026-04-07 14:40:00+00:00,1165.5,1165.75,1164.5,1164.75,472
2026-04-07 14:45:00+00:00,1165.0,1165.25,1163.25,1163.5,1275
2026-04-07 14:50:00+00:00,1163.5,1164.0,1162.75,1163.5,2120
2026-04-07 14:55:00+00:00,1163.5,1164.0,1163.0,1163.75,600
2026-04-07 15:00:00+00:00,1164.0,1165.0,1163.0,1163.5,1008
2026-04-07 15:05:00+00:00,1163.75,1164.0,1163.0,1163.25,465
2026-04-07 15:10:00+00:00,1163.25,1163.25,1162.5,1162.75,852
2026-04-07 15:15:00+00:00,1162.75,1162.75,1161.5,1162.5,2210
2026-04-07 15:20:00+00:00,1162.25,1162.5,1160.25,1160.75,887
2026-04-07 15:25:00+00:00,1160.75,1161.25,1160.0,1160.25,3876
2026-04-07 15:30:00+00:00,1160.0,1160.5,1158.25,1158.5,2788
2026-04-07 15:35:00+00:00,1158.5,1158.75,1157.0,1157.25,1289
2026-04-07 15:40:00+00:00,1157.25,1158.25,1156.5,1158.0,1352
2026-04-07 15:45:00+00:00,1158.0,1159.25,1157.75,1158.75,1150
2026-04-07 15:50:00+00:00,1158.75,1158.75,1157.75,1157.75,794
2026-04-07 15:55:00+00:00,1157.75,1157.75,1157.0,1157.0,676
2026-04-07 16:00:00+00:00,1157.25,1157.25,1155.25,1156.25,2722
2026-04-07 16:05:00+00:00,1156.25,1156.75,1155.75,1156.25,1245
2026-04-07 16:10:00+00:00,1156.0,1156.25,1155.5,1156.0,790
2026-04-07 16:15:00+00:00,1156.25,1156.5,1156.0,1156.5,914
2026-04-07 16:20:00+00:00,1156.25,1156.25,1155.5,1155.75,2078
2026-04-07 16:25:00+00:00,1155.5,1156.5,1155.25,1156.25,1478
2026-04-07 16:30:00+00:00,1156.25,1157.0,1156.25,1157.0,726
2026-04-07 16:35:00+00:00,1157.0,1158.0,1157.0,1158.0,936
2026-04-07 16:40:00+00:00,1157.75,1158.0,1157.25,1157.75,743
2026-04-07 16:45:00+00:00,1157.5,1158.0,1157.25,1157.75,834
2026-04-07 16:50:00+00:00,1158.0,1158.0,1157.25,1157.5,799
2026-04-07 16:55:00+00:00,1157.75,1158.0,1157.25,1157.75,608
2026-04-07 17:00:00+00:00,1157.75,1158.25,1157.75,1157.75,613
2026-04-07 17:05:00+00:00,1157.75,1158.0,1157.25,1157.75,2574
2026-04-07 17:10:00+00:00,1157.75,1158.0,1157.25,1157.25,574
2026-04-07 17:15:00+00:00,1157.25,1158.0,1157.25,1158.0,427
2026-04-07 17:20:00+00:00,1157.75,1158.0,1157.0,1157.25,519
2026-04-07 17:25:00+00:00,1157.25,1157.75,1157.0,1157.5,704
2026-04-07 17:30:00+00:00,1157.5,1157.75,1157.25,1157.25,281
2026-04-07 17:35:00+00:00,1157.5,1158.25,1157.5,1158.25,908
2026-04-07 17:40:00+00:00,1158.0,1158.5,1157.75,1158.0,500
2026-04-07 17:45:00+00:00,1158.0,1159.0,1158.0,1158.25,861
2026-04-07 17:50:00+00:00,1158.25,1158.5,1157.75,1158.25,929
2026-04-07 17:55:00+00:00,1158.25,1159.0,1158.0,1158.5,540
2026-04-07 18:00:00+00:00,1158.75,1158.75,1157.75,1158.5,1417
2026-04-07 18:05:00+00:00,1158.5,1159.25,1158.25,1159.0,648
2026-04-07 18:10:00+00:00,1159.0,1159.5,1157.75,1158.25,7604
2026-04-07 18:15:00+00:00,1158.25,1158.75,1157.5,1158.0,1926
2026-04-08 00:00:00+00:00,1152.0,1152.0,1140.5,1146.5,0
2026-04-08 00:05:00+00:00,1146.75,1149.25,1145.75,1148.5,3150
2026-04-08 00:10:00+00:00,1148.5,1148.75,1146.25,1147.5,966
2026-04-08 00:15:00+00:00,1147.5,1149.25,1147.25,1149.0,536
2026-04-08 00:20:00+00:00,1148.75,1150.25,1148.5,1150.0,1016
2026-04-08 00:25:00+00:00,1150.0,1150.75,1148.75,1150.0,505
2026-04-08 00:30:00+00:00,1150.25,1151.0,1149.75,1151.0,267
2026-04-08 00:35:00+00:00,1150.75,1151.0,1149.25,1149.25,446
2026-04-08 00:40:00+00:00,1149.5,1149.5,1148.75,1149.25,559
2026-04-08 00:45:00+00:00,1149.25,1149.5,1148.25,1148.5,298
2026-04-08 00:50:00+00:00,1148.5,1148.5,1148.0,1148.25,374
2026-04-08 00:55:00+00:00,1148.25,1149.5,1147.75,1148.5,988
2026-04-08 01:00:00+00:00,1148.75,1149.25,1147.75,1148.75,414
2026-04-08 01:05:00+00:00,1148.75,1149.5,1148.5,1149.0,200
2026-04-08 01:10:00+00:00,1149.0,1151.5,1149.0,1151.25,666
2026-04-08 01:15:00+00:00,1151.5,1151.75,1150.75,1150.75,133
2026-04-08 01:20:00+00:00,1150.75,1152.0,1150.0,1151.25,628
2026-04-08 01:25:00+00:00,1151.0,1154.0,1151.0,1153.25,1994
2026-04-08 01:30:00+00:00,1153.25,1153.5,1152.75,1153.25,101
2026-04-08 01:35:00+00:00,1153.25,1154.0,1153.25,1153.75,139
2026-04-08 01:40:00+00:00,1153.5,1154.75,1153.5,1154.75,475
2026-04-08 01:45:00+00:00,1154.75,1155.0,1154.0,1155.0,143
2026-04-08 01:50:00+00:00,1154.75,1156.75,1154.75,1156.25,652
2026-04-08 01:55:00+00:00,1156.25,1156.5,1155.5,1156.25,509
2026-04-08 02:00:00+00:00,1156.25,1157.25,1156.0,1157.0,611
2026-04-08 02:05:00+00:00,1157.0,1157.75,1156.25,1156.5,427
2026-04-08 02:10:00+00:00,1156.75,1157.0,1156.25,1157.0,84
2026-04-08 02:15:00+00:00,1157.0,1157.0,1156.5,1156.75,36
2026-04-08 02:20:00+00:00,1156.75,1157.0,1156.25,1156.75,130
2026-04-08 02:25:00+00:00,1156.75,1157.5,1156.75,1157.0,168
2026-04-08 02:30:00+00:00,1157.0,1157.25,1156.0,1156.25,115
2026-04-08 02:35:00+00:00,1156.25,1157.0,1156.25,1156.75,62
2026-04-08 02:40:00+00:00,1156.75,1156.75,1156.25,1156.5,95
2026-04-08 02:45:00+00:00,1156.75,1157.0,1156.75,1157.0,67
2026-04-08 02:50:00+00:00,1157.0,1157.25,1156.75,1157.25,18
2026-04-08 02:55:00+00:00,1157.25,1157.25,1156.5,1156.5,17
2026-04-08 03:00:00+00:00,1156.5,1156.5,1155.5,1155.75,98
2026-04-08 03:05:00+00:00,1155.75,1155.75,1155.25,1155.5,75
2026-04-08 03:10:00+00:00,1155.75,1155.75,1155.25,1155.25,36
2026-04-08 03:15:00+00:00,1155.5,1155.5,1155.25,1155.25,17
2026-04-08 03:20:00+00:00,1155.25,1155.25,1154.75,1155.0,43
2026-04-08 03:25:00+00:00,1155.0,1155.5,1155.0,1155.5,20
2026-04-08 03:30:00+00:00,1155.25,1155.5,1155.25,1155.25,24
2026-04-08 03:35:00+00:00,1155.25,1155.25,1155.25,1155.25,33
2026-04-08 03:40:00+00:00,1155.0,1155.25,1154.75,1155.0,34
2026-04-08 03:45:00+00:00,1155.0,1155.0,1154.5,1154.75,164
2026-04-08 03:50:00+00:00,1155.0,1155.75,1154.75,1155.5,48
2026-04-08 03:55:00+00:00,1155.5,1155.5,1155.0,1155.0,23
2026-04-08 04:00:00+00:00,1155.0,1155.25,1154.5,1155.0,45
2026-04-08 04:05:00+00:00,1155.0,1155.25,1155.0,1155.25,17
2026-04-08 04:10:00+00:00,1155.25,1155.25,1155.0,1155.25,18
2026-04-08 04:15:00+00:00,1155.25,1155.5,1155.0,1155.5,23
2026-04-08 04:20:00+00:00,1155.5,1155.5,1155.25,1155.5,7
2026-04-08 04:25:00+00:00,1155.5,1155.5,1155.25,1155.25,10
2026-04-08 04:30:00+00:00,1155.25,1155.5,1155.25,1155.5,20
2026-04-08 04:35:00+00:00,1155.75,1155.75,1155.25,1155.5,26
2026-04-08 04:40:00+00:00,1155.75,1156.0,1155.75,1156.0,4
2026-04-08 04:45:00+00:00,1156.25,1156.25,1156.0,1156.25,10
2026-04-08 04:50:00+00:00,1156.0,1156.0,1155.5,1155.5,39
2026-04-08 04:55:00+00:00,1155.75,1155.75,1155.25,1155.5,4
2026-04-08 05:00:00+00:00,1156.0,1156.0,1156.0,1156.0,1
2026-04-08 05:05:00+00:00,1155.75,1156.0,1155.75,1156.0,29
2026-04-08 05:10:00+00:00,1156.0,1156.0,1155.75,1156.0,7
2026-04-08 05:15:00+00:00,1156.0,1156.0,1156.0,1156.0,4
2026-04-08 05:20:00+00:00,1156.25,1156.25,1156.0,1156.0,17
2026-04-08 05:25:00+00:00,1156.0,1156.0,1155.75,1155.75,13
2026-04-08 05:30:00+00:00,1155.5,1156.0,1155.25,1155.75,71
2026-04-08 05:35:00+00:00,1155.5,1156.5,1155.25,1156.0,109
2026-04-08 05:40:00+00:00,1156.0,1156.25,1155.5,1156.25,73
2026-04-08 05:45:00+00:00,1156.0,1156.25,1155.25,1155.75,133
2026-04-08 05:50:00+00:00,1156.0,1156.0,1155.5,1155.75,11
2026-04-08 05:55:00+00:00,1155.75,1155.75,1155.5,1155.75,28
2026-04-08 06:00:00+00:00,1155.75,1156.0,1155.25,1155.75,37
2026-04-08 06:05:00+00:00,1155.5,1156.0,1155.25,1155.5,103
2026-04-08 06:10:00+00:00,1155.25,1155.25,1154.5,1154.75,60
2026-04-08 06:15:00+00:00,1154.75,1155.0,1154.75,1155.0,25
2026-04-08 06:20:00+00:00,1155.0,1155.25,1154.75,1155.0,42
2026-04-08 06:25:00+00:00,1155.0,1155.75,1155.0,1155.5,10
2026-04-08 06:30:00+00:00,1155.5,1156.0,1155.5,1155.75,89
2026-04-08 06:35:00+00:00,1155.5,1156.5,1155.5,1156.5,112
2026-04-08 06:40:00+00:00,1156.25,1156.25,1155.5,1156.0,90
2026-04-08 06:45:00+00:00,1155.75,1156.0,1155.75,1156.0,32
2026-04-08 06:50:00+00:00,1156.0,1156.5,1156.0,1156.5,40
2026-04-08 06:55:00+00:00,1156.5,1156.75,1156.25,1156.25,45
2026-04-08 07:00:00+00:00,1156.5,1157.5,1156.25,1157.25,149
2026-04-08 07:05:00+00:00,1157.25,1157.5,1157.0,1157.0,89
2026-04-08 07:10:00+00:00,1157.0,1157.0,1156.25,1157.0,48
2026-04-08 07:15:00+00:00,1156.75,1157.5,1156.75,1157.25,35
2026-04-08 07:20:00+00:00,1157.25,1158.0,1157.0,1157.5,132
2026-04-08 07:25:00+00:00,1157.5,1157.5,1157.25,1157.5,50
2026-04-08 07:30:00+00:00,1157.25,1157.25,1156.75,1157.25,105
2026-04-08 07:35:00+00:00,1157.0,1157.25,1156.75,1157.0,71
2026-04-08 07:40:00+00:00,1157.0,1157.5,1157.0,1157.5,67
2026-04-08 07:45:00+00:00,1157.25,1157.25,1156.75,1156.75,43
2026-04-08 07:50:00+00:00,1157.0,1157.0,1156.5,1156.75,47
2026-04-08 07:55:00+00:00,1156.5,1157.0,1156.5,1157.0,17
2026-04-08 08:00:00+00:00,1156.75,1156.75,1155.75,1156.0,48
2026-04-08 08:05:00+00:00,1156.0,1157.25,1156.0,1157.0,655
2026-04-08 08:10:00+00:00,1157.0,1157.25,1156.75,1157.0,42
2026-04-08 08:15:00+00:00,1156.75,1157.0,1156.75,1157.0,19
2026-04-08 08:20:00+00:00,1157.0,1157.5,1157.0,1157.25,33
2026-04-08 08:25:00+00:00,1157.25,1158.0,1157.25,1157.75,87
2026-04-08 08:30:00+00:00,1158.0,1158.0,1157.5,1157.75,180
2026-04-08 08:35:00+00:00,1157.75,1157.75,1156.75,1156.75,63
2026-04-08 08:40:00+00:00,1156.75,1157.0,1156.5,1157.0,23
2026-04-08 08:45:00+00:00,1156.75,1157.75,1156.25,1157.75,199
2026-04-08 08:50:00+00:00,1157.25,1158.0,1157.25,1157.75,137
2026-04-08 08:55:00+00:00,1157.75,1158.5,1157.5,1157.5,282
2026-04-08 09:00:00+00:00,1157.75,1157.75,1157.0,1157.75,227
2026-04-08 09:05:00+00:00,1157.75,1157.75,1157.0,1157.25,91
2026-04-08 09:10:00+00:00,1157.25,1157.75,1157.25,1157.25,46
2026-04-08 09:15:00+00:00,1157.25,1157.5,1157.0,1157.5,24
2026-04-08 09:20:00+00:00,1157.5,1157.75,1157.5,1157.5,36
2026-04-08 09:25:00+00:00,1157.75,1158.0,1157.25,1157.75,48
2026-04-08 09:30:00+00:00,1157.75,1157.75,1157.25,1157.25,23
2026-04-08 09:35:00+00:00,1157.25,1158.0,1157.0,1157.75,90
2026-04-08 09:40:00+00:00,1158.0,1158.5,1157.75,1158.0,41
2026-04-08 09:45:00+00:00,1158.5,1159.25,1158.25,1159.25,138
2026-04-08 09:50:00+00:00,1159.0,1159.75,1158.5,1159.75,180
2026-04-08 09:55:00+00:00,1159.5,1160.0,1159.5,1160.0,472
2026-04-08 10:00:00+00:00,1160.0,1160.0,1159.25,1159.5,126
2026-04-08 10:05:00+00:00,1159.75,1159.75,1158.75,1159.0,99
2026-04-08 10:10:00+00:00,1159.0,1160.0,1158.75,1159.75,40
2026-04-08 10:15:00+00:00,1159.75,1160.5,1159.5,1160.25,79
2026-04-08 10:20:00+00:00,1160.5,1160.5,1159.25,1159.25,47
2026-04-08 10:25:00+00:00,1159.5,1159.75,1159.25,1159.5,50
2026-04-08 10:30:00+00:00,1159.5,1160.0,1159.25,1159.25,36
2026-04-08 10:35:00+00:00,1159.75,1159.75,1159.25,1159.5,33
2026-04-08 10:40:00+00:00,1159.5,1159.75,1159.25,1159.25,47
2026-04-08 10:45:00+00:00,1159.25,1159.5,1159.0,1159.25,31
2026-04-08 10:50:00+00:00,1159.0,1159.5,1159.0,1159.5,169
2026-04-08 10:55:00+00:00,1159.25,1159.5,1159.0,1159.25,104
2026-04-08 11:00:00+00:00,1159.5,1159.5,1159.25,1159.25,21
2026-04-08 11:05:00+00:00,1159.25,1159.75,1159.25,1159.5,32
2026-04-08 11:10:00+00:00,1159.5,1159.5,1158.75,1159.25,57
2026-04-08 11:15:00+00:00,1159.25,1161.0,1159.25,1160.75,313
2026-04-08 11:20:00+00:00,1160.75,1161.25,1159.25,1159.25,562
2026-04-08 11:25:00+00:00,1159.0,1159.75,1159.0,1159.0,218
2026-04-08 11:30:00+00:00,1159.5,1159.75,1155.25,1156.0,1225
2026-04-08 11:35:00+00:00,1156.25,1157.75,1155.0,1157.75,919
2026-04-08 11:40:00+00:00,1157.75,1158.0,1157.25,1157.75,128
2026-04-08 11:45:00+00:00,1157.5,1158.5,1157.25,1158.5,136
2026-04-08 11:50:00+00:00,1158.25,1158.25,1157.75,1158.0,44
2026-04-08 11:55:00+00:00,1158.0,1158.25,1157.5,1157.5,66
2026-04-08 12:00:00+00:00,1157.25,1158.5,1157.25,1157.5,497
2026-04-08 12:05:00+00:00,1157.75,1157.75,1156.25,1157.0,708
2026-04-08 12:10:00+00:00,1157.0,1157.0,1156.0,1156.25,377
2026-04-08 12:15:00+00:00,1156.25,1156.5,1154.5,1156.0,689
2026-04-08 12:20:00+00:00,1156.0,1157.25,1155.5,1157.25,276
2026-04-08 12:25:00+00:00,1157.25,1157.5,1156.25,1156.75,227
2026-04-08 12:30:00+00:00,1156.75,1156.75,1156.5,1156.5,83
2026-04-08 12:35:00+00:00,1156.25,1157.5,1156.25,1157.5,88
2026-04-08 12:40:00+00:00,1157.25,1157.25,1156.5,1156.75,157
2026-04-08 13:30:00+00:00,1156.25,1159.5,1154.75,1156.5,2947
2026-04-08 13:35:00+00:00,1156.75,1158.75,1156.75,1157.5,2164
2026-04-08 13:40:00+00:00,1157.75,1160.0,1156.75,1159.5,6270
2026-04-08 13:45:00+00:00,1159.25,1159.75,1157.75,1157.75,2625
2026-04-08 13:50:00+00:00,1158.0,1159.75,1157.5,1159.0,2071
2026-04-08 13:55:00+00:00,1159.0,1159.75,1158.25,1159.75,956
2026-04-08 14:00:00+00:00,1159.75,1160.5,1159.5,1160.0,1412
2026-04-08 14:05:00+00:00,1159.75,1162.25,1159.5,1161.0,1666
2026-04-08 14:10:00+00:00,1161.0,1162.25,1160.5,1160.75,3321
2026-04-08 14:15:00+00:00,1160.75,1161.0,1160.25,1160.5,680
2026-04-08 14:20:00+00:00,1160.5,1160.75,1159.25,1159.5,1403
2026-04-08 14:25:00+00:00,1159.25,1161.0,1159.25,1159.75,1323
2026-04-08 14:30:00+00:00,1159.75,1162.0,1159.75,1161.5,1638
2026-04-08 14:35:00+00:00,1161.5,1162.25,1161.0,1161.75,642
2026-04-08 14:40:00+00:00,1161.75,1163.0,1161.5,1162.5,1845
2026-04-08 14:45:00+00:00,1162.5,1162.75,1160.75,1161.25,838
2026-04-08 14:50:00+00:00,1161.25,1162.0,1161.25,1161.5,405
2026-04-08 14:55:00+00:00,1161.25,1161.5,1160.25,1160.75,705
2026-04-08 15:00:00+00:00,1160.75,1161.25,1159.0,1159.75,953
2026-04-08 15:05:00+00:00,1159.75,1160.25,1159.25,1160.25,401
2026-04-08 15:10:00+00:00,1160.5,1160.5,1159.0,1159.75,625
2026-04-08 15:15:00+00:00,1159.5,1159.5,1158.5,1159.0,707
2026-04-08 15:20:00+00:00,1158.75,1158.75,1158.0,1158.5,715
2026-04-08 15:25:00+00:00,1158.5,1159.25,1158.25,1159.25,362
2026-04-08 15:30:00+00:00,1159.25,1159.5,1159.0,1159.0,628
2026-04-08 15:35:00+00:00,1159.25,1160.25,1159.0,1160.0,323
2026-04-08 15:40:00+00:00,1160.0,1160.0,1159.0,1159.0,3698
2026-04-08 15:45:00+00:00,1159.0,1160.0,1159.0,1159.75,749
2026-04-08 15:50:00+00:00,1159.75,1160.75,1159.75,1160.75,606
2026-04-08 15:55:00+00:00,1160.5,1161.5,1160.5,1160.5,589
2026-04-08 16:00:00+00:00,1160.5,1160.5,1159.25,1159.75,3779
2026-04-08 16:05:00+00:00,1159.5,1160.25,1159.5,1160.25,630
2026-04-08 16:10:00+00:00,1160.25,1160.75,1159.75,1160.75,257
2026-04-08 16:15:00+00:00,1160.75,1161.5,1159.75,1160.0,829
2026-04-08 16:20:00+00:00,1160.25,1160.25,1159.75,1160.0,407
2026-04-08 16:25:00+00:00,1160.0,1160.5,1160.0,1160.25,277
2026-04-08 16:30:00+00:00,1160.5,1160.5,1159.25,1159.75,318
2026-04-08 16:35:00+00:00,1159.75,1160.5,1159.75,1160.5,307
2026-04-08 16:40:00+00:00,1160.5,1160.75,1159.5,1160.0,456
2026-04-08 16:45:00+00:00,1160.0,1160.75,1159.75,1160.0,485
2026-04-08 16:50:00+00:00,1160.0,1160.5,1159.5,1160.0,518
2026-04-08 16:55:00+00:00,1159.75,1159.75,1159.0,1159.0,468
2026-04-08 17:00:00+00:00,1159.0,1159.5,1159.0,1159.0,317
2026-04-08 17:05:00+00:00,1159.25,1160.0,1159.0,1159.5,610
2026-04-08 17:10:00+00:00,1159.75,1160.5,1159.75,1160.25,386
2026-04-08 17:15:00+00:00,1160.25,1160.5,1159.75,1160.25,351
2026-04-08 17:20:00+00:00,1160.25,1161.75,1160.0,1161.25,710
2026-04-08 17:25:00+00:00,1161.25,1161.5,1161.0,1161.25,532
2026-04-08 17:30:00+00:00,1161.5,1162.25,1161.25,1161.75,779
2026-04-08 17:35:00+00:00,1161.75,1162.0,1161.0,1161.5,1026
2026-04-08 17:40:00+00:00,1161.5,1161.75,1160.25,1160.5,4499
2026-04-08 17:45:00+00:00,1160.75,1161.5,1160.5,1161.25,4421
2026-04-08 17:50:00+00:00,1161.25,1161.75,1161.25,1161.5,797
2026-04-08 17:55:00+00:00,1161.5,1162.25,1161.25,1162.25,671
2026-04-08 18:00:00+00:00,1162.0,1162.5,1161.5,1161.75,1171
2026-04-08 18:05:00+00:00,1161.75,1162.0,1161.25,1161.25,1413
2026-04-08 18:10:00+00:00,1161.25,1162.25,1161.0,1162.0,5117
2026-04-08 18:15:00+00:00,1162.0,1162.5,1161.25,1161.75,2763
2026-04-09 00:00:00+00:00,1162.0,1163.25,1159.75,1162.75,0
2026-04-09 00:05:00+00:00,1162.75,1163.0,1162.0,1162.5,235
2026-04-09 00:10:00+00:00,1162.5,1162.75,1162.5,1162.75,66
2026-04-09 00:15:00+00:00,1162.75,1163.0,1162.75,1163.0,49
2026-04-09 00:20:00+00:00,1162.75,1162.75,1161.5,1161.5,70
2026-04-09 00:25:00+00:00,1161.75,1162.25,1161.75,1162.25,49
2026-04-09 00:30:00+00:00,1162.0,1162.75,1162.0,1162.5,22
2026-04-09 00:35:00+00:00,1162.5,1162.75,1162.5,1162.75,11
2026-04-09 00:40:00+00:00,1163.0,1163.0,1162.75,1162.75,23
2026-04-09 00:45:00+00:00,1162.5,1163.0,1162.5,1163.0,52
2026-04-09 00:50:00+00:00,1162.75,1163.25,1162.75,1163.25,51
2026-04-09 00:55:00+00:00,1163.0,1164.25,1163.0,1163.5,177
2026-04-09 01:00:00+00:00,1163.25,1163.25,1161.5,1162.0,74
2026-04-09 01:05:00+00:00,1162.0,1162.0,1160.5,1161.25,159
2026-04-09 01:10:00+00:00,1161.5,1161.5,1161.25,1161.5,18
2026-04-09 01:15:00+00:00,1161.5,1161.75,1161.5,1161.75,54
2026-04-09 01:20:00+00:00,1161.75,1162.0,1161.5,1161.5,32
2026-04-09 01:25:00+00:00,1161.5,1162.25,1161.5,1162.0,41
2026-04-09 01:30:00+00:00,1162.0,1162.25,1161.5,1161.5,46
2026-04-09 01:35:00+00:00,1161.5,1162.0,1161.5,1162.0,55
2026-04-09 01:40:00+00:00,1162.25,1162.75,1162.25,1162.5,130
2026-04-09 01:45:00+00:00,1162.5,1162.5,1162.25,1162.5,57
2026-04-09 01:50:00+00:00,1162.5,1162.75,1161.5,1161.75,134
2026-04-09 01:55:00+00:00,1161.5,1161.5,1161.5,1161.5,1
2026-04-09 02:00:00+00:00,1162.0,1162.0,1161.75,1162.0,18
2026-04-09 02:05:00+00:00,1161.75,1162.25,1161.75,1162.25,9
2026-04-09 02:10:00+00:00,1162.0,1162.0,1161.75,1162.0,19
2026-04-09 02:15:00+00:00,1162.0,1162.0,1162.0,1162.0,5
2026-04-09 02:20:00+00:00,1161.75,1161.75,1161.75,1161.75,1
2026-04-09 02:25:00+00:00,1162.0,1162.0,1162.0,1162.0,2
2026-04-09 02:30:00+00:00,1162.25,1162.25,1161.5,1161.75,59
2026-04-09 02:35:00+00:00,1161.5,1161.5,1161.5,1161.5,2
2026-04-09 02:40:00+00:00,1161.5,1162.0,1161.5,1162.0,22
2026-04-09 02:45:00+00:00,1161.75,1162.25,1161.75,1162.25,15
2026-04-09 02:50:00+00:00,1162.25,1162.5,1162.0,1162.0,15
2026-04-09 02:55:00+00:00,1162.0,1162.25,1162.0,1162.25,40
2026-04-09 03:00:00+00:00,1162.0,1162.25,1162.0,1162.25,24
2026-04-09 03:05:00+00:00,1162.25,1162.5,1162.25,1162.25,20
2026-04-09 03:10:00+00:00,1162.5,1162.75,1162.0,1162.0,18
2026-04-09 03:15:00+00:00,1162.0,1162.25,1162.0,1162.25,9
2026-04-09 03:20:00+00:00,1162.5,1162.75,1162.5,1162.5,14
2026-04-09 03:25:00+00:00,1162.75,1163.0,1162.5,1162.5,6
2026-04-09 03:30:00+00:00,1162.5,1162.75,1162.5,1162.5,4
2026-04-09 03:40:00+00:00,1162.25,1162.5,1162.25,1162.5,3
2026-04-09 03:45:00+00:00,1162.5,1162.75,1162.5,1162.5,7
2026-04-09 03:50:00+00:00,1162.25,1162.25,1162.0,1162.0,9
2026-04-09 04:00:00+00:00,1162.25,1162.5,1162.0,1162.25,12
2026-04-09 04:05:00+00:00,1162.25,1162.25,1162.0,1162.0,2
2026-04-09 04:10:00+00:00,1162.0,1162.0,1162.0,1162.0,2
2026-04-09 04:15:00+00:00,1162.0,1162.0,1162.0,1162.0,4
2026-04-09 04:30:00+00:00,1162.0,1162.0,1162.0,1162.0,1
2026-04-09 04:35:00+00:00,1162.25,1162.25,1162.25,1162.25,2
2026-04-09 04:45:00+00:00,1162.5,1162.5,1162.5,1162.5,1
2026-04-09 05:00:00+00:00,1162.25,1162.75,1162.25,1162.75,13
2026-04-09 05:05:00+00:00,1163.0,1163.5,1163.0,1163.0,80
2026-04-09 05:10:00+00:00,1163.0,1163.25,1163.0,1163.0,24
2026-04-09 05:15:00+00:00,1163.0,1163.0,1162.5,1162.5,10
2026-04-09 05:20:00+00:00,1162.5,1162.5,1162.5,1162.5,3
2026-04-09 05:25:00+00:00,1162.75,1162.75,1162.75,1162.75,7
2026-04-09 05:30:00+00:00,1162.75,1162.75,1162.75,1162.75,13
2026-04-09 05:35:00+00:00,1163.0,1163.25,1163.0,1163.0,28
2026-04-09 05:40:00+00:00,1163.0,1163.25,1163.0,1163.25,2
2026-04-09 05:45:00+00:00,1163.0,1163.0,1162.75,1163.0,8
2026-04-09 05:50:00+00:00,1163.0,1163.0,1162.75,1162.75,8
2026-04-09 05:55:00+00:00,1162.5,1162.5,1162.25,1162.25,7
2026-04-09 06:00:00+00:00,1162.25,1162.25,1161.75,1162.0,31
2026-04-09 06:05:00+00:00,1162.5,1162.5,1162.5,1162.5,29
2026-04-09 06:10:00+00:00,1162.5,1162.75,1162.5,1162.75,3
2026-04-09 06:15:00+00:00,1162.75,1163.0,1162.75,1163.0,26
2026-04-09 06:20:00+00:00,1163.25,1163.25,1163.0,1163.25,8
2026-04-09 06:25:00+00:00,1163.25,1163.25,1163.0,1163.0,42
2026-04-09 06:30:00+00:00,1162.75,1162.75,1162.5,1162.75,136
2026-04-09 06:35:00+00:00,1162.75,1162.75,1162.0,1162.0,16
2026-04-09 06:40:00+00:00,1161.75,1162.25,1161.75,1162.0,24
2026-04-09 06:45:00+00:00,1162.0,1162.25,1161.75,1162.25,41
2026-04-09 06:50:00+00:00,1162.25,1162.25,1162.25,1162.25,12
2026-04-09 06:55:00+00:00,1162.25,1162.25,1162.0,1162.0,15
2026-04-09 07:00:00+00:00,1162.0,1163.0,1162.0,1162.75,51
2026-04-09 07:05:00+00:00,1162.5,1163.0,1162.25,1163.0,17
2026-04-09 07:10:00+00:00,1162.75,1162.75,1162.5,1162.5,25
2026-04-09 07:15:00+00:00,1162.75,1163.0,1162.75,1162.75,14
2026-04-09 07:20:00+00:00,1162.75,1163.25,1162.5,1163.25,172
2026-04-09 07:25:00+00:00,1163.0,1163.0,1162.25,1162.25,49
2026-04-09 07:30:00+00:00,1162.25,1162.25,1161.75,1162.0,23
2026-04-09 07:35:00+00:00,1162.0,1162.25,1161.75,1162.0,17
2026-04-09 07:40:00+00:00,1162.25,1162.25,1162.0,1162.0,68
2026-04-09 07:45:00+00:00,1162.0,1162.25,1161.75,1162.0,36
2026-04-09 07:50:00+00:00,1162.0,1162.25,1161.75,1162.25,30
2026-04-09 07:55:00+00:00,1162.25,1162.25,1162.25,1162.25,14
2026-04-09 08:00:00+00:00,1162.25,1163.0,1162.25,1162.75,76
2026-04-09 08:05:00+00:00,1163.0,1163.5,1162.75,1163.25,46
2026-04-09 08:10:00+00:00,1163.25,1163.25,1162.75,1163.0,30
2026-04-09 08:15:00+00:00,1163.0,1163.25,1162.75,1163.0,59
2026-04-09 08:20:00+00:00,1162.75,1163.5,1162.75,1163.25,65
2026-04-09 08:25:00+00:00,1163.25,1163.25,1162.75,1163.25,67
2026-04-09 08:30:00+00:00,1163.25,1163.25,1163.25,1163.25,983
2026-04-09 08:35:00+00:00,1163.25,1163.75,1163.0,1163.5,67
2026-04-09 08:40:00+00:00,1163.5,1163.75,1163.25,1163.5,26
2026-04-09 08:45:00+00:00,1163.5,1164.0,1163.25,1164.0,71
2026-04-09 08:50:00+00:00,1164.0,1164.5,1164.0,1164.25,72
2026-04-09 08:55:00+00:00,1164.5,1164.75,1164.25,1164.5,32
2026-04-09 09:00:00+00:00,1164.25,1164.5,1163.75,1164.25,89
2026-04-09 09:05:00+00:00,1164.25,1164.25,1163.75,1163.75,43
2026-04-09 09:10:00+00:00,1163.75,1164.0,1163.5,1164.0,30
2026-04-09 09:15:00+00:00,1164.0,1164.75,1164.0,1164.5,60
2026-04-09 09:20:00+00:00,1164.5,1164.75,1164.0,1164.75,104
2026-04-09 09:25:00+00:00,1164.75,1165.0,1164.5,1164.75,120
2026-04-09 09:30:00+00:00,1164.75,1164.75,1164.25,1164.5,194
2026-04-09 09:35:00+00:00,1164.5,1164.75,1163.75,1163.75,16
2026-04-09 09:40:00+00:00,1164.0,1164.5,1164.0,1164.25,22
2026-04-09 09:45:00+00:00,1164.5,1164.75,1164.5,1164.75,18
2026-04-09 09:50:00+00:00,1164.75,1165.25,1164.75,1165.0,130
2026-04-09 09:55:00+00:00,1165.0,1165.0,1164.5,1164.75,39
2026-04-09 10:00:00+00:00,1164.75,1165.25,1164.75,1165.25,72
2026-04-09 10:05:00+00:00,1165.25,1165.75,1164.75,1165.5,259
2026-04-09 10:10:00+00:00,1165.25,1165.75,1165.25,1165.75,34
2026-04-09 10:15:00+00:00,1166.0,1166.25,1165.5,1165.75,60
2026-04-09 10:20:00+00:00,1165.5,1165.75,1165.25,1165.25,12
2026-04-09 10:25:00+00:00,1165.5,1165.75,1165.5,1165.5,23
2026-04-09 10:30:00+00:00,1165.5,1166.0,1165.5,1166.0,35
2026-04-09 10:35:00+00:00,1166.25,1166.5,1166.0,1166.25,102
2026-04-09 10:40:00+00:00,1166.25,1166.25,1165.5,1165.5,54
2026-04-09 10:45:00+00:00,1165.5,1166.0,1165.5,1165.5,38
2026-04-09 10:50:00+00:00,1165.5,1165.5,1165.25,1165.25,9
2026-04-09 10:55:00+00:00,1165.5,1165.5,1165.25,1165.25,17
2026-04-09 11:00:00+00:00,1165.25,1165.25,1164.75,1165.0,42
2026-04-09 11:05:00+00:00,1164.75,1165.0,1164.75,1165.0,46
2026-04-09 11:10:00+00:00,1165.25,1165.5,1165.25,1165.5,24
2026-04-09 11:15:00+00:00,1165.5,1165.75,1165.5,1165.5,45
2026-04-09 11:20:00+00:00,1165.5,1166.0,1165.5,1166.0,58
2026-04-09 11:25:00+00:00,1166.0,1166.25,1165.75,1166.25,49
2026-04-09 11:30:00+00:00,1166.0,1166.25,1166.0,1166.0,120
2026-04-09 11:35:00+00:00,1166.0,1166.25,1165.75,1166.0,89
2026-04-09 11:40:00+00:00,1166.0,1166.5,1166.0,1166.25,74
2026-04-09 11:45:00+00:00,1166.25,1166.75,1166.0,1166.5,115
2026-04-09 11:50:00+00:00,1166.5,1166.5,1165.5,1165.75,153
2026-04-09 11:55:00+00:00,1165.75,1165.75,1165.5,1165.75,37
2026-04-09 12:00:00+00:00,1166.0,1166.5,1165.5,1166.5,148
2026-04-09 12:05:00+00:00,1166.25,1166.5,1165.5,1166.25,81
2026-04-09 12:10:00+00:00,1166.25,1166.25,1166.0,1166.0,55
2026-04-09 12:15:00+00:00,1166.0,1166.25,1166.0,1166.0,64
2026-04-09 12:20:00+00:00,1165.75,1166.5,1165.5,1166.0,241
2026-04-09 12:25:00+00:00,1166.0,1166.25,1165.75,1165.75,156
2026-04-09 12:30:00+00:00,1165.75,1166.25,1165.75,1166.25,222
2026-04-09 12:35:00+00:00,1166.25,1166.5,1165.75,1166.5,138
2026-04-09 12:40:00+00:00,1166.5,1167.5,1166.0,1167.0,734
2026-04-09 13:30:00+00:00,1167.0,1169.5,1167.0,1169.0,11673
2026-04-09 13:35:00+00:00,1169.25,1169.25,1167.5,1168.0,2824
2026-04-09 13:40:00+00:00,1168.25,1169.0,1167.75,1168.75,1086
2026-04-09 13:45:00+00:00,1168.75,1170.5,1168.5,1170.0,2003
2026-04-09 13:50:00+00:00,1170.0,1170.0,1168.75,1168.75,603
2026-04-09 13:55:00+00:00,1168.75,1168.75,1167.0,1167.0,853
2026-04-09 14:00:00+00:00,1166.75,1167.5,1166.0,1167.0,2773
2026-04-09 14:05:00+00:00,1167.0,1167.25,1165.0,1165.5,828
2026-04-09 14:10:00+00:00,1165.5,1166.5,1165.25,1165.75,723
2026-04-09 14:15:00+00:00,1165.5,1166.5,1165.5,1166.0,862
2026-04-09 14:20:00+00:00,1166.0,1166.5,1165.0,1166.0,838
2026-04-09 14:25:00+00:00,1166.0,1167.5,1166.0,1166.5,1578
2026-04-09 14:30:00+00:00,1166.25,1167.25,1166.0,1166.5,1677
2026-04-09 14:35:00+00:00,1166.75,1167.0,1166.25,1166.75,840
2026-04-09 14:40:00+00:00,1167.0,1167.0,1166.75,1167.0,350
2026-04-09 14:45:00+00:00,1167.0,1168.75,1167.0,1168.0,5566
2026-04-09 14:50:00+00:00,1168.0,1168.5,1167.0,1168.0,1223
2026-04-09 14:55:00+00:00,1168.25,1168.5,1167.25,1167.5,343
2026-04-09 15:00:00+00:00,1167.5,1168.5,1167.5,1168.25,351
2026-04-09 15:05:00+00:00,1168.25,1169.0,1166.25,1167.0,765
2026-04-09 15:10:00+00:00,1166.75,1167.75,1166.25,1167.25,376
2026-04-09 15:15:00+00:00,1167.25,1168.0,1165.75,1166.25,858
2026-04-09 15:20:00+00:00,1166.0,1166.5,1165.5,1166.0,424
2026-04-09 15:25:00+00:00,1166.25,1167.5,1166.0,1167.5,5211
2026-04-09 15:30:00+00:00,1167.25,1168.25,1166.25,1166.5,596
2026-04-09 15:35:00+00:00,1166.5,1168.0,1166.5,1166.5,1923
2026-04-09 15:40:00+00:00,1166.5,1167.25,1165.75,1167.0,636
2026-04-09 15:45:00+00:00,1167.0,1168.5,1167.0,1167.25,1948
2026-04-09 15:50:00+00:00,1167.25,1168.0,1166.75,1167.75,1235
2026-04-09 15:55:00+00:00,1167.75,1168.25,1166.75,1168.25,1257
2026-04-09 16:00:00+00:00,1168.25,1169.0,1165.5,1166.25,1497
2026-04-09 16:05:00+00:00,1166.5,1166.75,1164.0,1164.75,3557
2026-04-09 16:10:00+00:00,1164.5,1166.25,1164.25,1165.75,646
2026-04-09 16:15:00+00:00,1165.75,1166.75,1164.75,1165.0,819
2026-04-09 16:20:00+00:00,1165.0,1165.5,1164.5,1164.75,689
2026-04-09 16:25:00+00:00,1164.75,1165.0,1164.0,1164.0,474
2026-04-09 16:30:00+00:00,1164.25,1164.75,1164.0,1164.5,791
2026-04-09 16:35:00+00:00,1164.5,1164.5,1163.25,1163.5,1127
2026-04-09 16:40:00+00:00,1163.75,1164.0,1163.0,1163.5,1018
2026-04-09 16:45:00+00:00,1163.5,1165.0,1163.5,1164.5,616
2026-04-09 16:50:00+00:00,1164.5,1164.75,1163.5,1163.5,465
2026-04-09 16:55:00+00:00,1163.25,1163.5,1163.0,1163.0,563
2026-04-09 17:00:00+00:00,1163.25,1163.25,1162.0,1162.25,1202
2026-04-09 17:05:00+00:00,1162.0,1162.5,1161.5,1161.75,852
2026-04-09 17:10:00+00:00,1161.75,1162.75,1161.25,1162.5,4231
2026-04-09 17:15:00+00:00,1162.5,1162.5,1162.0,1162.0,544
2026-04-09 17:20:00+00:00,1162.0,1164.0,1162.0,1163.25,2264
2026-04-09 17:25:00+00:00,1163.25,1164.5,1163.25,1164.25,496
2026-04-09 17:30:00+00:00,1164.25,1165.0,1163.75,1163.75,1042
2026-04-09 17:35:00+00:00,1163.75,1164.0,1162.75,1164.0,518
2026-04-09 17:40:00+00:00,1164.0,1165.0,1164.0,1164.25,926
2026-04-09 17:45:00+00:00,1164.25,1164.5,1164.0,1164.5,579
2026-04-09 17:50:00+00:00,1164.5,1164.75,1163.75,1163.75,662
2026-04-09 17:55:00+00:00,1163.75,1164.25,1163.25,1163.75,719
2026-04-09 18:00:00+00:00,1163.5,1166.0,1163.25,1165.25,1467
2026-04-09 18:05:00+00:00,1165.0,1166.25,1164.75,1165.75,3577
2026-04-09 18:10:00+00:00,1165.5,1166.0,1164.5,1165.0,5921
2026-04-09 18:15:00+00:00,1165.0,1165.25,1163.75,1164.25,3255
2026-04-10 00:00:00+00:00,1166.5,1167.5,1165.0,1167.0,0
2026-04-10 00:05:00+00:00,1166.75,1166.75,1166.25,1166.25,70
2026-04-10 00:10:00+00:00,1166.0,1167.25,1166.0,1167.25,701
2026-04-10 00:15:00+00:00,1167.25,1167.75,1167.25,1167.75,176
2026-04-10 00:20:00+00:00,1167.75,1169.5,1167.5,1169.25,351
2026-04-10 00:25:00+00:00,1169.25,1169.5,1169.0,1169.25,238
2026-04-10 00:30:00+00:00,1169.0,1169.75,1169.0,1169.75,87
2026-04-10 00:35:00+00:00,1169.75,1169.75,1169.0,1169.25,157
2026-04-10 00:40:00+00:00,1169.25,1169.25,1168.75,1169.25,30
2026-04-10 00:45:00+00:00,1169.0,1169.25,1169.0,1169.25,20
2026-04-10 00:50:00+00:00,1169.0,1169.25,1169.0,1169.0,20
2026-04-10 00:55:00+00:00,1169.0,1169.25,1169.0,1169.0,57
2026-04-10 01:00:00+00:00,1168.75,1169.0,1167.75,1168.0,212
2026-04-10 01:05:00+00:00,1168.0,1168.0,1167.75,1167.75,29
2026-04-10 01:10:00+00:00,1168.0,1168.25,1167.0,1168.25,248
2026-04-10 01:15:00+00:00,1168.5,1168.75,1168.0,1168.25,97
2026-04-10 01:20:00+00:00,1168.5,1168.75,1168.5,1168.5,105
2026-04-10 01:25:00+00:00,1168.5,1168.75,1168.25,1168.75,8
2026-04-10 01:30:00+00:00,1168.5,1168.75,1168.25,1168.5,497
2026-04-10 01:35:00+00:00,1168.5,1168.5,1168.25,1168.5,19
2026-04-10 01:40:00+00:00,1168.0,1168.25,1168.0,1168.25,7
2026-04-10 01:45:00+00:00,1168.25,1168.5,1168.25,1168.5,5
2026-04-10 01:50:00+00:00,1168.75,1169.25,1168.75,1168.75,97
2026-04-10 01:55:00+00:00,1168.75,1168.75,1168.75,1168.75,30
2026-04-10 02:00:00+00:00,1169.0,1169.0,1168.75,1168.75,7
2026-04-10 02:05:00+00:00,1168.75,1168.75,1168.75,1168.75,1
2026-04-10 02:10:00+00:00,1169.0,1169.0,1168.25,1168.25,10
2026-04-10 02:15:00+00:00,1168.25,1168.5,1168.25,1168.5,2
2026-04-10 02:20:00+00:00,1168.75,1168.75,1168.75,1168.75,1
2026-04-10 02:30:00+00:00,1168.75,1169.0,1168.0,1168.0,66
2026-04-10 02:35:00+00:00,1168.0,1168.5,1168.0,1168.25,23
2026-04-10 02:40:00+00:00,1168.0,1168.25,1168.0,1168.25,7
2026-04-10 02:45:00+00:00,1168.25,1168.25,1168.25,1168.25,6
2026-04-10 02:50:00+00:00,1167.75,1167.75,1167.25,1167.5,52
2026-04-10 02:55:00+00:00,1167.5,1167.5,1167.5,1167.5,10
2026-04-10 03:00:00+00:00,1167.5,1167.5,1167.5,1167.5,8
2026-04-10 03:10:00+00:00,1167.5,1167.5,1167.25,1167.5,50
2026-04-10 03:15:00+00:00,1167.75,1168.0,1167.75,1168.0,19
2026-04-10 03:20:00+00:00,1167.75,1168.25,1167.75,1168.25,95
2026-04-10 03:25:00+00:00,1168.5,1168.75,1168.5,1168.5,30
2026-04-10 03:30:00+00:00,1168.5,1168.5,1168.25,1168.5,10
2026-04-10 03:35:00+00:00,1168.25,1168.5,1168.25,1168.5,6
2026-04-10 03:40:00+00:00,1168.25,1168.25,1168.25,1168.25,1
2026-04-10 03:45:00+00:00,1168.0,1168.0,1167.5,1167.75,15
2026-04-10 03:50:00+00:00,1168.0,1168.0,1168.0,1168.0,13
2026-04-10 03:55:00+00:00,1167.5,1167.75,1167.5,1167.75,28
2026-04-10 04:00:00+00:00,1167.5,1167.5,1167.5,1167.5,229
2026-04-10 04:05:00+00:00,1167.5,1168.0,1167.25,1167.25,22
2026-04-10 04:10:00+00:00,1167.25,1167.5,1167.25,1167.5,15
2026-04-10 04:15:00+00:00,1167.5,1167.5,1167.5,1167.5,6
2026-04-10 04:20:00+00:00,1167.5,1167.5,1167.5,1167.5,1
2026-04-10 04:25:00+00:00,1167.5,1167.75,1167.5,1167.75,4
2026-04-10 04:30:00+00:00,1167.5,1167.75,1167.5,1167.5,3
2026-04-10 04:35:00+00:00,1167.5,1167.75,1167.5,1167.75,5
2026-04-10 04:40:00+00:00,1167.75,1167.75,1167.75,1167.75,2
2026-04-10 04:45:00+00:00,1167.75,1168.0,1167.75,1167.75,14
2026-04-10 04:50:00+00:00,1168.0,1168.25,1167.75,1168.0,8
2026-04-10 04:55:00+00:00,1168.0,1168.0,1167.75,1167.75,17
2026-04-10 05:00:00+00:00,1168.0,1168.0,1167.75,1167.75,23
2026-04-10 05:05:00+00:00,1168.25,1168.75,1168.25,1168.5,11
2026-04-10 05:10:00+00:00,1168.75,1169.0,1168.75,1169.0,9
2026-04-10 05:20:00+00:00,1169.25,1169.25,1169.0,1169.0,19
2026-04-10 05:25:00+00:00,1169.0,1169.0,1169.0,1169.0,3
2026-04-10 05:30:00+00:00,1168.75,1168.75,1168.25,1168.5,27
2026-04-10 05:35:00+00:00,1168.5,1168.5,1168.25,1168.25,28
2026-04-10 05:40:00+00:00,1168.25,1168.5,1168.0,1168.5,61
2026-04-10 05:45:00+00:00,1168.5,1168.5,1168.5,1168.5,4
2026-04-10 05:50:00+00:00,1168.5,1168.5,1168.25,1168.25,15
2026-04-10 05:55:00+00:00,1168.0,1168.75,1168.0,1168.75,12
2026-04-10 06:00:00+00:00,1169.0,1169.0,1168.75,1168.75,16
2026-04-10 06:05:00+00:00,1168.5,1168.5,1168.0,1168.25,18
2026-04-10 06:10:00+00:00,1168.5,1168.5,1168.5,1168.5,9
2026-04-10 06:15:00+00:00,1168.5,1168.75,1168.25,1168.75,24
2026-04-10 06:20:00+00:00,1168.75,1168.75,1168.75,1168.75,3
2026-04-10 06:25:00+00:00,1168.75,1169.5,1168.75,1169.0,14
2026-04-10 06:30:00+00:00,1168.75,1168.75,1168.5,1168.5,5
2026-04-10 06:35:00+00:00,1168.25,1169.0,1168.25,1169.0,96
2026-04-10 06:40:00+00:00,1169.0,1169.0,1168.5,1168.5,22
2026-04-10 06:45:00+00:00,1168.5,1168.75,1168.5,1168.5,17
2026-04-10 06:50:00+00:00,1168.5,1168.75,1168.25,1168.75,25
2026-04-10 06:55:00+00:00,1168.75,1169.0,1168.75,1168.75,60
2026-04-10 07:00:00+00:00,1168.75,1170.0,1168.75,1169.75,251
2026-04-10 07:05:00+00:00,1170.0,1170.0,1169.75,1170.0,88
2026-04-10 07:10:00+00:00,1170.0,1171.5,1170.0,1170.75,392
2026-04-10 07:15:00+00:00,1171.0,1171.75,1170.75,1171.75,89
2026-04-10 07:20:00+00:00,1171.5,1171.75,1171.25,1171.25,128
2026-04-10 07:25:00+00:00,1171.25,1171.75,1171.0,1171.5,129
2026-04-10 07:30:00+00:00,1171.5,1171.5,1171.25,1171.5,26
2026-04-10 07:35:00+00:00,1171.5,1171.5,1171.25,1171.5,75
2026-04-10 07:40:00+00:00,1171.5,1171.5,1171.0,1171.0,106
2026-04-10 07:45:00+00:00,1171.25,1171.25,1170.75,1170.75,12
2026-04-10 07:50:00+00:00,1171.0,1171.0,1170.75,1171.0,61
2026-04-10 07:55:00+00:00,1171.25,1171.5,1171.0,1171.5,50
2026-04-10 08:00:00+00:00,1171.0,1171.25,1171.0,1171.0,49
2026-04-10 08:05:00+00:00,1171.25,1171.5,1171.25,1171.5,59
2026-04-10 08:10:00+00:00,1171.5,1171.75,1171.25,1171.5,168
2026-04-10 08:15:00+00:00,1171.5,1171.75,1171.5,1171.75,73
2026-04-10 08:20:00+00:00,1171.5,1171.75,1171.5,1171.75,97
2026-04-10 08:25:00+00:00,1171.75,1171.75,1171.25,1171.25,105
2026-04-10 08:30:00+00:00,1171.5,1172.0,1171.5,1171.5,103
2026-04-10 08:35:00+00:00,1171.5,1171.75,1171.25,1171.75,128
2026-04-10 08:40:00+00:00,1171.75,1172.5,1171.5,1172.25,292
2026-04-10 08:45:00+00:00,1172.5,1173.25,1172.5,1172.75,298
2026-04-10 08:50:00+00:00,1172.5,1172.5,1172.25,1172.25,46
2026-04-10 08:55:00+00:00,1172.25,1172.25,1171.25,1171.25,164
2026-04-10 09:00:00+00:00,1171.5,1171.5,1171.25,1171.25,106
2026-04-10 09:05:00+00:00,1171.0,1171.0,1170.5,1170.5,138
2026-04-10 09:10:00+00:00,1170.5,1170.5,1170.0,1170.25,131
2026-04-10 09:15:00+00:00,1170.25,1170.25,1168.25,1168.5,308
2026-04-10 09:20:00+00:00,1168.5,1169.0,1168.0,1168.5,106
2026-04-10 09:25:00+00:00,1168.5,1168.75,1168.0,1168.75,303
2026-04-10 09:30:00+00:00,1168.75,1169.25,1168.75,1169.25,21
2026-04-10 09:35:00+00:00,1169.0,1169.0,1168.5,1168.5,46
2026-04-10 09:40:00+00:00,1168.5,1168.5,1168.0,1168.25,38
2026-04-10 09:45:00+00:00,1168.25,1168.25,1168.25,1168.25,6
2026-04-10 09:50:00+00:00,1168.0,1168.0,1165.75,1165.75,229
2026-04-10 09:55:00+00:00,1165.75,1166.25,1164.5,1166.0,238
2026-04-10 10:00:00+00:00,1166.0,1166.25,1165.5,1165.5,394
2026-04-10 10:05:00+00:00,1165.75,1166.5,1165.75,1166.25,126
2026-04-10 10:10:00+00:00,1166.25,1166.5,1166.25,1166.25,47
2026-04-10 10:15:00+00:00,1166.25,1166.5,1166.0,1166.0,49
2026-04-10 10:20:00+00:00,1166.0,1166.0,1165.25,1165.75,46
2026-04-10 10:25:00+00:00,1165.75,1166.0,1165.25,1165.75,194
2026-04-10 10:30:00+00:00,1165.75,1165.75,1164.75,1165.0,104
2026-04-10 10:35:00+00:00,1165.0,1165.75,1164.75,1165.75,276
2026-04-10 10:40:00+00:00,1165.75,1165.75,1165.25,1165.75,165
2026-04-10 10:45:00+00:00,1165.75,1165.75,1165.5,1165.75,18
2026-04-10 10:50:00+00:00,1165.75,1166.0,1165.75,1166.0,93
2026-04-10 10:55:00+00:00,1166.0,1166.0,1165.75,1165.75,98
2026-04-10 11:00:00+00:00,1166.0,1166.5,1166.0,1166.5,65
2026-04-10 11:05:00+00:00,1166.75,1167.75,1166.75,1167.75,104
2026-04-10 11:10:00+00:00,1167.75,1167.75,1167.25,1167.25,49
2026-04-10 11:15:00+00:00,1167.25,1169.0,1167.25,1168.75,358
2026-04-10 11:20:00+00:00,1168.75,1168.75,1168.0,1168.0,46
2026-04-10 11:25:00+00:00,1168.25,1168.25,1168.0,1168.0,67
2026-04-10 11:30:00+00:00,1168.25,1168.5,1168.25,1168.5,67
2026-04-10 11:35:00+00:00,1168.75,1169.0,1168.25,1169.0,26
2026-04-10 11:40:00+00:00,1168.5,1169.25,1168.5,1169.25,153
2026-04-10 11:45:00+00:00,1169.0,1169.25,1169.0,1169.0,106
2026-04-10 11:50:00+00:00,1169.0,1169.0,1168.25,1168.5,32
2026-04-10 11:55:00+00:00,1168.5,1168.5,1168.25,1168.5,76
2026-04-10 12:00:00+00:00,1168.5,1168.75,1167.75,1168.25,82
2026-04-10 12:05:00+00:00,1168.5,1170.5,1168.5,1169.75,855
2026-04-10 12:10:00+00:00,1169.75,1170.0,1169.25,1169.5,2226
2026-04-10 12:15:00+00:00,1169.5,1170.25,1168.5,1168.5,557
2026-04-10 12:20:00+00:00,1168.25,1169.25,1167.75,1169.25,153
2026-04-10 12:25:00+00:00,1169.0,1170.0,1169.0,1169.75,77
2026-04-10 12:30:00+00:00,1170.0,1171.25,1169.25,1171.25,538
2026-04-10 12:35:00+00:00,1171.25,1171.5,1170.75,1171.0,2856
2026-04-10 12:40:00+00:00,1170.75,1171.0,1170.25,1170.5,1420
2026-04-10 13:30:00+00:00,1170.0,1173.25,1169.25,1173.0,5508
2026-04-10 13:35:00+00:00,1173.0,1174.25,1172.5,1173.5,8342
2026-04-10 13:40:00+00:00,1173.25,1174.25,1173.0,1173.75,1979
2026-04-10 13:45:00+00:00,1173.75,1174.5,1173.75,1174.25,1147
2026-04-10 13:50:00+00:00,1174.0,1174.25,1171.5,1172.25,1787
2026-04-10 13:55:00+00:00,1172.0,1172.25,1170.5,1170.75,1209
2026-04-10 14:00:00+00:00,1170.75,1173.75,1170.25,1173.5,1782
2026-04-10 14:05:00+00:00,1173.75,1174.5,1172.75,1173.0,10672
2026-04-10 14:10:00+00:00,1172.75,1173.0,1171.5,1172.75,2927
2026-04-10 14:15:00+00:00,1172.75,1173.25,1172.5,1173.0,741
2026-04-10 14:20:00+00:00,1173.0,1174.25,1173.0,1173.0,740
2026-04-10 14:25:00+00:00,1173.25,1173.25,1171.75,1172.0,1503
2026-04-10 14:30:00+00:00,1171.75,1172.0,1170.0,1170.25,3894
2026-04-10 14:35:00+00:00,1170.5,1171.5,1169.75,1171.25,1363
2026-04-10 14:40:00+00:00,1171.25,1171.75,1170.75,1171.0,514
2026-04-10 14:45:00+00:00,1171.0,1173.0,1171.0,1172.75,742
2026-04-10 14:50:00+00:00,1172.75,1174.0,1172.25,1173.75,1903
2026-04-10 14:55:00+00:00,1173.75,1174.0,1172.75,1173.25,827
2026-04-10 15:00:00+00:00,1173.25,1174.0,1173.0,1173.5,3109
2026-04-10 15:05:00+00:00,1173.75,1174.5,1173.5,1174.25,493
2026-04-10 15:10:00+00:00,1174.25,1175.0,1173.75,1174.25,939
2026-04-10 15:15:00+00:00,1174.25,1174.75,1173.5,1174.5,990
2026-04-10 15:20:00+00:00,1174.75,1175.0,1174.0,1174.0,677
2026-04-10 15:25:00+00:00,1174.0,1175.25,1174.0,1175.0,1320
2026-04-10 15:30:00+00:00,1175.0,1175.75,1174.75,1175.25,1046
2026-04-10 15:35:00+00:00,1175.0,1175.75,1174.75,1175.75,748
2026-04-10 15:40:00+00:00,1175.5,1175.75,1174.5,1174.5,1049
2026-04-10 15:45:00+00:00,1174.5,1174.75,1173.5,1174.25,574
2026-04-10 15:50:00+00:00,1174.25,1175.5,1174.25,1175.5,661
2026-04-10 15:55:00+00:00,1175.5,1175.75,1175.0,1175.25,472
2026-04-10 16:00:00+00:00,1175.25,1175.75,1175.0,1175.5,845
2026-04-10 16:05:00+00:00,1175.25,1176.5,1175.25,1175.75,1177
2026-04-10 16:10:00+00:00,1175.5,1175.75,1174.25,1174.5,634
2026-04-10 16:15:00+00:00,1174.25,1175.25,1174.25,1174.75,641
2026-04-10 16:20:00+00:00,1174.75,1175.75,1174.5,1175.5,414
2026-04-10 16:25:00+00:00,1175.25,1175.75,1174.25,1175.25,4493
2026-04-10 16:30:00+00:00,1175.5,1176.25,1175.25,1175.75,1067
2026-04-10 16:35:00+00:00,1175.75,1176.5,1175.5,1175.5,1315
2026-04-10 16:40:00+00:00,1175.75,1176.5,1175.25,1175.75,1102
2026-04-10 16:45:00+00:00,1175.75,1176.75,1175.5,1176.5,711
2026-04-10 16:50:00+00:00,1176.5,1178.5,1176.5,1177.25,5065
2026-04-10 16:55:00+00:00,1177.25,1177.75,1176.25,1176.25,1341
2026-04-10 17:00:00+00:00,1176.25,1178.0,1176.25,1178.0,2166
2026-04-10 17:05:00+00:00,1178.0,1178.75,1177.5,1177.75,1356
2026-04-10 17:10:00+00:00,1177.5,1177.75,1177.0,1177.25,720
2026-04-10 17:15:00+00:00,1177.25,1178.0,1176.75,1177.0,691
2026-04-10 17:20:00+00:00,1177.25,1177.75,1176.75,1177.5,558
2026-04-10 17:25:00+00:00,1177.75,1178.0,1177.25,1177.25,604
2026-04-10 17:30:00+00:00,1177.25,1178.0,1177.25,1177.75,530
2026-04-10 17:35:00+00:00,1177.5,1178.25,1177.25,1178.0,408
2026-04-10 17:40:00+00:00,1178.0,1179.25,1177.75,1179.0,1395
2026-04-10 17:45:00+00:00,1178.75,1179.0,1178.5,1178.5,1191
2026-04-10 17:50:00+00:00,1178.5,1179.0,1178.0,1178.5,2903
2026-04-10 17:55:00+00:00,1178.5,1178.75,1177.75,1178.0,1202
2026-04-10 18:00:00+00:00,1177.75,1178.0,1176.0,1176.25,2852
2026-04-10 18:05:00+00:00,1176.5,1176.75,1176.0,1176.5,1163
2026-04-10 18:10:00+00:00,1176.25,1177.0,1175.25,1175.25,7184
2026-04-10 18:15:00+00:00,1175.25,1176.0,1174.25,1175.75,2608
2026-04-13 00:00:00+00:00,1177.0,1180.0,1174.5,1177.5,1524
2026-04-13 00:05:00+00:00,1177.5,1179.75,1177.0,1178.5,870
2026-04-13 00:10:00+00:00,1178.5,1181.5,1178.0,1180.5,934
2026-04-13 00:15:00+00:00,1180.5,1180.75,1179.5,1180.75,782
2026-04-13 00:20:00+00:00,1180.75,1182.5,1180.75,1182.25,473
2026-04-13 00:25:00+00:00,1182.25,1182.75,1181.75,1182.0,1599
2026-04-13 00:30:00+00:00,1182.0,1182.5,1181.75,1182.25,4148
2026-04-13 00:35:00+00:00,1182.0,1182.5,1181.75,1182.0,906
2026-04-13 00:40:00+00:00,1182.0,1182.25,1181.75,1181.75,53
2026-04-13 00:45:00+00:00,1182.0,1183.5,1182.0,1183.25,397
2026-04-13 00:50:00+00:00,1183.25,1183.75,1183.0,1183.25,240
2026-04-13 00:55:00+00:00,1183.25,1183.5,1181.75,1181.75,174
2026-04-13 01:00:00+00:00,1181.75,1181.75,1179.25,1179.75,408
2026-04-13 01:05:00+00:00,1179.75,1180.5,1177.5,1177.5,536
2026-04-13 01:10:00+00:00,1177.5,1179.25,1177.5,1179.0,258
2026-04-13 01:15:00+00:00,1179.25,1179.75,1178.5,1178.5,93
2026-04-13 01:20:00+00:00,1178.5,1178.5,1177.75,1178.5,132
2026-04-13 01:25:00+00:00,1178.5,1179.0,1178.25,1179.0,376
2026-04-13 01:30:00+00:00,1179.25,1179.25,1179.0,1179.25,56
2026-04-13 01:35:00+00:00,1179.5,1179.5,1178.0,1178.0,111
2026-04-13 01:40:00+00:00,1178.0,1178.0,1175.5,1175.75,565
2026-04-13 01:45:00+00:00,1175.5,1176.25,1175.25,1176.0,68
2026-04-13 01:50:00+00:00,1176.25,1176.25,1175.5,1175.75,115
2026-04-13 01:55:00+00:00,1175.75,1175.75,1175.0,1175.75,119
2026-04-13 02:00:00+00:00,1176.0,1176.25,1175.25,1175.25,78
2026-04-13 02:05:00+00:00,1175.5,1177.0,1175.5,1176.5,82
2026-04-13 02:10:00+00:00,1176.75,1176.75,1176.5,1176.5,48
2026-04-13 02:15:00+00:00,1176.5,1177.0,1176.5,1177.0,14
2026-04-13 02:20:00+00:00,1176.75,1176.75,1176.75,1176.75,7
2026-04-13 02:25:00+00:00,1176.75,1177.0,1176.75,1177.0,8
2026-04-13 02:30:00+00:00,1176.75,1176.75,1176.25,1176.5,42
2026-04-13 02:35:00+00:00,1176.5,1177.0,1176.5,1176.5,27
2026-04-13 02:40:00+00:00,1176.5,1176.75,1176.5,1176.5,12
2026-04-13 02:45:00+00:00,1176.5,1176.5,1176.25,1176.5,10
2026-04-13 02:50:00+00:00,1176.75,1176.75,1175.75,1176.0,44
2026-04-13 02:55:00+00:00,1175.75,1176.25,1175.5,1176.25,43
2026-04-13 03:00:00+00:00,1176.25,1176.5,1176.0,1176.5,14
2026-04-13 03:05:00+00:00,1176.5,1176.75,1176.5,1176.5,11
2026-04-13 03:10:00+00:00,1176.5,1176.75,1176.5,1176.5,4
2026-04-13 03:15:00+00:00,1176.5,1176.5,1176.5,1176.5,15
2026-04-13 03:20:00+00:00,1176.5,1176.5,1175.75,1175.75,28
2026-04-13 03:25:00+00:00,1175.75,1175.75,1175.5,1175.75,20
2026-04-13 03:30:00+00:00,1175.5,1175.75,1175.5,1175.75,11
2026-04-13 03:35:00+00:00,1176.25,1176.25,1176.25,1176.25,13
2026-04-13 03:40:00+00:00,1176.5,1176.5,1176.5,1176.5,3
2026-04-13 03:45:00+00:00,1176.25,1176.25,1176.0,1176.0,6
2026-04-13 03:50:00+00:00,1176.0,1176.25,1176.0,1176.25,18
2026-04-13 03:55:00+00:00,1176.5,1176.75,1176.5,1176.75,15
2026-04-13 04:00:00+00:00,1176.5,1176.5,1176.25,1176.25,11
2026-04-13 04:05:00+00:00,1176.5,1176.75,1176.5,1176.75,55
2026-04-13 04:10:00+00:00,1176.5,1176.5,1176.5,1176.5,45
2026-04-13 04:15:00+00:00,1176.75,1176.75,1176.5,1176.5,27
2026-04-13 04:20:00+00:00,1176.5,1176.5,1176.5,1176.5,1
2026-04-13 04:25:00+00:00,1176.5,1176.5,1175.75,1175.75,153
2026-04-13 04:30:00+00:00,1175.5,1175.75,1175.5,1175.5,9
2026-04-13 04:35:00+00:00,1175.5,1175.5,1175.25,1175.25,6
2026-04-13 04:40:00+00:00,1175.5,1175.5,1175.5,1175.5,6
2026-04-13 04:45:00+00:00,1175.75,1175.75,1175.75,1175.75,3
2026-04-13 04:50:00+00:00,1175.75,1176.0,1175.75,1176.0,18
2026-04-13 04:55:00+00:00,1176.0,1176.0,1176.0,1176.0,8
2026-04-13 05:00:00+00:00,1175.75,1175.75,1175.5,1175.5,43
2026-04-13 05:05:00+00:00,1175.25,1175.25,1175.0,1175.0,11
2026-04-13 05:10:00+00:00,1175.25,1175.25,1174.5,1174.75,155
2026-04-13 05:20:00+00:00,1174.5,1175.0,1174.5,1174.5,65
2026-04-13 05:25:00+00:00,1174.5,1174.5,1174.0,1174.25,149
2026-04-13 05:30:00+00:00,1174.25,1174.5,1174.25,1174.25,52
2026-04-13 05:35:00+00:00,1174.25,1174.25,1173.0,1173.75,181
2026-04-13 05:40:00+00:00,1173.5,1173.5,1172.5,1172.75,127
2026-04-13 05:45:00+00:00,1173.0,1173.0,1172.75,1173.0,9
2026-04-13 05:50:00+00:00,1173.0,1173.25,1172.25,1172.75,112
2026-04-13 05:55:00+00:00,1172.5,1173.25,1172.5,1173.0,19
2026-04-13 06:00:00+00:00,1172.75,1173.0,1172.75,1173.0,53
2026-04-13 06:05:00+00:00,1173.25,1173.5,1172.75,1172.75,195
2026-04-13 06:10:00+00:00,1172.75,1173.0,1172.75,1173.0,7
2026-04-13 06:15:00+00:00,1173.0,1173.0,1172.75,1172.75,25
2026-04-13 06:20:00+00:00,1172.75,1172.75,1172.0,1172.25,98
2026-04-13 06:25:00+00:00,1172.25,1172.5,1172.0,1172.25,121
2026-04-13 06:30:00+00:00,1172.5,1172.5,1172.25,1172.25,22
2026-04-13 06:35:00+00:00,1172.25,1172.5,1172.0,1172.5,84
2026-04-13 06:40:00+00:00,1172.25,1172.5,1172.25,1172.25,55
2026-04-13 06:45:00+00:00,1172.0,1172.25,1171.5,1172.25,68
2026-04-13 06:50:00+00:00,1172.0,1172.25,1172.0,1172.25,25
2026-04-13 06:55:00+00:00,1172.0,1172.25,1172.0,1172.25,40
2026-04-13 07:00:00+00:00,1172.25,1173.25,1172.25,1173.0,69
2026-04-13 07:05:00+00:00,1173.0,1173.25,1172.5,1172.75,78
2026-04-13 07:10:00+00:00,1173.0,1173.0,1171.75,1171.75,254
2026-04-13 07:15:00+00:00,1172.0,1172.5,1172.0,1172.5,33
2026-04-13 07:20:00+00:00,1172.5,1172.5,1172.0,1172.25,75
2026-04-13 07:25:00+00:00,1172.5,1172.5,1172.0,1172.0,145
2026-04-13 07:30:00+00:00,1172.0,1173.0,1172.0,1173.0,299
2026-04-13 07:35:00+00:00,1173.0,1173.25,1172.75,1172.75,105
2026-04-13 07:40:00+00:00,1172.25,1172.25,1172.0,1172.25,39
2026-04-13 07:45:00+00:00,1172.25,1172.25,1172.0,1172.0,59
2026-04-13 07:50:00+00:00,1171.75,1172.25,1171.5,1172.0,54
2026-04-13 07:55:00+00:00,1172.0,1173.0,1172.0,1173.0,52
2026-04-13 08:00:00+00:00,1172.75,1173.0,1171.5,1172.0,137
2026-04-13 08:05:00+00:00,1171.75,1172.75,1171.75,1172.5,562
2026-04-13 08:10:00+00:00,1172.5,1173.25,1172.25,1173.25,348
2026-04-13 08:15:00+00:00,1173.5,1174.25,1173.5,1174.0,258
2026-04-13 08:20:00+00:00,1174.0,1174.25,1173.5,1173.5,579
2026-04-13 08:25:00+00:00,1173.5,1173.75,1173.25,1173.75,1006
2026-04-13 08:30:00+00:00,1173.5,1174.0,1173.5,1173.75,514
2026-04-13 08:35:00+00:00,1173.75,1175.25,1173.5,1175.25,1218
2026-04-13 08:40:00+00:00,1175.5,1175.75,1175.25,1175.75,203
2026-04-13 08:45:00+00:00,1175.5,1175.5,1174.5,1174.5,206
2026-04-13 08:50:00+00:00,1174.5,1174.75,1174.5,1174.5,455
2026-04-13 08:55:00+00:00,1174.5,1175.25,1174.5,1175.25,121
2026-04-13 09:00:00+00:00,1175.0,1175.0,1174.5,1174.5,146
2026-04-13 09:05:00+00:00,1174.5,1175.5,1174.5,1175.5,87
2026-04-13 09:10:00+00:00,1175.25,1175.75,1175.25,1175.5,97
2026-04-13 09:15:00+00:00,1175.5,1175.5,1175.0,1175.0,91
2026-04-13 09:20:00+00:00,1175.25,1175.5,1175.25,1175.25,56
2026-04-13 09:25:00+00:00,1175.0,1175.25,1175.0,1175.0,106
2026-04-13 09:30:00+00:00,1175.0,1175.25,1174.75,1175.25,95
2026-04-13 09:35:00+00:00,1175.25,1175.25,1175.0,1175.25,11
2026-04-13 09:40:00+00:00,1175.25,1176.5,1175.25,1176.5,108
2026-04-13 09:45:00+00:00,1176.25,1176.75,1176.25,1176.75,49
2026-04-13 09:50:00+00:00,1176.75,1177.0,1176.5,1176.5,147
2026-04-13 09:55:00+00:00,1176.5,1177.0,1176.25,1176.25,142
2026-04-13 10:00:00+00:00,1176.25,1176.25,1176.0,1176.0,79
2026-04-13 10:05:00+00:00,1176.0,1176.0,1175.75,1176.0,10
2026-04-13 10:10:00+00:00,1176.0,1176.25,1175.75,1176.25,32
2026-04-13 10:15:00+00:00,1176.25,1176.5,1176.25,1176.5,34
2026-04-13 10:20:00+00:00,1176.75,1176.75,1176.25,1176.25,13
2026-04-13 10:25:00+00:00,1176.5,1176.5,1176.25,1176.25,10
2026-04-13 10:30:00+00:00,1176.0,1176.25,1176.0,1176.25,41
2026-04-13 10:35:00+00:00,1176.0,1176.0,1175.75,1175.75,32
2026-04-13 10:40:00+00:00,1175.5,1175.5,1174.75,1175.0,106
2026-04-13 10:45:00+00:00,1175.0,1175.0,1174.0,1174.25,70
2026-04-13 10:50:00+00:00,1174.5,1174.5,1174.0,1174.25,103
2026-04-13 10:55:00+00:00,1174.5,1175.75,1174.5,1175.5,137
2026-04-13 11:00:00+00:00,1175.25,1175.25,1174.25,1174.75,170
2026-04-13 11:05:00+00:00,1174.5,1174.75,1174.5,1174.5,32
2026-04-13 11:10:00+00:00,1174.75,1175.0,1174.5,1174.5,51
2026-04-13 11:15:00+00:00,1174.25,1174.75,1174.25,1174.75,17
2026-04-13 11:20:00+00:00,1174.75,1174.75,1174.5,1174.75,29
2026-04-13 11:25:00+00:00,1175.0,1175.0,1174.5,1174.75,78
2026-04-13 11:30:00+00:00,1174.75,1174.75,1173.75,1174.0,115
2026-04-13 11:35:00+00:00,1174.0,1174.25,1174.0,1174.25,34
2026-04-13 11:40:00+00:00,1174.0,1175.25,1174.0,1175.0,114
2026-04-13 11:45:00+00:00,1174.75,1175.75,1174.25,1175.5,280
2026-04-13 11:50:00+00:00,1175.5,1175.5,1174.5,1174.5,121
2026-04-13 11:55:00+00:00,1174.5,1175.0,1174.5,1175.0,28
2026-04-13 12:00:00+00:00,1175.0,1175.0,1173.75,1174.25,311
2026-04-13 12:05:00+00:00,1174.25,1175.5,1174.0,1175.5,38
2026-04-13 12:10:00+00:00,1175.5,1175.5,1175.25,1175.25,46
2026-04-13 12:15:00+00:00,1175.25,1175.5,1174.75,1174.75,137
2026-04-13 12:20:00+00:00,1174.5,1174.5,1174.0,1174.25,77
2026-04-13 12:25:00+00:00,1174.5,1174.75,1174.0,1174.0,179
2026-04-13 12:30:00+00:00,1174.25,1174.25,1173.75,1174.25,164
2026-04-13 12:35:00+00:00,1174.5,1174.75,1174.0,1174.5,93
2026-04-13 12:40:00+00:00,1174.0,1174.75,1173.25,1174.75,353
2026-04-13 13:30:00+00:00,1174.0,1175.0,1169.25,1171.25,6744
2026-04-13 13:35:00+00:00,1171.0,1175.75,1171.0,1175.25,2843
2026-04-13 13:40:00+00:00,1175.5,1176.5,1174.75,1175.5,2226
2026-04-13 13:45:00+00:00,1175.5,1176.75,1173.75,1173.75,1617
2026-04-13 13:50:00+00:00,1173.75,1173.75,1172.0,1172.0,2117
2026-04-13 13:55:00+00:00,1172.0,1172.25,1171.25,1171.75,1150
2026-04-13 14:00:00+00:00,1171.75,1172.75,1170.25,1172.25,3391
2026-04-13 14:05:00+00:00,1172.25,1173.25,1172.25,1173.0,932
2026-04-13 14:10:00+00:00,1173.0,1173.5,1171.25,1171.25,1088
2026-04-13 14:15:00+00:00,1171.0,1171.5,1170.25,1171.5,1389
2026-04-13 14:20:00+00:00,1171.5,1172.0,1170.75,1171.75,3002
2026-04-13 14:25:00+00:00,1171.75,1171.75,1170.75,1171.5,1230
2026-04-13 14:30:00+00:00,1171.5,1171.75,1167.75,1168.0,3227
2026-04-13 14:35:00+00:00,1168.25,1168.25,1167.0,1167.75,1747
2026-04-13 14:40:00+00:00,1167.5,1167.75,1167.0,1167.5,1259
2026-04-13 14:45:00+00:00,1167.25,1168.25,1167.0,1167.5,1169
2026-04-13 14:50:00+00:00,1167.5,1167.75,1166.0,1166.25,1360
2026-04-13 14:55:00+00:00,1166.25,1166.5,1165.75,1166.0,1531
2026-04-13 15:00:00+00:00,1166.0,1167.5,1165.75,1167.0,1175
2026-04-13 15:05:00+00:00,1167.0,1168.5,1166.75,1167.75,1071
2026-04-13 15:10:00+00:00,1167.5,1168.0,1167.0,1167.5,625
2026-04-13 15:15:00+00:00,1167.5,1169.0,1167.25,1168.75,3064
2026-04-13 15:20:00+00:00,1168.75,1169.5,1167.0,1168.0,625
2026-04-13 15:25:00+00:00,1168.25,1169.0,1168.0,1168.5,539
2026-04-13 15:30:00+00:00,1168.25,1168.5,1167.5,1167.5,470
2026-04-13 15:35:00+00:00,1167.5,1168.0,1167.0,1167.75,648
2026-04-13 15:40:00+00:00,1168.0,1169.5,1168.0,1168.75,558
2026-04-13 15:45:00+00:00,1168.75,1169.0,1167.25,1168.0,579
2026-04-13 15:50:00+00:00,1167.75,1169.25,1167.5,1168.75,698
2026-04-13 15:55:00+00:00,1168.75,1168.75,1167.5,1167.75,3761
2026-04-13 16:00:00+00:00,1167.5,1168.5,1167.5,1167.75,554
2026-04-13 16:05:00+00:00,1167.5,1168.5,1166.5,1168.5,788
2026-04-13 16:10:00+00:00,1168.25,1169.0,1168.0,1168.25,387
2026-04-13 16:15:00+00:00,1168.25,1168.25,1167.0,1167.5,500
2026-04-13 16:20:00+00:00,1167.75,1168.0,1167.25,1167.25,423
2026-04-13 16:25:00+00:00,1167.25,1167.75,1167.0,1167.25,494
2026-04-13 16:30:00+00:00,1167.5,1167.75,1166.5,1166.5,684
2026-04-13 16:35:00+00:00,1166.75,1166.75,1163.5,1164.75,1741
2026-04-13 16:40:00+00:00,1164.75,1166.5,1164.5,1165.75,1193
2026-04-13 16:45:00+00:00,1165.75,1167.25,1165.75,1167.25,561
2026-04-13 16:50:00+00:00,1167.5,1167.5,1166.75,1167.0,832
2026-04-13 16:55:00+00:00,1167.0,1167.25,1166.0,1166.25,439
2026-04-13 17:00:00+00:00,1166.5,1167.5,1166.0,1167.25,3070
2026-04-13 17:05:00+00:00,1167.5,1168.75,1167.25,1168.5,581
2026-04-13 17:10:00+00:00,1168.5,1169.25,1168.25,1168.75,646
2026-04-13 17:15:00+00:00,1169.0,1169.5,1168.0,1168.25,683
2026-04-13 17:20:00+00:00,1168.25,1168.75,1168.0,1168.5,585
2026-04-13 17:25:00+00:00,1168.5,1168.75,1168.0,1168.0,418
2026-04-13 17:30:00+00:00,1168.0,1168.0,1164.75,1164.75,893
2026-04-13 17:35:00+00:00,1164.75,1165.0,1163.5,1164.0,1154
2026-04-13 17:40:00+00:00,1164.0,1164.75,1163.25,1163.25,3340
2026-04-13 17:45:00+00:00,1163.5,1164.75,1163.25,1163.75,1587
2026-04-13 17:50:00+00:00,1163.75,1163.75,1163.0,1163.0,909
2026-04-13 17:55:00+00:00,1163.0,1163.5,1162.75,1163.0,1170
2026-04-13 18:00:00+00:00,1163.0,1163.5,1162.5,1162.75,1435
2026-04-13 18:05:00+00:00,1162.75,1163.25,1162.5,1162.75,2118
2026-04-13 18:10:00+00:00,1162.75,1163.5,1161.75,1161.75,6846
2026-04-13 18:15:00+00:00,1162.0,1162.25,1160.0,1160.75,8439
2026-04-14 00:00:00+00:00,1160.5,1162.75,1158.25,1162.5,0
2026-04-14 00:05:00+00:00,1162.5,1163.0,1162.0,1162.5,207
2026-04-14 00:10:00+00:00,1162.25,1162.75,1162.0,1162.25,138
2026-04-14 00:15:00+00:00,1162.5,1164.25,1162.0,1164.0,408
2026-04-14 00:20:00+00:00,1164.25,1164.25,1162.5,1162.5,114
2026-04-14 00:25:00+00:00,1162.5,1162.5,1161.5,1162.0,93
2026-04-14 00:30:00+00:00,1162.5,1162.5,1161.5,1161.75,47
2026-04-14 00:35:00+00:00,1161.75,1162.0,1161.5,1162.0,82
2026-04-14 00:40:00+00:00,1161.75,1162.25,1161.25,1161.5,119
2026-04-14 00:45:00+00:00,1161.5,1161.75,1161.25,1161.5,55
2026-04-14 00:50:00+00:00,1161.75,1162.0,1161.5,1161.75,56
2026-04-14 00:55:00+00:00,1161.75,1162.0,1161.5,1162.0,92
2026-04-14 01:00:00+00:00,1162.25,1164.0,1162.0,1163.5,327
2026-04-14 01:05:00+00:00,1163.5,1163.5,1162.75,1163.25,146
2026-04-14 01:10:00+00:00,1163.25,1163.75,1163.0,1163.75,85
2026-04-14 01:15:00+00:00,1163.75,1164.75,1163.5,1164.25,195
2026-04-14 01:20:00+00:00,1164.25,1164.25,1164.0,1164.25,32
2026-04-14 01:25:00+00:00,1164.25,1164.75,1164.25,1164.75,31
2026-04-14 01:30:00+00:00,1164.5,1164.75,1164.0,1164.0,25
2026-04-14 01:35:00+00:00,1164.0,1164.75,1164.0,1164.25,36
2026-04-14 01:40:00+00:00,1164.25,1164.75,1164.25,1164.25,44
2026-04-14 01:45:00+00:00,1164.0,1164.25,1163.75,1163.75,139
2026-04-14 01:50:00+00:00,1163.75,1164.0,1163.0,1164.0,95
2026-04-14 01:55:00+00:00,1164.0,1164.0,1163.25,1163.25,27
2026-04-14 02:00:00+00:00,1163.25,1163.5,1162.75,1162.75,43
2026-04-14 02:05:00+00:00,1162.75,1163.0,1162.5,1163.0,29
2026-04-14 02:10:00+00:00,1163.0,1163.25,1163.0,1163.25,13
2026-04-14 02:15:00+00:00,1163.0,1163.25,1162.75,1163.25,33
2026-04-14 02:20:00+00:00,1162.75,1163.0,1162.5,1162.5,19
2026-04-14 02:25:00+00:00,1162.5,1162.75,1162.25,1162.5,11
2026-04-14 02:30:00+00:00,1162.75,1162.75,1162.5,1162.5,25
2026-04-14 02:35:00+00:00,1162.75,1162.75,1162.25,1162.25,13
2026-04-14 02:40:00+00:00,1162.5,1163.0,1162.5,1162.75,154
2026-04-14 02:45:00+00:00,1162.75,1162.75,1162.5,1162.5,14
2026-04-14 02:50:00+00:00,1162.25,1162.5,1162.25,1162.5,513
2026-04-14 02:55:00+00:00,1162.5,1162.5,1162.25,1162.25,17
2026-04-14 03:00:00+00:00,1162.25,1162.25,1162.25,1162.25,7
2026-04-14 03:05:00+00:00,1162.25,1162.5,1162.25,1162.5,18
2026-04-14 03:10:00+00:00,1162.25,1163.5,1162.25,1163.5,64
2026-04-14 03:15:00+00:00,1163.5,1164.5,1163.25,1163.25,66
2026-04-14 03:20:00+00:00,1163.25,1163.25,1163.0,1163.0,19
2026-04-14 03:25:00+00:00,1163.0,1163.0,1162.75,1163.0,9
2026-04-14 03:30:00+00:00,1163.0,1163.0,1163.0,1163.0,2
2026-04-14 03:35:00+00:00,1162.75,1162.75,1162.25,1162.5,15
2026-04-14 03:40:00+00:00,1162.75,1162.75,1162.75,1162.75,13
2026-04-14 03:45:00+00:00,1162.5,1162.75,1162.5,1162.75,22
2026-04-14 03:50:00+00:00,1162.75,1162.75,1162.75,1162.75,2
2026-04-14 03:55:00+00:00,1162.75,1162.75,1162.5,1162.5,10
2026-04-14 04:00:00+00:00,1162.5,1162.5,1162.5,1162.5,5
2026-04-14 04:05:00+00:00,1162.5,1162.75,1162.25,1162.5,17
2026-04-14 04:10:00+00:00,1162.25,1162.25,1162.25,1162.25,1
2026-04-14 04:15:00+00:00,1162.5,1162.5,1162.25,1162.25,19
2026-04-14 04:20:00+00:00,1162.25,1162.25,1162.0,1162.25,15
2026-04-14 04:25:00+00:00,1162.25,1162.5,1162.25,1162.5,36
2026-04-14 04:30:00+00:00,1162.75,1162.75,1162.75,1162.75,3
2026-04-14 04:35:00+00:00,1162.5,1162.75,1162.5,1162.75,11
2026-04-14 04:40:00+00:00,1162.5,1162.75,1162.5,1162.75,7
2026-04-14 04:45:00+00:00,1162.75,1163.25,1162.75,1163.25,35
2026-04-14 04:50:00+00:00,1163.25,1163.25,1163.0,1163.0,2
2026-04-14 05:00:00+00:00,1163.25,1163.25,1163.25,1163.25,19
2026-04-14 05:05:00+00:00,1163.25,1163.25,1163.0,1163.0,10
2026-04-14 05:10:00+00:00,1163.0,1163.0,1162.75,1162.75,55
2026-04-14 05:15:00+00:00,1162.75,1162.75,1162.5,1162.5,7
2026-04-14 05:25:00+00:00,1162.5,1162.75,1162.5,1162.75,4
2026-04-14 05:30:00+00:00,1162.5,1163.25,1162.5,1163.0,135
2026-04-14 05:35:00+00:00,1163.25,1163.25,1163.0,1163.0,11
2026-04-14 05:40:00+00:00,1163.0,1163.25,1163.0,1163.25,5
2026-04-14 05:45:00+00:00,1163.25,1163.25,1163.0,1163.0,13
2026-04-14 05:50:00+00:00,1163.0,1163.25,1163.0,1163.25,12
2026-04-14 05:55:00+00:00,1163.25,1163.25,1163.25,1163.25,7
2026-04-14 06:00:00+00:00,1163.25,1163.25,1162.75,1162.75,10
2026-04-14 06:05:00+00:00,1162.75,1162.75,1162.75,1162.75,13
2026-04-14 06:10:00+00:00,1163.0,1163.25,1162.75,1162.75,31
2026-04-14 06:15:00+00:00,1162.75,1163.0,1162.75,1162.75,10
2026-04-14 06:20:00+00:00,1162.75,1163.25,1162.75,1163.25,30
2026-04-14 06:25:00+00:00,1163.25,1163.5,1163.0,1163.5,27
2026-04-14 06:30:00+00:00,1163.5,1163.75,1163.5,1163.75,8
2026-04-14 06:35:00+00:00,1163.5,1163.5,1162.5,1162.75,25
2026-04-14 06:40:00+00:00,1162.75,1163.0,1162.5,1163.0,33
2026-04-14 06:45:00+00:00,1163.25,1163.5,1163.25,1163.5,11
2026-04-14 06:50:00+00:00,1163.5,1164.0,1163.5,1163.75,20
2026-04-14 06:55:00+00:00,1163.5,1163.5,1163.25,1163.5,10
2026-04-14 07:00:00+00:00,1163.25,1163.75,1163.0,1163.5,455
2026-04-14 07:05:00+00:00,1163.75,1163.75,1162.5,1162.75,96
2026-04-14 07:10:00+00:00,1163.0,1163.5,1162.75,1163.5,168
2026-04-14 07:15:00+00:00,1163.5,1163.5,1163.5,1163.5,15
2026-04-14 07:20:00+00:00,1163.75,1164.0,1163.25,1163.75,177
2026-04-14 07:25:00+00:00,1164.0,1164.0,1163.0,1163.0,30
2026-04-14 07:30:00+00:00,1163.0,1163.75,1163.0,1163.75,26
2026-04-14 07:35:00+00:00,1163.75,1164.25,1163.75,1164.0,53
2026-04-14 07:40:00+00:00,1163.75,1164.25,1163.75,1164.0,46
2026-04-14 07:45:00+00:00,1164.0,1164.0,1163.5,1163.75,28
2026-04-14 07:50:00+00:00,1164.0,1164.5,1164.0,1164.5,21
2026-04-14 07:55:00+00:00,1164.75,1164.75,1164.25,1164.25,18
2026-04-14 08:00:00+00:00,1164.5,1164.5,1164.25,1164.5,67
2026-04-14 08:05:00+00:00,1164.5,1164.75,1164.25,1164.5,104
2026-04-14 08:10:00+00:00,1164.5,1165.25,1164.5,1164.75,71
2026-04-14 08:15:00+00:00,1164.75,1165.25,1164.75,1165.25,51
2026-04-14 08:20:00+00:00,1165.0,1165.25,1165.0,1165.0,30
2026-04-14 08:25:00+00:00,1165.0,1165.25,1164.75,1165.25,46
2026-04-14 08:30:00+00:00,1165.25,1165.25,1164.75,1165.0,32
2026-04-14 08:35:00+00:00,1164.75,1165.75,1164.75,1165.25,69
2026-04-14 08:40:00+00:00,1165.25,1165.25,1165.0,1165.0,7
2026-04-14 08:45:00+00:00,1165.25,1165.5,1165.25,1165.25,1049
2026-04-14 08:50:00+00:00,1165.25,1165.5,1165.25,1165.5,28
2026-04-14 08:55:00+00:00,1165.5,1165.5,1165.0,1165.0,1305
2026-04-14 09:00:00+00:00,1165.0,1165.0,1164.0,1164.0,80
2026-04-14 09:05:00+00:00,1164.25,1164.75,1164.25,1164.75,18
2026-04-14 09:10:00+00:00,1164.5,1164.75,1164.5,1164.75,2
2026-04-14 09:15:00+00:00,1164.75,1165.0,1164.0,1164.5,929
2026-04-14 09:20:00+00:00,1164.5,1164.75,1164.0,1164.5,1291
2026-04-14 09:25:00+00:00,1164.5,1165.0,1164.25,1164.5,641
2026-04-14 09:30:00+00:00,1164.25,1164.5,1164.25,1164.25,5
2026-04-14 09:35:00+00:00,1164.5,1164.5,1164.0,1164.0,169
2026-04-14 09:40:00+00:00,1164.25,1164.25,1163.75,1164.0,1316
2026-04-14 09:45:00+00:00,1163.75,1163.75,1163.0,1163.75,594
2026-04-14 09:50:00+00:00,1164.0,1164.0,1163.5,1163.5,8
2026-04-14 09:55:00+00:00,1163.75,1163.75,1163.5,1163.75,8
2026-04-14 10:00:00+00:00,1163.5,1163.75,1163.25,1163.75,105
2026-04-14 10:05:00+00:00,1163.5,1163.5,1163.0,1163.0,79
2026-04-14 10:10:00+00:00,1163.0,1163.0,1162.5,1162.75,70
2026-04-14 10:15:00+00:00,1162.75,1163.0,1162.5,1162.5,11
2026-04-14 10:20:00+00:00,1162.75,1162.75,1162.5,1162.75,9
2026-04-14 10:25:00+00:00,1163.0,1163.5,1163.0,1163.5,40
2026-04-14 10:30:00+00:00,1163.25,1164.25,1163.25,1164.0,49
2026-04-14 10:35:00+00:00,1164.25,1165.0,1164.25,1165.0,64
2026-04-14 10:40:00+00:00,1164.75,1164.75,1164.25,1164.5,24
2026-04-14 10:45:00+00:00,1164.25,1164.5,1163.75,1163.75,30
2026-04-14 10:50:00+00:00,1163.5,1163.5,1163.5,1163.5,15
2026-04-14 10:55:00+00:00,1163.5,1163.5,1163.5,1163.5,2
2026-04-14 11:00:00+00:00,1163.5,1163.75,1163.25,1163.25,48
2026-04-14 11:05:00+00:00,1163.25,1163.25,1163.25,1163.25,11
2026-04-14 11:10:00+00:00,1163.25,1165.0,1163.25,1165.0,294
2026-04-14 11:15:00+00:00,1165.0,1165.5,1165.0,1165.0,35
2026-04-14 11:20:00+00:00,1165.0,1165.5,1165.0,1165.0,89
2026-04-14 11:25:00+00:00,1165.0,1165.25,1165.0,1165.25,38
2026-04-14 11:30:00+00:00,1165.25,1165.75,1165.25,1165.5,86
2026-04-14 11:35:00+00:00,1165.5,1165.75,1165.25,1165.5,102
2026-04-14 11:40:00+00:00,1165.5,1166.0,1165.5,1166.0,110
2026-04-14 11:45:00+00:00,1166.0,1166.75,1166.0,1166.5,355
2026-04-14 11:50:00+00:00,1166.75,1167.5,1166.5,1167.5,252
2026-04-14 11:55:00+00:00,1167.5,1167.75,1165.0,1166.5,386
2026-04-14 12:00:00+00:00,1166.25,1166.5,1166.25,1166.25,46
2026-04-14 12:05:00+00:00,1166.0,1166.25,1166.0,1166.0,44
2026-04-14 12:10:00+00:00,1166.25,1167.0,1166.25,1166.5,74
2026-04-14 12:15:00+00:00,1166.5,1167.0,1166.25,1166.5,80
2026-04-14 12:20:00+00:00,1166.5,1166.5,1165.5,1165.5,41
2026-04-14 12:25:00+00:00,1165.5,1165.5,1165.0,1165.25,76
2026-04-14 12:30:00+00:00,1165.5,1166.25,1165.5,1166.0,128
2026-04-14 12:35:00+00:00,1166.0,1166.5,1165.75,1166.0,121
2026-04-14 12:40:00+00:00,1165.75,1166.25,1165.5,1166.25,234
2026-04-14 13:30:00+00:00,1165.75,1166.25,1162.0,1165.0,5542
2026-04-14 13:35:00+00:00,1165.0,1166.0,1163.75,1165.5,3200
2026-04-14 13:40:00+00:00,1165.25,1167.75,1165.25,1166.75,2133
2026-04-14 13:45:00+00:00,1166.5,1167.25,1166.0,1167.0,1234
2026-04-14 13:50:00+00:00,1167.0,1168.5,1167.0,1167.5,1290
2026-04-14 13:55:00+00:00,1167.5,1168.5,1167.25,1167.75,665
2026-04-14 14:00:00+00:00,1167.5,1168.0,1165.75,1166.75,1617
2026-04-14 14:05:00+00:00,1166.75,1167.25,1164.5,1164.5,904
2026-04-14 14:10:00+00:00,1164.75,1166.25,1164.75,1165.0,3503
2026-04-14 14:15:00+00:00,1165.0,1166.5,1163.75,1166.25,846
2026-04-14 14:20:00+00:00,1166.25,1167.75,1166.25,1167.5,776
2026-04-14 14:25:00+00:00,1167.5,1167.5,1166.25,1166.25,3144
2026-04-14 14:30:00+00:00,1166.25,1166.25,1165.25,1165.25,1645
2026-04-14 14:35:00+00:00,1165.5,1165.5,1164.0,1164.75,1064
2026-04-14 14:40:00+00:00,1164.75,1165.25,1163.5,1164.0,815
2026-04-14 14:45:00+00:00,1164.0,1166.0,1164.0,1165.5,1312
2026-04-14 14:50:00+00:00,1165.5,1166.5,1164.25,1164.5,2965
2026-04-14 14:55:00+00:00,1164.5,1165.5,1164.25,1165.5,722
2026-04-14 15:00:00+00:00,1165.75,1166.25,1165.25,1165.25,703
2026-04-14 15:05:00+00:00,1165.25,1166.25,1165.25,1166.0,579
2026-04-14 15:10:00+00:00,1165.75,1165.75,1164.0,1165.0,566
2026-04-14 15:15:00+00:00,1165.0,1165.0,1163.5,1163.5,735
2026-04-14 15:20:00+00:00,1163.75,1164.25,1162.0,1162.25,1333
2026-04-14 15:25:00+00:00,1162.25,1163.75,1161.75,1163.25,3480
2026-04-14 15:30:00+00:00,1163.25,1164.5,1163.0,1163.75,460
2026-04-14 15:35:00+00:00,1163.75,1164.25,1163.25,1164.0,573
2026-04-14 15:40:00+00:00,1164.0,1164.0,1162.25,1162.25,481
2026-04-14 15:45:00+00:00,1162.0,1162.25,1160.75,1161.0,1222
2026-04-14 15:50:00+00:00,1161.0,1161.75,1160.5,1161.0,2708
2026-04-14 15:55:00+00:00,1161.0,1162.0,1161.0,1161.75,327
2026-04-14 16:00:00+00:00,1161.5,1161.5,1160.0,1160.5,870
2026-04-14 16:05:00+00:00,1160.25,1161.0,1159.75,1160.25,705
2026-04-14 16:10:00+00:00,1160.25,1160.5,1159.25,1159.5,439
2026-04-14 16:15:00+00:00,1159.25,1160.0,1159.25,1159.5,510
2026-04-14 16:20:00+00:00,1159.5,1160.0,1159.0,1159.75,464
2026-04-14 16:25:00+00:00,1159.5,1160.25,1159.25,1159.75,777
2026-04-14 16:30:00+00:00,1159.75,1160.0,1159.25,1159.75,746
2026-04-14 16:35:00+00:00,1160.0,1160.75,1159.25,1159.25,839
2026-04-14 16:40:00+00:00,1159.25,1159.5,1158.25,1159.25,808
2026-04-14 16:45:00+00:00,1159.5,1160.0,1159.25,1159.75,924
2026-04-14 16:50:00+00:00,1159.75,1159.75,1157.75,1158.0,1332
2026-04-14 16:55:00+00:00,1158.0,1158.25,1157.25,1157.5,1086
2026-04-14 17:00:00+00:00,1157.25,1157.75,1156.5,1157.5,861
2026-04-14 17:05:00+00:00,1157.5,1158.0,1157.25,1157.75,478
2026-04-14 17:10:00+00:00,1157.75,1158.25,1157.25,1157.5,808
2026-04-14 17:15:00+00:00,1157.75,1159.0,1157.5,1158.5,703
2026-04-14 17:20:00+00:00,1158.75,1159.5,1158.5,1159.25,714
2026-04-14 17:25:00+00:00,1159.25,1159.5,1158.75,1159.25,533
2026-04-14 17:30:00+00:00,1159.25,1159.5,1158.0,1158.75,855
2026-04-14 17:35:00+00:00,1159.0,1161.25,1159.0,1160.0,1367
2026-04-14 17:40:00+00:00,1160.0,1160.25,1157.25,1157.5,4186
2026-04-14 17:45:00+00:00,1157.5,1157.5,1156.0,1156.75,1938
2026-04-14 17:50:00+00:00,1156.75,1159.75,1156.75,1159.5,4568
2026-04-14 17:55:00+00:00,1159.5,1159.75,1158.75,1159.0,1571
2026-04-14 18:00:00+00:00,1159.0,1159.5,1158.5,1158.5,639
2026-04-14 18:05:00+00:00,1158.5,1158.75,1157.5,1157.75,816
2026-04-14 18:10:00+00:00,1157.75,1158.75,1157.5,1157.5,7567
2026-04-14 18:15:00+00:00,1157.75,1158.0,1156.0,1156.5,4421
2026-04-15 00:00:00+00:00,1156.75,1158.75,1156.75,1158.5,0
2026-04-15 00:05:00+00:00,1158.5,1159.5,1158.5,1159.25,2706
2026-04-15 00:10:00+00:00,1159.25,1159.5,1159.0,1159.25,43
2026-04-15 00:15:00+00:00,1159.25,1159.5,1159.0,1159.5,25
2026-04-15 00:20:00+00:00,1159.5,1159.75,1159.25,1159.5,37
2026-04-15 00:25:00+00:00,1159.5,1159.75,1159.25,1159.75,27
2026-04-15 00:30:00+00:00,1159.5,1159.5,1159.25,1159.5,13
2026-04-15 00:35:00+00:00,1159.5,1159.5,1159.5,1159.5,15
2026-04-15 00:40:00+00:00,1159.5,1159.5,1159.25,1159.25,14
2026-04-15 00:45:00+00:00,1159.25,1159.75,1159.25,1159.5,222
2026-04-15 00:50:00+00:00,1159.5,1160.0,1159.5,1160.0,797
2026-04-15 00:55:00+00:00,1159.75,1159.75,1159.5,1159.75,339
2026-04-15 01:00:00+00:00,1160.0,1160.5,1159.5,1160.25,568
2026-04-15 01:05:00+00:00,1160.25,1160.25,1159.25,1159.25,157
2026-04-15 01:10:00+00:00,1159.5,1160.0,1159.5,1160.0,11
2026-04-15 01:15:00+00:00,1159.75,1159.75,1159.5,1159.5,246
2026-04-15 01:20:00+00:00,1159.75,1160.0,1159.75,1160.0,12
2026-04-15 01:25:00+00:00,1159.75,1159.75,1159.75,1159.75,7
2026-04-15 01:30:00+00:00,1160.0,1160.0,1159.75,1160.0,14
2026-04-15 01:35:00+00:00,1160.0,1160.0,1159.75,1160.0,26
2026-04-15 01:40:00+00:00,1160.0,1160.25,1160.0,1160.25,81
2026-04-15 01:45:00+00:00,1160.0,1160.75,1160.0,1160.75,35
2026-04-15 01:50:00+00:00,1160.5,1161.5,1160.5,1161.25,92
2026-04-15 01:55:00+00:00,1161.25,1161.25,1161.25,1161.25,25
2026-04-15 02:00:00+00:00,1161.25,1161.25,1161.0,1161.25,59
2026-04-15 02:05:00+00:00,1161.25,1161.25,1161.0,1161.25,93
2026-04-15 02:10:00+00:00,1161.25,1161.5,1161.25,1161.5,41
2026-04-15 02:15:00+00:00,1161.5,1162.0,1161.5,1161.75,201
2026-04-15 02:20:00+00:00,1161.5,1161.75,1161.5,1161.75,50
2026-04-15 02:25:00+00:00,1161.75,1162.0,1161.75,1162.0,3
2026-04-15 02:30:00+00:00,1162.0,1162.25,1161.5,1161.5,40
2026-04-15 02:35:00+00:00,1161.5,1161.75,1161.5,1161.5,34
2026-04-15 02:50:00+00:00,1161.5,1161.5,1161.25,1161.25,10
2026-04-15 02:55:00+00:00,1161.5,1161.5,1161.5,1161.5,10
2026-04-15 03:00:00+00:00,1161.5,1161.5,1161.5,1161.5,2
2026-04-15 03:05:00+00:00,1161.5,1161.5,1161.0,1161.5,1048
2026-04-15 03:10:00+00:00,1161.75,1161.75,1161.25,1161.5,70
2026-04-15 03:15:00+00:00,1161.5,1161.5,1161.25,1161.25,15
2026-04-15 03:20:00+00:00,1161.25,1161.25,1161.0,1161.0,8
2026-04-15 03:25:00+00:00,1161.25,1161.25,1161.25,1161.25,3
2026-04-15 03:30:00+00:00,1161.25,1161.25,1161.25,1161.25,10
2026-04-15 03:35:00+00:00,1161.0,1161.0,1161.0,1161.0,1
2026-04-15 03:40:00+00:00,1160.75,1160.75,1160.75,1160.75,4
2026-04-15 03:45:00+00:00,1160.75,1160.75,1160.75,1160.75,1
2026-04-15 03:50:00+00:00,1161.0,1161.25,1161.0,1161.25,3
2026-04-15 03:55:00+00:00,1160.75,1161.0,1160.75,1161.0,2
2026-04-15 04:00:00+00:00,1161.0,1161.0,1161.0,1161.0,3
2026-04-15 04:05:00+00:00,1161.0,1161.0,1160.75,1160.75,518
2026-04-15 04:15:00+00:00,1161.0,1161.0,1161.0,1161.0,1
2026-04-15 04:20:00+00:00,1161.0,1161.0,1161.0,1161.0,22
2026-04-15 04:25:00+00:00,1161.0,1161.0,1161.0,1161.0,9
2026-04-15 04:35:00+00:00,1161.0,1161.0,1161.0,1161.0,1
2026-04-15 04:45:00+00:00,1161.0,1161.0,1160.75,1161.0,922
2026-04-15 04:50:00+00:00,1161.0,1161.0,1161.0,1161.0,11
2026-04-15 04:55:00+00:00,1161.0,1161.0,1161.0,1161.0,1
2026-04-15 05:00:00+00:00,1161.25,1161.25,1161.0,1161.0,11
2026-04-15 05:05:00+00:00,1161.25,1161.75,1161.25,1161.75,1025
2026-04-15 05:10:00+00:00,1161.75,1161.75,1161.5,1161.5,4
2026-04-15 05:15:00+00:00,1161.75,1161.75,1161.75,1161.75,1
2026-04-15 05:20:00+00:00,1161.75,1161.75,1161.75,1161.75,26
2026-04-15 05:25:00+00:00,1161.75,1162.25,1161.75,1162.25,52
2026-04-15 05:30:00+00:00,1162.5,1162.5,1162.25,1162.5,78
2026-04-15 05:35:00+00:00,1162.25,1162.25,1162.0,1162.25,9
2026-04-15 05:40:00+00:00,1162.0,1162.5,1162.0,1162.5,14
2026-04-15 05:45:00+00:00,1162.5,1162.75,1162.5,1162.75,27
2026-04-15 05:50:00+00:00,1162.25,1162.25,1162.25,1162.25,5
2026-04-15 05:55:00+00:00,1162.25,1162.25,1162.0,1162.0,12
2026-04-15 06:00:00+00:00,1162.25,1162.25,1162.0,1162.0,13
2026-04-15 06:05:00+00:00,1162.0,1162.0,1162.0,1162.0,19
2026-04-15 06:10:00+00:00,1161.75,1162.0,1161.5,1161.5,49
2026-04-15 06:15:00+00:00,1161.5,1161.5,1161.25,1161.5,17
2026-04-15 06:20:00+00:00,1161.75,1162.0,1161.75,1162.0,24
2026-04-15 06:25:00+00:00,1162.25,1162.5,1162.25,1162.25,169
2026-04-15 06:30:00+00:00,1162.25,1163.0,1162.25,1163.0,35
2026-04-15 06:35:00+00:00,1163.0,1163.5,1162.75,1162.75,90
2026-04-15 06:40:00+00:00,1163.0,1163.25,1162.75,1162.75,73
2026-04-15 06:45:00+00:00,1163.0,1163.5,1163.0,1163.5,126
2026-04-15 06:50:00+00:00,1163.5,1163.75,1163.5,1163.5,69
2026-04-15 06:55:00+00:00,1163.5,1163.5,1163.5,1163.5,23
2026-04-15 07:00:00+00:00,1163.5,1163.5,1163.25,1163.25,45
2026-04-15 07:05:00+00:00,1163.25,1163.5,1163.25,1163.5,25
2026-04-15 07:10:00+00:00,1163.75,1164.0,1163.75,1164.0,46
2026-04-15 07:15:00+00:00,1164.0,1164.0,1163.5,1163.75,82
2026-04-15 07:20:00+00:00,1163.5,1163.5,1163.5,1163.5,2
2026-04-15 07:25:00+00:00,1163.75,1163.75,1163.75,1163.75,1
2026-04-15 07:30:00+00:00,1163.75,1164.0,1163.5,1163.75,69
2026-04-15 07:35:00+00:00,1163.75,1164.0,1163.25,1163.25,21
2026-04-15 07:40:00+00:00,1163.5,1163.5,1163.25,1163.25,27
2026-04-15 07:45:00+00:00,1163.25,1163.25,1162.0,1162.75,957
2026-04-15 07:50:00+00:00,1162.75,1163.0,1162.75,1163.0,22
2026-04-15 07:55:00+00:00,1163.0,1163.0,1163.0,1163.0,9
2026-04-15 08:00:00+00:00,1163.25,1163.25,1163.0,1163.0,18
2026-04-15 08:05:00+00:00,1163.0,1163.5,1163.0,1163.5,32
2026-04-15 08:10:00+00:00,1163.75,1164.25,1163.75,1164.0,150
2026-04-15 08:15:00+00:00,1164.0,1164.0,1163.75,1163.75,12
2026-04-15 08:20:00+00:00,1164.0,1164.0,1163.75,1163.75,22
2026-04-15 08:25:00+00:00,1163.75,1163.75,1163.75,1163.75,2
2026-04-15 08:30:00+00:00,1163.5,1164.0,1163.5,1164.0,36
2026-04-15 08:35:00+00:00,1164.0,1164.5,1164.0,1164.25,112
2026-04-15 08:40:00+00:00,1164.25,1164.25,1163.75,1163.75,26
2026-04-15 08:45:00+00:00,1164.0,1164.0,1163.5,1163.75,590
2026-04-15 08:50:00+00:00,1163.75,1164.75,1163.75,1164.25,954
2026-04-15 08:55:00+00:00,1164.25,1164.5,1164.0,1164.25,613
2026-04-15 09:00:00+00:00,1164.25,1164.5,1163.75,1164.0,682
2026-04-15 09:05:00+00:00,1164.0,1164.0,1163.75,1164.0,24
2026-04-15 09:10:00+00:00,1164.0,1164.5,1164.0,1164.5,71
2026-04-15 09:15:00+00:00,1164.5,1165.0,1164.5,1164.75,234
2026-04-15 09:20:00+00:00,1164.75,1164.75,1164.25,1164.5,118
2026-04-15 09:25:00+00:00,1164.5,1164.5,1164.25,1164.5,21
2026-04-15 09:30:00+00:00,1164.25,1164.5,1164.25,1164.5,12
2026-04-15 09:35:00+00:00,1164.5,1165.0,1164.5,1164.75,25
2026-04-15 09:40:00+00:00,1164.75,1164.75,1164.5,1164.75,55
2026-04-15 09:45:00+00:00,1164.75,1165.0,1164.5,1164.5,39
2026-04-15 09:50:00+00:00,1164.5,1164.75,1164.25,1164.75,85
2026-04-15 09:55:00+00:00,1164.75,1164.75,1164.5,1164.5,8
2026-04-15 10:00:00+00:00,1164.75,1164.75,1164.5,1164.75,26
2026-04-15 10:05:00+00:00,1164.25,1164.25,1163.75,1164.0,63
2026-04-15 10:10:00+00:00,1164.0,1164.0,1164.0,1164.0,7
2026-04-15 10:15:00+00:00,1164.25,1164.5,1164.0,1164.25,263
2026-04-15 10:20:00+00:00,1164.25,1164.25,1163.0,1163.75,270
2026-04-15 10:25:00+00:00,1163.75,1164.0,1163.25,1163.75,61
2026-04-15 10:30:00+00:00,1163.75,1164.0,1163.75,1163.75,39
2026-04-15 10:35:00+00:00,1164.0,1164.0,1163.75,1164.0,100
2026-04-15 10:40:00+00:00,1164.0,1164.0,1163.0,1163.25,200
2026-04-15 10:45:00+00:00,1163.25,1163.25,1163.0,1163.25,48
2026-04-15 10:50:00+00:00,1163.25,1163.75,1163.25,1163.75,203
2026-04-15 10:55:00+00:00,1164.0,1164.0,1164.0,1164.0,5
2026-04-15 11:00:00+00:00,1164.0,1164.25,1163.75,1164.0,71
2026-04-15 11:05:00+00:00,1164.25,1164.5,1164.25,1164.25,130
2026-04-15 11:10:00+00:00,1164.25,1164.25,1163.5,1163.75,1718
2026-04-15 11:15:00+00:00,1163.75,1163.75,1163.25,1163.25,31
2026-04-15 11:20:00+00:00,1163.25,1163.25,1162.25,1162.25,134
2026-04-15 11:25:00+00:00,1162.25,1162.25,1162.25,1162.25,46
2026-04-15 11:30:00+00:00,1162.0,1162.5,1161.75,1162.5,19
2026-04-15 11:35:00+00:00,1162.5,1163.0,1162.25,1162.25,82
2026-04-15 11:40:00+00:00,1162.5,1163.0,1162.5,1162.75,35
2026-04-15 11:45:00+00:00,1162.75,1165.75,1162.0,1164.5,2297
2026-04-15 11:50:00+00:00,1164.0,1165.25,1164.0,1165.25,542
2026-04-15 11:55:00+00:00,1164.75,1165.75,1164.75,1165.75,431
2026-04-15 12:00:00+00:00,1165.75,1168.0,1165.5,1167.5,1320
2026-04-15 12:05:00+00:00,1167.5,1167.5,1166.5,1166.5,565
2026-04-15 12:10:00+00:00,1166.25,1167.0,1165.75,1167.0,290
2026-04-15 12:15:00+00:00,1166.75,1167.0,1166.5,1166.5,172
2026-04-15 12:20:00+00:00,1166.75,1166.75,1166.25,1166.25,133
2026-04-15 12:25:00+00:00,1166.25,1166.5,1165.75,1166.25,122
2026-04-15 12:30:00+00:00,1166.25,1167.75,1166.25,1167.75,116
2026-04-15 12:35:00+00:00,1167.5,1167.75,1166.5,1166.75,144
2026-04-15 12:40:00+00:00,1166.5,1167.25,1166.25,1166.5,788
2026-04-15 13:30:00+00:00,1165.25,1167.0,1164.5,1166.0,3398
2026-04-15 13:35:00+00:00,1166.0,1166.0,1163.75,1165.0,1149
2026-04-15 13:40:00+00:00,1165.0,1165.75,1164.75,1165.0,1224
2026-04-15 13:45:00+00:00,1165.0,1166.0,1165.0,1165.5,1247
2026-04-15 13:50:00+00:00,1165.5,1166.0,1165.0,1165.75,2262
2026-04-15 13:55:00+00:00,1165.5,1167.0,1165.25,1166.0,1407
2026-04-15 14:00:00+00:00,1166.0,1166.75,1166.0,1166.5,1377
2026-04-15 14:05:00+00:00,1166.25,1167.25,1165.75,1166.25,865
2026-04-15 14:10:00+00:00,1166.25,1166.5,1165.75,1166.0,1212
2026-04-15 14:15:00+00:00,1165.75,1166.0,1164.5,1165.25,1092
2026-04-15 14:20:00+00:00,1165.25,1165.5,1163.25,1164.5,1418
2026-04-15 14:25:00+00:00,1164.75,1164.75,1163.25,1164.5,721
2026-04-15 14:30:00+00:00,1164.25,1166.0,1164.25,1165.75,668
2026-04-15 14:35:00+00:00,1165.75,1166.75,1165.5,1166.25,1857
2026-04-15 14:40:00+00:00,1166.5,1167.0,1164.5,1164.5,588
2026-04-15 14:45:00+00:00,1164.5,1166.0,1164.5,1165.5,785
2026-04-15 14:50:00+00:00,1165.5,1166.0,1165.5,1166.0,716
2026-04-15 14:55:00+00:00,1166.0,1166.5,1166.0,1166.25,679
2026-04-15 15:00:00+00:00,1166.0,1166.0,1165.5,1166.0,519
2026-04-15 15:05:00+00:00,1165.75,1167.5,1165.5,1167.5,749
2026-04-15 15:10:00+00:00,1167.75,1168.75,1167.0,1168.0,1270
2026-04-15 15:15:00+00:00,1167.75,1168.0,1167.0,1167.25,652
2026-04-15 15:20:00+00:00,1167.25,1167.75,1166.75,1167.25,533
2026-04-15 15:25:00+00:00,1167.5,1168.0,1167.5,1168.0,551
2026-04-15 15:30:00+00:00,1168.0,1168.75,1167.5,1168.0,552
2026-04-15 15:35:00+00:00,1167.75,1168.0,1166.5,1167.25,4910
2026-04-15 15:40:00+00:00,1167.25,1167.75,1166.5,1166.75,4458
2026-04-15 15:45:00+00:00,1166.75,1167.75,1166.75,1167.5,2951
2026-04-15 15:50:00+00:00,1167.5,1168.25,1167.25,1168.0,397
2026-04-15 15:55:00+00:00,1168.0,1169.75,1168.0,1169.5,3822
2026-04-15 16:00:00+00:00,1169.75,1171.0,1167.5,1170.75,1984
2026-04-15 16:05:00+00:00,1170.75,1171.0,1169.25,1169.5,727
2026-04-15 16:10:00+00:00,1169.5,1170.0,1169.25,1169.75,435
2026-04-15 16:15:00+00:00,1169.5,1170.0,1169.0,1169.5,1145
2026-04-15 16:20:00+00:00,1169.25,1169.5,1168.5,1169.25,625
2026-04-15 16:25:00+00:00,1169.25,1170.0,1169.25,1169.5,618
2026-04-15 16:30:00+00:00,1169.75,1170.25,1169.25,1170.25,653
2026-04-15 16:35:00+00:00,1170.0,1170.25,1169.0,1169.25,624
2026-04-15 16:40:00+00:00,1169.5,1169.5,1168.5,1169.0,317
2026-04-15 16:45:00+00:00,1169.25,1170.25,1169.0,1170.25,669
2026-04-15 16:50:00+00:00,1170.25,1170.75,1169.5,1169.5,506
2026-04-15 16:55:00+00:00,1169.5,1170.0,1168.75,1170.0,458
2026-04-15 17:00:00+00:00,1169.75,1170.25,1169.25,1169.5,628
2026-04-15 17:05:00+00:00,1169.5,1169.75,1168.5,1168.75,14007
2026-04-15 17:10:00+00:00,1169.0,1169.75,1168.0,1168.25,12507
2026-04-15 17:15:00+00:00,1168.0,1168.75,1167.5,1168.75,3529
2026-04-15 17:20:00+00:00,1168.75,1169.75,1168.25,1169.75,2144
2026-04-15 17:25:00+00:00,1169.75,1169.75,1168.75,1168.75,3004
2026-04-15 17:30:00+00:00,1169.0,1169.25,1168.5,1168.75,1927
2026-04-15 17:35:00+00:00,1168.75,1169.25,1168.5,1168.75,765
2026-04-15 17:40:00+00:00,1168.5,1169.5,1168.5,1169.0,1345
2026-04-15 17:45:00+00:00,1169.0,1169.25,1168.25,1168.75,734
2026-04-15 17:50:00+00:00,1168.75,1168.75,1166.25,1166.25,1439
2026-04-15 17:55:00+00:00,1166.5,1167.25,1166.25,1166.25,1363
2026-04-15 18:00:00+00:00,1166.5,1166.75,1165.75,1166.25,1327
2026-04-15 18:05:00+00:00,1166.25,1167.75,1166.25,1167.75,986
2026-04-15 18:10:00+00:00,1167.5,1168.0,1166.5,1166.75,3321
2026-04-15 18:15:00+00:00,1166.5,1166.75,1165.0,1165.25,7355
2026-04-16 00:00:00+00:00,1165.75,1166.5,1164.0,1165.5,0
2026-04-16 00:05:00+00:00,1165.0,1165.5,1164.5,1165.0,1268
2026-04-16 00:10:00+00:00,1165.0,1165.5,1165.0,1165.5,245
2026-04-16 00:15:00+00:00,1165.75,1166.0,1165.75,1166.0,24
2026-04-16 00:20:00+00:00,1166.0,1166.25,1165.0,1165.0,344
2026-04-16 00:25:00+00:00,1165.25,1165.25,1165.0,1165.0,11
2026-04-16 00:30:00+00:00,1165.0,1165.75,1164.75,1165.25,4916
2026-04-16 00:35:00+00:00,1165.75,1166.0,1165.75,1165.75,36
2026-04-16 00:40:00+00:00,1166.25,1166.25,1165.75,1166.0,32
2026-04-16 00:45:00+00:00,1166.0,1166.0,1165.75,1165.75,21
2026-04-16 00:50:00+00:00,1165.75,1166.25,1165.75,1166.25,67
2026-04-16 00:55:00+00:00,1166.25,1166.25,1165.75,1165.75,13
2026-04-16 01:00:00+00:00,1165.5,1165.5,1165.0,1165.25,43
2026-04-16 01:05:00+00:00,1165.5,1166.0,1165.0,1165.0,67
2026-04-16 01:10:00+00:00,1164.75,1165.5,1164.75,1165.25,20
2026-04-16 01:15:00+00:00,1165.0,1165.25,1165.0,1165.25,32
2026-04-16 01:20:00+00:00,1165.25,1165.5,1165.25,1165.25,25
2026-04-16 01:25:00+00:00,1165.0,1165.5,1165.0,1165.5,8
2026-04-16 01:30:00+00:00,1165.5,1166.0,1165.5,1165.75,19
2026-04-16 01:35:00+00:00,1165.75,1166.5,1165.75,1166.25,78
2026-04-16 01:40:00+00:00,1166.0,1166.25,1165.75,1166.25,21
2026-04-16 01:45:00+00:00,1166.25,1166.5,1166.0,1166.0,17
2026-04-16 01:50:00+00:00,1166.0,1166.5,1166.0,1166.25,31
2026-04-16 01:55:00+00:00,1166.5,1167.0,1166.5,1166.5,111
2026-04-16 02:00:00+00:00,1166.5,1166.75,1166.25,1166.25,13
2026-04-16 02:05:00+00:00,1166.25,1166.25,1166.0,1166.25,14
2026-04-16 02:10:00+00:00,1166.25,1166.5,1166.0,1166.25,25
2026-04-16 02:15:00+00:00,1166.0,1166.0,1166.0,1166.0,2
2026-04-16 02:20:00+00:00,1166.0,1166.5,1166.0,1166.5,139
2026-04-16 02:25:00+00:00,1166.25,1166.75,1166.25,1166.75,15
2026-04-16 02:30:00+00:00,1166.75,1166.75,1166.5,1166.5,16
2026-04-16 02:35:00+00:00,1166.5,1166.75,1166.5,1166.75,20
2026-04-16 02:40:00+00:00,1166.5,1166.5,1166.25,1166.5,7
2026-04-16 02:45:00+00:00,1166.5,1167.0,1166.5,1166.75,42
2026-04-16 02:50:00+00:00,1166.5,1166.5,1166.5,1166.5,10
2026-04-16 02:55:00+00:00,1166.5,1166.5,1166.5,1166.5,3
2026-04-16 03:00:00+00:00,1166.5,1166.75,1166.5,1166.75,5
2026-04-16 03:05:00+00:00,1166.5,1167.25,1166.5,1167.0,113
2026-04-16 03:10:00+00:00,1167.0,1167.0,1167.0,1167.0,18
2026-04-16 03:15:00+00:00,1167.0,1167.0,1166.75,1166.75,12
2026-04-16 03:20:00+00:00,1167.0,1167.0,1166.75,1166.75,3
2026-04-16 03:25:00+00:00,1167.0,1167.0,1167.0,1167.0,1
2026-04-16 03:30:00+00:00,1167.0,1167.0,1167.0,1167.0,2
2026-04-16 03:35:00+00:00,1167.0,1167.0,1167.0,1167.0,3
2026-04-16 03:40:00+00:00,1167.25,1167.25,1167.0,1167.0,3
2026-04-16 03:45:00+00:00,1167.0,1167.0,1167.0,1167.0,2
2026-04-16 03:55:00+00:00,1167.0,1167.0,1166.75,1166.75,11
2026-04-16 04:00:00+00:00,1167.0,1167.25,1166.75,1166.75,13
2026-04-16 04:05:00+00:00,1166.75,1166.75,1166.75,1166.75,2
2026-04-16 04:20:00+00:00,1166.75,1166.75,1166.75,1166.75,2
2026-04-16 04:25:00+00:00,1166.75,1167.0,1166.75,1166.75,30
2026-04-16 04:35:00+00:00,1166.75,1167.0,1166.5,1166.5,10
2026-04-16 04:40:00+00:00,1166.75,1166.75,1166.75,1166.75,7
2026-04-16 04:45:00+00:00,1166.75,1166.75,1166.75,1166.75,2
2026-04-16 05:00:00+00:00,1166.5,1166.5,1165.25,1165.25,133
2026-04-16 05:05:00+00:00,1165.25,1165.25,1164.75,1165.0,55
2026-04-16 05:10:00+00:00,1165.0,1165.0,1165.0,1165.0,24
2026-04-16 05:15:00+00:00,1165.0,1165.0,1165.0,1165.0,12
2026-04-16 05:20:00+00:00,1165.25,1165.25,1165.25,1165.25,235
2026-04-16 05:25:00+00:00,1165.0,1165.0,1164.75,1164.75,58
2026-04-16 05:30:00+00:00,1164.75,1165.5,1164.75,1165.5,96
2026-04-16 05:35:00+00:00,1165.5,1166.0,1165.5,1166.0,858
2026-04-16 05:40:00+00:00,1166.0,1166.25,1166.0,1166.25,89
2026-04-16 05:45:00+00:00,1166.25,1166.25,1165.75,1165.75,12
2026-04-16 05:50:00+00:00,1165.5,1165.5,1165.0,1165.25,1081
2026-04-16 05:55:00+00:00,1165.25,1165.25,1165.25,1165.25,1
2026-04-16 06:00:00+00:00,1165.0,1165.25,1164.75,1165.25,20
2026-04-16 06:05:00+00:00,1165.25,1165.25,1165.25,1165.25,1
2026-04-16 06:10:00+00:00,1165.25,1166.75,1165.25,1166.75,25
2026-04-16 06:15:00+00:00,1167.0,1167.0,1166.5,1166.5,23
2026-04-16 06:20:00+00:00,1166.5,1166.75,1166.25,1166.75,9
2026-04-16 06:25:00+00:00,1166.5,1166.75,1166.5,1166.75,34
2026-04-16 06:30:00+00:00,1166.5,1166.75,1166.5,1166.75,7
2026-04-16 06:35:00+00:00,1166.75,1167.0,1166.25,1166.25,168
2026-04-16 06:40:00+00:00,1166.25,1166.5,1166.25,1166.5,16
2026-04-16 06:45:00+00:00,1166.75,1168.25,1166.75,1168.0,116
2026-04-16 06:50:00+00:00,1167.75,1167.75,1167.25,1167.25,29
2026-04-16 06:55:00+00:00,1167.5,1167.5,1167.0,1167.0,64
2026-04-16 07:00:00+00:00,1167.0,1167.75,1166.75,1167.75,59
2026-04-16 07:05:00+00:00,1167.5,1167.5,1167.5,1167.5,18
2026-04-16 07:10:00+00:00,1167.5,1167.75,1167.25,1167.75,19
2026-04-16 07:15:00+00:00,1167.5,1168.0,1167.5,1168.0,10
2026-04-16 07:20:00+00:00,1167.75,1167.75,1166.0,1166.5,982
2026-04-16 07:25:00+00:00,1166.5,1166.75,1166.25,1166.75,37
2026-04-16 07:30:00+00:00,1166.5,1184.25,1166.5,1184.25,841
2026-04-16 07:35:00+00:00,1184.5,1185.75,1184.5,1185.75,170
2026-04-16 07:40:00+00:00,1185.75,1186.0,1185.0,1185.0,63
2026-04-16 07:45:00+00:00,1185.0,1185.5,1184.5,1185.25,857
2026-04-16 07:50:00+00:00,1184.75,1185.5,1184.75,1185.5,23
2026-04-16 07:55:00+00:00,1185.0,1186.0,1185.0,1185.75,95
2026-04-16 08:00:00+00:00,1186.0,1186.0,1185.5,1185.75,76
2026-04-16 08:05:00+00:00,1186.0,1186.0,1185.5,1185.75,60
2026-04-16 08:10:00+00:00,1186.0,1186.25,1184.75,1184.75,316
2026-04-16 08:15:00+00:00,1184.75,1184.75,1184.25,1184.25,75
2026-04-16 08:20:00+00:00,1184.5,1184.5,1184.5,1184.5,45
2026-04-16 08:25:00+00:00,1184.5,1184.75,1184.5,1184.5,10
2026-04-16 08:30:00+00:00,1184.75,1184.75,1184.75,1184.75,3
2026-04-16 08:35:00+00:00,1184.75,1184.75,1184.25,1184.5,60
2026-04-16 08:40:00+00:00,1184.5,1184.5,1184.25,1184.25,50
2026-04-16 08:45:00+00:00,1184.5,1184.75,1184.5,1184.75,6
2026-04-16 08:50:00+00:00,1184.25,1184.25,1183.5,1183.5,24
2026-04-16 08:55:00+00:00,1183.25,1183.25,1183.0,1183.25,1232
2026-04-16 09:00:00+00:00,1183.25,1183.25,1181.5,1182.0,1001
2026-04-16 09:05:00+00:00,1181.5,1182.25,1181.5,1181.5,191
2026-04-16 09:10:00+00:00,1181.75,1182.25,1181.5,1182.25,283
2026-04-16 09:15:00+00:00,1182.0,1182.5,1182.0,1182.5,190
2026-04-16 09:20:00+00:00,1182.5,1183.0,1182.5,1182.5,156
2026-04-16 09:25:00+00:00,1182.25,1182.25,1182.0,1182.0,129
2026-04-16 09:30:00+00:00,1181.75,1181.75,1165.0,1165.25,3396
2026-04-16 09:35:00+00:00,1165.0,1165.5,1165.0,1165.25,119
2026-04-16 09:40:00+00:00,1165.0,1165.0,1164.25,1164.25,2568
2026-04-16 09:45:00+00:00,1164.25,1164.5,1163.75,1164.0,365
2026-04-16 09:50:00+00:00,1164.0,1164.0,1163.5,1164.0,396
2026-04-16 09:55:00+00:00,1164.25,1164.25,1163.75,1163.75,81
2026-04-16 10:00:00+00:00,1163.5,1163.5,1163.25,1163.5,144
2026-04-16 10:05:00+00:00,1163.25,1163.75,1163.25,1163.5,1121
2026-04-16 10:10:00+00:00,1163.5,1163.75,1163.25,1163.5,30
2026-04-16 10:15:00+00:00,1163.5,1163.75,1163.5,1163.75,57
2026-04-16 10:20:00+00:00,1163.75,1163.75,1163.75,1163.75,22
2026-04-16 10:25:00+00:00,1163.75,1163.75,1163.5,1163.5,59
2026-04-16 10:30:00+00:00,1163.25,1163.5,1163.0,1163.25,46
2026-04-16 10:35:00+00:00,1163.25,1163.5,1163.25,1163.25,47
2026-04-16 10:40:00+00:00,1163.25,1163.5,1163.25,1163.5,75
2026-04-16 10:45:00+00:00,1163.5,1163.75,1163.0,1163.25,16
2026-04-16 10:50:00+00:00,1163.5,1164.25,1163.5,1164.0,35
2026-04-16 10:55:00+00:00,1164.0,1164.0,1163.5,1163.5,24
2026-04-16 11:00:00+00:00,1163.25,1163.25,1162.75,1163.25,55
2026-04-16 11:05:00+00:00,1163.5,1163.75,1163.25,1163.5,35
2026-04-16 11:10:00+00:00,1163.75,1164.25,1163.5,1164.25,147
2026-04-16 11:15:00+00:00,1164.25,1164.25,1163.75,1164.0,236
2026-04-16 11:20:00+00:00,1164.0,1164.5,1164.0,1164.5,116
2026-04-16 11:25:00+00:00,1164.25,1165.0,1164.25,1165.0,83
2026-04-16 11:30:00+00:00,1164.75,1165.0,1164.75,1164.75,53
2026-04-16 11:35:00+00:00,1165.0,1166.0,1165.0,1166.0,55
2026-04-16 11:40:00+00:00,1166.0,1166.0,1165.25,1165.5,145
2026-04-16 11:45:00+00:00,1165.25,1165.75,1165.25,1165.25,104
2026-04-16 11:50:00+00:00,1165.0,1165.25,1163.75,1164.75,90
2026-04-16 11:55:00+00:00,1164.75,1165.0,1164.25,1165.0,100
2026-04-16 12:00:00+00:00,1165.0,1165.5,1164.75,1165.25,126
2026-04-16 12:05:00+00:00,1165.25,1165.25,1164.5,1164.5,77
2026-04-16 12:10:00+00:00,1164.5,1164.75,1164.25,1164.5,653
2026-04-16 12:15:00+00:00,1164.5,1164.5,1163.75,1164.25,200
2026-04-16 12:20:00+00:00,1164.25,1165.25,1164.25,1164.75,612
2026-04-16 12:25:00+00:00,1164.75,1164.75,1164.5,1164.75,388
2026-04-16 12:30:00+00:00,1164.75,1165.0,1164.25,1164.75,156
2026-04-16 12:35:00+00:00,1165.0,1165.5,1164.75,1165.5,133
2026-04-16 12:40:00+00:00,1165.5,1165.5,1165.0,1165.25,128
2026-04-16 13:30:00+00:00,1165.0,1166.0,1163.25,1165.75,2563
2026-04-16 13:35:00+00:00,1165.75,1167.25,1165.75,1167.0,3282
2026-04-16 13:40:00+00:00,1166.75,1169.5,1166.75,1168.75,3236
2026-04-16 13:45:00+00:00,1168.5,1168.5,1166.5,1168.25,1696
2026-04-16 13:50:00+00:00,1168.0,1168.5,1167.25,1168.0,880
2026-04-16 13:55:00+00:00,1168.0,1168.75,1167.5,1168.0,810
2026-04-16 14:00:00+00:00,1168.0,1169.25,1167.5,1168.75,878
2026-04-16 14:05:00+00:00,1169.0,1169.5,1168.0,1168.5,693
2026-04-16 14:10:00+00:00,1168.25,1169.25,1168.0,1169.25,735
2026-04-16 14:15:00+00:00,1169.0,1169.0,1168.0,1168.0,499
2026-04-16 14:20:00+00:00,1168.0,1168.0,1166.5,1167.5,5143
2026-04-16 14:25:00+00:00,1167.75,1169.25,1167.0,1169.0,4399
2026-04-16 14:30:00+00:00,1168.75,1169.25,1168.5,1168.75,3945
2026-04-16 14:35:00+00:00,1168.75,1169.75,1168.25,1169.25,2075
2026-04-16 14:40:00+00:00,1169.0,1170.0,1169.0,1169.5,2579
2026-04-16 14:45:00+00:00,1169.25,1170.0,1168.5,1169.25,1262
2026-04-16 14:50:00+00:00,1169.0,1169.25,1167.75,1168.75,959
2026-04-16 14:55:00+00:00,1168.5,1169.25,1168.25,1168.5,487
2026-04-16 15:00:00+00:00,1168.5,1168.5,1165.75,1165.75,4262
2026-04-16 15:05:00+00:00,1165.75,1167.0,1165.5,1166.0,1653
2026-04-16 15:10:00+00:00,1166.0,1166.0,1164.75,1165.25,539
2026-04-16 15:15:00+00:00,1165.25,1165.25,1164.25,1164.75,462
2026-04-16 15:20:00+00:00,1164.75,1165.75,1164.5,1165.5,876
2026-04-16 15:25:00+00:00,1165.5,1166.5,1165.5,1166.25,305
2026-04-16 15:30:00+00:00,1166.5,1169.0,1166.25,1168.25,1022
2026-04-16 15:35:00+00:00,1168.5,1168.5,1166.75,1167.0,1162
2026-04-16 15:40:00+00:00,1167.25,1167.5,1167.0,1167.25,295
2026-04-16 15:45:00+00:00,1167.25,1168.0,1167.25,1167.5,414
2026-04-16 15:50:00+00:00,1167.5,1168.0,1167.25,1167.75,710
2026-04-16 15:55:00+00:00,1167.5,1168.0,1167.0,1167.0,3799
2026-04-16 16:00:00+00:00,1167.0,1167.25,1166.0,1166.25,320
2026-04-16 16:05:00+00:00,1166.25,1166.75,1166.0,1166.5,206
2026-04-16 16:10:00+00:00,1166.75,1167.0,1166.5,1167.0,901
2026-04-16 16:15:00+00:00,1167.0,1167.25,1166.5,1167.0,525
2026-04-16 16:20:00+00:00,1166.75,1167.0,1165.75,1165.75,434
2026-04-16 16:25:00+00:00,1165.75,1168.0,1165.75,1167.5,1220
2026-04-16 16:30:00+00:00,1167.75,1169.25,1167.25,1168.5,1343
2026-04-16 16:35:00+00:00,1168.5,1169.0,1168.25,1168.75,183
2026-04-16 16:40:00+00:00,1168.75,1169.0,1168.0,1168.25,909
2026-04-16 16:45:00+00:00,1168.25,1168.5,1167.5,1167.5,516
2026-04-16 16:50:00+00:00,1167.75,1167.75,1167.0,1167.25,421
2026-04-16 16:55:00+00:00,1167.0,1167.5,1167.0,1167.0,494
2026-04-16 17:00:00+00:00,1167.0,1167.0,1165.0,1165.0,737
2026-04-16 17:05:00+00:00,1165.0,1166.5,1165.0,1166.5,647
2026-04-16 17:10:00+00:00,1166.5,1166.75,1166.0,1166.25,583
2026-04-16 17:15:00+00:00,1166.5,1166.5,1164.5,1164.5,533
2026-04-16 17:20:00+00:00,1164.5,1165.0,1164.25,1164.5,490
2026-04-16 17:25:00+00:00,1164.25,1164.75,1163.75,1164.0,572
2026-04-16 17:30:00+00:00,1163.75,1164.0,1162.75,1163.0,600
2026-04-16 17:35:00+00:00,1163.25,1163.25,1162.5,1162.75,989
2026-04-16 17:40:00+00:00,1162.5,1163.25,1162.25,1163.25,3378
2026-04-16 17:45:00+00:00,1163.0,1163.25,1162.75,1163.25,170
2026-04-16 17:50:00+00:00,1163.25,1164.0,1163.25,1163.75,309
2026-04-16 17:55:00+00:00,1164.0,1164.0,1162.5,1162.75,668
2026-04-16 18:00:00+00:00,1162.75,1163.75,1162.5,1163.5,736
2026-04-16 18:05:00+00:00,1163.75,1163.75,1163.0,1163.25,1446
2026-04-16 18:10:00+00:00,1163.0,1165.0,1163.0,1163.5,3859
2026-04-16 18:15:00+00:00,1163.5,1163.75,1162.25,1162.5,2233
2026-04-17 00:00:00+00:00,1162.75,1163.5,1161.0,1163.0,0
2026-04-17 00:05:00+00:00,1163.0,1164.0,1163.0,1164.0,117
2026-04-17 00:10:00+00:00,1164.0,1164.0,1163.5,1164.0,33
2026-04-17 00:15:00+00:00,1164.0,1164.25,1164.0,1164.25,13
2026-04-17 00:20:00+00:00,1164.5,1164.75,1164.25,1164.75,149
2026-04-17 00:25:00+00:00,1164.75,1164.75,1164.25,1164.25,16
2026-04-17 00:30:00+00:00,1164.5,1164.75,1164.5,1164.75,26
2026-04-17 00:35:00+00:00,1164.75,1164.75,1164.5,1164.75,18
2026-04-17 00:40:00+00:00,1164.75,1164.75,1164.5,1164.5,5
2026-04-17 00:45:00+00:00,1164.5,1164.5,1164.25,1164.25,10
2026-04-17 00:50:00+00:00,1164.5,1164.5,1164.25,1164.25,10
2026-04-17 00:55:00+00:00,1164.5,1164.5,1164.5,1164.5,4
2026-04-17 01:00:00+00:00,1164.75,1165.5,1164.0,1164.25,118
2026-04-17 01:05:00+00:00,1164.25,1164.25,1163.25,1163.5,24
2026-04-17 01:10:00+00:00,1163.25,1163.25,1163.0,1163.25,31
2026-04-17 01:15:00+00:00,1163.5,1164.0,1163.0,1163.75,167
2026-04-17 01:20:00+00:00,1163.75,1164.25,1163.75,1164.0,519
2026-04-17 01:25:00+00:00,1164.25,1164.25,1163.75,1163.75,162
2026-04-17 01:30:00+00:00,1164.0,1164.25,1163.25,1163.25,48
2026-04-17 01:35:00+00:00,1163.5,1163.75,1163.25,1163.75,35
2026-04-17 01:40:00+00:00,1163.5,1163.75,1163.25,1163.25,54
2026-04-17 01:45:00+00:00,1163.5,1164.25,1163.5,1164.25,18
2026-04-17 01:50:00+00:00,1164.25,1165.75,1164.25,1165.25,659
2026-04-17 01:55:00+00:00,1165.25,1165.25,1164.25,1164.5,433
2026-04-17 02:00:00+00:00,1164.25,1165.0,1163.75,1163.75,347
2026-04-17 02:05:00+00:00,1163.75,1163.75,1163.5,1163.5,6
2026-04-17 02:10:00+00:00,1163.25,1163.25,1163.0,1163.0,8
2026-04-17 02:15:00+00:00,1163.0,1163.0,1163.0,1163.0,18
2026-04-17 02:20:00+00:00,1162.75,1162.75,1162.5,1162.5,6
2026-04-17 02:25:00+00:00,1162.5,1162.75,1162.5,1162.75,98
2026-04-17 02:30:00+00:00,1162.75,1162.75,1162.5,1162.75,34
2026-04-17 02:35:00+00:00,1162.75,1163.0,1162.75,1163.0,36
2026-04-17 02:40:00+00:00,1163.0,1163.5,1162.5,1162.5,542
2026-04-17 02:45:00+00:00,1162.5,1163.25,1162.5,1163.25,153
2026-04-17 02:50:00+00:00,1163.25,1163.25,1163.0,1163.0,485
2026-04-17 02:55:00+00:00,1163.25,1163.75,1163.0,1163.0,205
2026-04-17 03:00:00+00:00,1162.75,1162.75,1162.5,1162.5,14
2026-04-17 03:05:00+00:00,1162.75,1163.0,1162.5,1163.0,3
2026-04-17 03:10:00+00:00,1163.25,1163.25,1163.25,1163.25,9
2026-04-17 03:15:00+00:00,1163.25,1163.5,1163.25,1163.5,2
2026-04-17 03:20:00+00:00,1163.25,1163.25,1163.0,1163.0,9
2026-04-17 03:25:00+00:00,1163.0,1163.5,1163.0,1163.5,11
2026-04-17 03:30:00+00:00,1163.5,1163.5,1163.5,1163.5,3
2026-04-17 03:35:00+00:00,1163.25,1163.25,1163.25,1163.25,4
2026-04-17 03:45:00+00:00,1163.25,1163.25,1163.25,1163.25,24
2026-04-17 03:50:00+00:00,1163.0,1163.0,1163.0,1163.0,6
2026-04-17 03:55:00+00:00,1162.75,1163.0,1162.75,1163.0,5
2026-04-17 04:00:00+00:00,1163.0,1163.0,1163.0,1163.0,57
2026-04-17 04:10:00+00:00,1163.25,1163.25,1163.25,1163.25,15
2026-04-17 04:15:00+00:00,1163.0,1163.25,1163.0,1163.25,61
2026-04-17 04:25:00+00:00,1163.25,1163.25,1163.25,1163.25,3
2026-04-17 04:30:00+00:00,1163.25,1163.25,1163.0,1163.0,15
2026-04-17 04:45:00+00:00,1162.75,1162.75,1162.75,1162.75,4
2026-04-17 04:50:00+00:00,1162.75,1162.75,1162.75,1162.75,1
2026-04-17 05:00:00+00:00,1162.5,1162.5,1162.5,1162.5,2
2026-04-17 05:05:00+00:00,1162.75,1163.0,1162.75,1162.75,12
2026-04-17 05:10:00+00:00,1163.0,1163.0,1162.75,1163.0,19
2026-04-17 05:15:00+00:00,1163.0,1163.0,1162.75,1162.75,2
2026-04-17 05:20:00+00:00,1162.75,1162.75,1162.75,1162.75,6
2026-04-17 05:25:00+00:00,1162.5,1162.5,1162.5,1162.5,3
2026-04-17 05:30:00+00:00,1162.5,1162.5,1161.25,1162.25,224
2026-04-17 05:35:00+00:00,1162.0,1162.0,1162.0,1162.0,7
2026-04-17 05:40:00+00:00,1162.0,1162.25,1162.0,1162.0,19
2026-04-17 05:45:00+00:00,1162.0,1162.5,1162.0,1162.5,25
2026-04-17 05:50:00+00:00,1162.75,1162.75,1162.5,1162.75,32
2026-04-17 05:55:00+00:00,1162.75,1162.75,1162.5,1162.75,6
2026-04-17 06:00:00+00:00,1163.0,1163.0,1162.75,1163.0,24
2026-04-17 06:05:00+00:00,1163.0,1163.0,1162.5,1162.75,87
2026-04-17 06:10:00+00:00,1162.75,1162.75,1162.25,1162.25,28
2026-04-17 06:15:00+00:00,1162.5,1162.5,1162.25,1162.25,5
2026-04-17 06:20:00+00:00,1162.5,1162.5,1162.25,1162.25,48
2026-04-17 06:25:00+00:00,1162.25,1162.5,1162.25,1162.5,15
2026-04-17 06:30:00+00:00,1162.25,1162.5,1162.25,1162.25,30
2026-04-17 06:35:00+00:00,1162.5,1163.0,1162.0,1162.25,365
2026-04-17 06:40:00+00:00,1162.25,1162.5,1162.25,1162.25,25
2026-04-17 06:45:00+00:00,1162.5,1163.0,1162.5,1163.0,61
2026-04-17 06:50:00+00:00,1163.0,1163.0,1162.5,1162.5,14
2026-04-17 06:55:00+00:00,1162.5,1162.75,1162.25,1162.25,27
2026-04-17 07:00:00+00:00,1162.25,1162.25,1161.5,1161.75,73
2026-04-17 07:05:00+00:00,1161.75,1162.25,1161.75,1162.0,60
2026-04-17 07:10:00+00:00,1162.25,1162.5,1162.0,1162.25,14
2026-04-17 07:15:00+00:00,1162.25,1162.25,1162.0,1162.25,15
2026-04-17 07:20:00+00:00,1162.25,1162.25,1162.0,1162.0,8
2026-04-17 07:25:00+00:00,1162.0,1162.25,1161.75,1161.75,1254
2026-04-17 07:30:00+00:00,1161.75,1162.25,1161.5,1161.75,96
2026-04-17 07:35:00+00:00,1161.75,1162.75,1161.75,1162.75,41
2026-04-17 07:40:00+00:00,1162.5,1163.0,1162.5,1162.75,65
2026-04-17 07:45:00+00:00,1162.75,1163.0,1162.25,1162.5,83
2026-04-17 07:50:00+00:00,1162.5,1162.75,1162.5,1162.75,68
2026-04-17 07:55:00+00:00,1162.75,1162.75,1162.25,1162.25,904
2026-04-17 08:00:00+00:00,1162.25,1162.5,1162.0,1162.0,22
2026-04-17 08:05:00+00:00,1162.25,1162.25,1162.0,1162.0,19
2026-04-17 08:10:00+00:00,1162.0,1162.5,1162.0,1162.5,11
2026-04-17 08:15:00+00:00,1162.5,1162.5,1162.5,1162.5,19
2026-04-17 08:20:00+00:00,1162.5,1162.75,1162.5,1162.5,15
2026-04-17 08:25:00+00:00,1162.75,1162.75,1162.25,1162.5,8
2026-04-17 08:30:00+00:00,1162.5,1163.0,1162.5,1163.0,35
2026-04-17 08:35:00+00:00,1163.0,1163.0,1162.0,1162.25,31
2026-04-17 08:40:00+00:00,1162.25,1162.25,1161.5,1161.75,728
2026-04-17 08:45:00+00:00,1161.75,1162.0,1161.75,1161.75,22
2026-04-17 08:50:00+00:00,1161.75,1162.0,1161.75,1162.0,79
2026-04-17 08:55:00+00:00,1161.75,1161.75,1161.75,1161.75,23
2026-04-17 09:00:00+00:00,1161.75,1161.75,1161.25,1161.25,73
2026-04-17 09:05:00+00:00,1161.25,1161.5,1161.25,1161.5,19
2026-04-17 09:10:00+00:00,1161.5,1161.5,1161.5,1161.5,10
2026-04-17 09:15:00+00:00,1161.5,1161.75,1160.75,1160.75,112
2026-04-17 09:20:00+00:00,1160.75,1161.0,1160.5,1161.0,195
2026-04-17 09:25:00+00:00,1160.75,1160.75,1160.25,1160.25,101
2026-04-17 09:30:00+00:00,1160.25,1160.25,1159.75,1159.75,224
2026-04-17 09:35:00+00:00,1159.75,1160.25,1159.5,1159.75,1916
2026-04-17 09:40:00+00:00,1159.75,1159.75,1159.25,1159.5,297
2026-04-17 09:45:00+00:00,1160.0,1160.25,1159.75,1159.75,72
2026-04-17 09:50:00+00:00,1159.75,1159.75,1159.5,1159.5,24
2026-04-17 09:55:00+00:00,1159.75,1159.75,1159.5,1159.75,74
2026-04-17 10:00:00+00:00,1159.75,1160.0,1159.75,1160.0,85
2026-04-17 10:05:00+00:00,1160.0,1160.25,1160.0,1160.25,65
2026-04-17 10:10:00+00:00,1160.25,1160.5,1160.25,1160.5,101
2026-04-17 10:15:00+00:00,1160.75,1160.75,1160.0,1160.5,350
2026-04-17 10:20:00+00:00,1160.5,1160.75,1160.5,1160.5,22
2026-04-17 10:25:00+00:00,1160.25,1160.5,1160.25,1160.5,43
2026-04-17 10:30:00+00:00,1160.5,1160.75,1160.5,1160.75,47
2026-04-17 10:35:00+00:00,1160.75,1160.75,1160.5,1160.5,6
2026-04-17 10:40:00+00:00,1160.75,1160.75,1160.75,1160.75,39
2026-04-17 10:45:00+00:00,1161.0,1161.0,1161.0,1161.0,18
2026-04-17 10:50:00+00:00,1161.25,1161.25,1161.0,1161.25,27
2026-04-17 10:55:00+00:00,1161.0,1161.0,1160.75,1160.75,18
2026-04-17 11:00:00+00:00,1160.75,1161.0,1160.5,1160.75,132
2026-04-17 11:05:00+00:00,1160.75,1160.75,1160.75,1160.75,22
2026-04-17 11:10:00+00:00,1161.0,1161.25,1161.0,1161.0,30
2026-04-17 11:15:00+00:00,1161.0,1161.0,1160.75,1160.75,32
2026-04-17 11:20:00+00:00,1161.0,1161.25,1160.75,1161.0,102
2026-04-17 11:25:00+00:00,1161.0,1161.0,1160.75,1161.0,57
2026-04-17 11:30:00+00:00,1160.75,1160.75,1160.75,1160.75,24
2026-04-17 11:35:00+00:00,1160.75,1161.5,1160.75,1161.25,47
2026-04-17 11:40:00+00:00,1161.25,1161.5,1161.0,1161.25,66
2026-04-17 11:45:00+00:00,1161.25,1161.25,1158.5,1158.75,439
2026-04-17 11:50:00+00:00,1158.75,1159.0,1158.75,1159.0,110
2026-04-17 11:55:00+00:00,1159.0,1159.25,1158.75,1159.25,21
2026-04-17 12:00:00+00:00,1159.25,1160.0,1159.25,1159.75,72
2026-04-17 12:05:00+00:00,1159.75,1160.0,1159.5,1159.5,81
2026-04-17 12:10:00+00:00,1159.5,1159.75,1159.25,1159.5,81
2026-04-17 12:15:00+00:00,1159.75,1159.75,1159.25,1159.5,47
2026-04-17 12:20:00+00:00,1159.25,1159.5,1158.75,1158.75,120
2026-04-17 12:25:00+00:00,1158.5,1158.75,1157.75,1158.5,336
2026-04-17 12:30:00+00:00,1158.5,1158.75,1158.25,1158.75,52
2026-04-17 12:35:00+00:00,1158.5,1158.75,1157.75,1158.0,349
2026-04-17 12:40:00+00:00,1158.25,1158.75,1158.0,1158.5,236
2026-04-17 13:30:00+00:00,1157.75,1158.0,1152.25,1156.5,8604
2026-04-17 13:35:00+00:00,1156.75,1157.0,1154.0,1154.25,6384
2026-04-17 13:40:00+00:00,1154.0,1155.0,1152.5,1153.0,2181
2026-04-17 13:45:00+00:00,1153.0,1155.0,1151.5,1154.5,3380
2026-04-17 13:50:00+00:00,1154.25,1156.0,1153.5,1155.0,1446
2026-04-17 13:55:00+00:00,1155.0,1156.5,1154.75,1155.75,1421
2026-04-17 14:00:00+00:00,1155.75,1157.75,1155.75,1156.5,1037
2026-04-17 14:05:00+00:00,1156.5,1157.0,1156.0,1156.5,511
2026-04-17 14:10:00+00:00,1156.25,1158.5,1156.25,1157.5,648
2026-04-17 14:15:00+00:00,1157.5,1157.5,1156.5,1156.5,618
2026-04-17 14:20:00+00:00,1156.5,1157.5,1156.0,1156.75,775
2026-04-17 14:25:00+00:00,1157.0,1158.5,1157.0,1158.0,968
2026-04-17 14:30:00+00:00,1158.0,1158.75,1157.25,1157.5,601
2026-04-17 14:35:00+00:00,1157.25,1158.25,1157.0,1157.5,554
2026-04-17 14:40:00+00:00,1157.5,1159.75,1156.5,1159.75,16509
2026-04-17 14:45:00+00:00,1159.75,1160.5,1159.25,1160.25,2510
2026-04-17 14:50:00+00:00,1160.25,1160.25,1159.25,1159.25,752
2026-04-17 14:55:00+00:00,1159.25,1160.75,1159.25,1160.5,813
2026-04-17 15:00:00+00:00,1160.5,1162.0,1160.25,1160.75,1140
2026-04-17 15:05:00+00:00,1160.5,1160.75,1159.75,1160.0,455
2026-04-17 15:10:00+00:00,1160.0,1162.0,1160.0,1161.5,486
2026-04-17 15:15:00+00:00,1161.25,1162.0,1161.0,1161.75,2030
2026-04-17 15:20:00+00:00,1161.75,1163.25,1161.75,1163.0,672
2026-04-17 15:25:00+00:00,1162.75,1163.0,1162.0,1162.75,483
2026-04-17 15:30:00+00:00,1162.5,1163.0,1162.25,1162.75,843
2026-04-17 15:35:00+00:00,1163.0,1163.25,1162.5,1162.5,826
2026-04-17 15:40:00+00:00,1162.5,1163.25,1161.25,1162.25,1113
2026-04-17 15:45:00+00:00,1162.25,1162.5,1161.25,1162.0,1077
2026-04-17 15:50:00+00:00,1161.75,1162.75,1161.75,1162.0,400
2026-04-17 15:55:00+00:00,1162.0,1162.75,1161.75,1162.25,211
2026-04-17 16:00:00+00:00,1162.25,1162.5,1161.0,1161.5,569
2026-04-17 16:05:00+00:00,1161.5,1161.5,1160.75,1161.0,258
2026-04-17 16:10:00+00:00,1161.25,1161.75,1161.0,1161.75,1563
2026-04-17 16:15:00+00:00,1161.75,1162.25,1161.25,1161.5,157
2026-04-17 16:20:00+00:00,1161.5,1161.5,1160.25,1161.0,248
2026-04-17 16:25:00+00:00,1161.0,1161.75,1160.75,1161.5,298
2026-04-17 16:30:00+00:00,1161.5,1161.5,1160.5,1160.75,274
2026-04-17 16:35:00+00:00,1161.0,1161.5,1161.0,1161.5,243
2026-04-17 16:40:00+00:00,1161.75,1177.75,1161.5,1177.25,3386
2026-04-17 16:45:00+00:00,1177.25,1177.75,1177.0,1177.5,212
2026-04-17 16:50:00+00:00,1177.25,1177.5,1176.75,1177.25,245
2026-04-17 16:55:00+00:00,1177.5,1179.75,1177.5,1179.25,418
2026-04-17 17:00:00+00:00,1179.5,1180.25,1179.25,1180.25,769
2026-04-17 17:05:00+00:00,1180.25,1182.25,1179.5,1181.5,1016
2026-04-17 17:10:00+00:00,1181.5,1182.75,1181.5,1182.0,1055
2026-04-17 17:15:00+00:00,1182.0,1182.5,1182.0,1182.0,1558
2026-04-17 17:20:00+00:00,1182.0,1183.5,1181.75,1183.0,1062
2026-04-17 17:25:00+00:00,1182.75,1183.25,1182.25,1182.75,591
2026-04-17 17:30:00+00:00,1183.0,1183.25,1182.5,1182.75,530
2026-04-17 17:35:00+00:00,1182.75,1183.0,1182.0,1182.0,434
2026-04-17 17:40:00+00:00,1182.0,1182.75,1182.0,1182.5,336
2026-04-17 17:45:00+00:00,1182.5,1183.0,1182.5,1182.75,691
2026-04-17 17:50:00+00:00,1182.75,1182.75,1181.5,1182.5,633
2026-04-17 17:55:00+00:00,1182.5,1182.75,1181.25,1181.5,314
2026-04-17 18:00:00+00:00,1181.25,1182.0,1181.0,1182.0,1056
2026-04-17 18:05:00+00:00,1182.0,1183.25,1181.75,1182.75,1253
2026-04-17 18:10:00+00:00,1183.0,1183.25,1182.5,1183.0,3273
2026-04-17 18:15:00+00:00,1183.0,1183.0,1181.25,1183.0,4469
2026-04-20 00:00:00+00:00,1183.25,1187.25,1183.0,1184.5,1037
2026-04-20 00:05:00+00:00,1184.25,1185.0,1183.75,1184.5,154
2026-04-20 00:10:00+00:00,1184.5,1184.75,1182.0,1183.0,170
2026-04-20 00:15:00+00:00,1183.0,1183.0,1182.0,1182.75,71
2026-04-20 00:20:00+00:00,1182.5,1182.75,1182.25,1182.5,22
2026-04-20 00:25:00+00:00,1182.5,1182.5,1182.25,1182.5,15
2026-04-20 00:30:00+00:00,1182.5,1182.75,1182.25,1182.25,14
2026-04-20 00:35:00+00:00,1182.5,1182.5,1182.5,1182.5,2
2026-04-20 00:40:00+00:00,1182.75,1183.0,1182.75,1183.0,39
2026-04-20 00:45:00+00:00,1183.0,1183.0,1182.5,1182.5,32
2026-04-20 00:50:00+00:00,1182.5,1182.75,1182.25,1182.5,112
2026-04-20 00:55:00+00:00,1182.25,1182.5,1181.75,1181.75,59
2026-04-20 01:00:00+00:00,1181.5,1182.0,1181.0,1181.5,152
2026-04-20 01:05:00+00:00,1181.5,1181.5,1180.75,1181.5,54
2026-04-20 01:10:00+00:00,1181.25,1182.25,1181.25,1182.25,37
2026-04-20 01:15:00+00:00,1182.25,1182.25,1181.75,1182.0,31
2026-04-20 01:20:00+00:00,1182.0,1182.75,1182.0,1182.5,18
2026-04-20 01:25:00+00:00,1182.5,1183.25,1182.5,1182.75,100
2026-04-20 01:30:00+00:00,1182.5,1182.75,1182.25,1182.5,33
2026-04-20 01:35:00+00:00,1182.25,1182.25,1180.25,1180.25,45
2026-04-20 01:40:00+00:00,1180.0,1180.75,1180.0,1180.75,50
2026-04-20 01:45:00+00:00,1181.0,1181.75,1181.0,1181.5,10
2026-04-20 01:50:00+00:00,1181.25,1181.25,1180.25,1180.25,8
2026-04-20 01:55:00+00:00,1180.5,1181.0,1180.25,1180.75,66
2026-04-20 02:00:00+00:00,1181.0,1181.5,1180.75,1181.5,18
2026-04-20 02:05:00+00:00,1181.25,1182.0,1181.25,1182.0,28
2026-04-20 02:10:00+00:00,1182.0,1182.0,1181.75,1181.75,7
2026-04-20 02:15:00+00:00,1181.75,1182.0,1181.5,1181.75,43
2026-04-20 02:20:00+00:00,1181.75,1182.5,1181.75,1182.0,62
2026-04-20 02:25:00+00:00,1182.0,1182.25,1182.0,1182.0,14
2026-04-20 02:30:00+00:00,1182.0,1182.25,1181.5,1181.5,101
2026-04-20 02:35:00+00:00,1181.5,1181.5,1181.25,1181.25,11
2026-04-20 02:40:00+00:00,1181.75,1181.75,1181.5,1181.75,9
2026-04-20 02:45:00+00:00,1181.5,1182.0,1181.5,1182.0,25
2026-04-20 09:30:00+00:00,1167.25,1167.25,1167.25,1167.25,6056
2026-04-20 09:35:00+00:00,1166.5,1167.0,1166.5,1167.0,26
2026-04-20 09:40:00+00:00,1166.75,1167.5,1166.75,1167.25,72
2026-04-20 09:45:00+00:00,1167.25,1167.25,1167.0,1167.0,35
2026-04-20 09:50:00+00:00,1167.0,1167.25,1166.75,1167.0,25
2026-04-20 09:55:00+00:00,1167.25,1167.75,1167.0,1167.75,87
2026-04-20 10:00:00+00:00,1168.0,1168.0,1167.75,1167.75,171
2026-04-20 10:05:00+00:00,1167.75,1168.0,1167.25,1167.25,31
2026-04-20 10:10:00+00:00,1167.25,1167.5,1166.5,1167.25,253
2026-04-20 10:15:00+00:00,1167.25,1167.25,1166.5,1166.75,28
2026-04-20 10:20:00+00:00,1166.75,1167.0,1166.75,1167.0,19
2026-04-20 10:25:00+00:00,1167.25,1167.25,1167.0,1167.0,17
2026-04-20 10:30:00+00:00,1167.0,1167.25,1167.0,1167.25,5
2026-04-20 10:35:00+00:00,1167.0,1167.5,1167.0,1167.5,46
2026-04-20 10:40:00+00:00,1167.5,1168.25,1167.5,1168.0,41
2026-04-20 10:45:00+00:00,1168.0,1168.0,1168.0,1168.0,6
2026-04-20 10:55:00+00:00,1167.25,1168.0,1167.25,1167.75,60
2026-04-20 11:00:00+00:00,1167.75,1167.75,1167.75,1167.75,82
2026-04-20 11:05:00+00:00,1167.75,1167.75,1167.25,1167.25,49
2026-04-20 11:10:00+00:00,1167.25,1167.25,1167.25,1167.25,11
2026-04-20 11:15:00+00:00,1167.5,1167.5,1167.25,1167.5,19
2026-04-20 11:20:00+00:00,1167.5,1167.5,1167.25,1167.25,116
2026-04-20 11:25:00+00:00,1167.25,1167.75,1167.25,1167.5,949
2026-04-20 11:30:00+00:00,1167.75,1167.75,1165.5,1166.0,276
2026-04-20 11:35:00+00:00,1166.0,1166.5,1166.0,1166.5,100
2026-04-20 11:50:00+00:00,1167.25,1167.25,1166.25,1166.5,89
2026-04-20 11:55:00+00:00,1166.75,1166.75,1166.25,1166.25,45
2026-04-20 12:00:00+00:00,1166.5,1166.5,1165.5,1166.25,175
2026-04-20 12:05:00+00:00,1166.25,1166.5,1165.5,1165.5,56
2026-04-20 12:10:00+00:00,1165.5,1165.5,1165.0,1165.25,60
2026-04-20 12:15:00+00:00,1165.5,1165.5,1165.0,1165.0,75
2026-04-20 12:20:00+00:00,1165.0,1165.0,1164.25,1164.25,124
2026-04-20 12:25:00+00:00,1164.0,1164.5,1164.0,1164.5,46
2026-04-20 12:30:00+00:00,1164.25,1165.5,1164.25,1165.25,202
2026-04-20 12:35:00+00:00,1165.0,1165.25,1164.75,1165.25,194
2026-04-20 12:40:00+00:00,1165.25,1165.75,1164.75,1165.5,359
2026-04-20 13:30:00+00:00,1164.5,1165.5,1161.25,1162.0,2262
2026-04-20 13:35:00+00:00,1162.25,1164.0,1161.75,1163.75,1063
2026-04-20 13:40:00+00:00,1163.5,1164.75,1163.5,1164.0,4152
2026-04-20 13:45:00+00:00,1164.0,1164.75,1163.5,1164.0,715
2026-04-20 13:50:00+00:00,1164.0,1165.0,1163.75,1164.0,652
2026-04-20 13:55:00+00:00,1164.0,1164.0,1163.0,1163.5,661
2026-04-20 14:00:00+00:00,1163.5,1163.5,1162.25,1162.75,4775
2026-04-20 14:05:00+00:00,1162.5,1163.5,1162.25,1162.25,542
2026-04-20 14:10:00+00:00,1162.25,1163.0,1161.0,1161.25,595
2026-04-20 14:15:00+00:00,1161.5,1162.5,1161.0,1161.75,2536
2026-04-20 14:20:00+00:00,1161.75,1163.25,1161.25,1162.75,827
2026-04-20 14:25:00+00:00,1162.75,1164.25,1162.75,1163.75,541
2026-04-20 14:30:00+00:00,1163.5,1163.75,1162.0,1163.0,441
2026-04-20 14:35:00+00:00,1162.75,1164.0,1162.75,1163.75,640
2026-04-20 14:40:00+00:00,1163.75,1164.75,1163.25,1163.75,560
2026-04-20 14:45:00+00:00,1163.75,1164.75,1163.5,1164.0,2056
2026-04-20 14:50:00+00:00,1164.0,1166.0,1164.0,1165.25,1242
2026-04-20 14:55:00+00:00,1165.25,1165.25,1164.25,1164.25,449
2026-04-20 15:00:00+00:00,1164.5,1166.0,1164.0,1165.5,827
2026-04-20 15:05:00+00:00,1165.25,1166.25,1165.25,1165.25,793
2026-04-20 15:10:00+00:00,1165.5,1165.75,1165.0,1165.0,635
2026-04-20 15:15:00+00:00,1165.25,1165.25,1164.5,1164.75,300
2026-04-20 15:20:00+00:00,1165.0,1165.0,1163.0,1163.5,600
2026-04-20 15:25:00+00:00,1163.75,1165.75,1163.75,1165.0,302
2026-04-20 15:30:00+00:00,1165.0,1182.0,1165.0,1182.0,1453
2026-04-20 15:35:00+00:00,1182.25,1182.5,1182.0,1182.25,1202
2026-04-20 15:40:00+00:00,1182.25,1182.5,1181.5,1181.75,462
2026-04-20 15:45:00+00:00,1181.75,1182.25,1181.5,1182.25,282
2026-04-20 15:50:00+00:00,1182.25,1182.5,1182.0,1182.5,213
2026-04-20 15:55:00+00:00,1182.5,1182.75,1182.0,1182.25,264
2026-04-20 16:00:00+00:00,1182.5,1182.5,1181.75,1181.75,685
2026-04-20 16:05:00+00:00,1181.5,1182.5,1181.5,1182.5,1526
2026-04-20 16:10:00+00:00,1182.75,1183.0,1182.5,1182.75,257
2026-04-20 16:15:00+00:00,1183.0,1183.75,1183.0,1183.0,339
2026-04-20 16:20:00+00:00,1183.0,1183.75,1183.0,1183.5,211
2026-04-20 16:25:00+00:00,1183.5,1183.75,1183.25,1183.5,1355
2026-04-20 16:30:00+00:00,1183.75,1184.25,1183.75,1184.25,369
2026-04-20 16:35:00+00:00,1184.0,1184.5,1184.0,1184.0,170
2026-04-20 16:40:00+00:00,1184.0,1184.0,1183.0,1183.25,798
2026-04-20 16:45:00+00:00,1183.25,1184.0,1183.25,1183.75,343
2026-04-20 16:50:00+00:00,1183.75,1184.0,1183.25,1184.0,426
2026-04-20 16:55:00+00:00,1184.0,1184.0,1183.25,1183.75,214
2026-04-20 17:00:00+00:00,1183.5,1183.75,1182.75,1183.75,746
2026-04-20 17:05:00+00:00,1183.75,1184.0,1183.25,1183.5,444
2026-04-20 17:10:00+00:00,1183.75,1184.0,1183.5,1183.75,627
2026-04-20 17:15:00+00:00,1183.75,1184.25,1183.5,1183.75,659
2026-04-20 17:20:00+00:00,1183.75,1183.75,1183.25,1183.75,274
2026-04-20 17:25:00+00:00,1183.5,1183.75,1183.5,1183.5,224
2026-04-20 17:30:00+00:00,1183.25,1183.5,1182.5,1182.75,401
2026-04-20 17:35:00+00:00,1183.0,1183.0,1181.75,1182.5,669
2026-04-20 17:40:00+00:00,1182.25,1182.5,1181.25,1181.75,267
2026-04-20 17:45:00+00:00,1181.75,1181.75,1181.25,1181.5,377
2026-04-20 17:50:00+00:00,1181.25,1181.5,1181.0,1181.25,324
2026-04-20 17:55:00+00:00,1181.25,1183.0,1181.25,1182.75,568
2026-04-20 18:00:00+00:00,1183.0,1183.0,1181.75,1182.0,373
2026-04-20 18:05:00+00:00,1182.25,1182.25,1181.0,1181.5,474
2026-04-20 18:10:00+00:00,1181.5,1182.25,1181.25,1182.0,2840
2026-04-20 18:15:00+00:00,1182.0,1182.25,1180.5,1180.75,1509
2026-04-21 00:00:00+00:00,1181.0,1182.5,1180.75,1181.5,0
2026-04-21 00:05:00+00:00,1181.5,1183.25,1181.5,1183.0,53
2026-04-21 00:10:00+00:00,1182.75,1183.0,1182.25,1182.5,41
2026-04-21 00:15:00+00:00,1182.5,1182.5,1181.75,1181.75,49
2026-04-21 00:20:00+00:00,1181.75,1181.75,1181.25,1181.5,15
2026-04-21 00:25:00+00:00,1181.75,1182.0,1181.75,1182.0,18
2026-04-21 00:30:00+00:00,1182.0,1182.0,1181.75,1182.0,6
2026-04-21 00:35:00+00:00,1182.0,1182.5,1182.0,1182.25,11
2026-04-21 00:40:00+00:00,1182.25,1182.25,1182.25,1182.25,5
2026-04-21 00:45:00+00:00,1181.75,1181.75,1181.5,1181.75,55
2026-04-21 00:50:00+00:00,1181.75,1182.5,1181.75,1182.5,21
2026-04-21 00:55:00+00:00,1182.5,1182.5,1182.25,1182.5,5
2026-04-21 01:00:00+00:00,1182.75,1183.5,1182.25,1183.0,148
2026-04-21 01:05:00+00:00,1182.5,1183.25,1182.5,1182.75,84
2026-04-21 01:10:00+00:00,1183.0,1184.25,1183.0,1184.0,136
2026-04-21 01:15:00+00:00,1184.0,1184.25,1184.0,1184.25,85
2026-04-21 01:20:00+00:00,1183.75,1184.0,1183.75,1184.0,20
2026-04-21 01:25:00+00:00,1184.0,1184.25,1183.75,1183.75,42
2026-04-21 01:30:00+00:00,1183.75,1185.0,1183.75,1184.75,134
2026-04-21 01:35:00+00:00,1184.5,1184.5,1184.0,1184.0,43
2026-04-21 01:40:00+00:00,1183.5,1183.5,1183.0,1183.25,676
2026-04-21 01:45:00+00:00,1183.25,1183.75,1183.25,1183.75,13
2026-04-21 01:50:00+00:00,1183.5,1184.0,1183.25,1184.0,1483
2026-04-21 01:55:00+00:00,1184.0,1184.25,1184.0,1184.0,11
2026-04-21 02:00:00+00:00,1184.25,1184.5,1184.25,1184.25,33
2026-04-21 02:05:00+00:00,1184.25,1184.5,1184.25,1184.25,32
2026-04-21 02:10:00+00:00,1184.5,1184.5,1184.25,1184.5,50
2026-04-21 02:15:00+00:00,1184.5,1184.5,1184.5,1184.5,10
2026-04-21 02:20:00+00:00,1184.25,1184.5,1184.25,1184.5,22
2026-04-21 02:25:00+00:00,1184.5,1184.5,1184.5,1184.5,11
2026-04-21 02:30:00+00:00,1184.5,1184.5,1184.0,1184.25,37
2026-04-21 02:35:00+00:00,1184.5,1184.5,1184.0,1184.0,22
2026-04-21 02:40:00+00:00,1184.0,1184.25,1184.0,1184.25,12
2026-04-21 02:45:00+00:00,1184.5,1184.75,1184.5,1184.5,55
2026-04-21 02:50:00+00:00,1184.5,1184.5,1184.25,1184.5,50
2026-04-21 02:55:00+00:00,1184.25,1184.5,1184.25,1184.5,6
2026-04-21 03:00:00+00:00,1184.5,1184.5,1184.25,1184.25,6
2026-04-21 03:05:00+00:00,1184.25,1184.25,1184.25,1184.25,2
2026-04-21 03:10:00+00:00,1184.25,1184.25,1184.25,1184.25,4
2026-04-21 03:15:00+00:00,1184.25,1184.25,1183.75,1184.25,15
2026-04-21 03:20:00+00:00,1184.25,1184.25,1183.75,1183.75,42
2026-04-21 03:25:00+00:00,1183.75,1184.0,1183.75,1183.75,4
2026-04-21 03:30:00+00:00,1183.75,1184.0,1183.75,1184.0,60
2026-04-21 03:35:00+00:00,1184.0,1184.25,1184.0,1184.25,7
2026-04-21 03:40:00+00:00,1184.25,1184.25,1184.0,1184.0,18
2026-04-21 03:45:00+00:00,1184.5,1184.5,1184.5,1184.5,2
2026-04-21 03:50:00+00:00,1184.25,1184.25,1184.25,1184.25,1
2026-04-21 03:55:00+00:00,1184.0,1184.5,1184.0,1184.5,11
2026-04-21 04:00:00+00:00,1184.5,1184.5,1184.5,1184.5,4
2026-04-21 04:05:00+00:00,1184.25,1184.5,1184.25,1184.25,9
2026-04-21 04:20:00+00:00,1184.0,1184.0,1184.0,1184.0,16
2026-04-21 04:30:00+00:00,1184.0,1184.0,1184.0,1184.0,1
2026-04-21 04:35:00+00:00,1184.25,1184.5,1184.25,1184.5,17
2026-04-21 04:40:00+00:00,1184.5,1184.5,1184.25,1184.25,5
2026-04-21 04:45:00+00:00,1184.5,1184.5,1184.5,1184.5,7
2026-04-21 04:55:00+00:00,1184.5,1184.5,1184.25,1184.25,59
2026-04-21 05:00:00+00:00,1184.25,1184.25,1184.25,1184.25,99
2026-04-21 05:10:00+00:00,1184.25,1184.25,1184.25,1184.25,12
2026-04-21 05:15:00+00:00,1184.5,1184.75,1184.5,1184.5,44
2026-04-21 05:25:00+00:00,1184.25,1184.25,1184.25,1184.25,7
2026-04-21 05:30:00+00:00,1184.25,1184.75,1184.25,1184.75,232
2026-04-21 05:35:00+00:00,1185.0,1185.0,1184.5,1184.5,165
2026-04-21 05:40:00+00:00,1184.75,1185.25,1184.75,1185.0,902
2026-04-21 05:45:00+00:00,1185.25,1185.25,1185.25,1185.25,71
2026-04-21 05:50:00+00:00,1185.0,1185.75,1185.0,1185.5,107
2026-04-21 05:55:00+00:00,1185.75,1185.75,1185.5,1185.5,72
2026-04-21 06:00:00+00:00,1185.5,1186.5,1185.25,1186.25,586
2026-04-21 06:05:00+00:00,1186.25,1186.75,1186.25,1186.5,409
2026-04-21 06:10:00+00:00,1186.5,1188.0,1186.5,1188.0,1026
2026-04-21 06:15:00+00:00,1188.0,1188.0,1186.75,1187.25,176
2026-04-21 06:20:00+00:00,1187.0,1187.5,1187.0,1187.25,21
2026-04-21 06:25:00+00:00,1187.5,1187.75,1187.5,1187.75,15
2026-04-21 06:35:00+00:00,1181.75,1188.75,1181.75,1188.75,197
2026-04-21 06:40:00+00:00,1188.75,1188.75,1188.5,1188.5,145
2026-04-21 06:45:00+00:00,1188.75,1188.75,1188.5,1188.5,38
2026-04-21 06:50:00+00:00,1188.5,1188.5,1188.0,1188.25,136
2026-04-21 06:55:00+00:00,1188.25,1188.5,1188.25,1188.25,94
2026-04-21 07:00:00+00:00,1188.5,1188.75,1188.5,1188.75,84
2026-04-21 07:05:00+00:00,1188.5,1188.5,1188.0,1188.0,69
2026-04-21 07:10:00+00:00,1188.0,1188.25,1188.0,1188.0,53
2026-04-21 07:15:00+00:00,1188.0,1188.5,1187.75,1188.25,73
2026-04-21 07:20:00+00:00,1188.25,1188.5,1188.25,1188.5,17
2026-04-21 07:25:00+00:00,1188.5,1188.5,1188.25,1188.25,44
2026-04-21 07:30:00+00:00,1188.25,1189.0,1188.25,1188.5,525
2026-04-21 07:35:00+00:00,1188.5,1188.5,1188.0,1188.25,52
2026-04-21 07:40:00+00:00,1188.0,1188.0,1187.25,1187.5,44
2026-04-21 07:45:00+00:00,1187.5,1187.75,1187.5,1187.5,31
2026-04-21 07:50:00+00:00,1187.75,1188.25,1187.5,1188.25,112
2026-04-21 07:55:00+00:00,1188.0,1188.75,1187.75,1188.25,57
2026-04-21 08:00:00+00:00,1188.25,1188.25,1188.25,1188.25,20
2026-04-21 08:05:00+00:00,1188.25,1188.25,1188.0,1188.0,16
2026-04-21 08:10:00+00:00,1188.0,1188.25,1188.0,1188.25,99
2026-04-21 08:15:00+00:00,1188.25,1188.5,1188.0,1188.25,574
2026-04-21 08:20:00+00:00,1188.0,1188.0,1188.0,1188.0,14
2026-04-21 08:25:00+00:00,1187.75,1187.75,1187.5,1187.75,19
2026-04-21 08:30:00+00:00,1188.0,1188.0,1187.75,1188.0,57
2026-04-21 08:35:00+00:00,1188.0,1188.0,1187.75,1187.75,102
2026-04-21 08:40:00+00:00,1187.75,1187.75,1187.5,1187.5,18
2026-04-21 08:45:00+00:00,1187.5,1188.0,1187.5,1187.75,21
2026-04-21 08:50:00+00:00,1187.75,1187.75,1187.75,1187.75,2
2026-04-21 08:55:00+00:00,1187.5,1188.0,1187.5,1188.0,16
2026-04-21 09:00:00+00:00,1188.25,1188.75,1187.75,1188.75,47
2026-04-21 09:05:00+00:00,1188.5,1188.75,1188.5,1188.5,44
2026-04-21 09:10:00+00:00,1188.25,1189.0,1188.25,1188.75,144
2026-04-21 09:15:00+00:00,1188.75,1189.0,1188.75,1189.0,6
2026-04-21 09:20:00+00:00,1188.75,1189.5,1188.75,1189.25,201
2026-04-21 09:25:00+00:00,1189.0,1189.0,1188.5,1188.5,54
2026-04-21 09:30:00+00:00,1188.5,1188.5,1188.25,1188.5,13
2026-04-21 09:35:00+00:00,1188.5,1188.5,1188.5,1188.5,12
2026-04-21 09:40:00+00:00,1188.5,1188.75,1188.5,1188.5,9
2026-04-21 09:45:00+00:00,1188.25,1188.5,1188.25,1188.5,15
2026-04-21 09:50:00+00:00,1188.25,1188.5,1188.0,1188.25,67
2026-04-21 09:55:00+00:00,1188.0,1188.25,1187.75,1188.0,53
2026-04-21 10:00:00+00:00,1188.0,1188.25,1187.25,1187.25,129
2026-04-21 10:05:00+00:00,1187.25,1187.25,1187.0,1187.0,262
2026-04-21 10:10:00+00:00,1187.25,1187.25,1187.0,1187.25,31
2026-04-21 10:15:00+00:00,1187.25,1187.25,1187.0,1187.0,82
2026-04-21 10:20:00+00:00,1187.25,1187.25,1187.25,1187.25,2
2026-04-21 10:25:00+00:00,1187.25,1187.5,1187.25,1187.25,62
2026-04-21 10:30:00+00:00,1187.25,1187.5,1187.25,1187.5,24
2026-04-21 10:35:00+00:00,1187.5,1187.5,1187.5,1187.5,1
2026-04-21 10:40:00+00:00,1187.25,1187.5,1187.0,1187.25,27
2026-04-21 10:45:00+00:00,1187.5,1187.5,1187.25,1187.5,47
2026-04-21 10:50:00+00:00,1187.25,1187.25,1187.0,1187.0,9
2026-04-21 10:55:00+00:00,1187.0,1187.0,1186.75,1187.0,71
2026-04-21 11:00:00+00:00,1187.25,1187.5,1187.25,1187.25,54
2026-04-21 11:05:00+00:00,1187.25,1188.0,1187.25,1187.75,84
2026-04-21 11:10:00+00:00,1188.0,1188.25,1187.5,1187.75,34
2026-04-21 11:15:00+00:00,1187.5,1187.5,1187.0,1187.25,57
2026-04-21 11:20:00+00:00,1187.25,1188.0,1187.25,1187.75,51
2026-04-21 11:25:00+00:00,1187.5,1187.5,1187.0,1187.25,27
2026-04-21 11:30:00+00:00,1187.25,1188.5,1187.25,1188.25,467
2026-04-21 11:35:00+00:00,1188.0,1188.0,1187.5,1188.0,320
2026-04-21 11:40:00+00:00,1188.0,1188.0,1187.25,1187.25,60
2026-04-21 11:45:00+00:00,1187.5,1187.5,1186.5,1186.5,99
2026-04-21 11:50:00+00:00,1186.5,1186.75,1186.25,1186.25,97
2026-04-21 11:55:00+00:00,1186.25,1186.5,1186.0,1186.25,96
2026-04-21 12:00:00+00:00,1186.5,1186.75,1186.5,1186.5,224
2026-04-21 12:05:00+00:00,1186.75,1187.25,1186.5,1186.5,116
2026-04-21 12:10:00+00:00,1186.5,1187.25,1186.5,1187.25,95
2026-04-21 12:15:00+00:00,1187.25,1187.5,1187.0,1187.5,77
2026-04-21 12:20:00+00:00,1187.5,1187.5,1187.0,1187.0,118
2026-04-21 12:25:00+00:00,1187.0,1187.25,1187.0,1187.25,17
2026-04-21 12:30:00+00:00,1187.0,1187.25,1186.75,1186.75,73
2026-04-21 12:35:00+00:00,1187.25,1187.75,1187.25,1187.75,855
2026-04-21 12:40:00+00:00,1187.75,1188.0,1187.5,1187.75,324
2026-04-21 13:30:00+00:00,1188.0,1189.0,1186.5,1187.25,2786
2026-04-21 13:35:00+00:00,1187.25,1190.0,1187.25,1189.5,3352
2026-04-21 13:40:00+00:00,1189.5,1190.25,1188.5,1190.0,2614
2026-04-21 13:45:00+00:00,1190.0,1191.0,1189.0,1190.5,3225
2026-04-21 13:50:00+00:00,1190.25,1192.0,1189.5,1192.0,5109
2026-04-21 13:55:00+00:00,1192.0,1192.25,1191.0,1191.0,2648
2026-04-21 14:00:00+00:00,1191.0,1191.25,1190.5,1190.5,2382
2026-04-21 14:05:00+00:00,1190.25,1191.75,1190.0,1191.25,912
2026-04-21 14:10:00+00:00,1191.5,1192.25,1191.25,1191.75,1481
2026-04-21 14:15:00+00:00,1191.75,1192.75,1191.75,1192.75,1216
2026-04-21 14:20:00+00:00,1192.75,1193.0,1192.0,1192.5,1752
2026-04-21 14:25:00+00:00,1192.25,1192.5,1191.75,1192.25,1014
2026-04-21 14:30:00+00:00,1192.25,1192.5,1191.0,1192.0,1031
2026-04-21 14:35:00+00:00,1192.0,1193.75,1191.75,1193.75,2093
2026-04-21 14:40:00+00:00,1193.75,1193.75,1192.25,1193.0,2412
2026-04-21 14:45:00+00:00,1193.0,1193.75,1192.5,1193.75,1141
2026-04-21 14:50:00+00:00,1193.75,1194.0,1193.0,1193.75,2353
2026-04-21 14:55:00+00:00,1193.75,1194.75,1193.25,1194.5,1304
2026-04-21 15:00:00+00:00,1194.5,1194.5,1193.0,1193.25,935
2026-04-21 15:05:00+00:00,1193.5,1193.75,1192.0,1193.0,752
2026-04-21 15:10:00+00:00,1193.0,1193.5,1192.25,1193.25,528
2026-04-21 15:15:00+00:00,1193.25,1193.5,1192.75,1193.5,589
2026-04-21 15:20:00+00:00,1193.75,1194.25,1193.5,1194.25,587
2026-04-21 15:25:00+00:00,1194.5,1194.75,1193.5,1193.5,517
2026-04-21 15:30:00+00:00,1193.75,1194.0,1192.5,1193.0,763
2026-04-21 15:35:00+00:00,1192.5,1193.25,1192.0,1192.75,668
2026-04-21 15:40:00+00:00,1192.75,1193.5,1192.25,1193.25,742
2026-04-21 15:45:00+00:00,1193.5,1194.25,1193.25,1194.0,1220
2026-04-21 15:50:00+00:00,1193.75,1193.75,1193.0,1193.0,1208
2026-04-21 15:55:00+00:00,1193.0,1193.25,1192.5,1193.0,622
2026-04-21 16:00:00+00:00,1193.0,1193.5,1192.0,1192.0,1131
2026-04-21 16:05:00+00:00,1192.0,1192.75,1192.0,1192.5,557
2026-04-21 16:10:00+00:00,1192.25,1192.75,1191.25,1191.5,748
2026-04-21 16:15:00+00:00,1191.5,1192.0,1191.25,1191.5,619
2026-04-21 16:20:00+00:00,1191.5,1191.75,1190.75,1191.25,412
2026-04-21 16:25:00+00:00,1191.25,1191.5,1190.5,1190.75,438
2026-04-21 16:30:00+00:00,1190.5,1191.5,1190.0,1191.25,1274
2026-04-21 16:35:00+00:00,1191.5,1192.25,1191.0,1192.25,875
2026-04-21 16:40:00+00:00,1192.25,1192.5,1191.75,1192.0,3210
2026-04-21 16:45:00+00:00,1192.0,1192.0,1190.5,1190.75,541
2026-04-21 16:50:00+00:00,1190.75,1191.0,1190.5,1190.75,253
2026-04-21 16:55:00+00:00,1191.0,1192.0,1191.0,1191.75,565
2026-04-21 17:00:00+00:00,1191.5,1191.75,1190.0,1190.0,1488
2026-04-21 17:05:00+00:00,1190.25,1190.5,1190.0,1190.25,2082
2026-04-21 17:10:00+00:00,1190.5,1191.75,1190.25,1191.75,1451
2026-04-21 17:15:00+00:00,1191.5,1191.5,1190.75,1191.25,510
2026-04-21 17:20:00+00:00,1191.0,1191.5,1190.5,1190.5,533
2026-04-21 17:25:00+00:00,1190.5,1191.0,1190.0,1190.25,421
2026-04-21 17:30:00+00:00,1190.0,1190.75,1190.0,1190.5,781
2026-04-21 17:35:00+00:00,1190.75,1191.25,1190.0,1190.5,837
2026-04-21 17:40:00+00:00,1190.5,1190.75,1189.5,1189.5,794
2026-04-21 17:45:00+00:00,1189.75,1190.0,1189.5,1189.5,375
2026-04-21 17:50:00+00:00,1189.75,1190.5,1189.0,1190.25,754
2026-04-21 17:55:00+00:00,1190.25,1190.75,1190.25,1190.5,762
2026-04-21 18:00:00+00:00,1190.5,1191.25,1190.25,1190.75,1166
2026-04-21 18:05:00+00:00,1190.75,1191.0,1190.25,1191.0,1394
2026-04-21 18:10:00+00:00,1190.75,1192.25,1189.75,1190.25,5012
2026-04-21 18:15:00+00:00,1190.25,1190.75,1189.5,1190.5,5063
2026-04-22 00:00:00+00:00,1191.5,1192.25,1189.75,1190.5,0
2026-04-22 00:05:00+00:00,1190.5,1191.0,1189.75,1190.0,336
2026-04-22 00:10:00+00:00,1189.75,1190.25,1189.0,1189.5,300
2026-04-22 00:15:00+00:00,1189.5,1190.0,1189.0,1189.5,327
2026-04-22 00:20:00+00:00,1189.75,1190.0,1189.5,1189.75,49
2026-04-22 00:25:00+00:00,1189.75,1190.25,1189.75,1190.25,176
2026-04-22 00:30:00+00:00,1190.25,1190.5,1189.75,1189.75,181
2026-04-22 00:35:00+00:00,1190.25,1190.5,1190.25,1190.5,7
2026-04-22 00:40:00+00:00,1190.5,1191.0,1190.25,1190.75,52
2026-04-22 00:45:00+00:00,1190.75,1190.75,1190.75,1190.75,23
2026-04-22 00:50:00+00:00,1191.0,1192.0,1191.0,1192.0,61
2026-04-22 00:55:00+00:00,1192.0,1192.0,1191.5,1192.0,57
2026-04-22 01:00:00+00:00,1192.0,1192.25,1191.5,1192.0,379
2026-04-22 01:05:00+00:00,1192.25,1193.25,1192.0,1193.25,209
2026-04-22 01:10:00+00:00,1193.25,1194.25,1193.25,1194.25,678
2026-04-22 01:15:00+00:00,1194.25,1194.5,1194.0,1194.5,303
2026-04-22 01:20:00+00:00,1194.5,1194.75,1193.75,1194.0,175
2026-04-22 01:25:00+00:00,1193.75,1194.5,1193.75,1194.0,139
2026-04-22 01:30:00+00:00,1194.0,1194.5,1194.0,1194.5,85
2026-04-22 01:35:00+00:00,1194.5,1194.75,1194.5,1194.75,164
2026-04-22 01:40:00+00:00,1194.75,1195.0,1194.5,1194.75,210
2026-04-22 01:45:00+00:00,1194.75,1195.75,1194.75,1195.5,364
2026-04-22 01:50:00+00:00,1195.5,1195.5,1195.0,1195.0,161
2026-04-22 01:55:00+00:00,1195.0,1196.0,1195.0,1196.0,323
2026-04-22 02:00:00+00:00,1196.0,1196.25,1195.75,1195.75,551
2026-04-22 02:05:00+00:00,1196.0,1196.0,1195.75,1196.0,193
2026-04-22 02:10:00+00:00,1196.0,1196.25,1196.0,1196.25,118
2026-04-22 02:15:00+00:00,1196.25,1196.75,1196.0,1196.75,277
2026-04-22 02:20:00+00:00,1196.75,1196.75,1196.5,1196.5,86
2026-04-22 02:25:00+00:00,1196.5,1196.75,1196.5,1196.75,34
2026-04-22 02:30:00+00:00,1196.5,1197.25,1196.5,1197.25,1202
2026-04-22 02:35:00+00:00,1197.5,1197.75,1197.25,1197.75,918
2026-04-22 02:40:00+00:00,1197.75,1198.0,1197.5,1197.75,272
2026-04-22 02:45:00+00:00,1198.0,1198.0,1197.5,1197.75,88
2026-04-22 02:50:00+00:00,1197.75,1198.0,1197.5,1197.5,103
2026-04-22 02:55:00+00:00,1197.5,1197.75,1197.25,1197.5,77
2026-04-22 03:00:00+00:00,1197.75,1198.25,1197.25,1197.75,163
2026-04-22 03:05:00+00:00,1198.0,1198.25,1197.75,1198.0,68
2026-04-22 03:10:00+00:00,1198.25,1201.25,1198.25,1200.0,1642
2026-04-22 03:15:00+00:00,1200.25,1200.25,1199.5,1199.5,598
2026-04-22 03:20:00+00:00,1199.25,1199.75,1199.25,1199.5,118
2026-04-22 03:25:00+00:00,1199.5,1199.75,1199.25,1199.25,280
2026-04-22 03:30:00+00:00,1199.25,1199.25,1198.5,1199.0,263
2026-04-22 03:35:00+00:00,1198.75,1199.25,1198.75,1199.25,20
2026-04-22 03:40:00+00:00,1199.25,1199.25,1199.25,1199.25,9
2026-04-22 03:45:00+00:00,1199.25,1199.25,1199.25,1199.25,1
2026-04-22 03:50:00+00:00,1199.25,1199.5,1199.0,1199.0,37
2026-04-22 03:55:00+00:00,1199.0,1199.0,1199.0,1199.0,7
2026-04-22 04:00:00+00:00,1199.0,1199.0,1198.75,1199.0,37
2026-04-22 04:05:00+00:00,1199.0,1199.0,1199.0,1199.0,1
2026-04-22 04:10:00+00:00,1199.0,1199.0,1198.75,1199.0,17
2026-04-22 04:15:00+00:00,1199.0,1199.25,1199.0,1199.0,20
2026-04-22 04:20:00+00:00,1199.25,1199.25,1198.75,1199.25,77
2026-04-22 04:25:00+00:00,1199.0,1199.25,1199.0,1199.25,18
2026-04-22 04:30:00+00:00,1199.25,1199.25,1199.25,1199.25,12
2026-04-22 04:35:00+00:00,1199.25,1199.5,1199.25,1199.5,39
2026-04-22 04:40:00+00:00,1199.5,1199.5,1199.5,1199.5,3
2026-04-22 04:45:00+00:00,1199.25,1199.25,1199.25,1199.25,27
2026-04-22 04:50:00+00:00,1199.25,1199.5,1199.25,1199.25,15
2026-04-22 04:55:00+00:00,1199.25,1199.5,1199.25,1199.5,25
2026-04-22 05:00:00+00:00,1199.5,1199.5,1199.25,1199.25,7
2026-04-22 05:05:00+00:00,1199.0,1199.0,1198.75,1198.75,29
2026-04-22 05:10:00+00:00,1199.0,1199.0,1198.75,1198.75,2
2026-04-22 05:15:00+00:00,1198.75,1198.75,1198.0,1198.5,231
2026-04-22 05:20:00+00:00,1198.5,1198.5,1197.25,1197.75,87
2026-04-22 05:25:00+00:00,1197.75,1198.5,1197.75,1198.5,39
2026-04-22 05:30:00+00:00,1198.25,1198.25,1197.25,1197.25,38
2026-04-22 05:35:00+00:00,1197.25,1197.5,1197.0,1197.5,55
2026-04-22 05:40:00+00:00,1197.5,1197.75,1197.5,1197.75,31
2026-04-22 05:45:00+00:00,1197.5,1197.5,1196.5,1196.5,160
2026-04-22 05:50:00+00:00,1196.75,1197.0,1196.25,1196.5,246
2026-04-22 05:55:00+00:00,1196.5,1197.0,1196.5,1197.0,15
2026-04-22 06:00:00+00:00,1197.0,1197.25,1196.5,1197.0,117
2026-04-22 06:05:00+00:00,1197.0,1197.25,1197.0,1197.25,25
2026-04-22 06:10:00+00:00,1197.25,1197.5,1197.0,1197.5,72
2026-04-22 06:15:00+00:00,1197.5,1197.5,1196.75,1197.0,81
2026-04-22 06:20:00+00:00,1197.5,1197.5,1197.0,1197.0,46
2026-04-22 06:25:00+00:00,1197.0,1198.0,1197.0,1197.75,192
2026-04-22 06:30:00+00:00,1198.0,1198.5,1197.75,1198.5,43
2026-04-22 06:35:00+00:00,1198.5,1198.5,1198.0,1198.0,140
2026-04-22 06:40:00+00:00,1198.0,1198.25,1197.75,1198.25,25
2026-04-22 06:45:00+00:00,1198.25,1198.75,1198.0,1198.5,103
2026-04-22 06:50:00+00:00,1198.5,1199.0,1198.5,1198.75,55
2026-04-22 06:55:00+00:00,1198.75,1198.75,1198.25,1198.75,75
2026-04-22 07:00:00+00:00,1198.5,1198.5,1198.0,1198.5,853
2026-04-22 07:05:00+00:00,1198.75,1199.5,1198.75,1199.25,191
2026-04-22 07:10:00+00:00,1199.0,1200.0,1199.0,1199.75,488
2026-04-22 07:15:00+00:00,1199.75,1200.0,1199.75,1200.0,147
2026-04-22 07:20:00+00:00,1200.0,1200.0,1199.25,1199.25,1315
2026-04-22 07:25:00+00:00,1199.25,1199.5,1199.0,1199.5,99
2026-04-22 07:30:00+00:00,1199.25,1199.5,1199.25,1199.5,42
2026-04-22 07:35:00+00:00,1199.5,1199.75,1199.25,1199.75,26
2026-04-22 07:40:00+00:00,1199.5,1199.5,1199.25,1199.5,21
2026-04-22 07:45:00+00:00,1199.5,1199.5,1199.0,1199.25,51
2026-04-22 07:50:00+00:00,1199.5,1199.5,1199.0,1199.25,114
2026-04-22 07:55:00+00:00,1199.25,1199.75,1199.25,1199.75,215
2026-04-22 08:00:00+00:00,1199.75,1199.75,1199.25,1199.25,234
2026-04-22 08:05:00+00:00,1199.0,1199.0,1198.5,1198.5,2503
2026-04-22 08:10:00+00:00,1198.5,1199.5,1198.5,1199.25,1890
2026-04-22 08:15:00+00:00,1199.25,1199.75,1199.0,1199.25,389
2026-04-22 08:20:00+00:00,1199.5,1200.25,1199.25,1200.0,355
2026-04-22 08:25:00+00:00,1200.0,1200.5,1199.75,1200.5,869
2026-04-22 08:30:00+00:00,1200.5,1200.75,1200.25,1200.25,221
2026-04-22 08:35:00+00:00,1200.25,1200.5,1199.75,1199.75,35
2026-04-22 08:40:00+00:00,1200.0,1200.25,1200.0,1200.0,203
2026-04-22 08:45:00+00:00,1200.0,1200.25,1200.0,1200.25,86
2026-04-22 08:50:00+00:00,1200.25,1200.25,1199.75,1199.75,29
2026-04-22 08:55:00+00:00,1199.5,1199.75,1199.25,1199.25,59
2026-04-22 09:00:00+00:00,1199.25,1199.25,1198.0,1198.0,528
2026-04-22 09:05:00+00:00,1198.0,1199.25,1198.0,1199.0,192
2026-04-22 09:10:00+00:00,1198.75,1199.0,1198.5,1198.5,72
2026-04-22 09:15:00+00:00,1198.75,1199.0,1198.25,1198.5,113
2026-04-22 09:20:00+00:00,1199.0,1199.0,1198.5,1199.0,68
2026-04-22 09:25:00+00:00,1199.0,1199.0,1198.5,1198.5,298
2026-04-22 09:30:00+00:00,1198.75,1199.0,1198.75,1198.75,38
2026-04-22 09:35:00+00:00,1198.75,1199.0,1198.5,1198.75,730
2026-04-22 09:40:00+00:00,1198.75,1199.0,1198.5,1198.75,36
2026-04-22 09:45:00+00:00,1198.5,1198.75,1198.5,1198.75,49
2026-04-22 09:50:00+00:00,1199.0,1199.5,1199.0,1199.5,29
2026-04-22 09:55:00+00:00,1199.5,1199.75,1199.25,1199.25,24
2026-04-22 10:00:00+00:00,1199.25,1199.25,1198.75,1199.0,39
2026-04-22 10:05:00+00:00,1199.25,1199.5,1199.0,1199.25,35
2026-04-22 10:10:00+00:00,1199.5,1199.5,1199.5,1199.5,5
2026-04-22 10:15:00+00:00,1199.25,1199.25,1199.0,1199.25,20
2026-04-22 10:20:00+00:00,1199.0,1199.25,1198.75,1198.75,32
2026-04-22 10:25:00+00:00,1198.75,1198.75,1198.25,1198.5,36
2026-04-22 10:30:00+00:00,1198.5,1198.75,1198.5,1198.5,71
2026-04-22 10:35:00+00:00,1198.5,1198.75,1198.5,1198.75,35
2026-04-22 10:40:00+00:00,1198.5,1199.0,1198.25,1198.5,335
2026-04-22 10:45:00+00:00,1198.75,1199.0,1198.5,1198.5,323
2026-04-22 10:50:00+00:00,1198.5,1198.5,1198.25,1198.5,104
2026-04-22 10:55:00+00:00,1198.5,1198.5,1198.0,1198.0,142
2026-04-22 11:00:00+00:00,1198.0,1198.0,1196.0,1197.0,468
2026-04-22 11:05:00+00:00,1197.0,1197.5,1196.75,1197.25,124
2026-04-22 11:10:00+00:00,1197.25,1197.5,1197.25,1197.25,16
2026-04-22 11:15:00+00:00,1197.5,1197.5,1197.25,1197.5,27
2026-04-22 11:20:00+00:00,1197.5,1197.5,1197.0,1197.5,84
2026-04-22 11:25:00+00:00,1197.75,1198.0,1197.5,1197.5,108
2026-04-22 11:30:00+00:00,1197.5,1197.5,1197.0,1197.0,27
2026-04-22 11:35:00+00:00,1197.0,1197.5,1197.0,1197.25,49
2026-04-22 11:40:00+00:00,1197.0,1197.0,1196.25,1196.25,159
2026-04-22 11:45:00+00:00,1196.25,1196.5,1196.0,1196.25,211
2026-04-22 11:50:00+00:00,1196.0,1196.25,1195.5,1196.25,283
2026-04-22 11:55:00+00:00,1196.0,1196.5,1196.0,1196.5,50
2026-04-22 12:00:00+00:00,1196.75,1197.25,1196.0,1196.0,263
2026-04-22 12:05:00+00:00,1196.0,1196.5,1195.75,1196.25,110
2026-04-22 12:10:00+00:00,1196.25,1196.25,1195.25,1195.5,130
2026-04-22 12:15:00+00:00,1195.5,1195.75,1194.75,1195.0,365
2026-04-22 12:20:00+00:00,1195.0,1195.25,1194.25,1194.75,298
2026-04-22 12:25:00+00:00,1194.75,1195.0,1193.25,1194.0,323
2026-04-22 12:30:00+00:00,1194.0,1194.25,1193.25,1193.25,338
2026-04-22 12:35:00+00:00,1193.5,1194.0,1193.25,1193.75,391
2026-04-22 12:40:00+00:00,1193.75,1193.75,1193.0,1193.5,236
2026-04-22 13:30:00+00:00,1193.5,1195.0,1191.5,1193.25,7211
2026-04-22 13:35:00+00:00,1193.25,1193.5,1191.5,1192.25,2492
2026-04-22 13:40:00+00:00,1192.25,1192.25,1191.25,1191.75,2711
2026-04-22 13:45:00+00:00,1191.75,1194.5,1191.75,1194.0,2472
2026-04-22 13:50:00+00:00,1194.0,1194.25,1191.5,1192.0,2236
2026-04-22 13:55:00+00:00,1192.0,1194.0,1192.0,1193.0,1398
2026-04-22 14:00:00+00:00,1193.0,1193.5,1192.25,1193.5,929
2026-04-22 14:05:00+00:00,1193.5,1194.0,1192.75,1193.5,2203
2026-04-22 14:10:00+00:00,1193.25,1194.0,1192.5,1193.75,1154
2026-04-22 14:15:00+00:00,1194.0,1194.0,1192.5,1192.75,967
2026-04-22 14:20:00+00:00,1192.75,1193.0,1192.25,1193.0,378
2026-04-22 14:25:00+00:00,1193.0,1193.5,1192.0,1192.75,828
2026-04-22 14:30:00+00:00,1192.75,1194.25,1192.25,1193.75,1478
2026-04-22 14:35:00+00:00,1194.0,1194.0,1191.25,1191.75,1166
2026-04-22 14:40:00+00:00,1192.0,1193.5,1191.75,1192.5,1756
2026-04-22 14:45:00+00:00,1192.5,1192.75,1191.0,1191.0,1543
2026-04-22 14:50:00+00:00,1191.0,1192.5,1190.25,1192.25,1578
2026-04-22 14:55:00+00:00,1192.25,1192.25,1191.5,1192.25,2356
2026-04-22 15:00:00+00:00,1192.5,1192.5,1190.0,1190.5,2892
2026-04-22 15:05:00+00:00,1190.25,1190.5,1189.25,1189.75,1775
2026-04-22 15:10:00+00:00,1189.75,1189.75,1187.25,1187.75,2208
2026-04-22 15:15:00+00:00,1187.75,1188.25,1187.25,1188.25,1380
2026-04-22 15:20:00+00:00,1188.5,1189.0,1186.75,1187.25,996
2026-04-22 15:25:00+00:00,1187.25,1187.5,1186.5,1187.0,1155
2026-04-22 15:30:00+00:00,1187.25,1188.5,1186.75,1188.25,1932
2026-04-22 15:35:00+00:00,1188.25,1188.25,1187.0,1187.0,434
2026-04-22 15:40:00+00:00,1187.25,1187.5,1186.75,1187.5,621
2026-04-22 15:45:00+00:00,1187.5,1187.75,1186.5,1186.5,799
2026-04-22 15:50:00+00:00,1186.75,1191.0,1186.0,1187.75,4822
2026-04-22 15:55:00+00:00,1187.5,1188.5,1187.25,1187.75,1330
2026-04-22 16:00:00+00:00,1187.5,1187.75,1186.0,1186.0,932
2026-04-22 16:05:00+00:00,1185.75,1187.25,1185.75,1186.75,981
2026-04-22 16:10:00+00:00,1187.0,1187.75,1187.0,1187.0,662
2026-04-22 16:15:00+00:00,1187.0,1187.25,1186.0,1186.75,2364
2026-04-22 16:20:00+00:00,1187.0,1187.25,1186.5,1186.75,542
2026-04-22 16:25:00+00:00,1186.75,1187.0,1186.0,1186.25,485
2026-04-22 16:30:00+00:00,1186.25,1187.5,1186.25,1187.0,789
2026-04-22 16:35:00+00:00,1187.0,1187.75,1186.5,1186.75,1450
2026-04-22 16:40:00+00:00,1186.5,1187.5,1186.25,1186.75,553
2026-04-22 16:45:00+00:00,1187.0,1187.0,1185.75,1186.0,427
2026-04-22 16:50:00+00:00,1186.25,1186.5,1185.25,1185.25,1630
2026-04-22 16:55:00+00:00,1185.5,1186.0,1185.0,1185.75,566
2026-04-22 17:00:00+00:00,1185.75,1186.0,1182.75,1183.5,2650
2026-04-22 17:05:00+00:00,1183.5,1184.5,1183.25,1184.0,1354
2026-04-22 17:10:00+00:00,1184.0,1184.75,1183.5,1184.5,1049
2026-04-22 17:15:00+00:00,1184.5,1184.75,1183.75,1184.0,682
2026-04-22 17:20:00+00:00,1184.25,1184.25,1183.25,1183.25,372
2026-04-22 17:25:00+00:00,1183.5,1184.0,1183.5,1184.0,502
2026-04-22 17:30:00+00:00,1183.75,1184.0,1182.5,1182.75,774
2026-04-22 17:35:00+00:00,1183.0,1183.0,1182.25,1183.0,560
2026-04-22 17:40:00+00:00,1183.0,1183.25,1181.5,1181.5,1436
2026-04-22 17:45:00+00:00,1181.75,1181.75,1180.25,1180.75,1737
2026-04-22 17:50:00+00:00,1180.75,1181.25,1180.5,1181.25,1285
2026-04-22 17:55:00+00:00,1181.25,1181.5,1180.75,1180.75,1816
2026-04-22 18:00:00+00:00,1180.75,1181.0,1178.5,1178.5,1979
2026-04-22 18:05:00+00:00,1178.75,1179.25,1178.5,1178.75,1229
2026-04-22 18:10:00+00:00,1178.75,1180.0,1178.0,1179.75,7548
2026-04-22 18:15:00+00:00,1180.0,1180.0,1178.5,1179.0,3838
2026-04-23 00:00:00+00:00,1180.25,1183.0,1179.0,1180.75,0
2026-04-23 00:05:00+00:00,1180.75,1181.0,1180.25,1181.0,175
2026-04-23 00:10:00+00:00,1181.0,1182.0,1180.75,1182.0,213
2026-04-23 00:15:00+00:00,1182.25,1183.75,1178.75,1179.5,1180
2026-04-23 00:20:00+00:00,1179.75,1180.5,1179.5,1180.5,92
2026-04-23 00:25:00+00:00,1180.25,1180.5,1179.75,1180.0,24
2026-04-23 00:30:00+00:00,1180.0,1180.5,1179.5,1179.5,126
2026-04-23 00:35:00+00:00,1180.0,1180.0,1179.25,1179.75,46
2026-04-23 00:40:00+00:00,1179.75,1180.25,1179.5,1179.5,47
2026-04-23 00:45:00+00:00,1179.75,1180.5,1179.5,1180.0,37
2026-04-23 00:50:00+00:00,1180.0,1180.25,1179.25,1179.5,73
2026-04-23 00:55:00+00:00,1179.75,1180.0,1179.5,1179.75,52
2026-04-23 01:00:00+00:00,1180.0,1181.0,1180.0,1180.25,297
2026-04-23 01:05:00+00:00,1180.25,1181.0,1180.25,1180.25,246
2026-04-23 01:10:00+00:00,1180.75,1182.75,1180.5,1181.75,860
2026-04-23 01:15:00+00:00,1182.0,1182.0,1180.75,1181.25,152
2026-04-23 01:20:00+00:00,1181.0,1181.25,1180.75,1181.0,16
2026-04-23 01:25:00+00:00,1181.25,1181.75,1181.0,1181.75,88
2026-04-23 01:30:00+00:00,1181.75,1181.75,1180.75,1180.75,523
2026-04-23 01:35:00+00:00,1180.75,1181.25,1180.75,1181.25,35
2026-04-23 01:40:00+00:00,1181.25,1181.5,1180.5,1181.25,37
2026-04-23 01:45:00+00:00,1181.0,1181.5,1180.75,1180.75,41
2026-04-23 01:50:00+00:00,1180.75,1180.75,1178.75,1179.0,138
2026-04-23 01:55:00+00:00,1178.75,1179.25,1178.5,1178.75,221
2026-04-23 02:00:00+00:00,1178.75,1179.0,1178.25,1178.75,281
2026-04-23 02:05:00+00:00,1178.75,1179.5,1178.75,1179.25,76
2026-04-23 02:10:00+00:00,1179.5,1179.5,1179.25,1179.25,29
2026-04-23 02:15:00+00:00,1179.5,1179.75,1179.25,1179.75,10
2026-04-23 02:20:00+00:00,1179.5,1179.75,1179.5,1179.75,7
2026-04-23 02:25:00+00:00,1179.5,1179.75,1179.5,1179.75,13
2026-04-23 02:30:00+00:00,1179.5,1180.25,1179.5,1180.25,63
2026-04-23 02:35:00+00:00,1180.0,1180.25,1180.0,1180.0,122
2026-04-23 02:40:00+00:00,1180.0,1180.5,1180.0,1180.5,28
2026-04-23 02:45:00+00:00,1180.25,1180.25,1179.75,1180.25,27
2026-04-23 02:50:00+00:00,1180.0,1180.0,1179.75,1180.0,22
2026-04-23 02:55:00+00:00,1180.0,1181.25,1180.0,1181.25,275
2026-04-23 03:00:00+00:00,1181.0,1181.0,1180.25,1180.75,379
2026-04-23 03:05:00+00:00,1180.5,1181.25,1180.5,1181.0,40
2026-04-23 03:10:00+00:00,1181.0,1181.5,1181.0,1181.0,41
2026-04-23 03:15:00+00:00,1181.5,1181.5,1180.75,1180.75,9
2026-04-23 03:20:00+00:00,1181.0,1181.0,1180.0,1180.25,33
2026-04-23 03:25:00+00:00,1180.25,1180.75,1180.25,1180.25,14
2026-04-23 03:30:00+00:00,1180.75,1181.0,1180.5,1180.5,42
2026-04-23 03:35:00+00:00,1180.75,1181.0,1180.75,1181.0,9
2026-04-23 03:40:00+00:00,1181.0,1181.25,1180.25,1180.5,36
2026-04-23 03:45:00+00:00,1180.5,1180.5,1180.25,1180.25,9
2026-04-23 03:50:00+00:00,1180.5,1180.5,1180.5,1180.5,1
2026-04-23 03:55:00+00:00,1180.75,1180.75,1180.75,1180.75,2
2026-04-23 04:00:00+00:00,1180.5,1180.5,1180.5,1180.5,3
2026-04-23 04:05:00+00:00,1180.5,1180.75,1180.5,1180.5,3
2026-04-23 04:10:00+00:00,1180.5,1180.5,1180.5,1180.5,13
2026-04-23 04:15:00+00:00,1180.5,1180.5,1180.5,1180.5,2
2026-04-23 04:20:00+00:00,1180.75,1180.75,1180.75,1180.75,8
2026-04-23 04:25:00+00:00,1180.75,1180.75,1180.5,1180.75,13
2026-04-23 04:30:00+00:00,1180.75,1180.75,1180.5,1180.75,3
2026-04-23 04:35:00+00:00,1180.5,1180.75,1180.5,1180.75,4
2026-04-23 04:40:00+00:00,1180.5,1180.75,1180.5,1180.5,14
2026-04-23 04:45:00+00:00,1180.5,1180.75,1180.5,1180.75,5
2026-04-23 04:50:00+00:00,1180.75,1180.75,1180.5,1180.5,6
2026-04-23 04:55:00+00:00,1180.25,1180.5,1180.25,1180.5,7
2026-04-23 05:00:00+00:00,1180.25,1180.75,1180.25,1180.75,10
2026-04-23 05:05:00+00:00,1180.75,1181.0,1180.75,1181.0,14
2026-04-23 05:10:00+00:00,1181.0,1181.0,1181.0,1181.0,1
2026-04-23 05:15:00+00:00,1180.75,1181.0,1180.75,1180.75,6
2026-04-23 05:20:00+00:00,1180.75,1181.0,1180.5,1180.75,5
2026-04-23 05:25:00+00:00,1180.5,1180.75,1180.5,1180.5,7
2026-04-23 05:30:00+00:00,1180.5,1180.75,1180.25,1180.75,44
2026-04-23 05:35:00+00:00,1180.75,1181.0,1180.25,1180.5,210
2026-04-23 05:40:00+00:00,1180.25,1180.75,1180.25,1180.25,16
2026-04-23 05:45:00+00:00,1180.5,1181.0,1180.5,1181.0,20
2026-04-23 05:50:00+00:00,1180.75,1181.0,1180.25,1180.75,26
2026-04-23 05:55:00+00:00,1180.75,1181.0,1180.75,1180.75,17
2026-04-23 06:00:00+00:00,1180.75,1180.75,1180.25,1180.75,84
2026-04-23 06:05:00+00:00,1181.0,1181.0,1179.5,1179.5,77
2026-04-23 06:10:00+00:00,1179.25,1179.75,1179.25,1179.5,65
2026-04-23 06:15:00+00:00,1179.5,1179.75,1179.5,1179.75,126
2026-04-23 06:20:00+00:00,1180.0,1180.25,1179.75,1180.0,20
2026-04-23 06:25:00+00:00,1179.75,1180.25,1179.75,1180.0,73
2026-04-23 06:30:00+00:00,1180.0,1180.0,1179.5,1180.0,66
2026-04-23 06:35:00+00:00,1180.0,1180.25,1179.5,1180.0,89
2026-04-23 06:40:00+00:00,1180.0,1180.25,1180.0,1180.25,24
2026-04-23 06:45:00+00:00,1180.25,1180.5,1179.75,1179.75,263
2026-04-23 06:50:00+00:00,1180.0,1180.0,1179.5,1179.5,28
2026-04-23 06:55:00+00:00,1179.75,1180.25,1179.75,1180.25,134
2026-04-23 07:00:00+00:00,1180.25,1181.0,1179.75,1180.0,375
2026-04-23 07:05:00+00:00,1180.0,1180.0,1179.5,1180.0,68
2026-04-23 07:10:00+00:00,1179.75,1180.0,1179.5,1179.75,50
2026-04-23 07:15:00+00:00,1180.0,1180.0,1179.75,1179.75,78
2026-04-23 07:20:00+00:00,1179.75,1179.75,1179.25,1179.25,68
2026-04-23 07:25:00+00:00,1179.25,1180.0,1179.25,1179.75,224
2026-04-23 07:30:00+00:00,1179.5,1180.25,1179.5,1180.0,59
2026-04-23 07:35:00+00:00,1179.75,1180.25,1179.75,1180.25,167
2026-04-23 07:40:00+00:00,1180.25,1180.5,1179.5,1179.5,75
2026-04-23 07:45:00+00:00,1179.5,1180.0,1179.0,1179.0,96
2026-04-23 07:50:00+00:00,1179.0,1179.25,1179.0,1179.25,28
2026-04-23 07:55:00+00:00,1179.5,1180.25,1179.25,1179.75,166
2026-04-23 08:00:00+00:00,1179.75,1180.25,1179.5,1180.0,58
2026-04-23 08:05:00+00:00,1180.0,1180.5,1180.0,1180.25,37
2026-04-23 08:10:00+00:00,1180.5,1181.0,1180.25,1180.75,141
2026-04-23 08:15:00+00:00,1180.75,1181.0,1180.5,1181.0,33
2026-04-23 08:20:00+00:00,1181.0,1181.25,1180.75,1180.75,165
2026-04-23 08:25:00+00:00,1181.0,1181.0,1180.5,1180.5,81
2026-04-23 08:30:00+00:00,1180.75,1181.75,1180.75,1181.5,169
2026-04-23 08:35:00+00:00,1181.25,1181.75,1181.0,1181.75,52
2026-04-23 08:40:00+00:00,1181.75,1182.0,1181.5,1181.75,26
2026-04-23 08:45:00+00:00,1181.75,1182.0,1181.25,1181.25,27
2026-04-23 08:50:00+00:00,1181.25,1181.5,1181.0,1181.0,961
2026-04-23 08:55:00+00:00,1181.0,1181.25,1181.0,1181.0,105
2026-04-23 09:00:00+00:00,1181.25,1181.25,1180.75,1181.25,22
2026-04-23 09:05:00+00:00,1181.0,1181.25,1181.0,1181.0,48
2026-04-23 09:10:00+00:00,1181.25,1181.25,1181.0,1181.25,53
2026-04-23 09:15:00+00:00,1181.0,1181.0,1180.25,1180.5,23
2026-04-23 09:20:00+00:00,1180.75,1181.0,1180.5,1181.0,10
2026-04-23 09:25:00+00:00,1180.75,1181.0,1180.5,1181.0,48
2026-04-23 09:30:00+00:00,1180.75,1181.25,1180.75,1181.25,14
2026-04-23 09:35:00+00:00,1181.25,1181.25,1181.25,1181.25,21
2026-04-23 09:40:00+00:00,1181.5,1181.75,1181.5,1181.75,24
2026-04-23 09:45:00+00:00,1182.0,1182.0,1181.5,1181.75,124
2026-04-23 09:50:00+00:00,1181.75,1182.0,1181.75,1181.75,19
2026-04-23 09:55:00+00:00,1181.75,1181.75,1181.5,1181.75,14
2026-04-23 10:00:00+00:00,1181.75,1181.75,1181.75,1181.75,5
2026-04-23 10:05:00+00:00,1181.75,1181.75,1181.5,1181.75,28
2026-04-23 10:10:00+00:00,1181.25,1181.5,1181.0,1181.25,24
2026-04-23 10:15:00+00:00,1181.0,1181.25,1181.0,1181.0,51
2026-04-23 10:20:00+00:00,1181.0,1181.25,1180.75,1180.75,28
2026-04-23 10:25:00+00:00,1180.75,1180.75,1180.5,1180.5,12
2026-04-23 10:30:00+00:00,1180.5,1180.75,1180.5,1180.75,47
2026-04-23 10:35:00+00:00,1180.5,1181.25,1180.5,1181.0,18
2026-04-23 10:40:00+00:00,1181.25,1181.25,1180.75,1180.75,25
2026-04-23 10:45:00+00:00,1180.75,1180.75,1180.75,1180.75,7
2026-04-23 10:50:00+00:00,1181.0,1181.0,1180.75,1180.75,18
2026-04-23 10:55:00+00:00,1180.5,1180.75,1179.5,1179.5,164
2026-04-23 11:00:00+00:00,1179.75,1179.75,1179.0,1179.5,223
2026-04-23 11:05:00+00:00,1179.5,1180.5,1179.5,1180.25,61
2026-04-23 11:10:00+00:00,1180.5,1180.5,1180.25,1180.25,18
2026-04-23 11:15:00+00:00,1180.25,1180.5,1180.0,1180.25,20
2026-04-23 11:20:00+00:00,1180.25,1180.25,1180.0,1180.25,42
2026-04-23 11:25:00+00:00,1180.0,1181.0,1179.5,1180.75,156
2026-04-23 11:30:00+00:00,1180.75,1181.0,1180.25,1180.25,95
2026-04-23 11:35:00+00:00,1180.25,1180.25,1179.25,1179.75,90
2026-04-23 11:40:00+00:00,1179.75,1179.75,1178.75,1178.75,78
2026-04-23 11:45:00+00:00,1179.0,1179.0,1178.25,1178.75,249
2026-04-23 11:50:00+00:00,1178.75,1179.0,1178.25,1178.25,43
2026-04-23 11:55:00+00:00,1178.5,1178.5,1176.5,1177.25,540
2026-04-23 12:00:00+00:00,1177.0,1177.5,1176.75,1177.5,130
2026-04-23 12:05:00+00:00,1177.75,1177.75,1176.25,1177.5,358
2026-04-23 12:10:00+00:00,1177.75,1177.75,1177.0,1177.75,185
2026-04-23 12:15:00+00:00,1178.0,1178.25,1177.5,1177.5,58
2026-04-23 12:20:00+00:00,1177.75,1178.25,1177.5,1178.25,128
2026-04-23 12:25:00+00:00,1178.25,1178.25,1177.0,1177.0,560
2026-04-23 12:30:00+00:00,1177.25,1177.5,1176.5,1177.0,267
2026-04-23 12:35:00+00:00,1177.0,1177.25,1176.25,1177.0,418
2026-04-23 12:40:00+00:00,1177.0,1177.5,1176.5,1177.25,411
2026-04-23 13:30:00+00:00,1177.0,1178.75,1174.5,1177.75,6302
2026-04-23 13:35:00+00:00,1177.5,1180.25,1177.5,1178.25,5907
2026-04-23 13:40:00+00:00,1178.25,1178.5,1177.25,1178.25,2122
2026-04-23 13:45:00+00:00,1178.5,1178.5,1176.5,1177.0,3539
2026-04-23 13:50:00+00:00,1177.0,1177.5,1176.25,1177.25,1996
2026-04-23 13:55:00+00:00,1177.25,1178.0,1176.5,1177.25,881
2026-04-23 14:00:00+00:00,1177.25,1177.75,1175.0,1176.0,8474
2026-04-23 14:05:00+00:00,1175.75,1177.25,1175.5,1176.75,1491
2026-04-23 14:10:00+00:00,1177.0,1177.0,1175.75,1176.25,1002
2026-04-23 14:15:00+00:00,1176.5,1176.75,1175.75,1176.25,1624
2026-04-23 14:20:00+00:00,1176.25,1176.25,1175.75,1175.75,907
2026-04-23 14:25:00+00:00,1176.0,1176.0,1175.25,1176.0,1035
2026-04-23 14:30:00+00:00,1176.0,1177.0,1175.5,1177.0,668
2026-04-23 14:35:00+00:00,1177.0,1178.5,1176.75,1178.0,1080
2026-04-23 14:40:00+00:00,1177.75,1179.0,1177.5,1177.5,1535
2026-04-23 14:45:00+00:00,1177.5,1177.75,1176.75,1177.5,975
2026-04-23 14:50:00+00:00,1177.75,1177.75,1176.25,1176.25,2662
2026-04-23 14:55:00+00:00,1176.25,1176.5,1174.5,1174.75,1268
2026-04-23 15:00:00+00:00,1174.75,1175.5,1174.0,1175.25,1339
2026-04-23 15:05:00+00:00,1175.5,1176.0,1175.5,1175.5,978
2026-04-23 15:10:00+00:00,1175.5,1176.5,1175.5,1176.5,805
2026-04-23 15:15:00+00:00,1176.5,1176.75,1175.75,1176.0,636
2026-04-23 15:20:00+00:00,1176.0,1176.5,1176.0,1176.25,614
2026-04-23 15:25:00+00:00,1176.5,1176.75,1175.75,1176.0,2553
2026-04-23 15:30:00+00:00,1176.0,1177.25,1175.75,1176.5,1279
2026-04-23 15:35:00+00:00,1176.5,1177.75,1176.25,1176.25,669
2026-04-23 15:40:00+00:00,1176.5,1177.5,1176.5,1177.5,5790
2026-04-23 15:45:00+00:00,1177.5,1178.25,1176.5,1176.5,942
2026-04-23 15:50:00+00:00,1176.5,1176.5,1175.5,1175.75,855
2026-04-23 15:55:00+00:00,1175.5,1176.25,1175.0,1176.0,2421
2026-04-23 16:00:00+00:00,1176.0,1176.0,1174.5,1174.5,2033
2026-04-23 16:05:00+00:00,1174.25,1174.25,1174.0,1174.25,561
2026-04-23 16:10:00+00:00,1174.25,1174.5,1173.5,1174.25,1391
2026-04-23 16:15:00+00:00,1174.25,1174.5,1174.0,1174.25,729
2026-04-23 16:20:00+00:00,1174.5,1175.0,1174.25,1174.25,648
2026-04-23 16:25:00+00:00,1174.25,1174.5,1173.25,1173.75,1076
2026-04-23 16:30:00+00:00,1173.75,1173.75,1172.75,1173.0,843
2026-04-23 16:35:00+00:00,1173.0,1174.0,1172.75,1173.75,610
2026-04-23 16:40:00+00:00,1173.75,1174.5,1173.5,1173.75,716
2026-04-23 16:45:00+00:00,1173.75,1173.75,1173.0,1173.5,729
2026-04-23 16:50:00+00:00,1173.5,1173.75,1173.0,1173.5,885
2026-04-23 16:55:00+00:00,1173.5,1174.25,1173.5,1174.25,2676
2026-04-23 17:00:00+00:00,1174.0,1175.25,1173.5,1174.25,878
2026-04-23 17:05:00+00:00,1174.25,1174.25,1173.75,1174.0,507
2026-04-23 17:10:00+00:00,1174.0,1174.0,1173.25,1173.5,771
2026-04-23 17:15:00+00:00,1173.5,1174.25,1173.25,1173.75,825
2026-04-23 17:20:00+00:00,1173.75,1174.0,1173.25,1173.75,1492
2026-04-23 17:25:00+00:00,1174.0,1174.25,1173.5,1173.75,680
2026-04-23 17:30:00+00:00,1174.0,1175.5,1173.75,1175.0,1278
2026-04-23 17:35:00+00:00,1175.0,1175.5,1174.5,1175.0,2678
2026-04-23 17:40:00+00:00,1175.0,1175.5,1174.25,1174.75,1222
2026-04-23 17:45:00+00:00,1174.75,1175.5,1173.5,1173.75,1385
2026-04-23 17:50:00+00:00,1173.75,1174.75,1173.0,1174.5,2045
2026-04-23 17:55:00+00:00,1174.5,1174.75,1173.5,1174.0,1036
2026-04-23 18:00:00+00:00,1174.0,1174.0,1173.25,1173.5,870
2026-04-23 18:05:00+00:00,1173.25,1174.5,1173.25,1173.5,2319
2026-04-23 18:10:00+00:00,1173.25,1175.5,1172.5,1175.5,4250
2026-04-23 18:15:00+00:00,1175.5,1176.25,1174.5,1174.75,5331
2026-04-24 00:00:00+00:00,1175.0,1176.0,1173.0,1173.0,0
2026-04-24 00:05:00+00:00,1173.25,1175.25,1173.25,1175.25,168
2026-04-24 00:10:00+00:00,1175.25,1175.25,1174.5,1174.75,69
2026-04-24 00:15:00+00:00,1174.5,1174.5,1174.0,1174.25,45
2026-04-24 00:20:00+00:00,1174.0,1174.5,1174.0,1174.5,21
2026-04-24 00:25:00+00:00,1174.0,1174.5,1174.0,1174.5,18
2026-04-24 00:30:00+00:00,1174.5,1175.0,1174.5,1174.75,229
2026-04-24 00:35:00+00:00,1174.75,1175.0,1174.75,1174.75,1007
2026-04-24 00:40:00+00:00,1174.5,1175.25,1174.25,1175.0,315
2026-04-24 00:45:00+00:00,1175.0,1175.5,1175.0,1175.25,58
2026-04-24 00:50:00+00:00,1175.5,1175.5,1175.25,1175.25,28
2026-04-24 00:55:00+00:00,1175.0,1175.25,1175.0,1175.0,13
2026-04-24 01:00:00+00:00,1175.25,1176.5,1175.25,1175.75,166
2026-04-24 01:05:00+00:00,1175.75,1176.0,1174.5,1175.5,410
2026-04-24 01:10:00+00:00,1175.5,1175.5,1174.5,1174.5,33
2026-04-24 01:15:00+00:00,1174.75,1175.25,1174.25,1174.5,60
2026-04-24 01:20:00+00:00,1174.5,1174.75,1174.5,1174.5,23
2026-04-24 01:25:00+00:00,1174.75,1175.0,1174.5,1174.75,59
2026-04-24 01:30:00+00:00,1174.75,1174.75,1174.5,1174.5,24
2026-04-24 01:35:00+00:00,1174.5,1174.75,1173.25,1173.5,90
2026-04-24 01:40:00+00:00,1173.5,1173.75,1173.5,1173.5,55
2026-04-24 01:45:00+00:00,1173.5,1174.0,1173.5,1173.75,37
2026-04-24 01:50:00+00:00,1174.0,1174.5,1173.75,1174.5,26
2026-04-24 01:55:00+00:00,1174.0,1174.25,1172.5,1173.0,207
2026-04-24 02:00:00+00:00,1173.0,1173.0,1172.75,1172.75,77
2026-04-24 02:05:00+00:00,1172.75,1173.75,1172.75,1173.75,1401
2026-04-24 02:10:00+00:00,1173.5,1174.0,1173.5,1173.75,18
2026-04-24 02:15:00+00:00,1173.5,1173.75,1173.5,1173.5,10
2026-04-24 02:20:00+00:00,1173.25,1173.5,1173.25,1173.5,6
2026-04-24 02:25:00+00:00,1173.25,1173.25,1173.0,1173.25,63
2026-04-24 02:30:00+00:00,1173.25,1173.25,1173.0,1173.0,41
2026-04-24 02:35:00+00:00,1173.0,1173.25,1173.0,1173.0,16
2026-04-24 02:40:00+00:00,1173.0,1173.25,1172.75,1172.75,69
2026-04-24 02:45:00+00:00,1172.75,1172.75,1172.5,1172.75,174
2026-04-24 02:50:00+00:00,1172.5,1172.5,1172.0,1172.25,176
2026-04-24 02:55:00+00:00,1172.25,1172.25,1171.25,1171.5,219
2026-04-24 03:00:00+00:00,1171.5,1172.25,1171.5,1172.0,999
2026-04-24 03:05:00+00:00,1172.0,1172.25,1172.0,1172.25,45
2026-04-24 03:10:00+00:00,1172.5,1172.75,1172.5,1172.75,80
2026-04-24 03:15:00+00:00,1172.5,1172.75,1172.25,1172.75,60
2026-04-24 03:20:00+00:00,1172.5,1172.5,1172.5,1172.5,2
2026-04-24 03:25:00+00:00,1172.5,1172.5,1171.5,1172.0,689
2026-04-24 03:30:00+00:00,1171.75,1172.25,1171.75,1172.0,30
2026-04-24 03:35:00+00:00,1172.0,1172.5,1172.0,1172.5,137
2026-04-24 03:40:00+00:00,1172.5,1172.5,1172.5,1172.5,8
2026-04-24 03:45:00+00:00,1172.5,1172.75,1172.5,1172.5,10
2026-04-24 03:50:00+00:00,1172.75,1173.25,1172.5,1172.75,157
2026-04-24 04:00:00+00:00,1173.25,1173.75,1173.0,1173.5,37
2026-04-24 04:05:00+00:00,1173.25,1173.5,1173.25,1173.5,72
2026-04-24 04:10:00+00:00,1173.25,1173.25,1173.25,1173.25,16
2026-04-24 04:20:00+00:00,1173.25,1173.25,1173.0,1173.25,78
2026-04-24 04:25:00+00:00,1173.0,1173.25,1173.0,1173.25,28
2026-04-24 04:35:00+00:00,1173.25,1173.25,1173.25,1173.25,6
2026-04-24 04:40:00+00:00,1173.25,1173.25,1173.25,1173.25,26
2026-04-24 04:45:00+00:00,1173.0,1173.25,1173.0,1173.25,85
2026-04-24 04:55:00+00:00,1173.25,1173.25,1173.0,1173.0,32
2026-04-24 05:00:00+00:00,1173.25,1173.75,1173.25,1173.5,296
2026-04-24 05:05:00+00:00,1173.25,1173.25,1173.0,1173.25,14
2026-04-24 05:10:00+00:00,1173.25,1173.25,1173.25,1173.25,6
2026-04-24 05:15:00+00:00,1173.5,1173.5,1173.5,1173.5,10
2026-04-24 05:20:00+00:00,1173.75,1173.75,1173.75,1173.75,13
2026-04-24 05:25:00+00:00,1173.5,1173.5,1173.5,1173.5,66
2026-04-24 05:30:00+00:00,1173.75,1174.25,1173.75,1174.25,142
2026-04-24 05:35:00+00:00,1174.25,1174.75,1174.0,1174.0,84
2026-04-24 05:40:00+00:00,1174.25,1174.5,1174.0,1174.25,145
2026-04-24 05:45:00+00:00,1174.5,1174.75,1174.5,1174.5,247
2026-04-24 05:50:00+00:00,1174.25,1175.0,1174.25,1175.0,27
2026-04-24 05:55:00+00:00,1174.75,1175.0,1174.25,1174.25,346
2026-04-24 06:00:00+00:00,1174.5,1176.0,1174.25,1175.75,1474
2026-04-24 06:05:00+00:00,1176.0,1176.5,1175.75,1175.75,124
2026-04-24 06:10:00+00:00,1175.75,1176.0,1174.75,1174.75,63
2026-04-24 06:15:00+00:00,1174.5,1174.75,1174.0,1174.0,496
2026-04-24 06:20:00+00:00,1174.0,1174.0,1172.75,1173.0,432
2026-04-24 06:25:00+00:00,1173.25,1174.25,1173.25,1173.75,201
2026-04-24 06:30:00+00:00,1174.0,1174.25,1173.75,1174.0,109
2026-04-24 06:35:00+00:00,1174.0,1175.0,1174.0,1174.75,193
2026-04-24 06:40:00+00:00,1174.75,1175.0,1174.0,1174.75,1689
2026-04-24 06:45:00+00:00,1174.75,1175.0,1174.75,1174.75,29
2026-04-24 06:50:00+00:00,1174.75,1175.0,1174.5,1174.5,35
2026-04-24 06:55:00+00:00,1174.5,1174.5,1174.25,1174.25,77
2026-04-24 07:00:00+00:00,1174.5,1175.25,1174.0,1175.25,418
2026-04-24 07:05:00+00:00,1175.25,1175.25,1175.0,1175.0,127
2026-04-24 07:10:00+00:00,1175.0,1175.0,1174.75,1175.0,83
2026-04-24 07:15:00+00:00,1174.75,1175.0,1174.75,1174.75,56
2026-04-24 07:20:00+00:00,1175.0,1175.0,1174.75,1174.75,66
2026-04-24 07:25:00+00:00,1174.5,1174.75,1174.5,1174.75,105
2026-04-24 07:30:00+00:00,1174.75,1176.5,1174.75,1176.25,269
2026-04-24 07:35:00+00:00,1176.25,1176.5,1176.25,1176.5,61
2026-04-24 07:40:00+00:00,1176.5,1176.5,1176.0,1176.0,216
2026-04-24 07:45:00+00:00,1176.0,1177.0,1176.0,1176.25,120
2026-04-24 07:50:00+00:00,1176.0,1176.5,1176.0,1176.5,169
2026-04-24 07:55:00+00:00,1176.5,1176.75,1176.25,1176.5,30
2026-04-24 08:00:00+00:00,1176.5,1177.5,1176.5,1177.5,132
2026-04-24 08:05:00+00:00,1177.25,1177.25,1176.75,1176.75,102
2026-04-24 08:10:00+00:00,1177.0,1177.25,1177.0,1177.25,77
2026-04-24 08:15:00+00:00,1177.0,1177.5,1177.0,1177.5,350
2026-04-24 08:20:00+00:00,1177.5,1177.75,1177.25,1177.5,43
2026-04-24 08:25:00+00:00,1177.75,1177.75,1177.25,1177.75,42
2026-04-24 08:30:00+00:00,1177.75,1177.75,1177.5,1177.75,52
2026-04-24 08:35:00+00:00,1177.75,1178.25,1177.5,1177.5,167
2026-04-24 08:40:00+00:00,1177.75,1178.0,1177.5,1177.75,56
2026-04-24 08:45:00+00:00,1178.0,1178.0,1176.75,1177.25,84
2026-04-24 08:50:00+00:00,1177.25,1177.25,1176.75,1177.0,399
2026-04-24 08:55:00+00:00,1177.0,1177.25,1176.75,1177.0,150
2026-04-24 09:00:00+00:00,1176.75,1177.5,1176.75,1177.25,115
2026-04-24 09:05:00+00:00,1177.5,1177.5,1177.25,1177.25,43
2026-04-24 09:10:00+00:00,1177.25,1177.25,1176.75,1176.75,32
2026-04-24 09:15:00+00:00,1177.0,1177.75,1177.0,1177.75,578
2026-04-24 09:20:00+00:00,1177.5,1177.75,1177.5,1177.5,72
2026-04-24 09:25:00+00:00,1177.75,1177.75,1177.75,1177.75,1
2026-04-24 09:30:00+00:00,1177.75,1177.75,1177.25,1177.5,61
2026-04-24 09:35:00+00:00,1177.75,1178.25,1177.5,1177.75,198
2026-04-24 09:40:00+00:00,1177.75,1178.0,1177.75,1178.0,57
2026-04-24 09:45:00+00:00,1177.75,1177.75,1177.25,1177.25,35
2026-04-24 09:50:00+00:00,1177.5,1178.0,1177.25,1178.0,36
2026-04-24 09:55:00+00:00,1177.75,1178.0,1177.75,1177.75,24
2026-04-24 10:00:00+00:00,1177.75,1177.75,1177.75,1177.75,71
2026-04-24 10:05:00+00:00,1177.75,1177.75,1177.75,1177.75,32
2026-04-24 10:10:00+00:00,1177.75,1178.0,1177.75,1178.0,25
2026-04-24 10:15:00+00:00,1178.0,1178.25,1177.0,1177.0,62
2026-04-24 10:20:00+00:00,1177.0,1177.25,1177.0,1177.25,26
2026-04-24 10:25:00+00:00,1177.25,1177.5,1177.25,1177.5,6
2026-04-24 10:30:00+00:00,1177.5,1177.75,1177.5,1177.75,15
2026-04-24 10:35:00+00:00,1177.5,1177.5,1177.25,1177.5,31
2026-04-24 10:40:00+00:00,1177.5,1177.5,1177.5,1177.5,6
2026-04-24 10:45:00+00:00,1177.5,1177.75,1177.5,1177.75,20
2026-04-24 10:50:00+00:00,1177.75,1177.75,1177.5,1177.5,22
2026-04-24 10:55:00+00:00,1177.5,1177.75,1177.25,1177.75,44
2026-04-24 11:00:00+00:00,1177.5,1177.5,1175.75,1176.0,254
2026-04-24 11:05:00+00:00,1176.0,1176.5,1175.25,1175.5,174
2026-04-24 11:10:00+00:00,1176.0,1177.0,1176.0,1176.25,325
2026-04-24 11:15:00+00:00,1176.25,1176.25,1175.75,1176.0,86
2026-04-24 11:20:00+00:00,1176.0,1176.5,1175.0,1175.0,301
2026-04-24 11:25:00+00:00,1175.0,1175.5,1174.25,1174.5,446
2026-04-24 11:30:00+00:00,1174.25,1175.75,1174.25,1175.5,740
2026-04-24 11:35:00+00:00,1175.75,1176.75,1175.75,1176.25,197
2026-04-24 11:40:00+00:00,1176.0,1176.25,1175.0,1175.25,243
2026-04-24 11:45:00+00:00,1175.5,1175.5,1175.0,1175.25,123
2026-04-24 11:50:00+00:00,1175.25,1175.25,1174.75,1175.0,66
2026-04-24 11:55:00+00:00,1175.0,1175.5,1174.75,1175.5,78
2026-04-24 12:00:00+00:00,1175.25,1176.5,1175.25,1176.25,103
2026-04-24 12:05:00+00:00,1176.25,1176.5,1176.0,1176.0,77
2026-04-24 12:10:00+00:00,1176.0,1176.5,1175.25,1175.75,950
2026-04-24 12:15:00+00:00,1175.75,1176.25,1175.25,1176.0,88
2026-04-24 12:20:00+00:00,1176.25,1176.25,1175.5,1175.5,78
2026-04-24 12:25:00+00:00,1175.25,1175.5,1175.25,1175.25,62
2026-04-24 12:30:00+00:00,1175.25,1176.0,1175.0,1175.75,349
2026-04-24 12:35:00+00:00,1175.75,1176.0,1174.75,1175.0,763
2026-04-24 12:40:00+00:00,1175.0,1175.75,1174.75,1175.25,393
2026-04-24 13:30:00+00:00,1174.75,1176.25,1174.0,1176.0,3976
2026-04-24 13:35:00+00:00,1175.75,1175.75,1174.0,1175.0,2308
2026-04-24 13:40:00+00:00,1174.75,1176.0,1173.25,1175.25,2548
2026-04-24 13:45:00+00:00,1175.25,1176.0,1174.0,1174.75,1490
2026-04-24 13:50:00+00:00,1174.5,1175.75,1174.5,1175.25,651
2026-04-24 13:55:00+00:00,1175.0,1175.25,1174.25,1174.5,656
2026-04-24 14:00:00+00:00,1174.25,1175.5,1174.25,1175.0,4089
2026-04-24 14:05:00+00:00,1174.75,1176.25,1174.25,1174.5,771
2026-04-24 14:10:00+00:00,1174.25,1174.75,1173.75,1174.0,1185
2026-04-24 14:15:00+00:00,1174.25,1174.75,1174.0,1174.0,721
2026-04-24 14:20:00+00:00,1174.0,1175.0,1174.0,1174.25,3124
2026-04-24 14:25:00+00:00,1174.25,1175.0,1174.0,1174.0,1364
2026-04-24 14:30:00+00:00,1174.25,1174.25,1172.5,1173.0,1639
2026-04-24 14:35:00+00:00,1172.75,1173.5,1172.75,1173.5,1564
2026-04-24 14:40:00+00:00,1173.25,1173.25,1172.0,1172.25,737
2026-04-24 14:45:00+00:00,1172.5,1173.5,1172.5,1172.5,506
2026-04-24 14:50:00+00:00,1172.5,1173.25,1172.0,1172.75,380
2026-04-24 14:55:00+00:00,1172.75,1173.0,1172.25,1172.75,697
2026-04-24 15:00:00+00:00,1173.0,1173.75,1173.0,1173.5,1109
2026-04-24 15:05:00+00:00,1173.25,1174.25,1173.25,1173.75,629
2026-04-24 15:10:00+00:00,1173.75,1174.25,1173.5,1174.0,362
2026-04-24 15:15:00+00:00,1173.75,1174.25,1172.75,1173.0,471
2026-04-24 15:20:00+00:00,1173.25,1173.25,1172.75,1172.75,681
2026-04-24 15:25:00+00:00,1172.75,1173.5,1172.25,1172.5,520
2026-04-24 15:30:00+00:00,1172.5,1173.25,1172.0,1173.25,447
2026-04-24 15:35:00+00:00,1173.25,1173.75,1173.0,1173.5,683
2026-04-24 15:40:00+00:00,1173.75,1174.0,1172.5,1172.5,1146
2026-04-24 15:45:00+00:00,1172.5,1174.0,1172.25,1173.75,800
2026-04-24 15:50:00+00:00,1174.0,1174.25,1173.25,1173.5,779
2026-04-24 15:55:00+00:00,1173.5,1174.0,1173.25,1173.75,586
2026-04-24 16:00:00+00:00,1173.75,1174.0,1173.25,1173.75,496
2026-04-24 16:05:00+00:00,1173.75,1174.75,1173.5,1174.25,360
2026-04-24 16:10:00+00:00,1174.5,1175.0,1173.5,1175.0,510
2026-04-24 16:15:00+00:00,1174.75,1175.0,1174.0,1174.5,508
2026-04-24 16:20:00+00:00,1174.75,1175.0,1174.25,1174.75,309
2026-04-24 16:25:00+00:00,1174.5,1176.5,1174.5,1176.0,1388
2026-04-24 16:30:00+00:00,1176.25,1177.0,1175.5,1176.5,753
2026-04-24 16:35:00+00:00,1176.5,1177.0,1176.25,1177.0,700
2026-04-24 16:40:00+00:00,1177.0,1178.0,1176.75,1177.0,578
2026-04-24 16:45:00+00:00,1177.0,1177.25,1176.5,1177.0,558
2026-04-24 16:50:00+00:00,1177.0,1177.0,1176.5,1176.75,468
2026-04-24 16:55:00+00:00,1176.75,1177.75,1176.75,1177.5,615
2026-04-24 17:00:00+00:00,1177.5,1177.75,1176.75,1177.0,661
2026-04-24 17:05:00+00:00,1177.25,1177.5,1176.25,1177.25,743
2026-04-24 17:10:00+00:00,1177.25,1178.75,1177.0,1178.5,1394
2026-04-24 17:15:00+00:00,1178.25,1178.75,1177.25,1177.5,1008
2026-04-24 17:20:00+00:00,1177.5,1178.25,1177.5,1177.75,591
2026-04-24 17:25:00+00:00,1178.0,1178.25,1177.25,1177.75,412
2026-04-24 17:30:00+00:00,1178.0,1178.25,1177.75,1177.75,1055
2026-04-24 17:35:00+00:00,1178.0,1178.0,1176.0,1177.5,1567
2026-04-24 17:40:00+00:00,1177.25,1178.0,1177.25,1178.0,320
2026-04-24 17:45:00+00:00,1178.0,1178.25,1177.5,1177.75,630
2026-04-24 17:50:00+00:00,1178.0,1178.25,1176.25,1177.5,4015
2026-04-24 17:55:00+00:00,1177.5,1178.25,1177.0,1178.25,1080
2026-04-24 18:00:00+00:00,1178.25,1179.0,1178.0,1178.75,1210
2026-04-24 18:05:00+00:00,1178.5,1179.25,1178.25,1178.75,896
2026-04-24 18:10:00+00:00,1179.0,1179.0,1177.5,1178.5,4297
2026-04-24 18:15:00+00:00,1178.25,1178.75,1176.75,1178.5,2506
