Date,cot_commercial_net,cot_noncomm_net,cot_noncomm_long_pct,cot_index
2021-01-08,-340032.0,159446.0,19.000974885102828,40.33186136758819
2021-01-09,-337513.85714285716,158173.85714285713,18.860056741567913,40.33186136758819
2021-01-10,-334995.71428571426,156901.7142857143,18.719138598033002,40.33186136758819
2021-01-11,-332477.5714285714,155629.57142857142,18.578220454498087,40.33186136758819
2021-01-12,-329959.4285714286,154357.42857142858,18.437302310963176,40.33186136758819
2021-01-13,-327441.28571428574,153085.2857142857,18.29638416742826,40.33186136758819
2021-01-14,-324923.14285714284,151813.14285714287,18.15546602389335,40.33186136758819
2021-01-15,-322405.0,150541.0,18.014547880358435,40.33186136758819
2021-01-16,-320826.85714285716,148677.42857142858,17.825876455766135,40.33186136758819
2021-01-17,-319248.71428571426,146813.85714285713,17.63720503117384,40.33186136758819
2021-01-18,-317670.5714285714,144950.2857142857,17.448533606581538,40.33186136758819
2021-01-19,-316092.4285714286,143086.7142857143,17.25986218198924,40.33186136758819
2021-01-20,-314514.28571428574,141223.14285714287,17.07119075739694,40.33186136758819
2021-01-21,-312936.14285714284,139359.57142857142,16.882519332804645,40.33186136758819
2021-01-22,-311358.0,137496.0,16.693847908212344,40.33186136758819
2021-01-23,-312029.5714285714,139012.42857142858,16.79886587221458,40.33186136758819
2021-01-24,-312701.14285714284,140528.85714285713,16.903883836216817,40.33186136758819
2021-01-25,-313372.71428571426,142045.2857142857,17.008901800219054,40.33186136758819
2021-01-26,-314044.28571428574,143561.7142857143,17.113919764221293,40.33186136758819
2021-01-27,-314715.85714285716,145078.14285714287,17.21893772822353,40.33186136758819
2021-01-28,-315387.4285714286,146594.57142857142,17.323955692225766,40.33186136758819
2021-01-29,-316059.0,148111.0,17.428973656228003,40.33186136758819
2021-01-30,-316408.28571428574,148130.42857142858,17.4561174226365,40.33186136758819
2021-01-31,-316757.5714285714,148149.85714285713,17.483261189044992,40.33186136758819
2021-02-01,-317106.85714285716,148169.2857142857,17.510404955453488,40.33186136758819
2021-02-02,-317456.14285714284,148188.7142857143,17.537548721861985,40.33186136758819
2021-02-03,-317805.4285714286,148208.14285714287,17.56469248827048,40.33186136758819
2021-02-04,-318154.71428571426,148227.57142857142,17.591836254678974,40.33186136758819
2021-02-05,-318504.0,148247.0,17.61898002108747,40.33186136758819
2021-02-06,-320688.85714285716,149860.85714285713,17.77140262301204,40.33186136758819
2021-02-07,-322873.71428571426,151474.7142857143,17.92382522493661,40.33186136758819
2021-02-08,-325058.5714285714,153088.57142857142,18.07624782686118,40.33186136758819
2021-02-09,-327243.4285714286,154702.42857142858,18.228670428785748,40.33186136758819
2021-02-10,-329428.28571428574,156316.2857142857,18.381093030710318,40.33186136758819
2021-02-11,-331613.14285714284,157930.14285714287,18.533515632634888,40.33186136758819
2021-02-12,-333798.0,159544.0,18.68593823455946,40.33186136758819
2021-02-13,-330701.4285714286,158128.14285714287,18.5444502096562,40.33186136758819
2021-02-14,-327604.85714285716,156712.2857142857,18.402962184752944,40.33186136758819
2021-02-15,-324508.28571428574,155296.42857142858,18.261474159849687,40.33186136758819
2021-02-16,-321411.71428571426,153880.57142857142,18.119986134946434,40.33186136758819
2021-02-17,-318315.14285714284,152464.7142857143,17.978498110043176,40.33186136758819
2021-02-18,-315218.5714285714,151048.85714285713,17.83701008513992,40.33186136758819
2021-02-19,-312122.0,149633.0,17.695522060236662,40.33186136758819
2021-02-20,-312033.14285714284,151101.85714285713,17.911835810725446,40.33186136758819
2021-02-21,-311944.28571428574,152570.7142857143,18.12814956121423,40.33186136758819
2021-02-22,-311855.4285714286,154039.57142857142,18.344463311703013,40.33186136758819
2021-02-23,-311766.5714285714,155508.42857142858,18.560777062191796,40.33186136758819
2021-02-24,-311677.71428571426,156977.2857142857,18.77709081268058,40.33186136758819
2021-02-25,-311588.85714285716,158446.14285714287,18.993404563169364,40.33186136758819
2021-02-26,-311500.0,159915.0,19.209718313658147,40.33186136758819
2021-02-27,-311091.28571428574,157545.57142857142,19.081353399176134,40.33186136758819
2021-02-28,-310682.5714285714,155176.14285714287,18.95298848469412,40.33186136758819
2021-03-01,-310273.85714285716,152806.7142857143,18.824623570212108,40.33186136758819
2021-03-02,-309865.14285714284,150437.2857142857,18.69625865573009,40.33186136758819
2021-03-03,-309456.4285714286,148067.85714285713,18.567893741248078,40.33186136758819
2021-03-04,-309047.71428571426,145698.42857142858,18.439528826766065,40.33186136758819
2021-03-05,-308639.0,143329.0,18.31116391228405,40.33186136758819
2021-03-06,-308943.14285714284,143787.42857142858,18.335572070389517,40.33186136758819
2021-03-07,-309247.28571428574,144245.85714285713,18.359980228494987,40.33186136758819
2021-03-08,-309551.4285714286,144704.2857142857,18.384388386600452,40.33186136758819
2021-03-09,-309855.5714285714,145162.7142857143,18.40879654470592,40.33186136758819
2021-03-10,-310159.71428571426,145621.14285714287,18.433204702811384,40.33186136758819
2021-03-11,-310463.85714285716,146079.57142857142,18.457612860916853,40.33186136758819
2021-03-12,-310768.0,146538.0,18.48202101902232,40.33186136758819
2021-03-13,-309947.85714285716,146347.14285714287,18.51176574564094,39.48054265195799
2021-03-14,-309127.71428571426,146156.2857142857,18.54151047225956,38.62922393632779
2021-03-15,-308307.5714285714,145965.42857142858,18.57125519887818,37.77790522069759
2021-03-16,-307487.4285714286,145774.57142857142,18.600999925496804,36.9265865050674
2021-03-17,-306667.28571428574,145583.7142857143,18.630744652115425,36.0752677894372
2021-03-18,-305847.14285714284,145392.85714285713,18.660489378734045,35.223949073807
2021-03-19,-305027.0,145202.0,18.690234105352665,34.3726303581768
2021-03-20,-305275.85714285716,146112.0,18.78090492093767,38.43168740800043
2021-03-21,-305524.71428571426,147022.0,18.87157573652267,42.49074445782406
2021-03-22,-305773.5714285714,147932.0,18.962246552107672,46.549801507647686
2021-03-23,-306022.4285714286,148842.0,19.05291736769267,50.608858557471315
2021-03-24,-306271.28571428574,149752.0,19.143588183277675,54.667915607294944
2021-03-25,-306520.14285714284,150662.0,19.234258998862675,58.72697265711857
2021-03-26,-306769.0,151572.0,19.324929814447678,62.7860297069422
2021-03-27,-303694.4285714286,149029.57142857142,19.093759836875925,53.816596891664744
2021-03-28,-300619.85714285716,146487.14285714287,18.862589859304173,44.84716407638729
2021-03-29,-297545.28571428574,143944.7142857143,18.63141988173242,35.87773126110983
2021-03-30,-294470.71428571426,141402.2857142857,18.40024990416067,26.908298445832372
2021-03-31,-291396.14285714284,138859.85714285713,18.169079926588918,17.938865630554915
2021-04-01,-288321.5714285714,136317.42857142858,17.937909949017165,8.969432815277457
2021-04-02,-285247.0,133775.0,17.706739971445412,0.0
2021-04-03,-286770.85714285716,134827.57142857142,17.71831118042941,4.026669581374859
2021-04-04,-288294.71428571426,135880.14285714287,17.729882389413408,8.053339162749719
2021-04-05,-289818.5714285714,136932.7142857143,17.741453598397406,12.080008744124578
2021-04-06,-291342.4285714286,137985.2857142857,17.7530248073814,16.106678325499438
2021-04-07,-292866.28571428574,139037.85714285713,17.7645960163654,20.1333479068743
2021-04-08,-294390.14285714284,140090.42857142858,17.776167225349397,24.160017488249157
2021-04-09,-295914.0,141143.0,17.787738434333395,28.186687069624018
2021-04-10,-294337.0,139595.85714285713,17.630752986592327,24.16001748824916
2021-04-11,-292760.0,138048.7142857143,17.47376753885126,20.1333479068743
2021-04-12,-291183.0,136501.57142857142,17.31678209111019,16.106678325499438
2021-04-13,-289606.0,134954.42857142858,17.15979664336912,12.08000874412458
2021-04-14,-288029.0,133407.2857142857,17.002811195628052,8.053339162749719
2021-04-15,-286452.0,131860.14285714287,16.845825747886984,4.026669581374861
2021-04-16,-284875.0,130313.0,16.688840300145916,0.0
2021-04-17,-287703.4285714286,134567.42857142858,17.047159604835254,14.285714285713805
2021-04-18,-290531.85714285716,138821.85714285713,17.40547890952459,28.57142857142761
2021-04-19,-293360.28571428574,143076.2857142857,17.763798214213928,42.85714285714141
2021-04-20,-296188.71428571426,147330.7142857143,18.122117518903263,57.14285714285522
2021-04-21,-299017.14285714284,151585.14285714287,18.4804368235926,71.42857142856903
2021-04-22,-301845.5714285714,155839.57142857142,18.838756128281936,85.71428571428282
2021-04-23,-304674.0,160094.0,19.197075432971275,99.99999999999663
2021-04-24,-306012.0,161345.0,19.528468741210105,99.99999999999675
2021-04-25,-307350.0,162596.0,19.85986204944893,99.99999999999686
2021-04-26,-308688.0,163847.0,20.191255357687762,99.99999999999697
2021-04-27,-310026.0,165098.0,20.52264866592659,99.99999999999707
2021-04-28,-311364.0,166349.0,20.85404197416542,99.99999999999719
2021-04-29,-312702.0,167600.0,21.18543528240425,99.9999999999973
2021-04-30,-314040.0,168851.0,21.516828590643076,99.99999999999741
2021-05-01,-314382.14285714284,168011.57142857142,21.596436189896725,97.82181594418614
2021-05-02,-314724.28571428574,167172.14285714287,21.676043789150373,95.64363188837486
2021-05-03,-315066.4285714286,166332.7142857143,21.755651388404022,93.46544783256358
2021-05-04,-315408.5714285714,165493.2857142857,21.835258987657674,91.28726377675231
2021-05-05,-315750.71428571426,164653.85714285713,21.914866586911323,89.10907972094104
2021-05-06,-316092.85714285716,163814.42857142858,21.99447418616497,86.93089566512975
2021-05-07,-316435.0,162975.0,22.07408178541862,84.75271160931848
2021-05-08,-316449.28571428574,163568.2857142857,22.124383197587388,86.29219397551729
2021-05-09,-316463.5714285714,164161.57142857142,22.174684609756152,87.8316763417161
2021-05-10,-316477.85714285716,164754.85714285713,22.22498602192492,89.37115870791492
2021-05-11,-316492.14285714284,165348.14285714287,22.275287434093684,90.91064107411374
2021-05-12,-316506.4285714286,165941.42857142858,22.325588846262452,92.45012344031255
2021-05-13,-316520.71428571426,166534.7142857143,22.375890258431216,93.98960580651136
2021-05-14,-316535.0,167128.0,22.426191670599984,95.52908817271017
2021-05-15,-312878.0,163908.85714285713,22.070160325576378,87.1759228368267
2021-05-16,-309221.0,160689.7142857143,21.714128980552776,78.82275750094323
2021-05-17,-305564.0,157470.57142857142,21.35809763552917,70.46959216505974
2021-05-18,-301907.0,154251.42857142858,21.002066290505564,62.11642682917627
2021-05-19,-298250.0,151032.2857142857,20.646034945481958,53.763261493292795
2021-05-20,-294593.0,147813.14285714284,20.290003600458355,45.41009615740931
2021-05-21,-290936.0,144594.0,19.93397225543475,37.056930821525846
2021-05-22,-289981.28571428574,143031.57142857142,19.721326895726605,33.00267639361435
2021-05-23,-289026.5714285714,141469.14285714287,19.50868153601846,28.948421965702863
2021-05-24,-288071.85714285716,139906.7142857143,19.296036176310317,24.89416753779137
2021-05-25,-287117.14285714284,138344.2857142857,19.083390816602176,20.839913109879877
2021-05-26,-286162.4285714286,136781.85714285713,18.87074545689403,16.785658681968386
2021-05-27,-285207.71428571426,135219.42857142858,18.658100097185887,12.73140425405689
2021-05-28,-284253.0,133657.0,18.445454737477743,8.6771498261454
2021-05-29,-284778.71428571426,133123.2857142857,18.360935231584193,7.437556993838914
2021-05-30,-285304.4285714286,132589.57142857142,18.276415725690644,6.197964161532428
2021-05-31,-285830.14285714284,132055.85714285713,18.191896219797094,4.958371329225942
2021-06-01,-286355.85714285716,131522.14285714287,18.107376713903548,3.718778496919457
2021-06-02,-286881.5714285714,130988.42857142857,18.02285720801,2.479185664612972
2021-06-03,-287407.28571428574,130454.71428571429,17.93833770211645,1.239592832306486
2021-06-04,-287933.0,129921.0,17.8538181962229,0.0
2021-06-05,-288674.85714285716,129915.85714285714,17.85554410397823,0.0
2021-06-06,-289416.71428571426,129910.71428571429,17.857270011733558,0.0
2021-06-07,-290158.5714285714,129905.57142857143,17.858995919488887,0.0
2021-06-08,-290900.4285714286,129900.42857142857,17.860721827244216,0.0
2021-06-09,-291642.28571428574,129895.28571428571,17.862447734999545,0.0
2021-06-10,-292384.14285714284,129890.14285714286,17.864173642754874,0.0
2021-06-11,-293126.0,129885.0,17.865899550510203,0.0
2021-06-12,-289251.85714285716,125936.0,17.473053181761244,0.0
2021-06-13,-285377.71428571426,121987.0,17.080206813012285,0.0
2021-06-14,-281503.5714285714,118038.0,16.687360444263327,0.0
2021-06-15,-277629.4285714286,114089.0,16.294514075514364,0.0
2021-06-16,-273755.28571428574,110140.0,15.901667706765407,0.0
2021-06-17,-269881.14285714284,106191.0,15.508821338016446,0.0
2021-06-18,-266007.0,102242.0,15.115974969267487,0.0
2021-06-19,-260552.42857142858,99110.0,14.754798175645288,0.0
2021-06-20,-255097.85714285713,95978.0,14.39362138202309,0.0
2021-06-21,-249643.2857142857,92846.0,14.03244458840089,0.0
2021-06-22,-244188.7142857143,89714.0,13.671267794778691,0.0
2021-06-23,-238734.14285714287,86582.0,13.310091001156492,0.0
2021-06-24,-233279.57142857142,83450.0,12.948914207534294,0.0
2021-06-25,-227825.0,80318.0,12.587737413912095,0.0
2021-06-26,-223075.14285714287,79089.71428571429,12.709093000364033,0.0
2021-06-27,-218325.2857142857,77861.42857142857,12.830448586815972,0.0
2021-06-28,-213575.42857142858,76633.14285714286,12.951804173267911,0.0
2021-06-29,-208825.57142857142,75404.85714285714,13.073159759719848,0.0
2021-06-30,-204075.7142857143,74176.57142857143,13.194515346171787,0.0
2021-07-01,-199325.85714285713,72948.28571428571,13.315870932623726,0.0
2021-07-02,-194576.0,71720.0,13.437226519075665,0.0
2021-07-03,-195381.7142857143,72517.28571428571,13.557105659854145,0.8208354843311673
2021-07-04,-196187.42857142858,73314.57142857143,13.676984800632624,1.6416709686623345
2021-07-05,-196993.14285714287,74111.85714285714,13.796863941411104,2.4625064529935017
2021-07-06,-197798.85714285713,74909.14285714286,13.916743082189583,3.283341937324669
2021-07-07,-198604.57142857142,75706.42857142857,14.036622222968063,4.104177421655836
2021-07-08,-199410.2857142857,76503.71428571429,14.156501363746543,4.925012905987003
2021-07-09,-200216.0,77301.0,14.276380504525022,5.745848390318171
2021-07-10,-199132.57142857142,77195.28571428571,14.15203943716329,5.637011576412945
2021-07-11,-198049.14285714287,77089.57142857143,14.027698369801557,5.52817476250772
2021-07-12,-196965.7142857143,76983.85714285714,13.903357302439826,5.419337948602494
2021-07-13,-195882.2857142857,76878.14285714286,13.779016235078092,5.310501134697269
2021-07-14,-194798.85714285713,76772.42857142857,13.654675167716361,5.201664320792043
2021-07-15,-193715.42857142858,76666.71428571429,13.530334100354628,5.092827506886817
2021-07-16,-192632.0,76561.0,13.405993032992896,4.983990692981592
2021-07-17,-194363.57142857142,78283.85714285714,13.571134462729429,6.757736606085673
2021-07-18,-196095.14285714287,80006.71428571429,13.736275892465962,8.531482519189753
2021-07-19,-197826.7142857143,81729.57142857143,13.901417322202494,10.305228432293834
2021-07-20,-199558.2857142857,83452.42857142857,14.066558751939025,12.078974345397915
2021-07-21,-201289.85714285713,85175.28571428571,14.231700181675558,13.852720258501996
2021-07-22,-203021.42857142858,86898.14285714286,14.396841611412091,15.626466171606076
2021-07-23,-204753.0,88621.0,14.561983041148624,17.40021208471016
2021-07-24,-203193.2857142857,88524.28571428571,14.625197812564727,17.300641107664433
2021-07-25,-201633.57142857142,88427.57142857143,14.68841258398083,17.201070130618707
2021-07-26,-200073.85714285713,88330.85714285714,14.751627355396932,17.10149915357298
2021-07-27,-198514.14285714287,88234.14285714286,14.814842126813037,17.00192817652725
2021-07-28,-196954.42857142858,88137.42857142857,14.87805689822914,16.902357199481525
2021-07-29,-195394.7142857143,88040.71428571429,14.941271669645243,16.8027862224358
2021-07-30,-193835.0,87944.0,15.004486441061346,16.703215245390073
2021-07-31,-192483.2857142857,85809.57142857143,14.895481937137754,14.505741141933349
2021-08-01,-191131.57142857142,83675.14285714286,14.786477433214165,12.308267038476627
2021-08-02,-189779.85714285713,81540.71428571429,14.677472929290573,10.110792935019905
2021-08-03,-188428.14285714287,79406.28571428571,14.568468425366984,7.913318831563181
2021-08-04,-187076.42857142858,77271.85714285714,14.459463921443392,5.7158447281064575
2021-08-05,-185724.7142857143,75137.42857142857,14.350459417519803,3.5183706246497355
2021-08-06,-184373.0,73003.0,14.241454913596211,1.3208965211930144
2021-08-07,-185097.14285714287,74989.42857142857,14.37174358950465,3.365999085182421
2021-08-08,-185821.2857142857,76975.85714285714,14.502032265413089,5.411101649171828
2021-08-09,-186545.42857142858,78962.28571428571,14.632320941321527,7.456204213161235
2021-08-10,-187269.57142857142,80948.71428571429,14.762609617229964,9.501306777150642
2021-08-11,-187993.7142857143,82935.14285714286,14.892898293138403,11.546409341140048
2021-08-12,-188717.85714285713,84921.57142857142,15.023186969046842,13.591511905129455
2021-08-13,-189442.0,86908.0,15.15347564495528,15.636614469118863
2021-08-14,-189039.14285714287,87879.14285714286,15.253584719510332,16.63644238929146
2021-08-15,-188636.2857142857,88850.28571428571,15.353693794065384,17.63627030946406
2021-08-16,-188233.42857142858,89821.42857142857,15.453802868620436,18.63609822963666
2021-08-17,-187830.57142857142,90792.57142857143,15.553911943175487,19.635926149809258
2021-08-18,-187427.7142857143,91763.71428571429,15.654021017730539,20.635754069981857
2021-08-19,-187024.85714285713,92734.85714285714,15.75413009228559,21.635581990154456
2021-08-20,-186622.0,93706.0,15.854239166840642,22.635409910327056
2021-08-21,-184621.2857142857,91543.57142857143,15.654519023522733,20.409108758863002
2021-08-22,-182620.57142857142,89381.14285714286,15.454798880204825,18.18280760739895
2021-08-23,-180619.85714285713,87218.71428571429,15.255078736886915,15.956506455934898
2021-08-24,-178619.14285714287,85056.28571428571,15.055358593569006,13.730205304470845
2021-08-25,-176618.42857142858,82893.85714285714,14.855638450251096,11.503904153006792
2021-08-26,-174617.7142857143,80731.42857142857,14.655918306933188,9.27760300154274
2021-08-27,-172617.0,78569.0,14.456198163615278,7.051301850078687
2021-08-28,-170206.7142857143,76747.28571428571,14.382110233676627,6.04397301435316
2021-08-29,-167796.42857142858,74925.57142857143,14.308022303737978,5.0366441786276335
2021-08-30,-165386.14285714287,73103.85714285714,14.233934373799327,4.029315342902107
2021-08-31,-162975.85714285713,71282.14285714286,14.159846443860676,3.02198650717658
2021-09-01,-160565.57142857142,69460.42857142857,14.085758513922025,2.0146576714510527
2021-09-02,-158155.2857142857,67638.71428571429,14.011670583983376,1.0073288357255263
2021-09-03,-155745.0,65817.0,13.937582654044725,0.0
2021-09-04,-154228.14285714287,64171.71428571428,13.8120322453166,0.0
2021-09-05,-152711.2857142857,62526.42857142857,13.686481836588474,0.0
2021-09-06,-151194.42857142858,60881.142857142855,13.560931427860348,0.0
2021-09-07,-149677.57142857142,59235.857142857145,13.435381019132222,0.0
2021-09-08,-148160.7142857143,57590.57142857143,13.309830610404097,0.0
2021-09-09,-146643.85714285713,55945.28571428571,13.184280201675971,0.0
2021-09-10,-145127.0,54300.0,13.058729792947846,0.0
2021-09-11,-144720.0,53749.142857142855,12.975342488874666,0.0
2021-09-12,-144313.0,53198.28571428572,12.891955184801486,0.0
2021-09-13,-143906.0,52647.42857142857,12.808567880728306,0.0
2021-09-14,-143499.0,52096.57142857143,12.725180576655125,0.0
2021-09-15,-143092.0,51545.71428571428,12.641793272581946,0.0
2021-09-16,-142685.0,50994.857142857145,12.558405968508765,0.0
2021-09-17,-142278.0,50444.0,12.475018664435586,0.0
2021-09-18,-140920.2857142857,49746.42857142857,12.37692852644399,0.0
2021-09-19,-139562.57142857142,49048.857142857145,12.278838388452392,0.0
2021-09-20,-138204.85714285713,48351.28571428572,12.180748250460796,0.0
2021-09-21,-136847.14285714287,47653.71428571428,12.082658112469199,0.0
2021-09-22,-135489.42857142858,46956.142857142855,11.984567974477603,0.0
2021-09-23,-134131.7142857143,46258.57142857143,11.886477836486005,0.0
2021-09-24,-132774.0,45561.0,11.78838769849441,0.0
2021-09-25,-133354.85714285713,47215.42857142857,11.839525189455687,1.3419000498244447
2021-09-26,-133935.7142857143,48869.857142857145,11.890662680416964,2.6838000996488893
2021-09-27,-134516.57142857142,50524.28571428571,11.941800171378242,4.025700149473334
2021-09-28,-135097.42857142858,52178.71428571428,11.99293766233952,5.367600199297779
2021-09-29,-135678.2857142857,53833.142857142855,12.044075153300797,6.7095002491222235
2021-09-30,-136259.14285714287,55487.57142857143,12.095212644262075,8.051400298946668
2021-10-01,-136840.0,57142.0,12.146350135223352,9.393300348771113
2021-10-02,-134494.85714285713,55713.857142857145,12.03663160490609,8.234939689234375
2021-10-03,-132149.7142857143,54285.71428571428,11.926913074588825,7.076579029697635
2021-10-04,-129804.57142857142,52857.57142857143,11.817194544271562,5.918218370160897
2021-10-05,-127459.42857142857,51429.42857142857,11.707476013954299,4.759857710624158
2021-10-06,-125114.28571428571,50001.28571428572,11.597757483637036,3.601497051087419
2021-10-07,-122769.14285714286,48573.142857142855,11.488038953319771,2.4431363915506807
2021-10-08,-120424.0,47145.0,11.378320423002508,1.2847757320139404
2021-10-09,-118440.85714285714,43868.28571428572,11.158512591780044,1.1012363417262345
2021-10-10,-116457.71428571429,40591.57142857143,10.93870476055758,0.9176969514385288
2021-10-11,-114474.57142857143,37314.857142857145,10.718896929335115,0.7341575611508231
2021-10-12,-112491.42857142857,34038.142857142855,10.499089098112652,0.5506181708631173
2021-10-13,-110508.28571428571,30761.428571428572,10.279281266890187,0.36707878057541143
2021-10-14,-108525.14285714286,27484.714285714286,10.059473435667723,0.18353939028770583
2021-10-15,-106542.0,24208.0,9.839665604445258,0.0
2021-10-16,-105957.28571428571,22931.714285714286,9.898774714251873,0.0
2021-10-17,-105372.57142857143,21655.428571428572,9.957883824058486,0.0
2021-10-18,-104787.85714285714,20379.14285714286,10.016992933865101,0.0
2021-10-19,-104203.14285714286,19102.857142857145,10.076102043671714,0.0
2021-10-20,-103618.42857142857,17826.571428571428,10.135211153478329,0.0
2021-10-21,-103033.71428571429,16550.285714285714,10.194320263284942,0.0
2021-10-22,-102449.0,15274.0,10.253429373091556,0.0
2021-10-23,-109152.28571428571,16629.14285714286,10.49740693520406,0.8823865924864064
2021-10-24,-115855.57142857143,17984.285714285714,10.741384497316565,1.7647731849728128
2021-10-25,-122558.85714285714,19339.428571428572,10.985362059429068,2.647159777459219
2021-10-26,-129262.14285714286,20694.571428571428,11.229339621541572,3.5295463699456255
2021-10-27,-135965.42857142858,22049.714285714286,11.473317183654075,4.411932962432032
2021-10-28,-142668.7142857143,23404.857142857145,11.71729474576658,5.294319554918438
2021-10-29,-149372.0,24760.0,11.961272307879083,6.176706147404845
2021-10-30,-151588.0,27366.85714285714,12.34885000067537,7.87413293843288
2021-10-31,-153804.0,29973.714285714286,12.736427693471658,9.571559729460915
2021-11-01,-156020.0,32580.571428571428,13.124005386267944,11.268986520488951
2021-11-02,-158236.0,35187.42857142857,13.511583079064232,12.966413311516988
2021-11-03,-160452.0,37794.28571428571,13.899160771860519,14.663840102545022
2021-11-04,-162668.0,40401.142857142855,14.286738464656807,16.36126689357306
2021-11-05,-164884.0,43008.0,14.674316157453093,18.058693684601092
2021-11-06,-160378.85714285713,38181.42857142857,14.330915678757556,15.478880301086651
2021-11-07,-155873.7142857143,33354.857142857145,13.98751520006202,12.89906691757221
2021-11-08,-151368.57142857142,28528.285714285714,13.644114721366483,10.319253534057767
2021-11-09,-146863.42857142858,23701.714285714286,13.300714242670947,7.7394401505433255
2021-11-10,-142358.2857142857,18875.14285714286,12.95731376397541,5.159626767028884
2021-11-11,-137853.14285714287,14048.571428571428,12.613913285279875,2.5798133835144412
2021-11-12,-133348.0,9222.0,12.270512806584337,0.0
2021-11-13,-135203.42857142858,12124.428571428572,12.39503726044905,1.8182338869682535
2021-11-14,-137058.85714285713,15026.857142857143,12.51956171431376,3.636467773936507
2021-11-15,-138914.2857142857,17929.285714285714,12.644086168178472,5.45470166090476
2021-11-16,-140769.7142857143,20831.714285714286,12.768610622043184,7.272935547873014
2021-11-17,-142625.14285714287,23734.14285714286,12.893135075907896,9.091169434841268
2021-11-18,-144480.57142857142,26636.571428571428,13.017659529772606,10.90940332180952
2021-11-19,-146336.0,29539.0,13.142183983637318,12.727637208777775
2021-11-20,-149757.7142857143,32500.285714285714,13.237897396374791,14.582742305148544
2021-11-21,-153179.42857142858,35461.57142857143,13.333610809112264,16.437847401519313
2021-11-22,-156601.14285714287,38422.857142857145,13.429324221849736,18.292952497890084
2021-11-23,-160022.85714285713,41384.142857142855,13.52503763458721,20.148057594260855
2021-11-24,-163444.57142857142,44345.42857142857,13.620751047324683,22.003162690631626
2021-11-25,-166866.2857142857,47306.71428571429,13.716464460062156,23.858267787002394
2021-11-26,-170288.0,50268.0,13.812177872799628,25.713372883373165
2021-11-27,-168796.42857142858,47526.0,13.59891289100111,23.995639889994777
2021-11-28,-167304.85714285713,44784.0,13.385647909202591,22.277906896616393
2021-11-29,-165813.2857142857,42042.0,13.172382927404072,20.560173903238006
2021-11-30,-164321.7142857143,39300.0,12.959117945605554,18.842440909859622
2021-12-01,-162830.14285714287,36558.0,12.745852963807035,17.124707916481235
2021-12-02,-161338.57142857142,33816.0,12.532587982008517,15.40697492310285
2021-12-03,-159847.0,31074.0,12.319323000209998,13.689241929724464
2021-12-04,-160503.85714285713,31848.428571428572,12.267692010999559,14.174384711693007
2021-12-05,-161160.7142857143,32622.85714285714,12.216061021789121,14.659527493661551
2021-12-06,-161817.57142857142,33397.28571428572,12.164430032578682,15.144670275630094
2021-12-07,-162474.42857142858,34171.71428571428,12.112799043368243,15.62981305759864
2021-12-08,-163131.2857142857,34946.142857142855,12.061168054157804,16.114955839567184
2021-12-09,-163788.14285714287,35720.57142857143,12.009537064947367,16.600098621535725
2021-12-10,-164445.0,36495.0,11.957906075736927,17.08524140350427
2021-12-11,-164714.2857142857,37060.142857142855,11.990070855055139,17.43927660834979
2021-12-12,-164983.57142857142,37625.28571428572,12.022235634373352,17.793311813195306
2021-12-13,-165252.85714285713,38190.42857142857,12.054400413691564,18.147347018040826
2021-12-14,-165522.14285714287,38755.57142857143,12.086565193009777,18.501382222886345
2021-12-15,-165791.42857142858,39320.71428571428,12.118729972327989,18.855417427731865
2021-12-16,-166060.7142857143,39885.857142857145,12.150894751646202,19.20945263257738
2021-12-17,-166330.0,40451.0,12.183059530964414,19.5634878374229
2021-12-18,-172588.14285714287,45236.857142857145,12.656246773525353,22.56160042527167
2021-12-19,-178846.2857142857,50022.71428571429,13.129434016086295,25.559713013120444
2021-12-20,-185104.42857142858,54808.57142857143,13.602621258647234,28.557825600969213
2021-12-21,-191362.57142857142,59594.42857142857,14.075808501208174,31.555938188817983
2021-12-22,-197620.7142857143,64380.28571428572,14.548995743769115,34.554050776666756
2021-12-23,-203878.85714285716,69166.14285714286,15.022182986330055,37.55216336451552
2021-12-24,-210137.0,73952.0,15.495370228890994,40.550275952364295
2021-12-25,-213046.42857142858,77545.42857142857,15.901678259020951,42.80138857690529
2021-12-26,-215955.85714285713,81138.85714285714,16.307986289150907,45.05250120144629
2021-12-27,-218865.2857142857,84732.28571428571,16.714294319280864,47.303613825987284
2021-12-28,-221774.7142857143,88325.71428571429,17.12060234941082,49.554726450528285
2021-12-29,-224684.14285714287,91919.14285714286,17.526910379540777,51.80583907506928
2021-12-30,-227593.57142857142,95512.57142857142,17.933218409670733,54.05695169961028
2021-12-31,-230503.0,99106.0,18.33952643980069,56.308064324151275
2022-01-01,-231333.85714285713,99274.28571428571,18.33760285292504,56.41348734520992
2022-01-02,-232164.7142857143,99442.57142857143,18.335679266049397,56.51891036626858
2022-01-03,-232995.57142857142,99610.85714285714,18.33375567917375,56.624333387327226
2022-01-04,-233826.42857142858,99779.14285714286,18.331832092298104,56.72975640838588
2022-01-05,-234657.2857142857,99947.42857142857,18.329908505422456,56.83517942944453
2022-01-06,-235488.14285714287,100115.71428571429,18.32798491854681,56.940602450503185
2022-01-07,-236319.0,100284.0,18.326061331671163,57.04602547156183
2022-01-08,-239347.85714285713,101283.14285714286,18.36778436327715,57.671941099137555
2022-01-09,-242376.7142857143,102282.28571428571,18.40950739488314,58.29785672671328
2022-01-10,-245405.57142857142,103281.42857142857,18.451230426489126,58.923772354289
2022-01-11,-248434.42857142858,104280.57142857143,18.492953458095112,59.54968798186472
2022-01-12,-251463.2857142857,105279.71428571429,18.5346764897011,60.175603609440444
2022-01-13,-254492.14285714284,106278.85714285714,18.57639952130709,60.801519237016166
2022-01-14,-257521.0,107278.0,18.618122552913075,61.42743486459189
2022-01-15,-257046.0,106017.0,18.582027415286976,60.637478152465654
2022-01-16,-256571.0,104756.0,18.545932277660878,59.84752144033941
2022-01-17,-256096.0,103495.0,18.50983714003478,59.05756472821318
2022-01-18,-255621.0,102234.0,18.473742002408684,58.26760801608694
2022-01-19,-255146.0,100973.0,18.437646864782586,57.477651303960705
2022-01-20,-254671.0,99712.0,18.401551727156487,56.68769459183447
2022-01-21,-254196.0,98451.0,18.36545658953039,55.89773787970823
2022-01-22,-255547.2857142857,99815.57142857143,18.283028165164062,56.75257718119569
2022-01-23,-256898.57142857142,101180.14285714286,18.200599740797735,57.607416482683156
2022-01-24,-258249.85714285713,102544.71428571429,18.118171316431408,58.462255784170615
2022-01-25,-259601.14285714287,103909.28571428571,18.035742892065077,59.317095085658075
2022-01-26,-260952.42857142858,105273.85714285714,17.95331446769875,60.171934387145534
2022-01-27,-262303.71428571426,106638.42857142858,17.870886043332423,61.026773688633
2022-01-28,-263655.0,108003.0,17.788457618966095,61.88161299012046
2022-01-29,-269158.4285714286,113923.14285714286,18.16470805063702,65.59030179800801
2022-01-30,-274661.85714285716,119843.28571428571,18.540958482307946,69.29899060589557
2022-01-31,-280165.28571428574,125763.42857142858,18.91720891397887,73.00767941378311
2022-02-01,-285668.71428571426,131683.57142857142,19.2934593456498,76.71636822167066
2022-02-02,-291172.14285714284,137603.7142857143,19.669709777320726,80.42505702955822
2022-02-03,-296675.5714285714,143523.85714285716,20.04596020899165,84.13374583744577
2022-02-04,-302179.0,149444.0,20.422210640662577,87.84243464533333
2022-02-05,-304038.28571428574,151571.42857142858,20.515324824871353,89.17516777742621
2022-02-06,-305897.5714285714,153698.85714285713,20.608439009080133,90.50790090951911
2022-02-07,-307756.85714285716,155826.2857142857,20.70155319328891,91.84063404161199
2022-02-08,-309616.14285714284,157953.7142857143,20.794667377497685,93.17336717370489
2022-02-09,-311475.4285714286,160081.14285714287,20.88778156170646,94.50610030579777
2022-02-10,-313334.71428571426,162208.57142857142,20.98089574591524,95.83883343789066
2022-02-11,-315194.0,164336.0,21.074009930124017,97.17156656998355
2022-02-12,-317198.5714285714,165552.7142857143,21.116358194342958,97.57562848855724
2022-02-13,-319203.14285714284,166769.42857142858,21.158706458561902,97.97969040713095
2022-02-14,-321207.71428571426,167986.14285714287,21.201054722780842,98.38375232570463
2022-02-15,-323212.28571428574,169202.85714285713,21.243402986999783,98.78781424427832
2022-02-16,-325216.85714285716,170419.57142857142,21.285751251218723,99.19187616285201
2022-02-17,-327221.4285714286,171636.2857142857,21.328099515437668,99.59593808142571
2022-02-18,-329226.0,172853.0,21.370447779656608,99.9999999999994
2022-02-19,-330128.4285714286,172643.14285714287,21.47202422242923,99.87174976449565
2022-02-20,-331030.85714285716,172433.2857142857,21.573600665201848,99.7434995289919
2022-02-21,-331933.28571428574,172223.42857142858,21.67517710797447,99.61524929348815
2022-02-22,-332835.71428571426,172013.57142857142,21.776753550747088,99.4869990579844
2022-02-23,-333738.14285714284,171803.7142857143,21.87832999351971,99.35874882248065
2022-02-24,-334640.5714285714,171593.85714285713,21.979906436292328,99.2304985869769
2022-02-25,-335543.0,171384.0,22.08148287906495,99.10224835147315
2022-02-26,-334814.5714285714,170623.14285714287,22.233708833508764,98.63726485637922
2022-02-27,-334086.14285714284,169862.2857142857,22.385934787952575,98.1722813612853
2022-02-28,-333357.71428571426,169101.42857142858,22.53816074239639,97.70729786619137
2022-03-01,-332629.28571428574,168340.57142857142,22.6903866968402,97.24231437109745
2022-03-02,-331900.85714285716,167579.7142857143,22.842612651284014,96.77733087600352
2022-03-03,-331172.4285714286,166818.85714285713,22.994838605727825,96.3123473809096
2022-03-04,-330444.0,166058.0,23.14706456017164,95.84736388581567
2022-03-05,-330945.0,165431.14285714287,23.083611607633546,95.46427196383442
2022-03-06,-331446.0,164804.2857142857,23.02015865509545,95.08118004185317
2022-03-07,-331947.0,164177.42857142858,22.956705702557358,94.69808811987193
2022-03-08,-332448.0,163550.57142857142,22.89325275001926,94.31499619789068
2022-03-09,-332949.0,162923.7142857143,22.82979979748117,93.93190427590943
2022-03-10,-333450.0,162296.85714285713,22.766346844943072,93.54881235392818
2022-03-11,-333951.0,161670.0,22.70289389240498,93.16572043194694
2022-03-12,-333350.85714285716,161706.85714285713,22.69948445531121,93.18824497977536
2022-03-13,-332750.71428571426,161743.7142857143,22.696075018217442,93.2107695276038
2022-03-14,-332150.5714285714,161780.57142857142,22.692665581123673,93.23329407543223
2022-03-15,-331550.4285714286,161817.42857142858,22.6892561440299,93.25581862326067
2022-03-16,-330950.28571428574,161854.2857142857,22.685846706936132,93.27834317108909
2022-03-17,-330350.14285714284,161891.14285714287,22.682437269842364,93.30086771891753
2022-03-18,-329750.0,161928.0,22.679027832748595,93.32339226674596
2022-03-19,-329269.4285714286,162259.42857142858,22.678185066366016,93.52593858830396
2022-03-20,-328788.85714285716,162590.85714285713,22.67734229998344,93.72848490986195
2022-03-21,-328308.28571428574,162922.2857142857,22.67649953360086,93.93103123141995
2022-03-22,-327827.71428571426,163253.7142857143,22.675656767218285,94.13357755297795
2022-03-23,-327347.14285714284,163585.14285714287,22.674814000835706,94.33612387453596
2022-03-24,-326866.5714285714,163916.57142857142,22.67397123445313,94.53867019609395
2022-03-25,-326386.0,164248.0,22.67312846807055,94.74121651765195
2022-03-26,-323850.28571428574,162359.42857142858,22.470883099384345,93.58705170256714
2022-03-27,-321314.5714285714,160470.85714285713,22.26863773069814,92.43288688748234
2022-03-28,-318778.85714285716,158582.2857142857,22.066392362011932,91.27872207239753
2022-03-29,-316243.14285714284,156693.7142857143,21.86414699332573,90.12455725731273
2022-03-30,-313707.4285714286,154805.14285714287,21.661901624639523,88.97039244222792
2022-03-31,-311171.71428571426,152916.57142857142,21.459656255953316,87.81622762714312
2022-04-01,-308636.0,151028.0,21.25741088726711,86.66206281205831
2022-04-02,-306811.5714285714,151854.14285714287,21.35281641415851,87.1669444403212
2022-04-03,-304987.14285714284,152680.2857142857,21.448221941049912,87.6718260685841
2022-04-04,-303162.71428571426,153506.42857142858,21.543627467941313,88.17670769684699
2022-04-05,-301338.28571428574,154332.57142857142,21.63903299483271,88.68158932510987
2022-04-06,-299513.85714285716,155158.7142857143,21.734438521724112,89.18647095337276
2022-04-07,-297689.4285714286,155984.85714285713,21.829844048615513,89.69135258163566
2022-04-08,-295865.0,156811.0,21.925249575506914,90.19623420989855
2022-04-09,-295260.85714285716,157930.7142857143,22.05061664933315,90.88052648074837
2022-04-10,-294656.71428571426,159050.42857142858,22.175983723159387,91.56481875159821
2022-04-11,-294052.5714285714,160170.14285714287,22.301350796985624,92.24911102244803
2022-04-12,-293448.4285714286,161289.85714285713,22.426717870811864,92.93340329329786
2022-04-13,-292844.28571428574,162409.57142857142,22.5520849446381,93.61769556414768
2022-04-14,-292240.14285714284,163529.2857142857,22.677452018464336,94.30198783499752
2022-04-15,-291636.0,164649.0,22.802819092290573,94.98628010584734
2022-04-16,-292189.85714285716,165608.42857142858,22.857436369558332,95.57261678497817
2022-04-17,-292743.71428571426,166567.85714285713,22.91205364682609,96.158953464109
2022-04-18,-293297.5714285714,167527.2857142857,22.96667092409385,96.74529014323983
2022-04-19,-293851.4285714286,168486.7142857143,23.021288201361607,97.33162682237065
2022-04-20,-294405.28571428574,169446.14285714287,23.075905478629366,97.91796350150148
2022-04-21,-294959.14285714284,170405.57142857142,23.130522755897125,98.50430018063231
2022-04-22,-295513.0,171365.0,23.185140033164885,99.09063685976314
2022-04-23,-295163.4285714286,170696.85714285713,23.261248376876303,98.68231395203608
2022-04-24,-294813.85714285716,170028.7142857143,23.33735672058772,98.27399104430903
2022-04-25,-294464.28571428574,169360.57142857142,23.41346506429914,97.86566813658197
2022-04-26,-294114.71428571426,168692.42857142858,23.489573408010557,97.45734522885493
2022-04-27,-293765.14285714284,168024.2857142857,23.565681751721975,97.04902232112788
2022-04-28,-293415.5714285714,167356.14285714287,23.641790095433393,96.64069941340082
2022-04-29,-293066.0,166688.0,23.71789843914481,96.23237650567377
2022-04-30,-291414.5714285714,164019.85714285713,23.601177615208435,94.60179131268293
2022-05-01,-289763.14285714284,161351.7142857143,23.484456791272056,92.97120611969208
2022-05-02,-288111.71428571426,158683.57142857142,23.36773596733568,91.34062092670125
2022-05-03,-286460.28571428574,156015.42857142858,23.2510151433993,89.71003573371041
2022-05-04,-284808.85714285716,153347.2857142857,23.134294319462924,88.07945054071958
2022-05-05,-283157.4285714286,150679.14285714284,23.017573495526545,86.44886534772873
2022-05-06,-281506.0,148011.0,22.90085267159017,84.81828015473789
2022-05-07,-279363.28571428574,144945.2857142857,22.587885579828363,82.9447266803264
2022-05-08,-277220.5714285714,141879.57142857142,22.274918488066554,81.07117320591492
2022-05-09,-275077.85714285716,138813.85714285713,21.961951396304748,79.19761973150342
2022-05-10,-272935.14285714284,135748.14285714287,21.64898430454294,77.32406625709193
2022-05-11,-270792.4285714286,132682.42857142858,21.336017212781133,75.45051278268043
2022-05-12,-268649.71428571426,129616.71428571429,21.023050121019324,73.57695930826895
2022-05-13,-266507.0,126551.0,20.710083029257518,71.70340583385746
2022-05-14,-266016.71428571426,128762.14285714286,20.949157760865567,73.05470409466552
2022-05-15,-265526.4285714286,130973.28571428571,21.188232492473617,74.40600235547359
2022-05-16,-265036.14285714284,133184.42857142858,21.427307224081666,75.75730061628165
2022-05-17,-264545.85714285716,135395.57142857142,21.66638195568971,77.1085988770897
2022-05-18,-264055.5714285714,137606.7142857143,21.90545668729776,78.45989713789777
2022-05-19,-263565.28571428574,139817.85714285716,22.14453141890581,79.81119539870583
2022-05-20,-263075.0,142029.0,22.38360615051386,81.1624936595139
2022-05-21,-263932.71428571426,144382.7142857143,22.556625129775195,82.60092176037148
2022-05-22,-264790.4285714286,146736.42857142858,22.729644109036528,84.03934986122907
2022-05-23,-265648.14285714284,149090.14285714287,22.902663088297864,85.47777796208665
2022-05-24,-266505.85714285716,151443.85714285713,23.075682067559196,86.91620606294424
2022-05-25,-267363.5714285714,153797.57142857142,23.248701046820532,88.35463416380182
2022-05-26,-268221.28571428574,156151.2857142857,23.421720026081864,89.7930622646594
2022-05-27,-269079.0,158505.0,23.5947390053432,91.23149036551699
2022-05-28,-269988.85714285716,158741.2857142857,23.53608103670038,91.37589192407602
2022-05-29,-270898.71428571426,158977.57142857142,23.477423068057565,91.52029348263503
2022-05-30,-271808.5714285714,159213.85714285713,23.418765099414745,91.66469504119405
2022-05-31,-272718.4285714286,159450.14285714287,23.360107130771926,91.80909659975308
2022-06-01,-273628.28571428574,159686.42857142858,23.301449162129106,91.9534981583121
2022-06-02,-274538.14285714284,159922.7142857143,23.24279119348629,92.09789971687111
2022-06-03,-275448.0,160159.0,23.18413322484347,92.24230127543014
2022-06-04,-273542.71428571426,159229.7142857143,23.03676912739648,91.67438583502721
2022-06-05,-271637.4285714286,158300.42857142858,22.889405029949486,91.10647039462428
2022-06-06,-269732.14285714284,157371.14285714287,22.742040932502494,90.53855495422135
2022-06-07,-267826.85714285716,156441.85714285713,22.5946768350555,89.97063951381844
2022-06-08,-265921.5714285714,155512.57142857142,22.447312737608506,89.40272407341551
2022-06-09,-264016.28571428574,154583.2857142857,22.299948640161514,88.83480863301259
2022-06-10,-262111.0,153654.0,22.15258454271452,88.26689319260966
2022-06-11,-262927.0,154329.0,22.206224035834563,88.67940671388618
2022-06-12,-263743.0,155004.0,22.259863528954607,89.09192023516272
2022-06-13,-264559.0,155679.0,22.31350302207465,89.50443375643924
2022-06-14,-265375.0,156354.0,22.36714251519469,89.91694727771578
2022-06-15,-266191.0,157029.0,22.42078200831473,90.3294607989923
2022-06-16,-267007.0,157704.0,22.474421501434776,90.74197432026884
2022-06-17,-267823.0,158379.0,22.528060994554817,91.15448784154536
2022-06-18,-267308.85714285716,157084.2857142857,22.458148713364732,90.36324762073495
2022-06-19,-266794.71428571426,155789.57142857142,22.388236432174647,89.57200739992454
2022-06-20,-266280.5714285714,154494.85714285713,22.318324150984562,88.78076717911414
2022-06-21,-265766.4285714286,153200.14285714287,22.248411869794477,87.98952695830374
2022-06-22,-265252.28571428574,151905.42857142858,22.178499588604392,87.19828673749333
2022-06-23,-264738.14285714284,150610.7142857143,22.108587307414307,86.40704651668293
2022-06-24,-264224.0,149316.0,22.038675026224222,85.61580629587252
2022-06-25,-256860.14285714287,145501.57142857142,21.978504410795114,83.28469020452764
2022-06-26,-249496.2857142857,141687.14285714287,21.918333795366003,80.95357411318274
2022-06-27,-242132.42857142858,137872.7142857143,21.858163179936895,78.62245802183786
2022-06-28,-234768.57142857142,134058.2857142857,21.797992564507787,76.29134193049298
2022-06-29,-227404.7142857143,130243.85714285714,21.73782194907868,73.9602258391481
2022-06-30,-220040.85714285716,126429.42857142858,21.677651333649568,71.6291097478032
2022-07-01,-212677.0,122615.0,21.61748071822046,69.29799365645832
2022-07-02,-210565.57142857142,119626.71428571429,21.442353753866925,67.47175919337633
2022-07-03,-208454.14285714287,116638.42857142857,21.26722678951339,65.64552473029433
2022-07-04,-206342.7142857143,113650.14285714286,21.092099825159856,63.81929026721234
2022-07-05,-204231.2857142857,110661.85714285714,20.916972860806325,61.99305580413035
2022-07-06,-202119.85714285713,107673.57142857143,20.74184589645279,60.166821341048355
2022-07-07,-200008.42857142858,104685.28571428571,20.566718932099256,58.34058687796636
2022-07-08,-197897.0,101697.0,20.391591967745722,56.51435241488437
2022-07-09,-196223.0,100131.0,20.07681011839375,55.557321045522826
2022-07-10,-194549.0,98565.0,19.762028269041785,54.600289676161275
2022-07-11,-192875.0,96999.0,19.447246419689815,53.64325830679973
2022-07-12,-191201.0,95433.0,19.13246457033785,52.686226937438185
2022-07-13,-189527.0,93867.0,18.81768272098588,51.72919556807664
2022-07-14,-187853.0,92301.0,18.502900871633912,50.77216419871509
2022-07-15,-186179.0,90735.0,18.188119022281942,49.815132829353544
2022-07-16,-183665.42857142858,89640.0,18.02121200654464,49.14594422817162
2022-07-17,-181151.85714285713,88545.0,17.854304990807336,48.4767556269897
2022-07-18,-178638.2857142857,87450.0,17.687397975070034,47.80756702580778
2022-07-19,-176124.7142857143,86355.0,17.520490959332733,47.13837842462585
2022-07-20,-173611.14285714287,85260.0,17.35358394359543,46.46918982344393
2022-07-21,-171097.57142857142,84165.0,17.186676927858127,45.800001222262004
2022-07-22,-168584.0,83070.0,17.019769912120825,45.13081262108008
2022-07-23,-165768.42857142858,83483.14285714286,17.14778893285958,45.383297087436
2022-07-24,-162952.85714285713,83896.28571428571,17.275807953598335,45.63578155379192
2022-07-25,-160137.2857142857,84309.42857142857,17.40382697433709,45.88826602014784
2022-07-26,-157321.7142857143,84722.57142857143,17.531845995075848,46.14075048650376
2022-07-27,-154506.14285714287,85135.71428571429,17.659865015814603,46.39323495285968
2022-07-28,-151690.57142857142,85548.85714285714,17.787884036553358,46.6457194192156
2022-07-29,-148875.0,85962.0,17.915903057292113,46.89820388557152
2022-07-30,-149944.14285714287,87973.57142857143,18.139051497539445,48.12753783120005
2022-07-31,-151013.2857142857,89985.14285714286,18.362199937786777,49.35687177682858
2022-08-01,-152082.42857142858,91996.71428571429,18.58534837803411,50.58620572245711
2022-08-02,-153151.57142857142,94008.28571428571,18.808496818281437,51.815539668085634
2022-08-03,-154220.7142857143,96019.85714285714,19.03164525852877,53.04487361371417
2022-08-04,-155289.85714285713,98031.42857142858,19.2547936987761,54.27420755934269
2022-08-05,-156359.0,100043.0,19.477942139023433,55.503541504971224
2022-08-06,-155933.85714285713,100373.14285714286,19.499671294459382,55.70530208648869
2022-08-07,-155508.7142857143,100703.28571428571,19.52140044989533,55.90706266800617
2022-08-08,-155083.57142857142,101033.42857142857,19.54312960533128,56.10882324952364
2022-08-09,-154658.42857142858,101363.57142857143,19.564858760767226,56.310583831041114
2022-08-10,-154233.2857142857,101693.71428571429,19.586587916203175,56.51234441255858
2022-08-11,-153808.14285714287,102023.85714285714,19.608317071639124,56.71410499407606
2022-08-12,-153383.0,102354.0,19.630046227075074,56.91586557559353
2022-08-13,-151350.2857142857,102232.28571428571,19.553457648900583,56.841482185090335
2022-08-14,-149317.57142857142,102110.57142857143,19.476869070726092,56.767098794587135
2022-08-15,-147284.85714285713,101988.85714285714,19.4002804925516,56.69271540408394
2022-08-16,-145252.14285714287,101867.14285714286,19.32369191437711,56.61833201358074
2022-08-17,-143219.42857142858,101745.42857142857,19.24710333620262,56.54394862307755
2022-08-18,-141186.7142857143,101623.71428571429,19.17051475802813,56.46956523257435
2022-08-19,-139154.0,101502.0,19.09392617985364,56.39518184207115
2022-08-20,-139600.14285714287,102908.14285714286,19.268086306075197,57.254519533060545
2022-08-21,-140046.2857142857,104314.28571428571,19.442246432296756,58.11385722404993
2022-08-22,-140492.42857142858,105720.42857142857,19.616406558518314,58.97319491503932
2022-08-23,-140938.57142857142,107126.57142857143,19.790566684739872,59.83253260602871
2022-08-24,-141384.7142857143,108532.71428571429,19.96472681096143,60.6918702970181
2022-08-25,-141830.85714285713,109938.85714285714,20.13888693718299,61.55120798800749
2022-08-26,-142277.0,111345.0,20.313047063404547,62.410545678996876
2022-08-27,-141537.85714285713,110317.0,20.269745374261465,61.78230286437129
2022-08-28,-140798.7142857143,109289.0,20.22644368511838,61.1540600497457
2022-08-29,-140059.57142857142,108261.0,20.183141995975298,60.525817235120115
2022-08-30,-139320.42857142858,107233.0,20.139840306832212,59.89757442049453
2022-08-31,-138581.2857142857,106205.0,20.09653861768913,59.26933160586894
2022-09-01,-137842.14285714287,105177.0,20.053236928546045,58.641088791243355
2022-09-02,-137103.0,104149.0,20.009935239402964,58.01284597661777
2022-09-03,-136634.42857142858,103494.71428571429,19.89673051804801,57.61299160043862
2022-09-04,-136165.85714285713,102840.42857142857,19.78352579669306,57.21313722425946
2022-09-05,-135697.2857142857,102186.14285714286,19.670321075338105,56.81328284808031
2022-09-06,-135228.7142857143,101531.85714285714,19.55711635398315,56.413428471901156
2022-09-07,-134760.14285714287,100877.57142857143,19.443911632628197,56.01357409572201
2022-09-08,-134291.57142857142,100223.28571428571,19.330706911273246,55.61371971954285
2022-09-09,-133823.0,99569.0,19.217502189918292,55.2138653433637
2022-09-10,-134805.42857142858,101739.28571428571,19.307946264766034,56.540194531772805
2022-09-11,-135787.85714285713,103909.57142857143,19.398390339613776,57.86652372018191
2022-09-12,-136770.2857142857,106079.85714285714,19.488834414461518,59.19285290859101
2022-09-13,-137752.7142857143,108250.14285714286,19.579278489309264,60.51918209700011
2022-09-14,-138735.14285714287,110420.42857142857,19.669722564157006,61.845511285409216
2022-09-15,-139717.57142857142,112590.71428571429,19.760166639004748,63.17184047381832
2022-09-16,-140700.0,114761.0,19.85061071385249,64.49816966222743
2022-09-17,-139353.7142857143,113721.42857142857,19.691005318839128,63.8628551872371
2022-09-18,-138007.42857142858,112681.85714285714,19.53139992382577,63.22754071224677
2022-09-19,-136661.14285714287,111642.28571428571,19.37179452881241,62.59222623725645
2022-09-20,-135314.85714285713,110602.71428571429,19.21218913379905,61.95691176226612
2022-09-21,-133968.57142857142,109563.14285714286,19.05258373878569,61.32159728727579
2022-09-22,-132622.2857142857,108523.57142857142,18.89297834377233,60.68628281228547
2022-09-23,-131276.0,107484.0,18.73337294875897,60.05096833729514
2022-09-24,-130294.0,105952.42857142857,18.298484941610386,59.11497734012992
2022-09-25,-129312.0,104420.85714285714,17.8635969344618,58.1789863429647
2022-09-26,-128330.0,102889.28571428571,17.428708927313217,57.24299534579948
2022-09-27,-127348.0,101357.71428571429,16.993820920164634,56.307004348634266
2022-09-28,-126366.0,99826.14285714286,16.55893291301605,55.371013351469045
2022-09-29,-125384.0,98294.57142857142,16.124044905867464,54.435022354303825
2022-09-30,-124402.0,96763.0,15.689156898718881,53.499031357138605
2022-10-01,-123057.42857142857,93991.28571428571,15.448061417522197,51.80515043866089
2022-10-02,-121712.85714285714,91219.57142857143,15.206965936325513,50.11126952018318
2022-10-03,-120368.28571428571,88447.85714285714,14.96587045512883,48.41738860170546
2022-10-04,-119023.71428571429,85676.14285714286,14.724774973932147,46.723507683227744
2022-10-05,-117679.14285714286,82904.42857142857,14.483679492735464,45.029626764750034
2022-10-06,-116334.57142857142,80132.71428571429,14.24258401153878,43.33574584627232
2022-10-07,-114990.0,77361.0,14.001488530342096,41.6418649277946
2022-10-08,-113565.0,75681.71428571429,13.792334772459515,40.61560113041776
2022-10-09,-112140.0,74002.42857142857,13.583181014576937,39.58933733304091
2022-10-10,-110715.0,72323.14285714286,13.374027256694356,38.56307353566407
2022-10-11,-109290.0,70643.85714285714,13.164873498811778,37.536809738287225
2022-10-12,-107865.0,68964.57142857143,12.955719740929197,36.51054594091038
2022-10-13,-106440.0,67285.28571428571,12.746565983046619,35.484282143533534
2022-10-14,-105015.0,65606.0,12.537412225164038,34.45801834615669
2022-10-15,-104582.57142857143,65769.28571428571,12.503427496684235,34.557807331303586
2022-10-16,-104150.14285714286,65932.57142857143,12.469442768204434,34.65759631645048
2022-10-17,-103717.71428571429,66095.85714285714,12.435458039724631,34.757385301597374
2022-10-18,-103285.28571428571,66259.14285714286,12.401473311244828,34.85717428674426
2022-10-19,-102852.85714285714,66422.42857142857,12.367488582765025,34.956963271891155
2022-10-20,-102420.42857142857,66585.71428571429,12.333503854285224,35.05675225703805
2022-10-21,-101988.0,66749.0,12.299519125805421,35.15654124218494
2022-10-22,-103168.28571428571,68004.14285714286,12.60685162945793,35.92359813063692
2022-10-23,-104348.57142857143,69259.28571428571,12.914184133110437,36.690655019088894
2022-10-24,-105528.85714285714,70514.42857142857,13.221516636762946,37.45771190754087
2022-10-25,-106709.14285714286,71769.57142857143,13.528849140415454,38.22476879599284
2022-10-26,-107889.42857142857,73024.71428571429,13.836181644067963,38.99182568444481
2022-10-27,-109069.71428571429,74279.85714285714,14.14351414772047,39.75888257289679
2022-10-28,-110250.0,75535.0,14.450846651372979,40.52593946134876
2022-10-29,-113896.71428571429,79358.14285714286,15.242174018180267,42.86238112407944
2022-10-30,-117543.42857142857,83181.28571428571,16.033501384987556,45.19882278681012
2022-10-31,-121190.14285714286,87004.42857142858,16.824828751794843,47.5352644495408
2022-11-01,-124836.85714285714,90827.57142857143,17.61615611860213,49.871706112271475
2022-11-02,-128483.57142857142,94650.71428571429,18.40748348540942,52.20814777500215
2022-11-03,-132130.2857142857,98473.85714285714,19.198810852216706,54.54458943773283
2022-11-04,-135777.0,102297.0,19.990138219023994,56.88103110046351
2022-11-05,-136296.0,102736.28571428571,19.888037101053925,56.31429543000576
2022-11-06,-136815.0,103175.57142857143,19.785935983083856,55.747559759548
2022-11-07,-137334.0,103614.85714285714,19.683834865113788,55.180824089090244
2022-11-08,-137853.0,104054.14285714286,19.581733747143716,54.61408841863249
2022-11-09,-138372.0,104493.42857142857,19.479632629173647,54.04735274817474
2022-11-10,-138891.0,104932.71428571429,19.37753151120358,53.48061707771698
2022-11-11,-139410.0,105372.0,19.27543039323351,52.913881407259225
2022-11-12,-138446.42857142858,103973.0,19.120426909839093,51.85430761178493
2022-11-13,-137482.85714285713,102574.0,18.965423426444673,50.79473381631063
2022-11-14,-136519.2857142857,101175.0,18.810419943050256,49.73516002083634
2022-11-15,-135555.7142857143,99776.0,18.655416459655836,48.675586225362046
2022-11-16,-134592.14285714287,98377.0,18.50041297626142,47.61601242988775
2022-11-17,-133628.57142857142,96978.0,18.345409492867,46.55643863441345
2022-11-18,-132665.0,95579.0,18.190406009472582,45.49686483893916
2022-11-19,-132091.42857142858,93901.42857142857,17.998168747134653,44.31363500337013
2022-11-20,-131517.85714285713,92223.85714285714,17.805931484796723,43.1304051678011
2022-11-21,-130944.28571428571,90546.28571428571,17.613694222458793,41.947175332232064
2022-11-22,-130370.71428571429,88868.71428571429,17.42145696012086,40.763945496663034
2022-11-23,-129797.14285714286,87191.14285714286,17.22921969778293,39.580715661094004
2022-11-24,-129223.57142857143,85513.57142857142,17.036982435445,38.397485825524974
2022-11-25,-128650.0,83836.0,16.84474517310707,37.214255989955944
2022-11-26,-130598.28571428571,86601.71428571429,17.161770266380458,38.885946353056376
2022-11-27,-132546.57142857142,89367.42857142857,17.478795359653848,40.5576367161568
2022-11-28,-134494.85714285713,92133.14285714286,17.795820452927234,42.22932707925723
2022-11-29,-136443.14285714287,94898.85714285714,18.112845546200624,43.90101744235766
2022-11-30,-138391.42857142858,97664.57142857143,18.42987063947401,45.572707805458094
2022-12-01,-140339.7142857143,100430.28571428571,18.746895732747397,47.24439816855852
2022-12-02,-142288.0,103196.0,19.063920826020787,48.91608853165895
2022-12-03,-140942.42857142858,102847.28571428571,19.288062916770173,48.434667282337344
2022-12-04,-139596.85714285713,102498.57142857143,19.512205007519555,47.953246033015745
2022-12-05,-138251.2857142857,102149.85714285714,19.73634709826894,47.47182478369414
2022-12-06,-136905.7142857143,101801.14285714286,19.960489189018322,46.99040353437253
2022-12-07,-135560.14285714287,101452.42857142857,20.184631279767707,46.50898228505093
2022-12-08,-134214.57142857142,101103.71428571429,20.40877337051709,46.02756103572933
2022-12-09,-132869.0,100755.0,20.632915461266474,45.54613978640772
2022-12-10,-136795.14285714287,103568.85714285714,20.86366944242969,46.3452472490568
2022-12-11,-140721.2857142857,106382.71428571429,21.0944234235929,47.14435471170588
2022-12-12,-144647.42857142858,109196.57142857142,21.325177404756115,47.943462174354956
2022-12-13,-148573.57142857142,112010.42857142857,21.555931385919326,48.74256963700404
2022-12-14,-152499.7142857143,114824.28571428571,21.78668536708254,49.541677099653114
2022-12-15,-156425.85714285716,117638.14285714286,22.01743934824575,50.34078456230219
2022-12-16,-160352.0,120452.0,22.248193329408966,51.13989202495127
2022-12-17,-161043.85714285713,121348.28571428571,22.3950316239605,51.97561303746044
2022-12-18,-161735.7142857143,122244.57142857143,22.541869918512027,52.8113340499696
2022-12-19,-162427.57142857142,123140.85714285714,22.68870821306356,53.64705506247877
2022-12-20,-163119.42857142858,124037.14285714286,22.835546507615092,54.48277607498793
2022-12-21,-163811.2857142857,124933.42857142857,22.982384802166624,55.3184970874971
2022-12-22,-164503.14285714287,125829.71428571429,23.129223096718153,56.15421810000626
2022-12-23,-165195.0,126726.0,23.276061391269685,56.98993911251543
2022-12-24,-165431.2857142857,127085.71428571429,23.52156480697881,57.325346429936225
2022-12-25,-165667.57142857142,127445.42857142857,23.76706822268793,57.66075374735703
2022-12-26,-165903.85714285713,127805.14285714286,24.012571638397052,57.99616106477782
2022-12-27,-166140.14285714287,128164.85714285714,24.258075054106175,58.331568382198625
2022-12-28,-166376.42857142858,128524.57142857143,24.5035784698153,58.66697569961942
2022-12-29,-166612.7142857143,128884.28571428571,24.74908188552442,59.00238301704022
2022-12-30,-166849.0,129244.0,24.994585301233542,59.33779033446102
2022-12-31,-168653.0,131189.7142857143,25.303120736994043,61.15202689652268
2023-01-01,-170457.0,133135.42857142858,25.611656172754547,62.966263458584336
2023-01-02,-172261.0,135081.14285714287,25.920191608515047,64.78050002064599
2023-01-03,-174065.0,137026.85714285713,26.228727044275548,66.59473658270765
2023-01-04,-175869.0,138972.57142857142,26.53726248003605,68.4089731447693
2023-01-05,-177673.0,140918.2857142857,26.845797915796553,70.22320970683097
2023-01-06,-179477.0,142864.0,27.154333351557053,72.03744626889262
2023-01-07,-178519.7142857143,141404.42857142858,26.84991466486527,70.67650243962801
2023-01-08,-177562.42857142858,139944.85714285713,26.545495978173484,69.31555861036341
2023-01-09,-176605.14285714287,138485.2857142857,26.2410772914817,67.9546147810988
2023-01-10,-175647.85714285713,137025.7142857143,25.93665860478992,66.59367095183418
2023-01-11,-174690.57142857142,135566.14285714287,25.632239918098136,65.23272712256959
2023-01-12,-173733.2857142857,134106.57142857142,25.32782123140635,63.87178329330497
2023-01-13,-172776.0,132647.0,25.023402544714568,62.510839464040366
2023-01-14,-176587.2857142857,137751.7142857143,25.514192628831974,67.27061296419816
2023-01-15,-180398.57142857142,142856.42857142858,26.004982712949378,72.03038646435597
2023-01-16,-184209.85714285713,147961.14285714284,26.495772797066785,76.79015996451376
2023-01-17,-188021.14285714287,153065.85714285713,26.98656288118419,81.54993346467157
2023-01-18,-191832.42857142858,158170.57142857142,27.4773529653016,86.30970696482936
2023-01-19,-195643.7142857143,163275.2857142857,27.968143049419,91.06948046498717
2023-01-20,-199455.0,168380.0,28.45893313353641,95.82925396514497
2023-01-21,-198130.7142857143,165416.85714285713,28.059022493898432,93.06633951798763
2023-01-22,-196806.42857142858,162453.7142857143,27.659111854260455,90.3034250708303
2023-01-23,-195482.14285714287,159490.57142857142,27.25920121462248,87.54051062367296
2023-01-24,-194157.85714285713,156527.42857142858,26.859290574984506,84.77759617651563
2023-01-25,-192833.57142857142,153564.2857142857,26.45937993534653,82.01468172935829
2023-01-26,-191509.2857142857,150601.14285714284,26.059469295708553,79.25176728220094
2023-01-27,-190185.0,147638.0,25.659558656070576,76.48885283504362
2023-01-28,-193301.2857142857,151580.0,25.99221584657892,79.84758814432297
2023-01-29,-196417.57142857142,155522.0,26.32487303708726,83.20632345360232
2023-01-30,-199533.85714285713,159464.0,26.657530227595604,86.56505876288168
2023-01-31,-202650.14285714287,163406.0,26.990187418103943,89.92379407216103
2023-02-01,-205766.42857142858,167348.0,27.322844608612286,93.28252938144038
2023-02-02,-208882.7142857143,171290.0,27.65550179912063,96.64126469071974
2023-02-03,-211999.0,175232.0,27.98815898962897,99.99999999999909
2023-02-04,-212173.57142857142,173899.85714285713,27.72183527208498,98.78482945912116
2023-02-05,-212348.14285714287,172567.7142857143,27.455511554540994,97.56965891824322
2023-02-06,-212522.7142857143,171235.57142857142,27.189187836997004,96.35448837736529
2023-02-07,-212697.2857142857,169903.42857142858,26.922864119453017,95.13931783648734
2023-02-08,-212871.85714285713,168571.2857142857,26.656540401909027,93.9241472956094
2023-02-09,-213046.42857142858,167239.14285714287,26.390216684365036,92.70897675473147
2023-02-10,-213221.0,165907.0,26.12389296682105,91.49380621385353
2023-02-11,-216062.42857142858,168198.57142857142,26.20413786200734,92.70897675473148
2023-02-12,-218903.85714285713,170490.14285714287,26.284382757193633,93.92414729560942
2023-02-13,-221745.2857142857,172781.7142857143,26.364627652379923,95.13931783648736
2023-02-14,-224586.7142857143,175073.2857142857,26.444872547566213,96.3544883773653
2023-02-15,-227428.14285714287,177364.85714285713,26.525117442752503,97.56965891824325
2023-02-16,-230269.57142857142,179656.42857142858,26.605362337938796,98.7848294591212
2023-02-17,-233111.0,181948.0,26.685607233125086,99.99999999999913
2023-02-18,-232820.57142857142,182675.0,26.800397023972014,99.99999999999913
2023-02-19,-232530.14285714287,183402.0,26.915186814818945,99.99999999999915
2023-02-20,-232239.7142857143,184129.0,27.029976605665873,99.99999999999915
2023-02-21,-231949.2857142857,184856.0,27.1447663965128,99.99999999999916
2023-02-22,-231658.85714285713,185583.0,27.259556187359728,99.99999999999916
2023-02-23,-231368.42857142858,186310.0,27.37434597820666,99.99999999999918
2023-02-24,-231078.0,187037.0,27.489135769053586,99.99999999999918
2023-02-25,-229347.2857142857,178964.42857142858,26.945667804722152,93.35213295734009
2023-02-26,-227616.57142857142,170891.85714285713,26.40219984039072,86.70426591468099
2023-02-27,-225885.85714285713,162819.2857142857,25.858731876059288,80.0563988720219
2023-02-28,-224155.14285714287,154746.7142857143,25.315263911727854,73.4085318293628
2023-03-01,-222424.42857142858,146674.14285714284,24.77179594739642,66.76066478670371
2023-03-02,-220693.7142857143,138601.57142857142,24.228327983064986,60.11279774404462
2023-03-03,-218963.0,130529.0,23.684860018733552,53.464930701385526
2023-03-04,-221372.2857142857,133971.14285714287,23.88898458752391,56.29957989075466
2023-03-05,-223781.57142857142,137413.2857142857,24.093109156314274,59.13422908012379
2023-03-06,-226190.85714285713,140855.42857142858,24.297233725104633,61.96887826949292
2023-03-07,-228600.14285714287,144297.57142857142,24.501358293894995,64.80352745886205
2023-03-08,-231009.42857142858,147739.7142857143,24.705482862685354,67.63817664823118
2023-03-09,-233418.7142857143,151181.85714285716,24.909607431475717,70.47282583760031
2023-03-10,-235828.0,154624.0,25.113732000266076,73.30747502696944
2023-03-11,-233813.57142857142,150727.14285714287,24.52835828639086,70.098362738627
2023-03-12,-231799.14285714287,146830.2857142857,23.94298457251564,66.88925045028456
2023-03-13,-229784.7142857143,142933.42857142858,23.357610858640427,63.68013816194212
2023-03-14,-227770.2857142857,139036.57142857142,22.77223714476521,60.47102587359967
2023-03-15,-225755.85714285713,135139.7142857143,22.186863430889993,57.26191358525723
2023-03-16,-223741.42857142858,131242.85714285716,21.601489717014775,54.052801296914794
2023-03-17,-221727.0,127346.0,21.016116003139558,50.84368900857235
2023-03-18,-223083.2857142857,125004.28571428571,20.763938871881606,48.91525698897746
2023-03-19,-224439.57142857142,122662.57142857143,20.51176174062365,46.986824969382575
2023-03-20,-225795.85714285713,120320.85714285714,20.2595846093657,45.05839294978769
2023-03-21,-227152.14285714287,117979.14285714286,20.007407478107748,43.1299609301928
2023-03-22,-228508.42857142858,115637.42857142857,19.755230346849796,41.201528910597915
2023-03-23,-229864.7142857143,113295.71428571429,19.50305321559184,39.27309689100303
2023-03-24,-231221.0,110954.0,19.25087608433389,37.34466487140814
2023-03-25,-229124.2857142857,109161.14285714286,18.96590171543332,35.86822381199405
2023-03-26,-227027.57142857142,107368.28571428571,18.68092734653275,34.39178275257996
2023-03-27,-224930.85714285713,105575.42857142857,18.39595297763218,32.915341693165864
2023-03-28,-222834.14285714287,103782.57142857143,18.110978608731614,31.43890063375177
2023-03-29,-220737.42857142858,101989.71428571429,17.826004239831043,29.96245957433768
2023-03-30,-218640.7142857143,100196.85714285714,17.541029870930473,28.486018514923586
2023-03-31,-216544.0,98404.0,17.256055502029906,27.009577455509493
2023-04-01,-221198.14285714287,105103.28571428571,17.82871391216784,32.52652594006917
2023-04-02,-225852.2857142857,111802.57142857143,18.40137232230577,38.04347442462884
2023-04-03,-230506.42857142858,118501.85714285714,18.97403073244371,43.56042290918852
2023-04-04,-235160.57142857142,125201.14285714286,19.54668914258164,49.077371393748194
2023-04-05,-239814.7142857143,131900.42857142858,20.119347552719574,54.594319878307864
2023-04-06,-244468.85714285713,138599.7142857143,20.692005962857507,60.11126836286754
2023-04-07,-249123.0,145299.0,21.26466437299544,65.62821684742721
2023-04-08,-247103.85714285713,142356.14285714287,21.081244136394055,63.20473590528137
2023-04-09,-245084.7142857143,139413.2857142857,20.89782389979267,60.781254963135524
2023-04-10,-243065.57142857142,136470.42857142858,20.714403663191284,58.35777402098968
2023-04-11,-241046.42857142858,133527.57142857142,20.5309834265899,55.93429307884384
2023-04-12,-239027.2857142857,130584.71428571429,20.347563189988513,53.51081213669799
2023-04-13,-237008.14285714287,127641.85714285714,20.164142953387127,51.087331194552156
2023-04-14,-234989.0,124699.0,19.980722716785742,48.66385025240631
2023-04-15,-234920.14285714287,126260.57142857143,20.353098751148263,49.949824532920694
2023-04-16,-234851.2857142857,127822.14285714286,20.725474785510784,51.235798813435075
2023-04-17,-234782.42857142858,129383.71428571429,21.097850819873305,52.52177309394945
2023-04-18,-234713.57142857142,130945.28571428571,21.470226854235822,53.80774737446383
2023-04-19,-234644.7142857143,132506.85714285713,21.842602888598343,55.09372165497821
2023-04-20,-234575.85714285713,134068.42857142858,22.214978922960864,56.37969593549259
2023-04-21,-234507.0,135630.0,22.587354957323384,57.66567021600697
2023-04-22,-225112.7142857143,128701.71428571429,21.981077244767793,51.960137267842455
2023-04-23,-215718.42857142858,121773.42857142857,21.374799532212204,46.25460431967794
2023-04-24,-206324.14285714287,114845.14285714286,20.768521819656613,40.54907137151341
2023-04-25,-196929.85714285716,107916.85714285714,20.162244107101024,34.843538423348896
2023-04-26,-187535.57142857142,100988.57142857142,19.555966394545433,29.13800547518438
2023-04-27,-178141.2857142857,94060.28571428571,18.949688681989844,23.432472527019854
2023-04-28,-168747.0,87132.0,18.343410969434252,17.726939578855337
2023-04-29,-165586.14285714287,82540.28571428571,18.254394157552248,15.19451963901886
2023-04-30,-162425.2857142857,77948.57142857143,18.165377345670247,12.662099699182384
2023-05-01,-159264.42857142858,73356.85714285714,18.076360533788243,10.129679759345906
2023-05-02,-156103.57142857142,68765.14285714286,17.987343721906242,7.59725981950943
2023-05-03,-152942.7142857143,64173.42857142857,17.898326910024238,5.064839879672954
2023-05-04,-149781.85714285716,59581.71428571429,17.809310098142237,2.532419939836476
2023-05-05,-146621.0,54990.0,17.720293286260233,0.0
2023-05-06,-144972.0,54243.28571428572,17.646081853996115,0.0
2023-05-07,-143323.0,53496.57142857143,17.571870421731997,0.0
2023-05-08,-141674.0,52749.857142857145,17.49765898946788,0.0
2023-05-09,-140025.0,52003.142857142855,17.423447557203765,0.0
2023-05-10,-138376.0,51256.42857142857,17.349236124939647,0.0
2023-05-11,-136727.0,50509.71428571429,17.27502469267553,0.0
2023-05-12,-135078.0,49763.0,17.20081326041141,0.0
2023-05-13,-130680.71428571429,45770.857142857145,16.97940109715308,0.0
2023-05-14,-126283.42857142857,41778.71428571428,16.757988933894747,0.0
2023-05-15,-121886.14285714286,37786.57142857143,16.536576770636415,0.0
2023-05-16,-117488.85714285714,33794.42857142857,16.315164607378083,0.0
2023-05-17,-113091.57142857142,29802.285714285714,16.09375244411975,0.0
2023-05-18,-108694.28571428571,25810.142857142855,15.87234028086142,0.0
2023-05-19,-104297.0,21818.0,15.650928117603089,0.0
2023-05-20,-102169.28571428571,18802.571428571428,15.299419358435465,0.0
2023-05-21,-100041.57142857143,15787.142857142857,14.947910599267841,0.0
2023-05-22,-97913.85714285714,12771.714285714286,14.596401840100217,0.0
2023-05-23,-95786.14285714286,9756.285714285714,14.244893080932595,0.0
2023-05-24,-93658.42857142857,6740.857142857141,13.893384321764971,0.0
2023-05-25,-91530.71428571429,3725.4285714285725,13.541875562597347,0.0
2023-05-26,-89403.0,710.0,13.190366803429724,0.0
2023-05-27,-88791.0,928.2857142857142,12.990853391343913,0.11715195021962096
2023-05-28,-88179.0,1146.5714285714284,12.791339979258105,0.23430390043924193
2023-05-29,-87567.0,1364.857142857143,12.591826567172294,0.35145585065886287
2023-05-30,-86955.0,1583.142857142857,12.392313155086484,0.46860780087848386
2023-05-31,-86343.0,1801.4285714285713,12.192799743000673,0.5857597510981049
2023-06-01,-85731.0,2019.7142857142858,11.993286330914865,0.7029117013177257
2023-06-02,-85119.0,2238.0,11.793772918829054,0.8200636515373467
2023-06-03,-85879.14285714286,3911.4285714285716,11.908062237669718,1.718177489804781
2023-06-04,-86639.28571428571,5584.857142857143,12.02235155651038,2.6162913280722155
2023-06-05,-87399.42857142857,7258.285714285714,12.136640875351043,3.5144051663396496
2023-06-06,-88159.57142857143,8931.714285714286,12.250930194191707,4.412519004607084
2023-06-07,-88919.71428571429,10605.142857142857,12.36521951303237,5.310632842874519
2023-06-08,-89679.85714285714,12278.571428571428,12.479508831873032,6.208746681141953
2023-06-09,-90440.0,13952.0,12.593798150713695,7.106860519409388
2023-06-10,-92585.85714285714,19074.714285714286,12.987644115002404,9.856174513470505
2023-06-11,-94731.71428571429,24197.428571428572,13.381490079291112,12.605488507531621
2023-06-12,-96877.57142857142,29320.142857142855,13.77533604357982,15.35480250159274
2023-06-13,-99023.42857142857,34442.857142857145,14.16918200786853,18.104116495653855
2023-06-14,-101169.28571428571,39565.57142857143,14.563027972157238,20.853430489714974
2023-06-15,-103315.14285714286,44688.28571428571,14.956873936445946,23.602744483776092
2023-06-16,-105461.0,49811.0,15.350719900734655,26.352058477837208
2023-06-17,-109186.42857142857,54611.28571428572,15.693231655587704,28.92832800092602
2023-06-18,-112911.85714285714,59411.57142857143,16.035743410440755,31.50459752401483
2023-06-19,-116637.28571428571,64211.857142857145,16.378255165293805,34.080867047103645
2023-06-20,-120362.71428571429,69012.14285714286,16.720766920146854,36.657136570192456
2023-06-21,-124088.14285714286,73812.42857142858,17.063278674999903,39.23340609328127
2023-06-22,-127813.57142857142,78612.71428571429,17.405790429852953,41.80967561637008
2023-06-23,-131539.0,83413.0,17.748302184706002,44.38594513945889
2023-06-24,-136118.2857142857,85648.71428571429,18.231097579563063,45.58583258771613
2023-06-25,-140697.57142857142,87884.42857142857,18.713892974420123,46.78572003597338
2023-06-26,-145276.85714285716,90120.14285714286,19.196688369277183,47.98560748423061
2023-06-27,-149856.14285714287,92355.85714285714,19.67948376413424,49.185494932487856
2023-06-28,-154435.42857142858,94591.57142857143,20.1622791589913,50.3853823807451
2023-06-29,-159014.7142857143,96827.28571428571,20.64507455384836,51.58526982900234
2023-06-30,-163594.0,99063.0,21.12786994870542,52.785157277259586
2023-07-01,-161128.66666666666,97584.66666666667,21.06606471748031,51.99174927233635
2023-07-02,-158663.33333333334,96106.33333333333,21.0042594862552,51.198341267413106
2023-07-03,-156198.0,94628.0,20.942454255030093,50.40493326248986
2023-07-04,-153732.66666666666,93149.66666666667,20.88064902380498,49.611525257566626
2023-07-05,-151267.33333333334,91671.33333333333,20.81884379257987,48.81811725264339
2023-07-06,-148802.0,90193.0,20.75703856135476,48.024709247720146
2023-07-07,-149112.75,89449.375,20.657272269262922,47.62561249845676
2023-07-08,-149423.5,88705.75,20.557505977171083,47.22651574919337
2023-07-09,-149734.25,87962.125,20.457739685079243,46.827418999929975
2023-07-10,-150045.0,87218.5,20.357973392987404,46.42832225066659
2023-07-11,-150355.75,86474.875,20.258207100895564,46.029225501403204
2023-07-12,-150666.5,85731.25,20.158440808803725,45.63012875213981
2023-07-13,-150977.25,84987.625,20.058674516711886,45.23103200287642
2023-07-14,-151288.0,84244.0,19.958908224620046,44.83193525361303
2023-07-15,-152071.57142857142,85776.28571428571,19.96217208986661,45.654299008885054
2023-07-16,-152855.14285714287,87308.57142857143,19.965435955113172,46.47666276415708
2023-07-17,-153638.7142857143,88840.85714285714,19.968699820359735,47.299026519429106
2023-07-18,-154422.2857142857,90373.14285714286,19.971963685606298,48.121390274701135
2023-07-19,-155205.85714285713,91905.42857142857,19.97522755085286,48.94375402997316
2023-07-20,-155989.42857142858,93437.71428571429,19.978491416099423,49.766117785245186
2023-07-21,-156773.0,94970.0,19.981755281345986,50.58848154051721
2023-07-22,-161643.42857142858,97372.0,20.128569387616462,51.87761301367998
2023-07-23,-166513.85714285713,99774.0,20.275383493886935,53.16674448684274
2023-07-24,-171384.2857142857,102176.0,20.42219760015741,54.45587596000551
2023-07-25,-176254.7142857143,104578.0,20.569011706427883,55.745007433168276
2023-07-26,-181125.14285714287,106980.0,20.71582581269836,57.034138906331044
2023-07-27,-185995.57142857142,109382.0,20.86263991896883,58.323270379493806
2023-07-28,-190866.0,111784.0,21.009454025239307,59.612401852656575
2023-07-29,-189280.14285714287,108717.14285714286,20.763933808366616,57.9664476201207
2023-07-30,-187694.2857142857,105650.28571428571,20.51841359149393,56.32049338758482
2023-07-31,-186108.42857142858,102583.42857142858,20.272893374621237,54.67453915504893
2023-08-01,-184522.57142857142,99516.57142857143,20.02737315774855,53.028584922513055
2023-08-02,-182936.7142857143,96449.71428571429,19.781852940875858,51.38263068997718
2023-08-03,-181350.85714285713,93382.85714285714,19.53633272400317,49.7366764574413
2023-08-04,-179765.0,90316.0,19.29081250713048,48.09072222490542
2023-08-05,-176572.0,86410.42857142857,18.86322005272481,45.994637691492976
2023-08-06,-173379.0,82504.85714285714,18.43562759831914,43.89855315808053
2023-08-07,-170186.0,78599.28571428571,18.00803514391347,41.80246862466809
2023-08-08,-166993.0,74693.71428571429,17.580442689507798,39.70638409125564
2023-08-09,-163800.0,70788.14285714286,17.15285023510213,37.61029955784319
2023-08-10,-160607.0,66882.57142857142,16.72525778069646,35.51421502443075
2023-08-11,-157414.0,62977.0,16.29766532629079,33.4181304910183
2023-08-12,-154134.14285714287,61007.42857142857,16.044080307084762,32.36107948468459
2023-08-13,-150854.2857142857,59037.857142857145,15.790495287878732,31.304028478350876
2023-08-14,-147574.42857142858,57068.28571428571,15.536910268672704,30.246977472017164
2023-08-15,-144294.57142857142,55098.71428571428,15.283325249466674,29.18992646568345
2023-08-16,-141014.7142857143,53129.142857142855,15.029740230260646,28.132875459349737
2023-08-17,-137734.85714285716,51159.57142857143,14.776155211054617,27.075824453016025
2023-08-18,-134455.0,49190.0,14.522570191848589,26.01877344668231
2023-08-19,-134491.14285714287,49917.57142857143,14.540739342317357,26.409254390706216
2023-08-20,-134527.2857142857,50645.142857142855,14.558908492786125,26.799735334730123
2023-08-21,-134563.42857142858,51372.71428571428,14.577077643254894,27.19021627875403
2023-08-22,-134599.57142857142,52100.28571428572,14.595246793723662,27.58069722277794
2023-08-23,-134635.7142857143,52827.857142857145,14.61341594419243,27.971178166801845
2023-08-24,-134671.85714285713,53555.42857142857,14.6315850946612,28.36165911082575
2023-08-25,-134708.0,54283.0,14.649754245129968,28.752140054849658
2023-08-26,-138113.2857142857,58655.71428571428,14.974682877785158,31.098935895342052
2023-08-27,-141518.57142857142,63028.42857142857,15.299611510440347,33.44573173583444
2023-08-28,-144923.85714285713,67401.14285714286,15.624540143095537,35.79252757632684
2023-08-29,-148329.14285714287,71773.85714285714,15.949468775750725,38.13932341681923
2023-08-30,-151734.42857142858,76146.57142857142,16.274397408405914,40.48611925731163
2023-08-31,-155139.7142857143,80519.28571428571,16.599326041061104,42.83291509780402
2023-09-01,-158545.0,84892.0,16.924254673716295,45.17971093829641
2023-09-02,-157859.7142857143,83689.85714285714,16.787351335200395,44.53453184071911
2023-09-03,-157174.42857142858,82487.71428571429,16.650447996684495,43.889352743141814
2023-09-04,-156489.14285714287,81285.57142857143,16.5135446581686,43.244173645564516
2023-09-05,-155803.85714285713,80083.42857142857,16.3766413196527,42.598994547987225
2023-09-06,-155118.57142857142,78881.28571428571,16.2397379811368,41.95381545040993
2023-09-07,-154433.2857142857,77679.14285714286,16.1028346426209,41.30863635283263
2023-09-08,-153748.0,76477.0,15.965931304105,40.66345725525533
2023-09-09,-153696.2857142857,75191.0,15.813211358362366,39.97327279460283
2023-09-10,-153644.57142857142,73905.0,15.660491412619733,39.28308833395032
2023-09-11,-153592.85714285713,72619.0,15.507771466877099,38.592903873297814
2023-09-12,-153541.14285714287,71333.0,15.355051521134465,37.90271941264531
2023-09-13,-153489.42857142858,70047.0,15.202331575391831,37.21253495199281
2023-09-14,-153437.7142857143,68761.0,15.049611629649197,36.5223504913403
2023-09-15,-153386.0,67475.0,14.896891683906563,35.832166030687794
2023-09-16,-150231.0,63323.42857142857,14.39718644610135,33.60405554290481
2023-09-17,-147076.0,59171.857142857145,13.897481208296135,31.375945055121818
2023-09-18,-143921.0,55020.28571428571,13.397775970490923,29.147834567338833
2023-09-19,-140766.0,50868.71428571429,12.898070732685708,26.919724079555845
2023-09-20,-137611.0,46717.142857142855,12.398365494880494,24.691613591772857
2023-09-21,-134456.0,42565.57142857143,11.89866025707528,22.463503103989872
2023-09-22,-131301.0,38414.0,11.398955019270065,20.235392616206884
2023-09-23,-129755.0,36630.57142857143,11.246210566096403,19.278242782082703
2023-09-24,-128209.0,34847.142857142855,11.093466112922743,18.321092947958523
2023-09-25,-126663.0,33063.71428571429,10.94072165974908,17.363943113834342
2023-09-26,-125117.0,31280.285714285714,10.78797720657542,16.40679327971016
2023-09-27,-123571.0,29496.857142857145,10.635232753401757,15.44964344558598
2023-09-28,-122025.0,27713.428571428572,10.482488300228095,14.4924936114618
2023-09-29,-120479.0,25930.0,10.329743847054434,13.53534377733762
2023-09-30,-117895.42857142857,22566.714285714286,10.067901750279807,11.730299036486484
2023-10-01,-115311.85714285714,19203.428571428572,9.80605965350518,9.925254295635348
2023-10-02,-112728.28571428571,15840.142857142857,9.544217556730553,8.12020955478421
2023-10-03,-110144.71428571429,12476.857142857143,9.282375459955926,6.315164813933075
2023-10-04,-107561.14285714286,9113.571428571428,9.020533363181299,4.510120073081939
2023-10-05,-104977.57142857143,5750.285714285714,8.758691266406672,2.705075332230802
2023-10-06,-102394.0,2387.0,8.496849169632045,0.9000305913796666
2023-10-07,-102627.0,1591.0,8.452059202509453,0.7714547926111428
2023-10-08,-102860.0,795.0,8.40726923538686,0.6428789938426189
2023-10-09,-103093.0,-1.0,8.362479268264268,0.5143031950740952
2023-10-10,-103326.0,-797.0,8.317689301141675,0.3857273963055714
2023-10-11,-103559.0,-1593.0,8.272899334019083,0.25715159753704764
2023-10-12,-103792.0,-2389.0,8.22810936689649,0.12857579876852376
2023-10-13,-104025.0,-3185.0,8.183319399773898,0.0
2023-10-14,-104180.42857142857,-3217.4285714285716,8.2014955717906,0.0
2023-10-15,-104335.85714285714,-3249.8571428571427,8.219671743807304,0.0
2023-10-16,-104491.28571428571,-3282.285714285714,8.237847915824005,0.0
2023-10-17,-104646.71428571429,-3314.714285714286,8.256024087840707,0.0
2023-10-18,-104802.14285714286,-3347.1428571428573,8.274200259857409,0.0
2023-10-19,-104957.57142857143,-3379.5714285714284,8.292376431874112,0.0
2023-10-20,-105113.0,-3412.0,8.310552603890814,0.0
2023-10-21,-106775.28571428571,-1950.7142857142858,8.423206905414526,0.7672845298666344
2023-10-22,-108437.57142857143,-489.42857142857156,8.535861206938238,1.5345690597332688
2023-10-23,-110099.85714285714,971.8571428571431,8.64851550846195,2.3018535895999035
2023-10-24,-111762.14285714286,2433.142857142857,8.76116980998566,3.0691381194665377
2023-10-25,-113424.42857142857,3894.4285714285706,8.873824111509371,3.836422649333172
2023-10-26,-115086.71428571429,5355.714285714286,8.986478413033083,4.603707179199807
2023-10-27,-116749.0,6817.0,9.099132714556795,5.370991709066441
2023-10-28,-113526.71428571429,9146.428571428572,9.403452341209883,6.594116310103233
2023-10-29,-110304.42857142857,11475.857142857143,9.707771967862971,7.817240911140026
2023-10-30,-107082.14285714286,13805.285714285714,10.012091594516058,9.040365512176816
2023-10-31,-103859.85714285714,16134.714285714286,10.316411221169146,10.26349011321361
2023-11-01,-100637.57142857143,18464.14285714286,10.620730847822234,11.4866147142504
2023-11-02,-97415.28571428571,20793.571428571428,10.925050474475322,12.709739315287193
2023-11-03,-94193.0,23123.0,11.22937010112841,13.932863916323985
2023-11-04,-101456.42857142857,30073.0,11.79962438223644,17.58213484974971
2023-11-05,-108719.85714285714,37023.0,12.36987866334447,21.23140578317544
2023-11-06,-115983.28571428571,43973.0,12.9401329444525,24.880676716601165
2023-11-07,-123246.71428571429,50923.0,13.510387225560532,28.52994765002689
2023-11-08,-130510.14285714286,57873.0,14.080641506668561,32.179218583452624
2023-11-09,-137773.57142857142,64823.0,14.65089578777659,35.82848951687835
2023-11-10,-145037.0,71773.0,15.221150068884622,39.477760450304075
2023-11-11,-147847.57142857142,75125.14285714286,15.554326016013517,41.2378867083274
2023-11-12,-150658.14285714287,78477.28571428571,15.887501963142412,42.99801296635072
2023-11-13,-153468.7142857143,81829.42857142858,16.22067791027131,44.75813922437405
2023-11-14,-156279.2857142857,85181.57142857143,16.553853857400203,46.51826548239737
2023-11-15,-159089.85714285713,88533.71428571429,16.8870298045291,48.278391740420695
2023-11-16,-161900.42857142858,91885.85714285714,17.220205751657993,50.03851799844402
2023-11-17,-164711.0,95238.0,17.55338169878689,51.79864425646734
2023-11-18,-163097.14285714287,93892.85714285714,17.381382878839002,51.092343432024656
2023-11-19,-161483.2857142857,92547.71428571429,17.209384058891118,50.38604260758197
2023-11-20,-159869.42857142858,91202.57142857143,17.03738523894323,49.679741783139285
2023-11-21,-158255.57142857142,89857.42857142857,16.865386418995346,48.9734409586966
2023-11-22,-156641.7142857143,88512.28571428571,16.69338759904746,48.267140134253914
2023-11-23,-155027.85714285713,87167.14285714286,16.521388779099574,47.56083930981123
2023-11-24,-153414.0,85822.0,16.349389959151686,46.85453848536854
2023-11-25,-150192.2857142857,83726.14285714286,16.191642594740422,45.75405639154965
2023-11-26,-146970.57142857142,81630.28571428571,16.033895230329158,44.65357429773077
2023-11-27,-143748.85714285713,79534.42857142858,15.876147865917892,43.55309220391188
2023-11-28,-140527.14285714287,77438.57142857143,15.718400501506627,42.452610110093
2023-11-29,-137305.42857142858,75342.71428571429,15.560653137095363,41.35212801627411
2023-11-30,-134083.7142857143,73246.85714285714,15.402905772684097,40.251645922455225
2023-12-01,-130862.0,71151.0,15.245158408272832,39.151163828636335
2023-12-02,-127836.14285714286,66376.85714285714,14.861509714706456,36.644380985385475
2023-12-03,-124810.28571428571,61602.71428571429,14.477861021140077,34.137598142134614
2023-12-04,-121784.42857142858,56828.57142857143,14.0942123275737,31.630815298883753
2023-12-05,-118758.57142857143,52054.42857142857,13.710563634007322,29.124032455632893
2023-12-06,-115732.71428571429,47280.28571428572,13.326914940440945,26.617249612382032
2023-12-07,-112706.85714285714,42506.142857142855,12.943266246874568,24.11046676913117
2023-12-08,-109681.0,37732.0,12.55961755330819,21.603683925880308
2023-12-09,-109140.0,36877.0,12.391097929266174,21.154744839825774
2023-12-10,-108599.0,36022.0,12.22257830522416,20.705805753771244
2023-12-11,-108058.0,35167.0,12.054058681182143,20.25686666771671
2023-12-12,-107517.0,34312.0,11.885539057140129,19.80792758166218
2023-12-13,-106976.0,33457.0,11.717019433098113,19.358988495607647
2023-12-14,-106435.0,32602.0,11.548499809056096,18.910049409553118
2023-12-15,-105894.0,31747.0,11.379980185014082,18.461110323498584
2023-12-16,-103625.28571428571,28709.714285714286,11.22750323237049,16.86630766541915
2023-12-17,-101356.57142857143,25672.428571428572,11.075026279726899,15.27150500733972
2023-12-18,-99087.85714285714,22635.142857142855,10.922549327083306,13.676702349260285
2023-12-19,-96819.14285714286,19597.857142857145,10.770072374439714,12.081899691180855
2023-12-20,-94550.42857142857,16560.571428571428,10.617595421796121,10.48709703310142
2023-12-21,-92281.71428571429,13523.285714285714,10.46511846915253,8.892294375021988
2023-12-22,-90013.0,10486.0,10.312641516508938,7.297491716942556
2023-12-23,-89367.42857142857,10630.42857142857,10.383417629433737,7.3733275425066545
2023-12-24,-88721.85714285714,10774.857142857143,10.454193742358534,7.449163368070754
2023-12-25,-88076.28571428571,10919.285714285714,10.524969855283333,7.524999193634852
2023-12-26,-87430.71428571429,11063.714285714286,10.595745968208131,7.600835019198952
2023-12-27,-86785.14285714286,11208.142857142857,10.66652208113293,7.67667084476305
2023-12-28,-86139.57142857143,11352.571428571428,10.737298194057727,7.752506670327149
2023-12-29,-85494.0,11497.0,10.808074306982526,7.828342495891248
2023-12-30,-83675.0,8587.428571428572,10.800220852651227,6.71000785362107
2023-12-31,-81856.0,5677.857142857143,10.792367398319929,5.591673211350892
2024-01-01,-80037.0,2768.2857142857138,10.78451394398863,4.473338569080713
2024-01-02,-78218.0,-141.28571428571377,10.776660489657331,3.355003926810535
2024-01-03,-76399.0,-3050.8571428571413,10.768807035326033,2.2366692845403566
2024-01-04,-74580.0,-5960.4285714285725,10.760953580994734,1.1183346422701783
2024-01-05,-72761.0,-8870.0,10.753100126663435,0.0
2024-01-06,-70765.0,-12356.714285714286,10.574764028052137,0.0
2024-01-07,-68769.0,-15843.428571428572,10.39642792944084,0.0
2024-01-08,-66773.0,-19330.142857142855,10.218091830829541,0.0
2024-01-09,-64777.0,-22816.857142857145,10.039755732218245,0.0
2024-01-10,-62781.0,-26303.571428571428,9.861419633606946,0.0
2024-01-11,-60785.0,-29790.285714285714,9.68308353499565,0.0
2024-01-12,-58789.0,-33277.0,9.504747436384351,0.0
2024-01-13,-51398.71428571428,-39784.142857142855,9.283493647183528,0.0
2024-01-14,-44008.42857142857,-46291.28571428571,9.062239857982705,0.0
2024-01-15,-36618.142857142855,-52798.42857142857,8.84098606878188,0.0
2024-01-16,-29227.85714285714,-59305.57142857143,8.619732279581058,0.0
2024-01-17,-21837.571428571428,-65812.71428571429,8.398478490380235,0.0
2024-01-18,-14447.28571428571,-72319.85714285714,8.177224701179412,0.0
2024-01-19,-7057.0,-78827.0,7.955970911978588,0.0
2024-01-20,-5642.0,-81336.28571428571,7.7737383907406485,0.0
2024-01-21,-4227.0,-83845.57142857143,7.59150586950271,0.0
2024-01-22,-2812.0,-86354.85714285714,7.40927334826477,0.0
2024-01-23,-1397.0,-88864.14285714286,7.22704082702683,0.0
2024-01-24,18.0,-91373.42857142857,7.04480830578889,0.0
2024-01-25,1433.0,-93882.71428571429,6.862575784550951,0.0
2024-01-26,2848.0,-96392.0,6.680343263313011,0.0
2024-01-27,6587.571428571428,-97135.71428571429,6.539399331198536,0.0
2024-01-28,10327.142857142857,-97879.42857142857,6.398455399084059,0.0
2024-01-29,14066.714285714286,-98623.14285714286,6.257511466969584,0.0
2024-01-30,17806.285714285714,-99366.85714285714,6.116567534855108,0.0
2024-01-31,21545.85714285714,-100110.57142857143,5.975623602740632,0.0
2024-02-01,25285.428571428572,-100854.28571428571,5.834679670626156,0.0
2024-02-02,29025.0,-101598.0,5.6937357385116805,0.0
2024-02-03,31675.85714285714,-104393.0,5.700336046900097,0.0
2024-02-04,34326.71428571428,-107188.0,5.706936355288514,0.0
2024-02-05,36977.57142857143,-109983.0,5.713536663676931,0.0
2024-02-06,39628.42857142857,-112778.0,5.720136972065347,0.0
2024-02-07,42279.28571428571,-115573.0,5.726737280453764,0.0
2024-02-08,44930.142857142855,-118368.0,5.733337588842181,0.0
2024-02-09,47581.0,-121163.0,5.739937897230598,0.0
2024-02-10,47479.42857142857,-121621.0,5.829392007459371,0.0
2024-02-11,47377.857142857145,-122079.0,5.918846117688145,0.0
2024-02-12,47276.28571428572,-122537.0,6.008300227916918,0.0
2024-02-13,47174.71428571428,-122995.0,6.097754338145692,0.0
2024-02-14,47073.142857142855,-123453.0,6.187208448374466,0.0
2024-02-15,46971.57142857143,-123911.0,6.276662558603239,0.0
2024-02-16,46870.0,-124369.0,6.366116668832013,0.0
2024-02-17,46805.142857142855,-124698.28571428571,6.4077165488981,0.0
2024-02-18,46740.28571428572,-125027.57142857143,6.449316428964187,0.0
2024-02-19,46675.42857142857,-125356.85714285714,6.490916309030275,0.0
2024-02-20,46610.57142857143,-125686.14285714286,6.532516189096363,0.0
2024-02-21,46545.71428571428,-126015.42857142857,6.57411606916245,0.0
2024-02-22,46480.857142857145,-126344.71428571429,6.615715949228537,0.0
2024-02-23,46416.0,-126674.0,6.657315829294625,0.0
2024-02-24,51226.0,-130153.42857142857,6.6742466196542285,0.0
2024-02-25,56036.0,-133632.85714285713,6.6911774100138315,0.0
2024-02-26,60846.0,-137112.2857142857,6.708108200373435,0.0
2024-02-27,65656.0,-140591.7142857143,6.725038990733039,0.0
2024-02-28,70466.0,-144071.14285714287,6.741969781092643,0.0
2024-02-29,75276.0,-147550.57142857142,6.758900571452246,0.0
2024-03-01,80086.0,-151030.0,6.77583136181185,0.0
2024-03-02,79927.85714285714,-152352.85714285713,6.8610611493078055,0.0
2024-03-03,79769.71428571429,-153675.7142857143,6.946290936803761,0.0
2024-03-04,79611.57142857143,-154998.57142857142,7.031520724299717,0.0
2024-03-05,79453.42857142857,-156321.42857142858,7.116750511795673,0.0
2024-03-06,79295.28571428571,-157644.2857142857,7.201980299291629,0.0
2024-03-07,79137.14285714286,-158967.14285714287,7.287210086787584,0.0
2024-03-08,78979.0,-160290.0,7.37243987428354,0.0
2024-03-09,76810.14285714286,-158336.85714285713,7.4464531782812715,0.6391404327848356
2024-03-10,74641.28571428571,-156383.7142857143,7.520466482279004,1.2782808655696711
2024-03-11,72472.42857142858,-154430.57142857142,7.594479786276736,1.9174212983545067
2024-03-12,70303.57142857143,-152477.42857142858,7.668493090274469,2.5565617311393423
2024-03-13,68134.71428571429,-150524.2857142857,7.7425063942722,3.195702163924178
2024-03-14,65965.85714285714,-148571.14285714287,7.816519698269932,3.8348425967090134
2024-03-15,63797.0,-146618.0,7.890533002267665,4.473983029493849
2024-03-16,62167.0,-145477.14285714287,7.840274671546918,4.847313595337887
2024-03-17,60537.0,-144336.2857142857,7.790016340826171,5.220644161181926
2024-03-18,58907.0,-143195.42857142858,7.739758010105424,5.593974727025964
2024-03-19,57277.0,-142054.57142857142,7.689499679384677,5.967305292870003
2024-03-20,55647.0,-140913.7142857143,7.63924134866393,6.340635858714041
2024-03-21,54017.0,-139772.85714285713,7.588983017943184,6.71396642455808
2024-03-22,52387.0,-138632.0,7.5387246872224365,7.087296990402119
2024-03-23,50044.0,-136423.14285714287,7.500600929895541,7.810116575811651
2024-03-24,47701.0,-134214.2857142857,7.462477172568646,8.532936161221183
2024-03-25,45358.0,-132005.42857142858,7.424353415241751,9.255755746630715
2024-03-26,43015.0,-129796.57142857143,7.386229657914857,9.978575332040247
2024-03-27,40672.0,-127587.71428571429,7.348105900587962,10.701394917449779
2024-03-28,38329.0,-125378.85714285714,7.309982143261067,11.42421450285931
2024-03-29,35986.0,-123170.0,7.271858385934172,12.147034088268844
2024-03-30,36389.142857142855,-123719.71428571429,7.217769905368298,12.017969125054593
2024-03-31,36792.28571428572,-124269.42857142857,7.163681424802425,11.888904161840342
2024-04-01,37195.42857142857,-124819.14285714286,7.109592944236551,11.759839198626091
2024-04-02,37598.57142857143,-125368.85714285714,7.055504463670678,11.630774235411842
2024-04-03,38001.71428571428,-125918.57142857143,7.001415983104804,11.50170927219759
2024-04-04,38404.857142857145,-126468.28571428571,6.947327502538931,11.37264430898334
2024-04-05,38808.0,-127018.0,6.8932390219730575,11.243579345769088
2024-04-06,37601.857142857145,-126923.57142857143,6.81893679595269,11.27548951454057
2024-04-07,36395.71428571428,-126829.14285714286,6.744634569932324,11.307399683312054
2024-04-08,35189.57142857143,-126734.71428571429,6.670332343911957,11.339309852083536
2024-04-09,33983.42857142857,-126640.28571428571,6.59603011789159,11.37122002085502
2024-04-10,32777.28571428572,-126545.85714285714,6.5217278918712225,11.403130189626502
2024-04-11,31571.142857142855,-126451.42857142857,6.447425665850856,11.435040358397986
2024-04-12,30365.0,-126357.0,6.373123439830489,11.466950527169468
2024-04-13,32712.714285714286,-130547.71428571429,6.217665020061648,10.070240652162191
2024-04-14,35060.42857142857,-134738.42857142858,6.062206600292806,8.673530777154916
2024-04-15,37408.142857142855,-138929.14285714284,5.906748180523966,7.276820902147639
2024-04-16,39755.857142857145,-143119.85714285713,5.7512897607551245,5.880111027140363
2024-04-17,42103.57142857143,-147310.57142857142,5.595831340986283,4.483401152133087
2024-04-18,44451.28571428571,-151501.2857142857,5.440372921217442,3.0866912771258104
2024-04-19,46799.0,-155692.0,5.2849145014486005,1.689981402118535
2024-04-20,44852.28571428572,-153261.42857142858,5.4178504614359415,2.5833307955083553
2024-04-21,42905.57142857143,-150830.85714285713,5.550786421423282,3.4766801888981753
2024-04-22,40958.857142857145,-148400.2857142857,5.683722381410623,4.370029582287996
2024-04-23,39012.142857142855,-145969.7142857143,5.816658341397964,5.263378975677816
2024-04-24,37065.42857142857,-143539.14285714287,5.9495943013853045,6.156728369067636
2024-04-25,35118.71428571429,-141108.57142857142,6.082530261372645,7.050077762457457
2024-04-26,33172.0,-138678.0,6.215466221359986,7.943427155847277
2024-04-27,34672.142857142855,-139043.57142857142,6.370851736775179,7.809062450446751
2024-04-28,36172.28571428572,-139409.14285714287,6.526237252190371,7.674697745046225
2024-04-29,37672.42857142857,-139774.7142857143,6.681622767605564,7.540333039645699
2024-04-30,39172.57142857143,-140140.2857142857,6.837008283020757,7.405968334245173
2024-05-01,40672.71428571428,-140505.85714285713,6.99239379843595,7.271603628844647
2024-05-02,42172.857142857145,-140871.42857142858,7.147779313851142,7.137238923444121
2024-05-03,43673.0,-141237.0,7.303164829266335,7.002874218043595
2024-05-04,30854.714285714286,-125370.28571428571,7.842372001900183,12.834638475456735
2024-05-05,18036.428571428572,-109503.57142857142,8.38157917453403,18.666402732869877
2024-05-06,5218.142857142855,-93636.85714285714,8.920786347167878,24.498166990283018
2024-05-07,-7600.142857142855,-77770.14285714286,9.459993519801726,30.32993124769616
2024-05-08,-20418.428571428565,-61903.428571428565,9.999200692435574,36.1616955051093
2024-05-09,-33236.71428571429,-46036.71428571429,10.538407865069422,41.99345976252244
2024-05-10,-46055.0,-30170.0,11.07761503770327,47.82522401993558
2024-05-11,-45868.71428571428,-30479.0,10.85667028357089,47.71165197703549
2024-05-12,-45682.42857142857,-30788.0,10.635725529438512,47.5980799341354
2024-05-13,-45496.142857142855,-31097.0,10.414780775306133,47.4845078912353
2024-05-14,-45309.857142857145,-31406.0,10.193836021173752,47.37093584833521
2024-05-15,-45123.57142857143,-31715.0,9.972891267041373,47.25736380543511
2024-05-16,-44937.28571428572,-32024.0,9.751946512908994,47.143791762535024
2024-05-17,-44751.0,-32333.0,9.531001758776615,47.03021971963493
2024-05-18,-48067.142857142855,-30288.14285714286,9.554651891917315,47.7818009596127
2024-05-19,-51383.28571428572,-28243.285714285714,9.578302025058015,48.533382199590484
2024-05-20,-54699.42857142857,-26198.428571428572,9.601952158198715,49.28496343956826
2024-05-21,-58015.57142857143,-24153.571428571428,9.625602291339417,50.03654467954603
2024-05-22,-61331.71428571429,-22108.714285714286,9.649252424480117,50.78812591952381
2024-05-23,-64647.857142857145,-20063.857142857145,9.672902557620818,51.53970715950159
2024-05-24,-67964.0,-18019.0,9.696552690761518,52.29128839947936
2024-05-25,-70380.71428571429,-15665.857142857143,9.818974092609851,53.1561791487398
2024-05-26,-72797.42857142857,-13312.714285714286,9.941395494458185,54.02106989800024
2024-05-27,-75214.14285714286,-10959.571428571428,10.063816896306518,54.88596064726068
2024-05-28,-77630.85714285714,-8606.42857142857,10.18623829815485,55.75085139652113
2024-05-29,-80047.57142857143,-6253.285714285714,10.308659700003183,56.61574214578157
2024-05-30,-82464.28571428571,-3900.142857142855,10.431081101851516,57.48063289504201
2024-05-31,-84881.0,-1547.0,10.55350250369985,58.345523644302446
2024-06-01,-80919.28571428571,-7154.714285714285,10.346084806469378,56.28442472058527
2024-06-02,-76957.57142857143,-12762.42857142857,10.138667109238904,54.223325796868096
2024-06-03,-72995.85714285714,-18370.142857142855,9.931249412008432,52.16222687315092
2024-06-04,-69034.14285714286,-23977.85714285714,9.723831714777958,50.101127949433746
2024-06-05,-65072.42857142857,-29585.571428571428,9.516414017547486,48.04002902571657
2024-06-06,-61110.71428571429,-35193.28571428571,9.308996320317014,45.978930101999396
2024-06-07,-57149.0,-40801.0,9.10157862308654,43.91783117828222
2024-06-08,-56555.0,-43740.71428571428,9.106129747318882,42.8373478223885
2024-06-09,-55961.0,-46680.42857142857,9.110680871551223,41.75686446649478
2024-06-10,-55367.0,-49620.142857142855,9.115231995783564,40.67638111060107
2024-06-11,-54773.0,-52559.857142857145,9.119783120015903,39.59589775470735
2024-06-12,-54179.0,-55499.57142857143,9.124334244248244,38.51541439881363
2024-06-13,-53585.0,-58439.28571428571,9.128885368480585,37.434931042919914
2024-06-14,-52991.0,-61379.0,9.133436492712926,36.354447687026195
2024-06-15,-51101.57142857143,-66791.57142857143,9.05035180228584,34.36507294759082
2024-06-16,-49212.142857142855,-72204.14285714286,8.967267111858755,32.37569820815544
2024-06-17,-47322.71428571429,-77616.71428571429,8.88418242143167,30.38632346872006
2024-06-18,-45433.28571428572,-83029.28571428571,8.801097731004582,28.39694872928468
2024-06-19,-43543.857142857145,-88441.85714285714,8.718013040577496,26.407573989849304
2024-06-20,-41654.42857142857,-93854.42857142858,8.63492835015041,24.418199250413927
2024-06-21,-39765.0,-99267.0,8.551843659723325,22.428824510978547
2024-06-22,-36008.857142857145,-103136.28571428571,8.649584389588577,21.006679905361803
2024-06-23,-32252.714285714286,-107005.57142857143,8.747325119453832,19.58453529974506
2024-06-24,-28496.571428571428,-110874.85714285714,8.845065849319084,18.162390694128316
2024-06-25,-24740.428571428572,-114744.14285714286,8.942806579184337,16.740246088511572
2024-06-26,-20984.285714285714,-118613.42857142858,9.04054730904959,15.318101482894829
2024-06-27,-17228.142857142855,-122482.71428571429,9.138288038914844,13.895956877278085
2024-06-28,-13472.0,-126352.0,9.236028768780097,12.473812271661341
2024-06-29,-11798.42857142857,-127411.14285714286,9.056251799189086,12.084527423736565
2024-06-30,-10124.857142857143,-128470.28571428571,8.876474829598076,11.69524257581179
2024-07-01,-8451.285714285714,-129529.42857142857,8.696697860007063,11.305957727887016
2024-07-02,-6777.714285714285,-130588.57142857143,8.516920890416053,10.91667287996224
2024-07-03,-5104.142857142857,-131647.7142857143,8.337143920825042,10.527388032037464
2024-07-04,-3430.5714285714275,-132706.85714285713,8.157366951234032,10.138103184112689
2024-07-05,-1757.0,-133766.0,7.97758998164302,9.748818336187913
2024-07-06,2702.2857142857147,-137914.14285714287,7.90183213606511,8.356130002446783
2024-07-07,7161.571428571429,-142062.2857142857,7.826074290487199,6.963441668705652
2024-07-08,11620.857142857145,-146210.42857142858,7.750316444909289,5.570753334964522
2024-07-09,16080.142857142859,-150358.57142857142,7.674558599331378,4.178065001223391
2024-07-10,20539.428571428572,-154506.7142857143,7.598800753753467,2.785376667482261
2024-07-11,24998.71428571429,-158654.85714285713,7.523042908175556,1.3926883337411304
2024-07-12,29458.0,-162803.0,7.447285062597646,0.0
2024-07-13,32037.14285714286,-165709.0,7.417884504444843,0.0
2024-07-14,34616.28571428572,-168615.0,7.38848394629204,0.0
2024-07-15,37195.42857142857,-171521.0,7.359083388139237,0.0
2024-07-16,39774.57142857143,-174427.0,7.329682829986435,0.0
2024-07-17,42353.71428571429,-177333.0,7.300282271833632,0.0
2024-07-18,44932.857142857145,-180239.0,7.270881713680829,0.0
2024-07-19,47512.0,-183145.0,7.241481155528026,0.0
2024-07-20,44294.42857142857,-181687.85714285713,7.221807781828413,0.5234309771583939
2024-07-21,41076.857142857145,-180230.7142857143,7.202134408128799,1.0468619543167879
2024-07-22,37859.28571428571,-178773.57142857142,7.182461034429186,1.5702929314751817
2024-07-23,34641.71428571429,-177316.42857142858,7.162787660729572,2.0937239086335757
2024-07-24,31424.14285714286,-175859.2857142857,7.143114287029959,2.6171548857919698
2024-07-25,28206.571428571428,-174402.14285714287,7.123440913330345,3.1405858629503633
2024-07-26,24989.0,-172945.0,7.103767539630732,3.664016840108758
2024-07-27,30041.571428571428,-172478.42857142858,7.012851811285068,3.831617386324377
2024-07-28,35094.142857142855,-172011.85714285713,6.921936082939404,3.999217932539996
2024-07-29,40146.71428571429,-171545.2857142857,6.831020354593741,4.166818478755615
2024-07-30,45199.28571428571,-171078.7142857143,6.740104626248076,4.334419024971234
2024-07-31,50251.857142857145,-170612.14285714287,6.6491888979024125,4.502019571186853
2024-08-01,55304.42857142857,-170145.57142857142,6.558273169556749,4.669620117402472
2024-08-02,60357.0,-169679.0,6.467357441211085,4.837220663618091
2024-08-03,59539.857142857145,-167854.14285714287,6.489757614095513,5.49274098736528
2024-08-04,58722.71428571428,-166029.2857142857,6.51215778697994,6.148261311112469
2024-08-05,57905.57142857143,-164204.42857142858,6.534557959864368,6.803781634859657
2024-08-06,57088.42857142857,-162379.57142857142,6.556958132748795,7.459301958606845
2024-08-07,56271.28571428572,-160554.7142857143,6.579358305633223,8.114822282354034
2024-08-08,55454.142857142855,-158729.85714285713,6.60175847851765,8.770342606101224
2024-08-09,54637.0,-156905.0,6.624158651402078,9.425862929848412
2024-08-10,56465.0,-156604.42857142858,6.685527468464966,9.533833398077947
2024-08-11,58293.0,-156303.85714285713,6.746896285527855,9.641803866307484
2024-08-12,60121.0,-156003.2857142857,6.8082651025907435,9.749774334537019
2024-08-13,61949.0,-155702.7142857143,6.869633919653633,9.857744802766554
2024-08-14,63777.0,-155402.14285714287,6.931002736716521,9.965715270996089
2024-08-15,65605.0,-155101.57142857142,6.99237155377941,10.073685739225626
2024-08-16,67433.0,-154801.0,7.0537403708422985,10.18165620745516
2024-08-17,69483.0,-156676.0,6.9348853888585715,9.508123700082228
2024-08-18,71533.0,-158551.0,6.8160304068748445,8.834591192709293
2024-08-19,73583.0,-160426.0,6.6971754248911175,8.16105868533636
2024-08-20,75633.0,-162301.0,6.578320442907391,7.487526177963427
2024-08-21,77683.0,-164176.0,6.459465460923664,6.813993670590493
2024-08-22,79733.0,-166051.0,6.340610478939937,6.1404611632175605
2024-08-23,81783.0,-167926.0,6.22175549695621,5.466928655844627
2024-08-24,81492.28571428571,-167867.2857142857,6.242716181554818,5.488019845218362
2024-08-25,81201.57142857143,-167808.57142857142,6.263676866153426,5.509111034592097
2024-08-26,80910.85714285714,-167749.85714285713,6.284637550752033,5.530202223965833
2024-08-27,80620.14285714286,-167691.14285714287,6.305598235350641,5.551293413339567
2024-08-28,80329.42857142857,-167632.42857142858,6.326558919949249,5.572384602713303
2024-08-29,80038.71428571429,-167573.7142857143,6.347519604547856,5.5934757920870375
2024-08-30,79748.0,-167515.0,6.368480289146464,5.614566981460773
2024-08-31,77385.0,-164522.85714285713,6.347528888037112,6.689396571321808
2024-09-01,75022.0,-161530.7142857143,6.326577486927761,7.764226161182844
2024-09-02,72659.0,-158538.57142857142,6.3056260858184086,8.83905575104388
2024-09-03,70296.0,-155546.42857142858,6.284674684709057,9.913885340904915
2024-09-04,67933.0,-152554.2857142857,6.263723283599705,10.988714930765951
2024-09-05,65570.0,-149562.14285714284,6.242771882490354,12.063544520626985
2024-09-06,63207.0,-146570.0,6.221820481381002,13.138374110488021
2024-09-07,60700.57142857143,-142877.14285714287,6.183069733218503,14.464912420247284
2024-09-08,58194.142857142855,-139184.2857142857,6.144318985056005,15.791450730006549
2024-09-09,55687.71428571428,-135491.42857142858,6.1055682368935065,17.11798903976581
2024-09-10,53181.28571428571,-131798.57142857142,6.066817488731007,18.444527349525075
2024-09-11,50674.857142857145,-128105.71428571429,6.028066740568509,19.77106565928434
2024-09-12,48168.42857142857,-124412.85714285714,5.98931599240601,21.0976039690436
2024-09-13,45662.0,-120720.0,5.950565244243512,22.424142278802865
2024-09-14,44371.0,-119581.71428571429,6.000295556188413,22.83303424213601
2024-09-15,43080.0,-118443.42857142857,6.050025868133314,23.241926205469156
2024-09-16,41789.0,-117305.14285714286,6.099756180078216,23.6508181688023
2024-09-17,40498.0,-116166.85714285714,6.149486492023117,24.059710132135447
2024-09-18,39207.0,-115028.57142857143,6.199216803968018,24.46860209546859
2024-09-19,37916.0,-113890.28571428571,6.2489471159129195,24.877494058801737
2024-09-20,36625.0,-112752.0,6.298677427857821,25.28638602213488
2024-09-21,30454.714285714286,-107504.14285714286,6.474495324984355,27.1715072913421
2024-09-22,24284.428571428572,-102256.28571428571,6.6503132221108885,29.056628560549314
2024-09-23,18114.142857142855,-97008.42857142857,6.826131119237423,30.94174982975653
2024-09-24,11943.857142857141,-91760.57142857142,7.001949016363956,32.82687109896375
2024-09-25,5773.5714285714275,-86512.71428571429,7.1777669134904905,34.71199236817097
2024-09-26,-396.7142857142899,-81264.85714285714,7.353584810617024,36.59711363737818
2024-09-27,-6567.0,-76017.0,7.529402707743558,38.4822349065854
2024-09-28,-8619.0,-69697.57142857143,7.8587633287437715,40.7522832110539
2024-09-29,-10671.0,-63378.142857142855,8.188123949743986,43.022331515522396
2024-09-30,-12723.0,-57058.71428571429,8.517484570744198,45.2923798199909
2024-10-01,-14775.0,-50739.28571428571,8.846845191744412,47.5624281244594
2024-10-02,-16827.0,-44419.857142857145,9.176205812744627,49.832476428927905
2024-10-03,-18879.0,-38100.42857142857,9.50556643374484,52.1025247333964
2024-10-04,-20931.0,-31781.0,9.834927054745053,54.3725730378649
2024-10-05,-23177.0,-29941.14285714286,9.951004097591893,55.03348162167108
2024-10-06,-25423.0,-28101.285714285714,10.067081140438734,55.69439020547725
2024-10-07,-27669.0,-26261.428571428572,10.183158183285574,56.355298789283424
2024-10-08,-29915.0,-24421.571428571428,10.299235226132414,57.01620737308959
2024-10-09,-32161.0,-22581.714285714286,10.415312268979253,57.67711595689577
2024-10-10,-34407.0,-20741.857142857145,10.531389311826095,58.33802454070194
2024-10-11,-36653.0,-18902.0,10.647466354672934,58.99893312450811
2024-10-12,-35812.42857142857,-21985.714285714286,10.58463852867105,57.891209489906046
2024-10-13,-34971.857142857145,-25069.428571428572,10.521810702669164,56.78348585530398
2024-10-14,-34131.28571428572,-28153.142857142855,10.45898287666728,55.67576222070191
2024-10-15,-33290.71428571428,-31236.857142857145,10.396155050665396,54.56803858609984
2024-10-16,-32450.142857142855,-34320.57142857143,10.333327224663512,53.46031495149777
2024-10-17,-31609.571428571428,-37404.28571428571,10.270499398661626,52.352591316895705
2024-10-18,-30769.0,-40488.0,10.207671572659741,51.24486768229364
2024-10-19,-29856.571428571428,-42999.28571428572,10.197232331268216,50.34277031489487
2024-10-20,-28944.14285714286,-45510.57142857143,10.18679308987669,49.440672947496104
2024-10-21,-28031.714285714286,-48021.857142857145,10.176353848485165,48.53857558009734
2024-10-22,-27119.285714285714,-50533.142857142855,10.165914607093638,47.63647821269858
2024-10-23,-26206.857142857145,-53044.42857142857,10.155475365702113,46.73438084529981
2024-10-24,-25294.428571428572,-55555.71428571429,10.145036124310588,45.83228347790104
2024-10-25,-24382.0,-58067.0,10.134596882919062,44.93018611050228
2024-10-26,-22850.714285714286,-58610.28571428572,10.332666944512086,44.735028462842145
2024-10-27,-21319.428571428572,-59153.57142857143,10.53073700610511,44.539870815182006
2024-10-28,-19788.142857142855,-59696.857142857145,10.728807067698133,44.344713167521874
2024-10-29,-18256.857142857145,-60240.142857142855,10.926877129291158,44.149555519861735
2024-10-30,-16725.571428571428,-60783.42857142857,11.124947190884182,43.9543978722016
2024-10-31,-15194.285714285714,-61326.71428571429,11.323017252477205,43.759240224541465
2024-11-01,-13663.0,-61870.0,11.521087314070229,43.56408257688133
2024-11-02,-14037.57142857143,-61084.57142857143,11.564751173623572,43.8462221369222
2024-11-03,-14412.142857142857,-60299.142857142855,11.608415033176914,44.12836169696307
2024-11-04,-14786.714285714286,-59513.71428571428,11.652078892730257,44.410501257003936
2024-11-05,-15161.285714285714,-58728.28571428572,11.6957427522836,44.69264081704481
2024-11-06,-15535.857142857143,-57942.857142857145,11.739406611836943,44.97478037708568
2024-11-07,-15910.428571428572,-57157.42857142857,11.783070471390285,45.25691993712655
2024-11-08,-16285.0,-56372.0,11.826734330943628,45.539059497167415
2024-11-09,-18504.714285714286,-53990.42857142857,11.953308691312317,46.652258080862666
2024-11-10,-20724.428571428572,-51608.857142857145,12.079883051681009,47.76545666455791
2024-11-11,-22944.142857142855,-49227.28571428572,12.206457412049698,48.87865524825316
2024-11-12,-25163.857142857145,-46845.71428571429,12.333031772418389,49.991853831948404
2024-11-13,-27383.571428571428,-44464.142857142855,12.459606132787078,51.105052415643655
2024-11-14,-29603.285714285714,-42082.57142857143,12.58618049315577,52.2182509993389
2024-11-15,-31823.0,-39701.0,12.712754853524459,53.33144958303415
2024-11-16,-29669.571428571428,-40961.142857142855,12.670389125483089,53.27545504844942
2024-11-17,-27516.142857142855,-42221.28571428572,12.628023397441718,53.219460513864696
2024-11-18,-25362.714285714286,-43481.42857142857,12.585657669400348,53.16346597927997
2024-11-19,-23209.285714285714,-44741.57142857143,12.543291941358978,53.107471444695236
2024-11-20,-21055.85714285714,-46001.71428571428,12.500926213317609,53.05147691011051
2024-11-21,-18902.428571428572,-47261.857142857145,12.458560485276237,52.99548237552578
2024-11-22,-16749.0,-48522.0,12.416194757234868,52.939487840941055
2024-11-23,-14742.142857142857,-49942.57142857143,12.317049359876181,53.44059721348544
2024-11-24,-12735.285714285714,-51363.142857142855,12.217903962517495,53.94170658602983
2024-11-25,-10728.428571428572,-52783.71428571429,12.118758565158808,54.442815958574215
2024-11-26,-8721.571428571428,-54204.28571428572,12.019613167800124,54.943925331118606
2024-11-27,-6714.714285714286,-55624.857142857145,11.920467770441437,55.44503470366299
2024-11-28,-4707.857142857143,-57045.42857142857,11.82132237308275,55.946144076207375
2024-11-29,-2701.0,-58466.0,11.722176975724064,56.447253448751766
2024-11-30,-3494.5714285714284,-56608.0,11.741411606094756,57.53646292001492
2024-12-01,-4288.142857142857,-54750.0,11.760646236465448,58.62567239127807
2024-12-02,-5081.714285714286,-52892.0,11.77988086683614,59.71488186254123
2024-12-03,-5875.285714285714,-51034.0,11.799115497206833,60.80409133380439
2024-12-04,-6668.857142857143,-49176.0,11.818350127577524,61.89330080506754
2024-12-05,-7462.428571428572,-47318.0,11.837584757948216,62.98251027633069
2024-12-06,-8256.0,-45460.0,11.856819388318907,64.07171974759385
2024-12-07,-9251.142857142857,-43336.28571428572,11.91338326617859,66.11506990171472
2024-12-08,-10246.285714285714,-41212.57142857143,11.969947144038272,68.15842005583558
2024-12-09,-11241.428571428572,-39088.857142857145,12.026511021897955,70.20177020995645
2024-12-10,-12236.571428571428,-36965.142857142855,12.083074899757639,72.24512036407732
2024-12-11,-13231.714285714286,-34841.42857142857,12.139638777617321,74.2884705181982
2024-12-12,-14226.857142857143,-32717.714285714286,12.196202655477004,76.33182067231905
2024-12-13,-15222.0,-30594.0,12.252766533336686,78.37517082643993
2024-12-14,-11505.285714285714,-34377.142857142855,12.132097723558369,76.43152923976139
2024-12-15,-7788.571428571428,-38160.28571428572,12.011428913780051,74.48788765308285
2024-12-16,-4071.857142857143,-41943.42857142857,11.890760104001734,72.54424606640431
2024-12-17,-355.1428571428569,-45726.57142857143,11.770091294223414,70.60060447972579
2024-12-18,3361.5714285714275,-49509.71428571429,11.649422484445097,68.65696289304725
2024-12-19,7078.285714285714,-53292.857142857145,11.52875367466678,66.71332130636871
2024-12-20,10795.0,-57076.0,11.408084864888462,64.76967971969017
2024-12-21,10634.857142857143,-56608.0,11.574376199284124,65.69201185854604
2024-12-22,10474.714285714286,-56140.0,11.740667533679789,66.6143439974019
2024-12-23,10314.57142857143,-55672.0,11.906958868075451,67.53667613625777
2024-12-24,10154.42857142857,-55204.0,12.073250202471113,68.45900827511363
2024-12-25,9994.285714285714,-54736.0,12.239541536866776,69.3813404139695
2024-12-26,9834.142857142857,-54268.0,12.40583287126244,70.30367255282536
2024-12-27,9674.0,-53800.0,12.572124205658103,71.22600469168123
2024-12-28,5750.0,-49712.0,12.78884457413143,73.47713080540494
2024-12-29,1826.0,-45624.0,13.005564942604757,75.72825691912864
2024-12-30,-2098.0,-41536.0,13.222285311078084,77.97938303285235
2024-12-31,-6022.0,-37448.0,13.43900567955141,80.23050914657607
2025-01-01,-9946.0,-33360.0,13.655726048024738,82.48163526029978
2025-01-02,-13870.0,-29272.0,13.872446416498065,84.73276137402348
2025-01-03,-17794.0,-25184.0,14.089166784971392,86.9838874877472
2025-01-04,-20863.714285714286,-23642.85714285714,14.017397831460968,87.83254378194803
2025-01-05,-23933.428571428572,-22101.714285714286,13.945628877950545,88.68120007614888
2025-01-06,-27003.142857142855,-20560.571428571428,13.873859924440122,89.52985637034972
2025-01-07,-30072.857142857145,-19019.428571428572,13.8020909709297,90.37851266455057
2025-01-08,-33142.57142857143,-17478.285714285714,13.730322017419278,91.2271689587514
2025-01-09,-36212.28571428571,-15937.142857142857,13.658553063908855,92.07582525295226
2025-01-10,-39282.0,-14396.0,13.586784110398431,92.92448154715309
2025-01-11,-49275.57142857143,-4007.0,14.04499301338154,93.93526989755973
2025-01-12,-59269.142857142855,6382.0,14.503201916364645,94.94605824796638
2025-01-13,-69262.71428571429,16771.0,14.961410819347753,95.95684659837302
2025-01-14,-79256.28571428571,27160.0,15.41961972233086,96.96763494877966
2025-01-15,-89249.85714285714,37549.0,15.877828625313967,97.9784232991863
2025-01-16,-99243.42857142858,47938.0,16.336037528297076,98.98921164959295
2025-01-17,-109237.0,58327.0,16.794246431280182,99.99999999999959
2025-01-18,-111698.28571428571,59411.857142857145,16.811650097645483,99.99999999999959
2025-01-19,-114159.57142857143,60496.71428571428,16.829053764010784,99.99999999999959
2025-01-20,-116620.85714285714,61581.57142857143,16.846457430376084,99.99999999999959
2025-01-21,-119082.14285714286,62666.42857142857,16.86386109674138,99.9999999999996
2025-01-22,-121543.42857142857,63751.28571428572,16.88126476310668,99.9999999999996
2025-01-23,-124004.71428571429,64836.142857142855,16.898668429471982,99.9999999999996
2025-01-24,-126466.0,65921.0,16.916072095837283,99.9999999999996
2025-01-25,-126793.71428571429,66937.28571428571,16.826054861045957,99.9999999999996
2025-01-26,-127121.42857142857,67953.57142857143,16.736037626254635,99.9999999999996
2025-01-27,-127449.14285714286,68969.85714285714,16.64602039146331,99.9999999999996
2025-01-28,-127776.85714285714,69986.14285714286,16.556003156671984,99.99999999999962
2025-01-29,-128104.57142857143,71002.42857142857,16.46598592188066,99.99999999999962
2025-01-30,-128432.28571428571,72018.71428571429,16.375968687089337,99.99999999999962
2025-01-31,-128760.0,73035.0,16.28595145229801,99.99999999999962
2025-02-01,-129964.14285714286,72995.14285714286,16.13948729557257,99.98444174297052
2025-02-02,-131168.2857142857,72955.28571428571,15.993023138847134,99.96888348594142
2025-02-03,-132372.42857142858,72915.42857142857,15.846558982121696,99.95332522891232
2025-02-04,-133576.57142857142,72875.57142857143,15.700094825396258,99.93776697188322
2025-02-05,-134780.7142857143,72835.71428571429,15.55363066867082,99.92220871485412
2025-02-06,-135984.85714285713,72795.85714285714,15.40716651194538,99.90665045782502
2025-02-07,-137189.0,72756.0,15.260702355219943,99.89109220079592
2025-02-08,-133100.7142857143,68393.85714285714,14.986699984567528,98.18832740372244
2025-02-09,-129012.42857142857,64031.71428571429,14.712697613915111,96.48556260664897
2025-02-10,-124924.14285714286,59669.57142857143,14.438695243262696,94.78279780957548
2025-02-11,-120835.85714285714,55307.42857142857,14.16469287261028,93.08003301250201
2025-02-12,-116747.57142857142,50945.28571428572,13.890690501957865,91.37726821542853
2025-02-13,-112659.28571428571,46583.142857142855,13.616688131305448,89.67450341835504
2025-02-14,-108571.0,42221.0,13.342685760653033,87.97173862128157
2025-02-15,-106167.71428571429,41004.28571428572,13.258121805681384,87.49679354917825
2025-02-16,-103764.42857142857,39787.57142857143,13.173557850709734,87.02184847707494
2025-02-17,-101361.14285714286,38570.857142857145,13.088993895738085,86.54690340497162
2025-02-18,-98957.85714285714,37354.142857142855,13.004429940766435,86.0719583328683
2025-02-19,-96554.57142857143,36137.42857142857,12.919865985794786,85.59701326076498
2025-02-20,-94151.28571428571,34920.71428571428,12.835302030823136,85.12206818866167
2025-02-21,-91748.0,33704.0,12.750738075851487,84.64712311655835
2025-02-22,-91259.71428571429,32276.85714285714,12.845814562915049,84.09003713906485
2025-02-23,-90771.42857142857,30849.714285714286,12.940891049978612,83.53295116157135
2025-02-24,-90283.14285714286,29422.571428571428,13.035967537042174,82.97586518407785
2025-02-25,-89794.85714285714,27995.428571428572,13.131044024105737,82.41877920658433
2025-02-26,-89306.57142857143,26568.285714285714,13.226120511169299,81.86169322909083
2025-02-27,-88818.28571428571,25141.142857142855,13.321196998232862,81.30460725159733
2025-02-28,-88330.0,23714.0,13.416273485296424,80.74752127410383
2025-03-01,-85355.85714285714,16822.714285714286,13.247878934971883,78.05750421020903
2025-03-02,-82381.71428571429,9931.42857142857,13.07948438464734,75.36748714631425
2025-03-03,-79407.57142857142,3040.142857142855,12.9110898343228,72.67747008241945
2025-03-04,-76433.42857142857,-3851.1428571428587,12.742695283998259,69.98745301852465
2025-03-05,-73459.28571428571,-10742.428571428572,12.574300733673718,67.29743595462986
2025-03-06,-70485.14285714286,-17633.71428571429,12.405906183349176,64.60741889073506
2025-03-07,-67511.0,-24525.0,12.237511633024635,61.91740182684027
2025-03-08,-70051.85714285714,-22153.14285714286,12.286120361463478,62.843257530976864
2025-03-09,-72592.71428571429,-19781.285714285714,12.334729089902321,63.76911323511346
2025-03-10,-75133.57142857142,-17409.428571428572,12.383337818341165,64.69496893925006
2025-03-11,-77674.42857142857,-15037.57142857143,12.431946546780008,65.62082464338665
2025-03-12,-80215.28571428571,-12665.714285714286,12.480555275218851,66.54668034752325
2025-03-13,-82756.14285714286,-10293.857142857145,12.529164003657694,67.47253605165984
2025-03-14,-85297.0,-7922.0,12.577772732096538,68.39839175579644
2025-03-15,-86402.28571428571,-9359.42857142857,12.456520246215343,67.83729074423091
2025-03-16,-87507.57142857143,-10796.857142857143,12.335267760334148,67.27618973266539
2025-03-17,-88612.85714285714,-12234.285714285714,12.214015274452953,66.71508872109986
2025-03-18,-89718.14285714286,-13671.714285714286,12.09276278857176,66.15398770953433
2025-03-19,-90823.42857142857,-15109.142857142857,11.971510302690564,65.59288669796881
2025-03-20,-91928.71428571429,-16546.571428571428,11.85025781680937,65.03178568640328
2025-03-21,-93034.0,-17984.0,11.729005330928175,64.47068467483776
2025-03-22,-92941.85714285714,-20246.428571428572,11.554192484947222,63.58754447207854
2025-03-23,-92849.71428571429,-22508.857142857145,11.379379638966268,62.70440426931932
2025-03-24,-92757.57142857143,-24771.285714285714,11.204566792985316,61.821264066560104
2025-03-25,-92665.42857142857,-27033.714285714286,11.029753947004364,60.93812386380088
2025-03-26,-92573.28571428571,-29296.14285714286,10.854941101023412,60.05498366104167
2025-03-27,-92481.14285714286,-31558.571428571428,10.680128255042458,59.17184345828245
2025-03-28,-92389.0,-33821.0,10.505315409061506,58.28870325552323
2025-03-29,-94640.71428571429,-29515.285714285714,10.720442387587362,59.96944112956268
2025-03-30,-96892.42857142857,-25209.571428571428,10.935569366113217,61.65017900360214
2025-03-31,-99144.14285714286,-20903.857142857145,11.150696344639073,63.33091687764159
2025-04-01,-101395.85714285714,-16598.14285714286,11.365823323164928,65.01165475168105
2025-04-02,-103647.57142857143,-12292.428571428572,11.580950301690784,66.6923926257205
2025-04-03,-105899.28571428571,-7986.71428571429,11.79607728021664,68.37313049975995
2025-04-04,-108151.0,-3681.0,12.011204258742495,70.0538683737994
2025-04-05,-106136.57142857143,-7060.0,11.889533823954656,68.734873916777
2025-04-06,-104122.14285714286,-10439.0,11.767863389166815,67.4158794597546
2025-04-07,-102107.71428571429,-13818.0,11.646192954378975,66.0968850027322
2025-04-08,-100093.28571428571,-17197.0,11.524522519591136,64.7778905457098
2025-04-09,-98078.85714285714,-20576.0,11.402852084803296,63.458896088687396
2025-04-10,-96064.42857142858,-23955.0,11.281181650015455,62.13990163166499
2025-04-11,-94050.0,-27334.0,11.159511215227615,60.82090717464259
2025-04-12,-101735.42857142857,-17236.571428571428,11.728855147806774,64.76244381740491
2025-04-13,-109420.85714285714,-7139.142857142859,12.298199080385931,68.70398046016724
2025-04-14,-117106.28571428571,2958.28571428571,12.86754301296509,72.64551710292957
2025-04-15,-124791.71428571429,13055.714285714283,13.436886945544247,76.5870537456919
2025-04-16,-132477.14285714284,23153.142857142855,14.006230878123406,80.52859038845423
2025-04-17,-140162.57142857142,33250.57142857142,14.575574810702562,84.47012703121656
2025-04-18,-147848.0,43348.0,15.144918743281721,88.4116636739789
2025-04-19,-147736.42857142858,44761.857142857145,15.37798731284138,88.96356356579602
2025-04-20,-147624.85714285713,46175.71428571428,15.611055882401041,89.51546345761317
2025-04-21,-147513.2857142857,47589.57142857143,15.8441244519607,90.0673633494303
2025-04-22,-147401.7142857143,49003.42857142857,16.077193021520362,90.61926324124744
2025-04-23,-147290.14285714287,50417.28571428572,16.31026159108002,91.17116313306457
2025-04-24,-147178.57142857142,51831.142857142855,16.54333016063968,91.72306302488171
2025-04-25,-147067.0,53245.0,16.77639873019934,92.27496291669884
2025-04-26,-148210.85714285713,54056.857142857145,16.935885414221655,92.59187178657828
2025-04-27,-149354.7142857143,54868.71428571428,17.09537209824397,92.90878065645771
2025-04-28,-150498.57142857142,55680.57142857143,17.254858782266286,93.22568952633715
2025-04-29,-151642.42857142858,56492.42857142857,17.4143454662886,93.54259839621658
2025-04-30,-152786.2857142857,57304.28571428572,17.573832150310917,93.85950726609602
2025-05-01,-153930.14285714287,58116.142857142855,17.733318834333232,94.17641613597544
2025-05-02,-155074.0,58928.0,17.892805518355548,94.49332500585489
2025-05-03,-153817.7142857143,56470.857142857145,17.65481383762095,93.53417797753775
2025-05-04,-152561.42857142858,54013.71428571428,17.416822156886354,92.5750309492206
2025-05-05,-151305.14285714287,51556.57142857143,17.178830476151756,91.61588392090347
2025-05-06,-150048.85714285713,49099.42857142857,16.940838795417157,90.65673689258632
2025-05-07,-148792.57142857142,46642.28571428571,16.70284711468256,89.69758986426919
2025-05-08,-147536.2857142857,44185.142857142855,16.464855433947964,88.73844283595204
2025-05-09,-146280.0,41728.0,16.226863753213365,87.77929580763491
2025-05-10,-149125.2857142857,43719.28571428572,16.2830752692656,88.55659525110657
2025-05-11,-151970.57142857142,45710.57142857143,16.339286785317835,89.33389469457823
2025-05-12,-154815.85714285713,47701.857142857145,16.39549830137007,90.1111941380499
2025-05-13,-157661.14285714287,49693.142857142855,16.4517098174223,90.88849358152157
2025-05-14,-160506.42857142858,51684.42857142857,16.507921333474535,91.66579302499323
2025-05-15,-163351.7142857143,53675.71428571429,16.56413284952677,92.4430924684649
2025-05-16,-166197.0,55667.0,16.620344365579005,93.22039191193656
2025-05-17,-164682.57142857142,52190.28571428572,16.37209289860678,91.86325463122992
2025-05-18,-163168.14285714287,48713.57142857143,16.123841431634556,90.50611735052328
2025-05-19,-161653.7142857143,45236.857142857145,15.87558996466233,89.14898006981664
2025-05-20,-160139.2857142857,41760.142857142855,15.627338497690104,87.79184278910999
2025-05-21,-158624.85714285713,38283.42857142857,15.37908703071788,86.43470550840335
2025-05-22,-157110.42857142858,34806.71428571429,15.130835563745656,85.07756822769672
2025-05-23,-155596.0,31330.0,14.88258409677343,83.72043094699008
2025-05-24,-159074.2857142857,35557.0,15.10696613207128,85.37044265750612
2025-05-25,-162552.57142857142,39784.0,15.331348167369129,87.02045436802214
2025-05-26,-166030.85714285713,44011.0,15.555730202666979,88.67046607853818
2025-05-27,-169509.14285714287,48238.0,15.780112237964827,90.32047778905422
2025-05-28,-172987.42857142858,52465.0,16.004494273262676,91.97048949957026
2025-05-29,-176465.7142857143,56692.0,16.228876308560526,93.62050121008629
2025-05-30,-179944.0,60919.0,16.453258343858376,95.27051292060233
2025-05-31,-177520.2857142857,57159.71428571428,16.29658972093422,93.80307373163922
2025-06-01,-175096.57142857142,53400.42857142857,16.139921098010067,92.3356345426761
2025-06-02,-172672.85714285713,49641.142857142855,15.98325247508591,90.86819535371299
2025-06-03,-170249.14285714287,45881.857142857145,15.826583852161754,89.40075616474988
2025-06-04,-167825.42857142858,42122.57142857143,15.6699152292376,87.93331697578677
2025-06-05,-165401.7142857143,38363.28571428571,15.513246606313444,86.46587778682365
2025-06-06,-162978.0,34604.0,15.356577983389288,84.99843859786054
2025-06-07,-164347.2857142857,34670.71428571428,15.287813248587158,85.0244805549666
2025-06-08,-165716.57142857142,34737.42857142857,15.219048513785026,85.05052251207265
2025-06-09,-167085.85714285713,34804.142857142855,15.150283778982896,85.0765644691787
2025-06-10,-168455.14285714287,34870.857142857145,15.081519044180766,85.10260642628477
2025-06-11,-169824.42857142858,34937.57142857143,15.012754309378636,85.12864838339082
2025-06-12,-171193.7142857143,35004.28571428572,14.943989574576504,85.15469034049687
2025-06-13,-172563.0,35071.0,14.875224839774374,85.18073229760293
2025-06-14,-172281.0,38959.28571428572,15.069317420157752,86.6985267055527
2025-06-15,-171999.0,42847.57142857143,15.263410000541128,88.21632111350245
2025-06-16,-171717.0,46735.857142857145,15.457502580924507,89.73411552145221
2025-06-17,-171435.0,50624.142857142855,15.651595161307885,91.25190992940196
2025-06-18,-171153.0,54512.42857142857,15.845687741691263,92.76970433735173
2025-06-19,-170871.0,58400.71428571429,16.03978032207464,94.28749874530149
2025-06-20,-170589.0,62289.0,16.233872902458018,95.80529315325124
2025-06-21,-168515.57142857142,58447.142857142855,16.15054702674315,94.3056221629877
2025-06-22,-166442.14285714287,54605.28571428572,16.067221151028285,92.80595117272416
2025-06-23,-164368.7142857143,50763.42857142857,15.983895275313417,91.30628018246063
2025-06-24,-162295.2857142857,46921.57142857143,15.900569399598549,89.8066091921971
2025-06-25,-160221.85714285713,43079.71428571429,15.817243523883683,88.30693820193356
2025-06-26,-158148.42857142858,39237.857142857145,15.733917648168815,86.80726721167002
2025-06-27,-156075.0,35396.0,15.650591772453948,85.30759622140648
2025-06-28,-153975.57142857142,32325.285714285714,15.48218313211614,84.10894125782062
2025-06-29,-151876.14285714287,29254.571428571428,15.313774491778332,82.91028629423475
2025-06-30,-149776.7142857143,26183.857142857145,15.145365851440523,81.71163133064888
2025-07-01,-147677.2857142857,23113.142857142855,14.976957211102714,80.51297636706303
2025-07-02,-145577.85714285713,20042.428571428572,14.808548570764906,79.31432140347717
2025-07-03,-143478.42857142858,16971.714285714286,14.640139930427098,78.1156664398913
2025-07-04,-141379.0,13901.0,14.47173129008929,76.91701147630543
2025-07-05,-140613.57142857142,12941.42857142857,14.430712180993961,76.54244225600274
2025-07-06,-139848.14285714287,11981.857142857143,14.389693071898632,76.16787303570005
2025-07-07,-139082.7142857143,11022.285714285714,14.348673962803304,75.79330381539737
2025-07-08,-138317.2857142857,10062.714285714286,14.307654853707975,75.41873459509468
2025-07-09,-137551.85714285713,9103.142857142857,14.266635744612646,75.04416537479199
2025-07-10,-136786.42857142858,8143.571428571428,14.225616635517317,74.6695961544893
2025-07-11,-136021.0,7184.0,14.184597526421989,74.29502693418661
2025-07-12,-133188.7142857143,3701.714285714286,14.075384304087631,72.7270767377297
2025-07-13,-130356.42857142857,219.42857142857156,13.966171081753274,71.1591265412728
2025-07-14,-127524.14285714286,-3262.857142857143,13.856957859418916,69.59117634481589
2025-07-15,-124691.85714285714,-6745.142857142857,13.747744637084557,68.02322614835899
2025-07-16,-121859.57142857143,-10227.428571428572,13.638531414750199,66.45527595190208
2025-07-17,-119027.28571428571,-13709.714285714286,13.529318192415841,64.88732575544518
2025-07-18,-116195.0,-17192.0,13.420104970081484,63.31937555898828
2025-07-19,-119013.14285714286,-13434.714285714286,13.38391023625356,64.79689412026713
2025-07-20,-121831.28571428571,-9677.428571428572,13.347715502425633,66.27441268154598
2025-07-21,-124649.42857142858,-5920.142857142857,13.311520768597708,67.75193124282482
2025-07-22,-127467.57142857143,-2162.857142857143,13.275326034769781,69.22944980410368
2025-07-23,-130285.71428571429,1594.4285714285725,13.239131300941857,70.70696836538254
2025-07-24,-133103.85714285716,5351.714285714286,13.20293656711393,72.18448692666138
2025-07-25,-135922.0,9109.0,13.166741833286006,73.66200548794023
2025-07-26,-130420.71428571429,4268.857142857143,13.07518666280658,71.62594956165245
2025-07-27,-124919.42857142857,-571.2857142857138,12.983631492327152,69.58989363536466
2025-07-28,-119418.14285714286,-5411.428571428571,12.892076321847727,67.55383770907686
2025-07-29,-113916.85714285714,-10251.571428571428,12.800521151368299,65.51778178278907
2025-07-30,-108415.57142857142,-15091.714285714283,12.708965980888873,63.481725856501285
2025-07-31,-102914.28571428571,-19931.85714285714,12.617410810409446,61.4456699302135
2025-08-01,-97413.0,-24772.0,12.52585563993002,59.409614003925704
2025-08-02,-94646.57142857143,-28889.428571428572,12.405633241277263,57.70086089805855
2025-08-03,-91880.14285714286,-33006.857142857145,12.285410842624508,55.99210779219139
2025-08-04,-89113.71428571429,-37124.28571428571,12.16518844397175,54.28335468632424
2025-08-05,-86347.28571428571,-41241.71428571429,12.044966045318994,52.574601580457085
2025-08-06,-83580.85714285714,-45359.142857142855,11.924743646666236,50.865848474589924
2025-08-07,-80814.42857142858,-49476.57142857143,11.804521248013481,49.15709536872277
2025-08-08,-78048.0,-53594.0,11.684298849360724,47.44834226285562
2025-08-09,-80657.71428571429,-49683.857142857145,11.631887258280484,49.071070777902804
2025-08-10,-83267.42857142857,-45773.71428571428,11.579475667200244,50.69379929294998
2025-08-11,-85877.14285714286,-41863.57142857143,11.527064076120004,52.31652780799717
2025-08-12,-88486.85714285714,-37953.42857142857,11.474652485039764,53.93925632304435
2025-08-13,-91096.57142857143,-34043.28571428571,11.422240893959524,55.56198483809153
2025-08-14,-93706.28571428571,-30133.142857142855,11.369829302879284,57.18471335313872
2025-08-15,-96316.0,-26223.0,11.317417711799044,58.8074418681859
2025-08-16,-100656.0,-22727.285714285714,11.252107856550666,60.25060477379377
2025-08-17,-104996.0,-19231.571428571428,11.186798001302286,61.693767679401645
2025-08-18,-109336.0,-15735.857142857143,11.121488146053908,63.136930585009516
2025-08-19,-113676.0,-12240.142857142857,11.056178290805528,64.58009349061739
2025-08-20,-118016.0,-8744.428571428572,10.99086843555715,66.02325639622526
2025-08-21,-122356.0,-5248.714285714286,10.92555858030877,67.46641930183313
2025-08-22,-126696.0,-1753.0,10.860248725060393,68.909582207441
2025-08-23,-126014.0,1232.4285714285716,11.035316854161533,69.84542558814393
2025-08-24,-125332.0,4217.857142857143,11.210384983262673,70.78126896884683
2025-08-25,-124650.0,7203.285714285714,11.385453112363813,71.71711234954975
2025-08-26,-123968.0,10188.714285714286,11.560521241464953,72.65295573025266
2025-08-27,-123286.0,13174.142857142859,11.735589370566093,73.58879911095558
2025-08-28,-122604.0,16159.571428571428,11.910657499667233,74.52464249165848
2025-08-29,-121922.0,19145.0,12.085725628768373,75.4604858723614
2025-08-30,-122239.71428571429,18040.85714285714,12.045790358890914,74.42291158657379
2025-08-31,-122557.42857142857,16936.714285714286,12.005855089013455,73.38533730078618
2025-09-01,-122875.14285714286,15832.571428571428,11.965919819135996,72.34776301499856
2025-09-02,-123192.85714285714,14728.428571428572,11.925984549258535,71.31018872921096
2025-09-03,-123510.57142857143,13624.285714285714,11.886049279381076,70.27261444342335
2025-09-04,-123828.28571428571,12520.142857142857,11.846114009503617,69.23504015763574
2025-09-05,-124146.0,11416.0,11.806178739626159,68.19746587184812
2025-09-06,-123602.42857142857,7873.428571428572,11.658127279094188,66.09582521274227
2025-09-07,-123058.85714285714,4330.857142857143,11.510075818562218,63.99418455363641
2025-09-08,-122515.28571428571,788.2857142857138,11.362024358030247,61.89254389453055
2025-09-09,-121971.71428571429,-2754.2857142857138,11.213972897498277,59.79090323542469
2025-09-10,-121428.14285714286,-6296.857142857141,11.065921436966306,57.68926257631883
2025-09-11,-120884.57142857143,-9839.428571428572,10.917869976434336,55.58762191721297
2025-09-12,-120341.0,-13382.0,10.769818515902365,53.48598125810712
2025-09-13,-122268.71428571429,-11443.42857142857,10.913786147597621,53.148905723122745
2025-09-14,-124196.42857142857,-9504.857142857143,11.057753779292876,52.81183018813838
2025-09-15,-126124.14285714286,-7566.285714285714,11.201721410988132,52.47475465315401
2025-09-16,-128051.85714285714,-5627.714285714285,11.345689042683388,52.137679118169636
2025-09-17,-129979.57142857143,-3689.142857142857,11.489656674378644,51.800603583185264
2025-09-18,-131907.2857142857,-1750.5714285714275,11.633624306073898,51.4635280482009
2025-09-19,-133835.0,188.0,11.777591937769154,51.12645251321653
2025-09-20,-131634.85714285713,-3373.4285714285716,11.63228890992963,47.75432919225998
2025-09-21,-129434.71428571429,-6934.857142857143,11.486985882090103,44.38220587130343
2025-09-22,-127234.57142857142,-10496.285714285714,11.341682854250578,41.01008255034688
2025-09-23,-125034.42857142857,-14057.714285714286,11.196379826411054,37.63795922939033
2025-09-24,-122834.28571428571,-17619.14285714286,11.051076798571529,34.265835908433786
2025-09-25,-120634.14285714286,-21180.571428571428,10.905773770732003,30.893712587477232
2025-09-26,-118434.0,-24742.0,10.760470742892478,27.521589266520685
2025-09-27,-115852.85714285714,-25720.714285714286,10.730716767570874,26.796105195719544
2025-09-28,-113271.71428571429,-26699.428571428572,10.70096279224927,26.070621124918404
2025-09-29,-110690.57142857142,-27678.142857142855,10.671208816927665,25.345137054117263
2025-09-30,-108109.42857142857,-28656.85714285714,10.641454841606059,24.619652983316122
2025-10-01,-105528.28571428571,-29635.571428571428,10.611700866284455,23.89416891251498
2025-10-02,-102947.14285714286,-30614.285714285714,10.58194689096285,23.16868484171384
2025-10-03,-100366.0,-31593.0,10.552192915641246,22.4432007709127
2025-10-04,-106318.42857142857,-26522.428571428572,10.831708381128983,26.201824564375798
2025-10-05,-112270.85714285714,-21451.857142857145,11.111223846616722,29.960448357838892
2025-10-06,-118223.28571428571,-16381.285714285714,11.39073931210446,33.71907215130199
2025-10-07,-124175.71428571429,-11310.714285714286,11.670254777592199,37.47769594476509
2025-10-08,-130128.14285714286,-6240.142857142859,11.949770243079936,41.23631973822819
2025-10-09,-136080.57142857142,-1169.5714285714275,12.229285708567675,44.99494353169128
2025-10-10,-142033.0,3901.0,12.508801174055412,48.75356732515438
2025-10-11,-143157.42857142858,3718.8571428571427,12.451510824367944,48.61855167922364
2025-10-12,-144281.85714285713,3536.714285714286,12.394220474680475,48.483536033292914
2025-10-13,-145406.2857142857,3354.5714285714284,12.336930124993007,48.34852038736218
2025-10-14,-146530.7142857143,3172.4285714285716,12.279639775305537,48.21350474143145
2025-10-15,-147655.14285714287,2990.285714285714,12.222349425618068,48.078489095500714
2025-10-16,-148779.57142857142,2808.142857142857,12.1650590759306,47.943473449569986
2025-10-17,-149904.0,2626.0,12.107768726243131,47.80845780363925
2025-10-18,-153188.2857142857,7607.0,12.290029691732574,51.500685667691705
2025-10-19,-156472.57142857142,12588.0,12.472290657222016,55.19291353174416
2025-10-20,-159756.85714285713,17569.0,12.654551622711459,58.88514139579661
2025-10-21,-163041.14285714287,22550.0,12.836812588200903,62.577369259849064
2025-10-22,-166325.42857142858,27531.0,13.019073553690346,66.26959712390152
2025-10-23,-169609.7142857143,32512.0,13.201334519179788,69.96182498795397
2025-10-24,-172894.0,37493.0,13.38359548466923,73.65405285200643
2025-10-25,-184341.42857142858,49282.42857142857,14.25102069076155,77.417759587434
2025-10-26,-195788.85714285713,61071.857142857145,15.118445896853867,81.18146632286158
2025-10-27,-207236.2857142857,72861.28571428571,15.985871102946186,84.94517305828916
2025-10-28,-218683.7142857143,84650.71428571429,16.853296309038505,88.70887979371672
2025-10-29,-230131.14285714284,96440.14285714286,17.720721515130823,92.4725865291443
2025-10-30,-241578.57142857142,108229.57142857142,18.58814672122314,96.23629326457187
2025-10-31,-253026.0,120019.0,19.45557192731546,99.99999999999945
2025-11-01,-261151.0,129311.42857142857,20.240398750406527,99.99999999999946
2025-11-02,-269276.0,138603.85714285713,21.025225573497597,99.99999999999949
2025-11-03,-277401.0,147896.2857142857,21.810052396588663,99.9999999999995
2025-11-04,-285526.0,157188.7142857143,22.594879219679733,99.99999999999953
2025-11-05,-293651.0,166481.14285714284,23.3797060427708,99.99999999999955
2025-11-06,-301776.0,175773.57142857142,24.164532865861865,99.99999999999957
2025-11-07,-309901.0,185066.0,24.949359688952935,99.99999999999959
2025-11-08,-312387.6666666667,188134.33333333334,25.064578485149468,99.99999999999959
2025-11-09,-314874.3333333333,191202.66666666666,25.179797281345998,99.9999999999996
2025-11-10,-317361.0,194271.0,25.295016077542527,99.9999999999996
2025-11-11,-319847.6666666667,197339.33333333334,25.41023487373906,99.9999999999996
2025-11-12,-322334.3333333333,200407.66666666666,25.525453669935594,99.99999999999962
2025-11-13,-324821.0,203476.0,25.640672466132123,99.99999999999962
2025-11-14,-327467.25,207226.125,25.970106156492903,99.99999999999962
2025-11-15,-330113.5,210976.25,26.29953984685368,99.99999999999963
2025-11-16,-332759.75,214726.375,26.628973537214456,99.99999999999963
2025-11-17,-335406.0,218476.5,26.958407227575236,99.99999999999963
2025-11-18,-338052.25,222226.625,27.287840917936016,99.99999999999964
2025-11-19,-340698.5,225976.75,27.617274608296793,99.99999999999964
2025-11-20,-343344.75,229726.875,27.94670829865757,99.99999999999966
2025-11-21,-345991.0,233477.0,28.27614198901835,99.99999999999966
2025-11-22,-344509.4285714286,232333.14285714287,27.9431670583068,99.60631721480827
2025-11-23,-343027.85714285716,231189.2857142857,27.610192127595248,99.21263442961688
2025-11-24,-341546.28571428574,230045.42857142858,27.277217196883697,98.8189516444255
2025-11-25,-340064.71428571426,228901.57142857142,26.94424226617215,98.4252688592341
2025-11-26,-338583.14285714284,227757.7142857143,26.6112673354606,98.0315860740427
2025-11-27,-337101.5714285714,226613.85714285713,26.27829240474905,97.63790328885132
2025-11-28,-335620.0,225470.0,25.9453174740375,97.24422050365993
2025-11-29,-335875.14285714284,225729.57142857142,25.937258518450474,97.33355753634292
2025-11-30,-336130.28571428574,225989.14285714287,25.92919956286345,97.42289456902593
2025-12-01,-336385.4285714286,226248.7142857143,25.921140607276424,97.51223160170892
2025-12-02,-336640.5714285714,226508.2857142857,25.913081651689403,97.60156863439191
2025-12-03,-336895.71428571426,226767.85714285713,25.905022696102378,97.6909056670749
2025-12-04,-337150.85714285716,227027.42857142858,25.896963740515353,97.7802426997579
2025-12-05,-337406.0,227287.0,25.88890478492833,97.8695797324409
2025-12-06,-333772.28571428574,221978.14285714287,25.60132645219653,96.0424235362023
2025-12-07,-330138.5714285714,216669.2857142857,25.313748119464737,94.2152673399637
2025-12-08,-326504.85714285716,211360.42857142858,25.02616978673294,92.38811114372511
2025-12-09,-322871.14285714284,206051.57142857142,24.738591454001142,90.56095494748652
2025-12-10,-319237.4285714286,200742.7142857143,24.451013121269344,88.73379875124793
2025-12-11,-315603.71428571426,195433.85714285713,24.16343478853755,86.90664255500933
2025-12-12,-311970.0,190125.0,23.875856455805753,85.07948635877074
2025-12-13,-309149.5714285714,185103.42857142858,23.644706165916023,83.3071901316407
2025-12-14,-306329.14285714284,180081.85714285713,23.41355587602629,81.53489390451067
2025-12-15,-303508.71428571426,175060.2857142857,23.18240558613656,79.76259767738063
2025-12-16,-300688.28571428574,170038.7142857143,22.951255296246828,77.99030145025058
2025-12-17,-297867.85714285716,165017.14285714287,22.720105006357098,76.21800522312054
2025-12-18,-295047.4285714286,159995.57142857142,22.488954716467365,74.44570899599051
2025-12-19,-292227.0,154974.0,22.257804426577636,72.67341276886047
2025-12-20,-287578.85714285716,148872.14285714287,21.832474345952416,70.54505463895552
2025-12-21,-282930.71428571426,142770.2857142857,21.407144265327194,68.41669650905058
2025-12-22,-278282.5714285714,136668.42857142858,20.981814184701975,66.28833837914563
2025-12-23,-273634.4285714286,130566.57142857142,20.556484104076752,64.15998024924068
2025-12-24,-268986.28571428574,124464.71428571429,20.131154023451533,62.031622119335736
2025-12-25,-264338.14285714284,118362.85714285714,19.705823942826314,59.90326398943078
2025-12-26,-259690.0,112261.0,19.28049386220109,57.77490585952584
2025-12-27,-255867.85714285713,109082.0,19.174682267047736,56.66751430830681
2025-12-28,-252045.7142857143,105903.0,19.06887067189438,55.56012275708777
2025-12-29,-248223.57142857142,102724.0,18.963059076741025,54.45273120586874
2025-12-30,-244401.42857142858,99545.0,18.857247481587667,53.345339654649706
2025-12-31,-240579.2857142857,96366.0,18.75143588643431,52.237948103430675
2026-01-01,-236757.14285714284,93187.0,18.645624291280956,51.13055655221164
2026-01-02,-232935.0,90008.0,18.5398126961276,50.023165000992606
2026-01-03,-232935.0,90008.0,18.5398126961276,50.023165000992606
2026-01-04,-232935.0,90008.0,18.5398126961276,50.023165000992606
2026-01-05,-232935.0,90008.0,18.5398126961276,50.023165000992606
2026-01-06,-232935.0,90008.0,18.5398126961276,50.023165000992606
2026-01-07,-232935.0,90008.0,18.5398126961276,50.023165000992606
2026-01-08,-232935.0,90008.0,18.5398126961276,50.023165000992606
2026-01-09,-232935.0,90008.0,18.5398126961276,50.023165000992606
2026-01-10,-232935.0,90008.0,18.5398126961276,50.023165000992606
2026-01-11,-232935.0,90008.0,18.5398126961276,50.023165000992606
2026-01-12,-232935.0,90008.0,18.5398126961276,50.023165000992606
2026-01-13,-232935.0,90008.0,18.5398126961276,50.023165000992606
2026-01-14,-232935.0,90008.0,18.5398126961276,50.023165000992606
2026-01-15,-232935.0,90008.0,18.5398126961276,50.023165000992606
2026-01-16,-232935.0,90008.0,18.5398126961276,50.023165000992606
2026-01-17,-232935.0,90008.0,18.5398126961276,50.023165000992606
2026-01-18,-232935.0,90008.0,18.5398126961276,50.023165000992606
2026-01-19,-232935.0,90008.0,18.5398126961276,50.023165000992606
2026-01-20,-232935.0,90008.0,18.5398126961276,50.023165000992606
2026-01-21,-232935.0,90008.0,18.5398126961276,50.023165000992606
2026-01-22,-232935.0,90008.0,18.5398126961276,50.023165000992606
2026-01-23,-232935.0,90008.0,18.5398126961276,50.023165000992606
2026-01-24,-232935.0,90008.0,18.5398126961276,50.023165000992606
2026-01-25,-232935.0,90008.0,18.5398126961276,50.023165000992606
2026-01-26,-232935.0,90008.0,18.5398126961276,50.023165000992606
2026-01-27,-232935.0,90008.0,18.5398126961276,50.023165000992606
2026-01-28,-232935.0,90008.0,18.5398126961276,50.023165000992606
2026-01-29,-232935.0,90008.0,18.5398126961276,50.023165000992606
2026-01-30,-232935.0,90008.0,18.5398126961276,50.023165000992606
2026-01-31,-232935.0,90008.0,18.5398126961276,50.023165000992606
2026-02-01,-232935.0,90008.0,18.5398126961276,50.023165000992606
2026-02-02,-232935.0,90008.0,18.5398126961276,50.023165000992606
2026-02-03,-232935.0,90008.0,18.5398126961276,50.023165000992606
2026-02-04,-232935.0,90008.0,18.5398126961276,50.023165000992606
2026-02-05,-232935.0,90008.0,18.5398126961276,50.023165000992606
2026-02-06,-232935.0,90008.0,18.5398126961276,50.023165000992606
2026-02-07,-232935.0,90008.0,18.5398126961276,50.023165000992606
2026-02-08,-232935.0,90008.0,18.5398126961276,50.023165000992606
2026-02-09,-232935.0,90008.0,18.5398126961276,50.023165000992606
2026-02-10,-232935.0,90008.0,18.5398126961276,50.023165000992606
2026-02-11,-232935.0,90008.0,18.5398126961276,50.023165000992606
2026-02-12,-232935.0,90008.0,18.5398126961276,50.023165000992606
2026-02-13,-232935.0,90008.0,18.5398126961276,50.023165000992606
2026-02-14,-232935.0,90008.0,18.5398126961276,50.023165000992606
2026-02-15,-232935.0,90008.0,18.5398126961276,50.023165000992606
2026-02-16,-232935.0,90008.0,18.5398126961276,50.023165000992606
2026-02-17,-232935.0,90008.0,18.5398126961276,50.023165000992606
2026-02-18,-232935.0,90008.0,18.5398126961276,50.023165000992606
2026-02-19,-232935.0,90008.0,18.5398126961276,50.023165000992606
2026-02-20,-232935.0,90008.0,18.5398126961276,50.023165000992606
2026-02-21,-232935.0,90008.0,18.5398126961276,50.023165000992606
2026-02-22,-232935.0,90008.0,18.5398126961276,50.023165000992606
2026-02-23,-232935.0,90008.0,18.5398126961276,50.023165000992606
2026-02-24,-232935.0,90008.0,18.5398126961276,50.023165000992606
2026-02-25,-232935.0,90008.0,18.5398126961276,50.023165000992606
2026-02-26,-232935.0,90008.0,18.5398126961276,50.023165000992606
2026-02-27,-232935.0,90008.0,18.5398126961276,50.023165000992606
2026-02-28,-232935.0,90008.0,18.5398126961276,50.023165000992606
2026-03-01,-232935.0,90008.0,18.5398126961276,50.023165000992606
2026-03-02,-232935.0,90008.0,18.5398126961276,50.023165000992606
2026-03-03,-232935.0,90008.0,18.5398126961276,50.023165000992606
2026-03-04,-232935.0,90008.0,18.5398126961276,50.023165000992606
2026-03-05,-232935.0,90008.0,18.5398126961276,50.023165000992606
2026-03-06,-232935.0,90008.0,18.5398126961276,50.023165000992606
2026-03-07,-232935.0,90008.0,18.5398126961276,50.023165000992606
2026-03-08,-232935.0,90008.0,18.5398126961276,50.023165000992606
2026-03-09,-232935.0,90008.0,18.5398126961276,50.023165000992606
2026-03-10,-232935.0,90008.0,18.5398126961276,50.023165000992606
2026-03-11,-232935.0,90008.0,18.5398126961276,50.023165000992606
2026-03-12,-232935.0,90008.0,18.5398126961276,50.023165000992606
2026-03-13,-232935.0,90008.0,18.5398126961276,50.023165000992606
2026-03-14,-232935.0,90008.0,18.5398126961276,50.023165000992606
2026-03-15,-232935.0,90008.0,18.5398126961276,50.023165000992606
2026-03-16,-232935.0,90008.0,18.5398126961276,50.023165000992606
2026-03-17,-232935.0,90008.0,18.5398126961276,50.023165000992606
2026-03-18,-232935.0,90008.0,18.5398126961276,50.023165000992606
2026-03-19,-232935.0,90008.0,18.5398126961276,50.023165000992606
2026-03-20,-232935.0,90008.0,18.5398126961276,50.023165000992606
2026-03-21,-232935.0,90008.0,18.5398126961276,50.023165000992606
2026-03-22,-232935.0,90008.0,18.5398126961276,50.023165000992606
2026-03-23,-232935.0,90008.0,18.5398126961276,50.023165000992606
2026-03-24,-232935.0,90008.0,18.5398126961276,50.023165000992606
2026-03-25,-232935.0,90008.0,18.5398126961276,50.023165000992606
2026-03-26,-232935.0,90008.0,18.5398126961276,50.023165000992606
2026-03-27,-232935.0,90008.0,18.5398126961276,50.023165000992606
2026-03-28,-232935.0,90008.0,18.5398126961276,50.023165000992606
2026-03-29,-232935.0,90008.0,18.5398126961276,50.023165000992606
2026-03-30,-232935.0,90008.0,18.5398126961276,50.023165000992606
2026-03-31,-232935.0,90008.0,18.5398126961276,50.023165000992606
2026-04-01,-232935.0,90008.0,18.5398126961276,50.023165000992606
2026-04-02,-232935.0,90008.0,18.5398126961276,50.023165000992606
2026-04-03,-232935.0,90008.0,18.5398126961276,50.023165000992606
2026-04-04,-232935.0,90008.0,18.5398126961276,50.023165000992606
2026-04-05,-232935.0,90008.0,18.5398126961276,50.023165000992606
2026-04-06,-232935.0,90008.0,18.5398126961276,50.023165000992606
2026-04-07,-232935.0,90008.0,18.5398126961276,50.023165000992606
2026-04-08,-232935.0,90008.0,18.5398126961276,50.023165000992606
2026-04-09,-232935.0,90008.0,18.5398126961276,50.023165000992606
2026-04-10,-232935.0,90008.0,18.5398126961276,50.023165000992606
2026-04-11,-232935.0,90008.0,18.5398126961276,50.023165000992606
2026-04-12,-232935.0,90008.0,18.5398126961276,50.023165000992606
2026-04-13,-232935.0,90008.0,18.5398126961276,50.023165000992606
2026-04-14,-232935.0,90008.0,18.5398126961276,50.023165000992606
2026-04-15,-232935.0,90008.0,18.5398126961276,50.023165000992606
2026-04-16,-232935.0,90008.0,18.5398126961276,50.023165000992606
2026-04-17,-232935.0,90008.0,18.5398126961276,50.023165000992606
2026-04-18,-232935.0,90008.0,18.5398126961276,50.023165000992606
2026-04-19,-232935.0,90008.0,18.5398126961276,50.023165000992606
2026-04-20,-232935.0,90008.0,18.5398126961276,50.023165000992606
2026-04-21,-232935.0,90008.0,18.5398126961276,50.023165000992606
2026-04-22,-232935.0,90008.0,18.5398126961276,50.023165000992606
2026-04-23,-232935.0,90008.0,18.5398126961276,50.023165000992606
2026-04-24,-232935.0,90008.0,18.5398126961276,50.023165000992606
2026-04-25,-232935.0,90008.0,18.5398126961276,50.023165000992606
2026-04-26,-232935.0,90008.0,18.5398126961276,50.023165000992606
2026-04-27,-232935.0,90008.0,18.5398126961276,50.023165000992606
2026-04-28,-232935.0,90008.0,18.5398126961276,50.023165000992606
2026-04-29,-232935.0,90008.0,18.5398126961276,50.023165000992606
2026-04-30,-232935.0,90008.0,18.5398126961276,50.023165000992606
2026-05-01,-232935.0,90008.0,18.5398126961276,50.023165000992606
2026-05-02,-232935.0,90008.0,18.5398126961276,50.023165000992606
2026-05-03,-232935.0,90008.0,18.5398126961276,50.023165000992606
2026-05-04,-232935.0,90008.0,18.5398126961276,50.023165000992606
2026-05-05,-232935.0,90008.0,18.5398126961276,50.023165000992606
2026-05-06,-232935.0,90008.0,18.5398126961276,50.023165000992606
2026-05-07,-232935.0,90008.0,18.5398126961276,50.023165000992606
2026-05-08,-232935.0,90008.0,18.5398126961276,50.023165000992606
2026-05-09,-232935.0,90008.0,18.5398126961276,50.023165000992606
2026-05-10,-232935.0,90008.0,18.5398126961276,50.023165000992606
2026-05-11,-232935.0,90008.0,18.5398126961276,50.023165000992606
2026-05-12,-232935.0,90008.0,18.5398126961276,50.023165000992606
2026-05-13,-232935.0,90008.0,18.5398126961276,50.023165000992606
2026-05-14,-232935.0,90008.0,18.5398126961276,50.023165000992606
2026-05-15,-232935.0,90008.0,18.5398126961276,50.023165000992606
2026-05-16,-232935.0,90008.0,18.5398126961276,50.023165000992606
2026-05-17,-232935.0,90008.0,18.5398126961276,50.023165000992606
2026-05-18,-232935.0,90008.0,18.5398126961276,50.023165000992606
2026-05-19,-232935.0,90008.0,18.5398126961276,50.023165000992606
2026-05-20,-232935.0,90008.0,18.5398126961276,50.023165000992606
2026-05-21,-232935.0,90008.0,18.5398126961276,50.023165000992606
2026-05-22,-232935.0,90008.0,18.5398126961276,50.023165000992606
2026-05-23,-232935.0,90008.0,18.5398126961276,50.023165000992606
2026-05-24,-232935.0,90008.0,18.5398126961276,50.023165000992606
2026-05-25,-232935.0,90008.0,18.5398126961276,50.023165000992606
2026-05-26,-232935.0,90008.0,18.5398126961276,50.023165000992606
2026-05-27,-232935.0,90008.0,18.5398126961276,50.023165000992606
2026-05-28,-232935.0,90008.0,18.5398126961276,50.023165000992606
2026-05-29,-232935.0,90008.0,18.5398126961276,50.023165000992606
2026-05-30,-232935.0,90008.0,18.5398126961276,50.023165000992606
2026-05-31,-232935.0,90008.0,18.5398126961276,50.023165000992606
2026-06-01,-232935.0,90008.0,18.5398126961276,50.023165000992606
2026-06-02,-232935.0,90008.0,18.5398126961276,50.023165000992606
2026-06-03,-232935.0,90008.0,18.5398126961276,50.023165000992606
2026-06-04,-232935.0,90008.0,18.5398126961276,50.023165000992606
2026-06-05,-232935.0,90008.0,18.5398126961276,50.023165000992606
