Date,Soybeans,Soybeans_Open,Soybeans_High,Soybeans_Low,Maize,Wheat,Oil,Dollar,SoybeanMeal,SoybeanOil
2016-09-02,968.5,960.0,971.0,960.0,316.5,373.25,44.439998626708984,95.87999725341797,313.70001220703125,32.65999984741211
2016-09-06,974.25,969.0,978.0,965.5,316.75,371.0,44.83000183105469,94.81999969482422,317.1000061035156,32.7599983215332
2016-09-07,991.75,980.5,993.5,980.5,321.0,375.25,45.5,94.95999908447266,323.79998779296875,32.810001373291016
2016-09-08,992.0,994.5,999.25,987.75,327.0,377.0,47.619998931884766,95.02999877929688,325.1000061035156,32.939998626708984
2016-09-09,997.25,989.5,999.75,988.5,330.0,376.0,45.880001068115234,95.33999633789062,323.29998779296875,33.029998779296875
2016-09-12,984.5,990.25,1006.75,980.0,329.25,383.25,46.290000915527344,95.0999984741211,318.29998779296875,32.310001373291016
2016-09-13,968.25,982.5,982.5,968.25,319.25,374.75,44.900001525878906,95.62999725341797,310.3999938964844,31.549999237060547
2016-09-14,972.0,971.75,972.0,967.75,322.25,376.75,43.58000183105469,95.33000183105469,315.70001220703125,31.5
2016-09-15,950.5,943.0,953.0,941.25,330.0,399.5,43.90999984741211,95.29000091552734,308.6000061035156,32.040000915527344
2016-09-16,966.0,949.0,969.0,945.75,337.0,403.25,43.029998779296875,96.11000061035156,313.70001220703125,31.979999542236328
2016-09-19,972.5,970.5,981.25,966.25,337.25,404.0,43.29999923706055,95.83999633789062,311.8999938964844,32.83000183105469
2016-09-20,989.75,973.5,994.0,970.75,340.5,406.0,43.439998626708984,96.0199966430664,313.1000061035156,33.83000183105469
2016-09-21,975.5,988.25,990.25,971.5,340.0,407.75,45.34000015258789,95.66000366210938,308.70001220703125,33.400001525878906
2016-09-22,976.5,975.0,983.5,970.25,336.75,405.5,46.31999969482422,95.44999694824219,307.8999938964844,33.959999084472656
2016-09-23,955.0,975.0,976.25,952.5,336.5,404.75,44.47999954223633,95.4800033569336,303.29998779296875,33.310001373291016
2016-09-26,945.25,951.5,960.25,943.75,329.0,396.0,45.93000030517578,95.30999755859375,297.6000061035156,33.119998931884766
2016-09-27,952.5,946.75,953.5,934.0,331.75,404.0,44.66999816894531,95.44000244140625,299.29998779296875,33.119998931884766
2016-09-28,945.5,951.75,955.75,944.5,329.25,403.25,47.04999923706055,95.43000030517578,299.70001220703125,32.63999938964844
2016-09-29,950.25,947.0,957.25,946.0,329.25,399.0,47.83000183105469,95.54000091552734,297.8999938964844,33.09000015258789
2016-09-30,954.0,950.0,958.5,943.0,336.75,402.0,48.2400016784668,95.45999908447266,297.8999938964844,33.2400016784668
2016-10-03,973.0,952.5,975.0,946.5,346.0,395.5,48.810001373291016,95.75,305.8999938964844,33.04999923706055
2016-10-04,963.5,970.75,972.0,960.25,348.25,395.5,48.689998626708984,96.12000274658203,304.5,32.88999938964844
2016-10-05,956.75,963.5,967.5,950.5,347.75,405.0,49.83000183105469,96.12999725341797,303.79998779296875,32.65999984741211
2016-10-06,958.5,956.0,959.75,947.25,340.5,395.75,50.439998626708984,96.66000366210938,301.5,33.099998474121094
2016-10-07,956.75,958.75,973.25,955.25,339.75,394.75,49.810001373291016,96.5199966430664,298.6000061035156,33.11000061035156
2016-10-11,954.25,953.5,960.75,951.5,345.5,407.25,50.790000915527344,97.69999694824219,297.6000061035156,33.15999984741211
2016-10-12,945.5,953.0,971.25,943.25,337.0,396.75,50.18000030517578,97.97000122070312,294.5,33.13999938964844
2016-10-13,956.25,946.0,959.5,937.25,349.5,416.0,50.439998626708984,97.5199966430664,299.79998779296875,33.15999984741211
2016-10-14,962.5,955.5,974.25,952.0,354.25,421.0,50.349998474121094,98.0199966430664,299.79998779296875,34.150001525878906
2016-10-17,978.25,961.75,979.0,961.0,354.0,423.75,49.939998626708984,97.88999938964844,303.5,35.439998626708984
2016-10-18,972.5,977.5,987.0,971.5,353.75,420.0,50.290000915527344,97.9000015258789,303.3999938964844,35.06999969482422
2016-10-19,981.5,972.0,982.75,971.0,357.5,420.25,51.599998474121094,97.87000274658203,306.3999938964844,35.400001525878906
2016-10-20,975.5,981.25,989.75,973.25,351.0,417.0,50.43000030517578,98.31999969482422,304.6000061035156,35.04999923706055
2016-10-21,983.0,976.25,984.25,974.5,352.5,414.5,50.849998474121094,98.69999694824219,306.5,35.119998931884766
2016-10-24,992.0,982.75,999.75,980.0,348.25,402.5,50.52000045776367,98.66999816894531,307.29998779296875,35.9900016784668
2016-10-25,990.75,991.25,997.0,981.25,349.25,404.25,49.959999084472656,98.72000122070312,308.20001220703125,35.79999923706055
2016-10-26,1010.0,990.25,1011.0,988.75,354.0,411.5,49.18000030517578,98.62999725341797,319.1000061035156,35.720001220703125
2016-10-27,1014.25,1008.5,1020.0,1002.75,357.5,414.5,49.720001220703125,98.88999938964844,327.6000061035156,35.11000061035156
2016-10-28,1001.25,1013.0,1017.5,999.5,355.0,408.5,48.70000076293945,98.3499984741211,317.5,35.40999984741211
2016-10-31,1002.25,1002.0,1008.0,996.25,354.75,416.25,46.86000061035156,98.44999694824219,316.1000061035156,35.16999816894531
2016-11-01,984.25,1002.0,1005.25,983.0,349.0,414.25,46.66999816894531,97.69999694824219,309.5,34.849998474121094
2016-11-02,976.75,983.0,986.25,973.5,346.25,417.75,45.34000015258789,97.4000015258789,306.70001220703125,34.97999954223633
2016-11-03,979.75,976.5,984.5,976.5,348.0,412.0,44.65999984741211,97.16000366210938,306.3999938964844,35.099998474121094
2016-11-04,981.5,980.5,985.5,975.0,348.75,414.25,44.06999969482422,97.06999969482422,309.0,34.709999084472656
2016-11-07,989.25,981.75,992.0,981.75,346.25,410.0,44.88999938964844,97.77999877929688,311.8999938964844,34.790000915527344
2016-11-08,1001.75,989.5,1011.25,989.0,354.25,415.25,44.97999954223633,97.86000061035156,315.70001220703125,35.310001373291016
2016-11-09,982.0,1000.0,1007.0,975.5,340.75,406.75,45.27000045776367,98.5,311.3999938964844,34.310001373291016
2016-11-10,989.0,982.25,1007.75,982.0,343.5,404.75,44.65999984741211,98.79000091552734,311.3999938964844,34.77000045776367
2016-11-14,971.0,980.75,982.25,968.0,337.25,394.0,43.31999969482422,100.11000061035156,309.8999938964844,33.95000076293945
2016-11-15,989.5,985.5,992.75,978.75,341.5,399.0,45.810001373291016,100.19000244140625,310.1000061035156,34.209999084472656
2016-11-16,985.75,993.25,997.75,982.75,338.5,397.0,45.56999969482422,100.41000366210938,308.3999938964844,34.099998474121094
2016-11-17,989.5,985.25,993.75,981.0,342.0,403.0,45.41999816894531,100.88999938964844,311.5,33.70000076293945
2016-11-18,993.75,989.0,996.5,982.25,345.5,408.0,45.689998626708984,101.20999908447266,310.3999938964844,34.04999923706055
2016-11-21,1020.25,995.5,1021.5,995.5,349.75,410.25,47.4900016784668,101.05000305175781,319.70001220703125,34.63999938964844
2016-11-22,1030.0,1020.0,1033.25,1015.25,351.0,407.25,48.029998779296875,101.04000091552734,324.8999938964844,34.47999954223633
2016-11-23,1034.25,1030.25,1035.75,1017.25,350.75,401.5,47.959999084472656,101.69999694824219,316.3999938964844,36.849998474121094
2016-11-25,1046.0,1032.0,1046.75,1029.5,349.25,395.75,46.060001373291016,101.48999786376953,320.79998779296875,36.65999984741211
2016-11-28,1056.0,1043.25,1065.0,1042.5,348.5,389.5,47.08000183105469,101.33000183105469,325.8999938964844,36.709999084472656
2016-11-29,1042.5,1055.0,1058.75,1039.25,336.75,384.0,45.22999954223633,100.93000030517578,321.70001220703125,36.36000061035156
2016-11-30,1032.25,1043.0,1052.75,1031.25,336.75,380.5,49.439998626708984,101.5,316.3999938964844,36.790000915527344
2016-12-01,1029.75,1033.5,1040.0,1022.25,331.75,371.5,51.060001373291016,101.04000091552734,310.8999938964844,37.63999938964844
2016-12-02,1027.5,1033.0,1037.75,1026.5,337.5,387.5,51.68000030517578,100.7699966430664,310.70001220703125,37.5099983215332
2016-12-05,1043.5,1030.5,1049.75,1027.75,349.5,389.25,51.790000915527344,100.13999938964844,317.70001220703125,37.4900016784668
2016-12-06,1047.75,1042.5,1061.75,1039.0,351.0,389.5,50.93000030517578,100.48999786376953,320.20001220703125,37.619998931884766
2016-12-07,1049.0,1047.0,1053.0,1039.75,350.5,386.25,49.77000045776367,100.2300033569336,319.20001220703125,37.720001220703125
2016-12-08,1027.0,1049.0,1049.0,1023.5,346.5,390.75,50.84000015258789,101.06999969482422,312.3999938964844,37.04999923706055
2016-12-09,1037.5,1026.0,1039.5,1021.5,352.5,400.25,51.5,101.56999969482422,317.3999938964844,36.7400016784668
2016-12-12,1031.0,1041.75,1047.5,1026.5,354.5,401.25,52.83000183105469,100.95999908447266,314.79998779296875,36.7599983215332
2016-12-13,1028.0,1031.25,1038.75,1025.25,356.25,398.0,52.97999954223633,101.02999877929688,313.5,36.56999969482422
2016-12-14,1023.75,1027.25,1029.25,1020.75,351.75,391.5,51.040000915527344,102.0,311.1000061035156,36.72999954223633
2016-12-15,1029.0,1023.5,1038.5,1018.5,356.5,409.25,50.900001525878906,103.12999725341797,314.0,36.7400016784668
2016-12-16,1036.75,1029.25,1038.0,1023.0,356.25,409.25,51.900001525878906,102.94999694824219,317.1000061035156,36.7400016784668
2016-12-19,1021.5,1034.0,1039.0,1020.5,353.25,405.0,52.119998931884766,103.13999938964844,312.20001220703125,36.560001373291016
2016-12-20,1005.25,1021.25,1024.0,1004.0,350.25,403.25,52.22999954223633,103.29000091552734,308.79998779296875,36.060001373291016
2016-12-21,1006.75,1005.25,1012.25,1005.0,347.25,399.5,52.4900016784668,103.0199966430664,309.5,36.040000915527344
2016-12-22,994.5,1007.75,1008.75,993.5,347.25,397.0,52.95000076293945,103.08999633789062,309.29998779296875,34.790000915527344
2016-12-23,989.0,994.25,996.75,987.75,345.75,393.5,53.02000045776367,103.01000213623047,308.0,34.599998474121094
2016-12-27,1014.75,989.75,1015.25,989.25,355.0,409.5,53.900001525878906,103.0199966430664,317.79998779296875,35.119998931884766
2016-12-28,1006.75,1014.0,1018.75,1001.5,348.25,401.5,54.060001373291016,103.26000213623047,316.20001220703125,34.86000061035156
2016-12-29,1003.25,1006.5,1014.0,1002.0,349.75,404.75,53.77000045776367,102.68000030517578,314.79998779296875,34.52000045776367
2016-12-30,996.5,1003.5,1010.5,995.0,352.0,408.0,53.720001220703125,102.38999938964844,312.8999938964844,34.41999816894531
2017-01-03,986.75,996.0,1002.75,986.5,355.75,406.5,52.33000183105469,103.20999908447266,308.29998779296875,34.56999969482422
2017-01-04,1006.25,986.0,1006.5,984.0,359.75,418.5,53.2599983215332,102.69999694824219,315.29998779296875,34.97999954223633
2017-01-05,1003.5,1005.5,1006.0,998.25,361.25,426.25,53.7599983215332,101.5199966430664,314.3999938964844,35.0
2017-01-06,986.0,1003.5,1003.5,985.0,358.0,423.25,53.9900016784668,102.22000122070312,307.5,34.77000045776367
2017-01-09,996.5,986.25,996.75,986.0,360.0,427.25,51.959999084472656,101.93000030517578,309.79998779296875,35.27000045776367
2017-01-10,1005.5,993.75,1005.75,990.0,358.25,426.75,50.81999969482422,102.01000213623047,313.3999938964844,35.43000030517578
2017-01-11,1003.0,1004.5,1004.5,993.0,357.25,418.75,52.25,101.77999877929688,310.70001220703125,35.790000915527344
2017-01-12,1032.0,1002.75,1033.0,998.5,358.25,426.25,53.0099983215332,101.3499984741211,324.20001220703125,35.849998474121094
2017-01-13,1042.5,1029.5,1043.0,1025.5,358.5,426.0,52.369998931884766,101.18000030517578,332.5,35.369998931884766
2017-01-17,1069.25,1054.0,1075.5,1052.0,365.5,433.5,52.47999954223633,100.33000183105469,348.79998779296875,35.560001373291016
2017-01-18,1075.0,1068.0,1080.0,1062.5,365.0,431.0,51.08000183105469,100.93000030517578,351.1000061035156,35.58000183105469
2017-01-19,1070.25,1073.0,1077.25,1066.75,366.25,423.5,51.369998931884766,101.1500015258789,348.20001220703125,35.439998626708984
2017-01-20,1067.5,1070.0,1071.25,1060.0,369.75,428.25,52.41999816894531,100.73999786376953,348.70001220703125,35.150001525878906
2017-01-23,1057.75,1067.5,1069.75,1055.25,369.5,433.25,52.75,100.16000366210938,343.5,35.130001068115234
2017-01-24,1058.5,1059.75,1068.0,1051.25,363.25,426.75,53.18000030517578,100.3499984741211,343.0,35.279998779296875
2017-01-25,1055.25,1057.0,1060.0,1050.0,366.25,424.5,52.75,100.02999877929688,343.29998779296875,34.869998931884766
2017-01-26,1049.5,1055.5,1058.5,1045.5,363.75,427.0,53.779998779296875,100.37999725341797,342.3999938964844,34.470001220703125
2017-01-27,1049.25,1047.0,1052.0,1043.25,362.5,420.5,53.16999816894531,100.52999877929688,343.0,34.27000045776367
2017-01-30,1022.75,1044.0,1044.25,1019.25,357.75,414.0,52.630001068115234,100.43000030517578,334.3999938964844,33.61000061035156
2017-01-31,1024.5,1023.0,1026.5,1019.5,359.75,420.75,52.810001373291016,99.51000213623047,334.6000061035156,33.849998474121094
2017-02-01,1036.75,1024.5,1037.5,1017.0,368.25,433.75,53.880001068115234,99.63999938964844,336.0,34.310001373291016
2017-02-02,1037.25,1037.25,1041.75,1031.25,367.5,434.5,53.540000915527344,99.8499984741211,333.79998779296875,34.59000015258789
2017-02-03,1027.0,1036.75,1044.25,1026.25,365.25,430.25,53.83000183105469,99.87000274658203,331.6000061035156,33.86000061035156
2017-02-06,1036.0,1027.0,1042.5,1026.25,363.75,422.5,53.0099983215332,99.91000366210938,332.79998779296875,34.439998626708984
2017-02-07,1042.75,1038.25,1043.25,1032.0,368.5,430.75,52.16999816894531,100.26000213623047,335.8999938964844,34.29999923706055
2017-02-08,1058.75,1041.75,1059.75,1040.0,370.75,432.5,52.34000015258789,100.27999877929688,341.20001220703125,34.689998626708984
2017-02-09,1050.5,1057.0,1061.5,1045.0,369.5,443.5,53.0,100.6500015258789,338.3999938964844,34.66999816894531
2017-02-10,1059.0,1050.0,1063.5,1047.5,374.5,449.0,53.86000061035156,100.80000305175781,342.1000061035156,34.61000061035156
2017-02-13,1054.25,1059.25,1061.75,1050.5,375.5,452.25,52.93000030517578,100.95999908447266,343.20001220703125,34.16999816894531
2017-02-14,1045.0,1055.0,1056.0,1042.5,374.25,449.5,53.20000076293945,101.25,339.5,34.13999938964844
2017-02-15,1061.25,1045.25,1061.5,1040.25,378.75,454.75,53.11000061035156,101.18000030517578,346.8999938964844,33.939998626708984
2017-02-16,1043.75,1060.25,1062.75,1042.25,373.5,447.75,53.36000061035156,100.44000244140625,342.0,33.52000045776367
2017-02-17,1032.5,1043.0,1046.25,1031.0,368.25,441.0,53.400001525878906,100.94999694824219,339.6000061035156,32.88999938964844
2017-02-21,1026.25,1033.25,1044.5,1026.0,369.25,436.0,54.060001373291016,101.37000274658203,337.3999938964844,32.66999816894531
2017-02-22,1022.75,1027.25,1031.75,1022.25,371.0,441.25,53.59000015258789,101.33000183105469,335.0,32.720001220703125
2017-02-23,1011.5,1023.0,1027.0,1010.0,365.5,438.0,54.45000076293945,101.05000305175781,330.79998779296875,32.31999969482422
2017-02-24,1013.5,1012.25,1016.25,1009.25,364.0,431.25,53.9900016784668,101.08999633789062,331.29998779296875,32.38999938964844
2017-02-27,1011.0,1015.5,1018.5,1006.0,360.25,418.75,54.04999923706055,101.12999725341797,331.1000061035156,32.349998474121094
2017-02-28,1025.0,1013.0,1045.0,1012.5,366.75,424.75,54.0099983215332,101.12000274658203,332.6000061035156,33.689998626708984
2017-03-01,1041.25,1025.25,1041.5,1025.0,375.75,435.5,53.83000183105469,101.77999877929688,335.1000061035156,34.4900016784668
2017-03-02,1026.75,1039.75,1040.25,1022.0,372.75,432.0,52.61000061035156,102.19999694824219,330.79998779296875,33.880001068115234
2017-03-03,1027.0,1027.5,1030.25,1019.5,374.75,433.75,53.33000183105469,101.54000091552734,328.79998779296875,34.130001068115234
2017-03-06,1026.75,1027.5,1036.25,1026.0,372.75,438.25,53.20000076293945,101.63999938964844,329.20001220703125,34.02000045776367
2017-03-07,1014.75,1026.75,1027.0,1012.0,369.5,436.0,53.13999938964844,101.80999755859375,326.8999938964844,33.470001220703125
2017-03-08,1011.0,1014.0,1014.75,1008.0,365.25,427.5,50.279998779296875,102.06999969482422,326.5,33.290000915527344
2017-03-09,1000.25,1009.0,1009.0,995.75,359.75,426.0,49.279998779296875,101.8499984741211,324.1000061035156,32.869998931884766
2017-03-10,996.25,999.5,1001.75,992.75,358.0,422.75,48.4900016784668,101.25,324.6000061035156,32.439998626708984
2017-03-13,996.25,996.25,1000.0,995.5,354.5,412.25,48.400001525878906,101.37999725341797,326.8999938964844,31.8700008392334
2017-03-14,987.25,996.5,996.5,983.0,353.75,412.0,47.720001220703125,101.69999694824219,323.29998779296875,31.850000381469727
2017-03-15,998.0,998.75,1007.75,995.25,363.5,436.0,48.86000061035156,100.73999786376953,327.6000061035156,32.220001220703125
2017-03-16,1001.5,1000.0,1006.5,995.75,366.0,436.0,48.75,100.2699966430664,329.29998779296875,32.2599983215332
2017-03-17,1000.0,1001.5,1004.5,994.25,367.5,436.25,48.779998779296875,100.30000305175781,328.8999938964844,32.29999923706055
2017-03-20,999.5,1003.75,1008.75,998.25,363.5,430.25,48.220001220703125,100.41000366210938,326.6000061035156,32.7400016784668
2017-03-21,1001.5,1000.0,1008.0,995.0,361.25,426.5,47.34000015258789,99.80999755859375,325.79998779296875,33.13999938964844
2017-03-22,999.75,1001.0,1003.25,994.0,358.75,422.25,48.040000915527344,99.68000030517578,323.5,33.52000045776367
2017-03-23,991.0,999.25,1002.0,990.25,356.75,421.0,47.70000076293945,99.76000213623047,320.70001220703125,33.220001220703125
2017-03-24,975.75,990.5,991.0,972.25,356.25,424.75,47.970001220703125,99.62999725341797,318.20001220703125,32.22999954223633
2017-03-27,971.5,976.0,978.5,968.25,355.75,420.75,47.72999954223633,99.16999816894531,315.29998779296875,32.290000915527344
2017-03-28,972.0,971.25,976.5,970.0,357.75,424.5,48.369998931884766,99.70999908447266,315.29998779296875,32.470001220703125
2017-03-29,969.0,970.5,976.0,967.25,358.5,425.5,49.5099983215332,100.0,315.79998779296875,32.209999084472656
2017-03-30,963.0,969.5,970.0,961.0,357.5,421.0,50.349998474121094,100.41000366210938,314.8999938964844,32.0099983215332
2017-03-31,946.0,961.75,966.5,944.25,364.25,426.5,50.599998474121094,100.3499984741211,308.3999938964844,31.780000686645508
2017-04-03,938.25,946.25,949.25,937.25,367.75,427.75,50.2400016784668,100.54000091552734,307.6000061035156,31.420000076293945
2017-04-04,937.75,939.25,942.75,936.5,363.0,427.0,51.029998779296875,100.54000091552734,308.1000061035156,31.43000030517578
2017-04-05,944.25,937.5,948.5,937.25,364.75,429.75,51.150001525878906,100.55999755859375,309.79998779296875,31.829999923706055
2017-04-06,941.5,944.0,946.5,938.5,360.75,423.25,51.70000076293945,100.66999816894531,308.70001220703125,31.3700008392334
2017-04-07,942.0,938.5,945.5,937.5,359.5,424.0,52.2400016784668,101.18000030517578,307.3999938964844,31.6200008392334
2017-04-10,941.75,944.25,949.0,939.25,367.0,428.75,53.08000183105469,101.0199966430664,309.1000061035156,31.350000381469727
2017-04-11,939.25,941.75,945.0,929.75,366.5,433.25,53.400001525878906,100.70999908447266,309.29998779296875,31.06999969482422
2017-04-12,947.75,942.25,951.5,941.25,369.0,433.25,53.11000061035156,100.77999877929688,312.70001220703125,31.239999771118164
2017-04-13,955.5,947.25,959.5,946.75,371.0,429.75,53.18000030517578,100.55999755859375,317.5,31.190000534057617
2017-04-17,953.25,958.75,962.0,951.5,366.5,421.0,52.650001525878906,100.30000305175781,313.3999938964844,31.799999237060547
2017-04-18,946.0,952.5,955.0,939.75,361.75,422.5,52.40999984741211,99.5,312.20001220703125,31.139999389648438
2017-04-19,950.25,947.0,954.5,942.75,361.75,419.0,50.439998626708984,99.73999786376953,310.79998779296875,31.579999923706055
2017-04-20,946.75,950.0,955.75,946.0,357.75,406.25,50.27000045776367,99.77999877929688,307.8999938964844,31.920000076293945
2017-04-21,951.0,946.0,952.75,944.75,357.0,405.0,49.619998931884766,99.9800033569336,309.6000061035156,31.940000534057617
2017-04-24,961.25,951.5,962.25,951.5,359.25,402.5,49.22999954223633,99.08999633789062,316.3999938964844,31.690000534057617
2017-04-25,954.5,959.0,961.0,954.0,365.0,408.75,49.560001373291016,98.81999969482422,313.5,31.579999923706055
2017-04-26,945.75,955.0,958.0,944.5,359.0,407.75,49.619998931884766,98.95999908447266,309.6000061035156,31.90999984741211
2017-04-27,945.75,944.5,950.5,943.5,362.0,413.5,48.970001220703125,99.08000183105469,310.5,31.700000762939453
2017-04-28,945.25,945.0,947.0,941.5,358.0,418.5,49.33000183105469,99.05000305175781,311.70001220703125,31.450000762939453
2017-05-01,959.0,950.0,963.0,950.0,369.25,442.75,48.84000015258789,99.13999938964844,314.29998779296875,31.889999389648438
2017-05-02,958.0,958.5,967.75,955.0,364.0,441.5,47.65999984741211,98.9800033569336,310.79998779296875,32.349998474121094
2017-05-03,965.5,959.5,966.0,959.0,366.25,443.0,47.81999969482422,99.20999908447266,314.6000061035156,32.31999969482422
2017-05-04,965.25,965.25,970.5,961.75,358.0,426.0,45.52000045776367,98.76000213623047,314.1000061035156,32.33000183105469
2017-05-05,963.0,965.5,973.5,960.0,361.75,427.5,46.220001220703125,98.6500015258789,312.29998779296875,32.709999084472656
2017-05-08,956.25,962.5,962.5,954.5,356.75,418.0,46.43000030517578,99.1500015258789,309.5,32.72999954223633
2017-05-09,965.25,956.25,968.0,956.25,358.25,421.75,45.880001068115234,99.58999633789062,314.20001220703125,32.650001525878906
2017-05-10,961.75,965.25,980.0,958.5,365.25,424.0,47.33000183105469,99.66999816894531,313.79998779296875,32.06999969482422
2017-05-11,956.0,962.5,965.0,955.0,360.5,426.0,47.83000183105469,99.62000274658203,311.1000061035156,32.27000045776367
2017-05-12,954.0,953.5,954.0,953.5,361.75,425.0,47.84000015258789,99.25,309.70001220703125,32.630001068115234
2017-05-15,965.25,962.5,973.0,962.0,367.75,423.25,48.849998474121094,98.91000366210938,312.5,33.02000045776367
2017-05-16,976.25,964.75,977.25,964.0,367.75,424.25,48.65999984741211,98.11000061035156,317.0,33.0099983215332
2017-05-17,975.75,975.5,980.5,973.5,371.5,427.0,49.06999969482422,97.41999816894531,315.29998779296875,33.150001525878906
2017-05-18,944.75,972.5,972.5,942.75,366.0,425.75,49.349998474121094,97.87999725341797,307.5,32.439998626708984
2017-05-19,953.0,945.5,956.25,944.5,372.5,435.25,50.33000183105469,97.1500015258789,307.0,33.040000915527344
2017-05-22,956.5,953.0,961.0,953.0,375.0,434.25,50.72999954223633,96.9800033569336,307.79998779296875,32.939998626708984
2017-05-23,948.25,956.25,959.25,947.0,369.5,429.5,51.470001220703125,97.3499984741211,306.29998779296875,32.34000015258789
2017-05-24,948.25,948.5,952.0,943.0,371.25,432.5,51.36000061035156,97.23999786376953,306.3999938964844,32.279998779296875
2017-05-25,939.5,947.75,952.25,938.25,369.25,430.75,48.900001525878906,97.25,304.70001220703125,32.040000915527344
2017-05-26,926.5,939.5,941.0,925.25,374.25,438.25,49.79999923706055,97.4000015258789,301.79998779296875,31.600000381469727
2017-05-30,912.75,926.0,928.5,910.5,367.0,429.5,49.65999984741211,97.27999877929688,297.6000061035156,31.420000076293945
2017-05-31,916.0,915.25,920.5,909.5,372.0,429.25,48.31999969482422,96.91999816894531,298.1000061035156,31.34000015258789
2017-06-01,912.25,916.0,920.75,911.5,370.5,429.0,48.36000061035156,97.19999694824219,297.5,31.25
2017-06-02,921.25,912.25,924.0,910.75,372.75,429.5,47.65999984741211,96.72000122070312,301.8999938964844,31.010000228881836
2017-06-05,922.0,924.5,926.5,917.75,373.0,429.5,47.400001525878906,96.80000305175781,300.6000061035156,31.309999465942383
2017-06-06,923.5,921.0,934.25,920.0,377.25,435.75,48.189998626708984,96.63999938964844,301.1000061035156,31.389999389648438
2017-06-07,930.75,924.5,934.5,924.5,384.75,444.75,45.720001220703125,96.75,304.8999938964844,31.360000610351562
2017-06-08,938.0,931.0,944.75,930.75,385.75,449.25,45.63999938964844,96.91999816894531,306.1000061035156,31.850000381469727
2017-06-09,941.5,937.0,944.0,932.75,387.75,445.75,45.83000183105469,97.2699966430664,305.8999938964844,32.290000915527344
2017-06-12,931.25,942.0,943.25,930.25,377.25,434.0,46.08000183105469,97.13999938964844,301.79998779296875,31.940000534057617
2017-06-13,932.5,933.75,941.5,931.75,381.0,445.0,46.459999084472656,96.9800033569336,301.5,32.09000015258789
2017-06-14,931.75,932.0,939.0,931.0,377.0,443.0,44.72999954223633,96.94000244140625,301.79998779296875,32.09000015258789
2017-06-15,934.75,931.75,938.5,925.5,379.5,453.75,44.459999084472656,97.43000030517578,300.6000061035156,32.7400016784668
2017-06-16,939.0,935.75,942.25,932.0,384.0,465.25,44.7400016784668,97.16000366210938,300.8999938964844,33.11000061035156
2017-06-19,937.75,936.5,947.5,933.75,375.25,467.0,44.20000076293945,97.52999877929688,301.5,32.81999969482422
2017-06-20,927.75,937.25,940.75,926.0,370.0,472.5,43.22999954223633,97.75,300.8999938964844,32.02000045776367
2017-06-21,918.75,928.0,932.5,917.0,368.75,464.5,42.529998779296875,97.55999755859375,297.8999938964844,31.850000381469727
2017-06-22,904.0,919.25,920.5,903.0,362.75,461.25,42.7400016784668,97.54000091552734,293.79998779296875,31.549999237060547
2017-06-23,904.5,906.5,909.0,900.25,357.75,459.75,43.0099983215332,97.30000305175781,293.6000061035156,31.610000610351562
2017-06-26,906.75,904.0,912.25,903.75,359.0,450.0,43.380001068115234,97.43000030517578,294.1000061035156,31.520000457763672
2017-06-27,911.25,909.0,918.0,909.0,359.25,453.25,44.2400016784668,96.47000122070312,294.0,32.08000183105469
2017-06-28,914.0,910.5,917.5,910.5,356.75,457.25,44.7400016784668,96.05000305175781,294.6000061035156,32.119998931884766
2017-06-29,915.5,914.25,927.75,914.25,359.75,480.25,44.93000030517578,95.62999725341797,294.3999938964844,32.41999816894531
2017-06-30,942.25,915.0,945.5,912.25,370.5,511.0,46.040000915527344,95.66000366210938,304.3999938964844,32.93000030517578
2017-07-03,964.75,949.5,976.0,949.5,378.0,536.75,47.06999969482422,96.19999694824219,311.8999938964844,33.130001068115234
2017-07-05,976.25,971.75,981.0,964.0,381.75,539.25,45.130001068115234,96.29000091552734,316.5,33.150001525878906
2017-07-06,980.75,979.0,980.75,970.0,380.25,519.0,45.52000045776367,95.81999969482422,320.0,32.83000183105469
2017-07-07,996.0,979.0,997.5,979.0,382.25,515.25,44.22999954223633,96.01000213623047,328.5,32.779998779296875
2017-07-10,1020.25,1001.0,1024.5,1001.0,391.75,530.5,44.400001525878906,96.05000305175781,336.3999938964844,33.619998931884766
2017-07-11,1025.25,1027.75,1027.75,1010.5,392.25,535.5,45.040000915527344,95.73999786376953,336.79998779296875,33.72999954223633
2017-07-12,1016.75,1023.0,1024.25,1010.75,376.25,522.5,45.4900016784668,95.79000091552734,334.3999938964844,33.43000030517578
2017-07-13,972.5,997.0,997.0,972.5,361.0,495.5,46.08000183105469,95.7300033569336,316.79998779296875,33.0099983215332
2017-07-14,985.25,978.0,987.0,978.0,365.25,494.75,46.540000915527344,95.11000061035156,322.29998779296875,33.060001373291016
2017-07-17,985.0,989.0,995.0,981.75,375.0,506.0,46.02000045776367,95.12999725341797,321.79998779296875,33.0099983215332
2017-07-18,989.5,997.25,1004.25,985.75,377.0,503.75,46.400001525878906,94.66000366210938,323.5,33.16999816894531
2017-07-19,999.75,990.25,1004.75,984.5,382.5,503.0,47.119998931884766,94.80000305175781,326.6000061035156,33.459999084472656
2017-07-20,1013.25,999.0,1017.25,995.0,391.0,505.75,46.790000915527344,94.2699966430664,330.5,33.970001220703125
2017-07-21,1009.0,1011.25,1013.25,1001.75,379.75,499.25,45.77000045776367,93.94000244140625,329.70001220703125,33.79999923706055
2017-07-24,997.5,1000.25,1000.5,985.75,377.25,488.75,46.34000015258789,93.9800033569336,325.8999938964844,33.61000061035156
2017-07-25,981.5,1012.0,1022.75,981.0,368.75,474.0,47.88999938964844,94.05000305175781,318.29998779296875,33.5
2017-07-26,988.75,980.0,991.0,973.25,372.75,477.75,48.75,93.66999816894531,319.79998779296875,33.72999954223633
2017-07-27,994.75,991.75,1000.75,987.5,374.25,479.75,49.040000915527344,93.86000061035156,322.29998779296875,33.849998474121094
2017-07-28,1000.75,992.75,1007.5,989.75,374.25,481.0,49.709999084472656,93.26000213623047,321.0,34.61000061035156
2017-07-31,994.5,991.5,996.5,982.5,370.75,474.5,50.16999816894531,92.86000061035156,318.6000061035156,34.709999084472656
2017-08-01,959.5,985.25,986.75,958.25,362.5,461.25,49.15999984741211,93.02999877929688,308.29998779296875,33.86000061035156
2017-08-02,966.5,960.75,968.25,960.0,365.0,460.75,49.59000015258789,92.83000183105469,309.0,34.150001525878906
2017-08-03,950.5,965.5,965.5,945.5,363.5,457.75,49.029998779296875,92.80999755859375,306.29998779296875,33.380001068115234
2017-08-04,949.25,948.0,954.0,948.0,366.5,454.75,49.58000183105469,93.54000091552734,303.5,33.599998474121094
2017-08-07,959.75,956.0,960.5,952.5,372.25,463.5,49.38999938964844,93.43000030517578,308.0,33.5099983215332
2017-08-08,963.0,967.0,967.5,962.5,369.75,457.0,49.16999816894531,93.63999938964844,307.79998779296875,33.79999923706055
2017-08-09,963.0,964.0,965.25,958.0,372.25,459.5,49.560001373291016,93.5199966430664,306.6000061035156,34.130001068115234
2017-08-10,930.75,963.75,974.75,930.75,357.25,440.5,48.59000015258789,93.4000015258789,294.20001220703125,33.7400016784668
2017-08-11,935.5,934.0,935.75,931.25,360.75,439.25,48.81999969482422,93.06999969482422,298.1000061035156,33.529998779296875
2017-08-14,925.5,926.5,926.5,925.0,362.75,441.0,47.59000015258789,93.45999908447266,296.29998779296875,32.97999954223633
2017-08-15,921.75,932.75,934.25,920.25,355.25,429.5,47.54999923706055,93.8499984741211,295.79998779296875,32.709999084472656
2017-08-16,921.75,921.25,925.25,917.25,352.5,419.25,46.779998779296875,93.48999786376953,294.6000061035156,32.849998474121094
2017-08-17,930.25,924.0,931.75,922.0,350.5,414.0,47.09000015258789,93.62000274658203,296.1000061035156,33.209999084472656
2017-08-18,937.5,929.75,939.0,927.75,352.0,416.0,48.5099983215332,93.43000030517578,297.20001220703125,33.61000061035156
2017-08-21,932.5,935.25,936.0,930.25,349.0,409.5,47.369998931884766,93.0999984741211,295.79998779296875,33.79999923706055
2017-08-22,933.75,931.25,938.5,927.75,346.0,402.25,47.63999938964844,93.55000305175781,295.29998779296875,34.060001373291016
2017-08-23,935.0,940.25,943.25,929.0,342.0,403.25,48.40999984741211,93.1500015258789,293.29998779296875,34.720001220703125
2017-08-24,941.25,934.0,942.75,932.25,342.0,409.0,47.43000030517578,93.27999877929688,297.6000061035156,34.779998779296875
2017-08-25,939.0,939.5,941.75,937.25,338.75,409.5,47.869998931884766,92.73999786376953,296.3999938964844,34.61000061035156
2017-08-28,935.25,936.0,944.0,932.5,336.0,400.0,46.56999969482422,92.20999908447266,295.5,34.59000015258789
2017-08-29,930.75,934.5,937.25,929.5,333.5,402.75,46.439998626708984,92.3499984741211,294.6000061035156,34.279998779296875
2017-08-30,923.0,929.75,933.75,921.75,329.5,403.5,45.959999084472656,92.87999725341797,292.3999938964844,34.33000183105469
2017-08-31,936.25,923.5,939.75,923.5,342.25,410.25,47.22999954223633,92.66999816894531,294.29998779296875,34.709999084472656
2017-09-01,942.0,937.25,943.25,935.5,340.0,420.5,47.290000915527344,92.80999755859375,293.20001220703125,35.310001373291016
2017-09-05,960.5,945.0,965.0,945.0,344.25,430.5,48.65999984741211,92.30999755859375,302.79998779296875,35.099998474121094
2017-09-06,964.5,960.5,968.25,960.0,347.0,421.75,49.15999984741211,92.29000091552734,303.6000061035156,35.209999084472656
2017-09-07,963.25,963.0,970.0,959.25,341.75,413.5,49.09000015258789,91.52999877929688,302.3999938964844,35.08000183105469
2017-09-08,956.5,966.75,968.0,956.25,344.25,413.75,47.47999954223633,91.33000183105469,300.8999938964844,34.59000015258789
2017-09-11,954.75,955.0,955.5,952.0,345.5,412.25,48.06999969482422,91.86000061035156,298.8999938964844,34.790000915527344
2017-09-12,944.25,955.25,955.25,937.5,340.0,419.5,48.22999954223633,91.91000366210938,295.1000061035156,34.84000015258789
2017-09-13,953.0,949.0,953.0,944.0,338.5,420.75,49.29999923706055,92.5199966430664,300.29998779296875,34.720001220703125
2017-09-14,967.25,967.5,969.0,967.25,341.75,428.25,49.88999938964844,92.12000274658203,308.70001220703125,34.65999984741211
2017-09-15,968.75,975.5,977.75,967.25,354.75,449.0,49.88999938964844,91.87000274658203,308.0,34.560001373291016
2017-09-18,967.75,966.25,976.5,966.0,351.5,443.5,49.90999984741211,92.05000305175781,309.0,34.189998626708984
2017-09-19,965.5,968.5,971.75,958.5,348.25,443.0,49.47999954223633,91.79000091552734,305.0,34.52000045776367
2017-09-20,970.0,966.0,974.0,964.75,350.0,449.75,50.40999984741211,92.51000213623047,306.29998779296875,34.66999816894531
2017-09-21,970.75,969.5,973.0,963.0,350.25,452.5,50.54999923706055,92.26000213623047,309.0,34.099998474121094
2017-09-22,984.25,970.0,987.0,969.0,353.5,449.5,50.65999984741211,92.16999816894531,315.0,33.9900016784668
2017-09-25,971.25,983.5,985.75,971.0,353.75,454.0,52.220001220703125,92.6500015258789,310.1000061035156,33.779998779296875
2017-09-26,963.5,971.25,974.25,962.5,352.25,453.75,51.880001068115234,92.97000122070312,308.79998779296875,33.22999954223633
2017-09-27,965.5,963.5,968.5,958.0,354.0,461.5,52.13999938964844,93.36000061035156,308.79998779296875,33.02000045776367
2017-09-28,959.5,965.25,966.0,957.5,352.5,455.0,51.560001373291016,93.08999633789062,306.79998779296875,32.59000015258789
2017-09-29,968.25,959.25,976.0,955.25,355.25,448.25,51.66999816894531,93.08000183105469,311.5,32.56999969482422
2017-10-02,957.25,967.5,968.0,956.25,351.5,444.75,50.58000183105469,93.55999755859375,309.1000061035156,32.279998779296875
2017-10-03,955.25,956.75,961.25,952.5,349.5,448.0,50.41999816894531,93.56999969482422,307.29998779296875,32.5099983215332
2017-10-04,958.25,955.25,961.75,952.75,348.25,442.0,49.97999954223633,93.45999908447266,306.8999938964844,32.9900016784668
2017-10-05,968.25,958.25,971.0,957.75,349.5,440.75,50.790000915527344,93.95999908447266,312.8999938964844,32.77000045776367
2017-10-06,972.25,968.0,973.75,963.5,350.0,443.5,49.290000915527344,93.80000305175781,315.0,32.709999084472656
2017-10-09,966.75,974.5,977.0,965.25,349.5,436.0,49.58000183105469,93.73999786376953,311.5,33.02000045776367
2017-10-10,966.0,966.25,975.75,964.25,349.25,435.25,50.91999816894531,93.29000091552734,312.5,32.86000061035156
2017-10-11,965.25,965.5,967.5,963.5,346.0,433.25,51.29999923706055,92.95999908447266,311.20001220703125,32.90999984741211
2017-10-12,992.0,965.0,997.75,959.0,349.0,430.5,50.599998474121094,93.12000274658203,322.70001220703125,33.06999969482422
2017-10-13,1000.25,991.0,1003.25,990.25,352.75,439.5,51.45000076293945,93.08999633789062,324.5,33.4900016784668
2017-10-16,991.0,998.0,999.0,990.25,350.5,436.5,51.869998931884766,93.27999877929688,324.5,33.59000015258789
2017-10-17,984.75,990.0,990.5,982.5,350.0,434.75,51.880001068115234,93.48999786376953,321.6000061035156,33.59000015258789
2017-10-18,984.25,984.75,988.5,981.75,348.5,430.0,52.040000915527344,93.36000061035156,321.79998779296875,33.40999984741211
2017-10-19,986.5,983.75,989.0,983.0,349.0,432.75,51.290000915527344,93.2699966430664,321.3999938964844,33.83000183105469
2017-10-20,978.75,985.25,994.25,978.0,344.5,426.0,51.470001220703125,93.69999694824219,317.1000061035156,34.15999984741211
2017-10-23,980.75,977.0,982.75,975.0,351.25,436.75,51.900001525878906,93.94000244140625,315.8999938964844,34.630001068115234
2017-10-24,975.5,980.0,983.0,972.75,352.75,438.0,52.470001220703125,93.95999908447266,314.20001220703125,34.34000015258789
2017-10-25,975.5,975.75,983.25,975.25,351.0,435.5,52.18000030517578,93.70999908447266,315.3999938964844,34.2599983215332
2017-10-26,971.25,975.5,978.75,970.25,350.5,431.75,52.63999938964844,94.61000061035156,312.1000061035156,34.5
2017-10-27,975.25,971.0,976.5,969.75,348.75,427.25,53.900001525878906,94.91999816894531,312.1000061035156,34.84000015258789
2017-10-30,972.75,975.25,981.5,971.25,348.75,424.75,54.150001525878906,94.48999786376953,312.29998779296875,34.68000030517578
2017-10-31,973.75,972.75,977.5,971.0,345.75,418.5,54.380001068115234,94.55000305175781,311.79998779296875,34.75
2017-11-01,981.0,974.5,984.5,973.75,348.25,418.0,54.29999923706055,94.81999969482422,313.6000061035156,34.900001525878906
2017-11-02,989.0,979.5,989.5,979.5,350.5,426.0,54.540000915527344,94.69000244140625,317.3999938964844,34.86000061035156
2017-11-03,977.0,988.25,988.5,976.0,348.25,425.75,55.63999938964844,94.94000244140625,313.8999938964844,34.41999816894531
2017-11-06,984.0,977.25,985.5,975.25,348.0,430.75,57.349998474121094,94.72000122070312,316.1000061035156,34.72999954223633
2017-11-07,986.0,986.0,988.25,981.75,347.75,427.25,57.20000076293945,94.91000366210938,315.5,35.02000045776367
2017-11-08,988.0,985.25,988.75,984.25,348.25,426.75,56.810001373291016,94.87000274658203,315.20001220703125,35.369998931884766
2017-11-09,975.25,988.0,994.5,974.0,341.5,429.0,57.16999816894531,94.44000244140625,311.79998779296875,35.13999938964844
2017-11-10,977.25,976.75,981.25,974.5,343.5,431.5,56.7400016784668,94.38999938964844,314.5,34.810001373291016
2017-11-13,963.5,977.25,978.0,963.25,342.25,424.25,56.7599983215332,94.48999786376953,311.29998779296875,34.33000183105469
2017-11-14,959.0,966.0,967.25,958.5,337.5,428.0,55.70000076293945,93.83000183105469,310.29998779296875,34.0099983215332
2017-11-15,976.25,969.0,978.0,968.0,338.25,420.0,55.33000183105469,93.80999755859375,311.29998779296875,34.75
2017-11-16,972.0,976.5,978.25,970.25,336.5,421.5,55.13999938964844,93.93000030517578,310.5,34.43000030517578
2017-11-17,990.5,972.75,992.0,971.5,343.0,427.25,56.54999923706055,93.66000366210938,318.20001220703125,34.439998626708984
2017-11-20,990.0,990.0,992.0,983.0,345.0,422.0,56.09000015258789,94.08000183105469,319.79998779296875,33.95000076293945
2017-11-21,989.0,990.0,991.25,986.25,345.0,424.75,56.83000183105469,93.94999694824219,318.29998779296875,34.16999816894531
2017-11-22,997.25,988.5,999.5,987.5,345.25,422.75,58.02000045776367,93.22000122070312,324.3999938964844,34.04999923706055
2017-11-24,993.25,995.0,999.75,991.0,342.25,415.75,58.95000076293945,92.76000213623047,323.79998779296875,33.939998626708984
2017-11-27,996.0,993.75,1001.5,990.5,338.75,409.5,58.11000061035156,92.9000015258789,327.1000061035156,33.599998474121094
2017-11-28,993.0,996.0,996.0,987.5,336.25,410.75,57.9900016784668,93.26000213623047,323.5,34.0
2017-11-29,992.5,993.25,996.5,989.25,339.0,416.5,57.29999923706055,93.26000213623047,325.0,33.95000076293945
2017-11-30,985.75,992.75,993.0,985.0,341.75,409.25,57.400001525878906,93.01000213623047,324.5,33.75
2017-12-01,994.25,985.75,995.75,985.5,344.75,414.5,58.36000061035156,92.9000015258789,328.20001220703125,33.599998474121094
2017-12-04,998.5,998.25,1008.5,996.75,339.5,410.25,57.470001220703125,93.19000244140625,335.3999938964844,33.36000061035156
2017-12-05,1008.5,998.5,1015.0,997.5,339.75,406.0,57.619998931884766,93.37999725341797,341.29998779296875,33.40999984741211
2017-12-06,1002.75,1008.0,1014.25,995.0,339.25,398.5,55.959999084472656,93.61000061035156,340.3999938964844,33.09000015258789
2017-12-07,992.0,1003.5,1006.5,988.25,338.75,394.25,56.689998626708984,93.80000305175781,333.5,33.25
2017-12-08,989.75,991.75,996.5,986.0,340.0,392.0,57.36000061035156,93.9000015258789,330.0,33.540000915527344
2017-12-11,982.5,989.0,989.0,981.5,336.5,387.75,57.9900016784668,93.87000274658203,326.0,33.400001525878906
2017-12-12,975.75,981.75,986.25,975.0,335.75,387.25,57.13999938964844,94.0999984741211,322.8999938964844,33.36000061035156
2017-12-13,979.25,976.0,981.5,976.0,336.75,392.25,56.599998474121094,93.43000030517578,325.1000061035156,33.11000061035156
2017-12-14,967.75,979.5,981.0,966.5,336.25,395.0,57.040000915527344,93.48999786376953,321.20001220703125,33.02000045776367
2017-12-15,967.25,968.0,972.25,964.0,347.5,418.25,57.29999923706055,93.93000030517578,320.6000061035156,33.15999984741211
2017-12-18,961.5,970.5,970.5,957.25,347.0,420.5,57.15999984741211,93.69999694824219,318.5,33.02000045776367
2017-12-19,956.0,962.25,964.0,955.0,347.5,419.5,57.459999084472656,93.47000122070312,315.20001220703125,33.220001220703125
2017-12-20,954.0,955.75,960.0,952.75,349.25,423.5,58.09000015258789,93.3499984741211,315.70001220703125,32.959999084472656
2017-12-21,948.75,953.5,956.75,947.5,351.25,427.0,58.36000061035156,93.27999877929688,314.20001220703125,32.66999816894531
2017-12-22,949.5,948.0,952.0,946.5,352.0,424.75,58.470001220703125,93.3499984741211,312.79998779296875,32.7400016784668
2017-12-26,959.25,952.25,963.0,952.25,352.75,422.25,59.970001220703125,93.26000213623047,315.20001220703125,33.20000076293945
2017-12-27,955.5,958.75,964.75,953.5,353.75,428.0,59.63999938964844,93.02999877929688,314.20001220703125,33.06999969482422
2017-12-28,945.75,955.0,955.75,943.25,352.0,427.75,59.84000015258789,92.5999984741211,311.79998779296875,32.5
2017-12-29,951.75,945.0,953.25,944.25,350.75,427.0,60.41999816894531,92.12000274658203,312.6000061035156,33.08000183105469
2018-01-02,955.0,956.5,960.0,949.5,353.25,433.5,60.369998931884766,91.8499984741211,313.5,33.380001068115234
2018-01-03,959.75,956.25,960.5,955.0,353.0,436.0,61.630001068115234,92.16000366210938,314.3999938964844,33.7599983215332
2018-01-04,959.25,959.25,960.0,950.25,351.0,434.0,62.0099983215332,91.8499984741211,315.79998779296875,33.7400016784668
2018-01-05,961.5,960.0,966.5,960.0,351.25,430.75,61.439998626708984,91.94999694824219,317.8999938964844,33.650001525878906
2018-01-08,958.25,960.75,962.25,951.5,347.25,427.75,61.72999954223633,92.33000183105469,317.5,33.43000030517578
2018-01-09,955.75,958.75,959.25,953.5,349.0,432.25,62.959999084472656,92.52999877929688,314.5,33.54999923706055
2018-01-10,947.0,953.25,954.0,944.5,349.0,434.25,63.56999969482422,92.33000183105469,312.8999938964844,33.290000915527344
2018-01-11,940.5,946.0,948.25,940.0,348.75,433.25,63.79999923706055,91.8499984741211,309.6000061035156,32.970001220703125
2018-01-12,944.0,940.25,944.0,937.25,346.25,420.5,64.30000305175781,90.97000122070312,309.79998779296875,32.93000030517578
2018-01-16,968.0,965.0,970.0,963.25,348.25,416.5,63.72999954223633,90.38999938964844,322.79998779296875,32.790000915527344
2018-01-17,968.75,966.25,969.25,961.25,353.0,421.5,63.970001220703125,90.54000091552734,324.29998779296875,32.5099983215332
2018-01-18,973.0,968.75,974.75,966.5,351.5,425.25,63.95000076293945,90.5,328.3999938964844,32.22999954223633
2018-01-19,977.25,972.5,982.75,972.0,352.5,422.75,63.369998931884766,90.56999969482422,331.6000061035156,32.279998779296875
2018-01-22,984.25,980.5,987.25,980.0,352.0,425.75,63.4900016784668,90.4000015258789,338.6000061035156,32.15999984741211
2018-01-23,986.25,983.0,988.75,979.5,351.25,421.5,64.47000122070312,90.12000274658203,339.6000061035156,32.52000045776367
2018-01-24,992.25,985.75,994.75,980.25,356.5,433.0,65.61000061035156,89.20999908447266,342.0,32.68000030517578
2018-01-25,992.25,992.0,1002.0,987.0,355.25,434.5,65.51000213623047,89.38999938964844,340.3999938964844,32.5
2018-01-26,985.5,990.25,995.5,983.75,356.5,441.0,66.13999938964844,89.06999969482422,335.70001220703125,32.790000915527344
2018-01-29,991.5,992.25,998.75,986.25,358.75,449.25,65.55999755859375,89.30999755859375,337.3999938964844,32.869998931884766
2018-01-30,1000.25,994.5,1004.75,988.25,361.5,457.25,64.5,89.19000244140625,340.5,33.08000183105469
2018-01-31,995.75,1000.0,1002.0,989.0,361.5,451.75,64.7300033569336,89.12999725341797,337.79998779296875,33.06999969482422
2018-02-01,985.0,995.25,995.5,977.5,361.75,451.0,65.80000305175781,88.66999816894531,334.0,32.900001525878906
2018-02-02,978.75,985.75,986.25,977.0,361.5,446.75,65.44999694824219,89.19999694824219,331.3999938964844,32.5099983215332
2018-02-05,969.75,976.25,977.5,969.5,358.75,440.25,64.1500015258789,89.55000305175781,327.0,32.5
2018-02-06,986.25,969.75,987.5,967.75,363.5,446.25,63.38999938964844,89.58999633789062,331.70001220703125,33.15999984741211
2018-02-07,983.0,988.75,993.75,982.0,365.25,460.5,61.790000915527344,90.26000213623047,335.3999938964844,32.560001373291016
2018-02-08,987.75,983.25,996.0,977.75,365.75,456.25,61.150001525878906,90.2300033569336,341.70001220703125,32.209999084472656
2018-02-09,983.0,987.5,989.75,979.75,362.0,449.0,59.20000076293945,90.44000244140625,343.79998779296875,31.959999084472656
2018-02-12,1001.75,995.5,1004.25,989.0,367.0,464.0,59.290000915527344,90.20999908447266,357.79998779296875,31.850000381469727
2018-02-13,1011.75,1001.0,1013.5,998.75,366.75,460.75,59.189998626708984,89.69999694824219,365.20001220703125,31.56999969482422
2018-02-14,1017.25,1011.25,1019.5,1006.0,367.25,455.75,60.599998474121094,89.12000274658203,369.8999938964844,31.799999237060547
2018-02-15,1024.25,1016.5,1024.75,1015.5,367.75,461.75,61.34000015258789,88.58999633789062,373.70001220703125,31.700000762939453
2018-02-16,1021.5,1023.5,1028.25,1012.0,367.5,457.75,61.68000030517578,89.0999984741211,373.29998779296875,31.540000915527344
2018-02-20,1026.5,1031.5,1039.0,1024.5,365.5,449.25,61.900001525878906,89.72000122070312,376.5,31.860000610351562
2018-02-21,1034.25,1027.75,1038.25,1019.25,365.75,447.25,61.68000030517578,90.08000183105469,378.0,32.06999969482422
2018-02-22,1032.0,1034.0,1037.0,1027.25,366.75,451.25,62.77000045776367,89.75,376.8999938964844,32.040000915527344
2018-02-23,1036.25,1031.0,1039.5,1028.0,366.25,452.25,63.54999923706055,89.87999725341797,375.5,32.36000061035156
2018-02-26,1034.25,1039.5,1047.75,1034.0,368.5,459.5,63.90999984741211,89.81999969482422,377.20001220703125,32.619998931884766
2018-02-27,1038.0,1034.0,1044.25,1031.75,370.5,463.25,63.0099983215332,90.36000061035156,386.5,32.189998626708984
2018-02-28,1045.0,1037.75,1048.0,1035.0,374.5,484.5,61.63999938964844,90.61000061035156,394.20001220703125,31.959999084472656
2018-03-01,1057.5,1043.75,1057.5,1041.0,378.75,505.5,60.9900016784668,90.31999969482422,394.0,32.119998931884766
2018-03-02,1060.75,1057.0,1071.0,1053.5,377.25,492.0,61.25,89.94000244140625,390.20001220703125,32.060001373291016
2018-03-05,1066.75,1063.5,1068.0,1056.75,378.25,502.25,62.56999969482422,90.08000183105469,389.29998779296875,32.0099983215332
2018-03-06,1064.5,1066.0,1067.0,1060.75,379.75,502.0,62.599998474121094,89.62000274658203,384.5,32.29999923706055
2018-03-07,1055.0,1058.0,1063.0,1054.5,379.25,493.0,61.150001525878906,89.63999938964844,380.20001220703125,31.93000030517578
2018-03-08,1053.75,1052.5,1057.25,1047.0,385.75,494.75,60.119998931884766,90.12000274658203,380.6000061035156,31.670000076293945
2018-03-09,1029.25,1049.75,1049.75,1029.25,383.0,489.0,62.040000915527344,90.08999633789062,371.70001220703125,31.420000076293945
2018-03-12,1033.25,1023.0,1034.25,1023.0,384.25,489.75,61.36000061035156,89.9000015258789,369.79998779296875,31.559999465942383
2018-03-13,1040.5,1035.5,1043.25,1035.5,385.5,485.5,60.709999084472656,89.66000366210938,372.29998779296875,32.02000045776367
2018-03-14,1028.5,1042.25,1042.75,1028.5,383.5,495.75,60.959999084472656,89.69999694824219,368.29998779296875,31.780000686645508
2018-03-15,1040.75,1031.0,1046.25,1027.0,386.75,478.75,61.189998626708984,90.13999938964844,371.0,32.060001373291016
2018-03-16,1049.5,1042.0,1050.0,1040.75,382.75,467.75,62.34000015258789,90.2300033569336,372.8999938964844,31.979999542236328
2018-03-19,1022.5,1045.25,1045.5,1021.75,375.0,450.75,62.060001373291016,89.9000015258789,358.6000061035156,32.060001373291016
2018-03-20,1028.25,1022.25,1029.75,1022.25,374.5,453.0,63.400001525878906,90.37000274658203,361.70001220703125,31.739999771118164
2018-03-21,1029.75,1029.5,1037.25,1024.75,375.0,453.5,65.16999816894531,89.77999877929688,364.5,32.369998931884766
2018-03-22,1029.75,1032.0,1035.5,1022.25,376.0,455.75,64.30000305175781,89.86000061035156,368.0,31.8799991607666
2018-03-23,1028.25,1026.5,1034.25,1009.25,377.25,460.25,65.87999725341797,89.44000244140625,377.8999938964844,31.420000076293945
2018-03-26,1025.5,1026.25,1040.25,1025.0,374.0,454.25,65.55000305175781,89.02999877929688,375.0,31.459999084472656
2018-03-27,1019.5,1027.0,1031.25,1017.25,374.0,449.0,65.25,89.37000274658203,372.3999938964844,31.579999923706055
2018-03-28,1018.0,1019.5,1023.25,1015.0,373.5,445.5,64.37999725341797,90.05999755859375,371.29998779296875,31.6200008392334
2018-03-29,1044.75,1019.5,1050.75,1012.5,387.75,451.0,64.94000244140625,90.1500015258789,384.0,31.8700008392334
2018-04-02,1035.5,1045.25,1060.5,1035.25,387.25,446.25,63.0099983215332,90.05000305175781,377.29998779296875,32.040000915527344
2018-04-03,1038.0,1036.25,1048.75,1035.75,388.5,457.5,63.5099983215332,90.19999694824219,380.0,32.34000015258789
2018-04-04,1015.25,1038.75,1041.75,983.5,381.0,455.75,63.369998931884766,90.13999938964844,381.79998779296875,31.68000030517578
2018-04-05,1031.25,1015.5,1034.0,1011.75,389.5,464.75,63.540000915527344,90.45999908447266,383.6000061035156,31.780000686645508
2018-04-06,1033.75,1003.0,1037.25,1003.0,388.5,472.25,62.060001373291016,90.11000061035156,386.29998779296875,31.530000686645508
2018-04-09,1047.0,1038.25,1056.75,1037.5,390.75,490.75,63.41999816894531,89.83999633789062,389.6000061035156,31.520000457763672
2018-04-10,1050.0,1045.5,1064.0,1045.0,389.25,492.0,65.51000213623047,89.58999633789062,383.8999938964844,31.850000381469727
2018-04-11,1047.75,1050.75,1058.75,1047.25,387.0,487.25,66.81999969482422,89.56999969482422,380.20001220703125,31.530000686645508
2018-04-12,1060.75,1047.75,1061.75,1047.25,388.75,481.0,67.06999969482422,89.75,383.3999938964844,31.6299991607666
2018-04-13,1054.25,1060.25,1067.25,1051.5,386.25,472.5,67.38999938964844,89.80000305175781,382.79998779296875,31.479999542236328
2018-04-16,1042.0,1054.25,1058.75,1041.5,382.5,462.25,66.22000122070312,89.43000030517578,377.79998779296875,31.18000030517578
2018-04-17,1046.0,1043.25,1049.25,1040.0,380.25,466.25,66.5199966430664,89.5199966430664,381.1000061035156,31.190000534057617
2018-04-18,1041.75,1046.25,1052.5,1039.0,383.0,475.25,68.47000122070312,89.62000274658203,376.6000061035156,31.43000030517578
2018-04-19,1037.25,1041.75,1044.75,1032.75,382.0,476.75,68.29000091552734,89.94000244140625,373.29998779296875,31.40999984741211
2018-04-20,1028.75,1037.0,1038.5,1027.75,376.5,463.25,68.37999725341797,90.31999969482422,374.1000061035156,31.299999237060547
2018-04-23,1020.75,1027.5,1033.25,1017.25,378.5,461.5,68.63999938964844,90.94000244140625,371.79998779296875,31.040000915527344
2018-04-24,1022.25,1020.75,1026.25,1016.25,381.25,472.5,67.69999694824219,90.7699966430664,372.1000061035156,31.010000228881836
2018-04-25,1027.5,1022.25,1033.25,1020.5,386.5,486.25,68.05000305175781,91.16999816894531,376.20001220703125,30.790000915527344
2018-04-26,1028.0,1027.25,1034.5,1024.0,386.0,480.75,68.19000244140625,91.55999755859375,379.20001220703125,30.809999465942383
2018-04-27,1045.0,1028.5,1046.75,1019.0,389.5,495.5,68.0999984741211,91.54000091552734,393.20001220703125,30.43000030517578
2018-04-30,1037.75,1046.25,1056.5,1036.75,392.5,512.5,68.56999969482422,91.83999633789062,392.1000061035156,30.350000381469727
2018-05-01,1042.5,1038.75,1044.0,1031.25,396.75,529.75,67.25,92.44999694824219,403.0,30.079999923706055
2018-05-02,1032.75,1041.25,1041.25,1029.25,396.0,525.75,67.93000030517578,92.51000213623047,400.0,30.3700008392334
2018-05-03,1043.25,1032.75,1043.25,1024.75,399.5,540.5,68.43000030517578,92.41000366210938,398.3999938964844,30.579999923706055
2018-05-04,1027.25,1038.5,1039.0,1027.0,398.75,527.5,69.72000122070312,92.56999969482422,394.3999938964844,30.559999465942383
2018-05-07,1002.25,1025.0,1025.0,1001.25,393.25,514.0,70.7300033569336,92.75,384.79998779296875,30.670000076293945
2018-05-08,1011.25,1004.25,1011.75,1002.25,395.5,517.75,69.05999755859375,93.12000274658203,388.70001220703125,30.489999771118164
2018-05-09,1007.25,1011.25,1011.75,1002.25,394.75,514.5,71.13999938964844,93.04000091552734,389.20001220703125,30.8700008392334
2018-05-10,1013.25,1008.0,1018.0,1007.25,394.75,507.75,71.36000061035156,92.6500015258789,390.5,30.979999542236328
2018-05-11,994.75,1008.75,1008.75,993.25,389.75,489.5,70.69999694824219,92.54000091552734,382.70001220703125,31.170000076293945
2018-05-14,1013.0,1007.25,1013.5,1007.25,389.0,480.5,70.95999908447266,92.58999633789062,389.79998779296875,31.1200008392334
2018-05-15,1018.75,1017.25,1025.25,1005.25,402.25,493.5,71.30999755859375,93.22000122070312,382.29998779296875,31.1200008392334
2018-05-16,999.75,1017.75,1018.5,998.75,399.25,494.25,71.48999786376953,93.38999938964844,376.6000061035156,30.59000015258789
2018-05-17,995.0,1001.0,1007.5,992.5,395.25,497.5,71.48999786376953,93.47000122070312,375.1000061035156,30.940000534057617
2018-05-18,998.5,995.75,1007.75,992.75,402.5,518.25,71.27999877929688,93.63999938964844,376.29998779296875,30.979999542236328
2018-05-21,1025.25,1017.5,1027.0,1011.5,402.75,507.25,72.23999786376953,93.68000030517578,379.1000061035156,31.420000076293945
2018-05-22,1030.5,1022.0,1036.0,1020.25,404.75,521.5,72.12999725341797,93.61000061035156,377.5,31.510000228881836
2018-05-23,1039.25,1030.5,1039.75,1027.75,408.5,531.0,71.83999633789062,94.01000213623047,380.70001220703125,31.700000762939453
2018-05-24,1035.75,1039.75,1050.75,1035.5,404.25,530.25,70.70999908447266,93.77999877929688,377.29998779296875,31.709999084472656
2018-05-25,1041.5,1036.75,1044.0,1035.5,406.0,543.0,67.87999725341797,94.19000244140625,380.29998779296875,31.34000015258789
2018-05-29,1030.5,1045.25,1049.5,1028.0,400.0,536.5,66.7300033569336,94.83000183105469,380.20001220703125,31.209999084472656
2018-05-30,1023.0,1030.5,1031.75,1014.75,393.5,522.0,68.20999908447266,94.1500015258789,376.8999938964844,31.479999542236328
2018-05-31,1018.5,1023.0,1030.75,1013.5,394.0,526.25,67.04000091552734,93.98999786376953,375.29998779296875,31.1200008392334
2018-06-01,1021.25,1019.25,1026.5,1015.0,391.5,523.25,65.80999755859375,94.19000244140625,374.20001220703125,31.190000534057617
2018-06-04,1001.75,1013.25,1014.5,1001.25,380.75,505.25,64.75,94.0199966430664,368.8999938964844,30.93000030517578
2018-06-05,1001.25,1002.25,1006.75,997.25,383.75,510.0,65.5199966430664,93.88999938964844,367.29998779296875,30.790000915527344
2018-06-06,994.25,1004.5,1008.25,993.75,378.25,519.75,64.7300033569336,93.66000366210938,365.0,30.649999618530273
2018-06-07,974.25,995.0,998.25,973.0,376.25,526.75,65.94999694824219,93.4000015258789,358.3999938964844,30.600000381469727
2018-06-08,969.25,974.25,976.25,962.5,377.75,520.0,65.73999786376953,93.55000305175781,357.79998779296875,30.520000457763672
2018-06-11,953.75,966.75,972.25,953.25,367.25,514.5,66.0999984741211,93.58000183105469,351.20001220703125,30.579999923706055
2018-06-12,954.0,956.5,963.25,952.0,377.5,534.5,66.36000061035156,93.80000305175781,353.5,30.049999237060547
2018-06-13,936.0,954.0,958.5,934.25,376.0,516.5,66.63999938964844,93.70999908447266,347.70001220703125,30.079999923706055
2018-06-14,927.25,933.75,937.75,924.0,363.0,501.5,66.88999938964844,94.7699966430664,343.20001220703125,30.139999389648438
2018-06-15,905.5,933.75,937.75,903.0,361.25,499.5,65.05999755859375,94.79000091552734,338.8999938964844,29.5
2018-06-18,908.5,905.5,914.0,897.25,356.0,490.0,65.8499984741211,94.75,335.5,29.56999969482422
2018-06-19,889.0,905.0,905.75,841.5,353.75,477.75,65.06999969482422,95.08999633789062,334.5,28.850000381469727
2018-06-20,889.5,890.75,896.0,877.0,354.25,488.25,66.22000122070312,95.05999755859375,333.20001220703125,29.3700008392334
2018-06-21,880.5,889.5,891.25,878.25,357.0,495.25,65.54000091552734,94.87000274658203,331.79998779296875,29.190000534057617
2018-06-22,894.5,879.25,897.5,878.75,357.25,491.25,68.58000183105469,94.5199966430664,339.1000061035156,29.209999084472656
2018-06-25,874.5,896.5,899.0,871.75,350.5,476.75,68.08000183105469,94.27999877929688,332.8999938964844,28.940000534057617
2018-06-26,867.25,873.25,881.0,862.5,352.5,469.5,70.52999877929688,94.68000030517578,333.70001220703125,28.940000534057617
2018-06-27,867.5,868.0,878.0,866.0,352.5,479.5,72.76000213623047,95.29000091552734,333.8999938964844,29.010000228881836
2018-06-28,861.25,865.25,869.5,859.5,345.0,479.5,73.44999694824219,95.38999938964844,331.3999938964844,29.010000228881836
2018-06-29,858.5,861.25,876.5,857.5,350.25,497.5,74.1500015258789,94.62999725341797,332.79998779296875,29.1200008392334
2018-07-02,848.5,860.0,861.25,845.75,337.5,480.25,73.94000244140625,94.87000274658203,329.5,28.770000457763672
2018-07-03,844.0,849.5,852.75,843.0,342.75,491.5,74.13999938964844,94.58999633789062,327.79998779296875,28.6200008392334
2018-07-05,835.5,843.5,845.0,834.0,343.5,504.0,72.94000244140625,94.47000122070312,328.20001220703125,28.469999313354492
2018-07-06,874.0,836.0,877.25,836.0,351.75,512.75,73.80000305175781,94.04000091552734,339.79998779296875,28.899999618530273
2018-07-09,851.75,867.5,867.5,848.25,345.75,507.75,73.8499984741211,94.08000183105469,331.79998779296875,28.739999771118164
2018-07-10,852.25,849.0,860.25,847.5,339.75,489.5,74.11000061035156,94.11000061035156,334.3999938964844,28.8799991607666
2018-07-11,829.75,840.5,842.25,829.5,331.25,469.75,70.37999725341797,94.72000122070312,333.0,28.329999923706055
2018-07-12,830.0,832.75,833.25,826.0,336.5,482.5,70.33000183105469,94.80999755859375,333.3999938964844,28.170000076293945
2018-07-13,814.0,831.5,831.5,814.0,330.25,481.5,71.01000213623047,94.75,328.79998779296875,27.799999237060547
2018-07-16,829.5,818.5,838.0,810.5,341.75,488.5,68.05999755859375,94.51000213623047,329.1000061035156,27.639999389648438
2018-07-17,839.5,833.25,843.5,830.0,346.25,497.75,68.08000183105469,94.97000122070312,329.1000061035156,27.729999542236328
2018-07-18,842.25,839.0,847.5,834.75,347.25,494.5,68.76000213623047,95.08000183105469,328.20001220703125,28.06999969482422
2018-07-19,846.0,842.0,846.75,836.75,351.25,504.25,69.45999908447266,95.16999816894531,328.79998779296875,27.829999923706055
2018-07-20,849.75,846.0,853.25,841.25,355.25,516.0,70.45999908447266,94.45999908447266,326.8999938964844,28.219999313354492
2018-07-23,847.75,853.25,854.75,847.25,357.25,513.75,67.88999938964844,94.66999816894531,328.0,27.969999313354492
2018-07-24,858.0,844.0,862.75,842.5,352.0,510.25,68.5199966430664,94.61000061035156,328.8999938964844,28.239999771118164
2018-07-25,860.75,860.0,863.0,852.0,359.25,542.75,69.30000305175781,94.36000061035156,330.0,28.40999984741211
2018-07-26,861.25,870.0,881.0,858.25,361.5,536.5,69.61000061035156,94.75,332.6000061035156,28.149999618530273
2018-07-27,870.5,858.25,874.0,858.25,362.0,530.5,68.69000244140625,94.68000030517578,332.70001220703125,28.559999465942383
2018-07-30,875.0,878.5,881.25,871.25,367.25,546.5,70.12999725341797,94.36000061035156,333.8999938964844,28.309999465942383
2018-07-31,903.75,875.5,906.0,873.25,372.25,553.75,68.76000213623047,94.48999786376953,341.20001220703125,28.729999542236328
2018-08-01,886.75,898.0,898.0,884.75,365.0,558.25,67.66000366210938,94.62000274658203,336.5,28.450000762939453
2018-08-02,882.5,886.75,886.75,875.0,366.75,560.5,68.95999908447266,95.16999816894531,332.79998779296875,28.1200008392334
2018-08-03,886.25,878.5,886.5,870.5,369.75,556.25,68.48999786376953,95.13999938964844,332.5,28.350000381469727
2018-08-06,877.25,880.5,881.0,872.5,371.0,574.5,69.01000213623047,95.36000061035156,330.0,28.290000915527344
2018-08-07,889.25,887.75,891.25,883.25,370.75,568.25,69.16999816894531,95.22000122070312,332.70001220703125,28.59000015258789
2018-08-08,893.75,892.0,895.75,889.75,371.25,570.0,66.94000244140625,95.0999984741211,337.1000061035156,28.450000762939453
2018-08-09,887.75,890.5,890.5,887.5,369.25,564.5,66.80999755859375,95.5,334.0,28.420000076293945
2018-08-10,846.0,886.25,886.25,845.25,357.75,546.75,67.62999725341797,96.36000061035156,323.5,27.989999771118164
2018-08-13,853.5,838.0,853.5,838.0,356.5,533.5,67.19999694824219,96.38999938964844,327.79998779296875,28.239999771118164
2018-08-14,864.5,858.5,864.5,856.5,362.25,541.75,67.04000091552734,96.7300033569336,335.0,28.09000015258789
2018-08-15,857.5,867.75,872.5,856.5,361.5,532.25,65.01000213623047,96.69999694824219,329.5,27.8799991607666
2018-08-16,885.5,859.75,888.25,854.5,365.25,542.25,65.45999908447266,96.6500015258789,334.6000061035156,28.149999618530273
2018-08-17,881.5,884.75,887.5,871.0,364.25,560.5,65.91000366210938,96.0999984741211,330.1000061035156,28.229999542236328
2018-08-20,881.75,889.75,896.0,880.5,362.0,542.25,66.43000030517578,95.9000015258789,328.20001220703125,28.540000915527344
2018-08-21,874.5,874.0,883.25,873.5,359.75,527.25,67.3499984741211,95.26000213623047,324.8999938964844,28.59000015258789
2018-08-22,858.25,873.5,873.75,857.25,352.5,526.0,67.86000061035156,95.1500015258789,321.1000061035156,28.219999313354492
2018-08-23,842.0,857.5,861.75,842.0,346.75,522.0,67.83000183105469,95.62000274658203,313.70001220703125,28.030000686645508
2018-08-24,842.0,841.5,848.5,840.75,348.5,514.75,68.72000122070312,95.1500015258789,312.70001220703125,28.149999618530273
2018-08-27,834.75,838.25,840.0,824.75,346.75,499.25,68.87000274658203,94.77999877929688,306.29998779296875,28.3700008392334
2018-08-28,820.5,833.25,836.5,820.25,341.0,498.25,68.52999877929688,94.72000122070312,300.70001220703125,28.18000030517578
2018-08-29,823.25,820.75,830.75,820.0,341.25,515.75,69.51000213623047,94.5999984741211,302.1000061035156,28.030000686645508
2018-08-30,819.5,823.0,831.5,817.0,341.0,508.0,70.25,94.72000122070312,301.3999938964844,28.280000686645508
2018-08-31,833.0,816.0,833.25,816.0,351.0,518.5,69.80000305175781,95.13999938964844,303.70001220703125,28.3700008392334
2018-09-04,832.0,832.0,838.75,826.5,354.5,502.75,69.87000274658203,95.41999816894531,308.29998779296875,28.389999389648438
2018-09-05,825.5,835.25,835.25,825.5,351.75,493.75,68.72000122070312,95.12999725341797,306.20001220703125,28.18000030517578
2018-09-06,826.75,828.25,829.75,824.25,353.5,486.0,67.7699966430664,95.0199966430664,311.0,28.15999984741211
2018-09-07,832.0,826.5,833.25,826.5,354.25,486.25,67.75,95.37000274658203,314.20001220703125,27.940000534057617
2018-09-10,833.5,832.25,838.25,832.25,355.5,504.0,67.54000091552734,95.1500015258789,315.8999938964844,28.030000686645508
2018-09-11,820.25,836.75,836.75,820.25,355.25,493.75,69.25,95.05999755859375,314.20001220703125,27.729999542236328
2018-09-12,829.0,820.5,829.0,811.5,341.5,481.75,70.37000274658203,94.80000305175781,315.70001220703125,27.6299991607666
2018-09-13,822.75,828.25,831.75,822.75,336.25,471.75,68.58999633789062,94.54000091552734,311.29998779296875,27.440000534057617
2018-09-14,821.5,821.5,821.5,821.5,337.0,480.0,68.98999786376953,94.9800033569336,307.29998779296875,27.43000030517578
2018-09-17,823.5,827.5,829.75,821.5,348.0,506.25,68.91000366210938,94.51000213623047,302.8999938964844,27.43000030517578
2018-09-18,814.0,821.0,825.25,812.25,343.25,510.5,69.8499984741211,94.62000274658203,300.5,27.1200008392334
2018-09-19,830.0,813.75,831.75,813.25,345.75,522.5,71.12000274658203,94.55000305175781,306.3999938964844,27.25
2018-09-20,850.25,830.0,855.0,825.25,352.5,524.0,70.80000305175781,93.91000366210938,311.3999938964844,27.600000381469727
2018-09-21,847.25,846.25,849.75,841.25,357.25,521.75,70.77999877929688,94.22000122070312,305.8999938964844,28.09000015258789
2018-09-24,841.0,844.0,845.25,838.25,360.5,527.0,72.08000183105469,94.26000213623047,304.70001220703125,28.260000228881836
2018-09-25,845.75,841.25,858.0,837.25,363.75,520.75,72.27999877929688,94.12999725341797,306.20001220703125,28.3700008392334
2018-09-26,850.0,846.25,854.0,845.75,363.0,517.5,71.56999969482422,94.19000244140625,307.70001220703125,28.479999542236328
2018-09-27,855.0,848.25,859.0,846.5,364.75,513.0,72.12000274658203,95.0,308.20001220703125,28.860000610351562
2018-09-28,845.5,854.25,859.25,842.0,356.25,509.0,73.25,95.19000244140625,305.3999938964844,28.68000030517578
2018-10-01,857.75,845.5,864.0,843.0,365.75,509.5,75.30000305175781,95.30000305175781,310.5,29.010000228881836
2018-10-02,866.0,856.75,867.25,853.0,367.5,519.25,75.2300033569336,95.51000213623047,311.20001220703125,29.360000610351562
2018-10-03,861.5,866.0,870.25,860.5,364.75,515.25,76.41000366210938,95.76000213623047,307.5,29.520000457763672
2018-10-04,859.25,860.0,868.5,858.5,367.5,518.0,74.33000183105469,95.75,308.3999938964844,29.280000686645508
2018-10-05,869.0,860.0,870.25,851.5,368.25,521.0,74.33999633789062,95.62000274658203,315.6000061035156,29.079999923706055
2018-10-08,869.75,870.0,874.75,862.5,366.5,514.0,74.29000091552734,95.7699966430664,314.20001220703125,29.329999923706055
2018-10-09,863.0,869.75,872.5,859.25,364.5,515.0,74.95999908447266,95.68000030517578,313.5,28.969999313354492
2018-10-10,852.25,863.0,864.75,847.25,362.75,510.5,73.16999816894531,95.51000213623047,312.0,28.649999618530273
2018-10-11,858.25,852.0,864.0,847.0,369.25,508.0,70.97000122070312,95.0199966430664,312.79998779296875,28.729999542236328
2018-10-12,867.5,859.5,868.0,858.5,373.75,517.25,71.33999633789062,95.22000122070312,312.3999938964844,29.040000915527344
2018-10-15,891.5,867.0,892.0,863.5,378.25,525.0,71.77999877929688,95.06999969482422,327.0,29.760000228881836
2018-10-16,884.75,891.25,891.25,879.25,375.25,523.5,71.91999816894531,95.05000305175781,322.29998779296875,29.65999984741211
2018-10-17,885.75,883.5,889.75,882.0,374.25,517.5,69.75,95.58000183105469,323.70001220703125,29.559999465942383
2018-10-18,863.5,882.25,883.75,862.75,370.75,513.0,68.6500015258789,95.9000015258789,316.29998779296875,29.020000457763672
2018-10-19,856.75,865.25,866.25,856.25,367.0,514.75,69.12000274658203,95.70999908447266,313.1000061035156,29.139999389648438
2018-10-22,858.5,855.75,863.0,855.5,369.5,508.0,69.16999816894531,96.01000213623047,312.79998779296875,29.149999618530273
2018-10-23,857.5,857.5,862.75,851.0,370.25,509.0,66.43000030517578,95.95999908447266,310.70001220703125,28.760000228881836
2018-10-24,850.25,855.75,856.75,850.0,368.25,499.5,66.81999969482422,96.43000030517578,306.1000061035156,28.610000610351562
2018-10-25,841.75,850.0,851.0,840.0,361.0,487.25,67.33000183105469,96.68000030517578,304.29998779296875,28.389999389648438
2018-10-26,845.0,842.0,849.25,841.0,367.75,505.25,67.58999633789062,96.36000061035156,307.29998779296875,28.15999984741211
2018-10-29,839.0,845.0,852.5,837.25,366.75,507.25,67.04000091552734,96.58000183105469,308.20001220703125,27.889999389648438
2018-10-30,833.5,839.0,842.0,832.25,364.75,499.75,66.18000030517578,97.01000213623047,305.1000061035156,28.0
2018-10-31,839.0,832.75,842.25,831.75,363.25,500.5,65.30999755859375,97.12999725341797,306.3999938964844,28.020000457763672
2018-11-01,869.0,837.0,875.0,832.75,366.75,508.0,63.689998626708984,96.27999877929688,313.3999938964844,28.31999969482422
2018-11-02,875.25,868.0,888.5,866.5,371.25,508.75,63.13999938964844,96.54000091552734,311.0,28.200000762939453
2018-11-05,873.0,877.0,880.0,870.5,374.0,507.25,63.099998474121094,96.3499984741211,310.6000061035156,27.899999618530273
2018-11-06,872.0,872.25,874.5,866.75,373.25,512.0,62.209999084472656,96.31999969482422,311.3999938964844,27.899999618530273
2018-11-07,867.75,872.0,873.75,865.0,372.25,510.25,61.66999816894531,96.0,308.0,28.200000762939453
2018-11-08,867.5,867.0,871.25,853.0,373.5,507.75,60.66999816894531,96.63999938964844,306.1000061035156,28.020000457763672
2018-11-09,875.25,867.0,875.75,863.25,369.75,502.0,60.189998626708984,96.91000366210938,305.6000061035156,27.6200008392334
2018-11-12,871.75,874.0,874.0,868.25,371.25,519.75,59.93000030517578,97.54000091552734,305.6000061035156,27.709999084472656
2018-11-13,867.25,871.75,876.25,867.25,366.5,507.75,55.689998626708984,97.30000305175781,303.8999938964844,27.549999237060547
2018-11-14,870.5,869.25,875.25,869.25,367.0,503.0,56.25,96.80000305175781,305.70001220703125,27.56999969482422
2018-11-15,888.75,884.25,897.5,883.75,367.5,505.5,56.459999084472656,96.93000030517578,305.3999938964844,27.690000534057617
2018-11-16,892.25,889.75,894.75,881.75,364.75,506.75,56.459999084472656,96.47000122070312,310.8999938964844,27.3700008392334
2018-11-19,873.75,892.0,892.25,871.25,362.25,498.5,56.7599983215332,96.19000244140625,305.5,27.31999969482422
2018-11-20,881.0,874.25,885.75,870.5,361.25,500.75,53.43000030517578,96.80999755859375,307.1000061035156,27.34000015258789
2018-11-21,883.0,882.0,889.0,876.0,361.75,498.75,54.630001068115234,96.70999908447266,306.6000061035156,27.799999237060547
2018-11-23,881.0,881.25,884.5,880.0,359.0,499.75,50.41999816894531,96.91999816894531,305.79998779296875,27.649999618530273
2018-11-26,862.25,881.0,883.0,857.0,356.0,507.5,51.630001068115234,97.06999969482422,303.0,26.959999084472656
2018-11-27,875.5,862.5,880.0,858.25,356.5,498.0,51.560001373291016,97.37000274658203,304.8999938964844,27.15999984741211
2018-11-28,890.5,876.25,895.0,874.0,360.5,497.5,50.290000915527344,96.79000091552734,307.8999938964844,27.729999542236328
2018-11-29,887.25,890.0,894.5,882.5,360.25,496.5,51.45000076293945,96.77999877929688,306.8999938964844,27.68000030517578
2018-11-30,894.75,887.25,896.5,886.0,366.5,515.75,50.93000030517578,97.2699966430664,308.29998779296875,27.81999969482422
2018-12-03,905.75,919.75,923.75,904.5,371.25,515.75,52.95000076293945,97.04000091552734,312.1000061035156,28.309999465942383
2018-12-04,911.75,903.25,913.0,899.5,374.25,519.25,53.25,96.97000122070312,312.70001220703125,28.639999389648438
2018-12-06,909.5,911.5,912.25,897.0,372.0,505.25,51.4900016784668,96.80999755859375,310.0,28.469999313354492
2018-12-07,916.75,910.0,918.0,907.5,374.0,519.5,52.61000061035156,96.51000213623047,309.1000061035156,28.5
2018-12-10,909.75,912.0,916.5,908.5,374.25,514.75,51.0,97.22000122070312,307.8999938964844,28.520000457763672
2018-12-11,915.0,907.75,917.25,906.0,375.0,509.75,51.650001525878906,97.38999938964844,308.8999938964844,28.709999084472656
2018-12-12,920.0,916.0,928.0,915.25,376.25,515.25,51.150001525878906,97.04000091552734,310.79998779296875,28.799999237060547
2018-12-13,907.0,918.75,920.0,905.25,375.5,527.75,52.58000183105469,97.05999755859375,309.3999938964844,28.639999389648438
2018-12-14,900.5,907.25,910.0,900.0,376.75,527.75,51.20000076293945,97.44000244140625,309.3999938964844,28.389999389648438
2018-12-17,904.75,900.75,909.25,900.25,,535.25,49.880001068115234,97.0999984741211,309.1000061035156,28.170000076293945
2018-12-18,907.75,902.75,912.25,902.75,,532.75,46.2400016784668,97.13999938964844,310.3999938964844,28.40999984741211
2018-12-19,900.0,907.0,909.75,899.25,381.75,522.5,47.20000076293945,97.04000091552734,307.79998779296875,28.459999084472656
2018-12-20,893.5,900.0,905.5,892.75,375.25,523.5,45.880001068115234,96.27999877929688,307.70001220703125,28.200000762939453
2018-12-21,884.75,891.5,894.75,883.25,378.5,514.0,45.59000015258789,96.95999908447266,305.6000061035156,27.889999389648438
2018-12-24,884.0,883.25,886.5,879.5,377.75,516.5,42.529998779296875,96.55000305175781,307.5,27.739999771118164
2018-12-26,870.0,885.0,888.75,869.5,373.25,510.0,46.220001220703125,97.05000305175781,303.3999938964844,27.360000610351562
2018-12-27,869.0,870.75,876.0,867.0,374.5,510.5,44.61000061035156,96.4800033569336,303.8999938964844,27.309999465942383
2018-12-28,882.75,870.5,886.25,870.0,375.5,511.5,45.33000183105469,96.38999938964844,308.8999938964844,27.520000457763672
2018-12-31,882.5,885.5,889.0,879.25,375.0,503.25,45.40999984741211,96.16999816894531,306.20001220703125,27.549999237060547
2019-01-02,894.75,881.5,897.75,880.75,375.75,506.75,46.540000915527344,96.81999969482422,311.0,27.899999618530273
2019-01-03,900.25,893.5,900.75,892.25,379.75,513.75,47.09000015258789,96.30999755859375,312.70001220703125,28.18000030517578
2019-01-04,909.5,898.25,910.0,898.25,383.0,517.0,47.959999084472656,96.19000244140625,315.1000061035156,28.40999984741211
2019-01-07,912.25,909.5,915.75,909.5,382.25,516.75,48.52000045776367,95.70999908447266,318.20001220703125,28.260000228881836
2019-01-08,906.25,911.75,912.5,903.0,380.0,517.75,49.779998779296875,95.9000015258789,317.6000061035156,28.18000030517578
2019-01-09,911.5,905.5,913.75,905.25,382.0,520.0,52.36000061035156,95.22000122070312,319.0,28.31999969482422
2019-01-10,895.5,908.0,911.25,895.0,376.25,513.75,52.59000015258789,95.54000091552734,312.6000061035156,27.940000534057617
2019-01-11,899.25,897.25,901.25,897.25,378.25,519.5,51.59000015258789,95.66999816894531,310.3999938964844,28.170000076293945
2019-01-14,890.75,895.25,895.25,890.75,378.5,514.25,50.5099983215332,95.58999633789062,306.8999938964844,28.110000610351562
2019-01-15,893.25,904.25,908.0,892.5,371.25,511.0,52.11000061035156,95.97000122070312,309.29998779296875,28.239999771118164
2019-01-16,894.5,895.5,900.0,891.25,374.0,512.5,52.310001373291016,96.05999755859375,310.1000061035156,28.229999542236328
2019-01-17,907.75,895.5,912.0,894.25,380.0,517.75,52.06999969482422,96.06999969482422,312.20001220703125,28.770000457763672
2019-01-18,916.75,908.25,920.25,905.75,381.75,517.75,53.79999923706055,96.33999633789062,315.1000061035156,29.010000228881836
2019-01-22,909.25,916.5,919.5,899.5,379.0,521.25,52.56999969482422,96.30000305175781,313.0,29.059999465942383
2019-01-23,915.0,911.0,918.25,910.5,378.75,526.0,52.619998931884766,96.12000274658203,312.8999938964844,29.3799991607666
2019-01-24,916.0,915.0,919.5,909.25,377.0,521.5,53.130001068115234,96.5999984741211,312.29998779296875,29.510000228881836
2019-01-25,925.25,915.75,926.25,913.0,380.25,520.0,53.689998626708984,95.79000091552734,313.8999938964844,30.030000686645508
2019-01-28,923.25,923.5,925.0,915.75,379.75,518.75,51.9900016784668,95.75,312.20001220703125,30.299999237060547
2019-01-29,919.0,921.75,922.25,916.75,377.25,513.25,53.310001373291016,95.81999969482422,311.79998779296875,30.110000610351562
2019-01-30,921.0,919.0,924.0,917.25,381.25,516.75,54.22999954223633,95.33999633789062,311.1000061035156,30.420000076293945
2019-01-31,915.25,919.5,926.75,913.25,376.5,516.5,53.790000915527344,95.58000183105469,310.0,30.170000076293945
2019-02-01,917.75,921.0,931.25,917.0,378.25,524.25,55.2599983215332,95.58000183105469,311.79998779296875,29.889999389648438
2019-02-04,918.5,917.0,923.75,915.5,379.25,525.75,54.560001373291016,95.8499984741211,310.6000061035156,30.1299991607666
2019-02-05,920.25,917.75,921.0,913.5,380.75,527.25,53.65999984741211,96.0999984741211,309.5,30.3799991607666
2019-02-06,921.75,920.0,922.5,917.5,380.0,526.0,54.0099983215332,96.41999816894531,309.0,30.899999618530273
2019-02-07,913.25,919.5,921.5,910.5,376.5,513.25,52.63999938964844,96.51000213623047,305.5,30.809999465942383
2019-02-08,914.5,913.0,918.0,908.0,374.25,517.25,52.720001220703125,96.63999938964844,306.1000061035156,30.8700008392334
2019-02-11,905.0,914.75,918.75,903.5,372.75,518.25,52.40999984741211,97.05999755859375,304.8999938964844,30.239999771118164
2019-02-12,917.5,905.5,919.75,905.5,378.25,520.0,53.099998474121094,96.70999908447266,309.20001220703125,30.329999923706055
2019-02-13,916.5,916.75,920.0,913.75,378.75,522.25,53.900001525878906,97.12999725341797,310.1000061035156,29.989999771118164
2019-02-14,903.5,915.75,918.25,903.0,374.75,507.0,54.40999984741211,96.9800033569336,305.5,29.889999389648438
2019-02-15,907.5,905.25,909.75,901.25,374.75,504.25,55.59000015258789,96.91999816894531,306.5,29.950000762939453
2019-02-19,900.75,907.25,911.25,894.75,369.75,489.75,56.09000015258789,96.5199966430664,305.3999938964844,29.739999771118164
2019-02-20,902.5,902.0,905.0,893.25,370.75,480.75,56.91999816894531,96.44999694824219,305.20001220703125,29.959999084472656
2019-02-21,911.0,902.75,916.75,900.0,375.5,486.5,56.959999084472656,96.61000061035156,305.8999938964844,30.489999771118164
2019-02-22,910.25,910.25,914.75,907.5,375.25,486.75,57.2599983215332,96.51000213623047,305.6000061035156,30.510000228881836
2019-02-25,911.75,918.0,921.0,910.25,370.5,466.75,55.47999954223633,96.41000366210938,305.3999938964844,30.360000610351562
2019-02-26,903.75,910.0,910.75,899.0,366.25,460.25,55.5,96.0,303.20001220703125,30.09000015258789
2019-02-27,903.5,903.0,910.0,900.75,363.75,461.0,56.939998626708984,96.1500015258789,305.0,29.799999237060547
2019-02-28,897.5,903.0,905.25,897.0,362.0,452.5,57.220001220703125,96.16000366210938,302.29998779296875,29.959999084472656
2019-03-01,899.25,897.25,905.0,888.25,364.0,454.0,55.79999923706055,96.52999877929688,303.29998779296875,29.950000762939453
2019-03-04,903.25,901.25,912.25,901.25,365.0,446.75,56.59000015258789,96.68000030517578,306.29998779296875,29.780000686645508
2019-03-05,901.25,904.75,904.75,896.75,366.0,454.25,56.560001373291016,96.8499984741211,305.6000061035156,29.729999542236328
2019-03-06,889.75,900.5,903.5,889.5,362.5,440.5,56.220001220703125,96.87000274658203,301.79998779296875,29.510000228881836
2019-03-07,890.75,892.0,893.75,887.0,356.0,431.5,56.65999984741211,97.66999816894531,302.0,29.40999984741211
2019-03-08,883.75,891.0,891.5,880.0,354.75,432.75,56.06999969482422,97.37000274658203,299.1000061035156,29.389999389648438
2019-03-11,877.75,884.5,884.5,877.75,352.5,422.25,56.790000915527344,97.22000122070312,296.70001220703125,29.399999618530273
2019-03-12,884.75,880.5,885.0,880.25,356.5,446.25,56.869998931884766,96.94000244140625,298.29998779296875,29.780000686645508
2019-03-13,889.0,882.75,889.25,882.5,357.25,440.25,58.2599983215332,96.55000305175781,300.20001220703125,29.690000534057617
2019-03-14,889.5,889.5,889.5,889.5,361.5,448.25,58.61000061035156,96.79000091552734,301.79998779296875,29.399999618530273
2019-03-15,909.25,899.25,911.0,898.25,373.25,462.25,58.52000045776367,96.5999984741211,310.79998779296875,29.43000030517578
2019-03-18,905.75,910.0,911.5,901.75,371.5,456.75,59.09000015258789,96.5199966430664,309.79998779296875,29.440000534057617
2019-03-19,904.0,905.5,909.5,900.25,371.25,456.5,59.029998779296875,96.37999725341797,310.79998779296875,29.239999771118164
2019-03-20,906.0,902.75,906.5,899.25,371.5,464.75,59.83000183105469,95.76000213623047,311.6000061035156,29.270000457763672
2019-03-21,910.5,906.0,912.0,903.5,376.25,466.5,59.97999954223633,96.5,315.29998779296875,29.100000381469727
2019-03-22,903.75,909.75,912.0,903.0,378.25,466.0,59.040000915527344,96.6500015258789,315.0,28.65999984741211
2019-03-25,906.5,904.5,908.25,901.5,379.75,469.5,58.81999969482422,96.56999969482422,315.1000061035156,28.81999969482422
2019-03-26,900.75,905.5,907.5,899.5,377.25,469.25,59.939998626708984,96.73999786376953,311.0,28.649999618530273
2019-03-27,887.5,900.25,900.75,886.0,373.75,469.5,59.40999984741211,96.7699966430664,304.3999938964844,28.81999969482422
2019-03-28,889.5,888.0,891.75,886.5,374.0,464.5,59.29999923706055,97.19999694824219,306.5,28.6299991607666
2019-03-29,884.25,888.75,892.75,883.0,356.5,457.75,60.13999938964844,97.27999877929688,306.5,28.360000610351562
2019-04-01,895.5,884.0,899.0,883.75,361.75,462.75,61.59000015258789,97.25,309.3999938964844,28.56999969482422
2019-04-02,900.0,895.75,901.25,892.5,361.5,464.0,62.58000183105469,97.36000061035156,310.6000061035156,28.959999084472656
2019-04-03,898.75,899.25,903.0,894.75,362.75,471.0,62.459999084472656,97.08999633789062,311.0,28.799999237060547
2019-04-04,906.5,898.25,907.25,897.0,365.25,470.75,62.099998474121094,97.30999755859375,311.8999938964844,29.200000762939453
2019-04-05,899.0,904.5,904.75,896.25,362.5,467.75,63.08000183105469,97.4000015258789,308.0,29.149999618530273
2019-04-08,898.75,899.0,903.5,898.0,360.0,465.25,64.4000015258789,97.05000305175781,309.20001220703125,28.8799991607666
2019-04-09,898.75,898.25,902.25,894.75,360.0,459.5,63.97999954223633,97.01000213623047,309.1000061035156,29.040000915527344
2019-04-10,902.0,898.75,903.75,897.25,361.75,458.0,64.61000061035156,96.94999694824219,310.1000061035156,29.06999969482422
2019-04-11,895.25,901.25,904.0,893.5,360.0,460.5,63.58000183105469,97.18000030517578,307.20001220703125,28.979999542236328
2019-04-12,895.25,895.0,898.5,893.75,361.0,464.5,63.88999938964844,96.97000122070312,307.8999938964844,28.950000762939453
2019-04-15,898.75,895.0,902.0,894.75,362.75,459.5,63.400001525878906,96.94000244140625,311.0,28.809999465942383
2019-04-16,888.0,898.25,899.0,886.25,359.0,445.0,64.05000305175781,97.04000091552734,306.5,28.719999313354492
2019-04-17,879.0,887.75,890.5,878.5,358.25,447.0,63.7599983215332,97.01000213623047,303.8999938964844,28.459999084472656
2019-04-18,880.5,878.75,882.0,876.5,358.5,444.25,64.0,97.47000122070312,303.20001220703125,28.799999237060547
2019-04-22,877.0,881.5,883.25,876.25,354.75,435.75,65.69999694824219,97.27999877929688,302.5,28.700000762939453
2019-04-23,862.0,877.0,878.75,860.75,351.25,438.75,66.30000305175781,97.56999969482422,301.0,28.059999465942383
2019-04-24,855.25,862.0,865.25,854.5,346.75,432.25,65.88999938964844,98.0999984741211,300.3999938964844,27.920000076293945
2019-04-25,859.25,854.75,862.75,853.5,347.5,434.75,65.20999908447266,98.19999694824219,306.0,27.639999389648438
2019-04-26,853.75,858.5,859.75,852.5,351.25,435.0,63.29999923706055,98.01000213623047,299.8999938964844,27.520000457763672
2019-04-29,847.5,854.75,859.5,847.25,352.0,426.75,63.5,97.86000061035156,297.20001220703125,27.8799991607666
2019-04-30,841.25,848.0,851.0,838.5,353.25,418.5,63.90999984741211,97.4800033569336,296.0,27.579999923706055
2019-05-01,839.5,841.0,843.0,831.75,360.0,425.0,63.599998474121094,97.69000244140625,296.0,27.3799991607666
2019-05-02,830.5,840.0,840.5,829.75,362.0,433.25,61.810001373291016,97.83000183105469,292.3999938964844,27.229999542236328
2019-05-03,829.5,830.5,832.75,828.75,363.0,428.0,61.939998626708984,97.5199966430664,293.6000061035156,27.06999969482422
2019-05-06,817.5,816.5,819.75,804.5,355.75,428.0,62.25,97.5199966430664,291.79998779296875,26.84000015258789
2019-05-07,817.75,815.0,821.75,815.0,358.0,430.5,61.400001525878906,97.62999725341797,288.3999938964844,26.809999465942383
2019-05-08,814.25,819.25,820.25,812.75,355.25,431.25,62.119998931884766,97.62000274658203,288.70001220703125,26.709999084472656
2019-05-09,800.25,810.0,810.5,795.25,344.5,421.75,61.70000076293945,97.37000274658203,285.29998779296875,26.34000015258789
2019-05-10,797.0,800.25,804.0,795.25,342.5,419.0,61.65999984741211,97.33000183105469,284.1000061035156,26.5
2019-05-13,791.0,790.25,791.0,780.5,347.5,431.25,61.040000915527344,97.31999969482422,284.0,26.350000381469727
2019-05-14,817.75,810.0,817.75,810.0,360.5,439.25,61.779998779296875,97.52999877929688,294.0,26.729999542236328
2019-05-15,835.5,832.0,848.25,827.0,369.5,448.75,62.02000045776367,97.56999969482422,299.79998779296875,27.239999771118164
2019-05-16,839.75,834.0,845.0,834.0,379.0,467.0,62.869998931884766,97.83999633789062,301.8999938964844,27.719999313354492
2019-05-17,821.75,840.75,841.75,820.5,383.25,465.0,62.7599983215332,98.0,294.29998779296875,27.219999313354492
2019-05-20,831.75,828.25,838.75,824.75,389.0,478.25,63.099998474121094,97.93000030517578,297.29998779296875,27.5
2019-05-21,822.0,842.75,846.5,819.0,394.25,478.75,62.9900016784668,98.05999755859375,295.29998779296875,27.139999389648438
2019-05-22,828.5,819.5,835.0,819.0,394.5,472.75,61.41999816894531,98.11000061035156,298.29998779296875,27.309999465942383
2019-05-23,821.5,828.5,834.0,817.0,389.75,470.25,57.90999984741211,97.8499984741211,297.20001220703125,26.780000686645508
2019-05-24,829.75,821.5,831.5,820.0,404.25,489.5,58.630001068115234,97.61000061035156,300.5,27.010000228881836
2019-05-28,856.0,840.0,858.25,837.5,420.25,504.75,59.13999938964844,97.95999908447266,312.79998779296875,27.290000915527344
2019-05-29,872.0,866.0,892.75,863.5,418.75,490.5,58.810001373291016,98.13999938964844,319.0,27.729999542236328
2019-05-30,889.0,871.5,889.5,863.5,436.25,514.5,56.59000015258789,98.13999938964844,327.3999938964844,27.780000686645508
2019-05-31,877.75,889.0,890.75,876.5,427.0,503.0,53.5,97.75,321.29998779296875,27.59000015258789
2019-06-03,879.0,875.75,886.5,873.5,424.25,519.75,53.25,97.13999938964844,320.5,27.34000015258789
2019-06-04,881.75,891.25,894.5,878.5,425.25,507.25,53.47999954223633,97.06999969482422,321.0,27.489999771118164
2019-06-05,869.75,882.0,882.75,868.25,414.75,490.75,51.68000030517578,97.37000274658203,317.70001220703125,27.219999313354492
2019-06-06,868.75,869.75,872.25,857.75,420.5,510.0,52.59000015258789,97.02999877929688,315.8999938964844,27.760000228881836
2019-06-07,856.25,868.75,871.5,855.0,415.75,504.5,53.9900016784668,96.61000061035156,312.29998779296875,27.3799991607666
2019-06-10,858.5,853.75,866.0,848.25,415.75,507.5,53.2599983215332,96.76000213623047,313.3999938964844,27.3799991607666
2019-06-11,859.25,855.5,863.5,850.25,427.75,518.0,53.27000045776367,96.69000244140625,314.3999938964844,27.219999313354492
2019-06-12,878.0,857.25,883.25,853.25,430.0,526.25,51.13999938964844,97.0,319.5,27.559999465942383
2019-06-13,888.0,878.0,888.75,877.75,442.0,535.5,52.279998779296875,97.01000213623047,321.70001220703125,28.020000457763672
2019-06-14,896.75,887.5,898.25,885.25,453.0,538.5,52.5099983215332,97.56999969482422,323.5,27.610000610351562
2019-06-17,912.75,901.0,914.0,900.75,454.75,539.5,51.93000030517578,97.55999755859375,324.29998779296875,28.139999389648438
2019-06-18,913.5,918.25,921.5,902.75,449.75,531.5,53.900001525878906,97.63999938964844,322.0,28.329999923706055
2019-06-19,903.25,912.5,913.5,901.5,441.0,522.25,53.7599983215332,97.12000274658203,316.8999938964844,28.3700008392334
2019-06-20,915.5,901.25,917.5,896.5,450.0,526.5,56.650001525878906,96.62999725341797,323.0,28.59000015258789
2019-06-21,902.75,915.0,917.25,902.5,442.25,526.0,57.43000030517578,96.22000122070312,315.6000061035156,28.440000534057617
2019-06-24,909.0,902.0,911.25,899.5,446.75,538.0,57.900001525878906,95.9800033569336,317.6000061035156,28.350000381469727
2019-06-25,903.5,915.0,917.75,900.5,447.5,535.75,57.83000183105469,96.16000366210938,315.70001220703125,28.0
2019-06-26,894.25,902.0,902.0,893.25,443.25,543.75,59.380001068115234,96.20999908447266,313.3999938964844,27.809999465942383
2019-06-27,887.75,893.25,898.25,883.5,440.0,547.5,59.43000030517578,96.19000244140625,312.20001220703125,27.809999465942383
2019-06-28,899.75,889.25,906.0,887.25,420.25,528.0,58.470001220703125,96.12999725341797,313.1000061035156,28.239999771118164
2019-07-01,885.5,910.75,910.75,884.0,412.0,514.0,59.09000015258789,96.83999633789062,304.79998779296875,27.979999542236328
2019-07-02,876.25,886.25,888.25,876.25,413.5,503.5,56.25,96.7300033569336,303.5,27.65999984741211
2019-07-03,885.25,875.5,885.75,873.5,433.0,518.0,57.34000015258789,96.7699966430664,306.0,28.020000457763672
2019-07-05,872.25,884.0,884.75,871.75,434.0,519.25,57.5099983215332,97.25,303.79998779296875,27.440000534057617
2019-07-08,875.25,878.0,878.5,870.0,438.5,516.75,57.65999984741211,97.37999725341797,304.20001220703125,27.860000610351562
2019-07-09,882.75,872.25,882.75,870.75,431.75,509.75,57.83000183105469,97.48999786376953,307.8999938964844,27.8799991607666
2019-07-10,893.0,884.5,893.0,880.75,434.25,511.75,60.43000030517578,97.0999984741211,309.1000061035156,27.969999313354492
2019-07-11,896.25,894.0,896.25,890.75,447.75,536.25,60.20000076293945,97.05000305175781,311.6000061035156,28.06999969482422
2019-07-12,906.75,902.25,906.75,902.25,449.5,536.25,60.209999084472656,96.80999755859375,313.29998779296875,28.110000610351562
2019-07-15,901.75,915.25,918.0,900.5,441.0,507.75,59.58000183105469,96.93000030517578,311.6000061035156,28.280000686645508
2019-07-16,887.75,899.75,900.0,885.0,435.25,507.5,57.619998931884766,97.4000015258789,308.3999938964844,27.989999771118164
2019-07-17,882.5,887.5,894.25,881.5,436.0,505.5,56.779998779296875,97.22000122070312,307.5,27.68000030517578
2019-07-18,881.25,880.0,885.75,875.5,424.5,493.5,55.29999923706055,96.79000091552734,307.0,27.639999389648438
2019-07-19,901.5,881.75,905.75,879.5,430.75,502.5,55.630001068115234,97.1500015258789,311.20001220703125,28.100000381469727
2019-07-22,888.25,901.5,904.25,887.5,422.25,487.25,56.220001220703125,97.26000213623047,308.3999938964844,27.729999542236328
2019-07-23,885.75,888.5,892.5,881.0,425.5,487.25,56.77000045776367,97.70999908447266,306.3999938964844,28.010000228881836
2019-07-24,891.0,886.0,895.0,883.75,424.0,497.75,55.880001068115234,97.7300033569336,306.29998779296875,28.299999237060547
2019-07-25,882.5,891.0,896.0,881.0,418.5,499.5,56.02000045776367,97.81999969482422,303.8999938964844,28.270000457763672
2019-07-26,883.25,883.5,890.0,881.5,414.5,496.0,56.20000076293945,98.01000213623047,303.1000061035156,28.469999313354492
2019-07-29,885.75,882.5,890.75,881.75,417.0,503.5,56.869998931884766,98.04000091552734,304.20001220703125,28.43000030517578
2019-07-30,878.75,884.75,887.0,871.5,411.25,497.25,58.04999923706055,98.05000305175781,300.29998779296875,28.309999465942383
2019-07-31,864.0,876.5,882.0,862.75,400.25,487.25,58.58000183105469,98.5199966430664,298.20001220703125,27.75
2019-08-01,847.0,862.75,863.75,842.75,392.75,475.75,53.95000076293945,98.38999938964844,293.20001220703125,27.68000030517578
2019-08-02,850.25,849.0,853.5,845.25,399.5,490.75,55.65999984741211,98.0999984741211,292.3999938964844,28.190000534057617
2019-08-05,850.25,852.25,854.0,837.25,405.25,494.5,54.689998626708984,97.5,294.8999938964844,27.760000228881836
2019-08-06,847.75,848.5,853.25,847.0,404.0,484.0,53.630001068115234,97.62999725341797,295.1000061035156,27.479999542236328
2019-08-07,848.75,848.25,848.75,844.25,406.5,488.25,51.09000015258789,97.54000091552734,293.0,27.959999084472656
2019-08-08,865.0,851.75,865.0,851.75,411.0,498.5,52.540000915527344,97.62000274658203,294.79998779296875,28.959999084472656
2019-08-09,873.75,871.75,875.25,866.0,410.25,499.5,54.5,97.48999786376953,296.70001220703125,29.510000228881836
2019-08-12,861.5,871.0,871.0,860.0,385.25,471.75,54.93000030517578,97.37999725341797,291.8999938964844,29.639999389648438
2019-08-13,872.0,872.0,872.0,871.25,366.0,472.0,57.099998474121094,97.80999755859375,297.79998779296875,29.170000076293945
2019-08-14,861.0,869.5,869.5,861.0,359.0,473.75,55.22999954223633,97.98999786376953,293.0,29.100000381469727
2019-08-15,858.0,866.75,872.0,857.75,360.75,469.0,54.470001220703125,98.13999938964844,291.79998779296875,29.06999969482422
2019-08-16,867.25,858.25,868.0,858.25,371.0,470.75,54.869998931884766,98.13999938964844,294.8999938964844,29.1299991607666
2019-08-19,854.0,862.25,865.0,852.0,365.0,465.5,56.209999084472656,98.3499984741211,292.0,28.68000030517578
2019-08-20,855.75,856.25,862.0,853.0,359.5,460.0,56.34000015258789,98.19000244140625,294.0,28.43000030517578
2019-08-21,860.5,855.75,864.0,854.25,362.5,462.5,55.68000030517578,98.30000305175781,294.70001220703125,28.739999771118164
2019-08-22,856.0,860.5,869.5,855.25,363.25,467.25,55.349998474121094,98.16999816894531,293.70001220703125,28.540000915527344
2019-08-23,843.25,855.5,859.25,842.0,359.75,475.25,54.16999816894531,97.63999938964844,289.8999938964844,28.34000015258789
2019-08-26,853.75,842.0,857.25,842.0,358.5,473.0,53.63999938964844,98.08000183105469,293.0,28.329999923706055
2019-08-27,846.25,851.5,852.0,843.0,357.0,473.75,54.93000030517578,98.0,291.5,28.010000228881836
2019-08-28,852.75,846.25,854.75,839.5,362.75,472.25,55.779998779296875,98.20999908447266,294.0,28.110000610351562
2019-08-29,856.25,852.75,860.5,852.5,359.75,469.75,56.709999084472656,98.51000213623047,292.0,28.3700008392334
2019-08-30,857.0,856.25,864.75,855.0,358.0,451.25,55.099998474121094,98.91999816894531,289.29998779296875,28.639999389648438
2019-09-03,856.5,855.5,856.5,848.75,349.75,447.25,53.939998626708984,98.94999694824219,288.0,28.8700008392334
2019-09-04,862.5,856.5,863.75,852.5,346.0,456.25,56.2599983215332,98.44999694824219,292.20001220703125,28.790000915527344
2019-09-05,849.75,863.0,863.0,846.75,346.5,464.0,56.29999923706055,98.41000366210938,288.70001220703125,28.469999313354492
2019-09-06,845.0,853.5,853.5,844.75,342.5,460.25,56.52000045776367,98.38999938964844,287.20001220703125,28.479999542236328
2019-09-09,845.0,843.0,847.75,839.75,340.75,474.5,57.849998474121094,98.27999877929688,288.5,28.260000228881836
2019-09-10,859.25,847.25,859.25,845.5,348.5,484.5,57.400001525878906,98.33000183105469,292.8999938964844,28.3799991607666
2019-09-11,854.0,853.75,854.0,851.5,348.25,477.5,55.75,98.6500015258789,289.6000061035156,28.729999542236328
2019-09-12,883.0,862.75,883.0,862.75,354.5,485.75,55.09000015258789,98.30999755859375,296.1000061035156,29.020000457763672
2019-09-13,884.75,890.0,890.25,884.75,355.5,485.75,54.849998474121094,98.26000213623047,298.20001220703125,28.940000534057617
2019-09-16,900.0,903.25,904.75,894.25,374.0,488.75,62.900001525878906,98.6500015258789,295.20001220703125,30.139999389648438
2019-09-17,893.75,900.0,900.0,888.25,368.0,484.25,59.34000015258789,98.26000213623047,294.1000061035156,29.850000381469727
2019-09-18,888.75,895.25,897.0,886.75,371.25,489.5,58.11000061035156,98.5999984741211,291.6000061035156,29.8700008392334
2019-09-19,893.0,889.25,895.0,886.25,372.75,488.0,58.130001068115234,98.2699966430664,292.20001220703125,29.809999465942383
2019-09-20,882.75,893.0,893.5,880.75,370.75,484.25,58.09000015258789,98.51000213623047,291.1000061035156,29.280000686645508
2019-09-23,892.5,882.75,899.25,882.75,373.25,483.0,58.63999938964844,98.5999984741211,294.5,29.190000534057617
2019-09-24,894.25,892.5,899.0,890.5,374.75,481.75,57.290000915527344,98.33999633789062,295.3999938964844,29.200000762939453
2019-09-25,889.25,894.0,897.75,885.25,374.25,477.25,56.4900016784668,99.04000091552734,293.20001220703125,29.040000915527344
2019-09-26,888.5,888.0,895.5,886.75,372.5,484.25,56.40999984741211,99.20999908447266,290.79998779296875,29.010000228881836
2019-09-27,883.0,887.75,889.25,881.5,371.5,487.25,55.90999984741211,99.11000061035156,289.8999938964844,28.6200008392334
2019-09-30,906.0,884.75,906.75,883.75,388.0,495.75,54.06999969482422,99.37999725341797,295.8999938964844,28.989999771118164
2019-10-01,919.5,904.0,920.0,903.25,392.5,498.75,53.619998931884766,99.12999725341797,304.1000061035156,28.829999923706055
2019-10-02,913.75,917.25,918.75,911.75,387.75,489.0,52.63999938964844,99.04000091552734,300.29998779296875,29.059999465942383
2019-10-03,911.75,913.0,918.5,908.0,388.75,488.75,52.45000076293945,98.86000061035156,298.0,29.799999237060547
2019-10-04,916.25,911.0,921.25,909.5,384.75,490.5,52.810001373291016,98.80999755859375,298.79998779296875,29.790000915527344
2019-10-07,915.25,916.5,919.5,911.5,387.0,489.25,52.75,98.98999786376953,297.3999938964844,30.010000228881836
2019-10-08,920.5,915.0,923.75,910.5,395.75,500.25,52.630001068115234,99.13999938964844,302.29998779296875,29.770000457763672
2019-10-09,923.75,918.5,931.5,918.25,394.25,500.25,52.59000015258789,99.12000274658203,305.3999938964844,29.6299991607666
2019-10-10,923.5,919.5,934.0,918.75,380.25,493.0,53.54999923706055,98.70999908447266,304.1000061035156,29.700000762939453
2019-10-11,936.0,923.75,939.25,923.5,397.75,508.0,54.70000076293945,98.30000305175781,306.8999938964844,29.829999923706055
2019-10-14,940.5,940.5,945.0,930.5,397.75,511.0,53.59000015258789,98.44999694824219,306.0,29.899999618530273
2019-10-15,934.0,938.75,944.25,933.25,393.25,507.0,52.810001373291016,98.29000091552734,307.79998779296875,30.389999389648438
2019-10-16,928.0,933.0,938.75,927.5,391.75,513.25,53.36000061035156,98.01000213623047,304.79998779296875,30.399999618530273
2019-10-17,931.5,928.0,940.75,927.25,394.75,525.5,53.93000030517578,97.61000061035156,306.79998779296875,30.389999389648438
2019-10-18,934.0,931.0,938.5,930.5,391.0,532.25,53.779998779296875,97.27999877929688,308.5,30.360000610351562
2019-10-21,933.25,930.75,940.0,930.25,387.25,523.5,53.310001373291016,97.33000183105469,307.70001220703125,30.479999542236328
2019-10-22,934.0,932.5,945.25,931.0,388.0,518.0,54.15999984741211,97.52999877929688,306.8999938964844,30.850000381469727
2019-10-23,933.75,934.0,939.0,927.75,387.75,520.75,55.970001220703125,97.47000122070312,308.6000061035156,30.579999923706055
2019-10-24,933.25,933.75,939.0,932.75,386.75,516.0,56.22999954223633,97.62999725341797,305.6000061035156,31.34000015258789
2019-10-25,920.25,933.5,937.25,919.5,386.75,517.75,56.65999984741211,97.83000183105469,303.29998779296875,30.959999084472656
2019-10-28,920.75,921.5,926.0,920.25,384.0,511.75,55.810001373291016,97.76000213623047,304.0,30.780000686645508
2019-10-29,918.25,921.0,925.25,916.0,386.25,511.5,55.540000915527344,97.69000244140625,303.0,31.0
2019-10-30,916.0,917.75,921.5,915.25,390.75,509.25,55.060001373291016,97.6500015258789,302.20001220703125,30.979999542236328
2019-10-31,916.75,915.75,920.25,910.5,390.0,508.75,54.18000030517578,97.3499984741211,304.3999938964844,30.75
2019-11-01,924.25,915.5,926.5,915.0,389.25,516.0,56.20000076293945,97.23999786376953,303.8999938964844,31.030000686645508
2019-11-04,925.75,923.25,929.75,921.0,383.25,509.75,56.540000915527344,97.51000213623047,302.3999938964844,31.8700008392334
2019-11-05,921.75,925.25,928.75,920.0,381.75,515.25,57.22999954223633,97.9800033569336,302.70001220703125,31.56999969482422
2019-11-06,915.0,922.25,922.25,914.25,378.75,516.75,56.349998474121094,97.94999694824219,298.8999938964844,31.75
2019-11-07,925.0,916.5,927.0,915.0,375.25,512.5,57.150001525878906,98.13999938964844,305.6000061035156,31.43000030517578
2019-11-08,919.5,924.5,926.25,915.75,377.25,510.25,57.2400016784668,98.3499984741211,304.8999938964844,31.5
2019-11-11,905.0,916.5,917.25,904.25,373.25,505.75,56.86000061035156,98.19999694824219,300.6000061035156,31.420000076293945
2019-11-12,905.75,906.0,909.25,905.0,377.75,517.0,56.79999923706055,98.30999755859375,302.29998779296875,31.030000686645508
2019-11-13,902.5,906.5,909.25,902.0,375.25,509.0,57.119998931884766,98.37000274658203,304.1000061035156,30.530000686645508
2019-11-14,900.25,900.75,901.75,900.25,375.75,507.75,56.77000045776367,98.16000366210938,303.1000061035156,30.780000686645508
2019-11-15,918.25,918.25,923.5,915.25,371.25,502.75,57.720001220703125,98.0,307.1000061035156,30.43000030517578
2019-11-18,910.25,919.0,921.75,910.0,367.75,507.25,57.04999923706055,97.79000091552734,301.20001220703125,30.639999389648438
2019-11-19,911.5,910.5,917.0,910.0,370.0,512.0,55.209999084472656,97.86000061035156,302.0,30.959999084472656
2019-11-20,905.0,910.5,915.75,904.25,366.75,515.5,57.11000061035156,97.93000030517578,299.79998779296875,31.200000762939453
2019-11-21,901.0,905.25,909.25,900.25,368.5,509.0,58.58000183105469,97.98999786376953,301.0,30.690000534057617
2019-11-22,897.0,900.5,903.5,895.5,368.75,515.25,57.77000045776367,98.2699966430664,299.0,30.8799991607666
2019-11-25,892.5,898.0,902.5,892.0,370.5,531.0,58.0099983215332,98.31999969482422,298.29998779296875,30.440000534057617
2019-11-26,884.25,892.75,895.0,882.75,367.5,530.25,58.40999984741211,98.25,294.70001220703125,30.219999313354492
2019-11-27,882.0,884.75,887.5,881.25,362.75,528.5,58.11000061035156,98.41000366210938,293.79998779296875,30.3700008392334
2019-11-29,876.75,883.25,884.75,875.75,371.25,547.5,55.16999816894531,98.2699966430664,290.8999938964844,30.420000076293945
2019-12-02,870.5,877.75,883.0,867.5,373.5,543.25,55.959999084472656,97.86000061035156,291.29998779296875,29.959999084472656
2019-12-03,871.0,873.5,875.75,868.25,372.0,530.5,56.099998474121094,97.73999786376953,292.5,29.989999771118164
2019-12-04,878.0,872.25,880.0,871.5,368.75,535.0,58.43000030517578,97.6500015258789,294.6000061035156,30.270000457763672
2019-12-05,884.25,878.0,888.75,877.25,365.5,532.0,58.43000030517578,97.41000366210938,299.5,30.290000915527344
2019-12-06,889.5,884.75,894.0,884.5,366.5,532.5,59.20000076293945,97.69999694824219,297.3999938964844,31.010000228881836
2019-12-09,897.25,891.75,903.5,889.75,365.75,532.0,59.02000045776367,97.63999938964844,296.70001220703125,31.360000610351562
2019-12-10,901.25,897.5,902.25,896.25,363.25,534.75,59.2400016784668,97.41000366210938,296.8999938964844,31.469999313354492
2019-12-11,893.5,898.75,902.0,892.0,357.75,530.75,58.7599983215332,97.16000366210938,293.29998779296875,31.229999542236328
2019-12-12,898.25,893.0,901.75,888.25,367.0,539.25,59.18000030517578,97.4000015258789,292.6000061035156,32.029998779296875
2019-12-13,907.5,906.0,917.0,901.5,366.25,539.25,60.06999969482422,97.16999816894531,295.5,32.27000045776367
2019-12-16,922.0,912.5,922.75,912.5,388.0,549.75,60.209999084472656,97.06999969482422,301.29998779296875,33.13999938964844
2019-12-17,928.75,921.25,931.0,920.25,390.0,556.25,60.939998626708984,97.20999908447266,302.29998779296875,33.81999969482422
2019-12-18,928.5,928.0,930.0,923.0,387.0,548.25,60.93000030517578,97.41000366210938,302.8999938964844,33.43000030517578
2019-12-19,924.5,926.75,929.25,921.25,386.5,545.25,61.220001220703125,97.41999816894531,298.3999938964844,33.790000915527344
2019-12-20,928.25,925.0,930.0,924.0,387.75,542.25,60.439998626708984,97.70999908447266,297.8999938964844,33.790000915527344
2019-12-23,934.0,929.0,937.0,927.5,388.75,539.5,60.52000045776367,97.66000366210938,301.3999938964844,33.779998779296875
2019-12-24,936.5,933.0,937.5,929.0,387.5,541.0,61.11000061035156,97.6500015258789,301.79998779296875,33.880001068115234
2019-12-26,937.75,937.75,940.0,936.75,388.5,549.0,61.68000030517578,97.58999633789062,299.5,34.380001068115234
2019-12-27,929.5,937.25,941.5,928.75,390.0,556.25,61.720001220703125,96.91999816894531,295.3999938964844,34.72999954223633
2019-12-30,939.5,929.0,941.0,927.25,388.25,556.0,61.68000030517578,96.73999786376953,297.5,35.16999816894531
2019-12-31,943.0,939.25,943.5,933.75,387.75,558.75,61.060001373291016,96.38999938964844,299.8999938964844,34.4900016784668
2020-01-02,944.25,943.25,949.0,941.75,391.5,560.25,61.18000030517578,96.8499984741211,300.6000061035156,34.970001220703125
2020-01-03,930.5,944.5,945.25,926.75,386.5,554.5,63.04999923706055,96.83999633789062,296.1000061035156,34.810001373291016
2020-01-06,932.75,929.25,936.25,929.0,384.75,550.0,63.27000045776367,96.66999816894531,297.70001220703125,34.2400016784668
2020-01-07,935.0,933.5,935.0,928.75,384.5,550.25,62.70000076293945,96.9800033569336,296.3999938964844,34.459999084472656
2020-01-08,938.25,936.25,940.0,935.75,384.25,552.75,59.61000061035156,97.30000305175781,296.8999938964844,34.27000045776367
2020-01-09,933.75,943.25,943.25,931.0,383.25,562.25,59.560001373291016,97.44999694824219,296.20001220703125,34.349998474121094
2020-01-10,935.0,931.5,935.5,927.5,385.75,564.5,59.040000915527344,97.36000061035156,298.70001220703125,34.06999969482422
2020-01-13,929.25,938.5,938.5,929.25,389.5,562.25,58.08000183105469,97.3499984741211,299.0,33.63999938964844
2020-01-14,928.5,929.0,934.75,928.5,389.0,568.5,58.22999954223633,97.37000274658203,297.20001220703125,33.650001525878906
2020-01-15,928.75,942.0,943.25,928.25,387.5,573.25,57.810001373291016,97.2300033569336,300.1000061035156,33.29999923706055
2020-01-16,924.0,929.75,930.25,922.0,375.5,565.25,58.52000045776367,97.31999969482422,300.6000061035156,33.029998779296875
2020-01-17,929.75,924.5,933.5,920.0,389.25,570.5,58.540000915527344,97.61000061035156,300.6000061035156,33.349998474121094
2020-01-21,916.0,930.0,931.5,915.25,387.5,581.5,58.34000015258789,97.52999877929688,299.1000061035156,32.75
2020-01-22,913.75,917.0,922.0,913.25,388.75,577.75,56.7400016784668,97.52999877929688,297.8999938964844,33.02000045776367
2020-01-23,909.5,914.0,914.75,904.0,393.75,580.5,55.59000015258789,97.69000244140625,298.8999938964844,32.47999954223633
2020-01-24,902.0,909.25,909.25,900.75,387.25,573.5,54.189998626708984,97.8499984741211,298.29998779296875,32.02000045776367
2020-01-27,897.25,899.25,900.0,888.25,380.5,572.25,53.13999938964844,97.95999908447266,297.79998779296875,31.520000457763672
2020-01-28,895.0,897.5,898.0,888.5,386.5,569.75,53.47999954223633,98.0199966430664,297.6000061035156,31.459999084472656
2020-01-29,893.0,896.0,903.0,890.75,384.25,562.25,53.33000183105469,97.98999786376953,296.1000061035156,31.520000457763672
2020-01-30,876.25,893.5,893.75,875.5,379.5,560.5,52.13999938964844,97.87000274658203,291.5,30.6299991607666
2020-01-31,872.5,880.0,882.75,872.25,381.25,553.75,51.560001373291016,97.38999938964844,291.0,29.940000534057617
2020-02-03,877.0,870.75,878.75,868.75,378.75,555.5,50.11000061035156,97.80000305175781,289.79998779296875,30.290000915527344
2020-02-04,879.5,876.25,887.0,873.75,382.25,557.25,49.61000061035156,97.95999908447266,288.5,30.729999542236328
2020-02-05,880.0,880.0,888.0,878.0,380.75,562.0,50.75,98.2699966430664,287.3999938964844,31.31999969482422
2020-02-06,881.0,880.0,886.25,876.75,379.25,556.25,50.95000076293945,98.5,288.20001220703125,31.239999771118164
2020-02-07,882.0,883.25,884.75,876.25,383.5,558.75,50.31999969482422,98.68000030517578,289.29998779296875,30.969999313354492
2020-02-10,884.25,883.0,889.75,879.5,381.75,552.0,49.56999969482422,98.83000183105469,291.3999938964844,30.6200008392334
2020-02-11,884.75,885.75,889.0,878.0,379.75,542.0,49.939998626708984,98.72000122070312,290.79998779296875,30.719999313354492
2020-02-12,892.5,885.5,893.0,881.5,383.0,547.5,51.16999816894531,99.05000305175781,291.70001220703125,31.030000686645508
2020-02-13,896.25,891.0,899.75,888.5,379.5,544.25,51.41999816894531,99.06999969482422,291.8999938964844,30.719999313354492
2020-02-14,893.75,896.25,899.25,890.0,377.75,542.75,52.04999923706055,99.12000274658203,291.1000061035156,30.56999969482422
2020-02-18,892.25,894.75,898.5,889.25,383.0,566.75,52.04999923706055,99.45999908447266,292.20001220703125,30.479999542236328
2020-02-19,897.25,892.25,898.25,885.0,380.5,565.25,53.290000915527344,99.5999984741211,293.0,30.34000015258789
2020-02-20,892.75,896.5,898.0,891.25,378.5,560.0,53.779998779296875,99.87000274658203,292.8999938964844,30.1200008392334
2020-02-21,890.5,892.0,902.0,887.5,377.0,551.0,53.380001068115234,99.26000213623047,289.20001220703125,30.639999389648438
2020-02-24,874.25,888.0,888.5,870.75,372.25,536.25,51.43000030517578,99.29000091552734,286.1000061035156,29.489999771118164
2020-02-25,879.0,875.5,880.75,873.25,372.5,539.0,49.900001525878906,98.97000122070312,286.5,29.229999542236328
2020-02-26,881.0,879.5,888.25,875.5,370.5,540.25,48.72999954223633,99.0,291.29998779296875,29.06999969482422
2020-02-27,886.25,880.5,887.75,866.75,364.5,529.25,47.09000015258789,98.44000244140625,296.8999938964844,28.829999923706055
2020-02-28,883.5,886.25,887.25,874.5,366.5,529.0,44.7599983215332,98.12999725341797,298.6000061035156,28.309999465942383
2020-03-02,890.5,883.75,895.0,883.75,374.75,526.25,46.75,97.36000061035156,302.20001220703125,28.56999969482422
2020-03-03,893.0,891.25,895.5,889.25,381.75,528.75,47.18000030517578,97.1500015258789,303.79998779296875,28.84000015258789
2020-03-04,898.75,898.5,900.75,897.25,387.0,521.5,46.779998779296875,97.33999633789062,305.20001220703125,29.440000534057617
2020-03-05,889.0,896.5,896.5,889.0,384.5,524.25,45.900001525878906,96.81999969482422,300.3999938964844,29.100000381469727
2020-03-06,883.25,890.75,892.0,882.0,377.25,521.25,41.279998779296875,95.94999694824219,301.29998779296875,28.479999542236328
2020-03-09,863.5,865.0,871.75,861.75,374.25,522.25,31.1299991607666,94.9000015258789,296.6000061035156,27.309999465942383
2020-03-10,873.0,874.25,879.5,871.5,380.0,526.75,34.36000061035156,96.41000366210938,295.8999938964844,27.440000534057617
2020-03-11,867.75,876.25,878.5,867.75,379.25,517.25,32.97999954223633,96.51000213623047,295.8999938964844,27.299999237060547
2020-03-12,855.0,871.25,871.25,853.75,369.75,508.25,31.5,97.47000122070312,298.6000061035156,26.149999618530273
2020-03-13,846.75,846.75,846.75,846.75,370.75,514.75,31.729999542236328,98.75,295.8999938964844,26.110000610351562
2020-03-16,821.75,842.0,854.75,821.0,354.75,498.0,28.700000762939453,98.08999633789062,296.29998779296875,24.989999771118164
2020-03-17,824.25,824.75,832.5,822.0,344.0,499.25,26.950000762939453,99.58000183105469,298.29998779296875,25.239999771118164
2020-03-18,825.5,824.5,838.5,822.25,335.25,508.25,20.3700008392334,101.16000366210938,304.0,25.040000915527344
2020-03-19,843.25,829.25,855.75,825.0,345.5,535.0,25.219999313354492,102.76000213623047,314.79998779296875,25.479999542236328
2020-03-20,862.5,845.75,864.75,845.5,343.75,539.25,22.43000030517578,102.81999969482422,325.20001220703125,25.639999389648438
2020-03-23,884.0,860.0,885.25,858.25,343.5,562.5,23.360000610351562,102.48999786376953,333.6000061035156,26.139999389648438
2020-03-24,886.75,884.0,887.75,872.5,347.25,561.5,24.010000228881836,101.73999786376953,332.1000061035156,26.549999237060547
2020-03-25,881.5,885.0,897.0,880.5,348.5,580.0,24.489999771118164,101.05000305175781,321.70001220703125,26.639999389648438
2020-03-26,880.25,882.5,884.5,871.25,348.75,569.0,22.600000381469727,99.41999816894531,322.8999938964844,26.5
2020-03-27,881.5,879.0,888.75,875.25,346.0,571.25,21.510000228881836,98.37000274658203,323.1000061035156,26.850000381469727
2020-03-30,882.25,880.0,892.5,876.75,341.25,569.5,20.09000015258789,99.18000030517578,325.5,26.8700008392334
2020-03-31,886.0,882.5,887.5,875.75,340.75,568.75,20.479999542236328,99.05000305175781,321.5,27.010000228881836
2020-04-01,862.75,885.75,887.25,860.75,334.75,550.25,20.309999465942383,99.66999816894531,314.8999938964844,26.049999237060547
2020-04-02,858.75,864.75,870.0,857.0,333.5,541.75,25.31999969482422,100.18000030517578,309.1000061035156,26.239999771118164
2020-04-03,854.25,859.75,864.5,850.5,330.75,549.25,28.34000015258789,100.58000183105469,303.20001220703125,26.43000030517578
2020-04-06,855.5,853.5,859.0,848.5,327.75,555.75,26.079999923706055,100.69000244140625,297.0,26.829999923706055
2020-04-07,854.75,856.0,862.25,854.25,331.5,549.25,23.6299991607666,99.9800033569336,293.79998779296875,27.479999542236328
2020-04-08,854.5,855.75,860.5,851.75,330.0,548.25,25.09000015258789,100.12000274658203,292.79998779296875,27.18000030517578
2020-04-09,863.5,855.5,867.0,853.75,331.75,556.5,22.760000228881836,99.5199966430664,292.5,27.40999984741211
2020-04-13,854.25,864.0,870.0,850.5,331.5,555.0,22.40999984741211,99.3499984741211,288.6000061035156,26.899999618530273
2020-04-14,847.0,854.75,856.5,845.75,326.0,548.75,20.110000610351562,98.88999938964844,287.5,26.739999771118164
2020-04-15,842.0,847.5,852.5,838.75,319.25,540.25,19.8700008392334,99.45999908447266,292.20001220703125,26.549999237060547
2020-04-16,836.75,840.75,846.75,835.25,319.75,529.75,19.8700008392334,100.02999877929688,291.79998779296875,26.299999237060547
2020-04-17,832.5,839.25,842.75,831.75,322.25,533.5,18.270000457763672,99.77999877929688,288.20001220703125,26.290000915527344
2020-04-20,826.5,833.5,835.75,824.5,314.25,548.75,-37.630001068115234,99.95999908447266,285.6000061035156,25.979999542236328
2020-04-21,830.75,826.0,833.5,808.25,309.25,546.75,10.010000228881836,100.26000213623047,289.1000061035156,25.350000381469727
2020-04-22,834.75,831.25,839.0,827.0,317.5,543.0,13.779999732971191,100.38999938964844,288.29998779296875,25.56999969482422
2020-04-23,839.25,834.75,848.75,833.75,319.25,547.0,16.5,100.43000030517578,288.70001220703125,25.610000610351562
2020-04-24,832.25,840.0,843.75,827.5,315.75,526.75,16.940000534057617,100.37999725341797,287.70001220703125,25.049999237060547
2020-04-27,829.0,831.25,838.75,827.25,305.5,521.0,12.779999732971191,100.04000091552734,285.29998779296875,24.989999771118164
2020-04-28,826.0,829.5,835.5,822.5,302.75,526.75,12.34000015258789,99.87000274658203,281.79998779296875,25.299999237060547
2020-04-29,831.75,825.5,835.0,824.75,304.5,519.5,15.0600004196167,99.56999969482422,283.20001220703125,25.780000686645508
2020-04-30,850.25,833.75,851.0,833.75,311.5,529.75,18.84000015258789,99.0199966430664,289.6000061035156,26.229999542236328
2020-05-01,847.25,849.75,850.75,842.75,311.5,521.5,19.780000686645508,98.80000305175781,287.3999938964844,26.139999389648438
2020-05-04,834.0,843.5,843.5,831.0,310.75,524.25,20.389999389648438,99.4800033569336,283.29998779296875,25.799999237060547
2020-05-05,838.25,833.25,838.25,832.5,313.0,525.5,24.559999465942383,99.70999908447266,284.79998779296875,25.969999313354492
2020-05-06,830.5,838.25,838.25,829.5,311.75,524.75,23.989999771118164,100.08999633789062,283.1000061035156,25.520000457763672
2020-05-07,841.5,834.25,845.25,831.0,316.0,529.0,23.549999237060547,99.88999938964844,283.6000061035156,25.940000534057617
2020-05-08,848.75,842.0,856.25,842.0,319.0,529.5,24.739999771118164,99.7300033569336,286.70001220703125,26.229999542236328
2020-05-11,852.25,857.0,857.0,851.5,318.5,524.75,24.139999389648438,100.23999786376953,286.29998779296875,26.190000534057617
2020-05-12,849.25,852.75,854.75,847.5,323.75,521.75,25.780000686645508,99.93000030517578,288.6000061035156,25.979999542236328
2020-05-13,836.0,841.75,842.25,836.0,320.25,510.5,25.290000915527344,100.23999786376953,285.20001220703125,25.6299991607666
2020-05-14,835.25,837.0,837.0,835.25,320.25,510.5,27.559999465942383,100.47000122070312,285.20001220703125,25.920000076293945
2020-05-15,838.5,838.0,843.0,836.5,319.25,500.25,29.43000030517578,100.4000015258789,287.5,26.579999923706055
2020-05-18,845.0,840.5,847.75,838.75,320.75,497.0,31.81999969482422,99.66999816894531,285.1000061035156,27.31999969482422
2020-05-19,842.5,846.0,848.5,839.25,321.25,498.75,32.5,99.37000274658203,284.6000061035156,27.09000015258789
2020-05-20,846.75,842.0,849.5,842.0,319.5,513.75,33.4900016784668,99.12000274658203,285.5,27.360000610351562
2020-05-21,835.0,846.75,848.5,833.75,317.75,516.0,33.91999816894531,99.37000274658203,282.5,27.110000610351562
2020-05-22,833.25,835.25,839.5,828.5,318.0,508.75,33.25,99.86000061035156,284.1000061035156,26.639999389648438
2020-05-26,847.0,832.5,849.0,832.25,319.0,506.75,34.349998474121094,98.91000366210938,283.8999938964844,27.270000457763672
2020-05-27,848.5,848.0,851.25,843.5,320.5,504.5,32.810001373291016,99.05999755859375,282.0,27.600000381469727
2020-05-28,847.0,848.5,852.25,838.75,327.5,514.5,33.709999084472656,98.37999725341797,284.29998779296875,27.389999389648438
2020-05-29,840.75,846.0,846.0,837.0,325.75,520.75,35.4900016784668,98.33999633789062,283.20001220703125,27.3799991607666
2020-06-01,840.5,843.5,849.0,834.0,323.25,515.25,35.439998626708984,97.83000183105469,283.1000061035156,27.600000381469727
2020-06-02,850.5,840.0,856.0,838.5,324.25,508.0,36.810001373291016,97.66999816894531,283.70001220703125,27.940000534057617
2020-06-03,857.5,851.75,858.0,851.25,324.0,512.0,37.290000915527344,97.27999877929688,286.29998779296875,27.860000610351562
2020-06-04,867.75,857.0,873.25,855.25,329.0,523.75,37.40999984741211,96.68000030517578,289.79998779296875,27.81999969482422
2020-06-05,867.75,868.0,873.5,865.25,331.25,515.25,39.54999923706055,96.94000244140625,289.1000061035156,28.139999389648438
2020-06-08,864.75,869.25,871.5,861.75,333.75,511.5,38.189998626708984,96.62000274658203,288.3999938964844,28.100000381469727
2020-06-09,863.25,864.0,866.5,856.5,327.5,504.5,38.939998626708984,96.31999969482422,287.1000061035156,28.229999542236328
2020-06-10,865.5,863.25,869.25,863.0,326.25,506.25,39.599998474121094,95.95999908447266,288.79998779296875,28.0
2020-06-11,866.0,865.0,869.5,861.0,329.75,499.25,36.34000015258789,96.7300033569336,289.70001220703125,27.5
2020-06-12,871.25,866.5,873.0,863.5,330.0,502.0,36.2599983215332,97.31999969482422,289.0,27.5
2020-06-15,869.0,870.5,871.75,864.25,329.25,504.75,37.119998931884766,96.68000030517578,288.3999938964844,27.739999771118164
2020-06-16,867.0,870.75,873.0,864.75,329.0,496.0,38.380001068115234,96.95999908447266,287.8999938964844,27.989999771118164
2020-06-17,871.25,866.5,875.75,860.0,330.25,488.75,37.959999084472656,97.16000366210938,287.79998779296875,28.100000381469727
2020-06-18,873.0,871.0,876.5,870.0,331.0,483.5,38.84000015258789,97.41999816894531,288.79998779296875,28.059999465942383
2020-06-19,876.5,873.0,880.5,871.5,332.5,481.25,39.75,97.62000274658203,287.0,28.520000457763672
2020-06-22,876.25,875.25,879.75,872.5,328.25,485.0,40.459999084472656,97.04000091552734,286.5,28.350000381469727
2020-06-23,875.0,876.75,879.0,865.0,325.0,486.0,40.369998931884766,96.69000244140625,286.29998779296875,28.170000076293945
2020-06-24,870.75,875.5,877.5,870.0,324.25,481.25,38.0099983215332,97.1500015258789,286.70001220703125,27.649999618530273
2020-06-25,869.25,870.5,871.5,861.75,317.25,486.75,38.720001220703125,97.43000030517578,285.5,27.540000915527344
2020-06-26,865.0,869.0,871.75,862.75,317.0,474.0,38.4900016784668,97.5,282.1000061035156,27.200000762939453
2020-06-29,866.5,864.0,869.5,860.0,326.25,485.5,39.70000076293945,97.54000091552734,280.5,27.6200008392334
2020-06-30,884.25,865.0,891.0,864.0,338.5,490.0,39.27000045776367,97.38999938964844,286.29998779296875,27.979999542236328
2020-07-01,893.75,883.75,898.5,883.25,348.25,498.75,39.81999969482422,97.19999694824219,292.70001220703125,28.209999084472656
2020-07-02,892.5,893.75,898.0,890.25,342.5,490.0,40.650001525878906,97.31999969482422,293.5,27.959999084472656
2020-07-06,898.5,897.5,901.5,897.0,346.5,489.5,40.630001068115234,96.79000091552734,295.3999938964844,28.420000076293945
2020-07-07,895.25,894.0,899.25,894.0,345.0,492.25,40.619998931884766,96.87999725341797,293.29998779296875,28.760000228881836
2020-07-08,894.75,891.25,898.75,891.25,348.25,517.5,40.900001525878906,96.43000030517578,291.6000061035156,28.459999084472656
2020-07-09,898.25,903.0,907.0,898.25,351.25,526.25,39.619998931884766,96.69999694824219,295.1000061035156,28.190000534057617
2020-07-10,891.5,898.5,900.75,888.75,340.5,535.75,40.54999923706055,96.6500015258789,290.79998779296875,28.110000610351562
2020-07-13,876.5,888.0,888.75,876.5,334.0,524.75,40.099998474121094,96.45999908447266,283.1000061035156,27.969999313354492
2020-07-14,882.25,882.25,882.25,882.25,334.75,524.75,40.290000915527344,96.26000213623047,283.70001220703125,28.479999542236328
2020-07-15,886.25,879.25,887.5,877.5,326.25,550.75,41.20000076293945,96.08000183105469,285.79998779296875,28.799999237060547
2020-07-16,893.5,887.5,896.0,886.75,330.25,535.25,40.75,96.3499984741211,287.0,29.270000457763672
2020-07-17,898.0,893.25,898.75,892.75,333.0,534.75,40.59000015258789,95.94000244140625,286.5,29.920000076293945
2020-07-20,903.0,898.5,905.5,897.0,328.25,522.0,40.810001373291016,95.83000183105469,288.6000061035156,29.93000030517578
2020-07-21,896.5,902.5,902.5,895.0,322.75,527.75,41.959999084472656,95.12000274658203,285.6000061035156,30.06999969482422
2020-07-22,899.25,896.5,901.25,892.0,327.5,534.5,41.900001525878906,94.97000122070312,286.6000061035156,29.93000030517578
2020-07-23,906.25,898.75,907.0,897.5,328.0,529.5,41.06999969482422,94.69000244140625,290.3999938964844,29.790000915527344
2020-07-24,904.75,906.0,910.0,901.5,326.25,539.5,41.290000915527344,94.44000244140625,290.79998779296875,29.799999237060547
2020-07-27,906.5,904.0,909.25,901.5,325.0,527.75,41.599998474121094,93.66999816894531,292.5,29.600000381469727
2020-07-28,896.75,903.0,903.0,893.0,320.0,523.5,41.040000915527344,93.76000213623047,288.8999938964844,29.420000076293945
2020-07-29,891.5,896.75,898.0,891.5,315.5,532.75,41.27000045776367,93.26000213623047,286.8999938964844,29.670000076293945
2020-07-30,891.75,891.0,893.5,884.25,315.75,529.5,39.91999816894531,93.0199966430664,289.79998779296875,29.979999542236328
2020-07-31,897.5,893.5,899.25,893.5,316.0,531.25,40.27000045776367,93.48999786376953,289.29998779296875,30.90999984741211
2020-08-03,897.5,898.5,903.0,893.0,317.5,521.0,41.0099983215332,93.5,287.1000061035156,31.670000076293945
2020-08-04,883.75,893.5,893.5,881.0,308.25,508.25,41.70000076293945,93.37999725341797,283.70001220703125,31.530000686645508
2020-08-05,882.0,884.0,884.0,880.0,311.0,510.75,42.189998626708984,92.83000183105469,282.29998779296875,31.700000762939453
2020-08-06,880.75,882.0,886.0,880.0,311.25,501.25,41.95000076293945,92.79000091552734,280.70001220703125,31.520000457763672
2020-08-07,870.25,878.0,878.75,870.25,307.75,495.5,41.220001220703125,93.44000244140625,280.0,31.350000381469727
2020-08-10,876.5,869.5,878.25,869.5,310.5,491.0,41.939998626708984,93.58000183105469,282.20001220703125,31.190000534057617
2020-08-11,878.0,878.5,879.5,878.0,311.5,495.0,41.61000061035156,93.62999725341797,282.0,31.059999465942383
2020-08-12,890.5,880.75,890.5,878.0,314.5,491.25,42.66999816894531,93.44000244140625,282.20001220703125,32.0
2020-08-13,907.25,894.75,910.5,894.75,325.25,496.75,42.2400016784668,93.33999633789062,290.1000061035156,31.600000381469727
2020-08-14,903.5,903.0,903.5,903.0,324.5,500.0,42.0099983215332,93.0999984741211,289.70001220703125,31.530000686645508
2020-08-17,912.5,899.5,915.0,899.0,331.0,516.5,42.88999938964844,92.8499984741211,298.29998779296875,31.299999237060547
2020-08-18,912.0,912.0,914.75,908.0,327.0,507.5,42.88999938964844,92.2699966430664,296.20001220703125,31.579999923706055
2020-08-19,912.5,910.5,917.75,907.75,325.0,512.0,42.93000030517578,92.88999938964844,295.70001220703125,31.670000076293945
2020-08-20,903.0,911.75,914.0,900.5,324.5,519.5,42.58000183105469,92.79000091552734,293.79998779296875,31.299999237060547
2020-08-21,900.75,904.5,907.75,899.5,327.0,527.25,42.34000015258789,93.25,290.20001220703125,31.40999984741211
2020-08-24,899.75,901.0,907.75,896.75,331.75,520.75,42.619998931884766,93.30000305175781,289.1000061035156,31.65999984741211
2020-08-25,913.75,905.0,914.75,905.0,340.75,527.25,43.349998474121094,93.0199966430664,291.6000061035156,31.979999542236328
2020-08-26,919.5,914.0,920.25,914.0,340.5,532.0,43.38999938964844,93.01000213623047,291.5,32.2400016784668
2020-08-27,937.25,919.75,943.75,919.5,344.25,542.5,43.040000915527344,93.01000213623047,294.8999938964844,33.310001373291016
2020-08-28,950.5,935.75,952.5,935.75,346.0,539.25,42.970001220703125,92.37000274658203,301.6000061035156,33.38999938964844
2020-08-31,951.25,960.25,967.0,950.75,348.5,544.25,42.61000061035156,92.13999938964844,304.6000061035156,32.959999084472656
2020-09-01,955.0,948.0,956.5,945.0,349.5,555.75,42.7599983215332,92.33999633789062,302.79998779296875,33.119998931884766
2020-09-02,962.5,951.5,962.5,947.5,349.75,547.75,41.5099983215332,92.8499984741211,302.29998779296875,33.66999816894531
2020-09-03,968.75,962.5,968.75,962.5,344.5,543.25,41.369998931884766,92.73999786376953,305.20001220703125,33.470001220703125
2020-09-04,969.5,970.0,971.0,969.5,347.25,539.75,39.77000045776367,92.72000122070312,309.79998779296875,33.08000183105469
2020-09-08,973.0,975.75,975.75,965.0,351.0,533.25,36.7599983215332,93.4800033569336,307.20001220703125,33.56999969482422
2020-09-09,979.75,974.25,979.75,974.25,350.0,534.0,38.04999923706055,93.26000213623047,310.8999938964844,33.209999084472656
2020-09-10,985.0,983.5,986.25,982.5,357.25,540.0,37.29999923706055,93.33999633789062,311.1000061035156,33.130001068115234
2020-09-11,1005.5,992.0,1025.0,992.0,365.0,533.75,37.33000183105469,93.33000183105469,318.3999938964844,33.7400016784668
2020-09-14,1019.25,1019.25,1019.25,1019.25,357.5,548.5,37.2599983215332,93.06999969482422,316.20001220703125,34.279998779296875
2020-09-15,991.5,1001.0,1005.75,990.25,366.0,538.25,38.279998779296875,93.05000305175781,314.29998779296875,34.08000183105469
2020-09-16,1011.25,991.0,1013.75,985.0,371.75,542.0,40.15999984741211,93.20999908447266,320.79998779296875,34.939998626708984
2020-09-17,1028.5,1011.5,1032.25,1005.0,375.25,556.25,40.970001220703125,92.97000122070312,330.3999938964844,34.90999984741211
2020-09-18,1043.5,1028.0,1046.75,1027.25,378.5,575.0,41.11000061035156,92.93000030517578,337.3999938964844,35.22999954223633
2020-09-21,1022.5,1041.0,1045.25,1020.5,369.75,554.75,39.310001373291016,93.54000091552734,333.3999938964844,34.27000045776367
2020-09-22,1019.75,1020.25,1037.0,1013.25,369.25,558.0,39.599998474121094,93.98999786376953,337.29998779296875,33.66999816894531
2020-09-23,1014.5,1020.5,1025.5,1011.0,368.5,549.0,39.93000030517578,94.38999938964844,342.1000061035156,32.689998626708984
2020-09-24,1000.0,1012.5,1014.75,997.25,363.5,549.75,40.310001373291016,94.3499984741211,333.79998779296875,32.36000061035156
2020-09-25,1002.5,999.0,1008.0,995.25,365.25,544.25,40.25,94.58000183105469,336.8999938964844,32.84000015258789
2020-09-28,996.25,1002.0,1007.5,991.5,366.75,550.25,40.599998474121094,94.26000213623047,332.6000061035156,33.290000915527344
2020-09-29,993.0,994.0,997.75,985.75,364.75,549.5,39.290000915527344,93.88999938964844,327.29998779296875,32.869998931884766
2020-09-30,1023.5,992.25,1034.75,987.5,379.0,578.0,40.220001220703125,93.88999938964844,339.70001220703125,33.369998931884766
2020-10-01,1023.5,1023.25,1035.0,1021.75,382.75,570.25,38.720001220703125,93.70999908447266,345.0,32.650001525878906
2020-10-02,1020.75,1024.0,1028.0,1013.0,379.75,573.25,37.04999923706055,93.83999633789062,349.3999938964844,31.940000534057617
2020-10-05,1021.5,1019.75,1025.5,1016.0,379.5,584.25,39.220001220703125,93.51000213623047,343.6000061035156,32.810001373291016
2020-10-06,1044.0,1021.5,1053.75,1021.25,385.0,592.75,40.66999816894531,93.83000183105469,354.29998779296875,33.290000915527344
2020-10-07,1051.0,1041.25,1059.75,1037.25,388.75,607.5,39.95000076293945,93.62999725341797,361.0,33.310001373291016
2020-10-08,1050.0,1051.25,1069.0,1048.5,387.0,595.25,41.189998626708984,93.61000061035156,359.20001220703125,33.2400016784668
2020-10-09,1065.5,1050.25,1079.75,1047.0,395.0,593.75,40.599998474121094,93.05999755859375,363.1000061035156,34.150001525878906
2020-10-12,1033.75,1065.25,1073.5,1031.5,389.0,594.25,39.43000030517578,93.06999969482422,356.70001220703125,33.13999938964844
2020-10-13,1044.0,1034.0,1046.0,1032.5,391.25,594.0,40.20000076293945,93.52999877929688,358.5,33.720001220703125
2020-10-14,1056.25,1043.0,1059.75,1039.75,396.5,596.75,41.040000915527344,93.37999725341797,358.3999938964844,33.720001220703125
2020-10-15,1062.25,1057.5,1064.25,1037.25,403.75,618.25,40.959999084472656,93.86000061035156,372.1000061035156,33.16999816894531
2020-10-16,1050.0,1062.75,1070.75,1048.75,402.0,625.25,40.880001068115234,93.68000030517578,367.5,32.9900016784668
2020-10-19,1054.25,1051.25,1058.25,1047.75,405.25,627.0,40.83000183105469,93.43000030517578,373.20001220703125,32.529998779296875
2020-10-20,1064.0,1055.75,1065.75,1051.25,408.75,632.0,41.459999084472656,93.06999969482422,371.8999938964844,33.310001373291016
2020-10-21,1072.0,1065.0,1077.0,1064.25,413.75,629.75,40.029998779296875,92.61000061035156,378.79998779296875,33.20000076293945
2020-10-22,1073.75,1072.25,1085.25,1063.5,416.25,622.75,40.63999938964844,92.94999694824219,382.3999938964844,33.689998626708984
2020-10-23,1083.75,1071.25,1088.5,1065.75,419.25,632.75,39.849998474121094,92.7699966430664,386.3999938964844,34.11000061035156
2020-10-26,1087.75,1083.75,1089.75,1078.0,417.75,620.0,38.560001373291016,93.05000305175781,389.6000061035156,34.459999084472656
2020-10-27,1082.25,1086.0,1094.0,1081.75,416.0,615.75,39.56999969482422,92.94000244140625,384.0,34.11000061035156
2020-10-28,1057.25,1081.75,1081.75,1056.75,401.5,608.75,37.38999938964844,93.41000366210938,376.70001220703125,33.41999816894531
2020-10-29,1051.75,1058.5,1062.25,1051.0,398.5,603.75,36.16999816894531,93.95999908447266,376.8999938964844,33.060001373291016
2020-10-30,1056.5,1051.0,1062.25,1047.0,398.5,598.5,35.790000915527344,94.04000091552734,378.6000061035156,33.61000061035156
2020-11-02,1050.75,1053.5,1053.5,1042.0,397.5,607.5,36.810001373291016,94.05000305175781,375.1000061035156,33.189998626708984
2020-11-03,1059.0,1051.0,1068.5,1051.0,401.0,608.0,37.65999984741211,93.55000305175781,377.20001220703125,33.779998779296875
2020-11-04,1079.0,1061.5,1081.5,1056.25,405.25,606.0,39.150001525878906,93.41000366210938,385.70001220703125,34.38999938964844
2020-11-05,1101.75,1080.0,1111.25,1079.5,409.25,609.25,38.790000915527344,92.52999877929688,387.79998779296875,35.470001220703125
2020-11-06,1098.5,1101.0,1107.5,1095.75,406.75,602.0,37.13999938964844,92.2300033569336,382.3999938964844,35.34000015258789
2020-11-09,1105.0,1097.75,1113.25,1096.75,407.5,597.5,40.290000915527344,92.7300033569336,384.1000061035156,35.47999954223633
2020-11-10,1138.25,1106.75,1145.25,1102.25,423.0,608.5,41.36000061035156,92.75,394.79998779296875,36.060001373291016
2020-11-11,1143.25,1137.0,1150.25,1136.0,417.25,598.0,41.45000076293945,93.04000091552734,392.70001220703125,37.130001068115234
2020-11-12,1137.0,1136.25,1140.75,1132.25,408.25,588.25,41.119998931884766,92.95999908447266,388.1000061035156,37.04999923706055
2020-11-13,1141.5,1139.5,1145.0,1139.5,410.5,593.5,40.130001068115234,92.76000213623047,388.1000061035156,37.130001068115234
2020-11-16,1153.5,1150.25,1155.25,1144.0,416.25,598.0,41.34000015258789,92.56999969482422,389.29998779296875,37.43000030517578
2020-11-17,1169.75,1157.0,1178.25,1156.25,420.25,595.25,41.43000030517578,92.41999816894531,395.79998779296875,37.5
2020-11-18,1175.75,1170.25,1189.75,1167.75,425.75,597.75,41.81999969482422,92.31999969482422,394.8999938964844,38.459999084472656
2020-11-19,1177.5,1174.0,1181.25,1161.75,422.5,591.75,41.7400016784668,92.29000091552734,393.70001220703125,38.810001373291016
2020-11-20,1181.0,1179.0,1196.75,1176.75,423.25,593.25,42.150001525878906,92.38999938964844,394.70001220703125,38.65999984741211
2020-11-23,1191.5,1195.5,1200.0,1186.0,426.5,598.75,43.060001373291016,92.51000213623047,394.8999938964844,38.54999923706055
2020-11-24,1191.25,1190.75,1194.0,1174.0,425.75,611.25,44.90999984741211,92.2300033569336,398.29998779296875,38.060001373291016
2020-11-25,1184.0,1197.5,1198.5,1183.25,420.0,588.25,45.709999084472656,91.98999786376953,396.8999938964844,38.18000030517578
2020-11-27,1191.75,1186.0,1194.0,1179.25,425.5,596.5,45.529998779296875,91.79000091552734,398.5,38.70000076293945
2020-11-30,1168.5,1198.0,1199.0,1168.0,419.75,580.25,45.34000015258789,91.87000274658203,393.1000061035156,37.880001068115234
2020-12-01,1162.0,1169.25,1176.0,1161.25,414.75,565.5,44.54999923706055,91.30999755859375,393.5,37.400001525878906
2020-12-02,1153.0,1163.75,1164.0,1142.5,419.0,578.0,45.279998779296875,91.12000274658203,389.5,37.470001220703125
2020-12-03,1168.25,1154.25,1170.75,1152.0,422.5,571.75,45.63999938964844,90.70999908447266,392.79998779296875,38.68000030517578
2020-12-04,1163.0,1168.0,1172.5,1157.75,417.0,566.5,46.2599983215332,90.69999694824219,388.79998779296875,39.189998626708984
2020-12-07,1158.5,1160.0,1169.0,1149.0,419.5,571.25,45.7599983215332,90.79000091552734,386.5,38.869998931884766
2020-12-08,1145.75,1157.5,1160.25,1142.75,417.0,563.75,45.599998474121094,90.97000122070312,381.70001220703125,38.279998779296875
2020-12-09,1158.5,1146.0,1160.75,1145.5,422.0,577.0,45.52000045776367,91.08999633789062,384.3999938964844,38.7599983215332
2020-12-10,1152.75,1159.75,1178.0,1150.25,420.25,590.25,46.779998779296875,90.79000091552734,381.0,38.959999084472656
2020-12-11,1160.5,1155.25,1162.75,1151.0,424.25,608.25,46.56999969482422,90.9800033569336,384.1000061035156,39.58000183105469
2020-12-14,1169.5,1164.75,1173.0,1161.25,419.25,593.5,46.9900016784668,90.70999908447266,380.79998779296875,40.11000061035156
2020-12-15,1184.25,1170.75,1185.75,1162.0,424.75,599.75,47.619998931884766,90.47000122070312,388.20001220703125,39.189998626708984
2020-12-16,1183.75,1187.0,1195.0,1181.75,427.25,598.5,47.81999969482422,90.44999694824219,394.5,39.04999923706055
2020-12-17,1201.25,1183.25,1203.0,1179.75,432.5,608.75,48.36000061035156,89.81999969482422,397.8999938964844,39.93000030517578
2020-12-18,1220.0,1202.75,1224.75,1201.5,437.5,608.25,49.099998474121094,90.0199966430664,405.5,40.06999969482422
2020-12-21,1243.25,1225.25,1244.0,1213.5,440.0,611.25,47.7400016784668,90.04000091552734,412.29998779296875,39.959999084472656
2020-12-22,1247.25,1244.5,1252.25,1236.75,443.5,617.0,47.02000045776367,90.6500015258789,415.0,40.54999923706055
2020-12-23,1258.75,1248.25,1266.75,1240.5,447.25,629.75,48.119998931884766,90.41000366210938,421.20001220703125,41.349998474121094
2020-12-24,1263.5,1260.25,1274.25,1259.75,451.0,627.0,48.22999954223633,90.33000183105469,416.79998779296875,41.84000015258789
2020-12-28,1255.25,1273.0,1279.5,1245.0,456.5,614.25,47.619998931884766,90.33999633789062,415.29998779296875,41.720001220703125
2020-12-29,1295.5,1253.75,1298.75,1245.0,466.0,618.5,48.0,90.01000213623047,427.0,42.47999954223633
2020-12-30,1303.75,1295.0,1308.25,1279.75,474.5,640.75,48.400001525878906,89.62999725341797,432.3999938964844,42.66999816894531
2020-12-31,1315.25,1302.25,1321.5,1299.25,484.0,640.5,48.52000045776367,89.94000244140625,434.3999938964844,43.33000183105469
2021-01-04,1316.5,1324.0,1349.75,1306.25,483.75,642.0,47.619998931884766,89.87999725341797,427.20001220703125,42.93000030517578
2021-01-05,1350.0,1319.25,1373.5,1319.25,491.75,654.0,49.93000030517578,89.44000244140625,435.3999938964844,44.36000061035156
2021-01-06,1365.25,1359.75,1376.25,1359.75,495.0,647.5,50.630001068115234,89.52999877929688,443.29998779296875,44.38999938964844
2021-01-07,1360.5,1368.0,1368.0,1347.0,494.0,642.25,50.83000183105469,89.83000183105469,438.0,44.349998474121094
2021-01-08,1375.75,1366.5,1383.75,1366.0,496.25,638.75,52.2400016784668,90.0999984741211,444.79998779296875,43.7599983215332
2021-01-11,1374.5,1381.5,1384.5,1360.0,492.25,634.75,52.25,90.54000091552734,451.79998779296875,43.130001068115234
2021-01-12,1422.0,1377.25,1430.0,1367.5,517.25,665.0,53.209999084472656,90.05000305175781,471.20001220703125,43.130001068115234
2021-01-13,1411.0,1433.5,1438.25,1410.75,524.5,660.5,52.90999984741211,90.31999969482422,462.3999938964844,42.68000030517578
2021-01-14,1436.5,1413.0,1436.5,1413.0,534.25,670.0,53.56999969482422,90.23999786376953,464.8999938964844,43.27000045776367
2021-01-15,1416.75,1432.25,1434.5,1413.5,531.5,675.5,52.36000061035156,90.77999877929688,463.20001220703125,41.849998474121094
2021-01-19,1385.75,1419.0,1421.25,1383.25,526.0,672.25,52.97999954223633,90.5,450.5,41.70000076293945
2021-01-20,1369.5,1384.5,1384.5,1352.0,522.0,667.75,53.2400016784668,90.47000122070312,442.3999938964844,42.540000915527344
2021-01-21,1370.25,1369.0,1387.0,1365.5,524.25,660.75,53.130001068115234,90.12999725341797,438.20001220703125,43.43000030517578
2021-01-22,1311.75,1367.0,1367.0,1305.25,500.5,634.5,52.27000045776367,90.23999786376953,421.6000061035156,42.27000045776367
2021-01-25,1343.5,1308.75,1352.25,1298.0,511.5,648.5,52.77000045776367,90.38999938964844,429.6000061035156,42.939998626708984
2021-01-26,1370.25,1348.25,1376.5,1333.5,532.25,665.25,52.61000061035156,90.16999816894531,436.5,43.90999984741211
2021-01-27,1374.75,1376.0,1394.75,1364.5,534.0,658.25,52.849998474121094,90.6500015258789,436.6000061035156,44.52000045776367
2021-01-28,1353.25,1371.75,1391.25,1345.5,534.5,647.0,52.34000015258789,90.45999908447266,427.1000061035156,44.650001525878906
2021-01-29,1370.0,1353.25,1376.75,1335.5,547.0,663.0,52.20000076293945,90.58000183105469,431.0,44.619998931884766
2021-02-01,1365.25,1375.0,1383.0,1349.25,549.25,651.0,53.54999923706055,91.0199966430664,430.5,44.970001220703125
2021-02-02,1354.75,1366.0,1372.0,1341.5,543.0,644.75,54.7599983215332,91.19999694824219,428.0,44.31999969482422
2021-02-03,1371.25,1354.5,1372.5,1342.5,552.0,648.25,55.689998626708984,91.12000274658203,435.5,44.47999954223633
2021-02-04,1372.5,1374.0,1381.5,1364.5,550.0,637.5,56.22999954223633,91.52999877929688,433.1000061035156,44.939998626708984
2021-02-05,1366.75,1370.75,1382.75,1365.5,548.5,641.25,56.849998474121094,91.04000091552734,430.5,44.65999984741211
2021-02-08,1387.75,1368.75,1392.5,1364.75,563.75,655.75,57.970001220703125,90.93000030517578,436.6000061035156,45.630001068115234
2021-02-09,1401.75,1391.0,1409.5,1377.5,556.25,649.5,58.36000061035156,90.44000244140625,438.70001220703125,46.52000045776367
2021-02-10,1354.0,1404.5,1404.75,1352.25,534.5,635.5,58.68000030517578,90.37000274658203,422.29998779296875,45.689998626708984
2021-02-11,1367.5,1352.75,1379.75,1337.25,541.0,633.5,58.2400016784668,90.41999816894531,428.8999938964844,45.630001068115234
2021-02-12,1372.0,1368.5,1377.25,1362.0,538.75,636.75,59.470001220703125,90.4800033569336,427.20001220703125,46.040000915527344
2021-02-16,1384.75,1385.75,1394.0,1373.75,552.25,657.5,60.04999923706055,90.51000213623047,428.3999938964844,47.27000045776367
2021-02-17,1383.75,1386.25,1390.0,1376.25,553.0,644.0,61.13999938964844,90.94999694824219,431.70001220703125,46.77000045776367
2021-02-18,1375.0,1385.0,1391.25,1370.0,550.25,662.5,60.52000045776367,90.58999633789062,425.8999938964844,46.90999984741211
2021-02-19,1377.25,1376.25,1388.75,1366.5,542.75,650.75,59.2400016784668,90.36000061035156,424.29998779296875,47.54999923706055
2021-02-22,1383.75,1384.75,1388.5,1371.0,551.0,664.0,61.4900016784668,90.01000213623047,423.1000061035156,47.900001525878906
2021-02-23,1406.0,1383.75,1425.0,1380.75,553.75,665.75,61.66999816894531,90.16999816894531,426.5,49.2599983215332
2021-02-24,1423.75,1407.25,1426.5,1406.75,559.25,680.25,63.220001220703125,90.18000030517578,428.29998779296875,51.13999938964844
2021-02-25,1406.0,1423.5,1443.0,1391.75,554.75,671.75,63.529998779296875,90.12999725341797,424.1000061035156,50.959999084472656
2021-02-26,1405.25,1404.0,1408.25,1380.0,555.5,655.0,61.5,90.93000030517578,423.20001220703125,51.34000015258789
2021-03-01,1392.5,1415.75,1422.0,1392.0,547.5,643.75,60.63999938964844,91.04000091552734,420.20001220703125,50.77000045776367
2021-03-02,1414.0,1395.0,1416.0,1383.5,560.75,663.25,59.75,90.79000091552734,423.29998779296875,51.27000045776367
2021-03-03,1410.75,1412.0,1417.5,1400.25,550.25,652.0,61.279998779296875,90.94999694824219,420.20001220703125,51.349998474121094
2021-03-04,1415.25,1418.75,1441.0,1409.5,546.25,649.75,63.83000183105469,91.62999725341797,418.1000061035156,52.380001068115234
2021-03-05,1434.25,1414.25,1437.25,1414.25,562.0,654.0,66.08999633789062,91.9800033569336,420.0,53.380001068115234
2021-03-08,1437.75,1447.0,1453.5,1436.0,565.0,646.5,65.05000305175781,92.30999755859375,418.29998779296875,54.060001373291016
2021-03-09,1441.25,1442.25,1443.5,1430.0,562.0,656.5,64.01000213623047,91.95999908447266,419.20001220703125,55.150001525878906
2021-03-10,1411.5,1441.25,1441.5,1411.25,547.75,650.75,64.44000244140625,91.79000091552734,410.1000061035156,55.36000061035156
2021-03-11,1415.5,1407.75,1421.75,1407.75,555.0,636.25,66.0199966430664,91.41999816894531,402.0,56.459999084472656
2021-03-12,1415.75,1425.0,1425.0,1395.75,549.25,631.75,65.61000061035156,91.68000030517578,396.29998779296875,56.88999938964844
2021-03-15,1419.5,1409.25,1423.75,1402.0,549.5,645.0,65.38999938964844,91.83000183105469,407.3999938964844,55.09000015258789
2021-03-16,1423.25,1420.0,1425.0,1412.75,554.25,647.0,64.80000305175781,91.87000274658203,406.1000061035156,55.09000015258789
2021-03-17,1417.75,1424.0,1425.25,1408.0,558.0,640.0,64.5999984741211,91.4000015258789,404.8999938964844,54.599998474121094
2021-03-18,1392.25,1417.25,1419.0,1390.5,546.5,630.5,60.0,91.8499984741211,398.20001220703125,53.52000045776367
2021-03-19,1416.25,1391.0,1418.25,1390.0,557.75,627.0,61.41999816894531,91.91999816894531,407.8999938964844,53.869998931884766
2021-03-22,1417.5,1418.75,1423.75,1405.25,549.0,627.25,61.54999923706055,91.80000305175781,396.6000061035156,56.369998931884766
2021-03-23,1423.25,1418.75,1435.0,1414.25,551.25,634.75,57.7599983215332,92.33999633789062,398.79998779296875,57.02000045776367
2021-03-24,1432.75,1421.75,1433.5,1418.25,553.25,624.75,61.18000030517578,92.52999877929688,401.0,57.47999954223633
2021-03-25,1414.25,1430.75,1431.75,1410.5,546.5,612.5,58.560001373291016,92.87999725341797,404.6000061035156,54.97999954223633
2021-03-26,1400.5,1414.0,1419.0,1399.0,552.5,613.25,60.970001220703125,92.7699966430664,404.0,52.47999954223633
2021-03-29,1393.0,1400.5,1402.75,1383.0,546.75,616.75,61.560001373291016,92.94000244140625,398.1000061035156,52.959999084472656
2021-03-30,1366.75,1393.0,1394.75,1364.25,539.25,601.75,60.54999923706055,93.30000305175781,398.20001220703125,50.459999084472656
2021-03-31,1436.75,1368.75,1436.75,1364.75,564.25,618.0,59.15999984741211,93.2300033569336,423.20001220703125,52.91999816894531
2021-04-01,1402.0,1444.0,1456.25,1398.5,559.75,611.0,61.45000076293945,92.93000030517578,410.20001220703125,52.130001068115234
2021-04-05,1412.75,1410.0,1421.0,1405.25,553.25,618.0,58.650001525878906,92.5999984741211,406.29998779296875,52.810001373291016
2021-04-06,1418.75,1412.75,1431.0,1412.5,554.25,615.5,59.33000183105469,92.33999633789062,406.3999938964844,53.91999816894531
2021-04-07,1408.75,1420.5,1427.5,1403.75,560.5,616.25,59.77000045776367,92.45999908447266,409.1000061035156,52.849998474121094
2021-04-08,1415.25,1408.75,1422.5,1404.5,579.75,628.75,59.599998474121094,92.05999755859375,406.79998779296875,53.380001068115234
2021-04-09,1403.0,1416.0,1419.0,1400.75,577.25,638.75,59.31999969482422,92.16000366210938,401.20001220703125,52.849998474121094
2021-04-12,1382.0,1403.25,1407.25,1379.5,569.0,628.0,59.70000076293945,92.13999938964844,401.8999938964844,51.45000076293945
2021-04-13,1389.5,1385.25,1398.75,1378.0,580.0,629.75,60.18000030517578,91.8499984741211,395.0,53.029998779296875
2021-04-14,1410.0,1391.5,1416.25,1389.25,594.0,648.0,63.150001525878906,91.69000244140625,398.20001220703125,54.2400016784668
2021-04-15,1418.25,1410.0,1421.0,1407.5,590.0,653.75,63.459999084472656,91.66999816894531,401.8999938964844,54.88999938964844
2021-04-16,1433.25,1419.0,1437.75,1418.0,585.5,652.5,63.130001068115234,91.55999755859375,402.20001220703125,56.33000183105469
2021-04-19,1449.75,1439.75,1454.5,1434.75,592.0,652.25,63.380001068115234,91.06999969482422,407.5,56.27000045776367
2021-04-20,1472.0,1450.5,1485.5,1450.0,606.5,659.75,62.439998626708984,91.23999786376953,410.3999938964844,58.31999969482422
2021-04-21,1497.25,1475.0,1499.75,1467.5,625.5,673.25,61.349998474121094,91.16000366210938,412.29998779296875,60.189998626708984
2021-04-22,1533.25,1498.75,1543.0,1498.25,650.5,710.25,61.43000030517578,91.33000183105469,422.0,62.52000045776367
2021-04-23,1539.75,1534.0,1549.75,1520.0,655.5,710.25,62.13999938964844,90.86000061035156,422.3999938964844,62.709999084472656
2021-04-26,1569.0,1548.75,1573.0,1540.5,680.5,739.5,61.90999984741211,90.80999755859375,428.79998779296875,65.20999908447266
2021-04-27,1549.75,1572.25,1608.75,1548.0,695.5,733.75,62.939998626708984,90.91000366210938,425.5,66.44999694824219
2021-04-28,1557.75,1545.25,1589.0,1524.25,686.25,725.25,63.86000061035156,90.61000061035156,421.29998779296875,68.94999694824219
2021-04-29,1542.5,1549.0,1573.75,1538.0,702.0,737.5,65.01000213623047,90.61000061035156,422.6000061035156,65.98999786376953
2021-04-30,1571.0,1534.0,1573.5,1527.5,740.0,742.5,63.58000183105469,91.27999877929688,426.0,68.45999908447266
2021-05-03,1560.25,1579.0,1600.0,1553.5,732.25,725.5,64.48999786376953,90.94999694824219,416.20001220703125,68.30999755859375
2021-05-04,1577.0,1571.0,1590.75,1571.0,744.75,737.0,65.69000244140625,91.29000091552734,423.5,67.94999694824219
2021-05-05,1582.0,1591.25,1591.25,1573.75,753.25,755.75,65.62999725341797,91.30999755859375,424.29998779296875,66.73999786376953
2021-05-06,1605.5,1590.5,1609.0,1589.75,759.5,764.25,64.70999908447266,90.94999694824219,427.70001220703125,66.25
2021-05-07,1621.0,1614.5,1630.25,1602.5,772.75,773.5,64.9000015258789,90.2300033569336,442.5,66.37999725341797
2021-05-10,1620.0,1621.0,1627.0,1613.25,748.0,742.5,64.91999816894531,90.20999908447266,444.3999938964844,66.0999984741211
2021-05-11,1637.5,1614.5,1650.25,1608.25,759.5,759.75,65.27999877929688,90.13999938964844,449.5,67.05999755859375
2021-05-12,1660.5,1666.25,1677.25,1660.25,757.5,754.75,66.08000183105469,90.70999908447266,450.8999938964844,68.66000366210938
2021-05-13,1612.25,1657.0,1657.0,1598.0,719.0,726.5,63.81999969482422,90.75,423.5,68.04000091552734
2021-05-14,1603.75,1625.0,1625.0,1603.75,685.0,727.25,65.37000274658203,90.31999969482422,423.5,68.41000366210938
2021-05-17,1587.5,1584.75,1603.25,1575.5,652.5,699.75,66.2699966430664,90.22000122070312,414.8999938964844,68.97000122070312
2021-05-18,1574.25,1588.25,1604.75,1569.0,658.25,698.0,65.48999786376953,89.75,410.79998779296875,68.66999816894531
2021-05-19,1538.25,1576.0,1576.25,1522.0,658.25,679.25,63.36000061035156,90.19000244140625,403.20001220703125,66.47000122070312
2021-05-20,1533.25,1547.0,1553.75,1523.0,664.5,675.25,62.04999923706055,89.80999755859375,401.1000061035156,65.76000213623047
2021-05-21,1526.25,1534.0,1540.75,1512.25,659.5,674.25,63.58000183105469,90.0199966430664,398.8999938964844,65.48999786376953
2021-05-24,1522.75,1520.75,1525.75,1506.25,657.25,662.25,66.05000305175781,89.83000183105469,400.20001220703125,65.12999725341797
2021-05-25,1511.75,1523.75,1538.25,1499.0,620.25,656.5,66.06999969482422,89.63999938964844,386.29998779296875,66.69000244140625
2021-05-26,1503.5,1512.5,1525.5,1489.25,624.5,648.5,66.20999908447266,90.04000091552734,383.79998779296875,65.68000030517578
2021-05-27,1537.0,1508.0,1539.25,1492.0,664.5,676.25,66.8499984741211,89.97000122070312,390.29998779296875,66.80999755859375
2021-05-28,1530.5,1538.0,1555.75,1522.75,656.75,663.5,66.31999969482422,90.02999877929688,395.5,65.79000091552734
2021-06-01,1548.5,1542.0,1578.5,1537.25,688.75,693.5,67.72000122070312,89.83000183105469,398.70001220703125,67.38999938964844
2021-06-02,1562.5,1546.0,1567.75,1541.75,675.0,687.5,68.83000183105469,89.9000015258789,394.0,70.37999725341797
2021-06-03,1549.25,1565.5,1589.0,1543.5,662.0,676.25,68.80999755859375,90.5,391.6000061035156,68.8499984741211
2021-06-04,1583.75,1548.25,1587.0,1545.25,682.75,687.75,69.62000274658203,90.13999938964844,396.20001220703125,71.33999633789062
2021-06-07,1560.25,1599.75,1623.5,1558.5,679.25,680.0,69.2300033569336,89.94999694824219,386.8999938964844,70.83000183105469
2021-06-08,1580.0,1571.0,1597.5,1561.5,680.0,685.0,70.05000305175781,90.08000183105469,389.79998779296875,72.08000183105469
2021-06-09,1562.5,1584.25,1586.75,1550.0,690.75,682.25,69.95999908447266,90.12000274658203,386.3999938964844,71.58999633789062
2021-06-10,1544.0,1562.5,1576.5,1537.25,699.0,683.75,70.29000091552734,90.08000183105469,381.6000061035156,70.45999908447266
2021-06-11,1508.5,1544.5,1551.25,1496.5,684.5,680.75,70.91000366210938,90.55999755859375,383.29998779296875,66.9800033569336
2021-06-14,1472.25,1504.25,1504.25,1455.0,659.25,674.5,70.87999725341797,90.5199966430664,373.8999938964844,65.95999908447266
2021-06-15,1465.75,1483.5,1488.25,1460.0,667.5,661.5,72.12000274658203,90.54000091552734,372.3999938964844,65.56999969482422
2021-06-16,1448.5,1468.25,1475.0,1442.5,673.0,662.75,72.1500015258789,91.12999725341797,379.20001220703125,62.06999969482422
2021-06-17,1329.75,1443.0,1450.0,1323.5,633.0,639.0,71.04000091552734,91.88999938964844,361.5,56.56999969482422
2021-06-18,1396.0,1330.75,1408.25,1330.75,655.25,662.75,71.63999938964844,92.2300033569336,373.3999938964844,58.119998931884766
2021-06-21,1415.0,1374.0,1422.5,1370.0,659.25,661.5,73.66000366210938,91.86000061035156,373.1000061035156,60.33000183105469
2021-06-22,1394.5,1420.0,1427.25,1393.25,659.75,651.0,73.05999755859375,91.7300033569336,363.29998779296875,60.66999816894531
2021-06-23,1385.0,1392.0,1406.75,1381.0,664.25,661.25,73.08000183105469,91.80000305175781,354.20001220703125,62.130001068115234
2021-06-24,1371.25,1382.5,1385.0,1345.75,653.25,651.25,73.30000305175781,91.81999969482422,345.79998779296875,62.70000076293945
2021-06-25,1329.75,1369.5,1384.75,1325.75,636.5,637.0,74.05000305175781,91.80999755859375,347.20001220703125,59.709999084472656
2021-06-28,1357.0,1329.75,1365.5,1326.0,675.5,646.0,72.91000366210938,91.87999725341797,351.6000061035156,62.310001373291016
2021-06-29,1359.75,1370.0,1372.5,1348.0,694.5,639.75,72.9800033569336,92.05000305175781,348.3999938964844,64.1500015258789
2021-06-30,1450.0,1360.0,1454.25,1336.25,720.0,671.5,73.47000122070312,92.44000244140625,375.5,65.16000366210938
2021-07-01,1446.75,1450.25,1480.0,1438.0,719.75,658.5,75.2300033569336,92.5999984741211,381.79998779296875,65.04000091552734
2021-07-02,1451.75,1447.0,1465.0,1441.75,697.25,645.75,75.16000366210938,92.2300033569336,379.8999938964844,66.81999969482422
2021-07-06,1363.75,1420.0,1420.0,1353.0,656.0,620.0,73.37000274658203,92.55000305175781,355.0,63.83000183105469
2021-07-07,1386.5,1399.0,1402.0,1366.75,652.5,614.75,72.19999694824219,92.63999938964844,357.20001220703125,64.76000213623047
2021-07-08,1390.25,1380.75,1398.75,1380.75,638.0,612.25,72.94000244140625,92.36000061035156,355.29998779296875,64.25
2021-07-09,1404.0,1387.5,1404.5,1387.5,629.75,608.5,74.55999755859375,92.12999725341797,352.5,62.40999984741211
2021-07-12,1432.5,1408.75,1432.5,1408.75,669.25,635.0,74.0999984741211,92.2300033569336,354.8999938964844,64.98999786376953
2021-07-13,1438.0,1436.0,1449.25,1434.0,677.0,628.75,75.25,92.75,355.1000061035156,66.62999725341797
2021-07-14,1467.75,1438.0,1475.75,1438.0,683.0,645.0,73.12999725341797,92.41000366210938,366.6000061035156,66.62999725341797
2021-07-15,1447.5,1453.25,1461.0,1440.75,564.25,672.0,71.6500015258789,92.62000274658203,362.70001220703125,67.30999755859375
2021-07-16,1454.75,1449.5,1473.75,1444.0,556.0,692.5,71.80999755859375,92.69000244140625,363.20001220703125,68.30999755859375
2021-07-19,1428.0,1475.0,1480.0,1426.25,556.0,697.75,66.41999816894531,92.88999938964844,359.79998779296875,66.69000244140625
2021-07-20,1443.5,1434.25,1452.75,1429.25,571.75,700.5,67.41999816894531,92.97000122070312,365.5,67.0199966430664
2021-07-21,1439.25,1449.25,1451.5,1428.75,571.75,710.75,70.30000305175781,92.75,369.79998779296875,65.45999908447266
2021-07-22,1416.25,1439.75,1440.25,1391.25,564.5,692.25,71.91000366210938,92.81999969482422,363.20001220703125,65.0
2021-07-23,1401.0,1418.25,1419.75,1396.0,547.25,684.0,72.06999969482422,92.91000366210938,353.6000061035156,65.66000366210938
2021-07-26,1412.75,1405.0,1415.5,1380.0,549.75,677.0,71.91000366210938,92.6500015258789,353.6000061035156,66.43000030517578
2021-07-27,1418.25,1419.25,1442.75,1412.5,548.75,674.5,71.6500015258789,92.43000030517578,358.79998779296875,66.26000213623047
2021-07-28,1432.0,1422.75,1435.75,1410.5,549.25,688.75,72.38999938964844,92.31999969482422,356.1000061035156,66.55000305175781
2021-07-29,1434.25,1431.75,1449.75,1427.75,558.0,705.25,73.62000274658203,91.86000061035156,356.5,66.93000030517578
2021-07-30,1414.75,1435.0,1441.0,1405.75,547.0,703.75,73.94999694824219,92.16999816894531,352.6000061035156,65.81999969482422
2021-08-02,1418.75,1419.25,1425.5,1404.0,558.75,729.5,71.26000213623047,92.05000305175781,357.20001220703125,64.62000274658203
2021-08-03,1392.25,1409.0,1412.0,1380.5,550.5,724.5,70.55999755859375,92.08000183105469,347.79998779296875,63.27000045776367
2021-08-04,1403.5,1390.25,1406.5,1390.25,545.75,717.25,68.1500015258789,92.2699966430664,353.1000061035156,62.77000045776367
2021-08-05,1402.5,1403.5,1415.0,1393.5,555.75,712.75,69.08999633789062,92.23999786376953,356.8999938964844,62.470001220703125
2021-08-06,1422.25,1398.5,1422.25,1398.5,555.0,719.0,68.27999877929688,92.80000305175781,358.79998779296875,63.40999984741211
2021-08-09,1433.75,1426.0,1443.75,1418.5,550.25,711.25,66.4800033569336,92.94999694824219,359.6000061035156,65.72000122070312
2021-08-10,1447.5,1439.5,1460.75,1439.5,549.25,727.0,68.29000091552734,93.05999755859375,360.29998779296875,65.41000366210938
2021-08-11,1405.5,1448.5,1466.0,1403.0,556.25,727.0,69.25,92.91000366210938,355.3999938964844,63.529998779296875
2021-08-12,1401.5,1411.0,1428.75,1394.75,567.0,753.5,69.08999633789062,93.04000091552734,355.3999938964844,63.5099983215332
2021-08-13,1424.25,1408.75,1434.5,1408.75,568.25,762.25,68.44000244140625,92.5199966430664,358.1000061035156,63.5099983215332
2021-08-16,1376.0,1373.25,1385.5,1367.75,564.75,760.5,67.29000091552734,92.62999725341797,359.3999938964844,63.290000915527344
2021-08-17,1369.0,1379.5,1386.5,1365.0,558.25,734.5,66.58999633789062,93.12999725341797,360.1000061035156,62.540000915527344
2021-08-18,1358.25,1370.0,1372.75,1352.75,561.75,737.25,65.45999908447266,93.13999938964844,357.6000061035156,61.93000030517578
2021-08-19,1323.0,1358.0,1358.0,1316.75,550.0,727.5,63.689998626708984,93.56999969482422,351.5,60.599998474121094
2021-08-20,1293.75,1324.25,1337.25,1281.5,538.75,714.25,62.31999969482422,93.5,353.29998779296875,57.4900016784668
2021-08-23,1294.0,1293.0,1311.75,1290.5,538.0,719.75,65.63999938964844,92.95999908447266,346.6000061035156,59.25
2021-08-24,1337.0,1301.25,1343.5,1294.25,544.5,718.0,67.54000091552734,92.88999938964844,354.8999938964844,61.09000015258789
2021-08-25,1346.0,1337.0,1355.5,1329.0,551.25,711.25,68.36000061035156,92.83000183105469,352.29998779296875,61.88999938964844
2021-08-26,1367.5,1345.0,1373.75,1341.5,552.75,725.25,67.41999816894531,93.05999755859375,356.5,61.33000183105469
2021-08-27,1359.25,1364.25,1368.25,1324.0,558.0,718.5,68.73999786376953,92.69000244140625,354.20001220703125,61.29999923706055
2021-08-30,1304.75,1357.25,1359.25,1297.0,540.25,708.75,69.20999908447266,92.6500015258789,347.6000061035156,60.279998779296875
2021-08-31,1298.75,1310.0,1312.75,1293.0,534.0,706.75,68.5,92.62999725341797,346.3999938964844,59.36000061035156
2021-09-01,1277.75,1291.5,1291.5,1272.5,515.5,701.0,68.58999633789062,92.44999694824219,343.70001220703125,58.310001373291016
2021-09-02,1279.25,1275.5,1284.0,1269.25,516.25,704.0,69.98999786376953,92.2300033569336,337.8999938964844,59.0099983215332
2021-09-03,1283.0,1290.5,1290.5,1283.0,508.0,714.5,69.29000091552734,92.04000091552734,340.8999938964844,59.0
2021-09-07,1268.75,1288.0,1292.0,1268.75,495.75,708.75,68.3499984741211,92.5199966430664,337.29998779296875,57.7599983215332
2021-09-08,1270.75,1270.75,1272.25,1269.5,498.25,698.25,69.30000305175781,92.6500015258789,337.3999938964844,57.45000076293945
2021-09-09,1258.75,1260.0,1267.25,1258.0,496.0,681.5,68.13999938964844,92.4800033569336,336.29998779296875,56.02000045776367
2021-09-10,1275.25,1261.25,1280.5,1259.0,502.75,675.0,69.72000122070312,92.58000183105469,342.0,55.7400016784668
2021-09-13,1272.5,1271.75,1272.5,1271.75,496.75,674.5,70.44999694824219,92.62000274658203,344.70001220703125,55.79999923706055
2021-09-14,1276.5,1283.5,1283.5,1276.5,503.0,685.0,70.45999908447266,92.6500015258789,341.20001220703125,56.68000030517578
2021-09-15,1294.5,1283.5,1296.0,1276.0,533.5,712.25,72.61000061035156,92.48999786376953,335.8999938964844,58.310001373291016
2021-09-16,1296.0,1296.5,1308.0,1291.25,529.5,713.0,72.61000061035156,92.86000061035156,340.20001220703125,56.83000183105469
2021-09-17,1284.0,1295.5,1298.5,1278.25,527.25,708.75,71.97000122070312,93.19999694824219,338.5,56.290000915527344
2021-09-20,1262.5,1285.0,1286.0,1262.0,521.75,700.75,70.29000091552734,93.23999786376953,336.1000061035156,54.90999984741211
2021-09-21,1274.0,1263.0,1275.5,1257.5,517.0,690.25,70.55999755859375,93.19999694824219,337.8999938964844,55.31999969482422
2021-09-22,1282.75,1274.5,1285.0,1270.25,525.5,705.75,72.2300033569336,93.45999908447266,337.8999938964844,56.38999938964844
2021-09-23,1284.25,1282.5,1290.25,1275.75,529.25,717.75,73.30000305175781,93.0999984741211,336.6000061035156,57.099998474121094
2021-09-24,1285.0,1283.25,1290.0,1278.25,526.75,723.75,73.9800033569336,93.33000183105469,336.1000061035156,57.970001220703125
2021-09-27,1287.5,1284.0,1297.0,1282.0,539.5,722.25,75.44999694824219,93.37999725341797,337.29998779296875,58.29999923706055
2021-09-28,1277.0,1286.75,1287.0,1275.0,532.5,706.5,75.29000091552734,93.7699966430664,337.29998779296875,57.77000045776367
2021-09-29,1283.75,1276.25,1288.5,1272.75,539.0,710.25,74.83000183105469,94.33999633789062,338.1000061035156,57.779998779296875
2021-09-30,1256.0,1282.0,1295.0,1249.0,536.75,725.5,75.02999877929688,94.25,326.20001220703125,58.790000915527344
2021-10-01,1246.5,1255.0,1262.25,1242.0,541.5,755.25,75.87999725341797,94.04000091552734,325.0,58.61000061035156
2021-10-04,1235.75,1242.75,1247.75,1235.0,540.75,756.5,77.62000274658203,93.80999755859375,322.1000061035156,58.56999969482422
2021-10-05,1250.5,1234.25,1256.25,1231.0,537.5,744.75,78.93000030517578,93.9800033569336,320.20001220703125,60.88999938964844
2021-10-06,1242.0,1250.0,1255.5,1239.25,532.25,746.0,77.43000030517578,94.2699966430664,321.6000061035156,60.06999969482422
2021-10-07,1247.25,1242.0,1249.5,1233.5,534.0,741.25,78.30000305175781,94.22000122070312,318.79998779296875,61.900001525878906
2021-10-08,1243.0,1246.5,1262.5,1242.0,530.5,734.0,79.3499984741211,94.06999969482422,317.5,61.33000183105469
2021-10-11,1228.25,1240.5,1251.25,1227.0,533.0,731.75,80.5199966430664,94.31999969482422,316.20001220703125,60.290000915527344
2021-10-12,1198.25,1226.5,1230.75,1194.75,522.5,734.0,80.63999938964844,94.5199966430664,312.8999938964844,58.619998931884766
2021-10-13,1195.25,1198.5,1211.25,1184.5,512.25,718.75,80.44000244140625,94.08000183105469,313.3999938964844,59.36000061035156
2021-10-14,1206.25,1196.0,1207.75,1193.5,516.75,724.75,81.30999755859375,93.95999908447266,317.1000061035156,59.939998626708984
2021-10-15,1217.75,1205.75,1221.0,1202.0,525.75,734.0,82.27999877929688,93.94000244140625,316.6000061035156,61.290000915527344
2021-10-18,1221.5,1218.0,1225.25,1210.0,532.75,736.25,82.44000244140625,93.94999694824219,317.8999938964844,62.02000045776367
2021-10-19,1228.0,1220.5,1239.25,1216.25,530.25,736.0,82.95999908447266,93.79000091552734,322.6000061035156,62.38999938964844
2021-10-20,1245.5,1227.75,1249.5,1224.75,539.25,749.25,83.87000274658203,93.55999755859375,328.3999938964844,64.69999694824219
2021-10-21,1224.0,1243.25,1249.5,1222.0,532.25,741.25,82.5,93.7699966430664,324.0,62.58000183105469
2021-10-22,1220.5,1224.0,1230.5,1217.0,538.0,756.0,83.76000213623047,93.61000061035156,327.3999938964844,62.09000015258789
2021-10-25,1237.25,1218.75,1238.25,1216.0,538.0,759.5,83.76000213623047,93.80999755859375,327.20001220703125,63.13999938964844
2021-10-26,1238.0,1236.25,1246.25,1230.0,543.5,752.25,84.6500015258789,93.94999694824219,326.8999938964844,62.310001373291016
2021-10-27,1239.25,1237.25,1257.5,1227.0,557.25,759.75,82.66000366210938,93.86000061035156,330.8999938964844,61.41999816894531
2021-10-28,1233.75,1238.5,1249.5,1229.5,562.75,772.5,82.80999755859375,93.3499984741211,330.8999938964844,60.869998931884766
2021-10-29,1235.75,1230.25,1242.0,1227.75,568.25,772.75,83.56999969482422,94.12000274658203,332.6000061035156,61.27000045776367
2021-11-01,1236.75,1236.25,1246.5,1225.0,579.0,797.25,84.05000305175781,93.87999725341797,329.1000061035156,61.970001220703125
2021-11-02,1244.0,1236.5,1250.25,1234.75,573.0,791.5,83.91000366210938,94.08999633789062,337.20001220703125,61.9900016784668
2021-11-03,1231.5,1242.25,1245.0,1228.5,564.0,781.0,80.86000061035156,93.86000061035156,340.79998779296875,61.029998779296875
2021-11-04,1209.25,1230.5,1233.25,1205.5,559.25,773.75,78.80999755859375,94.3499984741211,335.79998779296875,59.58000183105469
2021-11-05,1192.25,1210.0,1211.25,1191.0,553.0,766.5,81.2699966430664,94.31999969482422,332.70001220703125,58.779998779296875
2021-11-08,1178.0,1190.0,1196.0,1177.75,551.5,768.0,81.93000030517578,94.05000305175781,331.79998779296875,58.04999923706055
2021-11-09,1199.5,1178.0,1213.75,1171.25,554.75,778.5,84.1500015258789,93.95999908447266,342.5,58.470001220703125
2021-11-10,1203.5,1200.0,1209.75,1198.5,569.25,803.0,81.33999633789062,94.8499984741211,342.3999938964844,59.13999938964844
2021-11-11,1212.25,1204.5,1217.0,1200.0,569.5,812.5,81.58999633789062,95.18000030517578,344.5,59.13999938964844
2021-11-12,1234.0,1215.0,1237.75,1215.0,577.25,817.0,80.79000091552734,95.12999725341797,362.1000061035156,58.970001220703125
2021-11-15,1257.25,1242.25,1259.75,1238.0,576.5,826.25,80.87999725341797,95.41000366210938,371.70001220703125,58.20000076293945
2021-11-16,1251.25,1255.75,1261.5,1248.5,571.0,810.25,80.76000213623047,95.91999816894531,367.5,59.16999816894531
2021-11-17,1277.0,1252.0,1289.25,1250.75,575.25,822.25,78.36000061035156,95.83000183105469,374.70001220703125,59.22999954223633
2021-11-18,1265.25,1276.5,1287.25,1262.75,573.0,820.0,79.01000213623047,95.54000091552734,370.3999938964844,59.16999816894531
2021-11-19,1263.25,1265.5,1277.25,1257.0,570.75,823.0,76.0999984741211,96.06999969482422,371.79998779296875,58.15999984741211
2021-11-22,1274.25,1264.25,1279.5,1260.0,576.75,845.75,76.75,96.5,370.0,59.40999984741211
2021-11-23,1273.0,1274.25,1279.25,1263.0,580.5,856.0,78.5,96.48999786376953,362.20001220703125,60.13999938964844
2021-11-24,1266.5,1273.75,1281.0,1263.25,579.75,836.75,78.38999938964844,96.83999633789062,357.6000061035156,60.939998626708984
2021-11-26,1252.75,1252.0,1254.0,1240.25,586.75,825.5,68.1500015258789,96.08999633789062,356.20001220703125,59.02000045776367
2021-11-29,1241.5,1260.75,1268.5,1240.75,581.0,807.5,69.94999694824219,96.33999633789062,347.70001220703125,58.2599983215332
2021-11-30,1217.25,1241.5,1244.75,1214.25,567.0,773.75,66.18000030517578,95.98999786376953,348.79998779296875,55.11000061035156
2021-12-01,1228.25,1222.0,1237.0,1216.25,572.0,778.5,65.56999969482422,96.05000305175781,356.5,55.04999923706055
2021-12-02,1244.25,1229.75,1249.0,1221.0,577.0,806.5,66.5,96.12999725341797,358.0,56.22999954223633
2021-12-03,1267.25,1244.5,1270.0,1244.25,586.0,794.5,66.26000213623047,96.12000274658203,367.70001220703125,57.099998474121094
2021-12-06,1261.5,1271.75,1274.75,1254.5,583.5,797.0,69.48999786376953,96.29000091552734,359.70001220703125,57.790000915527344
2021-12-07,1250.25,1262.25,1268.5,1243.0,586.25,799.25,72.05000305175781,96.37000274658203,358.8999938964844,57.040000915527344
2021-12-08,1261.0,1252.25,1264.0,1238.25,584.75,791.25,72.36000061035156,95.88999938964844,365.6000061035156,55.459999084472656
2021-12-09,1264.5,1260.25,1267.0,1247.0,588.5,773.5,70.94000244140625,96.2699966430664,368.79998779296875,54.790000915527344
2021-12-10,1267.75,1264.25,1276.5,1259.25,588.5,782.0,71.66999816894531,96.05000305175781,377.8999938964844,53.59000015258789
2021-12-13,1244.0,1271.0,1271.0,1243.25,584.25,785.5,71.29000091552734,96.31999969482422,384.0,53.2400016784668
2021-12-14,1259.5,1246.0,1267.0,1237.5,588.75,785.5,70.7300033569336,96.56999969482422,404.5,52.0099983215332
2021-12-15,1262.5,1260.0,1266.5,1251.0,585.75,756.0,70.87000274658203,96.51000213623047,372.20001220703125,53.470001220703125
2021-12-16,1277.25,1262.0,1280.75,1258.75,591.25,770.5,72.37999725341797,96.04000091552734,372.29998779296875,54.650001525878906
2021-12-17,1285.25,1276.25,1297.5,1274.75,593.25,775.0,70.86000061035156,96.56999969482422,379.5,53.880001068115234
2021-12-20,1292.25,1289.5,1296.25,1278.5,591.0,777.75,68.2300033569336,96.55000305175781,386.20001220703125,52.939998626708984
2021-12-21,1308.0,1292.0,1313.5,1286.5,598.25,799.0,71.12000274658203,96.48999786376953,394.0,53.900001525878906
2021-12-22,1328.75,1306.0,1333.25,1304.75,602.5,814.0,72.76000213623047,96.08000183105469,402.79998779296875,54.83000183105469
2021-12-23,1332.0,1326.0,1334.0,1321.0,605.75,814.75,73.79000091552734,96.0199966430664,406.1000061035156,55.439998626708984
2021-12-27,1362.5,1337.5,1363.5,1333.75,614.75,804.0,75.56999969482422,96.08999633789062,414.79998779296875,56.720001220703125
2021-12-28,1359.25,1360.5,1375.75,1354.0,604.75,783.5,75.9800033569336,96.19999694824219,415.8999938964844,56.54999923706055
2021-12-29,1356.5,1359.5,1364.25,1345.5,605.5,787.75,76.55999755859375,95.93000030517578,415.3999938964844,56.70000076293945
2021-12-30,1327.75,1354.75,1358.0,1323.25,596.0,779.75,76.98999786376953,95.97000122070312,413.6000061035156,55.849998474121094
2021-12-31,1328.75,1328.5,1337.75,1328.0,593.25,770.75,75.20999908447266,95.66999816894531,411.70001220703125,56.29999923706055
2022-01-03,1344.0,1340.25,1357.0,1332.0,589.25,758.0,76.08000183105469,96.23999786376953,423.8999938964844,56.209999084472656
2022-01-04,1378.75,1346.0,1380.5,1346.0,609.5,770.0,76.98999786376953,96.29000091552734,427.6000061035156,58.13999938964844
2022-01-05,1384.25,1377.75,1387.75,1372.0,602.25,760.75,77.8499984741211,96.19000244140625,424.1000061035156,59.31999969482422
2022-01-06,1377.25,1380.0,1382.0,1363.0,603.75,746.0,79.45999908447266,96.25,420.3999938964844,58.779998779296875
2022-01-07,1401.5,1373.5,1405.5,1368.0,606.75,758.5,78.9000015258789,95.73999786376953,433.5,58.630001068115234
2022-01-10,1374.75,1394.0,1396.0,1374.75,599.75,762.0,78.2300033569336,95.98999786376953,427.6000061035156,57.88999938964844
2022-01-11,1376.75,1378.0,1382.0,1365.5,601.0,770.25,81.22000122070312,95.62000274658203,427.29998779296875,58.88999938964844
2022-01-12,1391.25,1373.5,1391.75,1370.0,599.0,757.75,82.63999938964844,95.0,431.0,59.279998779296875
2022-01-13,1365.25,1368.0,1370.0,1359.25,587.5,746.75,82.12000274658203,94.79000091552734,423.70001220703125,58.18000030517578
2022-01-14,1356.75,1356.75,1356.75,1356.75,596.25,741.5,83.81999969482422,95.16999816894531,445.0,58.150001525878906
2022-01-18,1361.25,1360.0,1368.75,1349.75,599.5,769.0,85.43000030517578,95.7300033569336,390.1000061035156,59.08000183105469
2022-01-19,1391.25,1363.5,1392.5,1363.5,610.5,796.5,86.95999908447266,95.51000213623047,398.29998779296875,60.7599983215332
2022-01-20,1425.75,1388.25,1429.5,1387.5,611.0,790.25,86.9000015258789,95.73999786376953,400.79998779296875,62.880001068115234
2022-01-21,1414.25,1420.0,1426.0,1405.25,616.25,780.0,85.13999938964844,95.63999938964844,392.70001220703125,63.0
2022-01-24,1403.0,1419.5,1423.75,1382.5,621.0,800.5,83.30999755859375,95.91999816894531,393.8999938964844,61.970001220703125
2022-01-25,1407.25,1405.0,1413.75,1393.25,620.0,818.0,85.5999984741211,95.94999694824219,392.0,62.5099983215332
2022-01-26,1440.0,1405.75,1443.75,1393.75,627.0,795.0,87.3499984741211,96.48999786376953,400.5,63.93000030517578
2022-01-27,1448.25,1436.0,1456.5,1428.5,625.25,777.0,86.61000061035156,97.26000213623047,404.70001220703125,64.33999633789062
2022-01-28,1470.0,1446.5,1479.0,1441.5,636.0,786.25,86.81999969482422,97.2699966430664,411.20001220703125,65.2699966430664
2022-01-31,1490.5,1474.0,1496.75,1473.5,626.0,761.25,88.1500015258789,96.54000091552734,418.8999938964844,64.81999969482422
2022-02-01,1528.5,1490.0,1539.0,1485.0,634.75,769.0,88.19999694824219,96.38999938964844,436.0,65.83000183105469
2022-02-02,1545.25,1528.0,1564.0,1526.0,622.5,755.0,88.26000213623047,95.94000244140625,435.1000061035156,65.9800033569336
2022-02-03,1544.25,1544.0,1560.0,1529.0,616.75,751.75,90.2699966430664,95.37999725341797,437.1000061035156,65.75
2022-02-04,1553.5,1544.5,1560.25,1532.0,620.5,763.25,92.30999755859375,95.4800033569336,443.8999938964844,65.36000061035156
2022-02-07,1581.75,1571.0,1589.5,1565.25,635.25,768.75,91.31999969482422,95.4000015258789,452.79998779296875,65.33999633789062
2022-02-08,1569.0,1585.0,1586.5,1559.0,632.25,778.75,89.36000061035156,95.63999938964844,454.1000061035156,63.349998474121094
2022-02-09,1594.75,1570.5,1599.5,1566.5,646.75,785.0,89.66000366210938,95.48999786376953,461.8999938964844,64.0999984741211
2022-02-10,1574.25,1594.75,1633.0,1565.5,641.75,771.5,89.87999725341797,95.55000305175781,454.0,64.51000213623047
2022-02-11,1583.0,1573.0,1594.75,1563.5,651.0,797.75,93.0999984741211,96.08000183105469,456.6000061035156,65.72000122070312
2022-02-14,1570.0,1587.0,1599.5,1551.5,655.75,799.25,95.45999908447266,96.37000274658203,448.3999938964844,65.80999755859375
2022-02-15,1551.25,1569.25,1577.0,1542.25,638.0,779.75,92.06999969482422,95.98999786376953,438.79998779296875,65.62999725341797
2022-02-16,1587.5,1552.25,1589.75,1547.0,647.0,780.5,93.66000366210938,95.69999694824219,449.3999938964844,66.97000122070312
2022-02-17,1592.0,1585.25,1606.0,1576.5,650.0,798.0,91.76000213623047,95.80000305175781,449.20001220703125,66.80999755859375
2022-02-18,1601.5,1590.5,1608.5,1587.5,654.25,797.0,91.06999969482422,96.04000091552734,447.8999938964844,67.56999969482422
2022-02-22,1635.0,1609.0,1641.25,1602.25,674.75,844.25,92.3499984741211,96.02999877929688,453.70001220703125,70.1500015258789
2022-02-23,1675.0,1637.5,1679.5,1636.5,683.75,876.0,92.0999984741211,96.19000244140625,471.1000061035156,70.72000122070312
2022-02-24,1661.5,1676.25,1765.0,1656.0,695.0,926.0,92.80999755859375,97.13999938964844,464.8999938964844,72.0
2022-02-25,1590.25,1661.5,1678.5,1585.5,659.5,843.0,91.58999633789062,96.62000274658203,448.29998779296875,68.75
2022-02-28,1644.25,1642.5,1660.75,1621.0,697.5,928.0,95.72000122070312,96.70999908447266,454.8999938964844,72.88999938964844
2022-03-01,1705.5,1648.25,1709.0,1648.25,739.75,1001.75,103.41000366210938,97.41000366210938,463.70001220703125,76.80000305175781
2022-03-02,1677.5,1708.0,1708.0,1668.0,739.0,1058.5,110.5999984741211,97.38999938964844,457.70001220703125,79.54000091552734
2022-03-03,1680.25,1690.25,1707.5,1680.25,751.25,1289.0,107.66999816894531,97.79000091552734,461.3999938964844,78.30000305175781
2022-03-04,1676.25,1684.0,1700.25,1659.25,756.5,1348.0,115.68000030517578,98.6500015258789,468.8999938964844,76.80000305175781
2022-03-07,1674.25,1696.5,1706.25,1674.25,749.25,1425.25,119.4000015258789,99.29000091552734,467.8999938964844,78.1500015258789
2022-03-08,1704.5,1674.5,1708.0,1674.25,754.5,1273.0,123.69999694824219,99.05999755859375,489.8999938964844,79.68000030517578
2022-03-09,1686.5,1727.75,1745.25,1684.5,735.0,1199.5,108.69999694824219,97.97000122070312,495.0,80.06999969482422
2022-03-10,1700.0,1687.75,1716.25,1681.25,757.75,1073.75,106.0199966430664,98.51000213623047,506.79998779296875,80.8499984741211
2022-03-11,1690.75,1706.5,1707.25,1680.75,764.5,1090.0,109.33000183105469,99.12000274658203,493.1000061035156,82.18000030517578
2022-03-14,1687.25,1708.0,1710.0,1687.25,728.25,1090.0,103.01000213623047,99.05999755859375,521.9000244140625,78.7300033569336
2022-03-15,1658.75,1674.0,1674.0,1638.0,758.0,1154.25,96.44000244140625,99.06999969482422,484.0,73.68000030517578
2022-03-16,1649.25,1661.0,1681.25,1645.25,730.0,1069.25,95.04000091552734,98.37999725341797,478.0,73.55000305175781
2022-03-17,1668.5,1649.25,1677.5,1647.25,754.5,1098.0,102.9800033569336,98.01000213623047,474.1000061035156,74.62999725341797
2022-03-18,1668.0,1669.75,1689.0,1651.5,741.75,1063.75,104.69999694824219,98.2300033569336,477.0,72.29000091552734
2022-03-21,1691.0,1673.0,1710.0,1666.75,756.25,1119.25,112.12000274658203,98.5,481.29998779296875,73.70999908447266
2022-03-22,1696.5,1692.75,1720.75,1686.0,753.0,1118.25,111.76000213623047,98.48999786376953,476.79998779296875,74.54000091552734
2022-03-23,1718.75,1695.5,1736.5,1691.0,757.75,1105.75,114.93000030517578,98.62000274658203,485.1000061035156,75.97000122070312
2022-03-24,1700.75,1722.25,1730.0,1697.5,748.25,1085.75,112.33999633789062,98.79000091552734,485.8999938964844,74.29000091552734
2022-03-25,1710.25,1702.0,1714.25,1684.75,754.0,1102.25,113.9000015258789,98.80999755859375,487.8999938964844,74.75
2022-03-28,1664.25,1703.0,1710.0,1661.0,748.5,1057.0,105.95999908447266,99.08999633789062,478.8999938964844,72.44999694824219
2022-03-29,1643.0,1662.5,1673.0,1622.0,726.25,1014.25,104.23999786376953,98.4000015258789,466.0,71.66000366210938
2022-03-30,1664.0,1644.0,1683.75,1638.75,738.0,1027.25,107.81999969482422,97.79000091552734,473.1000061035156,72.22000122070312
2022-03-31,1618.25,1666.75,1680.0,1613.5,748.75,1006.0,100.27999877929688,98.30999755859375,467.5,69.94000244140625
2022-04-01,1582.75,1620.75,1628.5,1580.75,735.0,984.5,99.2699966430664,98.62999725341797,450.0,71.19999694824219
2022-04-04,1602.25,1584.0,1606.0,1576.75,750.5,1010.25,103.27999877929688,98.98999786376953,455.1000061035156,72.33999633789062
2022-04-05,1631.0,1605.0,1635.25,1604.25,759.75,1045.25,101.95999908447266,99.47000122070312,465.8999938964844,72.41000366210938
2022-04-06,1619.5,1630.0,1643.0,1615.0,756.5,1038.25,96.2300033569336,99.5999984741211,461.79998779296875,71.83000183105469
2022-04-07,1645.5,1620.0,1652.75,1614.75,757.75,1020.0,96.02999877929688,99.75,460.20001220703125,73.0199966430664
2022-04-08,1689.0,1647.75,1689.75,1645.5,768.75,1051.5,98.26000213623047,99.80000305175781,468.20001220703125,75.12000274658203
2022-04-11,1655.25,1691.0,1697.5,1651.5,764.5,1081.25,94.29000091552734,99.93000030517578,459.1000061035156,74.30000305175781
2022-04-12,1670.25,1658.75,1682.75,1657.0,776.25,1103.75,100.5999984741211,100.29000091552734,460.8999938964844,75.43000030517578
2022-04-13,1676.0,1672.25,1681.25,1652.0,783.5,1113.5,104.25,99.87999725341797,458.20001220703125,78.11000061035156
2022-04-14,1682.25,1678.5,1692.5,1670.0,790.25,1096.5,106.94999694824219,100.31999969482422,461.3999938964844,78.91000366210938
2022-04-18,1714.75,1688.75,1720.5,1688.5,813.25,1120.5,108.20999908447266,100.77999877929688,466.0,79.98999786376953
2022-04-19,1716.5,1712.0,1730.0,1705.25,804.0,1099.0,102.55999755859375,100.95999908447266,464.3999938964844,80.20999908447266
2022-04-20,1746.75,1718.0,1750.0,1714.5,815.75,1088.0,102.75,100.38999938964844,471.3999938964844,80.80999755859375
2022-04-21,1748.25,1747.5,1752.75,1728.25,799.25,1068.0,103.79000091552734,100.58000183105469,468.8999938964844,81.5
2022-04-22,1716.0,1747.5,1757.5,1704.25,793.0,1065.5,102.06999969482422,101.22000122070312,458.79998779296875,83.26000213623047
2022-04-25,1703.5,1715.0,1723.25,1685.75,800.25,1062.0,98.54000091552734,101.75,452.3999938964844,82.73999786376953
2022-04-26,1705.25,1704.25,1726.25,1693.25,803.25,1083.25,101.69999694824219,102.30000305175781,444.79998779296875,85.29000091552734
2022-04-27,1726.5,1706.0,1735.5,1700.0,815.5,1080.0,102.0199966430664,102.94999694824219,451.0,87.80000305175781
2022-04-28,1706.5,1728.25,1734.0,1703.75,816.0,1074.0,105.36000061035156,103.62000274658203,440.20001220703125,90.5999984741211
2022-04-29,1708.25,1711.0,1727.75,1707.0,818.25,1043.75,104.69000244140625,102.95999908447266,440.5,89.16999816894531
2022-05-02,1674.0,1712.25,1712.25,1664.0,813.0,1043.5,105.16999816894531,103.73999786376953,442.8999938964844,82.69999694824219
2022-05-03,1659.0,1671.5,1688.0,1659.0,800.75,1033.75,102.41000366210938,103.47000122070312,436.3999938964844,84.30000305175781
2022-05-04,1669.75,1659.5,1672.75,1652.5,798.5,1066.0,107.80999755859375,102.58999633789062,428.29998779296875,87.08000183105469
2022-05-05,1678.5,1682.5,1699.5,1674.5,803.75,1096.0,108.26000213623047,103.75,426.8999938964844,86.5
2022-05-06,1655.5,1671.0,1674.0,1654.0,792.25,1097.0,109.7699966430664,103.66000366210938,423.3999938964844,88.4000015258789
2022-05-09,1621.0,1652.5,1652.5,1615.25,784.5,1083.25,103.08999633789062,103.6500015258789,411.1000061035156,87.18000030517578
2022-05-10,1630.0,1626.0,1641.5,1623.5,786.5,1083.25,99.76000213623047,103.91999816894531,407.8999938964844,87.95999908447266
2022-05-11,1650.25,1629.0,1658.0,1629.0,802.25,1108.75,105.70999908447266,103.8499984741211,400.6000061035156,89.44999694824219
2022-05-12,1660.25,1641.5,1664.25,1635.5,813.5,1174.5,106.12999725341797,104.8499984741211,399.3999938964844,88.5199966430664
2022-05-13,1723.25,1712.25,1723.25,1712.25,794.5,1167.25,110.48999786376953,104.55999755859375,406.3999938964844,88.33999633789062
2022-05-16,1656.5,1657.5,1668.0,1650.25,809.5,1247.5,114.19999694824219,104.19000244140625,413.6000061035156,82.98999786376953
2022-05-17,1678.0,1655.0,1684.25,1645.25,800.75,1277.5,112.4000015258789,103.36000061035156,411.79998779296875,83.48999786376953
2022-05-18,1662.75,1678.0,1686.75,1657.0,781.5,1230.75,109.58999633789062,103.80999755859375,414.0,80.55000305175781
2022-05-19,1690.5,1663.75,1697.0,1660.75,783.25,1200.5,112.20999908447266,102.72000122070312,425.29998779296875,79.52999877929688
2022-05-20,1705.25,1691.0,1710.75,1683.25,778.75,1168.75,113.2300033569336,103.1500015258789,429.8999938964844,80.93000030517578
2022-05-23,1687.0,1706.0,1720.0,1685.0,786.25,1190.0,110.29000091552734,102.08000183105469,422.5,80.47000122070312
2022-05-24,1693.0,1687.75,1696.75,1673.5,771.75,1154.75,109.7699966430664,101.86000061035156,427.1000061035156,80.12000274658203
2022-05-25,1681.0,1694.25,1697.75,1665.5,772.25,1148.25,110.33000183105469,102.05999755859375,424.20001220703125,78.91999816894531
2022-05-26,1726.5,1675.25,1737.0,1667.25,765.0,1143.25,114.08999633789062,101.83000183105469,428.20001220703125,80.5199966430664
2022-05-27,1732.25,1725.75,1744.25,1718.75,777.25,1157.5,115.06999969482422,101.66999816894531,432.29998779296875,79.56999969482422
2022-05-31,1683.25,1737.75,1749.25,1673.75,753.5,1087.5,114.66999816894531,101.75,414.79998779296875,77.91999816894531
2022-06-01,1690.25,1687.25,1706.5,1675.25,731.25,1041.25,115.26000213623047,102.55000305175781,412.70001220703125,78.11000061035156
2022-06-02,1729.25,1690.25,1740.75,1681.25,730.25,1058.25,116.87000274658203,101.7699966430664,414.8999938964844,81.44000244140625
2022-06-03,1697.75,1728.75,1730.5,1694.0,727.0,1040.0,118.87000274658203,102.13999938964844,407.8999938964844,81.8499984741211
2022-06-06,1699.25,1709.0,1717.75,1690.0,742.5,1093.0,118.5,102.44000244140625,407.1000061035156,81.19000244140625
2022-06-07,1728.25,1699.25,1732.75,1692.25,757.0,1071.75,119.41000366210938,102.31999969482422,417.3999938964844,81.44000244140625
2022-06-08,1740.0,1729.25,1758.0,1726.5,764.5,1074.75,122.11000061035156,102.54000091552734,415.6000061035156,82.94000244140625
2022-06-09,1769.0,1741.0,1784.0,1728.5,773.0,1071.25,121.51000213623047,103.22000122070312,427.5,82.62999725341797
2022-06-10,1745.5,1770.5,1775.5,1742.75,773.25,1070.75,120.66999816894531,104.1500015258789,429.1000061035156,80.80999755859375
2022-06-13,1707.5,1751.5,1757.0,1702.0,769.25,1071.0,120.93000030517578,105.08000183105469,415.1000061035156,79.51000213623047
2022-06-14,1698.5,1707.5,1728.25,1697.0,768.25,1050.25,118.93000030517578,105.5199966430664,411.0,78.27999877929688
2022-06-15,1693.75,1698.0,1705.0,1682.25,774.0,1050.0,115.30999755859375,105.16000366210938,417.5,77.66999816894531
2022-06-16,1709.5,1696.75,1715.5,1690.5,788.25,1078.25,117.58999633789062,103.62999725341797,429.70001220703125,76.33999633789062
2022-06-17,1702.0,1712.5,1724.5,1700.5,784.5,1034.25,109.55999755859375,104.69999694824219,438.1000061035156,73.79000091552734
2022-06-21,1681.0,1695.0,1702.0,1675.75,760.75,975.25,110.6500015258789,104.44000244140625,431.29998779296875,73.37000274658203
2022-06-22,1652.75,1684.25,1685.0,1647.5,768.0,976.5,106.19000244140625,104.19999694824219,432.3999938964844,70.66000366210938
2022-06-23,1593.25,1654.0,1655.5,1590.0,746.75,937.25,104.2699966430664,104.43000030517578,426.70001220703125,67.70999908447266
2022-06-24,1610.75,1588.25,1620.5,1583.0,750.25,923.75,107.62000274658203,104.19000244140625,432.6000061035156,69.75
2022-06-27,1630.5,1599.0,1636.25,1593.0,744.25,904.0,109.56999969482422,103.94000244140625,442.70001220703125,70.81999969482422
2022-06-28,1663.75,1637.0,1668.25,1633.5,759.5,921.25,111.76000213623047,104.51000213623047,455.1000061035156,72.08999633789062
2022-06-29,1674.25,1663.75,1684.25,1653.0,770.25,915.5,109.77999877929688,105.11000061035156,463.20001220703125,72.5999984741211
2022-06-30,1675.0,1671.0,1702.75,1653.75,743.75,868.75,105.76000213623047,104.69000244140625,469.8999938964844,69.93000030517578
2022-07-01,1626.0,1675.0,1683.25,1622.0,754.5,831.25,108.43000030517578,105.13999938964844,459.70001220703125,65.68000030517578
2022-07-05,1575.25,1620.0,1624.25,1572.0,736.0,793.75,99.5,106.5,452.79998779296875,60.52000045776367
2022-07-06,1580.25,1583.0,1596.25,1560.0,744.25,792.25,98.52999877929688,107.0999984741211,462.6000061035156,60.220001220703125
2022-07-07,1591.25,1591.0,1620.0,1589.0,747.0,824.5,102.7300033569336,107.12999725341797,470.0,63.16999816894531
2022-07-08,1630.25,1602.25,1635.0,1596.25,778.25,879.25,104.79000091552734,107.01000213623047,478.3999938964844,64.06999969482422
2022-07-11,1641.0,1645.0,1660.0,1637.0,781.25,843.75,104.08999633789062,108.0199966430664,482.8999938964844,65.20999908447266
2022-07-12,1592.75,1650.0,1656.0,1592.5,732.75,801.5,95.83999633789062,108.06999969482422,478.70001220703125,61.40999984741211
2022-07-13,1588.25,1573.5,1634.5,1573.5,740.0,798.25,96.30000305175781,107.95999908447266,491.5,60.209999084472656
2022-07-14,1610.0,1659.75,1659.75,1561.75,695.0,794.25,95.77999877929688,108.54000091552734,497.29998779296875,59.79999923706055
2022-07-15,1466.0,1477.5,1490.0,1456.25,604.25,776.75,97.58999633789062,108.05999755859375,431.0,60.08000183105469
2022-07-18,1497.25,1478.25,1513.5,1465.5,612.25,812.75,102.5999984741211,107.37000274658203,434.5,63.20000076293945
2022-07-19,1477.25,1498.5,1499.5,1456.0,596.75,812.25,104.22000122070312,106.68000030517578,435.0,61.88999938964844
2022-07-20,1449.0,1476.0,1477.0,1446.0,592.25,819.5,102.26000213623047,107.08000183105469,436.5,60.029998779296875
2022-07-21,1418.5,1449.5,1457.5,1413.5,575.75,806.25,96.3499984741211,106.91000366210938,434.3999938964844,58.599998474121094
2022-07-22,1434.5,1420.0,1444.75,1407.75,564.25,759.0,94.69999694824219,106.7300033569336,431.5,60.31999969482422
2022-07-25,1473.0,1450.0,1474.0,1433.75,580.0,770.0,96.69999694824219,106.4800033569336,447.5,60.0099983215332
2022-07-26,1532.75,1481.0,1535.5,1481.0,597.0,803.75,94.9800033569336,107.19000244140625,472.3999938964844,60.41999816894531
2022-07-27,1578.75,1532.0,1582.75,1531.25,600.25,790.25,97.26000213623047,106.44999694824219,488.8999938964844,61.18000030517578
2022-07-28,1609.25,1581.0,1621.0,1578.75,615.0,817.0,96.41999816894531,106.3499984741211,489.70001220703125,65.83999633789062
2022-07-29,1637.0,1609.25,1671.0,1609.25,616.25,807.75,98.62000274658203,105.9000015258789,495.29998779296875,68.5999984741211
2022-08-01,1594.25,1650.0,1650.0,1577.75,607.0,800.25,93.88999938964844,105.44999694824219,487.0,66.2300033569336
2022-08-02,1569.25,1589.0,1607.5,1565.0,591.25,774.75,94.41999816894531,106.23999786376953,489.20001220703125,65.19999694824219
2022-08-03,1558.0,1569.75,1586.75,1545.75,591.5,763.75,90.66000366210938,106.51000213623047,481.70001220703125,65.08000183105469
2022-08-04,1615.0,1552.0,1618.0,1552.0,602.25,782.5,88.54000091552734,105.69000244140625,513.7000122070312,66.04000091552734
2022-08-05,1614.75,1624.75,1624.75,1598.25,610.25,775.75,89.01000213623047,106.62000274658203,499.1000061035156,68.58999633789062
2022-08-08,1619.5,1605.5,1629.0,1603.0,608.5,779.75,90.76000213623047,106.44000244140625,498.70001220703125,69.19999694824219
2022-08-09,1693.25,1632.0,1693.25,1632.0,615.5,781.5,90.5,106.37000274658203,513.5999755859375,69.69000244140625
2022-08-10,1688.75,1715.0,1730.75,1688.0,621.25,799.75,91.93000030517578,105.19999694824219,515.5999755859375,70.55999755859375
2022-08-11,1709.5,1690.0,1737.75,1690.0,629.25,810.75,94.33999633789062,105.08999633789062,520.2000122070312,71.97000122070312
2022-08-12,1669.25,1682.5,1696.0,1669.25,639.75,806.0,92.08999633789062,105.62999725341797,520.2000122070312,71.97000122070312
2022-08-15,1494.0,1521.0,1530.75,1464.25,626.75,800.75,89.41000366210938,106.55000305175781,452.20001220703125,68.94000244140625
2022-08-16,1454.25,1490.25,1494.5,1443.75,611.0,786.0,86.52999877929688,106.5,435.8999938964844,67.83999633789062
2022-08-17,1475.25,1454.75,1479.0,1454.0,615.0,763.25,88.11000061035156,106.56999969482422,440.6000061035156,67.41000366210938
2022-08-18,1495.5,1475.0,1499.75,1467.25,619.75,731.5,90.5,107.4800033569336,449.3999938964844,66.26000213623047
2022-08-19,1488.75,1496.75,1499.25,1475.75,626.0,753.25,90.7699966430664,108.16999816894531,448.70001220703125,67.9000015258789
2022-08-22,1527.0,1484.25,1534.5,1478.0,633.5,770.5,90.2300033569336,109.05000305175781,460.5,68.7699966430664
2022-08-23,1566.75,1530.0,1581.0,1528.25,660.0,782.75,93.73999786376953,108.62000274658203,468.5,69.58999633789062
2022-08-24,1560.75,1568.75,1596.0,1553.25,665.75,795.0,94.88999938964844,108.68000030517578,467.70001220703125,68.7699966430664
2022-08-25,1552.5,1560.0,1575.75,1550.25,657.5,769.75,92.5199966430664,108.47000122070312,458.0,69.08999633789062
2022-08-26,1605.25,1553.25,1614.0,1552.0,668.75,784.75,93.05999755859375,108.80000305175781,478.1000061035156,70.81999969482422
2022-08-29,1534.75,1606.25,1612.25,1530.5,683.75,820.0,97.01000213623047,108.83999633789062,478.3999938964844,70.9800033569336
2022-08-30,1513.0,1534.5,1538.5,1480.0,679.75,798.25,91.63999938964844,108.7699966430664,462.3999938964844,70.79000091552734
2022-08-31,1507.5,1514.75,1524.5,1493.25,673.75,809.0,89.55000305175781,108.69999694824219,458.8999938964844,72.73999786376953
2022-09-01,1472.75,1511.25,1511.25,1469.0,658.25,775.5,86.61000061035156,109.69000244140625,452.0,68.5199966430664
2022-09-02,1510.5,1480.0,1518.5,1480.0,669.0,793.0,86.87000274658203,109.52999877929688,444.1000061035156,71.5
2022-09-06,1490.0,1493.0,1493.0,1487.5,680.75,800.0,86.87999725341797,110.20999908447266,433.5,68.95999908447266
2022-09-07,1466.75,1485.25,1503.75,1466.75,676.75,826.5,81.94000244140625,109.83999633789062,436.1000061035156,67.7300033569336
2022-09-08,1470.5,1484.25,1484.5,1470.5,674.5,810.5,83.54000091552734,109.70999908447266,427.79998779296875,68.86000061035156
2022-09-09,1489.25,1481.0,1489.25,1481.0,698.5,853.25,86.79000091552734,109.0,440.8999938964844,70.25
2022-09-12,1549.75,1480.5,1558.25,1472.5,712.25,841.25,87.77999877929688,108.33000183105469,472.8999938964844,71.91999816894531
2022-09-13,1534.25,1556.0,1556.0,1525.0,709.0,842.75,87.30999755859375,109.81999969482422,462.1000061035156,71.95999908447266
2022-09-14,1503.75,1503.75,1506.25,1503.75,709.0,853.75,88.4800033569336,109.66000366210938,461.29998779296875,68.51000213623047
2022-09-15,1451.5,1456.0,1468.5,1444.0,677.5,845.0,85.0999984741211,109.73999786376953,434.5,66.79000091552734
2022-09-16,1448.5,1449.0,1455.0,1433.75,677.25,859.75,85.11000061035156,109.76000213623047,429.6000061035156,68.66000366210938
2022-09-19,1461.25,1446.0,1465.75,1438.25,678.25,830.5,85.7300033569336,109.73999786376953,438.20001220703125,68.0
2022-09-20,1478.75,1461.75,1485.5,1450.75,692.0,893.75,84.44999694824219,110.22000122070312,450.79998779296875,68.58999633789062
2022-09-21,1461.25,1476.5,1488.75,1459.5,685.5,903.75,82.94000244140625,110.63999938964844,454.70001220703125,67.83000183105469
2022-09-22,1457.0,1456.5,1476.0,1448.75,688.25,910.75,83.48999786376953,111.3499984741211,445.8999938964844,69.43000030517578
2022-09-23,1425.75,1455.0,1456.0,1420.5,676.75,880.5,78.73999786376953,113.19000244140625,439.8999938964844,67.0
2022-09-26,1411.25,1424.5,1433.75,1408.25,666.25,858.0,76.70999908447266,114.0999984741211,432.6000061035156,66.11000061035156
2022-09-27,1408.0,1411.25,1437.25,1407.0,667.5,871.5,78.5,114.11000061035156,426.1000061035156,65.66000366210938
2022-09-28,1408.75,1409.0,1412.5,1390.75,670.5,903.25,82.1500015258789,112.5999984741211,421.79998779296875,65.5199966430664
2022-09-29,1410.75,1408.75,1423.75,1403.25,669.5,896.25,81.2300033569336,112.25,409.1000061035156,67.4800033569336
2022-09-30,1364.75,1410.5,1425.75,1363.25,677.5,921.5,79.48999786376953,112.12000274658203,403.20001220703125,65.3499984741211
2022-10-03,1374.0,1364.0,1376.5,1361.25,680.75,912.0,83.62999725341797,111.75,405.6000061035156,66.87999725341797
2022-10-04,1383.5,1373.75,1395.0,1371.75,683.0,903.0,86.5199966430664,110.06999969482422,403.0,68.62999725341797
2022-10-05,1369.75,1382.75,1385.25,1362.5,684.0,902.0,87.76000213623047,111.06999969482422,402.5,69.0199966430664
2022-10-06,1358.0,1369.5,1376.75,1350.0,675.5,879.0,88.44999694824219,112.26000213623047,397.3999938964844,69.66999816894531
2022-10-07,1367.0,1358.0,1373.5,1350.75,683.25,880.25,92.63999938964844,112.80000305175781,404.8999938964844,70.08000183105469
2022-10-10,1374.0,1367.0,1398.75,1366.5,698.25,938.0,91.12999725341797,113.13999938964844,410.70001220703125,69.54000091552734
2022-10-11,1376.25,1373.25,1385.25,1365.25,693.0,901.0,89.3499984741211,113.22000122070312,410.3999938964844,68.9800033569336
2022-10-12,1396.0,1373.0,1414.0,1367.5,693.0,882.25,87.2699966430664,113.31999969482422,421.79998779296875,69.16999816894531
2022-10-13,1395.75,1394.5,1405.0,1378.75,697.75,892.25,89.11000061035156,112.36000061035156,418.5,70.01000213623047
2022-10-14,1383.75,1394.0,1410.0,1382.75,689.75,859.75,85.61000061035156,113.30999755859375,418.5,69.56999969482422
2022-10-17,1385.25,1381.5,1395.0,1376.25,683.5,861.0,85.45999908447266,112.04000091552734,411.0,66.83999633789062
2022-10-18,1372.0,1383.0,1390.0,1364.25,681.0,849.5,82.81999969482422,112.12999725341797,401.79998779296875,68.73999786376953
2022-10-19,1372.5,1371.75,1378.5,1357.0,678.25,841.25,85.55000305175781,112.9800033569336,401.70001220703125,70.63999938964844
2022-10-20,1391.5,1371.0,1396.5,1370.25,684.0,849.25,85.9800033569336,112.87999725341797,413.29998779296875,70.41999816894531
2022-10-21,1395.5,1390.25,1398.5,1375.5,684.25,850.75,85.05000305175781,112.01000213623047,417.8999938964844,71.5
2022-10-24,1372.0,1393.0,1393.0,1368.25,681.5,838.75,84.58000183105469,111.98999786376953,408.70001220703125,71.87000274658203
2022-10-25,1382.0,1372.0,1386.5,1366.0,686.25,834.75,85.31999969482422,110.94999694824219,415.6000061035156,72.27999877929688
2022-10-26,1381.75,1381.5,1397.75,1378.75,685.0,840.5,87.91000366210938,109.69999694824219,408.70001220703125,73.41999816894531
2022-10-27,1382.25,1381.25,1394.75,1378.25,682.25,838.5,89.08000183105469,110.58999633789062,415.3999938964844,72.30000305175781
2022-10-28,1387.75,1382.0,1390.75,1370.0,680.75,829.25,87.9000015258789,110.66999816894531,425.3999938964844,71.79000091552734
2022-10-31,1407.0,1400.0,1411.25,1385.5,691.5,882.25,86.52999877929688,111.52999877929688,428.1000061035156,73.20999908447266
2022-11-01,1435.75,1405.5,1436.5,1403.75,697.75,902.5,88.37000274658203,111.4800033569336,424.79998779296875,73.37000274658203
2022-11-02,1440.0,1434.5,1445.0,1421.25,687.5,846.0,90.0,111.3499984741211,424.5,75.61000061035156
2022-11-03,1426.75,1435.5,1440.0,1416.5,679.25,840.5,88.16999816894531,112.93000030517578,414.29998779296875,75.29000091552734
2022-11-04,1451.5,1424.25,1453.75,1424.25,681.0,847.75,92.61000061035156,110.87999725341797,420.3999938964844,77.16999816894531
2022-11-07,1440.0,1445.0,1457.5,1439.0,675.75,845.75,91.79000091552734,110.12000274658203,419.0,76.33000183105469
2022-11-08,1444.0,1440.75,1446.0,1436.0,667.5,827.75,88.91000366210938,109.62000274658203,419.29998779296875,75.02999877929688
2022-11-09,1459.75,1444.5,1460.75,1435.5,664.5,806.5,85.83000183105469,110.55000305175781,417.6000061035156,75.54000091552734
2022-11-10,1430.5,1464.0,1465.0,1430.25,653.25,803.5,86.47000122070312,108.20999908447266,404.1000061035156,76.08999633789062
2022-11-11,1455.5,1439.0,1463.75,1439.0,658.0,813.75,88.95999908447266,106.29000091552734,407.3999938964844,76.97000122070312
2022-11-14,1441.75,1460.0,1460.0,1435.75,657.25,818.5,85.87000274658203,106.66000366210938,406.0,76.27999877929688
2022-11-15,1457.25,1440.0,1464.75,1432.5,666.75,828.25,86.91999816894531,106.4000015258789,409.8999938964844,76.9800033569336
2022-11-16,1429.25,1454.75,1455.0,1423.25,665.25,817.5,85.58999633789062,106.27999877929688,406.6000061035156,74.08000183105469
2022-11-17,1417.0,1430.0,1431.75,1406.75,667.5,806.75,81.63999938964844,106.69000244140625,405.70001220703125,72.12999725341797
2022-11-18,1428.25,1419.0,1430.75,1412.25,667.75,803.25,80.08000183105469,106.93000030517578,410.3999938964844,72.73999786376953
2022-11-21,1436.75,1427.25,1438.0,1417.25,659.5,799.25,79.7300033569336,107.83999633789062,411.3999938964844,73.0
2022-11-22,1429.75,1436.0,1443.5,1428.25,656.75,791.5,80.94999694824219,107.22000122070312,408.6000061035156,73.83999633789062
2022-11-23,1436.0,1431.5,1441.0,1422.25,663.25,793.5,77.94000244140625,106.08000183105469,409.70001220703125,74.91000366210938
2022-11-25,1436.25,1436.75,1448.0,1431.0,668.0,775.5,76.27999877929688,105.95999908447266,408.79998779296875,74.5199966430664
2022-11-28,1457.25,1428.25,1461.75,1424.0,668.75,756.75,77.23999786376953,106.68000030517578,413.6000061035156,76.06999969482422
2022-11-29,1459.5,1454.75,1468.5,1449.0,665.75,757.75,78.19999694824219,106.81999969482422,408.5,76.54000091552734
2022-11-30,1469.5,1457.25,1478.5,1457.25,662.0,771.5,80.55000305175781,105.94999694824219,417.70001220703125,75.2300033569336
2022-12-01,1429.75,1466.0,1469.75,1425.25,650.0,758.75,81.22000122070312,104.7300033569336,420.8999938964844,68.4000015258789
2022-12-02,1438.5,1432.0,1443.0,1425.5,635.0,737.25,79.9800033569336,104.55000305175781,424.5,67.58999633789062
2022-12-05,1437.75,1440.5,1451.0,1435.25,628.75,715.5,76.93000030517578,105.29000091552734,432.0,64.9000015258789
2022-12-06,1455.0,1437.5,1472.5,1437.0,625.5,705.5,74.25,105.58000183105469,449.20001220703125,63.869998931884766
2022-12-07,1472.0,1456.0,1478.0,1455.75,627.75,727.0,72.01000213623047,105.0999984741211,462.20001220703125,63.150001525878906
2022-12-08,1486.25,1471.0,1492.25,1468.0,632.0,724.25,71.45999908447266,104.7699966430664,469.29998779296875,63.5
2022-12-09,1483.75,1484.25,1492.75,1477.75,634.75,712.75,71.0199966430664,104.80999755859375,471.70001220703125,62.20000076293945
2022-12-12,1460.5,1483.5,1483.5,1457.75,641.25,733.0,73.16999816894531,105.12999725341797,448.29998779296875,64.38999938964844
2022-12-13,1479.75,1461.25,1487.75,1460.75,643.75,728.75,75.38999938964844,103.9800033569336,450.0,66.30999755859375
2022-12-14,1482.25,1479.5,1487.0,1468.0,639.0,728.25,77.27999877929688,103.7699966430664,456.0,66.30999755859375
2022-12-15,1473.5,1481.0,1486.0,1468.0,653.5,757.25,76.11000061035156,104.55999755859375,455.29998779296875,63.81999969482422
2022-12-16,1480.0,1473.5,1486.0,1465.5,653.0,753.5,74.29000091552734,104.69999694824219,463.0,63.36000061035156
2022-12-19,1460.75,1470.0,1476.0,1460.0,647.25,748.5,75.19000244140625,104.72000122070312,449.1000061035156,64.41000366210938
2022-12-20,1478.5,1461.75,1486.75,1460.25,652.0,750.5,76.08999633789062,103.97000122070312,452.3999938964844,66.05000305175781
2022-12-21,1481.0,1477.0,1489.0,1475.25,662.25,767.75,78.29000091552734,104.16000366210938,456.0,66.30999755859375
2022-12-22,1467.75,1480.0,1484.0,1463.5,660.5,762.25,77.48999786376953,104.43000030517578,452.0,65.80000305175781
2022-12-23,1479.0,1468.75,1484.0,1466.25,666.25,776.0,79.55999755859375,104.30999755859375,455.29998779296875,65.93000030517578
2022-12-27,1482.25,1490.0,1516.75,1478.25,674.75,774.5,79.52999877929688,104.18000030517578,451.79998779296875,67.6500015258789
2022-12-28,1506.5,1483.5,1509.75,1482.75,682.75,785.5,78.95999908447266,104.45999908447266,466.29998779296875,65.80000305175781
2022-12-29,1508.75,1504.75,1516.25,1501.25,679.5,774.0,78.4000015258789,103.83999633789062,464.1000061035156,66.4000015258789
2022-12-30,1519.25,1508.0,1532.25,1507.75,678.5,792.0,80.26000213623047,103.5199966430664,478.5,63.810001373291016
2023-01-03,1487.25,1519.25,1523.25,1485.0,670.5,775.5,76.93000030517578,104.5199966430664,476.79998779296875,63.15999984741211
2023-01-04,1478.25,1491.75,1496.25,1477.25,653.75,745.5,72.83999633789062,104.25,482.5,63.11000061035156
2023-01-05,1466.75,1481.25,1481.25,1462.0,652.75,746.75,73.66999816894531,105.04000091552734,488.70001220703125,62.939998626708984
2023-01-06,1501.5,1471.75,1503.25,1471.75,654.0,743.5,73.7699966430664,103.87999725341797,503.1000061035156,63.72999954223633
2023-01-09,1503.5,1506.0,1513.0,1502.0,652.75,741.5,74.62999725341797,103.0,496.70001220703125,63.90999984741211
2023-01-10,1510.0,1501.5,1518.5,1501.5,655.0,731.0,75.12000274658203,103.23999786376953,500.8999938964844,63.130001068115234
2023-01-11,1515.0,1515.25,1520.5,1510.0,656.0,740.0,77.41000366210938,103.19000244140625,505.0,62.38999938964844
2023-01-12,1529.5,1511.5,1541.75,1511.5,671.0,742.75,78.38999938964844,102.25,513.0,63.25
2023-01-13,1538.25,1525.0,1538.25,1525.0,675.0,743.75,79.86000061035156,102.19999694824219,513.0,63.25
2023-01-17,1539.75,1518.75,1541.0,1512.5,685.25,751.75,80.18000030517578,102.38999938964844,481.20001220703125,63.84000015258789
2023-01-18,1524.5,1537.0,1548.5,1511.25,681.25,742.5,79.4800033569336,102.36000061035156,478.1000061035156,64.12000274658203
2023-01-19,1514.75,1523.5,1528.5,1509.0,677.25,734.5,80.33000183105469,102.05999755859375,471.20001220703125,63.150001525878906
2023-01-20,1506.5,1514.25,1521.75,1504.0,676.25,741.5,81.30999755859375,102.01000213623047,463.70001220703125,61.970001220703125
2023-01-23,1490.25,1500.0,1503.0,1479.75,666.25,720.0,81.62000274658203,102.13999938964844,461.8999938964844,62.040000915527344
2023-01-24,1488.5,1491.5,1506.5,1487.0,677.0,734.5,80.12999725341797,101.91999816894531,459.79998779296875,60.97999954223633
2023-01-25,1502.5,1488.25,1504.75,1478.25,674.75,741.25,80.1500015258789,101.63999938964844,465.5,60.540000915527344
2023-01-26,1523.5,1506.5,1526.25,1500.0,682.5,752.5,81.01000213623047,101.83999633789062,477.1000061035156,60.790000915527344
2023-01-27,1509.5,1521.75,1527.0,1506.5,683.0,750.0,79.68000030517578,101.93000030517578,473.5,60.619998931884766
2023-01-30,1535.25,1516.25,1538.0,1516.25,683.75,752.5,77.9000015258789,102.27999877929688,488.70001220703125,61.31999969482422
2023-01-31,1538.0,1533.5,1543.75,1524.5,679.75,761.25,78.87000274658203,102.0999984741211,484.20001220703125,62.33000183105469
2023-02-01,1520.25,1537.5,1542.75,1510.75,681.0,759.75,76.41000366210938,101.22000122070312,484.70001220703125,60.790000915527344
2023-02-02,1534.25,1522.75,1537.75,1522.5,675.25,761.0,75.87999725341797,101.75,491.79998779296875,60.939998626708984
2023-02-03,1532.0,1533.5,1539.75,1524.75,677.5,756.75,73.38999938964844,102.91999816894531,496.5,59.060001373291016
2023-02-06,1521.25,1532.0,1535.5,1516.75,679.0,750.25,74.11000061035156,103.62000274658203,489.0,59.310001373291016
2023-02-07,1515.25,1521.0,1530.5,1511.0,674.0,749.75,77.13999938964844,103.43000030517578,481.3999938964844,60.88999938964844
2023-02-08,1519.75,1516.0,1527.75,1505.75,678.5,764.75,78.47000122070312,103.41000366210938,481.8999938964844,60.58000183105469
2023-02-09,1519.25,1518.5,1533.75,1512.0,670.75,757.25,78.05999755859375,103.22000122070312,495.5,59.040000915527344
2023-02-10,1542.5,1518.0,1543.25,1515.5,680.5,786.0,79.72000122070312,103.62999725341797,499.3999938964844,60.540000915527344
2023-02-13,1542.75,1542.0,1555.5,1537.0,685.0,792.0,80.13999938964844,103.3499984741211,504.0,60.13999938964844
2023-02-14,1537.5,1542.0,1544.75,1532.75,682.25,786.0,79.05999755859375,103.2300033569336,501.0,60.400001525878906
2023-02-15,1525.75,1536.5,1537.0,1516.5,676.25,769.25,78.58999633789062,103.91999816894531,491.1000061035156,61.2400016784668
2023-02-16,1526.5,1525.25,1532.25,1520.5,676.0,765.0,78.48999786376953,103.86000061035156,491.3999938964844,61.900001525878906
2023-02-17,1527.25,1526.0,1533.25,1524.25,677.75,765.5,76.33999633789062,103.86000061035156,491.1000061035156,61.5099983215332
2023-02-21,1548.75,1536.5,1549.0,1535.0,680.5,750.5,76.16000366210938,104.18000030517578,497.70001220703125,62.77000045776367
2023-02-22,1539.5,1546.75,1554.0,1538.0,674.0,736.5,73.94999694824219,104.58999633789062,492.6000061035156,62.83000183105469
2023-02-23,1534.25,1539.75,1545.25,1532.75,660.25,738.25,75.38999938964844,104.5999984741211,493.1000061035156,62.040000915527344
2023-02-24,1529.0,1536.25,1544.25,1526.0,650.0,708.25,76.31999969482422,105.20999908447266,497.1000061035156,61.11000061035156
2023-02-27,1518.25,1529.5,1533.5,1515.25,642.75,696.0,75.68000030517578,104.66999816894531,498.70001220703125,60.040000915527344
2023-02-28,1490.5,1518.25,1518.25,1489.5,629.5,691.5,77.05000305175781,104.87000274658203,487.6000061035156,59.75
2023-03-01,1504.25,1491.5,1509.5,1491.5,640.5,697.0,77.69000244140625,104.4800033569336,490.3999938964844,60.540000915527344
2023-03-02,1519.75,1504.5,1526.5,1501.5,637.75,701.25,78.16000366210938,105.02999877929688,489.29998779296875,61.38999938964844
2023-03-03,1530.5,1519.5,1537.0,1519.25,645.25,695.75,79.68000030517578,104.5199966430664,498.1000061035156,60.61000061035156
2023-03-06,1541.0,1528.75,1550.0,1523.75,644.5,682.5,80.45999908447266,104.3499984741211,507.8999938964844,59.880001068115234
2023-03-07,1525.25,1538.0,1538.0,1523.75,642.0,684.75,77.58000183105469,105.62000274658203,501.5,58.15999984741211
2023-03-08,1526.75,1525.25,1539.0,1524.5,634.5,674.5,76.66000366210938,105.66000366210938,498.3999938964844,58.4900016784668
2023-03-09,1520.0,1529.5,1535.5,1516.0,618.5,653.5,75.72000122070312,105.30999755859375,498.8999938964844,56.56999969482422
2023-03-10,1513.0,1515.0,1521.75,1511.0,624.25,666.75,76.68000030517578,104.58000183105469,498.79998779296875,56.099998474121094
2023-03-13,1500.0,1521.75,1524.75,1500.0,624.5,672.25,74.80000305175781,103.5999984741211,492.20001220703125,55.34000015258789
2023-03-14,1499.75,1501.0,1502.5,1499.75,627.5,686.5,71.33000183105469,103.5999984741211,492.20001220703125,55.84000015258789
2023-03-15,1489.25,1494.0,1500.0,1480.0,626.5,702.75,67.61000061035156,104.6500015258789,478.3999938964844,56.34000015258789
2023-03-16,1491.5,1489.25,1498.0,1478.0,632.75,699.0,68.3499984741211,104.41999816894531,474.0,57.72999954223633
2023-03-17,1476.5,1492.5,1498.0,1470.0,634.25,710.5,66.73999786376953,103.70999908447266,466.0,57.459999084472656
2023-03-20,1486.0,1473.0,1487.75,1462.0,633.0,700.75,67.63999938964844,103.27999877929688,462.70001220703125,57.9900016784668
2023-03-21,1467.0,1483.75,1497.0,1465.0,630.0,683.25,69.33000183105469,103.26000213623047,460.6000061035156,56.2400016784668
2023-03-22,1448.5,1467.75,1472.0,1443.25,633.5,663.5,70.9000015258789,102.3499984741211,451.6000061035156,54.63999938964844
2023-03-23,1419.5,1450.0,1454.25,1415.25,631.75,662.0,69.95999908447266,102.52999877929688,438.29998779296875,52.16999816894531
2023-03-24,1428.25,1419.5,1432.0,1405.0,643.0,688.5,69.26000213623047,103.12000274658203,445.1000061035156,53.27000045776367
2023-03-27,1442.25,1428.75,1445.5,1423.25,648.25,698.0,72.80999755859375,102.86000061035156,446.0,54.54999923706055
2023-03-28,1467.75,1441.5,1469.75,1439.75,647.25,699.75,73.19999694824219,102.43000030517578,457.8999938964844,55.04999923706055
2023-03-29,1477.25,1466.0,1479.75,1462.5,650.5,704.75,72.97000122070312,102.63999938964844,458.20001220703125,55.380001068115234
2023-03-30,1474.5,1476.5,1483.5,1471.0,649.5,692.25,74.37000274658203,102.13999938964844,459.8999938964844,54.369998931884766
2023-03-31,1505.5,1473.25,1513.75,1468.0,660.5,692.25,75.66999816894531,102.51000213623047,466.0,55.4900016784668
2023-04-03,1522.0,1510.0,1527.75,1509.75,657.75,693.5,80.41999816894531,102.08999633789062,464.20001220703125,56.68000030517578
2023-04-04,1517.5,1520.0,1523.75,1505.5,653.75,691.5,80.70999908447266,101.58999633789062,457.3999938964844,55.7400016784668
2023-04-05,1511.0,1517.5,1527.0,1506.5,652.75,682.0,80.61000061035156,101.8499984741211,450.6000061035156,55.220001220703125
2023-04-06,1492.5,1510.0,1510.25,1483.25,643.5,675.5,80.69999694824219,101.81999969482422,454.29998779296875,54.529998779296875
2023-04-10,1487.25,1493.25,1499.75,1482.5,654.0,678.5,79.73999786376953,102.58000183105469,450.70001220703125,54.47999954223633
2023-04-11,1497.25,1487.75,1507.5,1486.25,651.0,674.0,81.52999877929688,102.19999694824219,457.79998779296875,54.88999938964844
2023-04-12,1504.25,1497.5,1510.5,1491.0,656.0,679.5,83.26000213623047,101.5,460.20001220703125,54.0
2023-04-13,1501.0,1504.25,1522.25,1500.5,652.25,667.0,82.16000366210938,101.01000213623047,463.6000061035156,53.720001220703125
2023-04-14,1500.5,1502.0,1503.75,1490.0,666.25,682.5,82.5199966430664,101.55000305175781,459.70001220703125,53.65999984741211
2023-04-17,1517.0,1500.5,1519.0,1496.25,676.5,696.5,80.83000183105469,102.0999984741211,465.70001220703125,54.56999969482422
2023-04-18,1519.25,1515.75,1531.5,1511.0,677.5,698.0,80.86000061035156,101.75,461.1000061035156,55.36000061035156
2023-04-19,1506.5,1517.25,1521.5,1506.0,672.25,681.75,79.16000366210938,101.97000122070312,454.3999938964844,55.02000045776367
2023-04-20,1497.5,1505.0,1506.0,1488.25,663.75,667.75,77.29000091552734,101.83999633789062,451.29998779296875,54.43000030517578
2023-04-21,1483.5,1497.0,1500.0,1480.0,663.25,661.75,77.87000274658203,101.81999969482422,445.70001220703125,53.400001525878906
2023-04-24,1465.25,1483.5,1500.0,1463.25,651.25,643.5,78.76000213623047,101.3499984741211,439.5,52.560001373291016
2023-04-25,1445.25,1463.5,1471.25,1437.75,646.5,638.75,77.06999969482422,101.86000061035156,434.79998779296875,51.709999084472656
2023-04-26,1436.0,1445.25,1456.5,1434.0,641.5,627.25,74.30000305175781,101.47000122070312,426.0,52.08000183105469
2023-04-27,1426.75,1435.0,1443.0,1420.75,627.0,614.75,74.76000213623047,101.5,427.8999938964844,50.779998779296875
2023-04-28,1444.25,1432.75,1449.0,1425.0,636.0,619.75,76.77999877929688,101.66999816894531,435.29998779296875,51.61000061035156
2023-05-01,1454.75,1444.5,1455.25,1441.0,639.5,603.75,75.66000366210938,102.1500015258789,435.29998779296875,51.54999923706055
2023-05-02,1439.5,1460.0,1467.0,1437.5,638.0,595.5,71.66000366210938,101.95999908447266,429.79998779296875,51.38999938964844
2023-05-03,1448.0,1435.0,1449.0,1422.0,645.25,626.25,68.5999984741211,101.33999633789062,427.79998779296875,52.369998931884766
2023-05-04,1448.5,1448.0,1454.0,1438.75,646.5,631.5,68.55999755859375,101.4000015258789,427.29998779296875,52.27000045776367
2023-05-05,1469.0,1452.0,1470.0,1452.0,653.25,647.0,71.33999633789062,101.20999908447266,428.8999938964844,54.09000015258789
2023-05-08,1468.75,1477.0,1477.0,1464.5,656.5,641.0,73.16000366210938,101.37000274658203,425.5,53.34000015258789
2023-05-09,1451.75,1467.75,1467.75,1448.75,642.25,630.5,73.70999908447266,101.63999938964844,416.3999938964844,52.720001220703125
2023-05-10,1436.5,1459.75,1459.75,1436.0,645.5,628.25,72.55999755859375,101.4800033569336,417.8999938964844,51.849998474121094
2023-05-11,1443.25,1437.75,1446.0,1420.0,632.5,614.25,70.87000274658203,102.05999755859375,426.6000061035156,50.90999984741211
2023-05-12,1435.0,1435.0,1435.0,1435.0,633.25,624.5,70.04000091552734,102.68000030517578,428.1000061035156,49.88999938964844
2023-05-15,1400.75,1388.75,1411.5,1386.25,592.5,660.75,71.11000061035156,102.43000030517578,430.8999938964844,49.689998626708984
2023-05-16,1364.0,1400.0,1401.75,1358.75,581.25,647.5,70.86000061035156,102.55999755859375,426.8999938964844,47.45000076293945
2023-05-17,1337.0,1365.0,1365.75,1332.75,561.5,625.5,72.83000183105469,102.87999725341797,425.29998779296875,46.40999984741211
2023-05-18,1333.25,1336.5,1348.0,1323.25,555.25,611.75,71.86000061035156,103.58000183105469,414.1000061035156,47.290000915527344
2023-05-19,1307.25,1333.25,1345.0,1304.75,554.5,605.0,71.55000305175781,103.19999694824219,409.1000061035156,47.27000045776367
2023-05-22,1341.25,1308.25,1344.25,1304.75,571.0,606.25,71.98999786376953,103.19999694824219,412.20001220703125,48.77000045776367
2023-05-23,1322.5,1341.0,1341.25,1315.5,577.5,622.25,72.91000366210938,103.48999786376953,406.3999938964844,47.7599983215332
2023-05-24,1324.5,1322.5,1337.75,1316.0,587.25,606.25,74.33999633789062,103.88999938964844,402.20001220703125,48.0
2023-05-25,1324.0,1324.25,1333.5,1305.0,590.75,604.25,71.83000183105469,104.20999908447266,397.20001220703125,48.52000045776367
2023-05-26,1337.25,1323.75,1343.5,1322.0,604.0,616.0,72.66999816894531,104.20999908447266,402.20001220703125,48.81999969482422
2023-05-30,1296.5,1337.25,1337.25,1294.25,594.0,591.0,69.45999908447266,104.16999816894531,392.6000061035156,46.20000076293945
2023-05-31,1299.75,1298.0,1302.75,1270.75,594.0,594.25,68.08999633789062,104.31999969482422,393.3999938964844,46.20000076293945
2023-06-01,1329.5,1299.75,1335.25,1299.25,592.5,610.75,70.0999984741211,103.55999755859375,401.3999938964844,47.86000061035156
2023-06-02,1352.5,1329.0,1355.25,1322.0,609.0,619.0,71.73999786376953,104.0199966430664,397.79998779296875,49.5
2023-06-05,1350.0,1353.25,1361.5,1343.5,597.5,624.0,72.1500015258789,104.0,401.20001220703125,49.2599983215332
2023-06-06,1353.25,1352.0,1364.0,1340.25,608.0,627.75,71.73999786376953,104.12999725341797,396.70001220703125,50.91999816894531
2023-06-07,1360.75,1353.25,1370.75,1350.0,604.25,616.75,72.52999877929688,104.0999984741211,405.20001220703125,50.470001220703125
2023-06-08,1363.25,1358.0,1371.75,1352.0,610.25,626.25,71.29000091552734,103.33999633789062,404.0,52.5
2023-06-09,1386.5,1360.5,1388.0,1356.25,604.25,630.25,70.16999816894531,103.55999755859375,397.20001220703125,54.59000015258789
2023-06-12,1372.75,1390.0,1392.75,1368.5,617.25,633.75,67.12000274658203,103.62999725341797,397.3999938964844,53.97999954223633
2023-06-13,1399.25,1373.25,1415.5,1371.75,612.5,636.25,69.41999816894531,103.33999633789062,397.5,55.43000030517578
2023-06-14,1388.25,1398.75,1399.0,1380.0,607.75,630.25,68.2699966430664,103.01000213623047,389.70001220703125,55.959999084472656
2023-06-15,1428.25,1389.75,1432.0,1387.5,623.25,661.5,70.62000274658203,102.12000274658203,394.20001220703125,58.43000030517578
2023-06-16,1466.5,1426.0,1468.25,1426.0,640.25,688.0,71.77999877929688,102.30000305175781,416.3999938964844,59.689998626708984
2023-06-20,1477.25,1472.75,1489.25,1459.75,643.75,695.75,70.5,102.54000091552734,412.79998779296875,59.630001068115234
2023-06-21,1514.75,1489.0,1521.25,1479.0,671.0,734.5,72.52999877929688,102.06999969482422,439.20001220703125,55.630001068115234
2023-06-22,1500.5,1513.25,1519.5,1468.5,660.5,739.0,69.51000213623047,102.38999938964844,424.70001220703125,55.77000045776367
2023-06-23,1494.5,1500.0,1501.5,1470.25,630.75,733.25,69.16000366210938,102.9000015258789,410.70001220703125,57.939998626708984
2023-06-26,1521.0,1486.25,1525.0,1477.75,637.25,724.25,69.37000274658203,102.69000244140625,414.6000061035156,59.5099983215332
2023-06-27,1495.0,1523.0,1524.75,1490.0,623.0,685.0,67.69999694824219,102.48999786376953,407.29998779296875,60.54999923706055
2023-06-28,1451.0,1486.75,1499.75,1435.75,590.0,655.75,69.55999755859375,102.91000366210938,401.79998779296875,59.619998931884766
2023-06-29,1483.0,1447.75,1485.5,1445.25,581.0,653.0,69.86000061035156,103.33999633789062,403.0,60.83000183105469
2023-06-30,1557.25,1482.0,1568.0,1480.25,554.5,636.25,70.63999938964844,102.91000366210938,419.20001220703125,65.01000213623047
2023-07-03,1562.0,1557.25,1616.5,1556.0,557.25,628.5,69.79000091552734,102.98999786376953,418.6000061035156,67.0199966430664
2023-07-05,1547.25,1562.25,1589.0,1544.0,548.25,662.0,71.79000091552734,103.37000274658203,417.8999938964844,68.58000183105469
2023-07-06,1525.75,1538.25,1544.0,1519.25,566.75,647.0,71.80000305175781,103.16999816894531,415.6000061035156,65.94999694824219
2023-07-07,1485.5,1523.5,1523.5,1480.0,560.5,639.5,73.86000061035156,102.2699966430664,409.6000061035156,66.55000305175781
2023-07-10,1508.0,1484.0,1524.75,1484.0,570.75,636.25,72.98999786376953,101.97000122070312,412.29998779296875,69.22000122070312
2023-07-11,1520.5,1515.75,1533.5,1515.75,571.75,649.5,74.83000183105469,101.7300033569336,422.29998779296875,68.52999877929688
2023-07-12,1488.5,1545.5,1545.5,1477.0,549.75,621.25,75.75,100.5199966430664,421.3999938964844,68.68000030517578
2023-07-13,1518.0,1489.0,1518.0,1489.0,593.5,627.5,76.88999938964844,99.7699966430664,430.8999938964844,69.66999816894531
2023-07-14,1495.75,1507.0,1511.5,1495.75,599.75,641.5,75.41999816894531,99.91000366210938,430.0,67.88999938964844
2023-07-17,1484.0,1490.75,1497.0,1477.75,499.25,653.75,74.1500015258789,99.83999633789062,434.3999938964844,64.76000213623047
2023-07-18,1492.0,1476.5,1501.0,1474.25,528.75,670.75,75.75,99.94000244140625,442.70001220703125,64.05000305175781
2023-07-19,1491.5,1492.0,1518.25,1485.0,545.5,727.75,75.3499984741211,100.27999877929688,443.79998779296875,66.05000305175781
2023-07-20,1495.0,1489.0,1501.5,1480.75,537.25,727.0,75.62999725341797,100.87999725341797,440.5,67.63999938964844
2023-07-21,1501.0,1491.75,1504.0,1485.0,527.0,697.5,77.06999969482422,101.06999969482422,442.79998779296875,69.4000015258789
2023-07-24,1523.25,1507.5,1537.0,1500.0,560.5,757.5,78.73999786376953,101.3499984741211,447.29998779296875,71.98999786376953
2023-07-25,1515.5,1521.75,1527.25,1502.75,557.5,760.25,79.62999725341797,101.3499984741211,453.79998779296875,72.55999755859375
2023-07-26,1546.25,1513.75,1558.0,1506.0,540.25,720.0,78.77999877929688,100.88999938964844,464.70001220703125,70.2699966430664
2023-07-27,1532.0,1549.0,1580.75,1529.25,533.25,712.75,80.08999633789062,101.7699966430664,464.5,68.61000061035156
2023-07-28,1486.75,1530.5,1531.5,1483.5,521.0,704.25,80.58000183105469,101.62000274658203,455.20001220703125,67.5999984741211
2023-07-31,1445.75,1486.5,1486.5,1430.25,504.0,665.75,81.80000305175781,101.86000061035156,451.20001220703125,65.58000183105469
2023-08-01,1446.75,1446.5,1465.0,1433.75,497.0,652.25,81.37000274658203,102.30000305175781,456.1000061035156,67.08999633789062
2023-08-02,1429.75,1447.25,1447.25,1420.25,488.25,640.0,79.48999786376953,102.58999633789062,451.79998779296875,67.30999755859375
2023-08-03,1428.75,1431.0,1445.0,1424.75,480.75,627.0,81.55000305175781,102.54000091552734,451.20001220703125,66.98999786376953
2023-08-04,1444.0,1446.0,1446.0,1434.0,484.25,633.0,82.81999969482422,102.0199966430664,444.1000061035156,68.0
2023-08-07,1414.5,1430.0,1430.0,1405.0,482.25,657.5,81.94000244140625,102.05000305175781,446.20001220703125,66.66000366210938
2023-08-08,1430.0,1400.25,1431.25,1395.0,485.75,656.25,82.91999816894531,102.52999877929688,433.20001220703125,66.58000183105469
2023-08-09,1431.5,1436.0,1438.0,1430.75,481.0,635.0,84.4000015258789,102.48999786376953,426.29998779296875,66.79000091552734
2023-08-10,1412.0,1431.75,1438.5,1410.0,483.25,637.75,82.81999969482422,102.5199966430664,429.6000061035156,66.5999984741211
2023-08-11,1401.25,1353.25,1409.0,1353.25,474.5,626.75,83.19000244140625,102.83999633789062,436.8999938964844,66.33999633789062
2023-08-14,1391.0,1422.0,1422.0,1391.0,475.75,616.0,82.51000213623047,103.19000244140625,462.29998779296875,66.31999969482422
2023-08-15,1323.25,1344.25,1348.75,1319.5,464.0,598.5,80.98999786376953,103.20999908447266,403.79998779296875,65.9000015258789
2023-08-16,1334.75,1323.75,1344.25,1321.25,469.5,597.75,79.37999725341797,103.41999816894531,404.5,66.7699966430664
2023-08-17,1336.75,1337.0,1347.75,1332.5,473.0,589.5,80.38999938964844,103.44000244140625,399.6000061035156,67.76000213623047
2023-08-18,1362.75,1338.0,1365.5,1337.75,479.5,613.25,81.25,103.37999725341797,403.8999938964844,68.29000091552734
2023-08-21,1370.0,1369.0,1386.75,1364.5,469.25,599.25,80.72000122070312,103.33000183105469,409.79998779296875,67.98999786376953
2023-08-22,1351.5,1369.5,1381.0,1341.75,466.5,601.75,80.3499984741211,103.55999755859375,406.29998779296875,65.20999908447266
2023-08-23,1359.5,1350.25,1362.25,1333.75,476.25,612.5,78.88999938964844,103.36000061035156,413.0,66.1500015258789
2023-08-24,1365.75,1359.5,1370.75,1352.0,472.25,604.0,79.05000305175781,103.9800033569336,422.70001220703125,65.54000091552734
2023-08-25,1381.0,1364.0,1382.0,1361.25,470.75,593.25,79.83000183105469,104.08000183105469,422.79998779296875,66.7300033569336
2023-08-28,1395.25,1388.25,1400.75,1383.75,478.5,588.0,80.0999984741211,104.05999755859375,425.70001220703125,66.9000015258789
2023-08-29,1382.0,1382.75,1394.0,1380.5,469.5,569.75,81.16000366210938,103.55000305175781,419.29998779296875,66.55999755859375
2023-08-30,1381.25,1378.5,1391.75,1366.75,461.75,576.75,81.62999725341797,103.16000366210938,423.0,65.54000091552734
2023-08-31,1360.0,1381.0,1381.0,1360.0,461.0,573.0,83.62999725341797,103.62000274658203,418.70001220703125,65.5199966430664
2023-09-01,1356.25,1362.0,1374.0,1355.0,464.75,567.5,85.55000305175781,104.23999786376953,412.70001220703125,66.55000305175781
2023-09-05,1349.0,1359.5,1359.5,1348.0,471.0,572.5,86.69000244140625,104.80999755859375,406.29998779296875,66.0
2023-09-06,1360.25,1365.5,1365.5,1359.5,471.5,581.0,87.54000091552734,104.86000061035156,408.1000061035156,65.3499984741211
2023-09-07,1345.0,1349.5,1350.0,1345.0,470.75,571.5,86.87000274658203,105.05999755859375,403.3999938964844,63.86000061035156
2023-09-08,1349.5,1339.0,1349.5,1339.0,468.5,567.25,87.51000213623047,105.08999633789062,411.8999938964844,63.150001525878906
2023-09-11,1352.5,1352.5,1352.5,1352.0,471.25,556.0,87.29000091552734,104.56999969482422,412.0,63.150001525878906
2023-09-12,1331.75,1348.75,1348.75,1331.75,463.25,560.25,88.83999633789062,104.70999908447266,405.20001220703125,62.720001220703125
2023-09-13,1336.0,1325.5,1336.0,1325.5,464.0,569.0,88.5199966430664,104.7699966430664,401.8999938964844,64.43000030517578
2023-09-14,1343.75,1343.75,1343.75,1343.75,462.5,567.5,90.16000366210938,105.41000366210938,401.8999938964844,64.43000030517578
2023-09-15,1340.25,1360.5,1367.75,1338.25,476.25,604.25,90.7699966430664,105.31999969482422,393.6000061035156,63.380001068115234
2023-09-18,1316.75,1340.0,1344.5,1315.5,471.5,591.25,91.4800033569336,105.19999694824219,390.3999938964844,62.38999938964844
2023-09-19,1315.5,1315.0,1319.75,1308.0,476.25,584.0,91.19999694824219,105.19999694824219,391.5,61.7599983215332
2023-09-20,1320.0,1315.25,1322.75,1310.25,482.25,588.75,90.27999877929688,105.16000366210938,397.20001220703125,60.68000030517578
2023-09-21,1293.75,1319.75,1322.0,1293.0,475.25,575.75,89.62999725341797,105.36000061035156,390.29998779296875,59.650001525878906
2023-09-22,1296.25,1294.0,1303.0,1292.5,477.25,579.5,90.02999877929688,105.58000183105469,388.20001220703125,60.849998474121094
2023-09-25,1297.75,1295.25,1300.0,1284.5,481.25,589.0,89.68000030517578,106.0,392.0,58.75
2023-09-26,1302.75,1299.25,1307.75,1289.0,479.75,589.0,90.38999938964844,106.2300033569336,394.0,58.86000061035156
2023-09-27,1303.25,1302.75,1317.0,1297.5,483.25,579.5,93.68000030517578,106.66999816894531,390.1000061035156,59.61000061035156
2023-09-28,1300.5,1303.0,1307.0,1287.0,488.5,578.75,91.70999908447266,106.22000122070312,392.3999938964844,58.529998779296875
2023-09-29,1275.0,1300.5,1305.5,1272.5,476.75,541.5,90.79000091552734,106.16999816894531,375.8999938964844,57.439998626708984
2023-10-02,1277.0,1272.5,1279.5,1265.75,488.75,564.75,88.81999969482422,106.9000015258789,367.6000061035156,59.849998474121094
2023-10-03,1272.75,1276.5,1278.75,1256.75,487.5,568.5,89.2300033569336,107.0,363.20001220703125,59.45000076293945
2023-10-04,1273.0,1272.0,1285.0,1268.75,486.0,560.0,84.22000122070312,106.80000305175781,368.70001220703125,58.43000030517578
2023-10-05,1280.75,1271.75,1283.75,1262.0,497.5,578.25,82.30999755859375,106.33000183105469,373.6000061035156,57.86000061035156
2023-10-06,1266.0,1279.5,1287.25,1263.5,492.0,568.25,82.79000091552734,106.04000091552734,367.6000061035156,57.290000915527344
2023-10-09,1264.25,1267.0,1277.5,1258.25,488.25,572.75,86.37999725341797,106.08000183105469,370.8999938964844,56.130001068115234
2023-10-10,1271.5,1263.0,1273.25,1254.25,485.5,558.5,85.97000122070312,105.83000183105469,372.0,53.9900016784668
2023-10-11,1252.5,1271.5,1274.25,1251.0,488.0,556.0,83.48999786376953,105.81999969482422,374.29998779296875,53.52000045776367
2023-10-12,1290.0,1252.5,1299.75,1250.5,496.0,571.5,82.91000366210938,106.56999969482422,387.6000061035156,54.470001220703125
2023-10-13,1280.25,1286.75,1298.5,1273.5,493.25,579.75,87.69000244140625,106.6500015258789,387.6000061035156,55.349998474121094
2023-10-16,1286.25,1280.0,1289.0,1279.5,490.0,577.25,86.66000366210938,106.23999786376953,390.20001220703125,55.900001525878906
2023-10-17,1296.75,1286.0,1303.5,1285.5,489.0,570.5,86.66000366210938,106.25,399.79998779296875,55.349998474121094
2023-10-18,1311.0,1297.0,1313.0,1293.25,492.0,580.25,88.31999969482422,106.56999969482422,413.79998779296875,54.86000061035156
2023-10-19,1315.5,1311.0,1317.75,1300.25,505.0,594.0,89.37000274658203,106.25,423.0,53.11000061035156
2023-10-20,1302.25,1315.0,1318.5,1301.0,495.5,586.0,88.75,106.16000366210938,423.8999938964844,53.38999938964844
2023-10-23,1286.75,1302.0,1304.0,1286.0,490.25,587.25,85.48999786376953,105.54000091552734,420.5,51.939998626708984
2023-10-24,1295.25,1287.0,1297.75,1280.5,484.0,580.5,83.73999786376953,106.2699966430664,434.20001220703125,51.31999969482422
2023-10-25,1288.25,1293.0,1301.25,1278.0,480.0,568.5,85.38999938964844,106.52999877929688,429.20001220703125,52.599998474121094
2023-10-26,1279.5,1287.5,1297.75,1277.5,479.25,579.5,83.20999908447266,106.5999984741211,429.5,51.7400016784668
2023-10-27,1297.25,1279.25,1303.5,1277.75,480.75,575.5,85.54000091552734,106.55999755859375,442.3999938964844,52.27000045776367
2023-10-30,1282.75,1297.0,1308.75,1281.0,478.25,566.0,82.30999755859375,106.12000274658203,426.5,52.38999938964844
2023-10-31,1287.0,1283.0,1300.0,1276.0,478.75,556.25,81.0199966430664,106.66000366210938,431.0,51.41999816894531
2023-11-01,1291.25,1290.0,1296.75,1283.25,475.0,561.75,80.44000244140625,106.87999725341797,430.3999938964844,49.900001525878906
2023-11-02,1304.0,1290.25,1306.25,1290.25,470.0,565.5,82.45999908447266,106.12000274658203,426.29998779296875,50.31999969482422
2023-11-03,1327.5,1303.5,1330.0,1302.25,477.25,572.5,80.51000213623047,105.0199966430664,442.1000061035156,49.36000061035156
2023-11-06,1340.5,1327.5,1345.25,1327.5,477.25,575.75,80.81999969482422,105.22000122070312,437.5,50.79999923706055
2023-11-07,1348.75,1339.5,1366.0,1336.5,468.5,570.25,77.37000274658203,105.54000091552734,447.3999938964844,49.4900016784668
2023-11-08,1349.0,1352.0,1368.75,1348.0,476.0,592.25,75.33000183105469,105.58999633789062,449.79998779296875,49.95000076293945
2023-11-09,1327.75,1351.0,1353.5,1326.5,468.0,580.75,75.73999786376953,105.91000366210938,449.8999938964844,50.45000076293945
2023-11-10,1333.5,1328.0,1335.0,1325.25,464.0,575.25,77.16999816894531,105.86000061035156,449.3999938964844,51.20000076293945
2023-11-13,1368.0,1335.0,1369.0,1333.75,477.25,579.0,78.26000213623047,105.66000366210938,469.1000061035156,51.540000915527344
2023-11-14,1368.75,1372.0,1372.0,1358.5,478.25,572.0,78.26000213623047,104.11000061035156,473.6000061035156,52.75
2023-11-15,1385.0,1389.0,1398.5,1379.5,470.75,560.5,76.66000366210938,104.38999938964844,469.20001220703125,53.04999923706055
2023-11-16,1360.25,1385.0,1387.75,1353.75,474.75,553.5,72.9000015258789,104.37000274658203,466.79998779296875,51.630001068115234
2023-11-17,1340.25,1360.0,1361.5,1336.75,467.0,550.75,75.88999938964844,103.81999969482422,453.29998779296875,52.0099983215332
2023-11-20,1367.25,1339.25,1368.0,1327.0,469.5,543.5,77.5999984741211,103.47000122070312,460.20001220703125,53.11000061035156
2023-11-21,1377.25,1365.5,1389.25,1364.0,470.0,555.0,77.7699966430664,103.58999633789062,459.20001220703125,54.189998626708984
2023-11-22,1356.5,1377.0,1378.5,1354.25,468.75,555.75,77.0999984741211,103.91999816894531,458.1000061035156,53.599998474121094
2023-11-24,1330.75,1354.5,1355.0,1329.5,463.25,548.75,75.54000091552734,103.4000015258789,457.3999938964844,51.529998779296875
2023-11-27,1329.75,1329.5,1339.0,1323.5,455.5,534.25,74.86000061035156,103.19999694824219,458.70001220703125,51.90999984741211
2023-11-28,1346.5,1330.25,1350.0,1329.5,451.5,543.75,76.41000366210938,102.75,450.29998779296875,53.34000015258789
2023-11-29,1347.0,1346.5,1352.0,1337.0,449.75,556.0,77.86000061035156,102.7699966430664,444.29998779296875,52.68000030517578
2023-11-30,1342.75,1347.0,1351.5,1339.25,461.75,570.25,75.95999908447266,103.5,442.20001220703125,52.290000915527344
2023-12-01,1325.0,1342.0,1343.5,1323.5,464.5,577.0,74.06999969482422,103.2699966430664,425.29998779296875,51.380001068115234
2023-12-04,1306.25,1322.5,1329.25,1303.5,460.25,595.75,73.04000091552734,103.63999938964844,422.29998779296875,51.189998626708984
2023-12-05,1305.5,1307.25,1315.25,1294.0,468.5,620.75,72.31999969482422,104.05000305175781,433.70001220703125,50.220001220703125
2023-12-06,1295.5,1309.25,1313.5,1293.75,464.75,615.75,69.37999725341797,104.1500015258789,424.3999938964844,49.290000915527344
2023-12-07,1311.75,1296.0,1318.25,1292.0,468.25,626.0,69.33999633789062,103.54000091552734,424.5,51.11000061035156
2023-12-08,1304.0,1312.5,1330.75,1299.0,465.75,615.0,71.2300033569336,104.01000213623047,424.20001220703125,50.150001525878906
2023-12-11,1336.0,1309.5,1338.5,1307.0,460.5,591.25,71.31999969482422,104.0999984741211,430.70001220703125,51.060001373291016
2023-12-12,1323.75,1337.25,1344.0,1320.5,462.5,607.0,68.61000061035156,103.87000274658203,429.20001220703125,50.38999938964844
2023-12-13,1307.5,1323.0,1323.5,1302.5,456.75,585.25,69.47000122070312,102.87000274658203,421.1000061035156,49.81999969482422
2023-12-14,1314.0,1311.0,1319.25,1304.0,456.75,594.0,71.58000183105469,101.95999908447266,421.1000061035156,49.279998779296875
2023-12-15,1315.75,1317.0,1320.5,1304.0,483.0,629.25,71.43000030517578,102.55000305175781,405.6000061035156,49.9900016784668
2023-12-18,1327.0,1318.0,1328.0,1307.0,477.0,617.0,72.47000122070312,102.51000213623047,412.79998779296875,50.63999938964844
2023-12-19,1312.5,1326.5,1328.75,1309.5,472.75,622.75,73.44000244140625,102.16999816894531,403.20001220703125,50.72999954223633
2023-12-20,1308.25,1312.5,1321.75,1305.5,469.75,610.0,74.22000122070312,102.41000366210938,399.8999938964844,50.560001373291016
2023-12-21,1297.25,1309.5,1310.0,1295.0,472.5,612.5,73.88999938964844,101.83999633789062,395.3999938964844,49.040000915527344
2023-12-22,1299.75,1296.75,1308.0,1294.0,473.0,616.25,73.55999755859375,101.69999694824219,399.6000061035156,48.529998779296875
2023-12-26,1313.25,1299.75,1314.5,1296.0,480.25,636.25,75.56999969482422,101.47000122070312,403.20001220703125,47.90999984741211
2023-12-27,1316.75,1310.5,1318.75,1303.0,476.5,623.0,74.11000061035156,100.98999786376953,398.8999938964844,48.2400016784668
2023-12-28,1305.25,1315.75,1324.25,1303.0,474.25,631.5,71.7699966430664,101.2300033569336,393.0,47.4900016784668
2023-12-29,1293.5,1304.75,1311.75,1292.25,471.25,628.0,71.6500015258789,101.33000183105469,386.0,47.84000015258789
2024-01-02,1274.0,1289.5,1289.5,1266.0,463.75,606.75,70.37999725341797,102.19999694824219,378.8999938964844,47.790000915527344
2024-01-03,1269.5,1271.5,1275.25,1268.0,465.25,600.25,72.69999694824219,102.45999908447266,381.0,48.099998474121094
2024-01-04,1262.0,1274.25,1274.25,1260.25,466.5,613.5,72.19000244140625,102.41999816894531,381.20001220703125,47.880001068115234
2024-01-05,1249.75,1261.25,1261.25,1249.75,460.75,616.0,73.80999755859375,102.41000366210938,368.6000061035156,47.16999816894531
2024-01-08,1239.5,1252.75,1252.75,1233.25,455.0,596.25,70.7699966430664,102.20999908447266,368.1000061035156,47.439998626708984
2024-01-09,1241.5,1238.5,1243.0,1228.75,459.25,610.0,72.23999786376953,102.56999969482422,366.0,48.119998931884766
2024-01-10,1228.75,1241.5,1241.5,1228.75,459.5,610.75,71.37000274658203,102.36000061035156,361.29998779296875,47.86000061035156
2024-01-11,1231.25,1234.0,1235.5,1231.25,457.75,603.75,72.0199966430664,102.29000091552734,361.3999938964844,48.369998931884766
2024-01-12,1205.75,1239.75,1240.25,1205.75,447.0,596.0,72.68000030517578,102.4000015258789,351.29998779296875,47.75
2024-01-16,1227.25,1227.0,1237.75,1220.75,443.5,582.0,72.4000015258789,103.36000061035156,371.1000061035156,47.25
2024-01-17,1205.75,1227.25,1231.0,1205.0,442.25,582.5,72.55999755859375,103.44999694824219,358.70001220703125,47.70000076293945
2024-01-18,1213.5,1206.0,1216.0,1201.0,444.0,585.5,74.08000183105469,103.54000091552734,361.29998779296875,47.619998931884766
2024-01-19,1213.25,1213.0,1227.0,1210.75,445.5,593.25,73.41000366210938,103.29000091552734,356.5,46.900001525878906
2024-01-22,1224.25,1216.75,1225.75,1209.5,445.75,596.5,75.19000244140625,103.33000183105469,355.79998779296875,48.15999984741211
2024-01-23,1239.5,1224.25,1240.5,1221.5,446.5,596.5,74.37000274658203,103.62000274658203,361.1000061035156,48.209999084472656
2024-01-24,1240.25,1239.0,1246.0,1235.25,452.25,610.75,75.08999633789062,103.23999786376953,363.29998779296875,47.31999969482422
2024-01-25,1223.0,1240.0,1247.5,1215.5,451.75,612.25,77.36000061035156,103.56999969482422,358.20001220703125,46.529998779296875
2024-01-26,1209.25,1223.5,1230.75,1208.5,446.25,600.25,78.01000213623047,103.47000122070312,349.0,46.93000030517578
2024-01-29,1194.25,1210.75,1212.5,1191.5,440.25,593.5,76.77999877929688,103.61000061035156,354.29998779296875,45.54999923706055
2024-01-30,1218.75,1193.75,1221.25,1187.75,447.75,605.5,77.81999969482422,103.4000015258789,363.0,46.0
2024-01-31,1222.25,1218.75,1223.0,1206.75,448.25,595.25,75.8499984741211,103.2699966430664,368.29998779296875,46.02000045776367
2024-02-01,1203.25,1221.25,1221.75,1199.5,447.25,601.5,73.81999969482422,103.05000305175781,361.70001220703125,45.599998474121094
2024-02-02,1188.5,1203.25,1208.25,1186.75,442.75,599.75,72.27999877929688,103.91999816894531,356.79998779296875,44.72999954223633
2024-02-05,1196.25,1190.0,1198.5,1179.5,442.75,590.25,72.77999877929688,104.44999694824219,361.1000061035156,45.33000183105469
2024-02-06,1199.5,1196.0,1205.5,1193.75,438.75,595.0,73.30999755859375,104.18000030517578,358.79998779296875,45.939998626708984
2024-02-07,1189.0,1199.0,1202.0,1179.25,434.25,602.0,73.86000061035156,104.04000091552734,351.20001220703125,46.7599983215332
2024-02-08,1193.5,1187.0,1204.75,1180.5,433.25,588.5,76.22000122070312,104.1500015258789,347.1000061035156,47.939998626708984
2024-02-09,1183.5,1195.0,1198.0,1181.5,429.0,596.75,76.83999633789062,104.08000183105469,346.79998779296875,47.2599983215332
2024-02-12,1193.0,1183.75,1196.75,1182.5,430.5,597.5,76.91999816894531,104.16999816894531,348.8999938964844,46.900001525878906
2024-02-13,1186.25,1191.75,1197.5,1183.0,430.75,597.5,77.87000274658203,104.95999908447266,344.79998779296875,47.29999923706055
2024-02-14,1170.5,1186.25,1190.0,1168.25,424.25,585.5,76.63999938964844,104.72000122070312,343.29998779296875,46.349998474121094
2024-02-15,1162.25,1168.0,1174.75,1160.25,417.75,567.0,78.02999877929688,104.30000305175781,339.5,46.0
2024-02-16,1172.25,1163.75,1173.75,1162.25,416.5,560.5,79.19000244140625,104.27999877929688,345.6000061035156,45.59000015258789
2024-02-20,1179.0,1177.75,1188.5,1174.0,418.75,582.75,78.18000030517578,104.08000183105469,347.6000061035156,45.40999984741211
2024-02-21,1160.75,1179.0,1179.25,1157.5,411.0,583.25,77.91000366210938,104.01000213623047,342.0,44.83000183105469
2024-02-22,1147.75,1161.0,1167.25,1146.75,406.0,583.25,78.61000061035156,103.95999908447266,334.8999938964844,44.209999084472656
2024-02-23,1133.0,1148.0,1154.0,1130.25,399.75,573.5,76.48999786376953,103.94000244140625,331.5,44.02000045776367
2024-02-26,1136.0,1137.0,1142.25,1124.75,407.0,577.25,77.58000183105469,103.83000183105469,334.3999938964844,44.400001525878906
2024-02-27,1131.25,1136.0,1152.25,1128.75,408.25,586.0,78.87000274658203,103.83000183105469,327.79998779296875,44.90999984741211
2024-02-28,1134.0,1132.25,1144.5,1124.75,413.25,571.0,78.54000091552734,103.9800033569336,331.29998779296875,44.65999984741211
2024-02-29,1128.25,1132.0,1136.0,1115.0,415.75,577.5,78.26000213623047,104.16000366210938,333.29998779296875,44.65999984741211
2024-03-01,1143.0,1128.25,1143.5,1126.75,412.25,560.0,79.97000122070312,103.86000061035156,334.0,44.619998931884766
2024-03-04,1147.0,1152.0,1158.0,1145.0,417.5,563.5,78.73999786376953,103.83000183105469,335.20001220703125,44.650001525878906
2024-03-05,1140.75,1147.0,1147.0,1138.75,413.5,545.75,78.1500015258789,103.80000305175781,331.20001220703125,44.5099983215332
2024-03-06,1140.25,1138.5,1140.25,1132.25,418.0,521.25,79.12999725341797,103.37000274658203,334.8999938964844,44.779998779296875
2024-03-07,1157.0,1155.0,1157.0,1151.0,426.0,520.75,78.93000030517578,102.81999969482422,339.8999938964844,45.83000183105469
2024-03-08,1170.5,1157.0,1170.5,1145.5,426.25,526.75,78.01000213623047,102.73999786376953,341.29998779296875,45.599998474121094
2024-03-11,1165.0,1170.0,1170.75,1165.0,428.25,537.5,77.93000030517578,102.87000274658203,337.1000061035156,46.04999923706055
2024-03-12,1182.0,1167.0,1182.0,1167.0,429.0,535.5,77.55999755859375,102.95999908447266,333.79998779296875,47.22999954223633
2024-03-13,1181.75,1178.25,1182.75,1173.75,426.5,532.25,79.72000122070312,102.79000091552734,331.0,47.9900016784668
2024-03-14,1180.75,1182.0,1198.5,1180.75,422.5,519.5,81.26000213623047,103.36000061035156,333.20001220703125,47.939998626708984
2024-03-15,1198.25,1194.5,1200.0,1183.5,436.75,528.5,81.04000091552734,103.43000030517578,334.70001220703125,49.41999816894531
2024-03-18,1187.75,1198.5,1206.0,1186.75,436.0,542.75,82.72000122070312,103.58000183105469,331.8999938964844,48.70000076293945
2024-03-19,1185.5,1188.0,1192.25,1181.0,439.5,552.5,83.47000122070312,103.80999755859375,333.8999938964844,48.13999938964844
2024-03-20,1209.5,1185.5,1211.75,1183.5,439.0,545.0,81.68000030517578,103.41000366210938,342.5,49.0
2024-03-21,1212.0,1209.0,1226.75,1204.0,440.75,546.75,81.06999969482422,104.0,344.29998779296875,48.790000915527344
2024-03-22,1192.5,1211.0,1211.25,1189.25,439.25,554.75,80.62999725341797,104.43000030517578,339.1000061035156,47.63999938964844
2024-03-25,1209.25,1194.0,1210.0,1188.5,437.75,555.0,81.94999694824219,104.2300033569336,341.70001220703125,49.02000045776367
2024-03-26,1199.0,1207.5,1208.0,1197.75,432.5,543.5,81.62000274658203,104.29000091552734,339.79998779296875,48.41999816894531
2024-03-27,1192.5,1196.75,1198.0,1189.5,426.75,547.5,81.3499984741211,104.3499984741211,339.0,47.66999816894531
2024-03-28,1191.5,1191.75,1199.5,1177.0,442.0,560.25,83.16999816894531,104.55000305175781,337.70001220703125,47.95000076293945
2024-04-01,1185.75,1196.25,1201.75,1181.5,435.5,557.0,83.70999908447266,105.0199966430664,333.3999938964844,48.2400016784668
2024-04-02,1174.0,1185.5,1199.75,1171.0,426.5,545.25,85.1500015258789,104.81999969482422,328.29998779296875,48.599998474121094
2024-04-03,1182.25,1175.5,1186.75,1168.5,431.75,556.0,85.43000030517578,104.25,330.0,48.849998474121094
2024-04-04,1180.0,1182.25,1186.75,1170.25,435.25,556.25,86.58999633789062,104.12000274658203,333.5,48.150001525878906
2024-04-05,1185.0,1178.0,1190.75,1173.0,434.25,567.25,86.91000366210938,104.30000305175781,333.1000061035156,48.88999938964844
2024-04-08,1181.5,1187.75,1193.25,1180.5,435.5,565.75,86.43000030517578,104.13999938964844,336.0,47.900001525878906
2024-04-09,1174.5,1181.5,1184.25,1172.0,431.25,557.75,85.2300033569336,104.1500015258789,335.6000061035156,47.52000045776367
2024-04-10,1164.75,1174.75,1180.75,1163.0,434.25,558.5,86.20999908447266,105.25,330.8999938964844,47.599998474121094
2024-04-11,1159.25,1163.75,1166.25,1151.0,428.75,551.75,85.0199966430664,105.27999877929688,335.6000061035156,46.02000045776367
2024-04-12,1174.0,1158.5,1179.75,1154.0,435.5,556.0,85.66000366210938,106.04000091552734,344.3999938964844,45.88999938964844
2024-04-15,1158.25,1173.25,1176.0,1155.5,431.5,551.75,85.41000366210938,106.20999908447266,338.5,45.470001220703125
2024-04-16,1145.0,1157.25,1163.0,1143.25,431.0,549.75,85.36000061035156,106.26000213623047,335.29998779296875,44.90999984741211
2024-04-17,1149.5,1145.0,1155.25,1141.75,430.25,537.0,82.69000244140625,105.94999694824219,338.70001220703125,45.0
2024-04-18,1134.25,1149.0,1149.75,1133.0,426.75,536.75,82.7300033569336,106.1500015258789,338.0,44.119998931884766
2024-04-19,1150.5,1134.0,1153.0,1131.75,433.5,550.25,83.13999938964844,106.1500015258789,343.70001220703125,44.380001068115234
2024-04-22,1161.0,1147.75,1167.0,1144.5,439.75,570.25,82.8499984741211,106.08000183105469,344.29998779296875,45.040000915527344
2024-04-23,1167.5,1161.0,1169.0,1158.0,443.0,585.0,83.36000061035156,105.69000244140625,345.20001220703125,45.310001373291016
2024-04-24,1166.0,1166.5,1177.5,1164.0,437.75,594.5,82.80999755859375,105.86000061035156,346.0,44.65999984741211
2024-04-25,1162.75,1164.75,1166.5,1150.5,441.0,602.25,83.56999969482422,105.5999984741211,343.8999938964844,44.81999969482422
2024-04-26,1159.5,1162.25,1164.0,1155.0,440.0,603.25,83.8499984741211,105.94000244140625,340.0,44.93000030517578
2024-04-29,1160.75,1158.5,1171.75,1157.0,439.25,590.25,82.62999725341797,105.58000183105469,348.29998779296875,43.689998626708984
2024-04-30,1145.5,1158.75,1163.0,1141.0,439.5,585.0,81.93000030517578,106.22000122070312,346.29998779296875,42.290000915527344
2024-05-01,1155.75,1145.0,1156.25,1141.0,443.25,581.5,79.0,105.76000213623047,342.6000061035156,42.56999969482422
2024-05-02,1190.0,1155.75,1200.0,1155.75,452.0,586.5,78.94999694824219,105.30000305175781,357.1000061035156,42.56999969482422
2024-05-03,1201.75,1193.0,1202.0,1193.0,447.0,606.0,78.11000061035156,105.02999877929688,366.5,42.41999816894531
2024-05-06,1234.75,1197.0,1236.5,1197.0,457.0,632.25,78.4800033569336,105.05000305175781,381.20001220703125,43.16999816894531
2024-05-07,1232.25,1234.5,1240.5,1230.0,453.75,624.75,78.37999725341797,105.41000366210938,377.3999938964844,43.849998474121094
2024-05-08,1212.75,1233.5,1233.5,1211.25,445.5,616.0,78.98999786376953,105.55000305175781,374.79998779296875,43.150001525878906
2024-05-09,1192.75,1216.5,1218.0,1192.5,442.75,619.75,79.26000213623047,105.2300033569336,368.0,42.0099983215332
2024-05-10,1205.0,1196.75,1205.0,1195.0,455.75,645.75,78.26000213623047,105.30999755859375,367.0,43.810001373291016
2024-05-13,1205.5,1205.5,1205.5,1205.5,458.5,670.25,79.12000274658203,105.22000122070312,361.6000061035156,44.52000045776367
2024-05-14,1199.0,1199.0,1199.0,1199.0,453.75,657.0,78.0199966430664,105.01000213623047,363.6000061035156,42.68000030517578
2024-05-15,1213.5,1215.0,1232.25,1209.5,462.5,665.75,78.62999725341797,104.3499984741211,371.70001220703125,43.54999923706055
2024-05-16,1216.25,1214.0,1219.75,1210.0,457.0,663.25,79.2300033569336,104.45999908447266,367.70001220703125,44.52000045776367
2024-05-17,1228.0,1216.5,1231.25,1215.25,452.5,651.25,80.05999755859375,104.44999694824219,368.79998779296875,45.27000045776367
2024-05-20,1248.0,1227.25,1250.75,1224.0,460.5,688.75,79.80000305175781,104.56999969482422,374.1000061035156,46.31999969482422
2024-05-21,1236.25,1246.5,1249.25,1230.0,458.0,697.5,79.26000213623047,104.66000366210938,372.29998779296875,45.810001373291016
2024-05-22,1246.25,1235.0,1249.75,1233.25,461.25,693.0,77.56999969482422,104.94000244140625,378.20001220703125,45.880001068115234
2024-05-23,1239.25,1245.75,1258.25,1236.0,464.0,698.0,76.87000274658203,105.11000061035156,376.70001220703125,45.189998626708984
2024-05-24,1248.0,1239.0,1251.0,1236.0,464.75,697.25,77.72000122070312,104.72000122070312,386.5,44.95000076293945
2024-05-28,1229.5,1250.25,1254.75,1226.25,462.5,700.25,79.83000183105469,104.61000061035156,376.6000061035156,45.52000045776367
2024-05-29,1214.0,1229.0,1231.25,1212.5,455.25,692.75,79.2300033569336,105.0999984741211,369.1000061035156,45.880001068115234
2024-05-30,1209.75,1213.0,1220.0,1207.25,448.75,681.0,77.91000366210938,104.72000122070312,363.6000061035156,45.720001220703125
2024-05-31,1205.0,1209.75,1223.75,1202.75,446.25,678.5,76.98999786376953,104.66999816894531,364.70001220703125,45.52000045776367
2024-06-03,1184.5,1204.25,1205.5,1182.5,443.5,672.75,74.22000122070312,104.13999938964844,359.5,44.13999938964844
2024-06-04,1179.0,1184.0,1189.5,1176.0,442.5,658.25,73.25,104.11000061035156,355.1000061035156,43.619998931884766
2024-06-05,1177.25,1180.25,1191.75,1175.25,439.25,646.75,74.06999969482422,104.2699966430664,359.5,43.130001068115234
2024-06-06,1200.0,1176.5,1204.5,1176.0,452.0,639.5,75.55000305175781,104.0999984741211,362.79998779296875,44.349998474121094
2024-06-07,1179.25,1200.5,1202.5,1174.25,448.75,627.5,75.52999877929688,104.88999938964844,360.70001220703125,43.630001068115234
2024-06-10,1188.25,1179.25,1190.75,1175.5,451.75,607.5,77.73999786376953,105.1500015258789,368.0,43.65999984741211
2024-06-11,1178.0,1188.25,1193.0,1177.0,449.5,626.5,77.9000015258789,105.2300033569336,359.29998779296875,43.66999816894531
2024-06-12,1177.25,1177.25,1186.5,1171.0,454.25,617.0,78.5,104.6500015258789,360.20001220703125,43.790000915527344
2024-06-13,1189.5,1177.0,1191.25,1171.0,458.5,620.0,78.62000274658203,105.19999694824219,368.29998779296875,43.86000061035156
2024-06-14,1179.75,1188.75,1189.0,1178.0,450.0,612.75,78.44999694824219,105.55000305175781,368.3999938964844,43.68000030517578
2024-06-17,1157.75,1179.0,1179.0,1157.5,443.75,591.5,80.33000183105469,105.31999969482422,360.29998779296875,43.72999954223633
2024-06-18,1174.0,1158.25,1175.75,1156.5,450.0,582.0,81.56999969482422,105.26000213623047,364.6000061035156,44.29999923706055
2024-06-20,1155.25,1173.0,1175.75,1155.0,439.75,572.75,82.16999816894531,105.58999633789062,357.6000061035156,43.970001220703125
2024-06-21,1160.5,1156.0,1168.75,1156.0,435.0,561.5,80.7300033569336,105.80000305175781,361.79998779296875,43.939998626708984
2024-06-24,1175.25,1160.5,1179.5,1156.25,433.5,552.5,81.62999725341797,105.47000122070312,372.79998779296875,43.4900016784668
2024-06-25,1163.25,1175.0,1180.0,1157.75,425.5,541.75,80.83000183105469,105.61000061035156,365.29998779296875,42.7599983215332
2024-06-26,1162.75,1163.0,1177.5,1160.0,420.0,541.25,80.9000015258789,106.05000305175781,360.8999938964844,43.45000076293945
2024-06-27,1152.25,1161.5,1169.5,1150.75,413.75,559.75,81.73999786376953,105.91000366210938,361.1000061035156,43.4900016784668
2024-06-28,1150.5,1152.0,1167.0,1146.25,397.25,553.5,81.54000091552734,105.87000274658203,360.5,43.77000045776367
2024-07-01,1159.5,1148.25,1161.75,1148.25,398.25,569.25,83.37999725341797,105.9000015258789,365.70001220703125,45.83000183105469
2024-07-02,1165.0,1159.25,1175.0,1159.25,402.0,561.5,82.80999755859375,105.72000122070312,368.8999938964844,46.93000030517578
2024-07-03,1176.5,1162.25,1180.25,1162.0,403.5,554.5,83.87999725341797,105.4000015258789,370.5,48.599998474121094
2024-07-05,1188.5,1172.25,1191.5,1172.25,411.25,572.25,83.16000366210938,104.87999725341797,387.0,49.619998931884766
2024-07-08,1174.25,1181.75,1181.75,1167.25,395.75,553.0,82.33000183105469,105.01000213623047,379.5,49.0
2024-07-09,1161.5,1177.0,1185.0,1160.0,400.25,554.25,81.41000366210938,105.12000274658203,376.20001220703125,46.86000061035156
2024-07-10,1141.25,1165.25,1165.25,1135.75,403.25,543.5,82.0999984741211,105.05000305175781,376.29998779296875,46.2599983215332
2024-07-11,1142.75,1145.0,1145.0,1137.0,406.75,554.25,82.62000274658203,104.44000244140625,378.3999938964844,47.11000061035156
2024-07-12,1134.5,1134.5,1134.5,1134.5,400.0,538.0,82.20999908447266,104.08999633789062,368.5,47.54999923706055
2024-07-15,1078.0,1100.0,1101.0,1075.75,390.5,532.5,81.91000366210938,104.19000244140625,333.79998779296875,46.41999816894531
2024-07-16,1090.5,1076.75,1096.5,1076.75,395.75,530.75,80.76000213623047,104.2699966430664,335.3999938964844,46.70000076293945
2024-07-17,1097.25,1090.0,1102.5,1090.0,398.0,539.25,82.8499984741211,103.75,339.1000061035156,46.209999084472656
2024-07-18,1098.5,1097.5,1101.0,1089.0,391.25,535.25,82.81999969482422,104.16999816894531,337.20001220703125,46.45000076293945
2024-07-19,1097.25,1098.0,1107.75,1095.0,390.5,542.75,80.12999725341797,104.4000015258789,336.79998779296875,46.560001373291016
2024-07-22,1117.75,1100.5,1119.75,1100.5,400.25,548.0,79.77999877929688,104.30999755859375,343.6000061035156,47.0
2024-07-23,1117.5,1116.5,1129.0,1111.0,402.5,542.75,76.95999908447266,104.44999694824219,342.70001220703125,46.65999984741211
2024-07-24,1111.0,1115.25,1123.25,1104.5,403.75,547.0,77.58999633789062,104.38999938964844,343.3999938964844,46.02000045776367
2024-07-25,1116.0,1111.0,1120.5,1103.5,406.0,537.75,78.27999877929688,104.36000061035156,352.3999938964844,45.810001373291016
2024-07-26,1077.5,1113.25,1117.25,1071.5,394.5,523.5,77.16000366210938,104.31999969482422,353.29998779296875,43.65999984741211
2024-07-29,1054.75,1073.75,1073.75,1030.75,396.25,531.0,75.80999755859375,104.55999755859375,355.5,42.84000015258789
2024-07-30,1027.25,1054.75,1059.0,1023.75,388.75,524.0,74.7300033569336,104.55000305175781,352.0,42.75
2024-07-31,1028.5,1027.25,1048.5,1020.5,382.75,527.25,77.91000366210938,104.0999984741211,354.1000061035156,43.29999923706055
2024-08-01,1022.0,1030.0,1034.0,1019.5,382.0,532.0,76.30999755859375,104.41999816894531,355.8999938964844,42.869998931884766
2024-08-02,1029.25,1022.0,1031.5,1019.0,386.5,539.0,73.5199966430664,103.20999908447266,361.5,41.709999084472656
2024-08-05,1044.25,1040.0,1045.0,1021.5,390.75,539.5,72.94000244140625,102.69000244140625,360.70001220703125,41.040000915527344
2024-08-06,1028.5,1033.0,1038.25,1028.5,388.75,543.25,73.19999694824219,102.97000122070312,347.70001220703125,40.869998931884766
2024-08-07,1020.25,1020.75,1023.25,1017.25,383.25,538.25,75.2300033569336,103.19999694824219,340.79998779296875,42.25
2024-08-08,1009.75,1023.25,1023.25,1009.75,379.25,537.5,76.19000244140625,103.20999908447266,335.29998779296875,42.36000061035156
2024-08-09,1028.0,1018.0,1028.0,1014.5,376.75,542.5,76.83999633789062,103.13999938964844,326.29998779296875,42.7400016784668
2024-08-12,1012.0,1020.5,1038.25,1012.0,383.25,536.75,80.05999755859375,103.13999938964844,318.29998779296875,41.61000061035156
2024-08-13,989.0,1003.0,1003.0,989.0,377.75,528.75,78.3499984741211,102.55999755859375,306.6000061035156,40.68000030517578
2024-08-14,979.75,989.5,989.75,979.75,381.0,534.75,76.9800033569336,102.56999969482422,320.6000061035156,40.04999923706055
2024-08-15,951.5,951.75,961.0,950.5,375.0,528.25,78.16000366210938,102.9800033569336,307.8999938964844,39.470001220703125
2024-08-16,938.75,950.5,952.5,936.25,370.5,530.0,76.6500015258789,102.45999908447266,303.3999938964844,39.95000076293945
2024-08-19,956.25,938.0,957.5,938.0,378.0,528.25,74.37000274658203,101.88999938964844,311.70001220703125,40.470001220703125
2024-08-20,957.25,955.25,966.25,950.75,375.0,533.0,74.04000091552734,101.44000244140625,312.29998779296875,40.709999084472656
2024-08-21,963.0,957.0,966.0,955.5,375.5,519.75,71.93000030517578,101.04000091552734,312.5,41.0
2024-08-22,941.25,962.0,963.0,940.0,371.5,511.0,73.01000213623047,101.51000213623047,306.3999938964844,40.439998626708984
2024-08-23,952.0,941.75,954.0,941.25,367.75,502.25,74.83000183105469,100.72000122070312,306.29998779296875,41.470001220703125
2024-08-26,959.75,943.5,961.25,939.25,362.0,498.0,77.41999816894531,100.8499984741211,312.1000061035156,41.70000076293945
2024-08-27,967.5,959.0,971.75,957.0,367.25,508.25,75.52999877929688,100.55000305175781,317.29998779296875,41.150001525878906
2024-08-28,958.5,968.25,969.5,953.5,365.25,514.25,74.5199966430664,101.08999633789062,310.79998779296875,41.79999923706055
2024-08-29,973.75,957.25,975.0,957.0,371.75,525.0,75.91000366210938,101.33999633789062,308.6000061035156,43.16999816894531
2024-08-30,982.0,974.5,987.5,971.5,378.0,532.75,73.55000305175781,101.69999694824219,311.6000061035156,43.13999938964844
2024-09-03,997.0,978.75,1007.5,978.75,386.5,552.0,70.33999633789062,101.83000183105469,319.70001220703125,42.06999969482422
2024-09-04,1006.0,987.5,1006.0,987.5,390.5,565.25,69.19999694824219,101.36000061035156,323.79998779296875,41.349998474121094
2024-09-05,1008.25,999.5,1008.25,999.5,390.0,561.0,69.1500015258789,101.11000061035156,320.70001220703125,42.31999969482422
2024-09-06,989.25,1008.0,1008.0,989.25,383.75,553.25,67.66999816894531,101.18000030517578,318.3999938964844,40.77000045776367
2024-09-09,1000.0,1000.25,1000.25,1000.0,384.25,555.5,68.70999908447266,101.55000305175781,317.79998779296875,41.61000061035156
2024-09-10,977.5,980.25,981.75,977.5,379.5,558.75,65.75,101.62999725341797,310.6000061035156,40.849998474121094
2024-09-11,979.75,978.25,979.75,978.25,380.5,563.75,67.30999755859375,101.68000030517578,313.29998779296875,40.31999969482422
2024-09-12,991.5,987.5,991.5,987.5,386.25,563.0,68.97000122070312,101.37000274658203,316.5,40.810001373291016
2024-09-13,986.75,986.75,986.75,986.75,390.75,571.25,68.6500015258789,101.11000061035156,315.3999938964844,40.689998626708984
2024-09-16,1004.5,1005.0,1012.0,999.0,410.75,578.5,70.08999633789062,100.76000213623047,320.1000061035156,39.75
2024-09-17,1006.0,1003.75,1011.0,1002.0,412.5,575.75,71.19000244140625,100.88999938964844,318.0,40.54999923706055
2024-09-18,1014.0,1007.0,1022.0,1006.25,412.75,575.75,70.91000366210938,100.5999984741211,317.8999938964844,40.9900016784668
2024-09-19,1013.25,1015.0,1018.25,1006.75,405.75,565.5,71.94999694824219,100.61000061035156,319.8999938964844,41.75
2024-09-20,1012.0,1012.5,1019.0,1001.25,401.75,568.5,71.91999816894531,100.72000122070312,317.3999938964844,42.15999984741211
2024-09-23,1039.25,1012.0,1041.75,1012.0,413.5,582.5,70.37000274658203,100.91999816894531,326.5,42.619998931884766
2024-09-24,1042.25,1037.0,1058.25,1032.75,411.75,578.0,71.55999755859375,100.37000274658203,323.6000061035156,43.95000076293945
2024-09-25,1053.25,1042.0,1054.5,1031.25,415.25,589.25,69.69000244140625,100.91999816894531,326.1000061035156,44.380001068115234
2024-09-26,1041.0,1051.75,1064.75,1039.75,413.25,584.25,67.66999816894531,100.55999755859375,324.20001220703125,42.91999816894531
2024-09-27,1065.75,1039.75,1069.5,1034.25,418.0,580.0,68.18000030517578,100.41999816894531,343.70001220703125,42.18000030517578
2024-09-30,1057.0,1060.25,1069.75,1052.0,424.75,584.0,68.16999816894531,100.77999877929688,344.29998779296875,43.5099983215332
2024-10-01,1057.25,1055.75,1065.5,1045.0,429.0,599.0,69.83000183105469,101.19000244140625,350.0,42.90999984741211
2024-10-02,1056.0,1055.0,1063.75,1042.5,432.5,615.25,70.0999984741211,101.68000030517578,341.3999938964844,43.720001220703125
2024-10-03,1046.0,1053.75,1056.25,1041.75,428.25,603.5,73.70999908447266,101.98999786376953,332.79998779296875,44.689998626708984
2024-10-04,1037.75,1045.0,1055.25,1036.25,424.75,589.75,74.37999725341797,102.5199966430664,330.5,44.040000915527344
2024-10-07,1034.0,1033.5,1039.0,1026.5,426.0,592.5,77.13999938964844,102.54000091552734,324.79998779296875,44.560001373291016
2024-10-08,1016.25,1032.5,1039.5,1011.5,420.75,594.75,73.56999969482422,102.55000305175781,323.6000061035156,43.369998931884766
2024-10-09,1020.25,1015.0,1027.25,1011.5,421.0,599.0,73.23999786376953,102.93000030517578,322.5,43.2599983215332
2024-10-10,1014.75,1019.75,1025.5,1011.75,418.5,603.75,75.8499984741211,102.98999786376953,317.5,43.869998931884766
2024-10-11,1005.5,1014.5,1023.75,1004.0,415.75,599.0,75.55999755859375,102.88999938964844,316.5,43.439998626708984
2024-10-14,996.0,1002.0,1008.5,995.5,408.25,585.25,73.83000183105469,103.30000305175781,316.5,42.15999984741211
2024-10-15,991.0,995.0,996.0,981.0,401.25,579.5,70.58000183105469,103.26000213623047,311.79998779296875,42.45000076293945
2024-10-16,980.0,991.0,1001.5,978.25,404.75,585.0,70.38999938964844,103.58999633789062,313.70001220703125,41.68000030517578
2024-10-17,988.75,978.75,991.25,968.25,406.75,589.5,70.66999816894531,103.83000183105469,318.1000061035156,42.59000015258789
2024-10-18,970.0,989.5,995.5,969.25,404.75,572.75,69.22000122070312,103.48999786376953,315.6000061035156,41.81999969482422
2024-10-21,981.0,970.0,983.75,969.0,409.5,572.25,70.55999755859375,104.01000213623047,318.29998779296875,42.38999938964844
2024-10-22,991.75,980.5,997.0,976.75,416.5,576.0,72.08999633789062,104.08000183105469,317.70001220703125,43.689998626708984
2024-10-23,997.5,992.0,999.75,985.0,419.0,578.5,70.7699966430664,104.43000030517578,315.0,43.38999938964844
2024-10-24,996.25,997.5,1012.25,994.25,421.5,581.5,70.19000244140625,104.05999755859375,310.3999938964844,44.33000183105469
2024-10-25,987.75,996.25,996.25,984.0,415.25,569.0,71.77999877929688,104.26000213623047,305.79998779296875,44.150001525878906
2024-10-28,974.0,984.0,985.5,973.5,410.75,558.75,67.37999725341797,104.31999969482422,304.79998779296875,42.689998626708984
2024-10-29,965.25,974.75,980.5,965.0,413.75,570.5,67.20999908447266,104.27999877929688,301.79998779296875,42.79999923706055
2024-10-30,976.5,965.0,979.0,963.75,411.5,573.25,68.61000061035156,103.98999786376953,301.6000061035156,43.810001373291016
2024-10-31,982.5,977.5,985.5,975.5,410.75,570.5,69.26000213623047,103.9800033569336,299.5,45.13999938964844
2024-11-01,982.5,984.25,997.25,978.25,414.5,568.0,69.48999786376953,104.27999877929688,295.29998779296875,46.29999923706055
2024-11-04,987.25,990.0,995.0,982.5,416.5,568.75,71.47000122070312,103.88999938964844,299.6000061035156,45.560001373291016
2024-11-05,993.75,992.25,996.75,991.0,418.5,572.5,71.98999786376953,103.41999816894531,299.5,44.9900016784668
2024-11-06,994.5,991.75,997.5,973.0,426.25,573.25,71.69000244140625,105.08999633789062,298.3999938964844,46.34000015258789
2024-11-07,1015.5,997.0,1015.5,989.75,427.5,571.5,72.36000061035156,104.51000213623047,298.5,48.31999969482422
2024-11-08,1016.75,1015.0,1030.0,1006.0,431.0,572.5,70.37999725341797,105.0,296.20001220703125,48.77000045776367
2024-11-11,1011.75,1020.75,1025.75,1011.0,430.0,565.5,68.04000091552734,105.54000091552734,295.1000061035156,48.13999938964844
2024-11-12,1003.5,1011.75,1011.75,998.75,428.5,552.25,68.12000274658203,106.0199966430664,292.8999938964844,46.22999954223633
2024-11-13,1004.25,1001.25,1004.25,999.0,426.5,541.0,68.43000030517578,106.4800033569336,291.6000061035156,45.18000030517578
2024-11-14,985.75,990.25,990.25,985.75,419.0,530.25,68.69999694824219,106.66999816894531,287.0,44.439998626708984
2024-11-15,998.5,988.0,1005.25,987.25,424.0,536.5,67.0199966430664,106.69000244140625,289.6000061035156,45.349998474121094
2024-11-18,1009.75,1002.5,1011.5,989.5,429.25,547.25,69.16000366210938,106.27999877929688,290.29998779296875,45.52000045776367
2024-11-19,998.5,1009.75,1012.75,995.25,427.25,549.75,69.38999938964844,106.20999908447266,288.6000061035156,44.84000015258789
2024-11-20,990.5,998.5,1001.5,985.25,430.25,552.5,68.87000274658203,106.68000030517578,289.3999938964844,43.279998779296875
2024-11-21,977.75,991.0,998.75,976.25,426.75,548.75,70.0999984741211,106.97000122070312,287.70001220703125,42.18000030517578
2024-11-22,983.5,980.75,985.25,975.25,425.5,544.25,71.23999786376953,107.48999786376953,289.20001220703125,41.77000045776367
2024-11-25,985.75,987.5,993.25,983.0,424.75,535.75,68.94000244140625,106.81999969482422,293.70001220703125,41.209999084472656
2024-11-26,983.5,980.0,991.25,976.75,420.0,539.5,68.7699966430664,107.01000213623047,288.1000061035156,42.59000015258789
2024-11-27,988.75,984.0,994.25,983.25,415.75,537.75,68.72000122070312,106.08000183105469,290.5,40.75
2024-11-29,989.5,993.25,998.0,982.75,423.0,532.25,68.0,105.73999786376953,287.1000061035156,41.61000061035156
2024-12-02,985.25,989.5,990.5,977.5,424.5,537.5,68.0999984741211,106.44999694824219,283.3999938964844,41.27000045776367
2024-12-03,991.75,985.0,999.0,983.5,423.25,536.75,69.94000244140625,106.37000274658203,286.0,41.95000076293945
2024-12-04,983.75,991.5,992.0,980.5,422.0,538.0,68.54000091552734,106.33999633789062,288.0,41.22999954223633
2024-12-05,993.75,983.5,994.75,982.25,426.5,546.75,68.30000305175781,105.70999908447266,287.3999938964844,42.119998931884766
2024-12-06,993.75,993.0,997.5,987.75,430.75,542.5,67.19999694824219,105.97000122070312,283.79998779296875,42.779998779296875
2024-12-09,990.0,992.25,1003.5,985.75,434.0,541.25,68.37000274658203,106.1500015258789,286.1000061035156,42.630001068115234
2024-12-10,994.75,990.0,1000.0,988.5,440.5,542.0,68.58999633789062,106.4000015258789,288.79998779296875,42.560001373291016
2024-12-11,995.5,994.0,1001.0,988.0,438.0,543.5,70.29000091552734,106.70999908447266,288.0,42.2599983215332
2024-12-12,995.75,995.0,998.25,988.5,431.75,538.75,70.0199966430664,106.95999908447266,286.5,42.470001220703125
2024-12-13,988.25,994.25,995.0,986.0,430.0,526.5,71.29000091552734,107.0,284.1000061035156,42.279998779296875
2024-12-16,982.0,987.5,993.5,981.0,445.0,550.0,70.70999908447266,106.86000061035156,286.8999938964844,41.720001220703125
2024-12-17,976.75,982.5,986.25,970.5,443.5,545.0,70.08000183105469,106.95999908447266,287.20001220703125,40.619998931884766
2024-12-18,951.75,976.75,977.5,950.25,437.25,541.25,70.58000183105469,108.02999877929688,279.5,39.54999923706055
2024-12-19,963.0,950.25,964.75,945.25,440.75,533.0,69.91000366210938,108.41000366210938,284.1000061035156,40.0099983215332
2024-12-20,974.5,962.5,977.5,960.0,446.25,533.0,69.45999908447266,107.62000274658203,294.5,39.47999954223633
2024-12-23,969.5,974.5,979.25,968.0,447.75,540.5,69.23999786376953,108.04000091552734,289.5,40.22999954223633
2024-12-24,975.25,968.25,975.75,966.0,448.5,534.75,70.0999984741211,108.26000213623047,292.8999938964844,39.84000015258789
2024-12-26,988.0,979.0,989.75,975.0,453.75,541.0,69.62000274658203,108.12999725341797,305.70001220703125,39.470001220703125
2024-12-27,980.0,986.5,989.25,979.25,454.0,546.5,70.5999984741211,108.0,300.8999938964844,39.52000045776367
2024-12-30,982.0,983.5,994.75,974.75,452.25,548.25,70.98999786376953,108.12999725341797,302.6000061035156,39.720001220703125
2024-12-31,998.25,980.5,999.5,980.0,458.5,551.5,71.72000122070312,108.48999786376953,307.6000061035156,39.779998779296875
2025-01-02,999.5,996.5,1004.0,990.75,459.5,545.75,73.12999725341797,109.38999938964844,310.8999938964844,39.720001220703125
2025-01-03,981.0,1002.25,1002.25,978.75,450.75,529.25,73.95999908447266,108.94999694824219,299.8999938964844,39.400001525878906
2025-01-06,992.5,982.75,997.5,982.75,457.75,540.5,73.55999755859375,108.26000213623047,298.6000061035156,39.7599983215332
2025-01-07,992.25,991.0,993.25,982.5,458.0,542.5,74.25,108.54000091552734,295.29998779296875,40.720001220703125
2025-01-08,987.5,994.0,994.0,985.75,454.0,536.25,73.31999969482422,109.08999633789062,292.6000061035156,41.11000061035156
2025-01-09,992.25,982.75,992.25,980.5,456.0,534.0,73.91999816894531,109.18000030517578,291.79998779296875,42.279998779296875
2025-01-10,1013.5,992.0,1018.5,992.0,470.5,530.75,76.56999969482422,109.6500015258789,290.6000061035156,45.04999923706055
2025-01-13,1041.5,1022.0,1044.0,1021.5,476.5,545.0,78.81999969482422,109.95999908447266,300.20001220703125,45.470001220703125
2025-01-14,1043.0,1043.0,1049.0,1035.0,474.5,546.25,77.5,109.2699966430664,298.3999938964844,45.72999954223633
2025-01-15,1042.75,1046.0,1054.0,1039.75,478.75,547.0,80.04000091552734,109.08999633789062,302.0,46.27000045776367
2025-01-16,1019.0,1042.0,1042.75,1018.5,474.5,537.5,78.68000030517578,108.95999908447266,294.3999938964844,45.029998779296875
2025-01-17,1034.0,1019.0,1039.0,1019.0,484.25,538.75,77.87999725341797,109.3499984741211,297.20001220703125,45.689998626708984
2025-01-21,1067.25,1045.0,1068.0,1039.0,490.0,558.75,75.88999938964844,108.05999755859375,311.0,45.77000045776367
2025-01-22,1056.0,1066.0,1073.5,1051.75,484.25,554.0,75.44000244140625,108.16999816894531,315.79998779296875,44.41999816894531
2025-01-23,1065.5,1055.0,1076.25,1047.75,489.75,554.0,74.62000274658203,108.05000305175781,315.29998779296875,45.040000915527344
2025-01-24,1055.75,1051.0,1063.0,1046.75,486.5,544.0,74.66000366210938,107.44000244140625,304.8999938964844,45.220001220703125
2025-01-27,1045.0,1050.0,1051.0,1040.0,482.0,535.5,73.16999816894531,107.33999633789062,300.79998779296875,45.0
2025-01-28,1045.0,1042.75,1050.75,1041.0,485.25,545.25,73.7699966430664,107.87000274658203,301.6000061035156,45.130001068115234
2025-01-29,1060.5,1045.0,1061.75,1044.5,497.0,562.5,72.62000274658203,108.0,309.79998779296875,44.970001220703125
2025-01-30,1044.0,1060.0,1060.5,1042.0,490.25,566.5,72.7300033569336,107.80000305175781,304.70001220703125,44.97999954223633
2025-01-31,1042.0,1042.75,1052.0,1034.0,482.0,559.5,72.52999877929688,108.37000274658203,301.1000061035156,46.11000061035156
2025-02-03,1058.25,1032.0,1060.25,1031.75,488.75,566.75,73.16000366210938,108.98999786376953,303.70001220703125,46.5099983215332
2025-02-04,1075.0,1057.5,1077.25,1048.25,494.5,577.0,72.69999694824219,107.95999908447266,314.0,45.7599983215332
2025-02-05,1057.0,1073.5,1079.75,1053.0,493.25,572.25,71.02999877929688,107.58000183105469,308.29998779296875,45.09000015258789
2025-02-06,1060.5,1057.25,1066.5,1049.75,495.25,587.75,70.61000061035156,107.69000244140625,306.3999938964844,45.400001525878906
2025-02-07,1049.5,1060.5,1063.75,1047.5,487.5,582.75,71.0,108.04000091552734,301.3999938964844,45.97999954223633
2025-02-10,1049.5,1046.5,1052.25,1043.0,491.5,579.5,72.31999969482422,108.31999969482422,300.5,45.72999954223633
2025-02-11,1043.5,1049.0,1057.0,1041.5,484.0,577.0,73.31999969482422,107.95999908447266,296.6000061035156,46.130001068115234
2025-02-12,1027.75,1043.5,1047.0,1024.5,490.25,574.25,71.37000274658203,107.94000244140625,294.1000061035156,45.65999984741211
2025-02-13,1030.0,1028.5,1032.5,1024.0,493.5,577.75,71.29000091552734,107.30999755859375,292.70001220703125,46.25
2025-02-14,1036.0,1030.0,1046.75,1029.5,496.25,600.0,70.73999786376953,106.56999969482422,295.8999938964844,46.06999969482422
2025-02-18,1038.5,1033.0,1041.75,1026.0,502.0,604.75,71.8499984741211,107.05000305175781,293.79998779296875,47.29999923706055
2025-02-19,1031.75,1037.0,1047.75,1029.25,497.5,592.0,72.25,107.16999816894531,294.70001220703125,46.29999923706055
2025-02-20,1045.5,1032.25,1046.0,1031.75,498.0,585.5,72.56999969482422,106.33999633789062,296.0,47.2599983215332
2025-02-21,1039.5,1043.75,1049.25,1036.5,491.25,590.0,70.4000015258789,106.61000061035156,294.79998779296875,46.810001373291016
2025-02-24,1029.0,1038.25,1043.0,1027.0,482.5,579.0,70.69999694824219,106.5999984741211,291.79998779296875,45.70000076293945
2025-02-25,1031.25,1029.0,1035.0,1019.5,479.75,572.75,68.93000030517578,106.30999755859375,293.79998779296875,45.439998626708984
2025-02-26,1024.5,1030.0,1032.75,1021.25,478.25,566.0,68.62000274658203,106.41999816894531,293.3999938964844,44.970001220703125
2025-02-27,1022.75,1024.0,1034.0,1021.0,464.75,546.75,70.3499984741211,107.23999786376953,290.8999938964844,44.75
2025-02-28,1011.5,1023.25,1031.5,1011.0,453.5,537.0,69.76000213623047,107.61000061035156,291.70001220703125,43.529998779296875
2025-03-03,998.25,1012.0,1014.5,995.25,440.25,532.0,68.37000274658203,106.75,290.1000061035156,42.900001525878906
2025-03-04,984.0,995.25,1000.25,978.0,436.0,518.5,68.26000213623047,105.73999786376953,285.8999938964844,42.27000045776367
2025-03-05,997.75,991.0,998.75,983.25,440.25,530.75,66.30999755859375,105.73999786376953,293.0,42.439998626708984
2025-03-06,1014.0,999.0,1019.25,999.0,449.5,537.0,66.36000061035156,104.05999755859375,297.1000061035156,42.599998474121094
2025-03-07,1010.25,1011.0,1015.0,1010.0,455.25,533.75,67.04000091552734,103.83999633789062,296.5,42.869998931884766
2025-03-10,999.75,1013.0,1013.0,999.75,458.75,545.25,66.02999877929688,103.91000366210938,294.3999938964844,41.709999084472656
2025-03-11,997.75,998.0,1006.25,997.0,456.5,541.0,66.25,103.44000244140625,294.1000061035156,41.43000030517578
2025-03-12,987.5,997.5,997.5,982.75,448.75,538.75,67.68000030517578,103.61000061035156,292.3999938964844,41.18000030517578
2025-03-13,996.75,999.25,999.25,996.75,453.5,547.25,66.55000305175781,103.83000183105469,300.29998779296875,40.779998779296875
2025-03-14,999.25,999.25,999.25,999.25,445.5,545.75,67.18000030517578,103.72000122070312,298.8999938964844,41.0
2025-03-17,1015.5,1016.25,1021.75,1010.25,461.0,568.5,67.58000183105469,103.37000274658203,304.29998779296875,42.099998474121094
2025-03-18,1012.75,1015.0,1021.75,1011.25,458.75,565.0,66.9000015258789,103.23999786376953,299.8999938964844,42.540000915527344
2025-03-19,1008.25,1012.0,1016.0,1006.5,462.0,563.5,67.16000366210938,103.43000030517578,297.70001220703125,42.36000061035156
2025-03-20,1013.0,1009.0,1014.5,1004.0,469.0,557.25,68.26000213623047,103.8499984741211,297.1000061035156,42.709999084472656
2025-03-21,1009.75,1013.5,1016.75,1004.25,464.25,558.25,68.27999877929688,104.08999633789062,300.29998779296875,42.0099983215332
2025-03-24,1007.25,1010.0,1011.5,1003.25,464.5,548.25,69.11000061035156,104.26000213623047,297.6000061035156,42.150001525878906
2025-03-25,1001.75,1007.0,1007.75,998.25,457.75,543.25,69.0,104.18000030517578,295.1000061035156,42.29999923706055
2025-03-26,1001.0,1002.75,1008.75,997.5,451.25,535.25,69.6500015258789,104.55000305175781,293.6000061035156,42.63999938964844
2025-03-27,1016.75,1001.0,1017.75,999.75,450.0,532.0,69.91999816894531,104.06999969482422,294.5,44.27000045776367
2025-03-28,1023.0,1015.0,1023.5,1009.0,453.25,528.25,69.36000061035156,104.04000091552734,293.5,45.15999984741211
2025-03-31,1014.75,1023.0,1031.5,1013.25,457.25,537.0,71.4800033569336,104.20999908447266,292.70001220703125,44.88999938964844
2025-04-01,1034.25,1014.75,1034.75,1010.5,461.75,540.5,71.19999694824219,104.26000213623047,292.29998779296875,47.439998626708984
2025-04-02,1029.5,1032.0,1033.0,1024.5,457.75,539.25,71.70999908447266,103.80999755859375,287.20001220703125,48.5
2025-04-03,1011.5,1011.0,1020.25,1005.25,457.5,536.0,66.94999694824219,102.06999969482422,288.0,47.060001373291016
2025-04-04,977.0,1011.0,1012.75,970.25,460.25,529.0,61.9900016784668,103.0199966430664,283.1000061035156,45.84000015258789
2025-04-07,983.0,971.75,993.5,969.5,464.5,536.5,60.70000076293945,103.26000213623047,288.3999938964844,45.150001525878906
2025-04-08,992.75,983.25,1002.25,982.5,469.0,540.0,59.58000183105469,102.95999908447266,291.0,44.939998626708984
2025-04-09,1012.75,989.0,1015.5,987.5,474.0,542.25,62.349998474121094,102.9000015258789,294.5,46.189998626708984
2025-04-10,1029.0,1015.25,1029.5,1010.75,483.0,538.0,60.06999969482422,100.87000274658203,297.8999938964844,46.31999969482422
2025-04-11,1042.75,1026.5,1044.5,1021.75,490.25,555.75,61.5,99.77999877929688,299.6000061035156,47.349998474121094
2025-04-14,1041.75,1040.75,1049.5,1036.75,485.0,547.5,61.529998779296875,99.63999938964844,297.1000061035156,46.31999969482422
2025-04-15,1036.0,1040.5,1041.25,1030.75,481.25,542.0,61.33000183105469,100.22000122070312,294.20001220703125,47.33000183105469
2025-04-16,1038.75,1035.25,1045.75,1028.0,484.25,547.75,62.470001220703125,99.37999725341797,296.70001220703125,47.47999954223633
2025-04-17,1036.5,1038.0,1045.25,1032.0,482.25,548.75,64.68000030517578,99.37999725341797,295.6000061035156,47.869998931884766
2025-04-21,1029.5,1039.75,1043.75,1029.0,481.75,538.5,63.08000183105469,98.27999877929688,292.8999938964844,47.81999969482422
2025-04-22,1035.0,1030.75,1039.5,1030.0,475.75,535.5,64.30999755859375,98.91999816894531,291.8999938964844,47.58000183105469
2025-04-23,1040.25,1037.5,1046.0,1034.25,472.0,528.25,62.27000045776367,99.83999633789062,290.79998779296875,47.90999984741211
2025-04-24,1053.0,1042.0,1055.0,1039.0,477.25,529.25,62.790000915527344,99.29000091552734,288.70001220703125,49.650001525878906
2025-04-25,1049.75,1053.0,1058.0,1046.75,478.75,530.0,63.02000045776367,99.47000122070312,290.0,49.279998779296875
2025-04-28,1052.0,1049.5,1054.0,1041.5,475.5,515.5,62.04999923706055,99.01000213623047,287.0,49.90999984741211
2025-04-29,1041.0,1051.5,1052.75,1034.75,460.5,505.75,60.41999816894531,99.23999786376953,290.5,48.849998474121094
2025-04-30,1034.75,1040.5,1042.5,1028.25,467.25,513.0,58.209999084472656,99.47000122070312,290.0,48.58000183105469
2025-05-01,1040.25,1034.5,1043.0,1027.0,464.25,515.25,59.2400016784668,100.25,286.5,49.36000061035156
2025-05-02,1048.75,1039.5,1051.5,1039.5,461.25,526.5,58.290000915527344,100.0,290.20001220703125,49.08000183105469
2025-05-05,1038.0,1044.5,1046.5,1037.0,446.5,514.25,57.130001068115234,99.83000183105469,288.70001220703125,48.369998931884766
2025-05-06,1034.75,1038.0,1038.0,1030.0,447.5,519.0,59.09000015258789,99.23999786376953,286.1000061035156,47.97999954223633
2025-05-07,1030.5,1038.0,1045.0,1030.0,441.0,518.0,58.06999969482422,99.61000061035156,288.0,46.95000076293945
2025-05-08,1036.75,1030.0,1039.0,1029.0,439.0,513.0,59.90999984741211,100.63999938964844,287.79998779296875,48.029998779296875
2025-05-09,1044.0,1036.5,1048.0,1036.5,441.5,505.5,61.02000045776367,100.33999633789062,287.20001220703125,48.150001525878906
2025-05-12,1066.0,1046.0,1066.0,1046.0,440.25,499.0,61.95000076293945,101.79000091552734,291.1000061035156,49.4900016784668
2025-05-13,1067.25,1069.0,1071.0,1067.25,436.0,501.5,63.66999816894531,101.0,285.8999938964844,51.099998474121094
2025-05-14,1067.0,1075.0,1075.0,1048.25,438.5,508.75,63.150001525878906,101.04000091552734,285.3999938964844,51.619998931884766
2025-05-15,1051.25,1073.0,1073.25,1046.0,448.5,532.75,61.619998931884766,100.87999725341797,296.3999938964844,49.31999969482422
2025-05-16,1050.0,1052.5,1059.75,1047.25,443.5,525.0,62.4900016784668,101.08999633789062,291.8999938964844,48.93000030517578
2025-05-19,1050.75,1050.25,1056.0,1045.75,447.5,529.0,62.689998626708984,100.43000030517578,291.1000061035156,49.439998626708984
2025-05-20,1053.0,1050.75,1056.75,1046.25,454.5,546.0,62.560001373291016,100.12000274658203,292.6000061035156,49.5
2025-05-21,1062.75,1052.75,1067.5,1052.75,461.0,549.25,61.56999969482422,99.55999755859375,294.1000061035156,49.83000183105469
2025-05-22,1067.5,1057.0,1070.75,1051.0,463.0,544.5,61.20000076293945,99.95999908447266,298.5,49.11000061035156
2025-05-23,1060.25,1071.0,1073.25,1055.5,459.5,542.5,61.529998779296875,99.11000061035156,296.20001220703125,49.349998474121094
2025-05-27,1062.5,1061.25,1067.75,1059.0,459.5,528.5,60.88999938964844,99.5199966430664,296.29998779296875,49.56999969482422
2025-05-28,1048.5,1061.75,1064.25,1047.5,451.0,530.25,61.84000015258789,99.87999725341797,293.70001220703125,48.93000030517578
2025-05-29,1051.75,1055.5,1055.75,1040.0,447.0,534.0,60.939998626708984,99.27999877929688,296.3999938964844,48.38999938964844
2025-05-30,1041.75,1049.0,1050.5,1040.25,444.0,534.0,60.790000915527344,99.33000183105469,296.29998779296875,46.88999938964844
2025-06-02,1033.5,1042.25,1042.75,1032.5,438.25,539.0,62.52000045776367,98.69999694824219,293.8999938964844,46.279998779296875
2025-06-03,1040.75,1034.5,1044.0,1032.75,438.5,536.0,63.40999984741211,99.25,294.5,46.810001373291016
2025-06-04,1045.0,1040.5,1053.0,1037.75,438.75,543.25,62.849998474121094,98.79000091552734,297.1000061035156,46.810001373291016
2025-06-05,1051.75,1044.75,1056.75,1040.0,439.5,545.5,63.369998931884766,98.73999786376953,297.1000061035156,46.650001525878906
2025-06-06,1057.25,1050.75,1060.5,1047.0,442.5,554.75,64.58000183105469,99.19000244140625,295.70001220703125,47.5
2025-06-09,1056.0,1057.5,1061.75,1053.5,433.5,542.0,65.29000091552734,98.94000244140625,295.5,47.380001068115234
2025-06-10,1057.75,1057.25,1063.75,1055.75,438.75,534.5,64.9800033569336,99.05000305175781,295.8999938964844,47.790000915527344
2025-06-11,1050.5,1057.75,1062.75,1049.25,437.0,534.25,68.1500015258789,98.62999725341797,294.20001220703125,48.02000045776367
2025-06-12,1042.25,1049.0,1056.25,1038.5,438.5,526.5,68.04000091552734,97.91999816894531,294.5,47.61000061035156
2025-06-13,1069.75,1042.25,1071.0,1040.75,444.5,543.75,72.9800033569336,98.18000030517578,291.8999938964844,50.61000061035156
2025-06-16,1069.75,1069.5,1079.25,1064.25,434.75,536.5,71.7699966430664,98.0,283.70001220703125,55.11000061035156
2025-06-17,1074.0,1069.75,1075.25,1063.75,431.5,549.0,74.83999633789062,98.81999969482422,285.1000061035156,54.790000915527344
2025-06-18,1074.75,1072.25,1079.75,1069.5,433.5,574.25,75.13999938964844,98.91000366210938,284.8999938964844,54.77000045776367
2025-06-20,1068.0,1074.0,1080.5,1067.0,428.75,567.75,74.93000030517578,98.70999908447266,284.1000061035156,54.470001220703125
2025-06-23,1058.75,1072.5,1073.75,1056.0,419.25,552.75,68.51000213623047,98.41999816894531,282.3999938964844,53.2400016784668
2025-06-24,1046.75,1055.0,1062.25,1046.25,416.25,535.75,64.37000274658203,97.86000061035156,280.5,52.16999816894531
2025-06-25,1025.25,1047.25,1054.75,1023.5,410.25,528.25,64.91999816894531,97.68000030517578,276.0,51.81999969482422
2025-06-26,1022.75,1027.25,1030.5,1017.25,409.5,521.0,65.23999786376953,97.1500015258789,270.8999938964844,52.52000045776367
2025-06-27,1027.75,1023.25,1034.25,1020.0,417.5,524.75,65.5199966430664,97.4000015258789,271.1000061035156,52.45000076293945
2025-06-30,1024.25,1030.0,1039.25,1018.25,420.5,528.75,65.11000061035156,96.87999725341797,271.29998779296875,52.5099983215332
2025-07-01,1024.75,1022.0,1026.5,1012.25,420.0,537.25,65.44999694824219,96.81999969482422,269.20001220703125,53.7599983215332
2025-07-02,1050.5,1027.25,1050.75,1027.25,429.25,556.0,67.44999694824219,96.77999877929688,272.3999938964844,55.060001373291016
2025-07-03,1056.25,1055.25,1061.5,1050.5,431.5,547.75,67.0,97.18000030517578,273.79998779296875,54.70000076293945
2025-07-07,1031.75,1040.75,1051.0,1030.25,418.0,539.75,67.93000030517578,97.4800033569336,268.5,54.06999969482422
2025-07-08,1024.25,1038.75,1040.5,1024.25,411.0,543.0,68.33000183105469,97.51000213623047,267.20001220703125,54.11000061035156
2025-07-09,1012.25,1023.5,1023.5,1012.25,412.5,542.75,68.37999725341797,97.47000122070312,266.1000061035156,53.349998474121094
2025-07-10,1012.5,1005.25,1013.0,1004.5,407.25,550.25,66.56999969482422,97.6500015258789,268.5,53.66999816894531
2025-07-11,1004.0,1012.5,1015.5,1004.0,403.0,540.75,68.44999694824219,97.8499984741211,267.6000061035156,54.40999984741211
2025-07-14,997.0,1002.0,1002.0,997.0,412.75,534.0,66.9800033569336,98.08000183105469,265.20001220703125,54.40999984741211
2025-07-15,995.0,997.25,1002.5,993.0,401.25,538.0,66.5199966430664,98.62000274658203,265.29998779296875,54.560001373291016
2025-07-16,1013.5,996.25,1014.5,996.0,405.25,541.25,66.37999725341797,98.38999938964844,268.3999938964844,54.81999969482422
2025-07-17,1021.5,1012.5,1022.5,1009.5,402.0,533.5,67.54000091552734,98.7300033569336,268.70001220703125,56.220001220703125
2025-07-18,1027.75,1021.25,1037.25,1020.25,408.5,546.25,67.33999633789062,98.4800033569336,274.0,55.81999969482422
2025-07-21,1015.0,1024.0,1028.5,1011.5,403.75,542.25,67.19999694824219,97.8499984741211,270.5,56.06999969482422
2025-07-22,1010.25,1016.0,1017.5,1005.0,399.25,549.5,66.20999908447266,97.38999938964844,273.79998779296875,55.630001068115234
2025-07-23,1005.75,1010.5,1019.25,1004.75,398.5,540.5,65.25,97.20999908447266,272.0,56.13999938964844
2025-07-24,1004.25,1005.0,1010.75,999.0,401.75,541.5,66.02999877929688,97.37999725341797,269.70001220703125,56.66999816894531
2025-07-25,998.75,1004.75,1008.25,996.5,399.5,538.25,65.16000366210938,97.6500015258789,267.79998779296875,56.4900016784668
2025-07-28,988.75,995.0,996.25,986.75,393.75,538.5,66.70999908447266,98.66000366210938,264.8999938964844,56.54999923706055
2025-07-29,981.75,987.75,990.75,976.75,389.25,529.75,69.20999908447266,98.91000366210938,261.70001220703125,57.540000915527344
2025-07-30,967.75,982.0,984.0,967.5,391.75,523.75,70.0,99.94000244140625,260.70001220703125,56.5
2025-07-31,961.75,970.25,972.5,960.75,394.0,523.25,69.26000213623047,100.02999877929688,261.79998779296875,55.58000183105469
2025-08-01,961.75,962.0,965.25,961.75,389.5,516.75,67.33000183105469,98.69000244140625,267.5,54.720001220703125
2025-08-04,969.0,969.5,970.25,968.25,387.0,516.75,66.29000091552734,98.77999877929688,273.79998779296875,54.5
2025-08-05,969.0,969.0,970.25,968.0,381.5,508.25,65.16000366210938,98.77999877929688,273.6000061035156,53.84000015258789
2025-08-06,961.5,973.75,977.5,961.5,379.75,508.5,64.3499984741211,98.18000030517578,269.3999938964844,53.790000915527344
2025-08-07,971.75,966.0,971.75,966.0,384.5,518.25,63.880001068115234,98.4000015258789,272.70001220703125,53.540000915527344
2025-08-08,966.75,968.5,975.75,966.75,382.75,514.5,63.880001068115234,98.18000030517578,273.3999938964844,52.7599983215332
2025-08-11,989.5,988.0,991.75,988.0,385.0,515.0,63.959999084472656,98.5199966430664,277.70001220703125,53.290000915527344
2025-08-12,1011.75,978.5,1011.75,975.0,371.5,505.0,63.16999816894531,98.0999984741211,278.3999938964844,53.29999923706055
2025-08-13,1023.5,1013.5,1025.5,1013.5,374.0,507.25,62.650001525878906,97.83999633789062,284.1000061035156,53.349998474121094
2025-08-14,1008.5,1008.5,1008.5,1008.5,375.0,503.5,63.959999084472656,98.25,282.1000061035156,51.9900016784668
2025-08-15,1022.25,1008.5,1023.0,1005.75,383.75,506.5,62.79999923706055,97.8499984741211,283.3999938964844,53.18000030517578
2025-08-18,1020.75,1021.5,1027.0,1014.25,383.0,502.75,63.41999816894531,98.16999816894531,280.3999938964844,53.27000045776367
2025-08-19,1013.0,1021.5,1025.25,1009.75,379.5,498.5,62.349998474121094,98.2699966430664,287.3999938964844,51.68000030517578
2025-08-20,1015.0,1013.0,1019.25,1011.0,380.0,505.5,63.209999084472656,98.22000122070312,292.0,51.20000076293945
2025-08-21,1034.5,1015.0,1035.25,1011.5,387.25,507.0,63.52000045776367,98.62000274658203,296.79998779296875,53.63999938964844
2025-08-22,1036.5,1032.75,1040.5,1030.5,388.25,504.75,63.65999984741211,97.72000122070312,296.70001220703125,54.84000015258789
2025-08-25,1025.5,1036.0,1039.5,1023.5,389.25,506.75,64.80000305175781,98.43000030517578,295.70001220703125,54.310001373291016
2025-08-26,1028.75,1025.0,1034.5,1019.5,387.5,509.5,63.25,98.2300033569336,297.20001220703125,52.7599983215332
2025-08-27,1027.25,1028.25,1033.25,1024.0,382.5,502.25,64.1500015258789,98.2300033569336,293.1000061035156,52.470001220703125
2025-08-28,1028.25,1027.75,1030.75,1019.5,385.5,510.25,64.5999984741211,97.80999755859375,286.29998779296875,51.75
2025-08-29,1036.75,1028.0,1037.0,1024.0,398.0,518.0,64.01000213623047,97.7699966430664,283.6000061035156,51.470001220703125
2025-09-02,1025.75,1035.0,1035.0,1019.5,403.0,513.0,65.58999633789062,98.4000015258789,275.5,51.970001220703125
2025-09-03,1016.0,1019.25,1019.75,1015.5,397.75,504.0,63.970001220703125,98.13999938964844,275.8999938964844,51.15999984741211
2025-09-04,1012.0,1012.0,1012.0,1007.5,399.75,502.25,63.47999954223633,98.3499984741211,279.3999938964844,51.22999954223633
2025-09-05,1006.5,1015.0,1015.0,1006.5,399.0,501.0,61.869998931884766,97.7699966430664,280.5,50.560001373291016
2025-09-08,1013.5,1007.5,1013.5,1005.5,403.0,505.5,62.2599983215332,97.44999694824219,284.70001220703125,50.72999954223633
2025-09-09,1011.5,1011.5,1011.5,1011.5,401.25,500.75,62.630001068115234,97.79000091552734,291.70001220703125,49.70000076293945
2025-09-10,1005.5,1007.75,1009.75,1005.5,397.25,495.0,63.66999816894531,97.77999877929688,286.3999938964844,50.220001220703125
2025-09-11,1015.25,1015.25,1015.25,1015.25,399.0,503.0,62.369998931884766,97.54000091552734,288.29998779296875,50.81999969482422
2025-09-12,1025.75,1025.75,1025.75,1025.75,399.0,503.0,62.689998626708984,97.55000305175781,288.29998779296875,51.380001068115234
2025-09-15,1042.75,1043.0,1051.25,1039.75,423.25,525.0,63.29999923706055,97.30000305175781,285.20001220703125,51.7599983215332
2025-09-16,1049.75,1043.0,1052.5,1041.75,429.5,534.0,64.5199966430664,96.62999725341797,285.79998779296875,52.689998626708984
2025-09-17,1043.75,1049.25,1052.75,1042.0,426.75,528.25,64.05000305175781,96.87000274658203,283.8999938964844,51.2400016784668
2025-09-18,1037.5,1043.75,1044.5,1035.25,423.75,524.25,63.56999969482422,97.3499984741211,283.0,50.56999969482422
2025-09-19,1025.5,1038.5,1047.75,1024.0,424.0,522.5,62.68000030517578,97.63999938964844,282.8999938964844,50.029998779296875
2025-09-22,1011.0,1024.25,1025.0,1006.25,421.75,510.75,62.63999938964844,97.33000183105469,278.8999938964844,49.16999816894531
2025-09-23,1012.0,1010.75,1015.5,1005.0,426.25,520.5,63.40999984741211,97.26000213623047,275.1000061035156,49.349998474121094
2025-09-24,1009.0,1011.25,1020.25,1005.75,424.25,519.5,64.98999786376953,97.87000274658203,271.70001220703125,49.290000915527344
2025-09-25,1012.25,1008.5,1017.0,1006.5,425.75,527.0,64.9800033569336,98.55000305175781,268.6000061035156,49.7400016784668
2025-09-26,1013.75,1012.0,1015.75,1008.75,422.0,519.75,65.72000122070312,98.1500015258789,268.79998779296875,49.599998474121094
2025-09-29,1010.5,1011.75,1013.75,1006.0,421.5,519.5,63.45000076293945,97.91000366210938,268.1000061035156,49.11000061035156
2025-09-30,1001.75,1009.25,1009.25,1000.5,415.5,508.0,62.369998931884766,97.7699966430664,265.70001220703125,48.869998931884766
2025-10-01,1013.0,1000.25,1020.0,993.75,416.5,509.25,61.779998779296875,97.70999908447266,264.70001220703125,49.75
2025-10-02,1023.75,1013.0,1025.5,1008.25,421.75,514.75,60.47999954223633,97.8499984741211,271.29998779296875,49.81999969482422
2025-10-03,1018.0,1021.0,1028.75,1016.5,419.0,515.25,60.880001068115234,97.72000122070312,270.70001220703125,49.43000030517578
2025-10-06,1017.75,1015.25,1023.25,1014.0,421.75,512.75,61.689998626708984,98.11000061035156,268.79998779296875,49.790000915527344
2025-10-07,1022.0,1017.0,1025.5,1016.0,419.75,506.75,61.72999954223633,98.58000183105469,268.8999938964844,50.529998779296875
2025-10-08,1029.5,1021.25,1030.0,1020.0,422.0,507.25,62.54999923706055,98.8499984741211,270.79998779296875,50.970001220703125
2025-10-09,1022.25,1029.0,1030.0,1020.75,418.25,506.5,61.5099983215332,99.54000091552734,269.70001220703125,50.380001068115234
2025-10-10,1006.75,1021.5,1024.75,1002.5,413.0,498.5,58.900001525878906,98.9800033569336,267.3999938964844,49.400001525878906
2025-10-13,1007.75,1006.0,1013.0,1003.0,410.75,496.75,59.4900016784668,99.2699966430664,266.5,50.040000915527344
2025-10-14,1006.5,1007.0,1009.75,1001.0,413.0,500.25,58.70000076293945,99.05000305175781,267.0,49.91999816894531
2025-10-15,1006.5,1006.5,1011.75,1002.0,416.75,498.75,58.27000045776367,98.79000091552734,275.8999938964844,50.79999923706055
2025-10-16,1010.75,1006.25,1019.75,1006.0,421.75,502.5,57.459999084472656,98.38999938964844,276.8999938964844,50.869998931884766
2025-10-17,1019.5,1010.75,1021.5,1010.5,422.5,503.75,57.540000915527344,98.43000030517578,281.0,51.130001068115234
2025-10-20,1031.75,1020.0,1033.75,1019.75,423.25,504.75,57.52000045776367,98.58999633789062,285.0,51.310001373291016
2025-10-21,1030.75,1031.75,1038.0,1027.75,419.75,500.25,57.81999969482422,98.93000030517578,286.8999938964844,50.650001525878906
2025-10-22,1034.75,1030.0,1038.0,1027.5,423.0,503.75,58.5,98.9000015258789,290.0,50.06999969482422
2025-10-23,1044.75,1034.75,1045.0,1033.5,428.0,513.0,61.790000915527344,98.94000244140625,292.29998779296875,50.869998931884766
2025-10-24,1041.75,1044.25,1045.5,1040.75,423.25,512.5,61.5,98.94999694824219,294.1000061035156,50.27000045776367
2025-10-27,1067.25,1052.5,1072.75,1052.25,428.75,526.0,61.310001373291016,98.77999877929688,298.20001220703125,50.77000045776367
2025-10-28,1078.25,1066.5,1091.5,1065.25,432.0,529.0,60.150001525878906,98.69000244140625,306.5,50.2599983215332
2025-10-29,1080.25,1075.75,1084.75,1068.5,434.0,532.25,60.47999954223633,99.22000122070312,308.70001220703125,50.15999984741211
2025-10-30,1091.25,1077.5,1101.0,1057.0,430.25,524.25,60.56999969482422,99.52999877929688,315.6000061035156,49.650001525878906
2025-10-31,1099.75,1089.25,1100.0,1085.25,431.5,534.0,60.97999954223633,99.80000305175781,321.6000061035156,48.68000030517578
2025-11-03,1119.75,1099.0,1120.75,1099.0,434.25,543.5,61.04999923706055,99.87000274658203,320.79998779296875,49.84000015258789
2025-11-04,1108.25,1116.5,1119.0,1100.75,431.5,550.25,60.560001373291016,100.22000122070312,317.3999938964844,49.529998779296875
2025-11-05,1119.75,1106.25,1120.25,1106.25,435.25,554.75,59.599998474121094,100.19999694824219,324.79998779296875,49.689998626708984
2025-11-06,1091.75,1115.0,1115.0,1090.0,428.75,535.5,59.43000030517578,99.7300033569336,312.70001220703125,49.349998474121094
2025-11-07,1101.75,1093.5,1102.5,1093.25,427.25,527.75,59.75,99.5999984741211,317.1000061035156,49.68000030517578
2025-11-10,1116.0,1106.25,1116.0,1106.25,429.75,535.75,60.130001068115234,99.62000274658203,320.0,50.58000183105469
2025-11-11,1113.25,1110.5,1115.0,1106.0,432.0,536.0,61.040000915527344,99.45999908447266,316.8999938964844,51.099998474121094
2025-11-12,1120.5,1120.75,1120.75,1110.0,435.25,536.0,58.4900016784668,99.4800033569336,321.0,50.619998931884766
2025-11-13,1132.0,1120.25,1135.75,1115.5,441.5,535.75,58.689998626708984,99.18000030517578,328.3999938964844,50.25
2025-11-14,1112.75,1133.0,1138.75,1112.75,430.25,527.25,60.09000015258789,99.2699966430664,322.5,50.150001525878906
2025-11-17,1157.25,1120.0,1160.25,1114.25,434.75,544.25,59.90999984741211,99.58999633789062,330.79998779296875,51.13999938964844
2025-11-18,1153.5,1155.5,1169.5,1147.75,436.75,546.5,60.7400016784668,99.55000305175781,327.0,52.16999816894531
2025-11-19,1136.25,1152.25,1152.5,1135.0,429.75,536.75,59.439998626708984,100.2300033569336,318.8999938964844,51.099998474121094
2025-11-20,1122.5,1135.5,1142.75,1121.5,426.5,527.0,59.13999938964844,100.16000366210938,314.0,50.65999984741211
2025-11-21,1125.0,1122.5,1127.5,1113.25,425.5,527.0,58.060001373291016,100.18000030517578,315.1000061035156,50.2599983215332
2025-11-24,1123.25,1128.25,1131.0,1116.25,423.75,522.25,58.84000015258789,100.13999938964844,314.20001220703125,50.18000030517578
2025-11-25,1124.75,1121.75,1128.75,1117.25,423.5,527.25,57.95000076293945,99.66000366210938,317.0,50.29999923706055
2025-11-26,1131.5,1125.5,1135.25,1122.75,431.75,529.0,58.650001525878906,99.5999984741211,317.1000061035156,50.869998931884766
2025-11-28,1137.75,1131.75,1138.75,1129.75,435.5,531.0,58.54999923706055,99.45999908447266,314.3999938964844,51.7599983215332
2025-12-01,1128.0,1140.0,1142.25,1127.0,432.75,530.25,59.31999969482422,99.41000366210938,311.1000061035156,52.060001373291016
2025-12-02,1124.75,1126.5,1135.75,1123.25,438.0,537.75,58.63999938964844,99.36000061035156,308.6000061035156,52.349998474121094
2025-12-03,1115.75,1125.25,1130.75,1115.5,431.5,537.75,58.95000076293945,98.8499984741211,308.3999938964844,51.349998474121094
2025-12-04,1119.5,1117.0,1124.5,1114.0,437.75,541.0,59.66999816894531,98.98999786376953,308.5,51.529998779296875
2025-12-05,1105.25,1119.25,1121.0,1104.5,436.75,537.5,60.08000183105469,98.98999786376953,304.70001220703125,51.36000061035156
2025-12-08,1093.75,1105.0,1107.5,1092.25,436.25,536.0,58.880001068115234,99.08999633789062,303.6000061035156,50.900001525878906
2025-12-09,1087.25,1093.75,1094.75,1084.5,440.75,536.25,58.25,99.22000122070312,298.20001220703125,50.72999954223633
2025-12-10,1091.25,1087.5,1093.25,1081.5,434.75,531.25,58.459999084472656,98.79000091552734,298.20001220703125,50.810001373291016
2025-12-11,1093.5,1091.0,1096.0,1086.25,435.25,534.5,57.599998474121094,98.3499984741211,298.79998779296875,50.560001373291016
2025-12-12,1076.75,1093.0,1094.5,1075.75,431.5,534.5,57.439998626708984,98.4000015258789,300.6000061035156,49.72999954223633
2025-12-15,1071.75,1074.5,1080.0,1067.0,439.75,520.75,56.81999969482422,98.1500015258789,303.5,49.47999954223633
2025-12-16,1062.75,1072.0,1076.25,1059.5,436.5,509.5,55.27000045776367,98.1500015258789,302.3999938964844,48.36000061035156
2025-12-17,1058.25,1063.5,1067.5,1053.5,440.5,506.25,55.939998626708984,98.37000274658203,298.20001220703125,48.52000045776367
2025-12-18,1052.25,1058.25,1061.25,1051.0,444.5,507.75,56.150001525878906,98.43000030517578,298.3999938964844,48.11000061035156
2025-12-19,1049.25,1052.25,1054.0,1047.0,443.75,509.75,56.65999984741211,98.5999984741211,297.6000061035156,47.900001525878906
2025-12-22,1053.25,1048.5,1056.0,1048.5,447.0,515.5,58.0099983215332,98.29000091552734,298.6000061035156,48.54999923706055
2025-12-23,1051.5,1053.5,1057.75,1049.75,447.5,517.0,58.380001068115234,97.94000244140625,301.1000061035156,48.29999923706055
2025-12-24,1063.25,1051.25,1064.75,1050.75,451.0,521.75,58.349998474121094,97.9800033569336,304.70001220703125,49.029998779296875
2025-12-26,1058.75,1067.0,1069.25,1057.0,450.0,519.0,56.7400016784668,98.0199966430664,303.70001220703125,48.720001220703125
2025-12-29,1049.5,1060.5,1063.5,1049.0,442.25,513.0,58.08000183105469,98.04000091552734,298.79998779296875,48.779998779296875
2025-12-30,1046.25,1049.5,1053.5,1044.0,440.5,510.75,57.95000076293945,98.23999786376953,296.70001220703125,48.93000030517578
2025-12-31,1030.5,1045.0,1046.75,1030.0,440.25,507.0,57.41999816894531,98.27999877929688,294.5,48.06999969482422
2026-01-02,1029.5,1030.0,1030.0,1022.0,437.5,506.5,57.31999969482422,98.41999816894531,291.0,48.869998931884766
2026-01-05,1047.25,1036.75,1048.0,1035.75,444.5,512.5,58.31999969482422,98.2699966430664,294.8999938964844,49.470001220703125
2026-01-06,1042.0,1048.25,1053.0,1042.0,444.0,510.5,57.130001068115234,98.58000183105469,294.70001220703125,49.0
2026-01-07,1052.75,1044.75,1055.0,1044.75,446.75,518.0,55.9900016784668,98.68000030517578,301.5,48.81999969482422
2026-01-08,1047.0,1050.25,1053.0,1047.0,446.0,518.0,57.7599983215332,98.93000030517578,300.3999938964844,49.029998779296875
2026-01-09,1048.5,1047.5,1053.0,1047.5,445.75,517.25,59.119998931884766,99.12999725341797,300.0,49.2599983215332
2026-01-12,1033.0,1053.75,1056.5,1033.0,421.5,511.25,59.5,98.86000061035156,294.6000061035156,49.81999969482422
2026-01-13,1023.25,1029.25,1029.75,1023.25,419.75,510.5,61.150001525878906,99.12999725341797,286.3999938964844,50.779998779296875
2026-01-14,1030.5,1027.25,1033.25,1027.25,422.0,512.5,62.02000045776367,99.12999725341797,287.20001220703125,50.7599983215332
2026-01-15,1053.0,1043.5,1058.25,1041.5,420.25,510.5,59.189998626708984,99.31999969482422,289.20001220703125,52.970001220703125
2026-01-16,1057.75,1053.0,1059.0,1047.75,424.75,518.0,59.439998626708984,99.38999938964844,290.0,52.61000061035156
2026-01-20,1053.0,1053.0,1061.75,1052.0,423.75,510.25,60.34000015258789,98.63999938964844,291.6000061035156,52.560001373291016
2026-01-21,1064.5,1053.25,1069.25,1053.0,421.75,507.75,60.619998931884766,98.76000213623047,291.3999938964844,54.0099983215332
2026-01-22,1064.0,1064.5,1072.5,1060.5,424.0,515.5,59.36000061035156,98.36000061035156,296.20001220703125,53.779998779296875
2026-01-23,1067.75,1063.5,1071.5,1061.25,430.5,529.5,61.06999969482422,97.5999984741211,299.8999938964844,53.9900016784668
2026-01-26,1061.75,1067.75,1076.25,1059.75,428.25,522.5,60.630001068115234,97.04000091552734,294.29998779296875,53.88999938964844
2026-01-27,1067.25,1060.25,1069.5,1058.5,426.5,523.25,62.38999938964844,96.22000122070312,294.0,54.40999984741211
2026-01-28,1075.0,1067.25,1084.75,1067.0,430.0,536.0,63.209999084472656,96.44999694824219,297.79998779296875,54.310001373291016
2026-01-29,1072.25,1075.0,1085.5,1069.0,430.75,541.5,65.41999816894531,96.27999877929688,296.0,54.029998779296875
2026-01-30,1064.25,1072.5,1074.0,1061.0,428.25,538.0,65.20999908447266,96.98999786376953,293.6000061035156,53.5099983215332
2026-02-02,1060.25,1063.5,1064.0,1051.75,425.75,527.75,62.13999938964844,97.61000061035156,294.5,53.20000076293945
2026-02-03,1065.75,1060.5,1071.0,1060.0,428.5,528.75,63.209999084472656,97.44000244140625,291.8999938964844,54.4900016784668
2026-02-04,1092.25,1066.75,1115.25,1059.5,429.5,526.75,65.13999938964844,97.62000274658203,296.20001220703125,55.65999984741211
2026-02-05,1112.25,1090.25,1113.25,1086.75,435.0,535.25,63.290000915527344,97.81999969482422,303.20001220703125,55.650001525878906
2026-02-06,1115.25,1108.5,1137.75,1102.0,430.25,529.75,63.54999923706055,97.62999725341797,303.6000061035156,55.33000183105469
2026-02-09,1110.75,1112.25,1116.25,1106.0,428.75,528.75,64.36000061035156,96.81999969482422,297.79998779296875,56.689998626708984
2026-02-10,1122.5,1110.0,1124.0,1106.25,428.75,528.25,63.959999084472656,96.80000305175781,300.79998779296875,57.27000045776367
2026-02-11,1124.0,1122.5,1128.25,1113.0,427.5,537.25,64.62999725341797,96.83000183105469,303.0,57.04999923706055
2026-02-12,1137.25,1129.5,1141.5,1128.5,431.25,552.5,62.84000015258789,96.93000030517578,307.8999938964844,57.540000915527344
2026-02-13,1133.0,1136.0,1139.5,1122.0,431.75,548.75,62.88999938964844,96.87999725341797,309.20001220703125,57.08000183105469
2026-02-17,1134.0,1132.25,1139.25,1125.75,426.25,537.75,62.33000183105469,97.16000366210938,305.79998779296875,57.290000915527344
2026-02-18,1133.5,1135.0,1144.0,1127.75,427.0,547.0,65.19000244140625,97.69999694824219,303.8999938964844,58.59000015258789
2026-02-19,1141.0,1132.25,1142.0,1129.25,425.75,559.5,66.43000030517578,97.93000030517578,304.79998779296875,59.68000030517578
2026-02-20,1137.5,1141.0,1148.25,1121.5,427.5,573.5,66.38999938964844,97.80000305175781,309.79998779296875,58.91999816894531
2026-02-23,1134.25,1134.0,1148.5,1127.5,427.5,569.5,66.30999755859375,97.69999694824219,308.70001220703125,59.38999938964844
2026-02-24,1139.5,1134.5,1141.5,1128.0,427.75,567.5,65.62999725341797,97.87999725341797,310.70001220703125,60.029998779296875
2026-02-25,1148.25,1138.75,1150.0,1132.25,430.5,565.75,65.41999816894531,97.69999694824219,318.29998779296875,60.2599983215332
2026-02-26,1147.75,1147.75,1156.0,1129.25,433.25,571.75,65.20999908447266,97.79000091552734,317.6000061035156,61.290000915527344
2026-02-27,1157.25,1147.5,1161.0,1146.0,438.75,591.25,67.0199966430664,97.61000061035156,315.5,61.290000915527344
2026-03-02,1150.0,1165.0,1169.75,1146.5,433.25,574.5,71.2300033569336,98.37999725341797,308.29998779296875,62.16999816894531
2026-03-03,1155.75,1153.0,1169.25,1149.5,434.25,572.25,74.55999755859375,99.05000305175781,310.5,62.27000045776367
2026-03-04,1154.5,1157.5,1159.0,1152.0,431.75,566.75,74.66000366210938,98.7699966430664,306.1000061035156,63.09000015258789
2026-03-05,1163.75,1159.5,1165.25,1153.5,441.5,582.75,81.01000213623047,99.31999969482422,305.6000061035156,65.31999969482422
2026-03-06,1185.0,1170.0,1185.0,1170.0,447.0,611.25,90.9000015258789,98.98999786376953,313.1000061035156,66.20999908447266
2026-03-09,1180.5,1195.5,1214.75,1178.75,437.5,598.0,94.7699966430664,99.18000030517578,308.79998779296875,65.75
2026-03-10,1187.25,1180.0,1191.25,1174.75,436.25,584.75,83.44999694824219,98.83000183105469,311.79998779296875,65.33000183105469
2026-03-11,1200.5,1202.75,1211.75,1200.5,444.25,588.5,87.25,99.2300033569336,316.3999938964844,67.08000183105469
2026-03-12,1213.0,1215.75,1223.25,1213.0,448.25,592.25,95.7300033569336,99.73999786376953,319.8999938964844,67.33999633789062
2026-03-13,1211.0,1200.25,1211.0,1200.25,452.5,618.5,98.70999908447266,100.36000061035156,319.8999938964844,67.33999633789062
2026-03-16,1155.25,1214.0,1214.0,1155.25,454.0,597.25,93.5,99.70999908447266,312.20001220703125,63.939998626708984
2026-03-17,1157.0,1147.0,1170.5,1145.25,454.0,589.75,96.20999908447266,99.58000183105469,311.70001220703125,65.97000122070312
2026-03-18,1161.75,1156.25,1165.25,1148.0,463.25,604.25,96.31999969482422,100.08999633789062,321.70001220703125,65.52999877929688
2026-03-19,1168.5,1165.0,1173.5,1157.0,469.75,608.0,96.13999938964844,99.2300033569336,332.5,65.41000366210938
2026-03-20,1161.25,1166.0,1176.0,1159.5,465.5,595.25,98.31999969482422,99.6500015258789,328.0,65.51000213623047
2026-03-23,1163.5,1160.0,1171.5,1152.5,459.5,587.75,88.12999725341797,98.94999694824219,326.6000061035156,65.58000183105469
2026-03-24,1155.0,1164.25,1166.75,1153.75,462.5,590.0,92.3499984741211,99.43000030517578,322.3999938964844,65.7300033569336
2026-03-25,1171.75,1153.5,1176.75,1151.5,467.25,597.75,90.31999969482422,99.5999984741211,319.79998779296875,67.0999984741211
2026-03-26,1173.75,1173.0,1179.75,1167.0,467.0,605.0,94.4800033569336,99.9000015258789,322.1000061035156,68.0199966430664
2026-03-27,1159.25,1172.0,1178.75,1155.75,462.0,605.0,99.63999938964844,100.1500015258789,315.29998779296875,67.41000366210938
2026-03-30,1159.75,1165.0,1170.0,1158.25,455.75,607.0,102.87999725341797,100.51000213623047,314.8999938964844,68.47000122070312
2026-03-31,1171.0,1159.0,1177.75,1156.0,457.75,616.25,101.37999725341797,99.95999908447266,316.3999938964844,68.87999725341797
2026-04-01,1168.5,1171.5,1174.75,1153.0,454.25,597.5,100.12000274658203,99.6500015258789,318.20001220703125,67.11000061035156
2026-04-02,1163.5,1167.25,1174.25,1162.0,452.25,598.25,111.54000091552734,100.02999877929688,315.20001220703125,68.94000244140625
2026-04-06,1166.75,1164.5,1169.75,1158.75,454.0,595.25,112.41000366210938,99.9800033569336,316.6000061035156,69.94999694824219
2026-04-07,1158.25,1164.75,1170.5,1155.25,449.0,598.0,112.94999694824219,99.63999938964844,311.79998779296875,69.72000122070312
2026-04-08,1162.0,1152.0,1163.0,1140.5,447.25,580.25,94.41000366210938,99.12999725341797,314.1000061035156,67.41999816894531
2026-04-09,1165.25,1162.0,1170.5,1159.75,444.0,574.5,97.87000274658203,98.81999969482422,317.6000061035156,67.69999694824219
2026-04-10,1175.75,1166.5,1179.25,1164.5,441.0,571.0,96.56999969482422,98.6500015258789,331.79998779296875,67.08999633789062
2026-04-13,1162.25,1177.0,1183.75,1160.0,440.25,582.25,99.08000183105469,98.37000274658203,331.8999938964844,66.5
2026-04-14,1158.0,1160.5,1168.5,1156.0,443.0,592.0,91.27999877929688,98.12000274658203,329.70001220703125,66.44000244140625
2026-04-15,1167.0,1156.75,1171.0,1156.75,451.25,593.75,91.29000091552734,98.05999755859375,334.3999938964844,67.5999984741211
2026-04-16,1163.75,1165.75,1170.0,1162.25,448.5,598.5,94.69000244140625,98.22000122070312,332.70001220703125,69.33000183105469
2026-04-17,1167.25,1162.75,1167.5,1151.5,448.75,591.25,83.8499984741211,98.0999984741211,331.79998779296875,68.16000366210938
2026-04-20,1165.75,1167.25,1171.75,1161.0,452.0,597.0,89.61000061035156,98.05000305175781,325.1000061035156,69.62999725341797
2026-04-21,1174.5,1165.5,1178.5,1165.0,453.75,605.0,92.12999725341797,98.41000366210938,325.29998779296875,72.13999938964844
2026-04-22,1164.5,1175.0,1184.75,1162.75,454.25,599.25,92.95999908447266,98.58999633789062,320.6000061035156,71.68000030517578
2026-04-23,1159.75,1165.0,1168.5,1157.5,455.5,610.75,95.8499984741211,98.80000305175781,320.6000061035156,71.66000366210938
2026-04-24,1163.75,1160.25,1164.25,1156.75,455.0,608.25,94.4000015258789,98.51000213623047,324.29998779296875,71.91000366210938
2026-04-27,1177.25,1162.0,1179.75,1162.0,460.75,621.5,96.37000274658203,98.4800033569336,333.79998779296875,72.26000213623047
2026-04-28,1173.0,1175.75,1177.75,1167.0,465.25,649.0,99.93000030517578,98.62000274658203,333.3999938964844,73.37999725341797
2026-04-29,1182.25,1173.25,1183.75,1171.0,466.5,642.25,106.87999725341797,98.91999816894531,328.0,75.30999755859375
2026-04-30,1182.0,1182.5,1190.0,1175.5,464.75,623.75,105.06999969482422,98.08000183105469,322.29998779296875,76.36000061035156
2026-05-01,1187.75,1179.75,1188.0,1178.75,468.25,624.5,101.94000244140625,98.20999908447266,320.79998779296875,76.6500015258789
2026-05-04,1207.5,1192.75,1210.75,1192.75,473.75,629.5,106.41999816894531,98.47000122070312,320.70001220703125,78.0199966430664
2026-05-05,1195.75,1215.25,1215.25,1194.5,465.5,616.5,102.2699966430664,98.4800033569336,322.6000061035156,78.4000015258789
2026-05-06,1179.0,1196.25,1196.25,1175.0,452.75,606.0,95.08000183105469,98.0199966430664,319.79998779296875,76.51000213623047
2026-05-07,1177.0,1176.0,1178.5,1167.5,452.75,601.75,94.80999755859375,98.25,321.29998779296875,75.08999633789062
2026-05-08,1194.25,1180.25,1194.5,1180.25,456.25,607.5,95.41999816894531,97.83999633789062,322.5,75.26000213623047
2026-05-11,1199.75,1197.0,1209.25,1197.0,460.75,622.25,98.06999969482422,97.94000244140625,327.8999938964844,74.68000030517578
2026-05-12,1213.5,1204.0,1213.5,1203.0,467.25,665.0,102.18000030517578,98.29000091552734,332.8999938964844,76.30000305175781
2026-05-13,1215.25,1213.75,1222.0,1209.5,466.5,665.0,101.0199966430664,98.4800033569336,342.70001220703125,75.26000213623047
2026-05-14,1174.5,1210.25,1210.25,1174.5,451.5,647.0,101.16999816894531,98.87999725341797,342.70001220703125,74.81999969482422
2026-05-15,1177.0,1193.75,1202.0,1172.25,455.75,635.75,105.41999816894531,99.2699966430664,334.29998779296875,73.87999725341797
2026-05-18,1213.0,1202.25,1218.5,1191.0,477.0,664.5,108.66000366210938,98.97000122070312,334.5,75.62999725341797
2026-05-19,1209.5,1213.0,1220.75,1208.0,475.25,667.25,107.7699966430664,99.30000305175781,332.29998779296875,75.44000244140625
2026-05-20,1199.75,1210.0,1212.0,1196.0,465.75,660.5,98.26000213623047,99.11000061035156,330.8999938964844,74.66000366210938
2026-05-21,1194.25,1199.0,1204.0,1191.0,462.25,647.5,96.3499984741211,99.19000244140625,328.3999938964844,73.87000274658203
2026-05-22,1196.5,1193.75,1201.5,1190.5,463.25,646.25,96.5999984741211,99.31999969482422,331.8999938964844,73.9800033569336
2026-05-26,1186.0,1192.0,1193.5,1184.5,457.5,635.5,93.88999938964844,99.16999816894531,328.6000061035156,74.36000061035156
2026-05-27,1185.25,1185.5,1191.25,1179.75,452.5,622.5,88.68000030517578,99.20999908447266,330.6000061035156,75.26000213623047
2026-05-28,1194.5,1186.0,1196.0,1185.0,455.75,624.0,88.9000015258789,99.0199966430664,334.1000061035156,76.69999694824219
2026-05-29,1186.75,1198.0,1200.75,1182.75,446.75,610.5,87.36000061035156,98.91000366210938,329.79998779296875,77.72000122070312
2026-06-01,1180.75,1186.75,1194.5,1177.75,444.0,608.75,92.16000366210938,99.19999694824219,326.5,79.08999633789062
2026-06-02,1165.25,1181.5,1182.75,1163.0,440.5,603.0,93.76000213623047,99.22000122070312,326.20001220703125,78.41000366210938
2026-06-03,1154.0,1167.5,1172.75,1152.5,431.5,587.25,96.0199966430664,99.52999877929688,320.79998779296875,78.70999908447266
2026-06-04,1129.5,1153.25,1155.25,1120.5,424.5,581.75,93.04000091552734,99.41000366210938,313.70001220703125,76.29000091552734
2026-06-05,1121.5,1130.25,1132.25,1117.5,417.5,580.0,90.54000091552734,100.06999969482422,308.5,74.12000274658203
2026-06-08,1115.75,1122.25,1125.25,1111.25,418.75,583.25,91.30000305175781,100.05000305175781,302.70001220703125,74.55999755859375
2026-06-09,1113.75,1116.25,1118.5,1110.25,419.5,585.25,88.19999694824219,99.91000366210938,301.1000061035156,74.91000366210938
2026-06-10,1123.0,1113.75,1129.75,1113.0,419.0,587.5,90.02999877929688,99.94999694824219,301.8999938964844,75.33000183105469
2026-06-11,1115.0,1123.5,1125.0,1108.25,411.75,586.75,87.70999908447266,99.86000061035156,301.70001220703125,74.44999694824219
2026-06-12,1113.5,1115.0,1119.75,1109.25,412.75,584.5,84.87999725341797,99.75,301.29998779296875,74.27999877929688
2026-06-15,1119.25,1111.0,1119.75,1102.5,415.5,589.75,80.75,99.62999725341797,302.0,74.37000274658203
2026-06-16,1130.0,1119.0,1138.5,1107.5,413.75,596.0,76.05000305175781,99.54000091552734,304.79998779296875,72.91999816894531
2026-06-17,1132.0,1130.0,1140.5,1128.25,421.0,612.75,76.79000091552734,100.08999633789062,304.79998779296875,71.54000091552734
2026-06-18,1122.75,1132.0,1134.75,1118.5,417.5,605.75,76.5999984741211,100.8499984741211,301.29998779296875,69.69000244140625
2026-06-22,1115.75,1125.0,1130.5,1115.0,411.5,597.5,74.81999969482422,101.0199966430664,299.79998779296875,71.1500015258789
2026-06-23,1117.0,1116.25,1123.75,1114.0,409.75,586.75,73.20999908447266,101.41000366210938,302.8999938964844,70.58999633789062
2026-06-24,1108.75,1117.0,1121.0,1107.0,407.0,585.75,70.33999633789062,101.61000061035156,303.6000061035156,69.45999908447266
2026-06-25,1127.5,1107.0,1131.25,1104.5,414.75,591.0,71.91999816894531,101.43000030517578,308.20001220703125,70.80999755859375
2026-06-26,1126.25,1127.5,1128.0,1118.75,412.75,578.25,69.2300033569336,101.36000061035156,307.0,71.30000305175781
2026-06-29,1108.75,1124.75,1124.75,1106.5,402.0,569.5,70.75,101.11000061035156,304.70001220703125,69.06999969482422
2026-06-30,1116.75,1109.0,1127.5,1098.75,412.75,580.75,69.5,101.19000244140625,304.70001220703125,66.73999786376953
2026-07-01,1126.25,1115.0,1133.0,1114.0,421.0,592.0,68.58000183105469,101.38999938964844,306.6000061035156,67.0199966430664
2026-07-02,1131.75,1126.25,1135.5,1126.25,425.0,590.5,68.69000244140625,100.86000061035156,307.70001220703125,66.94999694824219
2026-07-06,1182.25,1139.25,1186.5,1139.25,440.75,606.0,68.55000305175781,100.8499984741211,315.0,68.1500015258789
2026-07-07,1196.75,1180.5,1200.25,1178.5,442.5,609.25,70.44000244140625,101.13999938964844,318.3999938964844,68.79000091552734
2026-07-08,1195.0,1194.0,1207.75,1194.0,434.75,599.5,73.5199966430664,101.05000305175781,314.5,71.38999938964844
2026-07-09,1179.75,1193.0,1197.0,1179.75,427.75,611.25,72.08000183105469,100.94000244140625,319.5,70.44999694824219
2026-07-10,1196.5,1190.0,1197.5,1184.5,438.0,632.0,71.41000366210938,100.97000122070312,323.1000061035156,70.86000061035156
2026-07-13,1202.0,1204.25,1208.0,1201.5,437.75,627.0,78.13999938964844,101.27999877929688,316.79998779296875,73.04000091552734
2026-07-14,1207.25,1210.0,1210.0,1206.75,433.75,631.25,79.33999633789062,100.94000244140625,319.6000061035156,73.04000091552734
2026-07-15,1202.25,1191.0,1204.75,1185.0,447.5,677.5,79.5999984741211,100.5,318.8999938964844,72.91999816894531
2026-07-16,1195.0,1202.0,1207.75,1193.25,441.5,674.75,78.94999694824219,100.7300033569336,322.8999938964844,72.43000030517578
2026-07-17,1204.5,1195.0,1205.25,1186.75,444.75,682.75,82.48999786376953,100.75,320.20001220703125,74.80999755859375
2026-07-20,1226.0,1210.0,1231.75,1209.0,449.5,674.0,83.2300033569336,100.98999786376953,323.5,74.68000030517578
2026-07-21,1219.5,1220.0,1227.5,1211.25,452.75,678.0,84.91000366210938,101.18000030517578,326.70001220703125,74.30000305175781
2026-07-22,1233.0,1219.0,1238.0,1216.5,462.0,705.75,86.83000183105469,101.13999938964844,331.6000061035156,75.4800033569336
2026-07-23,1237.5,1232.0,1242.0,1230.5,464.0,696.25,92.19000244140625,101.43000030517578,329.8999938964844,75.58999633789062
2026-07-24,1248.0,1236.75,1250.5,1232.5,464.25,678.0,89.30999755859375,101.47000122070312,331.29998779296875,74.33000183105469
2026-07-27,1208.5,1240.5,1244.75,1205.5,451.75,660.0,82.61000061035156,101.51000213623047,320.79998779296875,71.45999908447266
2026-07-28,1212.0,1210.25,1217.0,1202.25,458.5,662.5,79.26000213623047,101.37999725341797,320.29998779296875,70.76000213623047
2026-07-29,1178.0,1213.5,1217.25,1175.5,449.0,660.75,84.45999908447266,100.80000305175781,315.29998779296875,69.16999816894531
2026-07-30,1177.25,1178.0,1184.75,1169.0,445.75,663.5,83.58999633789062,100.01000213623047,314.1000061035156,68.3499984741211
2026-07-31,1172.0,1177.0,1181.0,1166.75,440.75,639.25,84.66999816894531,99.80000305175781,312.20001220703125,67.12000274658203
2026-08-03,1168.75,1163.75,1175.5,1163.75,449.25,651.0,80.33999633789062,99.95999908447266,313.3999938964844,68.69000244140625
2026-08-04,1155.0,1172.0,1173.0,1149.25,442.25,638.5,75.7699966430664,99.88999938964844,310.6000061035156,68.18000030517578
2026-08-05,1151.5,1149.25,1152.25,1146.25,436.75,642.25,75.22000122070312,99.69000244140625,309.29998779296875,67.75
2026-08-06,1157.25,1151.75,1157.5,1151.25,439.0,631.25,77.29000091552734,99.97000122070312,310.70001220703125,67.69999694824219
2026-08-07,1156.5,1165.5,1165.5,1156.5,439.0,639.75,78.18000030517578,99.5999984741211,308.1000061035156,68.16000366210938
2026-08-10,1157.75,1160.5,1161.5,1157.75,438.25,640.5,82.12999725341797,99.80999755859375,303.70001220703125,69.45999908447266
2026-08-11,1147.5,1152.25,1152.25,1145.5,436.75,630.25,83.19999694824219,99.81999969482422,303.3999938964844,68.44999694824219
2026-08-12,1164.75,1155.0,1168.0,1155.0,457.0,652.75,83.2699966430664,100.01000213623047,311.0,68.95999908447266
2026-08-13,1168.25,1165.75,1168.25,1165.5,448.0,652.75,81.25,99.95999908447266,309.8999938964844,68.66999816894531
2026-08-14,1173.75,1173.75,1173.75,1173.75,459.0,674.75,82.4000015258789,99.66999816894531,308.70001220703125,69.05000305175781
2026-08-17,1201.0,1178.5,1203.0,1173.5,465.0,674.75,84.5,99.63999938964844,312.1000061035156,71.44000244140625
2026-08-18,1200.75,1199.75,1215.25,1198.25,463.25,664.5,84.94000244140625,99.6500015258789,313.0,69.69000244140625
2026-08-19,1222.25,1199.25,1224.5,1198.25,473.0,680.25,85.83000183105469,98.83000183105469,318.8999938964844,69.86000061035156
2026-08-20,1220.75,1221.0,1228.25,1218.5,478.75,682.75,87.83000183105469,98.9000015258789,315.70001220703125,71.18000030517578
2026-08-21,1225.0,1218.75,1225.75,1209.75,483.75,681.5,87.05999755859375,98.80000305175781,317.70001220703125,69.3499984741211
2026-08-24,1216.0,1224.75,1225.75,1205.25,491.5,681.75,85.01000213623047,99.0,320.29998779296875,67.12999725341797
2026-08-25,1228.0,1215.0,1229.5,1209.5,500.5,685.5,82.36000061035156,98.91999816894531,320.29998779296875,67.5199966430664
2026-08-26,1254.25,1228.5,1259.25,1223.25,514.0,730.5,82.2300033569336,99.16999816894531,328.70001220703125,67.22000122070312
2026-08-27,1256.5,1250.5,1260.5,1239.75,510.25,742.75,83.52999877929688,99.16000366210938,330.20001220703125,68.0
2026-08-28,1276.25,1257.5,1278.25,1257.5,512.0,767.0,83.4000015258789,99.69999694824219,338.20001220703125,70.58999633789062
2026-08-31,1275.25,1274.5,1278.5,1266.0,515.0,756.5,85.76000213623047,99.43000030517578,334.6000061035156,70.5
2026-09-01,1306.75,1304.0,1306.75,1304.0,521.5,764.0,90.22000122070312,99.66999816894531,342.0,72.37000274658203
2026-09-02,1316.0,1317.0,1324.0,1300.0,548.5,782.0,91.08999633789062,99.60700225830078,350.8999938964844,71.52999877929688
