Date,soy_ret,corn_ret,flagged
2016-06-17,,,False
2016-06-20,-0.013799051315222077,-0.03769274700171332,False
2016-06-21,-0.008963707914298236,-0.05934718100890213,False
2016-06-22,0.003750275755570298,-0.008201892744479466,False
2016-06-23,-0.011428571428571455,-0.014631043256997489,False
2016-06-24,-0.019119608714984415,-0.007101355713363455,True
2016-06-27,0.027198549410698103,0.0019505851755525772,True
2016-06-28,0.015445719329214569,0.0,True
2016-06-29,-0.0052151238591916504,-0.03244646333549639,False
2016-06-30,0.02664919178680636,-0.03755868544600938,True
2016-07-01,-0.005319148936170248,-0.016027874564459976,False
2016-07-05,-0.04427807486631019,-0.025495750708215303,True
2016-07-06,-0.009623992837958784,-0.02398255813953487,False
2016-07-07,-0.047005649717514086,-0.0007446016381236209,True
2016-07-08,0.033673227412852835,0.04247391952309987,True
2016-07-11,-0.006423491626519895,-0.01715511079342391,False
2016-07-12,0.02262756869083349,0.01745454545454539,False
2016-07-13,0.018740121923684905,0.045746962115797096,False
2016-07-14,-0.0146276595744681,-0.009569377990430672,False
2016-07-15,-0.03508771929824561,-0.027605244996549372,True
2016-07-18,0.005361305361305302,0.013484740951029028,False
2016-07-19,-0.03176443310920474,-0.04271708683473385,True
2016-07-20,-0.016283524904214586,-0.012435991221653286,False
2016-07-21,0.00535540408958135,-0.009629629629629655,False
2016-07-22,-0.025181598062953947,0.002243829468960401,True
2016-07-25,-0.022603079980129115,-0.0007462686567164534,True
2016-07-26,0.009911054637865346,-0.006721433905899965,False
2016-07-27,0.01711122294916967,0.009774436090225658,False
2016-07-28,-0.006927263730826305,-0.013402829486224843,False
2016-07-29,0.028898854010961594,0.009811320754717023,True
2016-08-01,-0.03535108958837774,-0.02615844544095669,True
2016-08-02,-0.010793172690763075,-0.004604758250191909,False
2016-08-03,0.005328596802841812,0.0023130300693909867,False
2016-08-04,0.0,-0.013076923076923097,False
2016-08-05,0.01337708228167589,0.010911925175370207,False
2016-08-08,0.014943960149439661,0.0030840400925211675,False
2016-08-09,0.0031901840490797806,-0.009223674096848544,False
2016-08-10,-0.004892367906066508,0.0007757951900697613,False
2016-08-11,0.005162241887905594,-0.0046511627906976605,False
2016-08-12,-0.0185864514551235,0.003894080996884819,True
2016-08-15,0.020433590829803228,0.013188518231187052,False
2016-08-16,-0.004151404151404137,0.003062787136294043,False
2016-08-17,0.010789602746444249,0.008396946564885432,False
2016-08-18,0.001698204754973398,0.005299015897047621,False
2016-08-19,-0.0050859772341971254,0.006777108433734913,False
2016-08-22,0.008033106134371915,-0.0029917726252804977,False
2016-08-23,-0.0009659502535619424,-0.014253563390847712,False
2016-08-24,-0.0033840947546531774,-0.0030441400304414,False
2016-08-25,-0.031530439000727606,-0.012213740458015265,True
2016-08-26,-0.007513148009015813,-0.022411128284389514,False
2016-08-29,-0.007570022710068125,-0.014229249011857736,False
2016-08-30,-0.01805237732011189,-0.024859663191659997,False
2016-08-31,-0.005696530295183799,-0.008223684210526327,False
2016-09-01,-0.0010416666666667185,0.031509121061359835,False
2016-09-02,0.009906152241918598,0.01768488745980701,False
2016-09-06,0.005937016004130102,0.0007898894154818592,False
2016-09-07,0.017962535283551517,0.013417521704814472,False
2016-09-08,0.0002520796571716666,0.01869158878504673,False
2016-09-09,0.005292338709677491,0.00917431192660545,False
2016-09-12,-0.012785159187766348,-0.002272727272727315,False
2016-09-13,-0.016505840528186932,-0.03037205770690965,False
2016-09-14,0.0038729666924863793,0.009397024275646038,False
2016-09-15,-0.022119341563786032,0.024049650892164376,False
2016-09-16,0.01630720673329833,0.021212121212121238,False
2016-09-19,0.006728778467908869,0.0007418397626113293,False
2016-09-20,0.017737789203084775,0.00963676797627877,False
2016-09-21,-0.01439757514523865,-0.001468428781204123,False
2016-09-22,0.001025115325474113,-0.00955882352941173,False
2016-09-23,-0.022017409114183262,-0.0007423904974016571,True
2016-09-26,-0.01020942408376968,-0.022288261515601815,False
2016-09-27,0.007669928590320119,0.008358662613981771,False
2016-09-28,-0.0073490813648293685,-0.007535795026375247,False
2016-09-29,0.005023796932839719,0.0,False
2016-09-30,0.003946329913180779,0.02277904328018221,False
2016-10-03,0.01991614255765195,0.027468448403860535,False
2016-10-04,-0.009763617677286729,0.006502890173410325,False
2016-10-05,-0.007005708354955842,-0.001435750179468731,False
2016-10-06,0.0018291089626338852,-0.02084831056793679,False
2016-10-07,-0.0018257694314032236,-0.0022026431718061845,False
2016-10-11,-0.002613012803762693,0.016924208977189048,False
2016-10-12,-0.009169504846738286,-0.02460202604920403,False
2016-10-13,0.011369645690111119,0.0370919881305638,False
2016-10-14,0.006535947712418277,0.013590844062947083,False
2016-10-17,0.016363636363636358,-0.0007057163020465218,True
2016-10-18,-0.005877843087145451,-0.0007062146892655718,False
2016-10-19,0.009254498714653003,0.010600706713780994,False
2016-10-20,-0.006113092205807469,-0.018181818181818188,False
2016-10-21,0.0076883649410559585,0.004273504273504258,False
2016-10-24,0.00915564598168861,-0.012056737588652444,False
2016-10-25,-0.0012600806451612545,0.002871500358937462,False
2016-10-26,0.0194297249558415,0.013600572655690701,False
2016-10-27,0.004207920792079101,0.009887005649717562,False
2016-10-28,-0.012817352723687447,-0.006993006993006978,False
2016-10-31,0.0009987515605494046,-0.0007042253521126751,False
2016-11-01,-0.01795959092042898,-0.01620859760394644,False
2016-11-02,-0.007620015240030531,-0.007879656160458492,False
2016-11-03,0.003071410289224419,0.005054151624548808,False
2016-11-04,0.0017861699413115328,0.0021551724137931494,False
2016-11-07,0.007896077432501203,-0.007168458781361964,False
2016-11-08,0.012635835228708592,0.02310469314079433,False
2016-11-09,-0.019715497878712296,-0.038108680310515175,False
2016-11-10,0.007128309572301372,0.00807043286867204,False
2016-11-14,-0.018200202224469164,-0.0181950509461426,False
2016-11-15,0.01905252317198758,0.012601927353595332,False
2016-11-16,-0.0037897928246589663,-0.008784773060029227,False
2016-11-17,0.003804209992391616,0.010339734121122657,False
2016-11-18,0.004295098534613517,0.01023391812865504,False
2016-11-21,0.026666666666666616,0.012301013024601959,True
2016-11-22,0.009556481254594518,0.0035739814152966343,False
2016-11-23,0.004126213592233086,-0.0007122507122506727,False
2016-11-25,0.011360889533478469,-0.004276550249465383,False
2016-11-28,0.009560229445506607,-0.0021474588403722628,False
2016-11-29,-0.01278409090909094,-0.03371592539454804,False
2016-11-30,-0.009832134292565908,0.0,False
2016-12-01,-0.002421893921046303,-0.014847809948032697,False
2016-12-02,-0.002184996358339353,0.017332328560663246,False
2016-12-05,0.015571776155717698,0.03555555555555556,False
2016-12-06,0.00407283181600393,0.0042918454935623185,False
2016-12-07,0.0011930326890956522,-0.0014245014245014564,False
2016-12-08,-0.02097235462345093,-0.011412268188302432,False
2016-12-09,0.010223953261927932,0.017316017316017396,False
2016-12-12,-0.006265060240963849,0.005673758865248235,False
2016-12-13,-0.0029097963142580285,0.0049365303244006675,False
2016-12-14,-0.004134241245136172,-0.012631578947368438,False
2016-12-15,0.00512820512820511,0.013503909026297167,False
2016-12-16,0.007531584062196339,-0.0007012622720897754,False
2016-12-19,-0.014709428502531985,-0.008421052631578996,False
2016-12-20,-0.015907978463044592,-0.00849256900212314,False
2016-12-21,0.0014921661278288756,-0.008565310492505307,False
2016-12-22,-0.01216786689843552,0.0,False
2016-12-23,-0.005530417295123158,-0.004319654427645814,False
2016-12-27,0.02603640040444888,0.026753434562545086,True
2016-12-28,-0.007883715200788344,-0.019014084507042228,False
2016-12-29,-0.0034765333995530057,0.004307250538406304,False
2016-12-30,-0.006728133565910843,0.006433166547533897,False
2017-01-03,-0.009784244856999469,0.010653409090909172,False
2017-01-04,0.019761844438814347,0.011243851018974071,False
2017-01-05,-0.0027329192546583503,0.004169562195969423,False
2017-01-06,-0.01743896362730446,-0.00899653979238757,False
2017-01-09,0.010649087221095366,0.005586592178770999,False
2017-01-10,0.009031610637230347,-0.004861111111111094,False
2017-01-11,-0.0024863252113376255,-0.002791346824842944,False
2017-01-12,0.02891326021934204,0.002799160251924393,True
2017-01-13,0.01017441860465107,0.0006978367062107083,False
2017-01-17,0.025659472422062457,0.019525801952580135,True
2017-01-18,0.0053776011222819164,-0.001367989056087593,False
2017-01-19,-0.0044186046511628385,0.003424657534246478,False
2017-01-20,-0.002569493109086607,0.009556313993174026,False
2017-01-23,-0.00913348946135828,-0.0006761325219742931,False
2017-01-24,0.0007090522335144733,-0.01691474966170503,False
2017-01-25,-0.0030703826169107273,0.008258774948382674,False
2017-01-26,-0.005448945747453249,-0.0068259385665528916,False
2017-01-27,-0.00023820867079560326,-0.0034364261168384758,False
2017-01-30,-0.025256135334762897,-0.013103448275862073,True
2017-01-31,0.0017110730872647029,0.005590496156533842,False
2017-02-01,0.011957052220595399,0.023627519110493322,False
2017-02-02,0.0004822763443452782,-0.0020366598778004397,False
2017-02-03,-0.009881899252832005,-0.006122448979591799,False
2017-02-06,0.008763388510223846,-0.004106776180698102,False
2017-02-07,0.006515444015444016,0.013058419243986208,False
2017-02-08,0.015344042196115959,0.006105834464043447,True
2017-02-09,-0.007792207792207795,-0.003371544167228624,False
2017-02-10,0.008091385054735944,0.013531799729364025,False
2017-02-13,-0.004485363550519317,0.002670226969292422,False
2017-02-14,-0.008774009959687024,-0.0033288948069241098,False
2017-02-15,0.015550239234449759,0.012024048096192397,False
2017-02-16,-0.01648998822143699,-0.013861386138613874,False
2017-02-17,-0.010778443113772407,-0.014056224899598346,False
2017-02-21,-0.006053268765133124,0.0027155465037338455,False
2017-02-22,-0.003410475030450666,0.004739336492890933,False
2017-02-23,-0.010999755560987534,-0.014824797843665749,False
2017-02-24,0.001977261492832394,-0.004103967168262668,False
2017-02-27,-0.0024666995559941007,-0.010302197802197766,False
2017-02-28,0.013847675568743778,0.018043025676613533,False
2017-03-01,0.01585365853658538,0.024539877300613577,False
2017-03-02,-0.013925570228091266,-0.007984031936127733,False
2017-03-03,0.00024348672997320797,0.005365526492287165,False
2017-03-06,-0.00024342745861738457,-0.005336891260840582,False
2017-03-07,-0.011687363038714427,-0.008718980549966449,False
2017-03-08,-0.003695491500369519,-0.011502029769959399,False
2017-03-09,-0.010633036597428314,-0.015058179329226595,False
2017-03-10,-0.00399900024993749,-0.00486448922863103,False
2017-03-13,0.0,-0.009776536312849138,False
2017-03-14,-0.00903387703889591,-0.002115655853314524,False
2017-03-15,0.010888832615852051,0.027561837455830407,False
2017-03-16,0.003507014028056199,0.00687757909215958,False
2017-03-17,-0.0014977533699450651,0.004098360655737654,False
2017-03-20,-0.0004999999999999449,-0.010884353741496544,False
2017-03-21,0.002001000500250205,-0.0061898211829436445,False
2017-03-22,-0.0017473789316025945,-0.00692041522491349,False
2017-03-23,-0.008752188047011722,-0.0055749128919860835,False
2017-03-24,-0.015388496468213941,-0.0014015416958654825,True
2017-03-27,-0.004355623879067405,-0.0014035087719298511,False
2017-03-28,0.0005146680391148184,0.005621925509486925,False
2017-03-29,-0.0030864197530864335,0.002096436058700135,False
2017-03-30,-0.006191950464396245,-0.002789400278940035,False
2017-03-31,-0.017653167185877505,0.018881118881118875,False
2017-04-03,-0.008192389006342449,0.009608785175017065,False
2017-04-04,-0.0005329070077271236,-0.01291638341264445,False
2017-04-05,0.006931484937350074,0.004820936639118534,False
2017-04-06,-0.002912364310299176,-0.010966415352981485,False
2017-04-07,0.0005310674455656361,-0.0034650034650034467,False
2017-04-10,-0.0002653927813163204,0.020862308762169768,False
2017-04-11,-0.0026546323334217803,-0.0013623978201634523,False
2017-04-12,0.009049773755656076,0.006821282401091366,False
2017-04-13,0.008177261936164637,0.005420054200542035,False
2017-04-17,-0.0023547880690737433,-0.0121293800539084,False
2017-04-18,-0.007605559926566974,-0.012960436562073685,False
2017-04-19,0.004492600422832949,0.0,False
2017-04-20,-0.0036832412523020164,-0.011057360055286791,False
2017-04-21,0.0044890414576181925,-0.002096436058700246,False
2017-04-24,0.010778128286014654,0.006302521008403339,False
2017-04-25,-0.007022106631989544,0.016005567153792644,False
2017-04-26,-0.00916710319539027,-0.016438356164383605,False
2017-04-27,0.0,0.008356545961002881,False
2017-04-28,-0.0005286809410520732,-0.011049723756906049,False
2017-05-01,0.014546416291986164,0.03142458100558665,False
2017-05-02,-0.0010427528675703845,-0.014218009478673022,False
2017-05-03,0.007828810020876764,0.006181318681318659,False
2017-05-04,-0.0002589331952356222,-0.022525597269624553,False
2017-05-05,-0.002331002331002363,0.010474860335195624,False
2017-05-08,-0.007009345794392496,-0.013821700069108545,False
2017-05-09,0.009411764705882453,0.0042046250875964475,False
2017-05-10,-0.0036260036260036266,0.01953942777390094,False
2017-05-11,-0.005978684689368352,-0.013004791238877433,False
2017-05-12,-0.0020920502092049986,0.0034674063800277377,False
2017-05-15,0.011792452830188704,0.016586040082930298,False
2017-05-16,0.01139601139601143,0.0,False
2017-05-17,-0.0005121638924455718,0.010197144799456215,False
2017-05-18,-0.03177043300025617,-0.014804845222072704,True
2017-05-19,0.008732468907118207,0.01775956284153013,False
2017-05-22,0.003672612801678854,0.006711409395973256,False
2017-05-23,-0.00862519602718248,-0.014666666666666717,False
2017-05-24,0.0,0.0047361299052774974,False
2017-05-25,-0.009227524387028785,-0.005387205387205385,False
2017-05-26,-0.01383714741883979,0.01354096140826,False
2017-05-30,-0.014840798704803038,-0.019372077488309936,False
2017-05-31,0.003560668310051973,0.013623978201634968,False
2017-06-01,-0.0040938864628821126,-0.0040322580645161255,False
2017-06-02,0.009865716634694488,0.006072874493927127,False
2017-06-05,0.0008141112618724744,0.0006706908115359234,False
2017-06-06,0.0016268980477223138,0.011394101876675666,False
2017-06-07,0.007850568489442322,0.01988071570576544,False
2017-06-08,0.007789417136717658,0.002599090318388564,False
2017-06-09,0.003731343283582156,0.005184705119896327,False
2017-06-12,-0.010886882634094541,-0.027079303675048405,False
2017-06-13,0.0013422818791946067,0.00994035785288272,False
2017-06-14,-0.0008042895442359477,-0.01049868766404205,False
2017-06-15,0.0032197477864233104,0.006631299734747964,False
2017-06-16,0.004546670232682626,0.011857707509881354,False
2017-06-19,-0.0013312034078807322,-0.02278645833333337,False
2017-06-20,-0.010663822980538473,-0.013990672884743538,False
2017-06-21,-0.009700889248181133,-0.0033783783783783994,False
2017-06-22,-0.016054421768707527,-0.01627118644067793,False
2017-06-23,0.0005530973451326471,-0.013783597518952417,False
2017-06-26,0.0024875621890547706,0.0034940600978337066,False
2017-06-27,0.00496277915632759,0.0006963788300835549,False
2017-06-28,0.0030178326474623596,-0.00695894224077942,False
2017-06-29,0.001641137855579844,0.008409250175192673,False
2017-06-30,0.029219006007646042,0.029881862404447457,True
2017-07-03,0.02387901300079598,0.020242914979757165,False
2017-07-05,0.01192018657683347,0.009920634920634885,False
2017-07-06,0.004609475032010257,-0.003929273084479323,False
2017-07-07,0.01554932449655877,0.005259697567389976,True
2017-07-10,0.0243473895582329,0.024852844996729795,False
2017-07-11,0.004900759617740835,0.0012763241863433805,False
2017-07-12,-0.008290660814435524,-0.040790312300828524,False
2017-07-13,-0.04352102286697812,-0.04053156146179404,True
2017-07-14,0.013110539845758273,0.011772853185595622,False
2017-07-17,-0.0002537427048971974,0.026694045174537884,False
2017-07-18,0.004568527918781706,0.005333333333333412,False
2017-07-19,0.010358767054067686,0.01458885941644561,False
2017-07-20,0.013503375843960885,0.022222222222222143,False
2017-07-21,-0.004194423883543075,-0.028772378516624064,False
2017-07-24,-0.011397423191278455,-0.006583278472679366,False
2017-07-25,-0.01604010025062652,-0.022531477799867417,False
2017-07-26,0.007386653082017247,0.010847457627118695,False
2017-07-27,0.006068268015170686,0.004024144869215318,False
2017-07-28,0.0060316662478010485,0.0,False
2017-07-31,-0.006245316012990276,-0.009352037408149605,False
2017-08-01,-0.0351935646053293,-0.022252191503708718,True
2017-08-02,0.007295466388744121,0.006896551724137945,False
2017-08-03,-0.016554578375582052,-0.004109589041095929,True
2017-08-04,-0.0013150973172014746,0.008253094910591452,False
2017-08-07,0.01106136423492221,0.01568894952251032,False
2017-08-08,0.0033862985152384173,-0.006715916722632609,False
2017-08-09,0.0,0.006761325219743153,False
2017-08-10,-0.033489096573208754,-0.040295500335795875,True
2017-08-11,0.005103411227504795,0.009797060881735487,False
2017-08-14,-0.010689470871191875,0.00554400554400547,False
2017-08-15,-0.004051863857374438,-0.020675396278428626,False
2017-08-16,0.0,-0.007741027445460902,False
2017-08-17,0.009221589368049843,-0.005673758865248235,False
2017-08-18,0.007793603869927335,0.004279600570613384,False
2017-08-21,-0.005333333333333301,-0.008522727272727293,False
2017-08-22,0.0013404825737264314,-0.008595988538681931,False
2017-08-23,0.0013386880856760541,-0.011560693641618491,False
2017-08-24,0.006684491978609541,0.0,False
2017-08-25,-0.0023904382470119057,-0.009502923976608235,False
2017-08-28,-0.003993610223642197,-0.00811808118081181,False
2017-08-29,-0.004811547714514863,-0.007440476190476164,False
2017-08-30,-0.008326618318560297,-0.01199400299850073,False
2017-08-31,0.014355362946912198,0.038694992412746654,False
2017-09-01,0.00614152202937257,-0.006574141709276837,False
2017-09-05,0.019639065817409707,0.012499999999999956,False
2017-09-06,0.004164497657470179,0.007988380537400142,False
2017-09-07,-0.0012960082944530882,-0.015129682997118143,False
2017-09-08,-0.007007526602647252,0.007315288953913646,False
2017-09-11,-0.001829587036068947,0.0036310820624545492,False
2017-09-12,-0.010997643362136711,-0.01591895803183796,False
2017-09-13,0.009266613714588257,-0.004411764705882337,False
2017-09-14,0.014952780692549794,0.009601181683899451,False
2017-09-15,0.0015507883173946357,0.038039502560351046,False
2017-09-18,-0.0010322580645161228,-0.009161381254404466,False
2017-09-19,-0.00232498062516151,-0.009246088193456625,False
2017-09-20,0.0046607975142414215,0.005025125628140614,False
2017-09-21,0.000773195876288657,0.0007142857142856673,False
2017-09-22,0.013906773113572024,0.009279086366880795,False
2017-09-25,-0.013208026416052787,0.0007072135785006761,False
2017-09-26,-0.007979407979407993,-0.004240282685512353,False
2017-09-27,0.002075765438505517,0.004968062455642297,False
2017-09-28,-0.006214396685655155,-0.004237288135593209,False
2017-09-29,0.009119332985930262,0.007801418439716379,False
2017-10-02,-0.011360702297960268,-0.010555946516537684,False
2017-10-03,-0.0020893183598851284,-0.005689900426742556,False
2017-10-04,0.0031405391258831905,-0.003576537911301858,False
2017-10-05,0.01043569006000511,0.003589375448671994,False
2017-10-06,0.004131164471985471,0.0014306151645206988,False
2017-10-09,-0.005656981229107738,-0.0014285714285714457,False
2017-10-10,-0.0007757951900698723,-0.0007153075822603494,False
2017-10-11,-0.0007763975155279379,-0.009305654974946287,False
2017-10-12,0.02771302771302775,0.00867052023121384,True
2017-10-13,0.008316532258064502,0.010744985673352359,False
2017-10-16,-0.009247688077980487,-0.006378454996456395,False
2017-10-17,-0.006306760847628712,-0.0014265335235378318,False
2017-10-18,-0.0005077430820005224,-0.004285714285714337,False
2017-10-19,0.002286004572009226,0.0014347202295552641,False
2017-10-20,-0.00785605676634571,-0.012893982808022897,False
2017-10-23,0.002043422733077893,0.019593613933236664,False
2017-10-24,-0.005353046138159567,0.004270462633451988,False
2017-10-25,0.0,-0.0049610205527994555,False
2017-10-26,-0.004356740133265036,-0.0014245014245014564,False
2017-10-27,0.00411840411840414,-0.004992867332382356,False
2017-10-30,-0.0025634452704434985,0.0,False
2017-10-31,0.0010280133641737965,-0.008602150537634357,False
2017-11-01,0.007445442875481323,0.007230657989877098,False
2017-11-02,0.00815494393476035,0.006460875807609456,False
2017-11-03,-0.01213346814964611,-0.006419400855920077,False
2017-11-06,0.007164790174001956,-0.000717875089734421,False
2017-11-07,0.00203252032520318,-0.0007183908045976795,False
2017-11-08,0.0020283975659229903,0.0014378145219267058,False
2017-11-09,-0.01290485829959509,-0.01938262742282848,False
2017-11-10,0.0020507562163547544,0.005856515373352744,False
2017-11-13,-0.014070094653364063,-0.00363901018922852,False
2017-11-14,-0.004670472236637302,-0.013878743608473298,False
2017-11-15,0.01798748696558916,0.0022222222222221255,True
2017-11-16,-0.004353393085787416,-0.005173688100517326,False
2017-11-17,0.019032921810699488,0.019316493313521477,False
2017-11-20,-0.0005047955577991425,0.005830903790087438,False
2017-11-21,-0.0010101010101010166,0.0,False
2017-11-22,0.008341759352881617,0.0007246376811593791,False
2017-11-24,-0.004011030333416876,-0.00868935553946415,False
2017-11-27,0.0027686886483766493,-0.010226442658875068,False
2017-11-28,-0.003012048192771122,-0.0073800738007380184,False
2017-11-29,-0.000503524672708977,0.008178438661710086,False
2017-11-30,-0.0068010075566750094,0.008112094395280156,False
2017-12-01,0.008622875982754241,0.008778346744696464,False
2017-12-04,0.004274578828262543,-0.015228426395939132,False
2017-12-05,0.01001502253380071,0.0007363770250368162,False
2017-12-06,-0.005701536936043583,-0.0014716703458425018,False
2017-12-07,-0.010720518573921756,-0.0014738393515106862,False
2017-12-08,-0.002268145161290369,0.0036900369003689537,False
2017-12-11,-0.0073250820914372294,-0.010294117647058787,False
2017-12-12,-0.006870229007633566,-0.0022288261515601704,False
2017-12-13,0.003586984370996582,0.0029784065524944836,False
2017-12-14,-0.011743681388817984,-0.0014847809948033142,False
2017-12-15,-0.0005166623611470023,0.03345724907063197,False
2017-12-18,-0.005944688550012955,-0.0014388489208633226,False
2017-12-19,-0.00572022880915235,0.0014409221902016434,False
2017-12-20,-0.0020920502092049986,0.005035971223021685,False
2017-12-21,-0.005503144654088077,0.005726556907659219,False
2017-12-22,0.0007905138339920903,0.002135231316725994,False
2017-12-26,0.010268562401263726,0.0021306818181818787,False
2017-12-27,-0.003909304143862369,0.0028348688873138794,False
2017-12-28,-0.010204081632653073,-0.004946996466431042,False
2017-12-29,0.006344171292624878,-0.0035511363636363535,False
2018-01-02,0.003414762280010475,0.0071275837491091565,False
2018-01-03,0.004973821989528782,-0.0007077140835102247,False
2018-01-04,-0.0005209690023443292,-0.005665722379603388,False
2018-01-05,0.0023455824863174435,0.0007122507122507837,False
2018-01-08,-0.0033801352054082523,-0.011387900355871894,False
2018-01-09,-0.002608922515001333,0.005039596832253412,False
2018-01-10,-0.009155113784985569,0.0,False
2018-01-11,-0.00686378035902846,-0.0007163323782235498,False
2018-01-12,0.0037214247740564588,-0.007168458781361964,False
2018-01-16,0.025423728813559254,0.005776173285198638,True
2018-01-17,0.0007747933884296732,0.013639626704953445,False
2018-01-18,0.004387096774193466,-0.004249291784702569,False
2018-01-19,0.004367934224049241,0.002844950213371167,False
2018-01-22,0.007162957278076254,-0.0014184397163120588,False
2018-01-23,0.0020320040640080528,-0.0021306818181817677,False
2018-01-24,0.006083650190114032,0.014946619217081958,False
2018-01-25,0.0,-0.003506311360448766,False
2018-01-26,-0.006802721088435382,0.0035186488388458947,False
2018-01-29,0.0060882800608828,0.006311360448807868,False
2018-01-30,0.008825012607160954,0.0076655052264809065,False
2018-01-31,-0.004498875281179759,0.0,False
2018-02-01,-0.010795882500627685,0.0006915629322268302,False
2018-02-02,-0.006345177664974666,-0.0006910850034553828,False
2018-02-05,-0.00919540229885063,-0.007607192254495132,False
2018-02-06,0.017014694508894035,0.013240418118466879,False
2018-02-07,-0.003295310519645156,0.004814305364511773,False
2018-02-08,0.004832146490335809,0.001368925393566034,False
2018-02-09,-0.004808909136927331,-0.01025290498974707,False
2018-02-12,0.0190742624618514,0.013812154696132506,False
2018-02-13,0.009982530571499781,-0.0006811989100817817,False
2018-02-14,0.005436125525080326,0.0013633265167007913,False
2018-02-15,0.006881297616121884,0.001361470388019148,False
2018-02-16,-0.0026848913839394584,-0.0006798096532970588,False
2018-02-20,0.004894762604013669,-0.0054421768707483276,False
2018-02-21,0.007549926936190943,0.0006839945280436854,False
2018-02-22,-0.00217548948513413,0.002734107997265811,False
2018-02-23,0.004118217054263518,-0.0013633265167007913,False
2018-02-26,-0.0019300361881785522,0.006143344709897525,False
2018-02-27,0.0036258158085569203,0.005427408412483015,False
2018-02-28,0.00674373795761074,0.010796221322537214,False
2018-03-01,0.011961722488038173,0.011348464619492571,False
2018-03-02,0.003073286052009516,-0.003960396039603964,False
2018-03-05,0.005656375206221975,0.002650762094102088,False
2018-03-06,-0.0021092102179517402,0.00396563119629878,False
2018-03-07,-0.008924377642085535,-0.0013166556945358732,False
2018-03-08,-0.0011848341232227888,0.01713909030982208,False
2018-03-09,-0.02325029655990507,-0.0071289695398574215,True
2018-03-12,0.0038863249939276034,0.0032637075718016106,False
2018-03-13,0.007016694894749653,0.003253090435914041,False
2018-03-14,-0.011532916866890952,-0.005188067444876765,False
2018-03-15,0.01191054934370439,0.008474576271186418,False
2018-03-16,0.00840739851068939,-0.010342598577892659,False
2018-03-19,-0.025726536445926595,-0.020248203788373664,True
2018-03-20,0.005623471882640674,-0.0013333333333332975,False
2018-03-21,0.0014587892049597873,0.001335113484646211,False
2018-03-22,0.0,0.002666666666666595,False
2018-03-23,-0.0014566642388929019,0.0033244680851063357,False
2018-03-26,-0.002674446875759795,-0.008614976805831676,False
2018-03-27,-0.005850804485616812,0.0,False
2018-03-28,-0.0014713094654241754,-0.0013368983957219305,False
2018-03-29,0.026277013752455725,0.0381526104417671,True
2018-04-02,-0.008853792773390712,-0.0012894906511927706,False
2018-04-03,0.002414292612264557,0.0032278889606196515,False
2018-04-04,-0.021917148362235017,-0.019305019305019266,False
2018-04-05,0.01575966510711657,0.022309711286089273,False
2018-04-06,0.00242424242424244,-0.0025673940949936247,False
2018-04-09,0.012817412333736344,0.005791505791505891,False
2018-04-10,0.002865329512893977,-0.0038387715930902067,False
2018-04-11,-0.002142857142857113,-0.005780346820809301,False
2018-04-12,0.01240753996659505,0.004521963824289488,False
2018-04-13,-0.006127739806740529,-0.006430868167202619,False
2018-04-16,-0.01161963481147732,-0.009708737864077666,False
2018-04-17,0.0038387715930903177,-0.00588235294117645,False
2018-04-18,-0.004063097514340308,0.007232084155161189,False
2018-04-19,-0.004319654427645814,-0.0026109660574412663,False
2018-04-20,-0.008194745721860741,-0.014397905759162333,False
2018-04-23,-0.007776427703523714,0.005312084993359889,False
2018-04-24,0.0014695077149156077,0.007265521796565366,False
2018-04-25,0.005135730007336692,0.013770491803278606,False
2018-04-26,0.00048661800486615725,-0.001293661060802087,False
2018-04-27,0.01653696498054469,0.0090673575129534,False
2018-04-30,-0.006937799043062243,0.007702182284980763,False
2018-05-01,0.004577210310768409,0.010828025477707115,False
2018-05-02,-0.009352517985611541,-0.001890359168241984,False
2018-05-03,0.010167029774872827,0.008838383838383868,False
2018-05-04,-0.015336688233884455,-0.001877346683354153,True
2018-05-07,-0.024336821611097625,-0.01379310344827589,False
2018-05-08,0.008979795460214435,0.005721551176096629,False
2018-05-09,-0.003955500618046948,-0.0018963337547408532,False
2018-05-10,0.005956813104988745,0.0,False
2018-05-11,-0.01825808043424626,-0.01266624445851805,False
2018-05-14,0.01834631817039467,-0.0019243104554201862,True
2018-05-15,0.005676209279368294,0.03406169665809777,False
2018-05-16,-0.01865030674846624,-0.007458048477315127,True
2018-05-17,-0.004751187796949274,-0.010018785222291826,False
2018-05-18,0.0035175879396984744,0.01834282099936746,False
2018-05-21,0.026790185277916878,0.0006211180124222615,True
2018-05-22,0.00512070226773953,0.004965859714463061,False
2018-05-23,0.008491023774866546,0.009264978381717137,False
2018-05-24,-0.0033678133269184896,-0.01040391676866581,False
2018-05-25,0.005551532705768691,0.0043290043290042934,False
2018-05-29,-0.01056168987037931,-0.014778325123152691,False
2018-05-30,-0.00727802037845704,-0.016249999999999987,False
2018-05-31,-0.004398826979472137,0.0012706480304955914,False
2018-06-01,0.0027000490918016595,-0.006345177664974666,False
2018-06-04,-0.019094247246022045,-0.027458492975734328,False
2018-06-05,-0.000499126528574978,0.007879185817465606,False
2018-06-06,-0.006991260923845166,-0.014332247557003241,False
2018-06-07,-0.020115665074176503,-0.005287508261731633,True
2018-06-08,-0.005132152938157608,0.003986710963455042,False
2018-06-11,-0.015991746195512024,-0.027796161482462,False
2018-06-12,0.0002621231979029748,0.02791014295439065,False
2018-06-13,-0.018867924528301883,-0.003973509933774877,True
2018-06-14,-0.009348290598290565,-0.034574468085106336,False
2018-06-15,-0.023456457266109454,-0.004820936639118423,True
2018-06-18,0.00331308669243513,-0.01453287197231834,False
2018-06-19,-0.021463951568519546,-0.006320224719101097,True
2018-06-20,0.0005624296962880582,0.001413427561837377,False
2018-06-21,-0.010118043844856706,0.007762879322512406,False
2018-06-22,0.015900056785917105,0.0007002801120448154,True
2018-06-25,-0.02235885969815543,-0.01889433170048982,False
2018-06-26,-0.00829045168667808,0.005706134094151105,False
2018-06-27,0.00028826751225130565,0.0,False
2018-06-28,-0.007204610951008661,-0.021276595744680882,False
2018-06-29,-0.0031930333817126177,0.01521739130434785,False
2018-07-02,-0.011648223645894018,-0.036402569593147804,False
2018-07-03,-0.005303476723629963,0.015555555555555545,False
2018-07-05,-0.010071090047393372,0.002188183807439792,False
2018-07-06,0.046080191502094525,0.024017467248908186,True
2018-07-09,-0.025457665903890203,-0.017057569296375252,True
2018-07-10,0.0005870267097152215,-0.017353579175705014,False
2018-07-11,-0.026400704018773813,-0.025018395879323085,True
2018-07-12,0.00030129557095515125,0.01584905660377367,False
2018-07-13,-0.01927710843373498,-0.01857355126300153,False
2018-07-16,0.01904176904176902,0.03482210446631351,False
2018-07-17,0.012055455093429757,0.013167520117044695,False
2018-07-18,0.003275759380583665,0.002888086642599319,False
2018-07-19,0.0044523597506678225,0.011519078473722022,False
2018-07-20,0.004432624113475114,0.011387900355871894,False
2018-07-23,-0.0023536334215945587,0.005629838142153343,False
2018-07-24,0.01209082866411082,-0.01469559132260323,False
2018-07-25,0.0032051282051281937,0.02059659090909083,False
2018-07-26,0.0005808887598024448,0.006263048016701411,False
2018-07-27,0.010740203193033482,0.0013831258644536604,False
2018-07-30,0.0051694428489375,0.014502762430939287,False
2018-07-31,0.03285714285714292,0.013614703880190593,True
2018-08-01,-0.018810511756569892,-0.019476158495634666,False
2018-08-02,-0.004792782633211146,0.004794520547945158,False
2018-08-03,0.004249291784702569,0.008179959100204526,False
2018-08-06,-0.010155148095909783,0.0033806626098715764,False
2018-08-07,0.013679110857794274,-0.0006738544474393926,False
2018-08-08,0.005060444194545877,0.0013486176668915384,False
2018-08-09,-0.006713286713286748,-0.005387205387205385,False
2018-08-10,-0.04702900591382708,-0.03114421123899802,True
2018-08-13,0.00886524822695045,-0.0034940600978337066,False
2018-08-14,0.01288810779144689,0.016129032258064502,False
2018-08-15,-0.0080971659919028,-0.0020703933747412417,False
2018-08-16,0.03265306122448974,0.010373443983402453,True
2018-08-17,-0.004517221908526214,-0.002737850787132068,False
2018-08-20,0.00028360748723765816,-0.006177076183939589,False
2018-08-21,-0.008222285228239312,-0.006215469613259694,False
2018-08-22,-0.018582046883933723,-0.020152883947185507,False
2018-08-23,-0.01893387707544425,-0.01631205673758862,False
2018-08-24,0.0,0.005046863734679219,False
2018-08-27,-0.008610451306413247,-0.005021520803443313,False
2018-08-28,-0.017070979335130243,-0.016582552271088735,False
2018-08-29,0.003351614868982278,0.0007331378299120228,False
2018-08-30,-0.004555116914667479,-0.00073260073260073,False
2018-08-31,0.016473459426479486,0.029325513196480912,False
2018-09-04,-0.0012004801920768582,0.009971509971509862,False
2018-09-05,-0.0078125,-0.007757404795486589,False
2018-09-06,0.0015142337976983278,0.004975124378109541,False
2018-09-07,0.006350166313879635,0.0021216407355020284,False
2018-09-10,0.0018028846153845812,0.003528581510232831,False
2018-09-11,-0.015896820635872833,-0.0007032348804500987,True
2018-09-12,0.010667479427003856,-0.03870513722730473,False
2018-09-13,-0.007539203860072341,-0.015373352855051259,False
2018-09-14,-0.0015192950470981348,0.0022304832713755385,False
2018-09-17,0.002434570906877598,0.03264094955489605,False
2018-09-18,-0.011536126290224602,-0.013649425287356354,False
2018-09-19,0.019656019656019597,0.007283321194464731,True
2018-09-20,0.02439759036144573,0.01952277657266821,False
2018-09-21,-0.00352837400764483,0.013475177304964614,False
2018-09-24,-0.007376807317792888,0.009097270818754444,False
2018-09-25,0.005648038049940629,0.009015256588072118,False
2018-09-26,0.005025125628140614,-0.0020618556701030855,False
2018-09-27,0.00588235294117645,0.004820936639118534,False
2018-09-28,-0.011111111111111072,-0.023303632625085724,False
2018-10-01,0.014488468361915974,0.026666666666666616,False
2018-10-02,0.009618187117458543,0.004784688995215225,False
2018-10-03,-0.0051963048498845366,-0.007482993197278964,False
2018-10-04,-0.0026117237376668268,0.007539410555174708,False
2018-10-05,0.011347105033459481,0.0020408163265306367,False
2018-10-08,0.0008630609896431718,-0.004752206381534285,False
2018-10-09,-0.007760850819200971,-0.00545702592087316,False
2018-10-10,-0.012456546929316303,-0.004801097393689946,False
2018-10-11,0.007040187738339698,0.01791867677463821,False
2018-10-12,0.01077774541217602,0.012186865267433955,False
2018-10-15,0.02766570605187324,0.012040133779264162,True
2018-10-16,-0.007571508693213658,-0.007931262392597449,False
2018-10-17,0.0011302627860978465,-0.0026648900732845204,False
2018-10-18,-0.025119954840530645,-0.009352037408149605,True
2018-10-19,-0.007817023740590567,-0.01011463250168576,False
2018-10-22,0.0020426028596440826,0.006811989100817373,False
2018-10-23,-0.0011648223645893685,0.002029769959404515,False
2018-10-24,-0.008454810495626797,-0.00540175557056044,False
2018-10-25,-0.009997059688326981,-0.019687712152070658,False
2018-10-26,0.0038610038610038533,0.018698060941828354,False
2018-10-29,-0.007100591715976323,-0.002719238613188346,False
2018-10-30,-0.006555423122765247,-0.005453306066803054,False
2018-10-31,0.006598680263947276,-0.004112405757368043,False
2018-11-01,0.035756853396901045,0.009635237439779676,True
2018-11-02,0.0071921749136938384,0.012269938650306678,False
2018-11-05,-0.0025706940874036244,0.007407407407407307,False
2018-11-06,-0.001145475372279492,-0.00200534759358284,False
2018-11-07,-0.004873853211009194,-0.0026791694574681557,False
2018-11-08,-0.00028810141169688386,0.00335795836131636,False
2018-11-09,0.008933717579250766,-0.010040160642570295,False
2018-11-12,-0.0039988574692945145,0.0040567951318457585,False
2018-11-13,-0.005162030398623507,-0.012794612794612803,False
2018-11-14,0.0037474776592678616,0.0013642564802183177,False
2018-11-15,0.020964962665134923,0.0013623978201635634,True
2018-11-16,0.003938115330520464,-0.007482993197278964,False
2018-11-19,-0.020734099187447508,-0.006854009595613442,True
2018-11-20,0.00829756795422032,-0.002760524499654915,False
2018-11-21,0.002270147559591429,0.0013840830449827202,False
2018-11-23,-0.0022650056625141968,-0.007601935038009655,False
2018-11-26,-0.02128263337116909,-0.00835654596100277,True
2018-11-27,0.015366772977674747,0.001404494382022392,True
2018-11-28,0.01713306681896065,0.011220196353436185,False
2018-11-29,-0.0036496350364964014,-0.0006934812760055475,False
2018-11-30,0.008453085376162406,0.017349063150589927,False
2018-12-03,0.012293936853869702,0.012960436562073685,False
2018-12-04,0.006624344465912202,0.008080808080808133,False
2018-12-06,-0.002467781738415109,-0.006012024048096198,False
2018-12-07,0.007971412864211214,0.005376344086021501,False
2018-12-10,-0.007635669484592267,0.0006684491978610207,False
2018-12-11,0.00577081615828523,0.002004008016031955,False
2018-12-12,0.005464480874316946,0.0033333333333334103,False
2018-12-13,-0.01413043478260867,-0.001993355481727521,False
2018-12-14,-0.007166482910694549,0.0033288948069241098,False
2018-12-17,0.00471960022209883,,False
2018-12-18,0.003315833103067156,,False
2018-12-19,-0.008537592949600659,,False
2018-12-20,-0.007222222222222241,-0.017026850032743956,False
2018-12-21,-0.009792949076664836,0.008660892738174608,False
2018-12-24,-0.0008476970895733293,-0.0019815059445178473,False
2018-12-26,-0.015837104072398245,-0.01191264063534081,False
2018-12-27,-0.0011494252873562871,0.0033489618218351946,False
2018-12-28,0.015822784810126667,0.002670226969292422,True
2018-12-31,-0.0002832058906825363,-0.0013315579227696217,False
2019-01-02,0.013881019830028318,0.0020000000000000018,False
2019-01-03,0.006146968426934851,0.010645375914837052,False
2019-01-04,0.010274923632324295,0.008558262014483287,False
2019-01-07,0.0030236393622868896,-0.001958224543080922,False
2019-01-08,-0.006577144423129622,-0.005886200130804431,False
2019-01-09,0.0057931034482758825,0.0052631578947368585,False
2019-01-10,-0.017553483269336256,-0.015052356020942459,False
2019-01-11,0.0041876046901172526,0.0053156146179402786,False
2019-01-14,-0.009452321378926931,0.0006609385327165374,False
2019-01-15,0.002806623631770977,-0.01915455746367234,False
2019-01-16,0.0013993842709207893,0.007407407407407307,False
2019-01-17,0.014812744550027901,0.016042780748663166,False
2019-01-18,0.009914624070503919,0.004605263157894779,False
2019-01-22,-0.008181074447777492,-0.007203667321545537,False
2019-01-23,0.006323893318669338,-0.0006596306068601399,False
2019-01-24,0.0010928961748633004,-0.0046204620462045876,False
2019-01-25,0.01009825327510927,0.008620689655172376,False
2019-01-28,-0.0021615779519048584,-0.0013149243918474385,False
2019-01-29,-0.00460330354725158,-0.006583278472679366,False
2019-01-30,0.0021762785636560977,0.01060304837640813,False
2019-01-31,-0.006243213897937028,-0.012459016393442601,False
2019-02-01,0.0027314941272875704,0.004648074369189903,False
2019-02-04,0.0008172160174340082,0.0026437541308659274,False
2019-02-05,0.0019052803483941005,0.0039551746868820015,False
2019-02-06,0.0016299918500406463,-0.001969796454366346,False
2019-02-07,-0.009221589368049954,-0.009210526315789447,False
2019-02-08,0.0013687380235423152,-0.005976095617529875,False
2019-02-11,-0.010388190267905939,-0.004008016032064132,False
2019-02-12,0.013812154696132506,0.014755197853789426,False
2019-02-13,-0.0010899182561308063,0.0013218770654328527,False
2019-02-14,-0.014184397163120588,-0.010561056105610533,False
2019-02-15,0.004427227448810189,0.0,False
2019-02-19,-0.007438016528925617,-0.013342228152101399,False
2019-02-20,0.0019428254232582987,0.0027045300878971723,False
2019-02-21,0.009418282548476542,0.012811867835468727,False
2019-02-22,-0.0008232711306256357,-0.0006657789613848664,False
2019-02-25,0.001647898928865743,-0.012658227848101222,False
2019-02-26,-0.008774335069920536,-0.011470985155195734,False
2019-02-27,-0.0002766251728907321,-0.0068259385665528916,False
2019-02-28,-0.006640841173215284,-0.004810996563573866,False
2019-03-01,0.001949860724234087,0.005524861878453136,False
2019-03-04,0.0044481512371421505,0.0027472527472527375,False
2019-03-05,-0.002214226404649855,0.00273972602739736,False
2019-03-06,-0.01276005547850212,-0.0095628415300546,False
2019-03-07,0.0011239112110144056,-0.017931034482758568,False
2019-03-08,-0.007858546168958758,-0.0035112359550562022,False
2019-03-11,-0.006789250353606779,-0.006342494714587699,False
2019-03-12,0.007974935915693537,0.01134751773049647,False
2019-03-13,0.00480361684091557,0.0021037868162692153,False
2019-03-14,0.0005624296962880582,0.011896431070678837,False
2019-03-15,0.02220348510399095,0.03250345781466124,False
2019-03-18,-0.003849326367885597,-0.0046885465505692725,False
2019-03-19,-0.0019321004692244292,-0.0006729475100941684,False
2019-03-20,0.0022123893805310324,0.0006734006734006037,False
2019-03-21,0.004966887417218624,0.012786002691790088,False
2019-03-22,-0.007413509060955503,0.0053156146179402786,False
2019-03-25,0.003042876901798053,0.00396563119629878,False
2019-03-26,-0.006343077771649219,-0.006583278472679366,False
2019-03-27,-0.014709963918956404,-0.009277667329357198,False
2019-03-28,0.0022535211267604716,0.0006688963210701449,False
2019-03-29,-0.00590219224283306,-0.046791443850267345,False
2019-04-01,0.012722646310432628,0.014726507713884951,False
2019-04-02,0.005025125628140614,-0.0006910850034553828,False
2019-04-03,-0.001388888888888884,0.003457814661134151,False
2019-04-04,0.008623087621696834,0.00689179875947632,False
2019-04-05,-0.008273579702151146,-0.007529089664613298,False
2019-04-08,-0.0002780867630700623,-0.006896551724137945,False
2019-04-09,0.0,0.0,False
2019-04-10,0.003616133518776099,0.004861111111111205,False
2019-04-11,-0.007483370288248303,-0.004837595024188013,False
2019-04-12,0.0,0.002777777777777768,False
2019-04-15,0.0039095224797542905,0.00484764542936289,False
2019-04-16,-0.011961057023643917,-0.010337698139214369,False
2019-04-17,-0.010135135135135087,-0.002089136490250665,False
2019-04-18,0.0017064846416381396,0.0006978367062107083,False
2019-04-22,-0.003975014196479276,-0.010460251046025104,False
2019-04-23,-0.01710376282782211,-0.009866102889358741,False
2019-04-24,-0.007830626450116007,-0.012811387900355853,False
2019-04-25,0.004676995030692854,0.00216294160057684,False
2019-04-26,-0.0064009310445155565,0.010791366906474753,False
2019-04-29,-0.007320644216691097,0.002135231316725994,False
2019-04-30,-0.007374631268436627,0.0035511363636364646,False
2019-05-01,-0.002080237741456159,0.019108280254777066,False
2019-05-02,-0.010720667063728428,0.005555555555555536,False
2019-05-03,-0.0012040939193257438,0.0027624309392264568,False
2019-05-06,-0.01446654611211573,-0.01997245179063356,False
2019-05-07,0.0003058103975535076,0.006324666198172846,False
2019-05-08,-0.004280036686028721,-0.007681564245810013,False
2019-05-09,-0.017193736567393314,-0.030260380014074606,False
2019-05-10,-0.0040612308653545925,-0.005805515239477477,False
2019-05-13,-0.007528230865746499,0.014598540145985384,False
2019-05-14,0.033817951959544956,0.037410071942445944,True
2019-05-15,0.021705900336288497,0.02496532593619971,False
2019-05-16,0.005086774386594772,0.025710419485791558,False
2019-05-17,-0.021434950878237546,0.01121372031662271,False
2019-05-20,0.012169151201703698,0.015003261578603988,False
2019-05-21,-0.011722272317403082,0.013496143958869,False
2019-05-22,0.007907542579075333,0.0006341154090043766,False
2019-05-23,-0.008449004224502121,-0.012040557667934104,False
2019-05-24,0.010042604990870396,0.037203335471456045,False
2019-05-28,0.03163603495028622,0.039579468150896746,True
2019-05-29,0.01869158878504673,-0.0035693039857227493,True
2019-05-30,0.019495412844036775,0.04179104477611939,False
2019-05-31,-0.0126546681664792,-0.021203438395415497,False
2019-06-03,0.001424095699231076,-0.0064402810304449165,False
2019-06-04,0.0031285551763367003,0.0023571007660576626,False
2019-06-05,-0.013609299688120191,-0.024691358024691357,False
2019-06-06,-0.0011497556769186623,0.013863773357444265,False
2019-06-07,-0.014388489208633115,-0.011296076099881147,False
2019-06-10,0.0026277372262772936,0.0,False
2019-06-11,0.0008736167734419986,0.028863499699338435,False
2019-06-12,0.021821355833575806,0.005260081823495133,True
2019-06-13,0.011389521640091216,0.027906976744185963,False
2019-06-14,0.009853603603603656,0.02488687782805421,False
2019-06-17,0.017842207973236768,0.003863134657836609,True
2019-06-18,0.0008216926869351049,-0.010995052226498103,False
2019-06-19,-0.011220580186097395,-0.01945525291828798,False
2019-06-20,0.01356213672848039,0.020408163265306145,False
2019-06-21,-0.013926815947569615,-0.01722222222222225,False
2019-06-24,0.0069232899473830045,0.010175240248728068,False
2019-06-25,-0.006050605060506031,0.0016787912702853625,False
2019-06-26,-0.010237963475373535,-0.009497206703910632,False
2019-06-27,-0.007268660889013123,-0.007332205301748496,False
2019-06-28,0.013517319065052158,-0.04488636363636367,False
2019-07-01,-0.01583773270352873,-0.019631171921475343,False
2019-07-02,-0.010446075663467003,0.00364077669902918,False
2019-07-03,0.010271041369472211,0.047158403869407506,False
2019-07-05,-0.014685117198531494,0.002309468822170979,False
2019-07-08,0.0034393809114359186,0.010368663594469973,False
2019-07-09,0.00856898029134534,-0.015393386545039855,False
2019-07-10,0.011611441517983545,0.0057903879559930704,False
2019-07-11,0.0036394176931691113,0.031088082901554515,False
2019-07-12,0.011715481171548081,0.003908431044109539,False
2019-07-15,-0.005514199062586211,-0.018909899888765347,False
2019-07-16,-0.015525367341280849,-0.0130385487528345,False
2019-07-17,-0.005913827090960333,0.001723147616312426,False
2019-07-18,-0.0014164305949008194,-0.026376146788990806,False
2019-07-19,0.02297872340425533,0.01472320376914027,False
2019-07-22,-0.014697726012201873,-0.019733023795705185,False
2019-07-23,-0.0028145229383619297,0.007696862048549358,False
2019-07-24,0.00592718035563089,-0.003525264394829586,False
2019-07-25,-0.009539842873176219,-0.01297169811320753,False
2019-07-26,0.0008498583569405138,-0.009557945041816063,False
2019-07-29,0.002830455703368262,0.006031363088057962,False
2019-07-30,-0.007902907140841076,-0.013788968824940073,False
2019-07-31,-0.01678520625889046,-0.0267477203647416,False
2019-08-01,-0.01967592592592593,-0.01873828856964399,False
2019-08-02,0.003837072018890275,0.017186505410566433,False
2019-08-05,0.0,0.014392991239048802,False
2019-08-06,-0.0029403116730373213,-0.0030845157310301907,False
2019-08-07,0.0011795930404010502,0.006188118811881083,False
2019-08-08,0.019145802650957222,0.011070110701107083,False
2019-08-09,0.01011560693641611,-0.0018248175182481452,False
2019-08-12,-0.014020028612303337,-0.06093845216331506,False
2019-08-13,0.012188044109112006,-0.04996755353666449,False
2019-08-14,-0.012614678899082521,-0.01912568306010931,False
2019-08-15,-0.0034843205574912606,0.004874651810584885,False
2019-08-16,0.010780885780885763,0.028413028413028396,False
2019-08-19,-0.01527817814932253,-0.016172506738544423,False
2019-08-20,0.002049180327868827,-0.015068493150684925,False
2019-08-21,0.0055506865322816346,0.008344923504867818,False
2019-08-22,-0.005229517722254551,0.00206896551724145,False
2019-08-23,-0.014894859813084138,-0.009635237439779787,False
2019-08-26,0.012451823302697784,-0.0034746351633078154,False
2019-08-27,-0.008784773060029227,-0.004184100418409997,False
2019-08-28,0.007680945347119605,0.016106442577030755,False
2019-08-29,0.004104368220463117,-0.008270158511371473,False
2019-08-30,0.0008759124087591719,-0.00486448922863103,False
2019-09-03,-0.0005834305717619115,-0.02304469273743015,False
2019-09-04,0.007005253940455258,-0.010721944245889903,False
2019-09-05,-0.014782608695652177,0.0014450867052022698,False
2019-09-06,-0.005589879376287188,-0.011544011544011523,False
2019-09-09,0.0,-0.005109489051094873,False
2019-09-10,0.016863905325443795,0.022743947175348556,False
2019-09-11,-0.006109979633401208,-0.0007173601147776321,False
2019-09-12,0.033957845433255196,0.01794687724335975,True
2019-09-13,0.0019818799546997834,0.0028208744710860323,False
2019-09-16,0.017236507487990993,0.05203938115330531,False
2019-09-17,-0.00694444444444442,-0.016042780748663055,False
2019-09-18,-0.005594405594405605,0.008831521739130377,False
2019-09-19,0.004781997187060405,0.004040404040404066,False
2019-09-20,-0.01147816349384101,-0.005365526492287054,False
2019-09-23,0.011045029736618472,0.006743088334457248,False
2019-09-24,0.0019607843137254832,0.004018754186202234,False
2019-09-25,-0.0055912776069332315,-0.0013342228152101177,False
2019-09-26,-0.0008434073657576091,-0.004676018704074858,False
2019-09-27,-0.006190208216094506,-0.0026845637583892135,False
2019-09-30,0.026047565118912708,0.044414535666218,True
2019-10-01,0.01490066225165565,0.011597938144329856,False
2019-10-02,-0.006253398586188119,-0.012101910828025475,False
2019-10-03,-0.002188782489740082,0.0025789813023855412,False
2019-10-04,0.004935563476830218,-0.01028938906752408,False
2019-10-07,-0.0010914051841746097,0.005847953216374213,False
2019-10-08,0.005736137667303964,0.022609819121446995,False
2019-10-09,0.003530689842476953,-0.0037902716361338795,False
2019-10-10,-0.00027063599458732046,-0.03551046290424853,False
2019-10-11,0.013535462912831697,0.046022353714661346,False
2019-10-14,0.004807692307692291,0.0,False
2019-10-15,-0.006911217437533201,-0.011313639220616012,False
2019-10-16,-0.0064239828693790635,-0.0038143674507310488,False
2019-10-17,0.0037715517241379004,0.007657945118060061,False
2019-10-18,0.0026838432635534204,-0.00949968334388851,False
2019-10-21,-0.0008029978586723274,-0.009590792838874651,False
2019-10-22,0.000803643182426983,0.0019367333763717909,False
2019-10-23,-0.0002676659528907388,-0.0006443298969072142,False
2019-10-24,-0.0005354752342704439,-0.0025789813023855412,False
2019-10-25,-0.013929815162068038,0.0,False
2019-10-28,0.0005433306166802154,-0.007110536522301203,False
2019-10-29,-0.002715177844148764,0.005859375,False
2019-10-30,-0.0024503130955622066,0.011650485436893288,False
2019-10-31,0.0008187772925765113,-0.0019193857965451588,False
2019-11-01,0.008181074447777492,-0.0019230769230769162,False
2019-11-04,0.001622937516905676,-0.015414258188824692,False
2019-11-05,-0.00432082095598163,-0.003913894324853229,False
2019-11-06,-0.007323026851098424,-0.007858546168958758,False
2019-11-07,0.010928961748633892,-0.009240924092409286,False
2019-11-08,-0.005945945945945996,0.005329780146569041,False
2019-11-11,-0.015769439912996175,-0.010603048376408242,False
2019-11-12,0.0008287292817679148,0.012056262558606923,False
2019-11-13,-0.0035881865857024797,-0.006618133686300487,False
2019-11-14,-0.00249307479224381,0.0013324450366423157,False
2019-11-15,0.019994445987225662,-0.0119760479041916,False
2019-11-18,-0.008712224339776697,-0.009427609427609451,False
2019-11-19,0.0013732491073881192,0.00611828687967364,False
2019-11-20,-0.007131102578167847,-0.00878378378378375,False
2019-11-21,-0.0044198895027623974,0.0047716428084525475,False
2019-11-22,-0.004439511653718142,0.0006784260515604323,False
2019-11-25,-0.0050167224080267525,0.004745762711864332,False
2019-11-26,-0.009243697478991564,-0.0080971659919028,False
2019-11-27,-0.0025445292620864812,-0.01292517006802718,False
2019-11-29,-0.005952380952380931,0.023432115782219265,False
2019-12-02,-0.007128599942971214,0.0060606060606061,False
2019-12-03,0.0005743825387707346,-0.004016064257028162,False
2019-12-04,0.008036739380022917,-0.008736559139784994,False
2019-12-05,0.007118451025057038,-0.00881355932203387,False
2019-12-06,0.00593723494486853,0.002735978112175186,False
2019-12-09,0.008712759977515416,-0.0020463847203274765,False
2019-12-10,0.004458066313736353,-0.00683526999316475,False
2019-12-11,-0.008599167822468834,-0.015141087405368236,False
2019-12-12,0.005316172355903648,0.025856044723969296,False
2019-12-13,0.01029780128026725,-0.002043596730245234,False
2019-12-16,0.01597796143250685,0.059385665529010145,False
2019-12-17,0.007321041214750634,0.005154639175257714,False
2019-12-18,-0.00026917900403766737,-0.007692307692307665,False
2019-12-19,-0.004308023694130303,-0.0012919896640827266,False
2019-12-20,0.004056246619794424,0.0032341526520052177,False
2019-12-23,0.006194451925666478,0.0025789813023855412,False
2019-12-24,0.002676659528907832,-0.003215434083601254,False
2019-12-26,0.0013347570742126003,0.002580645161290418,False
2019-12-27,-0.008797653958944274,0.0038610038610038533,False
2019-12-30,0.01075847229693383,-0.004487179487179471,False
2019-12-31,0.0037253858435337683,-0.0012878300064391723,False
2020-01-02,0.0013255567338281704,0.009671179883945946,False
2020-01-03,-0.01456182155149588,-0.012771392081736943,False
2020-01-06,0.002418054809242287,-0.004527813712807194,False
2020-01-07,0.002412221924417146,-0.0006497725795971965,False
2020-01-08,0.0034759358288769526,-0.0006501950585175997,False
2020-01-09,-0.004796163069544335,-0.002602472348731344,False
2020-01-10,0.0013386880856760541,0.006523157208088826,False
2020-01-13,-0.006149732620320814,0.009721322099805585,False
2020-01-14,-0.0008071025020177647,-0.0012836970474967568,False
2020-01-15,0.0002692514808830815,-0.003856041131105381,False
2020-01-16,-0.005114401076716013,-0.030967741935483906,False
2020-01-17,0.006222943722943741,0.03661784287616521,False
2020-01-21,-0.01478892175315949,-0.004495825305073864,False
2020-01-22,-0.002456331877729312,0.003225806451612856,False
2020-01-23,-0.0046511627906976605,0.012861736334405238,False
2020-01-24,-0.008246289169873577,-0.01650793650793647,False
2020-01-27,-0.005266075388026592,-0.017430600387346673,False
2020-01-28,-0.0025076623014766986,0.01576872536136653,False
2020-01-29,-0.0022346368715083775,-0.005821474773609281,False
2020-01-30,-0.01875699888017912,-0.01236174365647369,False
2020-01-31,-0.004279600570613384,0.004611330698287119,False
2020-02-03,0.00515759312320907,-0.006557377049180357,False
2020-02-04,0.002850627137970463,0.009240924092409175,False
2020-02-05,0.0005685048322909836,-0.003924133420536324,False
2020-02-06,0.001136363636363713,-0.003939592908732803,False
2020-02-07,0.0011350737797957144,0.011206328279498967,False
2020-02-10,0.0025510204081633514,-0.0045632333767926525,False
2020-02-11,0.0005654509471302305,-0.0052390307793058755,False
2020-02-12,0.0087595365922577,0.008558262014483287,False
2020-02-13,0.004201680672268893,-0.009138381201044377,False
2020-02-14,-0.002789400278940035,-0.00461133069828723,False
2020-02-18,-0.0016783216783217147,0.013898080741231,False
2020-02-19,0.005603810591201963,-0.00652741514360311,False
2020-02-20,-0.005015324602953508,-0.005256241787122251,False
2020-02-21,-0.00252030243629231,-0.003963011889035695,False
2020-02-24,-0.018248175182481785,-0.012599469496021198,False
2020-02-25,0.005433228481555696,0.000671591672263272,False
2020-02-26,0.0022753128555177415,-0.005369127516778538,False
2020-02-27,0.00595913734392739,-0.01619433198380571,False
2020-02-28,-0.003102961918194591,0.005486968449931462,False
2020-03-02,0.007923033389926504,0.022510231923601687,False
2020-03-03,0.0028074115665357446,0.01867911941294187,False
2020-03-04,0.00643896976483771,0.013752455795677854,False
2020-03-05,-0.010848400556328186,-0.006459948320413411,False
2020-03-06,-0.006467941507311559,-0.01885565669700906,False
2020-03-09,-0.022360600056609115,-0.007952286282306154,True
2020-03-10,0.011001737116386856,0.015364061456245803,False
2020-03-11,-0.006013745704467333,-0.0019736842105263497,False
2020-03-12,-0.014693171996542742,-0.025049439683585972,False
2020-03-13,-0.009649122807017574,0.0027045300878971723,False
2020-03-16,-0.029524653085326258,-0.04315576534052601,True
2020-03-17,0.0030422878004259246,-0.030303030303030276,False
2020-03-18,0.0015165301789505925,-0.025436046511627897,False
2020-03-19,0.021502119927316876,0.030574198359433202,False
2020-03-20,0.022828342721612715,-0.00506512301013029,True
2020-03-23,0.02492753623188415,-0.0007272727272726875,True
2020-03-24,0.0031108597285067763,0.01091703056768556,False
2020-03-25,-0.005920496193966729,0.003599712023038215,False
2020-03-26,-0.0014180374361882908,0.0007173601147776321,False
2020-03-27,0.0014200511218402934,-0.007885304659498216,False
2020-03-30,0.0008508224617129745,-0.013728323699422007,False
2020-03-31,0.004250495891187311,-0.00146520146520146,False
2020-04-01,-0.02624153498871329,-0.017608217168011753,True
2020-04-02,-0.004636337293538073,-0.0037341299477221535,False
2020-04-03,-0.005240174672489051,-0.008245877061469287,False
2020-04-06,0.0014632718759144403,-0.009070294784580546,False
2020-04-07,-0.0008766803039158555,0.011441647597254079,False
2020-04-08,-0.0002924831822169738,-0.004524886877828038,False
2020-04-09,0.010532475131656005,0.005303030303030365,False
2020-04-13,-0.010712217718587103,-0.0007535795026375469,False
2020-04-14,-0.008486976880304309,-0.016591251885369585,False
2020-04-15,-0.005903187721369552,-0.020705521472392685,False
2020-04-16,-0.006235154394299336,0.001566170712607784,False
2020-04-17,-0.005079175380938161,0.007818608287724738,False
2020-04-20,-0.007207207207207245,-0.024825446082234248,False
2020-04-21,0.005142165759225659,-0.015910898965791564,False
2020-04-22,0.004814926271441422,0.02667744543249806,False
2020-04-23,0.005390835579514919,0.005511811023622082,False
2020-04-24,-0.00834078045874298,-0.01096319498825371,False
2020-04-27,-0.0039050765995795045,-0.03246239113222482,False
2020-04-28,-0.003618817852834688,-0.009001636661211121,False
2020-04-29,0.006961259079903082,0.005780346820809301,False
2020-04-30,0.022242260294559557,0.02298850574712641,False
2020-05-01,-0.00352837400764483,0.0,False
2020-05-04,-0.015638831513720808,-0.0024077046548957037,True
2020-05-05,0.005095923261390967,0.007240547063555924,False
2020-05-06,-0.009245451834178353,-0.003993610223642197,False
2020-05-07,0.013245033112582849,0.013632718524458687,False
2020-05-08,0.00861556743909686,0.009493670886076,False
2020-05-11,0.004123711340206171,-0.0015673981191222097,False
2020-05-12,-0.003520093869169849,0.016483516483516425,False
2020-05-13,-0.015602001766264362,-0.010810810810810811,False
2020-05-14,-0.0008971291866028963,0.0,False
2020-05-15,0.0038910505836575737,-0.0031225604996096834,False
2020-05-18,0.007751937984496138,0.00469851213782313,False
2020-05-19,-0.00295857988165682,0.001558846453624252,False
2020-05-20,0.005044510385756595,-0.005447470817120603,False
2020-05-21,-0.013876586950103298,-0.005477308294209671,False
2020-05-22,-0.002095808383233533,0.0007867820613689513,False
2020-05-26,0.01650165016501659,0.003144654088050425,True
2020-05-27,0.0017709563164107767,0.004702194357366851,False
2020-05-28,-0.001767825574543358,0.021840873634945357,False
2020-05-29,-0.0073789846517119395,-0.005343511450381699,False
2020-06-01,-0.0002973535533750127,-0.007674597083653145,False
2020-06-02,0.011897679952409312,0.0030935808197989356,False
2020-06-03,0.008230452674897082,-0.0007710100231302919,False
2020-06-04,0.011953352769679348,0.015432098765432167,False
2020-06-05,0.0,0.006838905775075954,False
2020-06-08,-0.0034572169403630504,0.007547169811320753,False
2020-06-09,-0.0017346053772766545,-0.01872659176029967,False
2020-06-10,0.0026064291920069316,-0.003816793893129722,False
2020-06-11,0.0005777007510110455,0.01072796934865905,False
2020-06-12,0.0060623556581986815,0.0007581501137225999,False
2020-06-15,-0.002582496413199409,-0.002272727272727315,False
2020-06-16,-0.0023014959723820505,-0.0007593014426727773,False
2020-06-17,0.004901960784313708,0.0037993920972645423,False
2020-06-18,0.002008608321377281,0.002271006813020504,False
2020-06-19,0.004009163802978222,0.004531722054380571,False
2020-06-22,-0.00028522532800911993,-0.012781954887218006,False
2020-06-23,-0.0014265335235378318,-0.00990099009900991,False
2020-06-24,-0.004857142857142893,-0.002307692307692344,False
2020-06-25,-0.0017226528854435985,-0.021588280647648395,False
2020-06-26,-0.004889272361230934,-0.0007880220646178104,False
2020-06-29,0.001734104046242857,0.02917981072555209,False
2020-06-30,0.020484708597807266,0.037547892720306564,False
2020-07-01,0.010743567995476377,0.028803545051698576,False
2020-07-02,-0.0013986013986013734,-0.016511127063890907,False
2020-07-06,0.006722689075630228,0.011678832116788218,False
2020-07-07,-0.0036171396772398667,-0.0043290043290042934,False
2020-07-08,-0.0005585032113935018,0.009420289855072372,False
2020-07-09,0.0039117071807768244,0.008614501076812608,False
2020-07-10,-0.0075146117450598515,-0.03060498220640573,False
2020-07-13,-0.016825574873808202,-0.019089574155653488,False
2020-07-14,0.006560182544209869,0.002245508982035904,False
2020-07-15,0.004533862283933043,-0.025392083644510843,False
2020-07-16,0.008180535966149538,0.012260536398467359,False
2020-07-17,0.005036373810856087,0.00832702498107496,False
2020-07-20,0.0055679287305121505,-0.014264264264264304,False
2020-07-21,-0.007198228128460715,-0.016755521706016796,False
2020-07-22,0.0030674846625766694,0.014717273431448463,False
2020-07-23,0.007784264664998597,0.0015267175572519776,False
2020-07-24,-0.0016551724137930934,-0.005335365853658569,False
2020-07-27,0.0019342359767891004,-0.003831417624521105,False
2020-07-28,-0.010755653612796512,-0.01538461538461533,False
2020-07-29,-0.005854474491218342,-0.014062499999999978,False
2020-07-30,0.0002804262478968145,0.0007923930269413404,False
2020-07-31,0.006447995514437865,0.0007917656373712667,False
2020-08-03,0.0,0.004746835443038,False
2020-08-04,-0.01532033426183843,-0.029133858267716528,False
2020-08-05,-0.001980198019801982,0.008921330089213253,False
2020-08-06,-0.0014172335600907138,0.000803858520900258,False
2020-08-07,-0.01192165767811526,-0.011244979919678766,False
2020-08-10,0.007181844297615703,0.008935824532900094,False
2020-08-11,0.0017113519680547196,0.0032206119162641045,False
2020-08-12,0.014236902050113853,0.009630818619582593,False
2020-08-13,0.01880965749578878,0.03418124006359302,False
2020-08-14,-0.004133370074400622,-0.002305918524212136,False
2020-08-17,0.009961261759822815,0.02003081664098616,False
2020-08-18,-0.0005479452054794054,-0.012084592145015116,False
2020-08-19,0.0005482456140351033,-0.006116207951070374,False
2020-08-20,-0.01041095890410959,-0.0015384615384614886,False
2020-08-21,-0.002491694352159457,0.007704160246533087,False
2020-08-24,-0.0011101859561476468,0.014525993883792054,False
2020-08-25,0.01555987774381773,0.027128862094951023,False
2020-08-26,0.00629274965800275,-0.0007336757153337814,False
2020-08-27,0.019303969548667643,0.011013215859030812,False
2020-08-28,0.014137103227527259,0.005083514887436413,False
2020-08-31,0.0007890583903209514,0.007225433526011571,False
2020-09-01,0.003942181340341744,0.0028694404591105283,False
2020-09-02,0.007853403141361293,0.0007153075822603494,False
2020-09-03,0.006493506493506551,-0.015010721944245908,False
2020-09-04,0.0007741935483871476,0.007982583454281489,False
2020-09-08,0.0036101083032491488,0.010799136069114423,False
2020-09-09,0.006937307297019579,-0.002849002849002802,False
2020-09-10,0.0053585098239345985,0.020714285714285685,False
2020-09-11,0.020812182741116736,0.021693491952414323,False
2020-09-14,0.01367478866235694,-0.020547945205479423,False
2020-09-15,-0.027225901398086783,0.023776223776223793,True
2020-09-16,0.019919314170448787,0.015710382513661303,False
2020-09-17,0.017058096415327517,0.00941492938802968,False
2020-09-18,0.014584346135148252,0.008660892738174608,False
2020-09-21,-0.020124580737901243,-0.023117569352708034,False
2020-09-22,-0.0026894865525672884,-0.0013522650439485862,False
2020-09-23,-0.005148320666830131,-0.0020311442112389555,False
2020-09-24,-0.01429275505174965,-0.013568521031207648,False
2020-09-25,0.0024999999999999467,0.004814305364511773,False
2020-09-28,-0.006234413965087282,0.004106776180698102,False
2020-09-29,-0.0032622333751568533,-0.005453306066803054,False
2020-09-30,0.030715005035246712,0.03906785469499652,True
2020-10-01,0.0,0.009894459102902431,False
2020-10-02,-0.0026868588177820785,-0.007838014369693003,False
2020-10-05,0.0007347538574578039,-0.0006583278472679366,False
2020-10-06,0.022026431718061623,0.01449275362318847,False
2020-10-07,0.006704980842911823,0.009740259740259827,False
2020-10-08,-0.0009514747859181716,-0.004501607717041778,False
2020-10-09,0.014761904761904754,0.02067183462532296,False
2020-10-12,-0.029798216799624577,-0.015189873417721489,True
2020-10-13,0.00991535671100352,0.005784061696658016,False
2020-10-14,0.01173371647509569,0.013418530351437807,False
2020-10-15,0.005680473372781103,0.01828499369482972,False
2020-10-16,-0.011532125205930832,-0.004334365325077361,False
2020-10-19,0.004047619047619078,0.008084577114427782,False
2020-10-20,0.00924828076831874,0.008636644046884578,False
2020-10-21,0.007518796992481258,0.012232415902140747,False
2020-10-22,0.0016324626865671377,0.0060422960725075026,False
2020-10-23,0.0093131548311991,0.007207207207207134,False
2020-10-26,0.0036908881199537724,-0.003577817531305927,False
2020-10-27,-0.005056308894507033,-0.00418910831837227,False
2020-10-28,-0.023100023100023126,-0.034855769230769273,False
2020-10-29,-0.0052021754551903054,-0.007471980074719831,False
2020-10-30,0.0045162823864985935,0.0,False
2020-11-02,-0.005442498816848107,-0.0025094102885822034,False
2020-11-03,0.007851534618129818,0.008805031446540879,False
2020-11-04,0.018885741265344702,0.010598503740648413,False
2020-11-05,0.02108433734939763,0.009870450339296788,False
2020-11-06,-0.002949852507374673,-0.00610873549175317,False
2020-11-09,0.00591715976331364,0.0018438844499077955,False
2020-11-10,0.030090497737556454,0.03803680981595092,True
2020-11-11,0.0043927081045465055,-0.013593380614657202,False
2020-11-12,-0.005466870763175202,-0.02156980227681249,False
2020-11-13,0.003957783641160839,0.005511328842620955,False
2020-11-16,0.010512483574244502,0.014007308160779441,False
2020-11-17,0.014087559601213773,0.00960960960960966,False
2020-11-18,0.005129301132720698,0.013087447947650155,False
2020-11-19,0.0014884116521369783,-0.007633587786259555,False
2020-11-20,0.002972399150743099,0.0017751479289940253,False
2020-11-23,0.008890770533446224,0.007678676904902648,False
2020-11-24,-0.00020981955518251105,-0.0017584994138335475,False
2020-11-25,-0.006086044071353602,-0.01350557839107458,False
2020-11-27,0.006545608108108114,0.013095238095238049,False
2020-11-30,-0.01950912523599746,-0.013513513513513487,False
2020-12-01,-0.005562687205819428,-0.0119118522930316,False
2020-12-02,-0.0077452667814114085,0.010247136829415249,False
2020-12-03,0.013226366001734657,0.00835322195704058,False
2020-12-04,-0.004493901134175027,-0.013017751479289963,False
2020-12-07,-0.0038693035253654084,0.005995203836930418,False
2020-12-08,-0.011005610703495927,-0.005959475566150174,False
2020-12-09,0.01112808204233029,0.011990407673860837,False
2020-12-10,-0.004963314630988314,-0.00414691943127965,False
2020-12-11,0.006723053567555759,0.009518143961927406,False
2020-12-14,0.007755277897457891,-0.011785503830288757,False
2020-12-15,0.012612227447627244,0.013118664281454917,False
2020-12-16,-0.00042220814861726463,0.005885815185403098,False
2020-12-17,0.014783526927138357,0.012287887653598561,False
2020-12-18,0.015608740894901052,0.011560693641618602,False
2020-12-21,0.019057377049180424,0.005714285714285783,True
2020-12-22,0.003217373818620528,0.007954545454545547,False
2020-12-23,0.009220284626177522,0.008455467869222133,False
2020-12-24,0.0037735849056603765,0.008384572386808342,False
2020-12-28,-0.006529481598733677,0.012195121951219523,False
2020-12-29,0.03206532563234421,0.020810514786418377,True
2020-12-30,0.0063681976071015,0.018240343347639465,False
2020-12-31,0.008820709491850431,0.02002107481559534,False
2021-01-04,0.0009503896597604644,-0.0005165289256198191,False
2021-01-05,0.025446259020129203,0.016537467700258324,True
2021-01-06,0.01129629629629636,0.0066090493136756745,False
2021-01-07,-0.003479216260758089,-0.002020202020202033,False
2021-01-08,0.011209114296214517,0.0045546558704452345,False
2021-01-11,-0.0009085953116482193,-0.008060453400503764,False
2021-01-12,0.03455802109858119,0.05078720162519046,True
2021-01-13,-0.007735583684950753,0.014016433059448996,False
2021-01-14,0.01807228915662651,0.018589132507149664,False
2021-01-15,-0.013748694744169843,-0.005147402901263476,False
2021-01-19,-0.021881065819657652,-0.010348071495766664,False
2021-01-20,-0.011726501894281038,-0.0076045627376425395,False
2021-01-21,0.0005476451259582849,0.004310344827586299,False
2021-01-22,-0.04269293924466333,-0.045302813543156906,True
2021-01-25,0.024204307223175237,0.0219780219780219,False
2021-01-26,0.019910681056940716,0.040566959921798595,False
2021-01-27,0.003284072249589487,0.0032879286049789513,False
2021-01-28,-0.01563920712856881,0.000936329588014928,True
2021-01-29,0.01237760945871047,0.023386342376052305,False
2021-02-01,-0.003467153284671509,0.004113345521023826,False
2021-02-02,-0.007690899102728466,-0.011379153390987717,False
2021-02-03,0.012179368887248465,0.016574585635359185,False
2021-02-04,0.0009115770282588365,-0.0036231884057971175,False
2021-02-05,-0.004189435336976355,-0.0027272727272726893,False
2021-02-08,0.015364916773367376,0.027803099361896066,False
2021-02-09,0.010088272383354413,-0.013303769401330379,False
2021-02-10,-0.03406456215444975,-0.03910112359550566,True
2021-02-11,0.009970457902511054,0.012160898035547207,False
2021-02-12,0.003290676416819016,-0.004158964879852123,False
2021-02-16,0.009293002915451876,0.025058004640371223,False
2021-02-17,-0.0007221520129987447,0.0013580805794477513,False
2021-02-18,-0.006323396567298967,-0.00497287522603973,False
2021-02-19,0.001636363636363658,-0.013630168105406626,False
2021-02-22,0.0047195498275549586,0.01520036849378159,False
2021-02-23,0.016079494128274696,0.004990925589836603,True
2021-02-24,0.012624466571834914,0.009932279909706576,False
2021-02-25,-0.012467076382791875,-0.008046490835941,False
2021-02-26,-0.0005334281650071215,0.0013519603424965165,False
2021-03-01,-0.009073118662159763,-0.014401440144014455,False
2021-03-02,0.01543985637342904,0.024200913242009126,False
2021-03-03,-0.002298444130127253,-0.018724921979491715,False
2021-03-04,0.0031897926634769647,-0.007269422989550245,False
2021-03-05,0.013425189895778233,0.028832951945080065,False
2021-03-08,0.002440299808262214,0.005338078291814874,False
2021-03-09,0.0024343592418709648,-0.005309734513274322,False
2021-03-10,-0.020641803989592367,-0.025355871886120984,False
2021-03-11,0.002833864682961318,0.013235965312642595,False
2021-03-12,0.0001766160367362435,-0.010360360360360366,False
2021-03-15,0.0026487727352992874,0.000455166135639562,False
2021-03-16,0.002641775272983482,0.008644222020018244,False
2021-03-17,-0.0038643948708940723,0.006765899864682012,False
2021-03-18,-0.017986245812026125,-0.020609318996415715,False
2021-03-19,0.01723828335428257,0.020585544373284526,False
2021-03-22,0.0008826125330980705,-0.015688032272523578,False
2021-03-23,0.004056437389770684,0.004098360655737654,False
2021-03-24,0.006674863867907943,0.0036281179138322184,False
2021-03-25,-0.012912231722212564,-0.012200632625395391,False
2021-03-26,-0.009722467739084362,0.010978956999085021,False
2021-03-29,-0.005355230274901812,-0.010407239819004488,False
2021-03-30,-0.018844221105527637,-0.013717421124828544,False
2021-03-31,0.05121638924455829,0.046360686138154916,True
2021-04-01,-0.02418653210370625,-0.007975188303057101,True
2021-04-05,0.007667617689015582,-0.011612326931665917,False
2021-04-06,0.004247035922845477,0.0018075011296883048,False
2021-04-07,-0.007048458149779724,0.011276499774470095,False
2021-04-08,0.00461401952085172,0.0343443354148083,False
2021-04-09,-0.00865571453806746,-0.00431220353600692,False
2021-04-12,-0.014967925873129007,-0.01429190125595492,False
2021-04-13,0.00542691751085389,0.019332161687170446,False
2021-04-14,0.014753508456279318,0.024137931034482696,False
2021-04-15,0.005851063829787284,-0.006734006734006703,False
2021-04-16,0.01057641459545211,-0.007627118644067843,False
2021-04-19,0.011512297226582868,0.01110162254483349,False
2021-04-20,0.015347473702362446,0.0244932432432432,False
2021-04-21,0.017153532608695565,0.031327287716405694,False
2021-04-22,0.02404408081482723,0.03996802557953627,False
2021-04-23,0.004239360834827899,0.00768639508070712,False
2021-04-26,0.018996590355577103,0.038138825324180115,False
2021-04-27,-0.01226896112173359,0.02204261572373256,False
2021-04-28,0.00516212292305207,-0.013299784327821751,False
2021-04-29,-0.009789760873054054,0.022950819672131084,False
2021-04-30,0.018476499189627127,0.054131054131054235,False
2021-05-03,-0.00684277530235522,-0.010472972972973005,False
2021-05-04,0.010735459061048003,0.01707067258449979,False
2021-05-05,0.003170577045022105,0.011413225914736591,False
2021-05-06,0.014854614412136646,0.008297378028542912,False
2021-05-07,0.009654313298038009,0.017445687952600375,False
2021-05-10,-0.0006169031462059937,-0.03202846975088969,False
2021-05-11,0.010802469135802406,0.015374331550802145,False
2021-05-12,0.014045801526717527,-0.0026333113890717463,False
2021-05-13,-0.02905751279735025,-0.050825082508250796,True
2021-05-14,-0.005272135214761997,-0.04728789986091797,False
2021-05-17,-0.010132501948558081,-0.04744525547445255,False
2021-05-18,-0.00834645669291334,0.008812260536398497,False
2021-05-19,-0.022868032396379245,0.0,True
2021-05-20,-0.0032504469364537103,0.009494872768704976,False
2021-05-21,-0.004565465514430156,-0.007524454477050413,False
2021-05-24,-0.00229320229320229,-0.0034116755117513664,False
2021-05-25,-0.007223772779510806,-0.05629516926588052,False
2021-05-26,-0.005457251529684126,0.006852075775896749,False
2021-05-27,0.022281343531759257,0.06405124099279424,False
2021-05-28,-0.0042290175666883645,-0.01166290443942819,False
2021-06-01,0.011760862463247257,0.04872478111914735,False
2021-06-02,0.009041007426541903,-0.019963702359346636,False
2021-06-03,-0.008480000000000043,-0.01925925925925931,False
2021-06-04,0.022268839761174775,0.03134441087613293,False
2021-06-07,-0.014838200473559549,-0.0051263273526180875,False
2021-06-08,0.012658227848101333,0.0011041589988958211,False
2021-06-09,-0.011075949367088556,0.01580882352941182,False
2021-06-10,-0.011839999999999962,0.011943539630836053,False
2021-06-11,-0.022992227979274582,-0.0207439198855508,False
2021-06-14,-0.02403049386808087,-0.03688823959094234,False
2021-06-15,-0.004415011037527616,0.012514220705347023,False
2021-06-16,-0.011768719085792245,0.008239700374531811,False
2021-06-17,-0.0819813600276148,-0.059435364041604766,True
2021-06-18,0.04982139499906002,0.035150078988941624,True
2021-06-21,0.013610315186246336,0.006104540251812285,False
2021-06-22,-0.014487632508833892,0.0007584376185059138,False
2021-06-23,-0.006812477590534272,0.006820765441455157,False
2021-06-24,-0.009927797833935048,-0.01656003010914564,False
2021-06-25,-0.030264357338195103,-0.02564102564102566,True
2021-06-28,0.02049257379206626,0.061272584446190104,False
2021-06-29,0.002026529108327235,0.02812731310140637,False
2021-06-30,0.0663724949439235,0.036717062634989306,True
2021-07-01,-0.0022413793103448487,-0.0003472222222222765,False
2021-07-02,0.0034560221185415685,-0.03126085446335536,False
2021-07-06,-0.06061649733080765,-0.059160989602007885,True
2021-07-07,0.01668194317140248,-0.005335365853658569,True
2021-07-08,0.0027046520014424313,-0.022222222222222254,False
2021-07-09,0.009890307498651385,-0.012931034482758674,False
2021-07-12,0.020299145299145227,0.06272330289797545,False
2021-07-13,0.0038394415357765332,0.01158012700784461,False
2021-07-14,0.020688456189151605,0.008862629246676468,False
2021-07-15,-0.0137966274910577,-0.17386530014641288,False
2021-07-16,0.0050086355785836645,-0.014621178555604741,False
2021-07-19,-0.018388039181990057,0.0,True
2021-07-20,0.01085434173669464,0.028327338129496393,False
2021-07-21,-0.002944232767578825,0.0,False
2021-07-22,-0.015980545422963344,-0.012680367293397499,False
2021-07-23,-0.010767872903795217,-0.030558015943312644,False
2021-07-26,0.008386866523911518,0.004568296025582397,False
2021-07-27,0.0038931162626083538,-0.0018190086402910532,False
2021-07-28,0.009695046712497879,0.0009111617312071996,False
2021-07-29,0.001571229050279399,0.015930814747382893,False
2021-07-30,-0.0135959560746034,-0.01971326164874554,False
2021-08-02,0.0028273546562997964,0.021480804387568497,False
2021-08-03,-0.018678414096916285,-0.014765100671140896,False
2021-08-04,0.008080445322319996,-0.00862851952770205,False
2021-08-05,-0.0007125044531528513,0.01832340815391653,False
2021-08-06,0.014081996434937682,-0.0013495276653171517,False
2021-08-09,0.008085779574617646,-0.008558558558558582,False
2021-08-10,0.009590235396687019,-0.0018173557473875057,False
2021-08-11,-0.02901554404145079,0.012744651797906181,True
2021-08-12,-0.0028459622909996485,0.01932584269662918,False
2021-08-13,0.01623260792008563,0.0022045855379189128,True
2021-08-16,-0.033877479375109654,-0.006159260888693341,True
2021-08-17,-0.005087209302325535,-0.01150951748561313,False
2021-08-18,-0.007852447041636235,0.006269592476489061,False
2021-08-19,-0.025952512424075147,-0.020916777926123675,True
2021-08-20,-0.022108843537414935,-0.020454545454545503,False
2021-08-23,0.00019323671497595285,-0.0013921113689094877,False
2021-08-24,0.033230293663060184,0.012081784386617,True
2021-08-25,0.006731488406880981,0.012396694214876103,False
2021-08-26,0.01597325408618122,0.0027210884353741083,True
2021-08-27,-0.006032906764168233,0.009497964721845387,False
2021-08-30,-0.04009564097848073,-0.031810035842293916,True
2021-08-31,-0.004598582103851334,-0.011568718186025007,False
2021-09-01,-0.016169393647738173,-0.034644194756554336,False
2021-09-02,0.0011739385638818156,0.0014548981571289588,False
2021-09-03,0.0029314051201876357,-0.015980629539951607,False
2021-09-07,-0.011106780982073294,-0.024114173228346414,False
2021-09-08,0.0015763546798028827,0.005042864346949116,False
2021-09-09,-0.00944324217981507,-0.004515805318615174,False
2021-09-10,0.013108242303872863,0.013608870967741993,False
2021-09-13,-0.0021564399137423695,-0.011934361014420691,False
2021-09-14,0.003143418467583592,0.01258178158027179,False
2021-09-15,0.014101057579318343,0.060636182902584546,False
2021-09-16,0.0011587485515642815,-0.007497656982193068,False
2021-09-17,-0.0092592592592593,-0.004249291784702569,False
2021-09-20,-0.01674454828660432,-0.010431484115694611,False
2021-09-21,0.009108910891089117,-0.009103977000479158,False
2021-09-22,0.006868131868131844,0.01644100580270802,False
2021-09-23,0.0011693626973299232,0.007136060894386231,False
2021-09-24,0.0005839984426707634,-0.004723665564478008,False
2021-09-27,0.0019455252918287869,0.02420503084954917,False
2021-09-28,-0.008155339805825279,-0.0129749768303985,False
2021-09-29,0.005285826155050799,0.012206572769952961,False
2021-09-30,-0.02161635832521913,-0.004174397031539878,True
2021-10-01,-0.007563694267515908,0.008849557522123908,False
2021-10-04,-0.008624147613317312,-0.0013850415512465242,False
2021-10-05,0.011936071211814614,-0.006010171058714708,False
2021-10-06,-0.006797281087564944,-0.009767441860465076,False
2021-10-07,0.004227053140096526,0.0032879286049789513,False
2021-10-08,-0.003407496492283002,-0.006554307116104829,False
2021-10-11,-0.01186645213193882,0.004712535344015167,False
2021-10-12,-0.02442499491145944,-0.019699812382739212,False
2021-10-13,-0.0025036511579387133,-0.019617224880382755,False
2021-10-14,0.009203095586697296,0.008784773060029227,False
2021-10-15,0.009533678756476593,0.01741654571843254,False
2021-10-18,0.003079449804968215,0.013314312886352875,False
2021-10-19,0.005321326238231672,-0.004692632566870025,False
2021-10-20,0.014250814332247508,0.016973125884016893,False
2021-10-21,-0.01726214371738255,-0.01298099211868331,False
2021-10-22,-0.0028594771241829964,0.01080319398778773,False
2021-10-25,0.013723883654240154,0.0,False
2021-10-26,0.0006061830672863255,0.010223048327137496,False
2021-10-27,0.0010096930533118886,0.025298988040478365,False
2021-10-28,-0.004438168246923557,0.009869896814715062,False
2021-10-29,0.001621073961499464,0.009773434029320294,False
2021-11-01,0.0008092251669027384,0.018917729872415245,False
2021-11-02,0.005862138669900929,-0.010362694300518172,False
2021-11-03,-0.010048231511254002,-0.015706806282722474,False
2021-11-04,-0.018067397482744663,-0.008421985815602828,False
2021-11-05,-0.01405830059954516,-0.011175681716584673,False
2021-11-08,-0.01195219123505975,-0.002712477396021651,False
2021-11-09,0.01825127334465204,0.005893019038984537,True
2021-11-10,0.0033347228011670893,0.02613789995493465,False
2021-11-11,0.007270461154964769,0.0004391743522178526,False
2021-11-12,0.017941843679109004,0.013608428446005183,False
2021-11-15,0.018841166936790943,-0.0012992637505413462,True
2021-11-16,-0.004772320540862962,-0.009540329575021711,False
2021-11-17,0.020579420579420526,0.00744308231173374,True
2021-11-18,-0.009201252936570037,-0.003911342894393766,False
2021-11-19,-0.0015807152736613261,-0.003926701570680646,False
2021-11-22,0.008707698396991814,0.010512483574244502,False
2021-11-23,-0.000980969197567183,0.006501950585175553,False
2021-11-24,-0.00510604870384912,-0.0012919896640827266,False
2021-11-26,-0.01085669166995662,0.012074169900819332,False
2021-11-29,-0.008980243464378312,-0.009799744354495155,False
2021-11-30,-0.01953282319774463,-0.02409638554216864,False
2021-12-01,0.009036763195727993,0.008818342151675429,False
2021-12-02,0.013026663952778295,0.00874125874125875,False
2021-12-03,0.018485031143258945,0.015597920277296451,False
2021-12-06,-0.0045373840994279435,-0.004266211604095571,False
2021-12-07,-0.008917954815695572,0.0047129391602398485,False
2021-12-08,0.008598280343931286,-0.0025586353944563323,False
2021-12-09,0.0027755749405233843,0.006412997007268162,False
2021-12-10,0.0025701858442070957,0.0,False
2021-12-13,-0.018733977519227007,-0.007221750212404454,True
2021-12-14,0.012459807073954998,0.007702182284980763,False
2021-12-15,0.002381897578404235,-0.005095541401273884,False
2021-12-16,0.011683168316831694,0.009389671361502261,False
2021-12-17,0.006263456645136056,0.0033826638477800763,False
2021-12-20,0.005446411204045987,-0.0037926675094817064,False
2021-12-21,0.012188044109112006,0.012267343485617532,False
2021-12-22,0.01586391437308876,0.007104053489343842,False
2021-12-23,0.0024459078080902863,0.0053941908713692754,False
2021-12-27,0.02289789789789798,0.014857614527445273,False
2021-12-28,-0.0023853211009173814,-0.016266775111834053,False
2021-12-29,-0.002023174544785733,0.0012401818933442943,False
2021-12-30,-0.021194249907851126,-0.01568951279933939,False
2021-12-31,0.0007531538316700725,-0.004614093959731558,False
2022-01-03,0.011476952022577702,-0.006742520016856268,False
2022-01-04,0.025855654761904656,0.034365719134493045,True
2022-01-05,0.0039891205802358165,-0.01189499589827725,False
2022-01-06,-0.005056890012642201,0.00249066002490661,False
2022-01-07,0.01760755127972402,0.00496894409937898,True
2022-01-10,-0.019086692829111684,-0.011536876802637042,False
2022-01-11,0.0014548099654483337,0.002084201750729431,False
2022-01-12,0.010532050118031488,-0.0033277870216306127,False
2022-01-13,-0.018688230008984674,-0.019198664440734592,False
2022-01-14,-0.006225965940304001,0.014893617021276562,False
2022-01-18,0.0033167495854062867,0.005450733752620618,False
2022-01-19,0.02203856749311295,0.0183486238532109,False
2022-01-20,0.024797843665768093,0.0008190008190007703,True
2022-01-21,-0.008065930212169059,0.008592471358428888,False
2022-01-24,-0.007954746331978124,0.007707910750507141,False
2022-01-25,0.0030292230933712805,-0.0016103059581320522,False
2022-01-26,0.02327233966956821,0.011290322580645107,False
2022-01-27,0.005729166666666563,-0.002791068580542233,False
2022-01-28,0.015018125323666531,0.01719312275089968,False
2022-01-31,0.0139455782312925,-0.01572327044025157,False
2022-02-01,0.025494800402549478,0.013977635782747688,True
2022-02-02,0.010958456002617023,-0.019298936589208338,False
2022-02-03,-0.0006471444750040245,-0.009236947791164685,False
2022-02-04,0.005989962765096335,0.006080259424402046,False
2022-02-07,0.018184744126166663,0.023771152296535147,False
2022-02-08,-0.008060692271218639,-0.0047225501770956635,False
2022-02-09,0.016411727214786564,0.02293396599446429,False
2022-02-10,-0.01285467941683649,-0.007730962504831851,False
2022-02-11,0.005558202318564298,0.014413712504869558,False
2022-02-14,-0.008212255211623498,0.007296466973886417,False
2022-02-15,-0.011942675159235638,-0.027068242470453696,False
2022-02-16,0.023368251410153196,0.014106583072100332,False
2022-02-17,0.002834645669291369,0.004636785162287493,False
2022-02-18,0.005967336683416979,0.006538461538461604,False
2022-02-22,0.020917889478613727,0.031333588077951946,False
2022-02-23,0.024464831804281273,0.013338273434605474,False
2022-02-24,-0.008059701492537319,0.01645338208409508,False
2022-02-25,-0.042882937105025554,-0.05107913669064745,True
2022-02-28,0.033956925011790595,0.057619408642911374,True
2022-03-01,0.03725102630378596,0.06057347670250901,True
2022-03-02,-0.0164174728818528,-0.0010138560324434165,True
2022-03-03,0.0016393442622950616,0.016576454668470797,False
2022-03-04,-0.002380598125279021,0.006988352745424198,False
2022-03-07,-0.0011931394481730084,-0.009583608724388681,False
2022-03-08,0.018067791548454615,0.00700700700700696,True
2022-03-09,-0.010560281607509547,-0.025844930417495027,False
2022-03-10,0.008004743551734306,0.030952380952380842,False
2022-03-11,-0.005441176470588283,0.008907951171230666,False
2022-03-14,-0.0020700872393908387,-0.04741661216481363,False
2022-03-15,-0.016891391317232163,0.040851355990387805,False
2022-03-16,-0.0057272042200452455,-0.03693931398416883,False
2022-03-17,0.011671972108534101,0.03356164383561633,False
2022-03-18,-0.00029967036260114543,-0.016898608349900646,False
2022-03-21,0.013788968824939962,0.01954836535220772,False
2022-03-22,0.003252513305736171,-0.004297520661157073,False
2022-03-23,0.01311523725316821,0.006308100929614868,False
2022-03-24,-0.0104727272727273,-0.012537116463213427,False
2022-03-25,0.005585770983389748,0.007684597393919246,False
2022-03-28,-0.0268966525361789,-0.007294429708222805,True
2022-03-29,-0.012768514345801396,-0.02972611890447563,False
2022-03-30,0.012781497261107777,0.016179001721170483,False
2022-03-31,-0.02749399038461542,0.014566395663956566,True
2022-04-01,-0.02193727792368294,-0.018363939899833093,False
2022-04-04,0.012320328542094527,0.021088435374149617,False
2022-04-05,0.01794351692931806,0.012325116588940643,False
2022-04-06,-0.007050889025137952,-0.0042777229351760315,False
2022-04-07,0.01605433775856735,0.0016523463317912324,True
2022-04-08,0.026435733819507812,0.014516661167931266,True
2022-04-11,-0.01998223801065724,-0.005528455284552813,True
2022-04-12,0.009062075215224397,0.015369522563767113,False
2022-04-13,0.003442598413411213,0.009339774557165947,False
2022-04-14,0.003729116945107469,0.008615188257817596,False
2022-04-18,0.01931936394709477,0.029104713698196782,False
2022-04-19,0.001020556932497474,-0.011374116200430384,False
2022-04-20,0.0176230702009903,0.014614427860696555,False
2022-04-21,0.0008587376556461468,-0.020226785167024253,False
2022-04-22,-0.01844701844701846,-0.00781983109164841,False
2022-04-25,-0.007284382284382329,0.009142496847414971,False
2022-04-26,0.0010272967420017487,0.0037488284910964786,False
2022-04-27,0.01246151590675848,0.015250544662309462,False
2022-04-28,-0.011584129742253091,0.0006131207847945852,False
2022-04-29,0.001025490770583115,0.0027573529411764053,False
2022-05-02,-0.02004975852480606,-0.006416131989000928,True
2022-05-03,-0.008960573476702538,-0.015067650676506728,False
2022-05-04,0.006479807112718561,-0.00280986575085862,False
2022-05-05,0.005240305434945247,0.006574827802128924,False
2022-05-06,-0.013702710753649039,-0.014307931570762045,False
2022-05-09,-0.020839625490788327,-0.009782265698958681,False
2022-05-10,0.005552128315854388,0.002549394518801762,False
2022-05-11,0.012423312883435678,0.0200254291163382,False
2022-05-12,0.0060596879260717,0.014023060143346866,False
2022-05-13,0.03794609245595537,-0.023355869698832188,True
2022-05-16,-0.038734948498476696,0.01887979861548139,True
2022-05-17,0.012979172955025708,-0.010809141445336623,False
2022-05-18,-0.009088200238378974,-0.024039962535123305,False
2022-05-19,0.016689219666215616,0.0022392834293025743,True
2022-05-20,0.008725229222123598,-0.005745292052345974,False
2022-05-23,-0.010702243072863271,0.009630818619582593,False
2022-05-24,0.003556609365737984,-0.018441971383147848,False
2022-05-25,-0.007088009450679222,0.0006478781988985549,False
2022-05-26,0.027067221891731164,-0.009388151505341558,True
2022-05-27,0.0033304373008977706,0.01601307189542478,False
2022-05-31,-0.028286910088035744,-0.03055644901897714,True
2022-06-01,0.004158621713946209,-0.029528865295288642,False
2022-06-02,0.023073509835823014,-0.0013675213675213849,True
2022-06-03,-0.018215989590863124,-0.004450530640191741,True
2022-06-06,0.0008835223089382893,0.021320495185694677,False
2022-06-07,0.017066352802707074,0.019528619528619506,False
2022-06-08,0.0067987848980182175,0.009907529722589237,False
2022-06-09,0.016666666666666607,0.011118378024852937,False
2022-06-10,-0.013284341435839453,0.0003234152652005218,False
2022-06-13,-0.021770266399312566,-0.005172971225347545,True
2022-06-14,-0.005270863836017603,-0.0012999675008125156,False
2022-06-15,-0.0027965852222548993,0.0074845427920597896,False
2022-06-16,0.009298892988929941,0.018410852713178327,False
2022-06-17,-0.004387247733255384,-0.004757373929590858,False
2022-06-21,-0.012338425381903662,-0.030274059910771145,False
2022-06-22,-0.01680547293277812,0.009530069010844633,False
2022-06-23,-0.03600060505218572,-0.02766927083333337,True
2022-06-24,0.010983838066844553,0.004686976899899609,False
2022-06-27,0.012261368927518168,-0.007997334221926056,False
2022-06-28,0.02039251763262806,0.02049042660396383,False
2022-06-29,0.006311044327573345,0.014154048716260803,False
2022-06-30,0.0004479617739285846,-0.03440441415124962,False
2022-07-01,-0.029253731343283573,0.014453781512605124,True
2022-07-05,-0.03121156211562115,-0.024519549370443983,True
2022-07-06,0.003174099349309678,0.011209239130434812,False
2022-07-07,0.006960923904445471,0.00369499496137049,False
2022-07-08,0.02450903377847613,0.04183400267737625,False
2022-07-11,0.0065940806624751325,0.003854802441374927,False
2022-07-12,-0.029402803168799507,-0.062080000000000024,True
2022-07-13,-0.0028253021503689135,0.009894234049812267,False
2022-07-14,0.0136943176452069,-0.060810810810810856,False
2022-07-15,-0.08944099378881987,-0.13057553956834533,True
2022-07-18,0.021316507503410742,0.01323955316508063,False
2022-07-19,-0.01335782267490404,-0.025316455696202556,False
2022-07-20,-0.019123371128786593,-0.007540846250523647,True
2022-07-21,-0.02104899930986892,-0.027859856479527267,False
2022-07-22,0.01127952062037374,-0.01997394702561872,False
2022-07-25,0.026838619728128288,0.02791315906070002,True
2022-07-26,0.040563475899524803,0.02931034482758621,True
2022-07-27,0.030011417387049377,0.005443886097152406,True
2022-07-28,0.019319081551860684,0.024573094543939966,False
2022-07-29,0.017244057790896328,0.00203252032520318,True
2022-08-01,-0.02611484422724497,-0.015010141987829573,True
2022-08-02,-0.015681354869060637,-0.02594728171334426,False
2022-08-03,-0.007169029791301629,0.00042283298097256505,False
2022-08-04,0.03658536585365857,0.01817413355874886,True
2022-08-05,-0.00015479876160995332,0.01328352013283518,False
2022-08-08,0.0029416318315529377,-0.0028676771814829527,False
2022-08-09,0.045538746526705864,0.011503697617091246,True
2022-08-10,-0.0026576111029086302,0.009341998375304694,False
2022-08-11,0.012287194670614454,0.012877263581488885,False
2022-08-12,-0.02354489616847033,0.016686531585220488,False
2022-08-15,-0.10498726973191552,-0.020320437670965252,True
2022-08-16,-0.026606425702811243,-0.025129637016354178,True
2022-08-17,0.014440433212996373,0.00654664484451728,False
2022-08-18,0.01372648703609558,0.007723577235772439,False
2022-08-19,-0.004513540621865597,0.010084711577248884,False
2022-08-22,0.025692695214105887,0.01198083067092659,True
2022-08-23,0.026031434184675906,0.04183109707971577,True
2022-08-24,-0.0038295835327908367,0.008712121212121282,False
2022-08-25,-0.005285920230658325,-0.012392039053698789,False
2022-08-26,0.03397745571658617,0.017110266159695797,True
2022-08-29,-0.043918392773711235,0.02242990654205612,True
2022-08-30,-0.014171689200195514,-0.005850091407678226,False
2022-08-31,-0.0036351619299405113,-0.008826774549466676,False
2022-09-01,-0.02305140961857377,-0.023005565862708743,False
2022-09-02,0.02563232048888131,0.01633118116217247,True
2022-09-06,-0.013571665011585576,0.017563527653213784,False
2022-09-07,-0.015604026845637553,-0.005875872199779697,True
2022-09-08,0.0025566729163115642,-0.003324713705208704,False
2022-09-09,0.012750765045902668,0.0355819125277983,False
2022-09-12,0.04062447540708414,0.019685039370078705,True
2022-09-13,-0.010001613163413414,-0.0045630045630045135,False
2022-09-14,-0.019879419912009144,0.0,True
2022-09-15,-0.03474646716541974,-0.04442877291960512,True
2022-09-16,-0.0020668274199104886,-0.00036900369003689537,False
2022-09-19,0.008802209181912213,0.0014765596160946082,False
2022-09-20,0.011976047904191711,0.020272760781422816,False
2022-09-21,-0.011834319526627168,-0.009393063583814976,False
2022-09-22,-0.0029084687767322315,0.0040116703136396925,False
2022-09-23,-0.02144818119423475,-0.016709044678532514,False
2022-09-26,-0.010170085919691374,-0.015515330624307322,False
2022-09-27,-0.002302922940655483,0.0018761726078799779,False
2022-09-28,0.0005326704545454142,0.004494382022471877,False
2022-09-29,0.0014196983141081532,-0.001491424310216205,False
2022-09-30,-0.03260676944887475,0.011949215832711024,True
2022-10-03,0.006777798131526014,0.004797047970479751,False
2022-10-04,0.006914119359534121,0.0033051781123760726,False
2022-10-05,-0.00993856161908202,0.0014641288433381305,False
2022-10-06,-0.008578207702135465,-0.012426900584795342,False
2022-10-07,0.006627393225331346,0.011472982975573753,False
2022-10-10,0.00512070226773953,0.021953896816685026,False
2022-10-11,0.0016375545851528006,-0.007518796992481258,False
2022-10-12,0.014350590372388838,0.0,False
2022-10-13,-0.00017908309455583193,0.0068542568542568905,False
2022-10-14,-0.008597528210639416,-0.011465424579003902,False
2022-10-17,0.0010840108401084514,-0.009061254077564307,False
2022-10-18,-0.009565060458400998,-0.003657644476956823,False
2022-10-19,0.00036443148688047877,-0.004038179148311283,False
2022-10-20,0.013843351548269656,0.008477699963140406,False
2022-10-21,0.002874595759971177,0.0003654970760234022,False
2022-10-24,-0.016839842350412026,-0.004018998903909443,True
2022-10-25,0.007288629737609353,0.006969919295671367,False
2022-10-26,-0.00018089725036174453,-0.0018214936247723523,False
2022-10-27,0.00036185996019533206,-0.004014598540145964,False
2022-10-28,0.003979019714233978,-0.0021986075485526113,False
2022-10-31,0.013871374527112179,0.015791406536907804,False
2022-11-01,0.02043354655294949,0.009038322487346262,False
2022-11-02,0.002960125370015776,-0.014690075241848843,False
2022-11-03,-0.009201388888888884,-0.01200000000000001,False
2022-11-04,0.017347117574908033,0.0025763709974235827,True
2022-11-07,-0.007922838442990021,-0.00770925110132159,False
2022-11-08,0.002777777777777768,-0.01220865704772478,False
2022-11-09,0.010907202216066558,-0.004494382022471877,False
2022-11-10,-0.020037677684535016,-0.0169300225733634,False
2022-11-11,0.01747640685075158,0.0072713356295446285,False
2022-11-14,-0.009446925455170008,-0.0011398176291793627,False
2022-11-15,0.010750823651812125,0.014454165081780213,False
2022-11-16,-0.019214273460284814,-0.0022497187851518996,True
2022-11-17,-0.008570928808815825,0.0033821871476888976,False
2022-11-18,0.007939308398023925,0.0003745318352059712,False
2022-11-21,0.0059513390512866415,-0.012354923249719207,False
2022-11-22,-0.00487210718635811,-0.004169825625473855,False
2022-11-23,0.004371393600279827,0.00989722116482672,False
2022-11-25,0.00017409470752083323,0.0071617037316245025,False
2022-11-28,0.014621409921671047,0.001122754491017952,False
2022-11-29,0.0015440041173442332,-0.004485981308411269,False
2022-11-30,0.006851661527920605,-0.005632745024408581,False
2022-12-01,-0.027050017012589356,-0.01812688821752262,True
2022-12-02,0.006119951040391758,-0.023076923076923106,False
2022-12-05,-0.0005213764337852478,-0.009842519685039353,False
2022-12-06,0.011997913406364136,-0.0051689860834990276,False
2022-12-07,0.011683848797250818,0.003597122302158251,False
2022-12-08,0.009680706521739024,0.006770211071286392,False
2022-12-09,-0.001682085786375076,0.004351265822784889,False
2022-12-12,-0.01566975568660489,0.01024025206774315,False
2022-12-13,0.013180417665183075,0.003898635477582957,False
2022-12-14,0.0016894745734077343,-0.00737864077669903,False
2022-12-15,-0.005903187721369552,0.022691705790297334,False
2022-12-16,0.004411265693926136,-0.0007651109410864443,False
2022-12-19,-0.013006756756756777,-0.00880551301684529,False
2022-12-20,0.012151292144446435,0.007338740826573931,False
2022-12-21,0.001690902942171224,0.015720858895705625,False
2022-12-22,-0.008946657663740698,-0.002642506606266526,False
2022-12-23,0.007664793050587537,0.008705526116578266,False
2022-12-27,0.0021974306964165358,0.01275797373358345,False
2022-12-28,0.0163602631135098,0.011856243052982496,False
2022-12-29,0.0014935280451378041,-0.004760161113145367,False
2022-12-30,0.006959403479701809,-0.0014716703458425018,False
2023-01-03,-0.02106302451867703,-0.01179071481208549,False
2023-01-04,-0.006051437216338829,-0.024981357196122267,False
2023-01-05,-0.007779468966683578,-0.001529636711281035,False
2023-01-06,0.023691835691153962,0.0019149751053235686,True
2023-01-09,0.001332001332001287,-0.0019113149847095334,False
2023-01-10,0.004323245759893624,0.003446955189582601,False
2023-01-11,0.0033112582781456013,0.0015267175572519776,False
2023-01-12,0.009570957095709653,0.02286585365853666,False
2023-01-13,0.005720823798627039,0.005961251862891315,False
2023-01-17,0.0009751340809360798,0.01518518518518519,False
2023-01-18,-0.00990420522812141,-0.005837285662167124,False
2023-01-19,-0.0063955395211544586,-0.0058715596330275455,False
2023-01-20,-0.005446443307476456,-0.0014765596160944972,False
2023-01-23,-0.010786591437105919,-0.014787430683918634,False
2023-01-24,-0.0011742996141587136,0.016135084427767454,False
2023-01-25,0.009405441719852137,-0.0033234859675036477,False
2023-01-26,0.013976705490848618,0.011485735457576807,False
2023-01-27,-0.009189366590088621,0.00073260073260073,False
2023-01-30,0.01705862868499497,0.001098096632503598,True
2023-01-31,0.001791239211854645,-0.005850091407678226,False
2023-02-01,-0.011540962288686618,0.0018389113644723398,False
2023-02-02,0.00920901167571131,-0.008443465491923652,False
2023-02-03,-0.0014665145836727511,0.0033320992225100987,False
2023-02-06,-0.007016971279373396,0.0022140221402213722,False
2023-02-07,-0.003944124897288459,-0.007363770250368162,False
2023-02-08,0.00296980696254745,0.00667655786350152,False
2023-02-09,-0.0003290014805066299,-0.01142225497420779,False
2023-02-10,0.015303603751851247,0.01453596720089445,False
2023-02-13,0.00016207455429495532,0.006612784717119791,False
2023-02-14,-0.003403014098201318,-0.004014598540145964,False
2023-02-15,-0.0076422764227642714,-0.008794430194210334,False
2023-02-16,0.0004915615271177121,-0.0003696857670979492,False
2023-02-17,0.0004913200131018147,0.0025887573964498145,False
2023-02-21,0.014077590440333854,0.004057543341940306,False
2023-02-22,-0.005972558514931392,-0.009551800146950784,False
2023-02-23,-0.0034101981162715234,-0.020400593471810113,False
2023-02-24,-0.003421867361903197,-0.015524422567209428,False
2023-02-27,-0.007030739045127521,-0.01115384615384618,False
2023-02-28,-0.018277622262473203,-0.020614546868922612,False
2023-03-01,0.009225092250922495,0.017474185861795055,False
2023-03-02,0.010304138274887853,-0.004293520686963315,False
2023-03-03,0.007073531830893209,0.011760094080752737,False
2023-03-06,0.0068605031035609,-0.0011623401782254739,False
2023-03-07,-0.010220635950681345,-0.0038789759503491394,False
2023-03-08,0.0009834453368300355,-0.011682242990654235,False
2023-03-09,-0.0044211560504339165,-0.025216706067769934,False
2023-03-10,-0.004605263157894779,0.00929668552950691,False
2023-03-13,-0.008592200925313986,0.0004004805766919528,False
2023-03-14,-0.0001666666666666483,0.0048038430744594685,False
2023-03-15,-0.007001166861143493,-0.0015936254980080111,False
2023-03-16,0.0015108275977842034,0.00997605746209107,False
2023-03-17,-0.010056989607777456,0.002370604504148499,False
2023-03-20,0.006434134778191769,-0.0019708316909735624,False
2023-03-21,-0.012786002691790088,-0.004739336492891044,False
2023-03-22,-0.012610770279481986,0.005555555555555536,False
2023-03-23,-0.020020711080428022,-0.002762430939226568,True
2023-03-24,0.006164142303628051,0.017807677087455565,False
2023-03-27,0.00980220549623656,0.008164852255054367,False
2023-03-28,0.017680707228289183,-0.001542614731970704,True
2023-03-29,0.006472491909385036,0.005021243723445368,False
2023-03-30,-0.0018615671010323576,-0.001537279016141424,False
2023-03-31,0.02102407595795186,0.016936104695919996,False
2023-04-03,0.010959814015277347,-0.00416351249053748,False
2023-04-04,-0.002956636005256197,-0.006081337894336736,False
2023-04-05,-0.004283360790774293,-0.001529636711281035,False
2023-04-06,-0.012243547319655823,-0.01417081577939483,False
2023-04-10,-0.0035175879396984744,0.01631701631701632,False
2023-04-11,0.00672381912926534,-0.004587155963302725,False
2023-04-12,0.004675237936216492,0.007680491551459223,False
2023-04-13,-0.002160545122153912,-0.005716463414634165,False
2023-04-14,-0.00033311125916057893,0.02146416251437322,False
2023-04-17,0.010996334555148257,0.01538461538461533,False
2023-04-18,0.0014831905075807228,0.0014781966001478075,False
2023-04-19,-0.008392298831660372,-0.007749077490774914,False
2023-04-20,-0.0059741121805509945,-0.012644105615470469,False
2023-04-21,-0.009348914858096857,-0.0007532956685498693,False
2023-04-24,-0.012301988540613373,-0.018092725216735772,False
2023-04-25,-0.013649547858727185,-0.007293666026871426,False
2023-04-26,-0.006400276768725122,-0.007733952049497339,False
2023-04-27,-0.006441504178272939,-0.02260327357755265,False
2023-04-28,0.01226563868932895,0.014354066985645897,False
2023-05-01,0.007270209451272214,0.005503144654088077,False
2023-05-02,-0.010482900842069043,-0.0023455824863174435,False
2023-05-03,0.00590482806530046,0.011363636363636465,False
2023-05-04,0.00034530386740327934,0.0019372336303757898,False
2023-05-05,0.014152571625819732,0.010440835266821269,False
2023-05-08,-0.00017018379850242127,0.004975124378109541,False
2023-05-09,-0.011574468085106426,-0.02170601675552175,False
2023-05-10,-0.010504563457895633,0.005060334760607299,False
2023-05-11,0.004698920988513766,-0.020139426800929505,False
2023-05-12,-0.0057162653732893975,0.0011857707509881354,False
2023-05-15,-0.023867595818815368,-0.06435057244374265,False
2023-05-16,-0.026235945029448482,-0.01898734177215189,True
2023-05-17,-0.019794721407624616,-0.033978494623655875,False
2023-05-18,-0.0028047868362004458,-0.011130899376669667,False
2023-05-19,-0.019501218826176614,-0.0013507429085997114,True
2023-05-22,0.026008797093134417,0.029756537421100182,True
2023-05-23,-0.01397949673811738,0.01138353765323985,False
2023-05-24,0.0015122873345936316,0.016883116883116944,False
2023-05-25,-0.0003775009437523291,0.005959982971477151,False
2023-05-26,0.010007552870090697,0.022429115531104493,False
2023-05-30,-0.03047298560478595,-0.01655629139072845,True
2023-05-31,0.0025067489394523523,0.0,False
2023-06-01,0.022889017118676636,-0.002525252525252486,True
2023-06-02,0.01729973674313645,0.02784810126582271,False
2023-06-05,-0.001848428835489857,-0.018883415435139606,False
2023-06-06,0.0024074074074074137,0.01757322175732212,False
2023-06-07,0.005542213190467438,-0.00616776315789469,False
2023-06-08,0.0018372221201543582,0.009929664873810529,False
2023-06-09,0.017054832202457293,-0.009832036050798854,False
2023-06-12,-0.00991705733862247,0.02151427389325611,False
2023-06-13,0.01930431615370609,-0.007695423248278654,True
2023-06-14,-0.00786135429694479,-0.0077551020408163085,False
2023-06-15,0.028813254096884622,0.025503907856849084,True
2023-06-16,0.026781025730789443,0.02727637384677095,True
2023-06-20,0.007330378452096831,0.005466614603670372,False
2023-06-21,0.025385005923167947,0.04233009708737856,True
2023-06-22,-0.009407492985641142,-0.015648286140089396,False
2023-06-23,-0.003998667110962972,-0.04504163512490533,False
2023-06-26,0.017731682837069274,0.010305192231470528,False
2023-06-27,-0.017094017094017144,-0.02236171047469593,False
2023-06-28,-0.02943143812709026,-0.052969502407704705,True
2023-06-29,0.022053756030324,-0.015254237288135575,False
2023-06-30,0.050067430883344644,-0.04561101549053359,True
2023-07-03,0.0030502488360892865,0.004959422903516586,False
2023-07-05,-0.009443021766965431,-0.016150740242261152,False
2023-07-06,-0.013895621263532054,0.033743730050159515,False
2023-07-07,-0.026380468621989173,-0.011027790030877838,True
2023-07-10,0.015146415348367581,0.018287243532560282,False
2023-07-11,0.008289124668435122,0.001752080595707417,False
2023-07-12,-0.021045708648470884,-0.03847835592479232,False
2023-07-13,0.019818609338259963,0.07958162801273305,False
2023-07-14,-0.014657444005270137,0.010530749789384952,False
2023-07-17,-0.00785559084071541,-0.16756982075864946,False
2023-07-18,0.005390835579514919,0.059088632949424236,False
2023-07-19,-0.00033512064343166337,0.03167848699763587,False
2023-07-20,0.0023466309084814174,-0.015123739688359339,False
2023-07-21,0.004013377926421313,-0.019078641228478355,False
2023-07-24,0.014823451032644819,0.06356736242884242,False
2023-07-25,-0.005087805678647639,-0.00535236396074934,False
2023-07-26,0.020290333223358603,-0.030941704035874484,False
2023-07-27,-0.009215844785771976,-0.012956964368348034,False
2023-07-28,-0.02953655352480422,-0.02297233942803567,True
2023-07-31,-0.027576929544308015,-0.03262955854126681,True
2023-08-01,0.0006916825177243346,-0.01388888888888884,False
2023-08-02,-0.011750475203041288,-0.017605633802816878,False
2023-08-03,-0.0006994229760447501,-0.015360983102918557,False
2023-08-04,0.010673665791776088,0.007280291211648526,False
2023-08-07,-0.02042936288088648,-0.00413009808982967,True
2023-08-08,0.010957935666313201,0.007257646448937338,False
2023-08-09,0.0010489510489510856,-0.009778692743180661,False
2023-08-10,-0.01362207474676913,0.004677754677754775,False
2023-08-11,-0.007613314447592057,-0.018106570098292862,False
2023-08-14,-0.007314897413024046,0.0026343519494205214,False
2023-08-15,-0.048705966930265965,-0.024697845507094085,True
2023-08-16,0.008690723597203798,0.0118534482758621,False
2023-08-17,0.0014984079415620855,0.007454739084131967,False
2023-08-18,0.01945015896764546,0.01374207188160681,False
2023-08-21,0.005320124747752786,-0.02137643378519294,False
2023-08-22,-0.013503649635036474,-0.00586041555673944,False
2023-08-23,0.005919348871624042,0.020900321543408262,False
2023-08-24,0.0045972784111805165,-0.008398950131233596,False
2023-08-25,0.01116602599304417,-0.0031762837480148187,False
2023-08-28,0.010318609703113601,0.016463090812533165,False
2023-08-29,-0.009496506002508509,-0.018808777429467072,False
2023-08-30,-0.0005426917510853446,-0.01650692225772099,False
2023-08-31,-0.01538461538461533,-0.0016242555495398214,True
2023-09-01,-0.0027573529411765163,0.008134490238611791,False
2023-09-05,-0.005345622119815707,0.013448090371167343,False
2023-09-06,0.008339510748702761,0.0010615711252655036,False
2023-09-07,-0.011211174416467573,-0.0015906680805938267,False
2023-09-08,0.0033457249070631967,-0.004779607010090281,False
2023-09-11,0.0022230455724341347,0.005869797225186657,False
2023-09-12,-0.015341959334565614,-0.01697612732095488,False
2023-09-13,0.003191289656466978,0.0016189962223420729,False
2023-09-14,0.005800898203592864,-0.003232758620689613,False
2023-09-15,-0.0026046511627907387,0.029729729729729648,False
2023-09-18,-0.017534042156314156,-0.009973753280839937,False
2023-09-19,-0.0009493070058856912,0.010074231177094273,False
2023-09-20,0.003420752565564511,0.012598425196850505,False
2023-09-21,-0.019886363636363646,-0.014515292897874565,False
2023-09-22,0.0019323671497584183,0.00420831141504463,False
2023-09-25,0.0011571841851494291,0.00838135149292829,False
2023-09-26,0.0038528221922558004,-0.0031168831168830735,False
2023-09-27,0.0003838034926118006,0.007295466388744121,False
2023-09-28,-0.002110109342029487,0.010863942058975784,False
2023-09-29,-0.019607843137254943,-0.024053224155578312,False
2023-10-02,0.0015686274509802978,0.025170424750917686,False
2023-10-03,-0.0033281127642913466,-0.002557544757033292,False
2023-10-04,0.00019642506383821257,-0.003076923076923088,False
2023-10-05,0.006087981146897015,0.02366255144032925,False
2023-10-06,-0.011516689439781347,-0.011055276381909507,False
2023-10-09,-0.0013823064770932536,-0.007621951219512146,False
2023-10-10,0.005734625271900384,-0.005632360471070186,False
2023-10-11,-0.01494298073141953,0.005149330587023604,False
2023-10-12,0.029940119760478945,0.016393442622950838,True
2023-10-13,-0.007558139534883712,-0.005544354838709631,False
2023-10-16,0.004686584651435233,-0.006588950836289964,False
2023-10-17,0.008163265306122547,-0.0020408163265306367,False
2023-10-18,0.01098901098901095,0.006134969325153339,False
2023-10-19,0.003432494279176135,0.026422764227642226,False
2023-10-20,-0.010072215887495295,-0.01881188118811883,False
2023-10-23,-0.011902476483010127,-0.010595358224016138,False
2023-10-24,0.006605789780454563,-0.012748597654258065,False
2023-10-25,-0.00540436209226014,-0.008264462809917328,False
2023-10-26,-0.006792159906850337,-0.0015625000000000222,False
2023-10-27,0.013872606486909023,0.003129890453834161,False
2023-10-30,-0.011177490846020377,-0.005200208008320328,False
2023-10-31,0.003313194309101597,0.001045478306325176,False
2023-11-01,0.0033022533022533107,-0.007832898172323799,False
2023-11-02,0.00987415295256544,-0.010526315789473717,False
2023-11-03,0.01802147239263796,0.015425531914893709,False
2023-11-06,0.009792843691148745,0.0,False
2023-11-07,0.006154419992540072,-0.01833420639078054,False
2023-11-08,0.0001853568118628246,0.016008537886873064,False
2023-11-09,-0.015752409191994055,-0.01680672268907568,False
2023-11-10,0.00433063453210325,-0.008547008547008517,False
2023-11-13,0.025871766029246235,0.028556034482758674,True
2023-11-14,0.0005482456140351033,0.002095337873232017,False
2023-11-15,0.01187214611872145,-0.015682174594877196,False
2023-11-16,-0.017870036101083064,0.00849707912904929,False
2023-11-17,-0.014703179562580382,-0.016324381253291165,False
2023-11-20,0.020145495243424794,0.005353319057815886,True
2023-11-21,0.007313951362223348,0.0010649627263046302,False
2023-11-22,-0.015066255218732949,-0.0026595744680850686,True
2023-11-24,-0.01898267600442316,-0.011733333333333373,False
2023-11-27,-0.0007514559458952075,-0.016729627630868826,False
2023-11-28,0.012596352697875624,-0.008781558726673966,False
2023-11-29,0.00037133308577796953,-0.003875968992248069,False
2023-11-30,-0.0031551596139569593,0.026681489716509077,False
2023-12-01,-0.013219139824986015,0.005955603681645938,False
2023-12-04,-0.014150943396226467,-0.00914962325080737,False
2023-12-05,-0.0005741626794257826,0.017925040738729026,False
2023-12-06,-0.0076599004212944966,-0.008004268943436532,False
2023-12-07,0.012543419529139399,0.007530930607853703,False
2023-12-08,-0.005908137983609674,-0.005339028296849957,False
2023-12-11,0.024539877300613577,-0.011272141706924366,False
2023-12-12,-0.00916916167664672,0.004343105320304019,False
2023-12-13,-0.01227573182247399,-0.012432432432432416,False
2023-12-14,0.004971319311663391,0.0,False
2023-12-15,0.0013318112633180501,0.05747126436781613,False
2023-12-18,0.008550256507695142,-0.012422360248447228,False
2023-12-19,-0.010926902788244153,-0.008909853249475908,False
2023-12-20,-0.003238095238095262,-0.0063458487572712885,False
2023-12-21,-0.008408178864895866,0.0058541777541245565,False
2023-12-22,0.0019271535941414175,0.0010582010582009804,False
2023-12-26,0.010386612810155738,0.015327695560253707,False
2023-12-27,0.002665143727393904,-0.007808433107756363,False
2023-12-28,-0.008733624454148492,-0.004721930745015701,False
2023-12-29,-0.009002106876077387,-0.00632577754348973,False
2024-01-02,-0.015075376884422065,-0.01591511936339518,False
2024-01-03,-0.003532182103610726,0.0032345013477088624,False
2024-01-04,-0.005907837731390364,0.002686727565824887,False
2024-01-05,-0.009706814580031642,-0.012325830653804881,False
2024-01-08,-0.008201640328065585,-0.012479652740097658,False
2024-01-09,0.0016135538523598392,0.009340659340659307,False
2024-01-10,-0.010269834877164707,0.0005443658138268859,False
2024-01-11,0.0020345879959309254,-0.003808487486398282,False
2024-01-12,-0.0207106598984772,-0.02348443473511741,False
2024-01-16,0.01783122537839521,-0.007829977628635354,False
2024-01-17,-0.01751884294153594,-0.002818489289740711,True
2024-01-18,0.006427534729421591,0.003957037874505298,False
2024-01-19,-0.00020601565718991743,0.0033783783783782884,False
2024-01-22,0.009066556769008915,0.0005611672278338364,False
2024-01-23,0.012456606085358368,0.0016825574873808868,False
2024-01-24,0.0006050826946348842,0.012877939529675198,False
2024-01-25,-0.013908486192299896,-0.001105583195135429,False
2024-01-26,-0.011242845461978734,-0.01217487548422802,False
2024-01-29,-0.01240438288195167,-0.013445378151260456,False
2024-01-30,0.020514967552857533,0.017035775127768327,False
2024-01-31,0.002871794871794897,0.001116694584031297,False
2024-02-01,-0.015545101247698923,-0.002230897936419396,True
2024-02-02,-0.01225846665281527,-0.010061486864169966,False
2024-02-05,0.0065208245687842226,0.0,False
2024-02-06,0.002716823406478497,-0.00903444381705254,False
2024-02-07,-0.008753647353063831,-0.01025641025641022,False
2024-02-08,0.003784693019343921,-0.0023028209556706924,False
2024-02-09,-0.008378718056137435,-0.009809578765147098,False
2024-02-12,0.008027038445289403,0.0034965034965035446,False
2024-02-13,-0.005658005029337776,0.0005807200929153211,False
2024-02-14,-0.013277133825079002,-0.015089959373186357,False
2024-02-15,-0.00704826997009822,-0.015321154979375362,False
2024-02-16,0.00860400086040003,-0.0029922202274087484,False
2024-02-20,0.0057581573896352545,0.005402160864345751,False
2024-02-21,-0.015479219677692946,-0.01850746268656711,False
2024-02-22,-0.01119965539521861,-0.012165450121654486,False
2024-02-23,-0.012851230668699642,-0.015394088669950734,False
2024-02-26,0.0026478375992939895,0.01813633520950586,False
2024-02-27,-0.004181338028169002,0.0030712530712531105,False
2024-02-28,0.0024309392265193797,0.012247397428046591,False
2024-02-29,-0.0050705467372134105,0.006049606775559546,False
2024-03-01,0.013073343673831062,-0.008418520745640423,False
2024-03-04,0.0034995625546807574,0.01273499090357788,False
2024-03-05,-0.005448997384481236,-0.009580838323353325,False
2024-03-06,-0.00043830813061584983,0.010882708585247869,False
2024-03-07,0.014689761017320668,0.019138755980861344,False
2024-03-08,0.01166810717372524,0.0005868544600939885,False
2024-03-11,-0.004698846646732147,0.004692082111436902,False
2024-03-12,0.014592274678111528,0.0017513134851139256,False
2024-03-13,-0.0002115059221657889,-0.005827505827505797,False
2024-03-14,-0.0008462026655383648,-0.009378663540445475,False
2024-03-15,0.014821088291340212,0.03372781065088759,False
2024-03-18,-0.00876277905278533,-0.0017172295363480083,False
2024-03-19,-0.0018943380340981086,0.008027522935779796,False
2024-03-20,0.020244622522142652,-0.0011376564277588708,True
2024-03-21,0.0020669698222406385,0.003986332574031914,False
2024-03-22,-0.016089108910891103,-0.003403289846852009,True
2024-03-25,0.014046121593291439,-0.0034149117814455954,False
2024-03-26,-0.00847632830266698,-0.011993146773272456,False
2024-03-27,-0.005421184320266836,-0.013294797687861237,False
2024-03-28,-0.0008385744234801207,0.03573520796719398,False
2024-04-01,-0.004825849769198531,-0.014705882352941124,False
2024-04-02,-0.009909340080118123,-0.02066590126291623,False
2024-04-03,0.007027257240204365,0.01230949589683461,False
2024-04-04,-0.0019031507718333396,0.00810654313839021,False
2024-04-05,0.004237288135593209,-0.0022975301550832716,False
2024-04-08,-0.002953586497890348,0.0028785261945882823,False
2024-04-09,-0.0059246720270842435,-0.009758897818599288,False
2024-04-10,-0.008301404853129024,0.006956521739130528,False
2024-04-11,-0.004722043356943595,-0.012665515256188864,False
2024-04-12,0.012723743799870624,0.01574344023323615,False
2024-04-15,-0.013415672913117516,-0.009184845005740572,False
2024-04-16,-0.011439671918843097,-0.0011587485515642815,False
2024-04-17,0.003930131004366899,-0.0017401392111369152,False
2024-04-18,-0.013266637668551517,-0.00813480534572919,False
2024-04-19,0.014326647564469885,0.01581722319859402,False
2024-04-22,0.009126466753585305,0.014417531718569743,False
2024-04-23,0.005598621877691556,0.007390562819783897,False
2024-04-24,-0.0012847965738758127,-0.011851015801354392,False
2024-04-25,-0.002787307032590003,0.007424328954882986,False
2024-04-26,-0.00279509782842402,-0.0022675736961451642,False
2024-04-29,0.0010780508840018133,-0.0017045454545454586,False
2024-04-30,-0.013138057290544958,0.0005691519635742104,False
2024-05-01,0.008948057616761318,0.008532423208191142,False
2024-05-02,0.029634436513086726,0.01974055273547659,True
2024-05-03,0.009873949579831898,-0.011061946902654829,False
2024-05-06,0.027459954233409523,0.02237136465324374,True
2024-05-07,-0.002024701356549863,-0.007111597374179435,False
2024-05-08,-0.01582471089470483,-0.018181818181818188,False
2024-05-09,-0.01649144506287359,-0.006172839506172867,True
2024-05-10,0.010270383567386299,0.02936194240542056,False
2024-05-13,0.0004149377593360981,0.0060340098738342896,False
2024-05-14,-0.005391953546246331,-0.01035986913849507,False
2024-05-15,0.012093411175980062,0.019283746556473913,False
2024-05-16,0.002266172229089314,-0.011891891891891881,False
2024-05-17,0.009660842754367849,-0.009846827133479175,False
2024-05-20,0.016286644951140072,0.017679558011049812,False
2024-05-21,-0.009415064102564097,-0.005428881650380024,False
2024-05-22,0.008088978766430666,0.007096069868995691,False
2024-05-23,-0.0056168505516549505,0.005962059620596261,False
2024-05-24,0.007060722211014836,0.001616379310344751,False
2024-05-28,-0.014823717948717952,-0.00484131253362019,False
2024-05-29,-0.012606750711671388,-0.015675675675675627,False
2024-05-30,-0.0035008237232290185,-0.014277869302581014,False
2024-05-31,-0.003926431080801818,-0.005571030640668551,False
2024-06-03,-0.017012448132780134,-0.006162464985994376,True
2024-06-04,-0.004643309413254526,-0.0022547914317925244,False
2024-06-05,-0.001484308736217188,-0.007344632768361614,False
2024-06-06,0.019324697387980372,0.02902675014228806,False
2024-06-07,-0.017291666666666705,-0.007190265486725633,False
2024-06-10,0.00763196947212208,0.006685236768802172,False
2024-06-11,-0.008626130864716974,-0.004980630879911407,False
2024-06-12,-0.0006366723259761953,0.010567296996663034,False
2024-06-13,0.010405606285835534,0.00935608145294431,False
2024-06-14,-0.008196721311475419,-0.018538713195201728,False
2024-06-17,-0.018648018648018683,-0.01388888888888884,False
2024-06-18,0.014035845389764656,0.014084507042253502,False
2024-06-20,-0.01597103918228282,-0.022777777777777786,False
2024-06-21,0.004544470893745878,-0.010801591813530464,False
2024-06-24,0.012710038776389432,-0.0034482758620689724,False
2024-06-25,-0.0102105934907466,-0.018454440599769306,False
2024-06-26,-0.00042983021706421987,-0.01292596944770863,False
2024-06-27,-0.009030316061062083,-0.014880952380952328,False
2024-06-28,-0.0015187676285528529,-0.039879154078549806,False
2024-07-01,0.007822685788787531,0.0025173064820642743,False
2024-07-02,0.004743423889607579,0.009416195856873921,False
2024-07-03,0.009871244635193177,0.003731343283582156,False
2024-07-05,0.010199745006374883,0.019206939281288804,False
2024-07-08,-0.01198990323937732,-0.03768996960486326,False
2024-07-09,-0.010857994464551823,0.01137081490840175,False
2024-07-10,-0.017434352130865305,0.007495315427857641,False
2024-07-11,0.00131434830230015,0.008679479231246123,False
2024-07-12,-0.00721942682126453,-0.01659496004917027,False
2024-07-15,-0.04980167474658437,-0.02375000000000005,True
2024-07-16,0.011595547309833032,0.013444302176696565,False
2024-07-17,0.0061898211829436445,0.005685407454200986,False
2024-07-18,0.0011392116655275508,-0.016959798994974906,False
2024-07-19,-0.001137915339098794,-0.00191693290734829,False
2024-07-22,0.01868307131465019,0.024967989756722098,False
2024-07-23,-0.0002236636099306466,0.0056214865708932304,False
2024-07-24,-0.005816554809843444,0.0031055900621117516,False
2024-07-25,0.004500450045004545,0.005572755417956765,False
2024-07-26,-0.034498207885304666,-0.02832512315270941,True
2024-07-29,-0.021113689095127564,0.004435994930291454,True
2024-07-30,-0.026072529035316427,-0.018927444794952675,True
2024-07-31,0.0012168410805548646,-0.015434083601286175,False
2024-08-01,-0.006319883325230924,-0.0019595035924232507,False
2024-08-02,0.007093933463796498,0.011780104712041828,False
2024-08-05,0.014573718727228568,0.010996119016817518,False
2024-08-06,-0.015082595163993351,-0.0051183621241203126,True
2024-08-07,-0.008021390374331583,-0.014147909967845651,False
2024-08-08,-0.010291595197255532,-0.010437051532941943,False
2024-08-09,0.018073780638772075,-0.0065919578114700395,True
2024-08-12,-0.015564202334630295,0.01725282017252816,False
2024-08-13,-0.022727272727272707,-0.014350945857795172,False
2024-08-14,-0.009352881698685533,0.008603573792190566,False
2024-08-15,-0.028833886195458014,-0.015748031496062964,True
2024-08-16,-0.013399894902785037,-0.01200000000000001,False
2024-08-19,0.018641810918774926,0.020242914979757165,False
2024-08-20,0.0010457516339870132,-0.007936507936507908,False
2024-08-21,0.006006790284669661,0.0013333333333334085,False
2024-08-22,-0.02258566978193144,-0.010652463382157085,False
2024-08-23,0.011420982735723673,-0.010094212651413192,False
2024-08-26,0.00814075630252109,-0.015635622025832796,False
2024-08-27,0.008075019536337491,0.014502762430939287,False
2024-08-28,-0.009302325581395321,-0.005445881552076259,False
2024-08-29,0.015910276473656726,0.017796030116358663,False
2024-08-30,0.008472400513478862,0.0168123739071957,False
2024-09-03,0.015274949083503131,0.022486772486772555,False
2024-09-04,0.009027081243731194,0.010349288486416475,False
2024-09-05,0.0022365805168986785,-0.001280409731113985,False
2024-09-06,-0.018844532606000497,-0.01602564102564108,False
2024-09-09,0.01086681829668934,0.0013029315960912946,False
2024-09-10,-0.022499999999999964,-0.01236174365647369,False
2024-09-11,0.0023017902813298186,0.0026350461133068936,False
2024-09-12,0.011992855320234863,0.015111695137976389,False
2024-09-13,-0.0047907211296016605,0.011650485436893288,False
2024-09-16,0.017988345578920706,0.0511836212412029,False
2024-09-17,0.0014932802389249211,0.004260499087035852,False
2024-09-18,0.007952286282306265,0.0006060606060604989,False
2024-09-19,-0.0007396449704142327,-0.01695941853422167,False
2024-09-20,-0.0012336540833950416,-0.009858287122612497,False
2024-09-23,0.026926877470355715,0.029247044181704984,True
2024-09-24,0.0028866971373586736,-0.004232164449818665,False
2024-09-25,0.01055408970976246,0.00850030358227083,False
2024-09-26,-0.011630666983147409,-0.004816375677302864,False
2024-09-27,0.023775216138328448,0.011494252873563315,False
2024-09-30,-0.008210180623973717,0.01614832535885169,False
2024-10-01,0.00023651844843897152,0.010005885815185467,False
2024-10-02,-0.0011823126034523623,0.008158508158508049,False
2024-10-03,-0.009469696969697017,-0.009826589595375745,False
2024-10-04,-0.007887189292543062,-0.008172796263864579,False
2024-10-07,-0.003613587087448855,0.00294290759270166,False
2024-10-08,-0.017166344294003877,-0.01232394366197187,False
2024-10-09,0.003936039360393551,0.0005941770647652778,False
2024-10-10,-0.005390835579514808,-0.005938242280285055,False
2024-10-11,-0.009115545700911554,-0.00657108721624855,False
2024-10-14,-0.009448035803083066,-0.018039687312086605,False
2024-10-15,-0.005020080321285092,-0.017146356399265206,False
2024-10-16,-0.011099899091826404,0.008722741433021763,False
2024-10-17,0.008928571428571397,0.004941321803582532,False
2024-10-18,-0.01896333754740831,-0.0049170251997541214,True
2024-10-21,0.01134020618556697,0.011735639283508403,False
2024-10-22,0.010958205912334318,0.017094017094017033,False
2024-10-23,0.005797832114948331,0.006002400960384069,False
2024-10-24,-0.0012531328320801727,0.005966587112171906,False
2024-10-25,-0.008531994981179403,-0.014827995255041526,False
2024-10-28,-0.013920526449000215,-0.010836845273931361,False
2024-10-29,-0.008983572895277181,0.0073037127206330155,False
2024-10-30,0.011655011655011593,-0.005438066465256797,False
2024-10-31,0.006144393241167334,-0.0018226002430133947,False
2024-11-01,0.0,0.00912964090079127,False
2024-11-04,0.0048346055979644476,0.004825090470446325,False
2024-11-05,0.006583945302608196,0.004801920768307433,False
2024-11-06,0.0007547169811321641,0.0185185185185186,False
2024-11-07,0.02111613876319751,0.0029325513196480912,True
2024-11-08,0.0012309207287051205,0.008187134502924076,False
2024-11-11,-0.004917629702483439,-0.002320185614849146,False
2024-11-12,-0.00815418828762049,-0.0034883720930232176,False
2024-11-13,0.0007473841554559435,-0.004667444574095736,False
2024-11-14,-0.01842170774209606,-0.017584994138335253,False
2024-11-15,0.012934313974131362,0.01193317422434359,False
2024-11-18,0.011266900350525688,0.012382075471698117,False
2024-11-19,-0.011141371626640306,-0.004659289458357585,False
2024-11-20,-0.008012018027040546,0.00702165008777067,False
2024-11-21,-0.012872286723876858,-0.00813480534572919,False
2024-11-22,0.005880848887752421,-0.0029291154071470205,False
2024-11-25,0.0022877478393492634,-0.001762632197414793,False
2024-11-26,-0.002282525995434992,-0.011183048852266064,False
2024-11-27,0.005338078291814874,-0.010119047619047583,False
2024-11-29,0.0007585335018962525,0.01743836440168378,False
2024-12-02,-0.004295098534613406,0.0035460992907800915,False
2024-12-03,0.006597310327328021,-0.002944640753828054,False
2024-12-04,-0.00806654902949333,-0.002953337271116352,False
2024-12-05,0.010165184243964509,0.010663507109004655,False
2024-12-06,0.0,0.009964830011723436,False
2024-12-09,-0.0037735849056603765,0.007544979686593178,False
2024-12-10,0.004797979797979801,0.01497695852534564,False
2024-12-11,0.00075395828097502,-0.005675368898978461,False
2024-12-12,0.00025113008538424353,-0.014269406392694028,False
2024-12-13,-0.0075320110469495605,-0.004053271569195105,False
2024-12-16,-0.006324310650139164,0.03488372093023262,False
2024-12-17,-0.005346232179226029,-0.003370786516853963,False
2024-12-18,-0.025595085743537194,-0.014092446448703444,True
2024-12-19,0.011820330969267046,0.008004574042309809,False
2024-12-20,0.011941848390446541,0.012478729438457181,False
2024-12-23,-0.005130836326321164,0.003361344537815114,False
2024-12-24,0.005930892212480554,0.0016750418760469454,False
2024-12-26,0.013073570879261753,0.0117056856187292,False
2024-12-27,-0.0080971659919028,0.000550964187327807,False
2024-12-30,0.0020408163265306367,-0.0038546255506607396,False
2024-12-31,0.016547861507128392,0.013819789939192972,False
2025-01-02,0.0012521913348360059,0.0021810250817884125,False
2025-01-03,-0.018509254627313676,-0.0190424374319913,False
2025-01-06,0.011722731906218087,0.015529672767609526,False
2025-01-07,-0.00025188916876572875,0.0005461496450027692,False
2025-01-08,-0.004787100025195223,-0.008733624454148492,False
2025-01-09,0.004810126582278418,0.004405286343612369,False
2025-01-10,0.02141597379692617,0.0317982456140351,False
2025-01-13,0.027627035027133706,0.012752391073326264,True
2025-01-14,0.001440230436869916,-0.0041972717733472775,False
2025-01-15,-0.00023969319271333056,0.008956796628029506,False
2025-01-16,-0.022776312634859797,-0.008877284595300239,True
2025-01-17,0.014720314033366044,0.020547945205479534,False
2025-01-21,0.03215667311411985,0.011874032008260205,True
2025-01-22,-0.01054111033028815,-0.011734693877550995,False
2025-01-23,0.008996212121212155,0.01135776974703151,False
2025-01-24,-0.009150633505396577,-0.0066360387953037225,False
2025-01-27,-0.010182334833057083,-0.009249743062692661,False
2025-01-28,0.0,0.006742738589211594,False
2025-01-29,0.01483253588516753,0.024214322514167996,False
2025-01-30,-0.01555869872701554,-0.01358148893360156,False
2025-01-31,-0.0019157088122605526,-0.01682814890362061,False
2025-02-03,0.015595009596929055,0.014004149377593311,False
2025-02-04,0.01582801795416966,0.0117647058823529,False
2025-02-05,-0.016744186046511622,-0.0025278058645096246,True
2025-02-06,0.0033112582781456013,0.0040547389761784736,False
2025-02-07,-0.010372465818010324,-0.015648662291771864,False
2025-02-10,0.0,0.00820512820512831,False
2025-02-11,-0.005717008099094811,-0.015259409969481164,False
2025-02-12,-0.015093435553426016,0.012913223140495811,False
2025-02-13,0.002189248358063667,0.006629270780214247,False
2025-02-14,0.005825242718446644,0.005572441742654588,False
2025-02-18,0.0024131274131273805,0.011586901763224189,False
2025-02-19,-0.006499759268175254,-0.008964143426294813,False
2025-02-20,0.013326871819723696,0.0010050251256281673,False
2025-02-21,-0.0057388809182209455,-0.013554216867469826,False
2025-02-24,-0.010101010101010055,-0.01781170483460559,False
2025-02-25,0.0021865889212828726,-0.0056994818652850165,False
2025-02-26,-0.006545454545454521,-0.0031266284523189247,False
2025-02-27,-0.00170815031722793,-0.028227914270778864,False
2025-02-28,-0.010999755560987534,-0.024206562668101173,False
2025-03-03,-0.013099357390014776,-0.029217199558985718,False
2025-03-04,-0.01427498121713,-0.009653605905735385,False
2025-03-05,0.013973577235772305,0.009747706422018387,False
2025-03-06,0.016286644951140072,0.021010789324247492,False
2025-03-07,-0.0036982248520710526,0.012791991101223532,False
2025-03-10,-0.010393466963622866,0.007688083470620555,False
2025-03-11,-0.0020005001250312793,-0.004904632152588517,False
2025-03-12,-0.010273114507642234,-0.016976998904709717,False
2025-03-13,0.009367088607594942,0.010584958217270124,False
2025-03-14,0.0025081514923501746,-0.01764057331863289,False
2025-03-17,0.016262196647485627,0.03479236812570141,False
2025-03-18,-0.0027080256031511984,-0.0048806941431670525,False
2025-03-19,-0.004443347321648972,0.00708446866485013,False
2025-03-20,0.00471113315150018,0.015151515151515138,False
2025-03-21,-0.003208292201382079,-0.01012793176972282,False
2025-03-24,-0.0024758603614756236,0.000538502961766385,False
2025-03-25,-0.005460412012906479,-0.014531754574811595,False
2025-03-26,-0.000748689792862467,-0.014199890770071,False
2025-03-27,0.01573426573426584,-0.0027700831024930483,True
2025-03-28,0.006147037128104271,0.007222222222222241,False
2025-03-31,-0.008064516129032251,0.008825151682294585,False
2025-04-01,0.01921655580192172,0.009841443411700457,False
2025-04-02,-0.004592700024172114,-0.008662696264212233,False
2025-04-03,-0.01748421563865954,-0.0005461496450027692,True
2025-04-04,-0.03410776075135935,0.006010928961748707,True
2025-04-07,0.0061412487205732,0.009234111895708885,False
2025-04-08,0.00991861648016279,0.009687836383207804,False
2025-04-09,0.020146058927222432,0.010660980810234477,False
2025-04-10,0.016045420883732397,0.018987341772152,False
2025-04-11,0.013362487852283778,0.015010351966873614,False
2025-04-14,-0.0009590026372572336,-0.010708822029576792,False
2025-04-15,-0.005519558435325145,-0.0077319587628865705,False
2025-04-16,0.002654440154440163,0.006233766233766147,False
2025-04-17,-0.0021660649819494893,-0.00413009808982967,False
2025-04-21,-0.006753497346840276,-0.0010368066355624928,False
2025-04-22,0.005342399222923788,-0.012454592631032657,False
2025-04-23,0.005072463768115876,-0.00788229111928529,False
2025-04-24,0.012256669069935056,0.011122881355932313,False
2025-04-25,-0.0030864197530864335,0.0031430068098481367,False
2025-04-28,0.00214336746844479,-0.006788511749347248,False
2025-04-29,-0.010456273764258506,-0.03154574132492116,False
2025-04-30,-0.006003842459173847,0.014657980456026065,False
2025-05-01,0.005315293549166489,-0.006420545746388395,False
2025-05-02,0.008171112713290185,-0.00646203554119551,False
2025-05-05,-0.0102502979737783,-0.03197831978319787,False
2025-05-06,-0.003131021194604955,0.002239641657334923,False
2025-05-07,-0.004107272287992236,-0.01452513966480451,False
2025-05-08,0.006065016982047533,-0.0045351473922902175,False
2025-05-09,0.006993006993007089,0.005694760820045497,False
2025-05-12,0.021072796934865856,-0.0028312570781426905,True
2025-05-13,0.001172607879925014,-0.009653605905735385,False
2025-05-14,-0.00023424689622864037,0.005733944954128489,False
2025-05-15,-0.014761012183692634,0.022805017103762815,False
2025-05-16,-0.0011890606420927874,-0.01114827201783719,False
2025-05-19,0.0007142857142856673,0.00901916572717032,False
2025-05-20,0.0021413276231263545,0.015642458100558754,False
2025-05-21,0.0092592592592593,0.014301430143014215,False
2025-05-22,0.0044695365796283415,0.00433839479392617,False
2025-05-23,-0.006791569086651017,-0.0075593952483801186,False
2025-05-27,0.0021221410044800493,0.0,False
2025-05-28,-0.013176470588235345,-0.018498367791077275,False
2025-05-29,0.0030996661897948474,-0.008869179600886956,False
2025-05-30,-0.009507962918944624,-0.006711409395973145,False
2025-06-02,-0.007919366450683918,-0.012950450450450401,False
2025-06-03,0.007014997581035409,0.0005704506560182399,False
2025-06-04,0.004083593562334897,0.0005701254275940482,False
2025-06-05,0.00645933014354072,0.0017094017094017033,False
2025-06-06,0.005229379605419471,0.006825938566553003,False
2025-06-09,-0.0011823126034523623,-0.02033898305084747,False
2025-06-10,0.0016571969696970168,0.01211072664359869,False
2025-06-11,-0.006854171590640501,-0.0039886039886040114,False
2025-06-12,-0.007853403141361293,0.003432494279176135,False
2025-06-13,0.02638522427440626,0.0136830102622576,True
2025-06-16,0.0,-0.021934758155230605,False
2025-06-17,0.003972890862351086,-0.0074755606670500185,False
2025-06-18,0.0006983240223463749,0.004634994206257348,False
2025-06-20,-0.006280530355896707,-0.010957324106113053,False
2025-06-23,-0.008661048689138529,-0.02215743440233231,False
2025-06-24,-0.01133412042502957,-0.007155635062611854,False
2025-06-25,-0.020539765942202082,-0.014414414414414378,False
2025-06-26,-0.0024384296513045856,-0.001828153564899404,False
2025-06-27,0.004888780249327818,0.019536019536019467,False
2025-06-30,-0.003405497445876926,0.007185628742514938,False
2025-07-01,0.00048816206980717425,-0.0011890606420927874,False
2025-07-02,0.02512808001951705,0.022023809523809446,True
2025-07-03,0.00547358400761544,0.005241700640652214,False
2025-07-07,-0.023195266272189374,-0.03128621089223638,False
2025-07-08,-0.0072692028107583795,-0.01674641148325362,False
2025-07-09,-0.011715889675372182,0.0036496350364962904,False
2025-07-10,0.0002469745616202612,-0.012727272727272698,False
2025-07-11,-0.008395061728395103,-0.010435850214855713,False
2025-07-14,-0.006972111553784854,0.024193548387096753,False
2025-07-15,-0.0020060180541624506,-0.02786190187764992,False
2025-07-16,0.01859296482412054,0.009968847352024968,False
2025-07-17,0.007893438579181122,-0.008019740900678585,False
2025-07-18,0.006118453255017142,0.016169154228855787,False
2025-07-21,-0.012405740695694445,-0.011627906976744207,False
2025-07-22,-0.004679802955665058,-0.011145510835913308,False
2025-07-23,-0.0044543429844098315,-0.0018785222291797243,False
2025-07-24,-0.001491424310216205,0.008155583437892133,False
2025-07-25,-0.005476723923325877,-0.005600497822028649,False
2025-07-28,-0.010012515644555742,-0.014392991239048802,False
2025-07-29,-0.0070796460176991705,-0.011428571428571455,False
2025-07-30,-0.014260249554367221,0.006422607578676853,False
2025-07-31,-0.006199948333763916,0.00574345883854499,False
2025-08-01,0.0,-0.011421319796954266,False
2025-08-04,0.007538341564855777,-0.006418485237484006,False
2025-08-05,0.0,-0.014211886304909549,False
2025-08-06,-0.007739938080495334,-0.004587155963302725,False
2025-08-07,0.010660426417056668,0.012508229098090906,False
2025-08-08,-0.005145356315924832,-0.004551365409622865,False
2025-08-11,0.023532454098784683,0.005878510777269863,True
2025-08-12,0.022486104092976245,-0.03506493506493502,False
2025-08-13,0.011613540894489738,0.006729475100942128,False
2025-08-14,-0.014655593551538892,0.002673796791443861,False
2025-08-15,0.013634110064452143,0.023333333333333428,False
2025-08-18,-0.0014673514306676738,-0.001954397394136831,False
2025-08-19,-0.007592456527063418,-0.009138381201044377,False
2025-08-20,0.001974333662388972,0.0013175230566535578,False
2025-08-21,0.019211822660098576,0.019078947368420973,False
2025-08-22,0.0019333011116482446,0.002582311168495721,False
2025-08-25,-0.010612638687891973,0.0025756600128783447,False
2025-08-26,0.0031691857630424813,-0.004495825305073864,False
2025-08-27,-0.001458080194410738,-0.012903225806451646,False
2025-08-28,0.0009734728644439361,0.007843137254901933,False
2025-08-29,0.008266472161439387,0.03242542153048,False
2025-09-02,-0.010610079575596787,0.012562814070351758,False
2025-09-03,-0.009505240068242715,-0.013027295285359841,False
2025-09-04,-0.003937007874015741,0.005028284098051561,False
2025-09-05,-0.005434782608695676,-0.0018761726078799779,False
2025-09-08,0.00695479384003983,0.010025062656641603,False
2025-09-09,-0.0019733596447952806,-0.004342431761786614,False
2025-09-10,-0.005931784478497293,-0.009968847352024968,False
2025-09-11,0.009696668324216784,0.004405286343612369,False
2025-09-12,0.010342280226545153,0.0,False
2025-09-15,0.016573239093346404,0.06077694235588971,False
2025-09-16,0.006713018460800857,0.01476668635558176,False
2025-09-17,-0.005715646582519662,-0.006402793946449381,False
2025-09-18,-0.005988023952095856,-0.007029876977152849,False
2025-09-19,-0.011566265060240943,0.0005899705014749124,False
2025-09-22,-0.014139444173573823,-0.005306603773584939,False
2025-09-23,0.0009891196834816984,0.010669828097213951,False
2025-09-24,-0.0029644268774703386,-0.004692082111436902,False
2025-09-25,0.0032210109018830924,0.003535651149086716,False
2025-09-26,0.0014818473697209011,-0.008807985907222537,False
2025-09-29,-0.00320591861898889,-0.0011848341232227888,False
2025-09-30,-0.008659079663532854,-0.014234875444839812,False
2025-10-01,0.011230346892937337,0.002406738868832692,False
2025-10-02,0.010612043435340501,0.012605042016806678,False
2025-10-03,-0.005616605616605597,-0.00652045050385297,False
2025-10-06,-0.00024557956777992995,0.0065632458233890745,False
2025-10-07,0.0041758781626135555,-0.004742145820983978,False
2025-10-08,0.007338551859099818,0.005360333531864159,False
2025-10-09,-0.007042253521126751,-0.008886255924170583,False
2025-10-10,-0.015162631450232333,-0.012552301255230103,False
2025-10-13,0.000993295257015081,-0.005447941888619856,False
2025-10-14,-0.0012403870007442475,0.005477784540474762,False
2025-10-15,0.0,0.009079903147699797,False
2025-10-16,0.004222553402881246,0.011997600479904058,False
2025-10-17,0.008656937917387975,0.001778304682868992,False
2025-10-20,0.012015693967631247,0.0017751479289940253,False
2025-10-21,-0.0009692270414344284,-0.008269344359125852,False
2025-10-22,0.0038806694154742694,0.007742703990470501,False
2025-10-23,0.009664170089393576,0.011820330969267046,False
2025-10-24,-0.002871500358937573,-0.011098130841121545,False
2025-10-27,0.024478041756659463,0.012994683992912037,False
2025-10-28,0.01030686343405951,0.007580174927113603,False
2025-10-29,0.001854857407836752,0.004629629629629539,False
2025-10-30,0.010182828049062786,-0.008640552995391682,False
2025-10-31,0.007789232531500545,0.0029052876234747504,False
2025-11-03,0.018185951352580165,0.006373117033603659,True
2025-11-04,-0.010270149586961375,-0.0063327576280943765,False
2025-11-05,0.010376720054139366,0.008690614136732222,False
2025-11-06,-0.025005581603036342,-0.014933946008041321,True
2025-11-07,0.009159606136936116,-0.0034985422740524408,False
2025-11-10,0.01293396868618113,0.005851375073142151,False
2025-11-11,-0.0024641577060932063,0.005235602094240788,False
2025-11-12,0.00651246350774759,0.00752314814814814,False
2025-11-13,0.010263275323516341,0.014359563469270586,False
2025-11-14,-0.0170053003533569,-0.025481313703284214,False
2025-11-17,0.03999101325544818,0.010459035444509102,True
2025-11-18,-0.003240440699935232,0.004600345025876917,False
2025-11-19,-0.014954486345903795,-0.01602747567258156,False
2025-11-20,-0.012101210121012063,-0.0075625363583479155,False
2025-11-21,0.00222717149220486,-0.0023446658851113966,False
2025-11-24,-0.0015555555555555323,-0.004112808460634554,False
2025-11-25,0.001335410638771517,-0.0005899705014749124,False
2025-11-26,0.006001333629695571,0.01948051948051943,False
2025-11-28,0.005523641184268735,0.008685581933989495,False
2025-12-01,-0.00856954515491104,-0.006314580941446657,False
2025-12-02,-0.0028812056737588243,0.0121317157712304,False
2025-12-03,-0.008001778172927354,-0.014840182648401812,False
2025-12-04,0.0033609679587720542,0.014484356894553851,False
2025-12-05,-0.012728896828941516,-0.0022844089091947906,False
2025-12-08,-0.01040488577244969,-0.0011448196908986352,False
2025-12-09,-0.005942857142857139,0.010315186246418362,False
2025-12-10,0.003679006668199536,-0.013613159387407814,False
2025-12-11,0.0020618556701030855,0.0011500862564692849,False
2025-12-12,-0.01531778692272523,-0.008615738081562352,False
2025-12-15,-0.004643603436266575,0.0191193511008112,False
2025-12-16,-0.00839748075577329,-0.007390562819784008,False
2025-12-17,-0.004234297812279464,0.009163802978235935,False
2025-12-18,-0.00566973777462787,0.009080590238365494,False
2025-12-19,-0.0028510334996436626,-0.0016872890888638414,False
2025-12-22,0.0038122468429830914,0.007323943661971866,False
2025-12-23,-0.0016615238547353917,0.0011185682326622093,False
2025-12-24,0.011174512601046072,0.007821229050279266,False
2025-12-26,-0.004232306607100833,-0.0022172949002217113,False
2025-12-29,-0.008736717827626972,-0.01722222222222225,False
2025-12-30,-0.0030967127203430644,-0.003957037874505409,False
2025-12-31,-0.01505376344086018,-0.0005675368898978572,True
2026-01-02,-0.0009704027171275609,-0.00624645088018172,False
2026-01-05,0.01724137931034475,0.016000000000000014,False
2026-01-06,-0.005013129625208834,-0.0011248593925758943,False
2026-01-07,0.010316698656430034,0.006193693693693714,False
2026-01-08,-0.005461885537876965,-0.0016787912702853625,False
2026-01-09,0.0014326647564470996,-0.0005605381165919576,False
2026-01-12,-0.014783023366714332,-0.05440269209197979,False
2026-01-13,-0.00943852855759919,-0.004151838671411667,False
2026-01-14,0.007085267529929107,0.005360333531864159,False
2026-01-15,0.02183406113537112,-0.00414691943127965,True
2026-01-16,0.004510921177587779,0.010707911957168248,False
2026-01-20,-0.0044906641455920715,-0.002354326074161306,False
2026-01-21,0.010921177587844166,-0.00471976401179941,False
2026-01-22,-0.0004697040864255486,0.005334914048606976,False
2026-01-23,0.003524436090225569,0.015330188679245182,False
2026-01-26,-0.00561929290564267,-0.005226480836236891,False
2026-01-27,0.005180127148575409,-0.004086398131932234,False
2026-01-28,0.007261653783087407,0.008206330597889888,False
2026-01-29,-0.0025581395348837077,0.0017441860465117198,False
2026-01-30,-0.007460946607600882,-0.00580383052814859,False
2026-02-02,-0.0037585153864223564,-0.00583771161704616,False
2026-02-03,0.005187455788729034,0.006459189665296572,False
2026-02-04,0.02486511846117767,0.002333722287047868,True
2026-02-05,0.01831082627603564,0.012805587892898762,False
2026-02-06,0.0026972353337828547,-0.01091954022988506,False
2026-02-09,-0.00403496973772699,-0.0034863451481697005,False
2026-02-10,0.010578437992347478,0.0,False
2026-02-11,0.0013363028953230494,-0.002915451895043719,False
2026-02-12,0.011788256227758032,0.00877192982456143,False
2026-02-13,-0.0037370850736425654,0.001159420289855051,False
2026-02-17,0.0008826125330980705,-0.01273885350318471,False
2026-02-18,-0.00044091710758376035,0.0017595307917888103,False
2026-02-19,0.006616674018526725,-0.0029274004683840227,False
2026-02-20,-0.0030674846625766694,0.004110393423370606,False
2026-02-23,-0.0028571428571428914,0.0,False
2026-02-24,0.004628609213136459,0.0005847953216373547,False
2026-02-25,0.007678806494076262,0.006428988895382792,False
2026-02-26,-0.0004354452427607347,0.006387921022067422,False
2026-02-27,0.008277063820518515,0.012694748990190519,False
2026-03-02,-0.0062648520198747,-0.012535612535612528,False
2026-03-03,0.004999999999999893,0.002308136180034559,False
2026-03-04,-0.0010815487778498278,-0.005757052389176787,False
2026-03-05,0.00801212646167171,0.022582513028372997,False
2026-03-06,0.018259935553168738,0.01245753114382775,False
2026-03-09,-0.0037974683544304,-0.021252796420581643,False
2026-03-10,0.00571791613723005,-0.0028571428571428914,False
2026-03-11,0.011160244261949837,0.01833810888252141,False
2026-03-12,0.010412328196584664,0.009003939223410251,False
2026-03-13,-0.0016488046166529546,0.009481316229782433,False
2026-03-16,-0.04603633360858794,0.0033149171270718814,True
2026-03-17,0.001514823631248552,0.0,False
2026-03-18,0.004105445116681095,0.020374449339207068,False
2026-03-19,0.005810200129115595,0.01403130059363189,False
2026-03-20,-0.006204535729567806,-0.009047365620010628,False
2026-03-23,0.0019375672766415164,-0.012889366272824887,False
2026-03-24,-0.007305543618392751,0.006528835690968515,False
2026-03-25,0.014502164502164572,0.010270270270270165,False
2026-03-26,0.0017068487305311741,-0.0005350454788657366,False
2026-03-27,-0.012353567625133066,-0.010706638115631661,False
2026-03-30,0.0004313133491482546,-0.0135281385281385,False
2026-03-31,0.009700366458288423,0.004388370817334009,False
2026-04-01,-0.002134927412468013,-0.0076460950300382136,False
2026-04-02,-0.004278990158322671,-0.004402861860209106,False
2026-04-06,0.0027932960893854997,0.003869541182974112,False
2026-04-07,-0.007285193914720378,-0.011013215859030812,False
2026-04-08,0.003237642995898904,-0.0038975501113586164,False
2026-04-09,0.002796901893287407,-0.007266629401900482,False
2026-04-10,0.009010941857970467,-0.006756756756756799,False
2026-04-13,-0.011482032745056325,-0.00170068027210879,False
2026-04-14,-0.003656700365670007,0.006246450880181609,False
2026-04-15,0.007772020725388629,0.018623024830699775,False
2026-04-16,-0.0027849185946872135,-0.006094182825484795,False
2026-04-17,0.003007518796992459,0.0005574136008918984,False
2026-04-20,-0.0012850717498393838,0.007242339832869149,False
2026-04-21,0.007505897490885705,0.0038716814159291957,False
2026-04-22,-0.008514261387824629,0.001101928374655614,False
2026-04-23,-0.004079003864319475,0.0027517886626307053,False
2026-04-24,0.0034490191851692664,-0.001097694840834218,False
2026-04-27,0.011600429645542532,0.012637362637362592,False
2026-04-28,-0.0036101083032491488,0.009766684753119925,False
2026-04-29,0.00788576300085242,0.002686727565824887,False
2026-04-30,-0.00021146119687032172,-0.0037513397642015,False
2026-05-01,0.004864636209813922,0.007530930607853703,False
2026-05-04,0.01662807829930535,0.01174586225306995,False
2026-05-05,-0.009730848861283614,-0.017414248021108136,False
2026-05-06,-0.014007944804515948,-0.027389903329752996,False
2026-05-07,-0.0016963528413910245,0.0,False
2026-05-08,0.014655904842820755,0.007730535615682044,False
2026-05-11,0.004605400879212906,0.009863013698630185,False
2026-05-12,0.01146072098353823,0.014107433532284386,False
2026-05-13,0.001442109600329644,-0.0016051364365970988,False
2026-05-14,-0.03353219502160054,-0.032154340836012874,True
2026-05-15,0.002128565346956046,0.009413067552602516,False
2026-05-18,0.030586236193712812,0.04662643993417448,True
2026-05-19,-0.002885408079142615,-0.0036687631027253476,False
2026-05-20,-0.008061182306738357,-0.019989479221462436,False
2026-05-21,-0.004584288393415292,-0.007514761137949577,False
2026-05-22,0.0018840276324052496,0.0021633315305571443,False
2026-05-26,-0.008775595486836596,-0.012412304371289817,False
2026-05-27,-0.000632377740303558,-0.010928961748633892,False
2026-05-28,0.007804260704492805,0.007182320441988965,False
2026-05-29,-0.0064880703223105796,-0.01974766867800326,False
2026-06-01,-0.0050558247314093085,-0.00615556799104644,False
2026-06-02,-0.01312724962947276,-0.007882882882882858,False
2026-06-03,-0.009654580562111104,-0.020431328036322416,False
2026-06-04,-0.021230502599653422,-0.016222479721900385,False
2026-06-05,-0.007082779991146482,-0.01648998822143699,False
2026-06-08,-0.005127061970575109,0.0029940119760478723,False
2026-06-09,-0.001792516244678466,0.0017910447761193549,False
2026-06-10,0.008305274971941667,-0.0011918951132300348,False
2026-06-11,-0.007123775601068583,-0.017303102625298328,False
2026-06-12,-0.0013452914798206539,0.0024286581663630624,False
2026-06-15,0.005163897620116709,0.0066626287098727754,False
2026-06-16,0.009604645968282366,-0.004211793020457266,False
2026-06-17,0.02035398230088492,0.012084592145015005,False
