Date,Soybeans,Maize,Soybean_Oil,Palm_Oil,Crude_Brent,Crude_WTI,Fertilizer_PPI,USD_Index,BRL_USD,ONI,AMM_SST,AMM_Wind,DMI,DMI_East,Diesel_Price,Wheat_Price,Rapeseed_Oil,Sunflower_Oil,ARG_Manufacturing,CNY_USD,RegGas_LA,RegGas_NYH,MidGas_LA,Gas_Price,Gasoline_PPI,RBOB_Gasoline,Groundnut_Oil,DTWEXBGS,PPIIDC,DGS10,Soybeans_log,Soybeans_lag1,Soybeans_lag12,Maize_lag1,Maize_lag12,Maize_chg1,Maize_chg12,Soybean_Oil_lag1,Soybean_Oil_lag12,Soybean_Oil_chg1,Soybean_Oil_chg12,Palm_Oil_lag1,Palm_Oil_lag12,Palm_Oil_chg1,Palm_Oil_chg12,Crude_Brent_lag1,Crude_Brent_lag12,Crude_Brent_chg1,Crude_Brent_chg12,Crude_WTI_lag1,Crude_WTI_lag12,Crude_WTI_chg1,Crude_WTI_chg12,Fertilizer_PPI_lag1,Fertilizer_PPI_lag12,Fertilizer_PPI_chg1,Fertilizer_PPI_chg12,USD_Index_lag1,USD_Index_lag12,USD_Index_chg1,USD_Index_chg12,BRL_USD_lag1,BRL_USD_lag12,BRL_USD_chg1,BRL_USD_chg12,ONI_lag1,ONI_lag12,ONI_chg1,ONI_chg12,AMM_SST_lag1,AMM_SST_lag12,AMM_SST_chg1,AMM_SST_chg12,AMM_Wind_lag1,AMM_Wind_lag12,AMM_Wind_chg1,AMM_Wind_chg12,DMI_lag1,DMI_lag12,DMI_chg1,DMI_chg12,DMI_East_lag1,DMI_East_lag12,DMI_East_chg1,DMI_East_chg12,Diesel_Price_lag1,Diesel_Price_lag12,Diesel_Price_chg1,Diesel_Price_chg12,Wheat_Price_lag1,Wheat_Price_lag12,Wheat_Price_chg1,Wheat_Price_chg12,Rapeseed_Oil_lag1,Rapeseed_Oil_lag12,Rapeseed_Oil_chg1,Rapeseed_Oil_chg12,Sunflower_Oil_lag1,Sunflower_Oil_lag12,Sunflower_Oil_chg1,Sunflower_Oil_chg12,ARG_Manufacturing_lag1,ARG_Manufacturing_lag12,ARG_Manufacturing_chg1,ARG_Manufacturing_chg12,CNY_USD_lag1,CNY_USD_lag12,CNY_USD_chg1,CNY_USD_chg12,RegGas_LA_lag1,RegGas_LA_lag12,RegGas_LA_chg1,RegGas_LA_chg12,RegGas_NYH_lag1,RegGas_NYH_lag12,RegGas_NYH_chg1,RegGas_NYH_chg12,MidGas_LA_lag1,MidGas_LA_lag12,MidGas_LA_chg1,MidGas_LA_chg12,Gas_Price_lag1,Gas_Price_lag12,Gas_Price_chg1,Gas_Price_chg12,Gasoline_PPI_lag1,Gasoline_PPI_lag12,Gasoline_PPI_chg1,Gasoline_PPI_chg12,RBOB_Gasoline_lag1,RBOB_Gasoline_lag12,RBOB_Gasoline_chg1,RBOB_Gasoline_chg12,Groundnut_Oil_lag1,Groundnut_Oil_lag12,Groundnut_Oil_chg1,Groundnut_Oil_chg12,DTWEXBGS_lag1,DTWEXBGS_lag12,DTWEXBGS_chg1,DTWEXBGS_chg12,PPIIDC_lag1,PPIIDC_lag12,PPIIDC_chg1,PPIIDC_chg12,DGS10_lag1,DGS10_lag12,DGS10_chg1,DGS10_chg12
2007-01-01,255.8673795,165.160018984962,635.602444190476,550.78450381921,54.5030434782609,54.78,166.4,97.8338,2.137566666666667,0.66,2.24,-0.97,0.224,0.026,2.485,172.5666305,915.02,673.0,3.085260878695649,7.78762380952381,1.6819523809523809,1.4318571428571427,1.682,6.55,180.9,1.445,996.956521739131,97.8338,166.8,4.76,5.5485599186304,243.307595475,214.0090876875,160.720734821429,102.7904075,0.027621104199562874,0.6067649015299603,628.6143237,482.9661034,0.011116705787650893,0.3160394481433415,528.387848489549,377.919061133427,0.04238677212900366,0.45741392923484114,62.2604761904762,63.3118181818182,-0.12459642435889251,-0.13913318171119893,62.0285714285714,65.2327272727273,-0.11685859051128467,-0.1602374714309609,158.7,177.6,0.04851921865154396,-0.06306306306306297,96.7951,100.0,0.010730915097974858,-0.02166200000000007,2.14761,2.2666,-0.004676516375567652,-0.05692814494543952,0.94,-0.85,-0.2978723404255318,-1.776470588235294,2.47,4.17,-0.09311740890688258,-0.4628297362110311,-6.76,-2.95,-0.856508875739645,-0.6711864406779662,0.172,-0.135,0.30232558139534893,-2.659259259259259,0.079,-0.272,-0.6708860759493671,-1.0955882352941178,2.61,2.467,-0.04789272030651337,0.007296311309282544,179.529555333333,144.5679565,-0.03878428162095604,0.19367136866183743,919.08,784.24,-0.004417460939200146,0.1667601754564929,673.0,1090.90909090909,0.0,-0.3830833333333329,3.059571436476189,3.0470454910000004,0.008396418502667036,0.01254178442971221,7.821925,8.065365,-0.0043852620008745236,-0.03443628285591416,1.8049,1.87345,-0.06811879829775558,-0.10221656251707767,1.6700500000000005,1.7352,-0.1426261831339527,-0.17481722979648306,1.805,1.873,-0.06814404432132959,-0.10197544046983453,6.82,8.68,-0.03958944281524934,-0.24539170506912444,203.0,197.1,-0.10886699507389164,-0.0821917808219178,1.639,1.788,-0.11836485661989016,-0.191834451901566,960.0,710.454545454546,0.03849637681159468,0.40326573757267203,96.7951,100.0,0.010730915097974858,-0.02166200000000007,168.9,168.3,-0.01243339253996445,-0.0089126559714795,4.56,4.42,0.043859649122807154,0.07692307692307687
2007-02-01,278.038610960526,177.384885526316,664.878582210526,553.752509442535,57.9695,59.2695,180.9,97.4764,2.093942105263158,0.22,2.96,-3.45,0.15,0.127,2.488,175.26729,864.93,673.0,3.1027000072,7.750205263157894,2.0189473684210526,1.6404736842105263,2.019,7.98,193.5,1.648,1000.0,97.4764,169.1,4.72,5.631350162785798,255.8673795,214.365646618421,165.160018984962,106.936502067669,0.07401831639694278,0.658787056771948,635.602444190476,497.640750315789,0.04606045537999304,0.3360613691475478,550.78450381921,390.633430547115,0.005388687595138331,0.4175758297669456,54.5030434782609,60.8055,0.0636011551010307,-0.04664051771632505,54.78,61.544,0.0819550930996713,-0.03695729884310406,166.4,170.6,0.08713942307692313,0.0603751465416178,97.8338,100.2112,-0.003653134192886265,-0.027290362753863873,2.137566666666667,2.158715789473684,-0.020408515010920003,-0.030005656384400003,0.66,-0.77,-0.6666666666666667,-1.2857142857142856,2.24,1.2,0.3214285714285714,1.4666666666666668,-0.97,-2.91,2.5567010309278353,0.18556701030927836,0.224,-0.305,-0.3303571428571429,-1.4918032786885247,0.026,0.049,3.884615384615385,1.5918367346938775,2.485,2.475,0.0012072434607646176,0.005252525252525286,172.5666305,158.887350175439,0.0156499520919835,0.10309152872443739,915.02,791.92,-0.05474197285305238,0.09219365592484086,673.0,715.3,0.0,-0.05913602684188446,3.085260878695649,3.0699999809500005,0.005652399971999733,0.010651474414628659,7.78762380952381,8.051242105263158,-0.004804873383862596,-0.03739011175784601,1.6819523809523809,1.7302105263157896,0.20035941045955963,0.16687960090040743,1.4318571428571427,1.4991052631578947,0.1456964770501532,0.09430186426991538,1.682,1.73,0.200356718192628,0.16705202312138745,6.55,7.54,0.21832061068702302,0.05835543766578244,180.9,196.2,0.06965174129353224,-0.013761467889908174,1.445,1.558,0.14048442906574388,0.05776636713735539,996.956521739131,720.0,0.0030527692978625787,0.38888888888888884,97.8338,100.2112,-0.003653134192886265,-0.027290362753863873,166.8,165.7,0.013788968824939962,0.0205190102595052,4.76,4.57,-0.008403361344537785,0.03282275711159732
2007-03-01,276.959814170455,169.583269727891,679.52401,566.388111256959,62.3572727272727,60.5640909090909,200.5,97.0118,2.0882681818181816,-0.12,1.98,-8.48,0.116,-0.047,2.667,173.313195,854.86,673.0,3.1014090670454504,7.736945454545455,2.373181818181818,1.9377727272727272,2.373,7.1,220.2,1.956,1000.0,97.0118,171.6,4.56,5.627476549898108,278.038610960526,212.714071956522,177.384885526316,104.952080357143,-0.04398128834526649,0.6158161815450782,664.878582210526,515.900250608696,0.022027221482728843,0.3171616202904515,553.752509442535,383.357839784371,0.022818139148740313,0.47743975074446854,57.9695,62.7469565217391,0.07569105697431766,-0.0062104015249152544,59.2695,62.8995652173913,0.02184244694304649,-0.037130213861234385,180.9,170.4,0.10834715312327248,0.17664319248826277,97.4764,100.4281,-0.004766281889770241,-0.034017371632043325,2.093942105263158,2.1527739130434784,-0.0027096849672753054,-0.029964006361495654,0.22,-0.57,-1.5454545454545454,-0.7894736842105263,2.96,-0.26,-0.33108108108108103,-8.615384615384615,-3.45,4.48,1.4579710144927538,-2.892857142857143,0.15,-0.226,-0.22666666666666657,-1.5132743362831858,0.127,-0.016,-1.3700787401574803,1.9375,2.488,2.559,0.07194533762057875,0.04220398593200447,175.26729,155.793146666667,-0.011149228130360234,0.11245711835334227,864.93,784.54,-0.011642560669649527,0.0896321411272849,673.0,693.869565217391,0.0,-0.030077072498276403,3.1027000072,3.07678259982609,-0.0004160699234712073,0.008003967267870227,7.750205263157894,8.035026086956522,-0.0017108977326667496,-0.037097655836481946,2.0189473684210526,1.9998695652173912,0.17545501943312147,0.18666830050181127,1.6404736842105263,1.7655217391304348,0.18122756001738316,0.09756378770341878,2.019,2.0,0.17533432392273407,0.1865000000000001,7.98,6.89,-0.11027568922305775,0.030478955007256836,193.5,206.5,0.13798449612403085,0.0663438256658595,1.648,1.917,0.18689320388349517,0.020344287949921602,1000.0,720.0,0.0,0.38888888888888884,97.4764,100.4281,-0.004766281889770241,-0.034017371632043325,169.1,166.3,0.014784151389710232,0.03187011425135289,4.72,4.72,-0.03389830508474578,-0.03389830508474578
2007-04-01,270.3922953375,152.630566785714,714.1094873,645.390481904618,67.6904761904762,63.9747619047619,209.5,95.6322,2.030185714285714,-0.32,0.99,3.71,0.1,-0.055,2.834,178.555848166667,835.79,673.0,3.0907142844285698,7.724714285714286,2.53065,2.1054500000000003,2.531,7.59,238.0,2.165,1000.0,95.6322,173.9,4.69,5.603565358410849,276.959814170455,208.902438592105,169.583269727891,107.910347368421,-0.09996683617068414,0.4144201228878628,679.52401,518.433797894737,0.05089662291697383,0.3774362130707245,566.388111256959,386.413287706215,0.13948451437713394,0.670207786424001,62.3572727272727,70.34,0.08552656698969074,-0.03766738426960192,60.5640909090909,69.6735,0.056315069614279345,-0.08179204568793164,200.5,170.1,0.04488778054862852,0.2316284538506761,97.0118,99.7435,-0.014220950441080293,-0.041218726032272834,2.0882681818181816,2.1281,-0.027813701342658592,-0.04601019017634789,-0.12,-0.37,1.666666666666667,-0.1351351351351351,1.98,1.3,-0.5,-0.2384615384615385,-8.48,2.26,-1.4375,0.6415929203539825,0.116,-0.015,-0.13793103448275856,-7.666666666666667,-0.047,-0.14,0.17021276595744683,-0.6071428571428572,2.667,2.728,0.06261717285339352,0.03885630498533721,173.313195,161.208002807018,0.030249590440398988,0.10761156429942309,854.86,830.28,-0.02230774629763943,0.006636315459844777,673.0,673.25,0.0,-0.00037133308577796953,3.1014090670454504,3.0679499984,-0.0034483624654740863,0.007420031630385626,7.736945454545455,8.01434,-0.0015808782552529932,-0.036138436138935304,2.373181818181818,2.4480526315789475,0.06635318904424459,0.033740029669124816,1.9377727272727272,2.135105263157895,0.08653092819779062,-0.013889368205684316,2.373,2.448,0.06658238516645598,0.033905228758170036,7.1,7.16,0.06901408450704238,0.06005586592178758,220.2,230.4,0.08083560399636691,0.03298611111111116,1.956,2.215,0.10685071574642135,-0.022573363431151128,1000.0,720.0,0.0,0.38888888888888884,97.0118,99.7435,-0.014220950441080293,-0.041218726032272834,171.6,168.8,0.013403263403263477,0.030213270142180004,4.56,4.99,0.028508771929824706,-0.06012024048096187
2007-05-01,283.206243170455,160.139158928571,756.064408,740.614763638899,67.7178260869565,63.5134782608696,207.9,94.7225,1.98355,-0.38,-0.2,-3.64,0.27,-0.093,2.796,178.006363333333,858.9,673.0,3.0805652246956496,7.67725,2.572090909090909,2.245409090909091,2.572,7.63,226.5,2.301,1013.04347826087,94.7225,176.0,4.75,5.64970018294619,270.3922953375,217.355687181818,152.630566785714,110.624682142857,0.04919455061317235,0.4475897767712693,714.1094873,557.357999,0.058751383991030304,0.356514860029846,645.390481904618,394.519823542927,0.14754522169782192,0.8772561464413058,67.6904761904762,70.51,0.00040404349355349645,-0.03959968675426884,63.9747619047619,70.9591304347826,-0.007210400322849253,-0.10492874036493693,209.5,165.4,-0.007637231503579978,0.25695284159613063,95.6322,97.5118,-0.009512486380110485,-0.028604743220820406,2.030185714285714,2.169681818181818,-0.022971156755539512,-0.08578761024867487,-0.32,-0.14,0.1875,1.714285714285714,0.99,0.83,-1.202020202020202,-1.2409638554216869,3.71,1.3,-1.9811320754716981,-3.8,0.1,-0.207,1.7000000000000002,-2.304347826086957,-0.055,0.097,0.6909090909090909,-1.958762886597938,2.834,2.897,-0.013408609738885024,-0.03486365205384878,178.555848166667,176.603423333333,-0.0030773835692073925,0.007944013618309098,835.79,880.61,0.027650486366192384,-0.02465336528088491,673.0,673.0,0.0,0.0,3.0907142844285698,3.05569561665217,-0.0032837262842613235,0.008138771384149424,7.724714285714286,8.013095454545454,-0.006144471362787396,-0.041912074609687155,2.53065,2.550863636363637,0.016375598795135282,0.008321602309377951,2.1054500000000003,2.0417272727272726,0.06647466855498374,0.09975956186829338,2.531,2.551,0.016199130778348447,0.008232065856526916,7.59,6.24,0.005270092226614009,0.22275641025641013,238.0,239.6,-0.04831932773109249,-0.05467445742904842,2.165,2.276,0.0628175519630485,0.010984182776801577,1000.0,754.782608695652,0.013043478260869934,0.34216589861751223,95.6322,97.5118,-0.009512486380110485,-0.028604743220820406,173.9,170.6,0.012075905692926936,0.03165298944900363,4.69,5.11,0.012793176972281328,-0.07045009784735823
2007-06-01,302.8293275,164.537264484127,782.923551142857,748.506251839672,70.6190476190476,67.4785714285714,208.1,94.4449,1.9322857142857144,-0.47,-0.48,2.33,0.03,0.181,2.808,206.516903650794,903.5,673.0,3.07947617490476,7.633290476190477,2.354,2.1864761904761902,2.354,7.36,227.6,2.226,1095.2380952381,94.4449,176.4,5.1,5.71646612105212,283.206243170455,216.503901409091,160.139158928571,109.612356632653,0.027464272854822225,0.5010831765577799,756.064408,550.122837,0.035524940545617056,0.42317951280189625,740.614763638899,386.182190745516,0.010655321211798796,0.9382205336675356,67.7178260869565,69.2327272727273,0.0428428037303743,0.020024060887551043,63.5134782608696,70.9577272727273,0.062429161120981735,-0.049031387811840466,207.9,162.2,0.0009620009620008307,0.28298397040690504,94.7225,98.6927,-0.0029306658924752593,-0.04304067068790296,1.98355,2.249295454545454,-0.025844715643309035,-0.1409373497906269,-0.38,-0.03,0.23684210526315774,14.666666666666666,-0.2,0.07,1.4,-7.857142857142856,-3.64,0.5,-1.64010989010989,3.66,0.27,-0.059,-0.8888888888888888,-1.5084745762711864,-0.093,-0.064,-2.946236559139785,-3.828125,2.796,2.898,0.0042918454935623185,-0.03105590062111807,178.006363333333,176.920755,0.16016584903806175,0.16728477476141212,858.9,888.57,0.05192688322272687,0.01680227781716681,673.0,673.0,0.0,0.0,3.0805652246956496,3.0809091005909104,-0.00035352271789579337,-0.0004650983327860736,7.67725,8.004186363636363,-0.0057259466357775235,-0.046337737603273976,2.572090909090909,2.400636363636364,-0.08479129113208206,-0.019426667171583478,2.245409090909091,2.0651818181818182,-0.026245952540007167,0.05873302351710574,2.572,2.401,-0.0847589424572317,-0.019575177009579225,7.63,6.22,-0.035386631716906924,0.18327974276527348,226.5,246.9,0.004856512141280245,-0.07816929931146221,2.301,2.276,-0.0325945241199479,-0.02196836555360271,1013.04347826087,802.727272727273,0.08113631718782366,0.3643962681335329,94.7225,98.6927,-0.0029306658924752593,-0.04304067068790296,176.0,170.6,0.002272727272727204,0.03399765533411503,4.75,5.11,0.0736842105263158,-0.001956947162426781
2007-07-01,313.476252,147.216401315789,819.15280647619,764.470315506677,76.1331818181818,74.0463636363636,214.8,93.2059,1.881195238095238,-0.56,-0.99,1.46,0.045,-0.062,2.868,222.001734603175,939.4,673.0,3.11286367077273,7.575685714285715,2.310619047619048,2.136904761904762,2.311,6.21,243.5,2.192,1159.09090909091,93.2059,177.9,5.0,5.750908562955583,302.8293275,217.2517192125,164.537264484127,114.305610178571,-0.10527015398392603,0.28791929884984624,782.923551142857,586.7816592,0.046274320500958366,0.3960095610230858,748.506251839672,404.024288411363,0.02132789623035025,0.8921395010993023,70.6190476190476,74.0409523809524,0.07808281738490752,0.028257732645908362,67.4785714285714,74.3614285714286,0.0973315241971957,-0.004236940321316829,208.1,159.5,0.03219605958673721,0.3467084639498432,94.4449,98.4387,-0.013118760250685924,-0.053157955153816494,1.9322857142857144,2.188305,-0.02644043570407628,-0.14034138838268073,-0.47,0.1,0.19148936170212782,-6.6000000000000005,-0.48,-0.51,1.0625,0.9411764705882353,2.33,-1.38,-0.37339055793991416,-2.057971014492754,0.03,0.04,0.5,0.125,0.181,-0.107,-1.3425414364640884,-0.42056074766355145,2.808,2.934,0.02136752136752129,-0.0224948875255625,206.516903650794,181.348366833333,0.07498093704990261,0.22417278125920048,903.5,852.1,0.03973436635307137,0.10245276376012202,673.0,673.0,0.0,0.0,3.07947617490476,3.08180952090476,0.0108419399831865,0.010076596122285064,7.633290476190477,7.989695,-0.007546517728421409,-0.05181790865787561,2.354,2.487842105263158,-0.018428611886555757,-0.07123565328731496,2.1864761904761902,2.2373157894736844,-0.02267183552574259,-0.044880131826425584,2.354,2.488,-0.018266779949023038,-0.0711414790996785,7.36,6.15,-0.15625,0.009756097560975618,227.6,237.5,0.06985940246045708,0.025263157894736876,2.226,2.374,-0.015274034141958603,-0.07666385846672286,1095.2380952381,845.238095238095,0.05830039525691322,0.3713188220230488,94.4449,98.4387,-0.013118760250685924,-0.053157955153816494,176.4,171.3,0.008503401360544283,0.038528896672504365,5.1,5.09,-0.019607843137254832,-0.017681728880157177
2007-08-01,309.00652923913,151.030785714286,797.085153652174,729.564457324347,71.3130434782609,72.3921739130435,209.8,93.7603,1.961952173913044,-0.81,-0.24,4.05,0.236,-0.115,2.869,240.686992173913,1006.75,673.0,3.1527391411739094,7.573352173913043,2.049304347826087,2.0038695652173915,2.049,6.23,231.2,1.983,1200.0,93.7603,174.9,4.67,5.7365933593191,313.476252,203.84366351087,147.216401315789,115.277289285714,0.025910050540597585,0.31015212666874215,819.15280647619,562.53275626087,-0.026939604734977474,0.4169577589585418,764.470315506677,434.480533607149,-0.04566018781147185,0.6791648897761864,76.1331818181818,73.5004347826087,-0.06331192556002929,-0.029760249865425026,74.0463636363636,73.0486956521739,-0.0223399184252141,-0.008987453277146562,214.8,157.2,-0.02327746741154557,0.3346055979643767,93.2059,97.7138,0.005948121309917065,-0.040459996438578893,1.881195238095238,2.155308695652174,0.042928524473395235,-0.08971175318374625,-0.56,0.3,0.4464285714285714,-3.7,-0.99,1.27,-0.7575757575757576,-1.188976377952756,1.46,5.6,1.7739726027397258,-0.2767857142857143,0.045,0.229,4.2444444444444445,0.03056768558951961,-0.062,-0.167,0.8548387096774195,-0.31137724550898205,2.868,3.045,0.0003486750348675738,-0.05779967159277499,222.001734603175,165.129378333333,0.08416716925269818,0.45756614966513176,939.4,900.99,0.07169469874387913,0.1173819909210978,673.0,673.0,0.0,0.0,3.11286367077273,3.07926087808696,0.01280989937836896,0.023862305272620787,7.575685714285715,7.972178260869565,-0.00030803025107961624,-0.05002724147728976,2.310619047619048,2.1905217391304346,-0.11309293934118214,-0.06446746854035168,2.136904761904762,2.038478260869565,-0.06225602519074713,-0.016977711421563235,2.311,2.19,-0.11337083513630464,-0.06438356164383563,6.21,7.15,0.0032206119162641045,-0.1286713286713287,243.5,250.2,-0.05051334702258736,-0.07593924860111911,2.192,2.065,-0.09534671532846717,-0.03970944309927349,1159.09090909091,893.913043478261,0.03529411764705803,0.3424124513618676,93.2059,97.7138,0.005948121309917065,-0.040459996438578893,177.9,172.4,-0.016863406408094472,0.01450116009280733,5.0,4.88,-0.06600000000000006,-0.04303278688524592
2007-09-01,347.561559118421,160.125031578947,851.681449666667,745.179984869138,76.772,79.633,209.1,92.4366,1.90229,-1.07,0.2,6.3,0.235,-0.194,2.953,297.952459122807,1078.89,673.0,3.14729998095,7.520975,2.208,2.101842105263158,2.208,6.08,246.2,2.04,1200.0,92.4366,175.6,4.52,5.853814854826555,309.00652923913,199.307014725,151.030785714286,120.269894642857,0.06021451733598959,0.3313808252218091,797.085153652174,534.2786339,0.06849493528305928,0.5940773140220215,729.564457324347,416.937544036895,0.021403903915577782,0.7872700492599358,71.3130434782609,62.5271428571429,0.07654920131691223,0.2278187758459176,72.3921739130435,64.1190476190476,0.10002222195529153,0.24195544002970681,209.8,154.8,-0.003336510962821837,0.35077519379844957,93.7603,97.9814,-0.014117915578341855,-0.056590332450852876,1.961952173913044,2.167895,-0.030409596475560297,-0.1225174650986326,-0.81,0.54,0.32098765432098775,-2.9814814814814814,-0.24,1.99,-1.8333333333333335,-0.8994974874371859,4.05,3.91,0.5555555555555556,0.6112531969309463,0.236,0.428,-0.004237288135593209,-0.4509345794392523,-0.115,-0.422,0.6869565217391305,-0.5402843601895735,2.869,2.783,0.029278494248867082,0.06108515989938912,240.686992173913,164.942319666667,0.23792505956248644,0.8064039582136413,1006.75,850.7,0.0716563198410729,0.2682379217115318,673.0,673.0,0.0,0.0,3.1527391411739094,3.10052382395238,-0.0017252173365297496,0.015086533648366762,7.573352173913043,7.93341,-0.006915982871291804,-0.051987102645646766,2.049304347826087,1.78195,0.07743879153053013,0.23909200594853974,2.0038695652173915,1.58325,0.048891675259880474,0.3275490953817515,2.049,1.782,0.07759882869692536,0.2390572390572392,6.23,4.91,-0.024077046548956704,0.23828920570264756,231.2,201.3,0.06487889273356395,0.22305017386984582,1.983,1.599,0.02874432677760974,0.275797373358349,1200.0,931.428571428572,0.0,0.2883435582822078,93.7603,97.9814,-0.014117915578341855,-0.056590332450852876,174.9,169.2,0.004002287021154904,0.0378250591016549,4.67,4.72,-0.032119914346895206,-0.0423728813559322
2007-10-01,358.402842456522,164.114103726708,879.883012608695,824.068960832286,82.5073913043478,85.9265217391304,207.2,90.4002,1.798704347826087,-1.34,2.42,4.7,0.068,-0.209,3.075,303.630490724638,1093.15,673.0,3.1596086957391294,7.501917391304349,2.393869565217391,2.1687391304347825,2.394,6.8,249.6,2.127,1282.60869565217,90.4002,176.9,4.53,5.884443883212235,347.561559118421,217.885965579545,160.125031578947,142.262410714286,0.024912233324333677,0.15360131255126874,851.681449666667,559.712934,0.03311280638208758,0.5720255137228882,745.179984869138,422.32091252862,0.10586566677176901,0.9512861816343046,76.772,58.7581818181818,0.07470681113358779,0.4041855746941643,79.633,58.8781818181818,0.07903157910828917,0.4593949589760593,209.1,158.2,-0.009086561453849895,0.3097345132743363,92.4366,98.3156,-0.022030234777133728,-0.08051011233212235,1.90229,2.145752380952381,-0.05445313394588269,-0.1617372238320708,-1.07,0.77,0.25233644859813076,-2.7402597402597406,0.2,3.69,11.1,-0.34417344173441733,6.3,3.57,-0.25396825396825395,0.3165266106442579,0.235,0.577,-0.7106382978723405,-0.8821490467937608,-0.194,-0.537,0.07731958762886593,-0.6108007448789572,2.953,2.519,0.04131391804944129,0.22072250893211587,297.952459122807,182.432305,0.019056837518802494,0.6643460746967922,1078.89,838.11,0.013217288138735128,0.3043037310138288,673.0,673.0,0.0,0.0,3.14729998095,3.09781816895455,0.00391088071160417,0.019946466646695526,7.520975,7.901761904761905,-0.002533927940945313,-0.050601944006512634,2.208,1.6865,0.08418005671077489,0.4194305159901517,2.101842105263158,1.5064545454545453,0.03182780714312905,0.4396313098052387,2.208,1.686,0.08423913043478248,0.419928825622776,6.08,5.77,0.11842105263157898,0.17850953206239173,246.2,197.5,0.01380991064175463,0.2637974683544304,2.04,1.517,0.04264705882352926,0.4021094264996703,1200.0,940.0,0.06884057971014168,0.3644773358001807,92.4366,98.3157,-0.022030234777133728,-0.08051104757429395,175.6,165.4,0.007403189066059301,0.06952841596130588,4.52,4.73,0.0022123893805310324,-0.04228329809725162
2007-11-01,389.01517525,171.113943392857,987.963709333333,877.612871747668,92.7313636363636,94.7663636363636,213.0,89.053,1.7668809523809526,-1.5,3.5,4.78,-0.023,-0.201,3.396,286.495618095238,1325.49,673.0,3.1356363619545498,7.420971428571428,2.558952380952381,2.424190476190476,2.559,7.14,296.7,2.386,1513.63636363636,89.053,181.8,4.15,5.966185649264118,358.402842456522,244.00003925,164.114103726708,164.10640125,0.04265227367542712,0.042701211466953604,879.883012608695,623.613510666667,0.12283530330264947,0.5842564223426805,824.068960832286,476.743036489659,0.06497503662958515,0.8408509502512771,82.5073913043478,59.2227272727273,0.12391583554377905,0.5658070458208597,85.9265217391304,59.2890909090909,0.10287675700490495,0.5983777484743471,207.2,155.5,0.027992277992278103,0.369774919614148,90.4002,97.5133,-0.014902621896854207,-0.08676047267398401,1.798704347826087,2.1554714285714285,-0.01769239924482091,-0.18028096825575657,-1.34,0.94,0.11940298507462677,-2.5957446808510642,2.42,4.49,0.44628099173553726,-0.22048997772828516,4.7,1.6,0.017021276595744705,1.9874999999999998,0.068,0.501,-1.338235294117647,-1.0459081836327346,-0.209,-0.246,-0.038277511961722355,-0.18292682926829262,3.075,2.545,0.1043902439024389,0.33438113948919446,303.630490724638,182.301077619048,-0.056433306775305225,0.5715519723581881,1093.15,894.68,0.21254173718153946,0.48152412035588155,673.0,673.0,0.0,0.0,3.1596086957391294,3.0752272824090894,-0.007587121094111193,0.019643777190392564,7.501917391304349,7.862242857142857,-0.010790036534759406,-0.056125387702891105,2.393869565217391,1.7973500000000002,0.06896065605813329,0.4237362678122685,2.1687391304347825,1.588,0.117787954379041,0.5265683099436245,2.394,1.797,0.06892230576441105,0.42404006677796335,6.8,7.4,0.050000000000000044,-0.03513513513513522,249.6,197.2,0.18870192307692313,0.5045638945233266,2.127,1.578,0.12176774800188084,0.5120405576679341,1282.60869565217,947.727272727272,0.1801232665639454,0.597122302158271,90.4002,97.5133,-0.014902621896854207,-0.08676047267398401,176.9,168.0,0.02769926512153753,0.0821428571428573,4.53,4.6,-0.08388520971302427,-0.09782608695652162
2007-12-01,423.0807406875,180.283263655462,1027.0001808,883.447756497178,91.5195238095238,91.7747619047619,227.6,90.005,1.785175,-1.6,2.58,-1.19,-0.227,-0.028,3.341,339.225695925926,1465.58,673.0,3.1400499937,7.368165,2.4497,2.3297,2.45,7.14,271.9,2.345,1669.04761904762,90.005,180.7,4.1,6.049923863252964,389.01517525,243.307595475,171.113943392857,160.720734821429,0.05358604962748914,0.12171751738049363,987.963709333333,628.6143237,0.03951204998512381,0.6337524330580251,877.612871747668,528.387848489549,0.00664858611051411,0.6719683448864395,92.7313636363636,62.2604761904762,-0.013068284335728042,0.4699457731343737,94.7663636363636,62.0285714285714,-0.03156818112258719,0.47955627207124296,213.0,158.7,0.06854460093896719,0.4341524889729049,89.053,96.7951,0.010690263101748476,-0.07014921209854641,1.7668809523809526,2.14761,0.010353865434111542,-0.1687620191748036,-1.5,0.94,0.06666666666666665,-2.7021276595744683,3.5,2.47,-0.2628571428571428,0.04453441295546545,4.78,-6.76,-1.2489539748953975,-0.8239644970414202,-0.023,0.172,8.869565217391305,-2.3197674418604652,-0.201,0.079,-0.8606965174129353,-1.3544303797468356,3.396,2.61,-0.016195524146054074,0.2800766283524905,286.495618095238,179.529555333333,0.18405195228207383,0.889525628780647,1325.49,919.08,0.10568921681793131,0.5946163554859205,673.0,673.0,0.0,0.0,3.1356363619545498,3.059571436476189,0.00140757129844582,0.026303866046187396,7.420971428571428,7.821925,-0.007115837741689446,-0.058011295173502675,2.558952380952381,1.8049,-0.04269418288734228,0.3572497091251594,2.424190476190476,1.6700500000000005,-0.03897815667478577,0.3949881740067658,2.559,1.805,-0.0425947635795233,0.3573407202216068,7.14,6.82,0.0,0.04692082111436946,296.7,203.0,-0.08358611391978432,0.3394088669950739,2.386,1.639,-0.017183570829840678,0.4307504575960952,1513.63636363636,960.0,0.10267410267410582,0.7385912698412709,89.053,96.7951,0.010690263101748476,-0.07014921209854641,181.8,168.9,-0.006050605060506142,0.0698638247483716,4.15,4.56,-0.012048192771084487,-0.10087719298245612
2008-01-01,461.71521025,206.558804323308,1143.0534772381,987.020215570752,92.0917391304348,92.9826086956522,245.3,89.3971,1.7709619047619047,-1.64,2.15,-1.95,0.115,-0.168,3.308,336.117065079365,1491.61,673.0,3.1450434663478304,7.240452380952381,2.322952380952381,2.3340952380952382,2.323,7.98,278.2,2.362,1700.0,89.3971,182.8,3.74,6.137111768184412,423.0807406875,255.8673795,180.283263655462,165.160018984962,0.14574586755907082,0.2506586375611608,1027.0001808,635.602444190476,0.11300221617069073,0.7983780391120585,883.447756497178,550.78450381921,0.11723665413361073,0.7920261167963658,91.5195238095238,54.5030434782609,0.006252385251718895,0.6896623244015088,91.7747619047619,54.78,0.013160990732329347,0.6973824150356371,227.6,166.4,0.07776801405975409,0.47415865384615397,90.005,97.8338,-0.006754069218376735,-0.08623502306973663,1.785175,2.137566666666667,-0.007961737778142353,-0.1715056506174133,-1.6,0.66,0.02499999999999991,-3.4848484848484844,2.58,2.24,-0.16666666666666674,-0.04017857142857151,-1.19,-0.97,0.6386554621848739,1.0103092783505154,-0.227,0.224,-1.5066079295154187,-0.4866071428571428,-0.028,0.026,5.0,-7.461538461538463,3.341,2.485,-0.009877282250823183,0.3311871227364185,339.225695925926,172.5666305,-0.009163901449375511,0.9477523789245277,1465.58,915.02,0.0177608864749792,0.6301392319293566,673.0,673.0,0.0,0.0,3.1400499937,3.085260878695649,0.0015902525940187928,0.01937683392188716,7.368165,7.78762380952381,-0.01733302919351276,-0.07026166671048872,2.4497,1.6819523809523809,-0.05174005757750699,0.3811047252342801,2.3297,1.4318571428571427,0.0018866111925304185,0.6301173966543618,2.45,1.682,-0.05183673469387762,0.38109393579072526,7.14,6.55,0.11764705882352944,0.21832061068702302,271.9,180.9,0.02317028319235015,0.5378662244333885,2.345,1.445,0.0072494669509595155,0.6346020761245674,1669.04761904762,996.956521739131,0.018544935805990814,0.7051897078063663,90.005,97.8338,-0.006754069218376735,-0.08623502306973663,180.7,166.8,0.011621472053126913,0.09592326139088736,4.1,4.76,-0.08780487804878034,-0.2142857142857142
2008-02-01,508.2158935875,220.047597744361,1307.7475147,1109.4976702408,94.722380952381,95.3614285714286,262.4,88.6434,1.728995,-1.52,0.98,-1.84,-0.072,-0.291,3.377,393.873734833333,1479.24,673.0,3.15947617785714,7.164425,2.6087,2.38105,2.609,8.55,287.5,2.434,1700.0,88.6434,184.6,3.74,6.2328720790545455,461.71521025,278.038610960526,206.558804323308,177.384885526316,0.06530243755642684,0.2405092862983289,1143.0534772381,664.878582210526,0.1440825304690394,0.9668967382768199,987.020215570752,553.752509442535,0.12408809134595544,1.0035984511523677,92.0917391304348,57.9695,0.028565448397279924,0.6340037597767965,92.9826086956522,59.2695,0.02558349253850989,0.6089460611516648,245.3,180.9,0.06971055849979613,0.45052515201768917,89.3971,97.4764,-0.00843092225586728,-0.09061680570886899,1.7709619047619047,2.093942105263158,-0.02369723744427288,-0.1742871039012288,-1.64,0.22,-0.07317073170731703,-7.909090909090909,2.15,2.96,-0.5441860465116279,-0.6689189189189189,-1.95,-3.45,-0.05641025641025632,-0.4666666666666667,0.115,0.15,-1.626086956521739,-1.48,-0.168,0.127,0.732142857142857,-3.2913385826771653,3.308,2.488,0.020858524788391675,0.35731511254019277,336.117065079365,175.26729,0.1718349817803222,1.2472746331236877,1491.61,864.93,-0.00829305247350176,0.710242447365683,673.0,673.0,0.0,0.0,3.1450434663478304,3.1027000072,0.0045890340352177095,0.018298955917551485,7.240452380952381,7.750205263157894,-0.010500363368508348,-0.07558254823811117,2.322952380952381,2.0189473684210526,0.12301053667336292,0.2921089676746611,2.3340952380952382,1.6404736842105263,0.02011690060388438,0.45144053386377503,2.323,2.019,0.1231166594920361,0.29222387320455656,7.98,7.98,0.0714285714285714,0.0714285714285714,278.2,193.5,0.03342918763479519,0.48578811369509034,2.362,1.648,0.030482641828958545,0.4769417475728157,1700.0,1000.0,0.0,0.7,89.3971,97.4764,-0.00843092225586728,-0.09061680570886899,182.8,169.1,0.009846827133479064,0.09166173861620353,3.74,4.72,0.0,-0.2076271186440677
2008-03-01,495.69088485,233.925929285714,1321.2728584,1146.85898052923,103.161904761905,105.50380952381,278.6,86.8399,1.7090476190476191,-1.29,0.12,-2.16,0.097,-0.578,3.881,403.812896666667,1640.5,1303.09523809524,3.155761877619049,7.072242857142857,2.78305,2.5038,2.783,9.44,353.7,2.659,1700.0,86.8399,190.2,3.51,6.207967870525548,508.2158935875,276.959814170455,220.047597744361,169.583269727891,0.06306967984933909,0.3794163166040234,1307.7475147,679.52401,0.010342473258764029,0.9444093791476182,1109.4976702408,566.388111256959,0.033674077278883496,1.0248641483382461,94.722380952381,62.3572727272727,0.08909746276085206,0.6543684521466557,95.3614285714286,60.5640909090909,0.10635726733880091,0.7420192054426344,262.4,200.5,0.06173780487804903,0.3895261845386535,88.6434,97.0118,-0.020345564362377777,-0.10485219323834827,1.728995,2.0882681818181816,-0.01153698012566895,-0.18159571939672448,-1.52,-0.12,-0.15131578947368418,9.75,0.98,1.98,-0.8775510204081632,-0.9393939393939394,-1.84,-8.48,0.17391304347826098,-0.7452830188679245,-0.072,0.116,-2.3472222222222223,-0.1637931034482759,-0.291,-0.047,0.9862542955326461,11.297872340425531,3.377,2.667,0.14924489191590173,0.4551931008623922,393.873734833333,173.313195,0.025234385932181302,1.3299604895441859,1479.24,854.86,0.10901544036126665,0.919027677046534,673.0,673.0,0.9362484964268052,0.9362484964268052,3.15947617785714,3.1014090670454504,-0.0011756063439003483,0.017525198836597644,7.164425,7.736945454545455,-0.012866649152882825,-0.0859127935317271,2.6087,2.373181818181818,0.06683405527657449,0.1727082934303772,2.38105,1.9377727272727272,0.05155288633166033,0.2921019915085268,2.609,2.373,0.06669221924108859,0.17277707543194265,8.55,7.1,0.1040935672514618,0.3295774647887324,287.5,220.2,0.2302608695652173,0.6062670299727522,2.434,1.956,0.09244042728019708,0.35940695296523506,1700.0,1000.0,0.0,0.7,88.6434,97.0118,-0.020345564362377777,-0.10485219323834827,184.6,171.6,0.03033586132177679,0.10839160839160833,3.74,4.56,-0.06149732620320869,-0.23026315789473684
2008-04-01,482.791340897727,246.6418625,1292.077677,1083.48970644843,110.033181818182,112.336363636364,312.5,86.5475,1.6863454545454546,-1.01,-1.87,1.53,-0.153,-0.344,4.084,326.851616666667,1564.06,2177.36363636364,3.1665000047727294,6.999690909090909,3.0683636363636366,2.7621818181818183,3.068,10.13,365.1,2.882,1665.90909090909,86.5475,193.8,3.68,6.181653699912668,495.69088485,270.3922953375,233.925929285714,152.630566785714,0.05435880175025365,0.615940159917465,1321.2728584,714.1094873,-0.022096254543027438,0.809355147885318,1146.85898052923,645.390481904618,-0.055254634751656595,0.6788126519172288,103.161904761905,67.6904761904762,0.06660672921981936,0.6255341668531984,105.50380952381,63.9747619047619,0.06476120761319071,0.7559481316022272,278.6,209.5,0.12167982770997843,0.4916467780429594,86.8399,95.6322,-0.00336711580736504,-0.09499624603428547,1.7090476190476191,2.030185714285714,-0.013283517819600354,-0.1693639440573217,-1.29,-0.32,-0.21705426356589153,2.15625,0.12,0.99,-16.583333333333336,-2.8888888888888893,-2.16,3.71,-1.7083333333333333,-0.5876010781671159,0.097,0.1,-2.5773195876288657,-2.53,-0.578,-0.055,-0.40484429065743943,5.254545454545454,3.881,2.834,0.052306106673537744,0.44107268877911054,403.812896666667,178.555848166667,-0.19058648358011399,0.8305287674564332,1640.5,835.79,-0.04659555013715333,0.8713552447385109,1303.09523809524,673.0,0.6709167317243332,2.2353100094556315,3.155761877619049,3.0907142844285698,0.0034027051374934114,0.024520454940134107,7.072242857142857,7.724714285714286,-0.010258690137976756,-0.09385763017335147,2.78305,2.53065,0.1025183293018943,0.21248044429835677,2.5038,2.1054500000000003,0.10319586955100979,0.31191993074251023,2.783,2.531,0.10240747394897598,0.212169103121296,9.44,7.59,0.07309322033898313,0.33465085638998704,353.7,238.0,0.032230703986429354,0.5340336134453783,2.659,2.165,0.0838661150808575,0.33117782909930726,1700.0,1000.0,-0.0200534759358294,0.6659090909090901,86.8399,95.6322,-0.00336711580736504,-0.09499624603428547,190.2,173.9,0.018927444794952786,0.11443358251868885,3.51,4.69,0.04843304843304863,-0.21535181236673773
2008-05-01,489.08926675,243.531773571429,1330.46717361905,1086.83316209246,123.862272727273,125.671363636364,335.3,86.8245,1.6584619047619047,-0.84,-0.64,0.88,0.178,-0.513,4.425,288.420286349206,1580.45,2214.54545454545,3.15140910572727,6.972495238095239,3.311523809523809,3.097952380952381,3.311,11.26,398.2,3.224,1650.0,86.8245,200.0,3.88,6.1945875515532665,482.791340897727,283.206243170455,246.6418625,160.139158928571,-0.012609736632081314,0.5207509218907209,1292.077677,756.064408,0.029711446380053852,0.7597272924650755,1083.48970644843,740.614763638899,0.0030858213272644264,0.46747434084687844,110.033181818182,67.7178260869565,0.12568109619825485,0.8290940493013075,112.336363636364,63.5134782608696,0.11870599660111636,0.9786566108093255,312.5,207.9,0.07296000000000014,0.6127946127946129,86.5475,94.7225,0.003200554608740802,-0.08338040064398633,1.6863454545454546,1.98355,-0.01653489782202766,-0.16389205981099308,-1.01,-0.38,-0.16831683168316836,1.2105263157894735,-1.87,-0.2,-0.6577540106951871,2.1999999999999997,1.53,-3.64,-0.4248366013071896,-1.2417582417582418,-0.153,0.27,-2.1633986928104574,-0.3407407407407408,-0.344,-0.093,0.49127906976744207,4.516129032258065,4.084,2.796,0.08349657198824678,0.5826180257510729,326.851616666667,178.006363333333,-0.11758035866365135,0.6202807638349024,1564.06,858.9,0.01047913762899122,0.8400861567120737,2177.36363636364,673.0,0.01707653125130082,2.290557881939747,3.1665000047727294,3.0805652246956496,-0.004765797891272183,0.02299703978467771,6.999690909090909,7.67725,-0.003885267413786808,-0.09179781326708925,3.0683636363636366,2.572090909090909,0.07924750843688955,0.28748319035669256,2.7621818181818183,2.245409090909091,0.12155990621630419,0.37968283529934577,3.068,2.572,0.0792046936114732,0.28732503888024885,10.13,7.63,0.11154985192497513,0.47575360419397117,365.1,226.5,0.09066009312517109,0.7580573951434879,2.882,2.301,0.11866759195003462,0.4011299435028248,1665.90909090909,1013.04347826087,-0.009549795361527447,0.6287553648068662,86.5475,94.7225,0.003200554608740802,-0.08338040064398633,193.8,176.0,0.03199174406604732,0.13636363636363646,3.68,4.75,0.05434782608695654,-0.18315789473684208
2008-06-01,552.47214925,287.132070892857,1414.42120285714,1096.38744565422,132.760476190476,133.928095238095,388.1,87.0728,1.6179190476190477,-0.61,-0.59,2.32,0.215,-0.424,4.677,314.15835,1639.55,2300.19047619048,3.0417142820952403,6.899328571428571,3.6940952380952377,3.2922380952380954,3.694,12.69,421.0,3.425,1650.0,87.0728,204.0,4.1,6.31621143335788,489.08926675,302.8293275,243.531773571429,164.537264484127,0.17903330100226045,0.7450883955868657,1330.46717361905,782.923551142857,0.06310116544230371,0.8065891628786321,1086.83316209246,748.506251839672,0.008790938568128848,0.4647672520563839,123.862272727273,70.6190476190476,0.0718394977524397,0.8799527983816564,125.671363636364,67.4785714285714,0.06570097882937165,0.98475000882114,335.3,208.1,0.15747092156277964,0.864968765016819,86.8245,94.4449,0.0028597918790203014,-0.07805715290079196,1.6584619047619047,1.9322857142857144,-0.02444605874060002,-0.16269160628912216,-0.84,-0.47,-0.27380952380952384,0.2978723404255319,-0.64,-0.48,-0.07812500000000011,0.22916666666666674,0.88,2.33,1.6363636363636362,-0.0042918454935623185,0.178,0.03,0.2078651685393258,6.166666666666667,-0.513,0.181,-0.1734892787524367,-3.342541436464088,4.425,2.808,0.05694915254237287,0.6655982905982905,288.420286349206,206.516903650794,0.0892380490172302,0.5212234177751391,1580.45,903.5,0.03739441298364388,0.8146651909241838,2214.54545454545,673.0,0.038673860348740874,2.417816457935334,3.15140910572727,3.07947617490476,-0.0348081826103358,-0.012262440319314227,6.972495238095239,7.633290476190477,-0.01049361299910423,-0.0961527544446602,3.311523809523809,2.354,0.11552730723879101,0.5692842982562607,3.097952380952381,2.1864761904761902,0.06271423520912434,0.5057278508580889,3.311,2.354,0.11567502265176688,0.5692438402718776,11.26,7.36,0.12699822380106562,0.7241847826086956,398.2,227.6,0.057257659467604194,0.8497363796133568,3.224,2.226,0.0623449131513647,0.5386343216531895,1650.0,1095.2380952381,0.0,0.5065217391304282,86.8245,94.4449,0.0028597918790203014,-0.07805715290079196,200.0,176.4,0.020000000000000018,0.15646258503401356,3.88,5.1,0.05670103092783507,-0.196078431372549
2008-07-01,554.149276465909,267.141454081633,1372.265719,1026.24548726103,133.585217391304,133.958260869565,423.5,86.4538,1.5899545454545454,-0.37,-0.41,4.41,0.246,-0.412,4.703,299.42748,1736.46,2267.73913043478,3.0216086633913,6.835513636363637,3.2858181818181817,3.147636363636364,3.286,11.06,431.9,3.284,1619.5652173913,86.4538,209.5,4.01,6.319237044186643,552.47214925,313.476252,287.132070892857,147.216401315789,-0.06962167879422787,0.8146174726048139,1414.42120285714,819.15280647619,-0.02980405254954166,0.6752255600553658,1096.38744565422,764.470315506677,-0.0639755213097466,0.3424268626844629,132.760476190476,76.1331818181818,0.006212249492422162,0.7546254366503014,133.928095238095,74.0463636363636,0.00022523751582048668,0.809113294576145,388.1,214.8,0.09121360474104612,0.9716014897579142,87.0728,93.2059,-0.007108993853419232,-0.0724428389189955,1.6179190476190477,1.881195238095238,-0.017284240645819238,-0.15481683492649156,-0.61,-0.56,-0.39344262295081966,-0.3392857142857143,-0.59,-0.99,-0.30508474576271183,-0.5858585858585859,2.32,1.46,0.9008620689655173,2.0205479452054798,0.215,0.045,0.1441860465116278,4.466666666666667,-0.424,-0.062,-0.028301886792452824,5.64516129032258,4.677,2.868,0.0055591190934360935,0.6398186889818691,314.15835,222.001734603175,-0.04688995215310998,0.3487618938438586,1639.55,939.4,0.059107681985910876,0.8484777517564404,2300.19047619048,673.0,-0.014108112389650929,2.3695975192195835,3.0417142820952403,3.11286367077273,-0.00660996294829197,-0.029315452596989866,6.899328571428571,7.575685714285715,-0.009249441362918054,-0.09770364107453822,3.6940952380952377,2.310619047619048,-0.11052152962021988,0.42205102360080393,3.2922380952380954,2.136904761904762,-0.04392201518197725,0.47298860471005333,3.694,2.311,-0.11044937736870597,0.42189528342708793,12.69,6.21,-0.12844759653270288,0.780998389694042,421.0,243.5,0.025890736342042642,0.7737166324435318,3.425,2.192,-0.04116788321167886,0.4981751824817515,1650.0,1159.09090909091,-0.018445322793151586,0.3972719522591597,87.0728,93.2059,-0.007108993853419232,-0.0724428389189955,204.0,177.9,0.026960784313725394,0.17762788083192804,4.1,5.0,-0.02195121951219514,-0.19800000000000006
2008-08-01,471.06735675,235.159466666667,1163.7769052381,791.76941644964,113.800476190476,116.697142857143,471.0,88.945,1.6127380952380952,-0.23,0.08,4.15,0.124,-0.188,4.302,304.164072666667,1467.67,2060.23809523809,3.0331904546190502,6.846190476190476,3.072523809523809,2.896952380952381,3.072,8.25,346.7,2.94,1599.04761904762,88.945,202.4,3.89,6.157121680382982,554.149276465909,309.00652923913,267.141454081633,151.030785714286,-0.119719298245614,0.5570300157977874,1372.265719,797.085153652174,-0.15193035202674188,0.4600408750630678,1026.24548726103,729.564457324347,-0.22847951462099825,0.08526314364796161,133.585217391304,71.3130434782609,-0.14810576789251784,0.5957876797835309,133.958260869565,72.3921739130435,-0.12885444988890327,0.6120132405101972,423.5,209.8,0.11216056670602126,1.2449952335557675,86.4538,93.7603,0.028815390416615516,-0.05135755751634763,1.5899545454545454,1.961952173913044,0.014329686247122497,-0.17799316584687885,-0.37,-0.81,-0.3783783783783784,-0.7160493827160495,-0.41,-0.24,-1.1951219512195121,-1.3333333333333335,4.41,4.05,-0.05895691609977316,0.024691358024691468,0.246,0.236,-0.49593495934959353,-0.47457627118644063,-0.412,-0.115,-0.5436893203883495,0.6347826086956521,4.703,2.869,-0.08526472464384449,0.4994771697455558,299.42748,240.686992173913,0.015818830879072987,0.26373290853577736,1736.46,1006.75,-0.15479193301314165,0.457829649863422,2267.73913043478,673.0,-0.09150128090655074,2.061275030071456,3.0216086633913,3.1527391411739094,0.0038329884898964384,-0.037918990820898,6.835513636363637,7.573352173913043,0.001561965990388936,-0.09601583037790418,3.2858181818181817,2.049304347826087,-0.06491362591960204,0.4993008787509572,3.147636363636364,2.0038695652173915,-0.07964197693864983,0.44567911566544627,3.286,2.049,-0.06512477175897746,0.49926793557833093,11.06,6.23,-0.2540687160940326,0.3242375601926162,431.9,231.2,-0.19726788608474177,0.49956747404844304,3.284,1.983,-0.10475030450669909,0.48260211800302555,1619.5652173913,1200.0,-0.01266858421220518,0.33253968253968336,86.4538,93.7603,0.028815390416615516,-0.05135755751634763,209.5,174.9,-0.03389021479713605,0.1572327044025157,4.01,4.67,-0.029925187032418865,-0.16702355460385432
2008-09-01,433.383193,233.945613392857,1042.09237942857,667.043491607084,98.7554545454546,104.443636363636,484.5,91.2651,1.8030809523809523,-0.24,2.09,4.74,0.086,0.058,4.024,263.049659365079,1352.99,1948.81818181818,3.08368182181818,6.830738095238096,2.8701904761904764,2.805238095238095,2.87,7.67,342.3,2.626,1572.72727272727,91.2651,200.1,3.69,6.073927077723913,471.06735675,347.561559118421,235.159466666667,160.125031578947,-0.005161830357144792,0.46101837474120355,1163.7769052381,851.681449666667,-0.10456001082495636,0.22357059653750389,791.76941644964,745.179984869138,-0.15752809119836608,-0.10485586683568227,113.800476190476,76.772,-0.13220526089749818,0.28634729517864055,116.697142857143,79.633,-0.10500262640112246,0.3115622463505834,471.0,209.1,0.02866242038216571,1.3170731707317076,88.945,92.4366,0.026084659058969173,-0.01267355138549009,1.6127380952380952,1.90229,0.11802465490514513,-0.052152430817092976,-0.23,-1.07,0.04347826086956519,-0.7757009345794392,0.08,0.2,25.124999999999996,9.45,4.15,6.3,0.14216867469879513,-0.24761904761904752,0.124,0.235,-0.30645161290322587,-0.6340425531914894,-0.188,-0.194,-1.3085106382978724,-1.2989690721649485,4.302,2.953,-0.0646211064621105,0.3626820182864885,304.164072666667,297.952459122807,-0.1351718266431987,-0.11714217717982367,1467.67,1078.89,-0.07813745596762223,0.25405741085745515,2060.23809523809,673.0,-0.05408108590819638,1.895717952181545,3.0331904546190502,3.14729998095,0.016646289758112554,-0.02021356703107058,6.846190476190476,7.520975,-0.002257077276204944,-0.09177492343238802,3.072523809523809,2.208,-0.06585248671016519,0.29990510697032424,2.896952380952381,2.101842105263158,-0.03165888618581114,0.33465691272126685,3.072,2.208,-0.06575520833333337,0.29981884057971,8.25,6.08,-0.07030303030303031,0.2615131578947367,346.7,246.2,-0.012691087395442668,0.39033306255077194,2.94,2.04,-0.10680272108843536,0.2872549019607842,1599.04761904762,1200.0,-0.016460014077645857,0.31060606060605833,88.945,92.4366,0.026084659058969173,-0.01267355138549009,202.4,175.6,-0.011363636363636465,0.13952164009111612,3.89,4.52,-0.05141388174807204,-0.1836283185840707
2008-10-01,338.78490176087,183.024702891156,808.760054347826,486.395563108566,71.9634782608696,76.2839130434783,485.1,98.04,2.180995454545455,-0.35,2.81,0.31,0.029,0.007,3.576,202.774935,1149.9,1724.39130434783,3.23852609547826,6.835750000000001,2.124695652173913,1.920608695652174,2.125,6.73,281.8,1.788,1470.0,98.04,189.3,3.81,5.828312775528097,433.383193,358.402842456522,233.945613392857,164.114103726708,-0.21766131778752884,0.11522836084788302,1042.09237942857,879.883012608695,-0.22390752459843477,-0.08083228934037745,667.043491607084,824.068960832286,-0.2708188158215732,-0.4097635195271516,98.7554545454546,82.5073913043478,-0.27129616696010783,-0.12779355736244902,104.443636363636,85.9265217391304,-0.26961645822169056,-0.11221923686061319,484.5,207.2,0.0012383900928794045,1.3412162162162167,91.2651,90.4002,0.07423319538355844,0.08451087497594045,1.8030809523809523,1.798704347826087,0.20959375210828424,0.21253693369975157,-0.24,-1.34,0.45833333333333326,-0.7388059701492538,2.09,2.42,0.3444976076555024,0.16115702479338845,4.74,4.7,-0.9345991561181435,-0.9340425531914893,0.086,0.068,-0.6627906976744186,-0.5735294117647058,0.058,-0.209,-0.8793103448275862,-1.0334928229665072,4.024,3.075,-0.11133200795228626,0.1629268292682926,263.049659365079,303.630490724638,-0.22913819584698814,-0.3321654405785739,1352.99,1093.15,-0.15010458318243292,0.05191419292869237,1948.81818181818,673.0,-0.1151605006378621,1.5622456231022737,3.08368182181818,3.1596086957391294,0.05021408906862579,0.024976953584649353,6.830738095238096,7.501917391304349,0.0007337281406527563,-0.08879961702544448,2.8701904761904764,2.393869565217391,-0.25973705585074536,-0.11244301567409498,2.805238095238095,2.1687391304347825,-0.3153491324275054,-0.11441230127703927,2.87,2.394,-0.259581881533101,-0.11236424394319133,7.67,6.8,-0.12255541069100384,-0.010294117647058787,342.3,249.6,-0.1767455448437043,0.12900641025641035,2.626,2.127,-0.3191165270373191,-0.15937940761636094,1572.72727272727,1282.60869565217,-0.06531791907514295,0.14610169491525782,91.2651,90.4002,0.07423319538355844,0.08451087497594045,200.1,176.9,-0.05397301349325334,0.07009609949123807,3.69,4.53,0.03252032520325199,-0.1589403973509934
2008-11-01,329.136527447368,164.304400210084,728.522480631579,433.138274613001,52.7135,56.968,429.0,100.7667,2.270433333333333,-0.55,1.84,7.24,-0.128,0.012,2.876,194.114629607843,1074.19,1624.4,3.3273499966,6.828055555555555,1.2679473684210527,1.2828947368421053,1.268,6.69,224.1,1.238,1268.0,100.7667,178.4,3.53,5.799506288439674,338.78490176087,389.01517525,183.024702891156,171.113943392857,-0.10228292894541613,-0.0397953728828464,808.760054347826,987.963709333333,-0.09921060428849882,-0.26260198249267885,486.395563108566,877.612871747668,-0.10949377941524874,-0.5064586122689216,71.9634782608696,92.7313636363636,-0.26749649580705226,-0.4315461572773748,76.2839130434783,94.7663636363636,-0.2532108313907431,-0.3988584365377048,485.1,213.0,-0.11564625850340138,1.0140845070422535,98.04,89.053,0.027812117503059897,0.13153627615015773,2.180995454545455,1.7668809523809526,0.041007824478257904,0.284995081459122,-0.35,-1.5,0.5714285714285716,-0.6333333333333333,2.81,3.5,-0.34519572953736655,-0.4742857142857143,0.31,4.78,22.35483870967742,0.5146443514644352,0.029,-0.023,-5.413793103448276,4.565217391304348,0.007,-0.201,0.7142857142857142,-1.0597014925373134,3.576,3.396,-0.19574944071588374,-0.1531213191990577,202.774935,286.495618095238,-0.042708954103015784,-0.32245166296639605,1149.9,1325.49,-0.06584050787024964,-0.18959026473228768,1724.39130434783,673.0,-0.05798643503694023,1.4136701337295694,3.23852609547826,3.1356363619545498,0.027427261199395314,0.061140263893976865,6.835750000000001,7.420971428571428,-0.0011256181756860162,-0.07989733941476873,2.124695652173913,2.558952380952381,-0.4032334150428867,-0.5045052897978691,1.920608695652174,2.424190476190476,-0.3320374213933893,-0.4707945809365087,2.125,2.559,-0.4032941176470588,-0.5044939429464634,6.73,7.14,-0.005943536404160454,-0.0630252100840335,281.8,296.7,-0.20475514549325768,-0.2446916076845298,1.788,2.386,-0.3076062639821029,-0.48113998323554064,1470.0,1513.63636363636,-0.13741496598639458,-0.16228228228228037,98.04,89.053,0.027812117503059897,0.13153627615015773,189.3,181.8,-0.05758055995773903,-0.018701870187018743,3.81,4.15,-0.07349081364829402,-0.14939759036144595
2008-12-01,318.814228806818,158.909796964286,680.967034,442.66337227235,40.5117391304348,40.644347826087,365.0,99.6622,2.3953954545454548,-0.73,1.89,2.22,-0.053,-0.105,2.449,188.84494968254,907.9,1357.0,3.42504999635,6.853890909090908,1.1104545454545454,0.9561818181818182,1.11,5.81,168.0,0.968,1217.39130434783,99.6622,172.3,2.42,5.767740292239401,329.136527447368,423.0807406875,164.304400210084,180.283263655462,-0.03283298097251397,-0.11855491329479528,728.522480631579,1027.0001808,-0.06527656715596708,-0.33693581877507683,433.138274613001,883.447756497178,0.02199089348051597,-0.4989365596133426,52.7135,91.5195238095238,-0.2314731685349143,-0.5573432045521742,56.968,91.7747619047619,-0.28654072767014815,-0.5571293568893684,429.0,227.6,-0.14918414918414924,0.6036906854130053,100.7667,90.005,-0.010960962302030364,0.10729626131881576,2.270433333333333,1.785175,0.05503888591551753,0.3418266862046886,-0.55,-1.6,0.32727272727272716,-0.54375,1.84,2.58,0.02717391304347827,-0.2674418604651163,7.24,-1.19,-0.6933701657458564,-2.8655462184873954,-0.128,-0.227,-0.5859375,-0.7665198237885462,0.012,-0.028,-9.75,2.75,2.876,3.341,-0.14847009735744088,-0.2669859323555822,194.114629607843,339.225695925926,-0.02714725796787698,-0.4433058817461264,1074.19,1465.58,-0.1548050158724249,-0.3805182930989779,1624.4,673.0,-0.1646146269391776,1.0163447251114412,3.3273499966,3.1400499937,0.02936270601224189,0.09076288696734314,6.828055555555555,7.368165,0.003783705818610761,-0.0697967663467216,1.2679473684210527,2.4497,-0.12421085203452076,-0.5466977403541065,1.2828947368421053,2.3297,-0.2546685314685314,-0.5895686920282361,1.268,2.45,-0.12460567823343838,-0.5469387755102041,6.69,7.14,-0.13153961136023928,-0.18627450980392157,224.1,271.9,-0.250334672021419,-0.3821257815373299,1.238,2.345,-0.2180936995153474,-0.5872068230277185,1268.0,1669.04761904762,-0.03991222054587529,-0.2706072070954517,100.7667,90.005,-0.010960962302030364,0.10729626131881576,178.4,180.7,-0.03419282511210764,-0.046485888212506765,3.53,4.1,-0.31444759206798867,-0.40975609756097553
2009-01-01,364.7179662,173.295129931973,754.7296108,522.00293019203,43.1745454545455,41.6309090909091,312.8,100.3521,2.307935,-0.85,0.67,-10.51,0.031,-0.124,2.292,211.276083333333,840.72,1211.36363636364,3.465050018,6.836029999999999,1.45675,1.14575,1.457,5.23,161.6,1.15,1154.09090909091,100.3521,172.6,2.52,5.90186245219578,318.814228806818,461.71521025,158.909796964286,206.558804323308,0.09052514849616244,-0.161037310901889,680.967034,1143.0534772381,0.10832033434382082,-0.3397250208943736,442.66337227235,987.020215570752,0.17923226290985306,-0.47113248345153924,40.5117391304348,92.0917391304348,0.06572925234182914,-0.5311789541362129,40.644347826087,92.9826086956522,0.024273024850675284,-0.5522720896423319,365.0,245.3,-0.1430136986301369,0.27517325723603747,99.6622,89.3971,0.006922383812518529,0.1225431250006992,2.3953954545454548,1.7709619047619047,-0.0365119063658117,0.30320985098224806,-0.73,-1.64,0.1643835616438356,-0.4817073170731707,1.89,2.15,-0.6455026455026455,-0.6883720930232557,2.22,-1.95,-5.734234234234234,4.38974358974359,-0.053,0.115,-1.5849056603773586,-0.7304347826086957,-0.105,-0.168,0.18095238095238098,-0.261904761904762,2.449,3.308,-0.06410779910167419,-0.3071342200725514,188.84494968254,336.117065079365,0.11878069118872969,-0.37142113482561245,907.9,1491.61,-0.07399493336270513,-0.436367415074986,1357.0,673.0,-0.10732230186909364,0.7999459678508765,3.42504999635,3.1450434663478304,0.011678667958899158,0.10174948457032795,6.853890909090908,7.240452380952381,-0.0026059517619719808,-0.05585595480419214,1.1104545454545454,2.322952380952381,0.3118501841997545,-0.3728885654544709,0.9561818181818182,2.3340952380952382,0.19825537174367747,-0.5091245715684675,1.11,2.323,0.31261261261261253,-0.3727938011192423,5.81,7.98,-0.0998278829604129,-0.34461152882205515,168.0,278.2,-0.03809523809523818,-0.41912293314162474,0.968,2.362,0.1880165289256197,-0.5131244707874683,1217.39130434783,1700.0,-0.05199675324675568,-0.3211229946524059,99.6622,89.3971,0.006922383812518529,0.1225431250006992,172.3,182.8,0.0017411491584444772,-0.05579868708971558,2.42,3.74,0.04132231404958686,-0.3262032085561498
2009-02-01,341.271617842105,163.399960515873,703.610274631579,528.713498464696,42.9105,39.0785,251.7,102.9737,2.322973684210526,-0.79,-2.79,-7.25,0.163,-0.205,2.195,195.224902631579,767.78,1038.1,3.5099500060500004,6.836289473684211,1.5466315789473684,1.2157368421052632,1.547,4.52,147.2,1.185,984.0,102.9737,170.8,2.87,5.835604626066003,364.7179662,508.2158935875,173.295129931973,220.047597744361,-0.05710010096639384,-0.2574335635070103,754.7296108,1307.7475147,-0.06773198697509086,-0.46196779827718604,522.00293019203,1109.4976702408,0.01285542261266115,-0.5234658777156813,43.1745454545455,94.722380952381,-0.006115766865999572,-0.5469866828878378,41.6309090909091,95.3614285714286,-0.06131043368126854,-0.590206432669693,312.8,262.4,-0.19533248081841437,-0.04077743902439024,100.3521,88.6434,0.0261240173349635,0.1616623459840214,2.307935,1.728995,0.006516077883703897,0.3435398507286176,-0.85,-1.52,-0.07058823529411762,-0.48026315789473684,0.67,0.98,-5.164179104477611,-3.8469387755102042,-10.51,-1.84,-0.3101807802093245,2.9402173913043477,0.031,-0.072,4.258064516129033,-3.2638888888888893,-0.124,-0.291,0.6532258064516128,-0.2955326460481099,2.292,3.377,-0.042321116928446756,-0.35001480604086466,211.276083333333,393.873734833333,-0.07597254004576481,-0.5043464812037084,840.72,1479.24,-0.08675896850318776,-0.48096319731754145,1211.36363636364,673.0,-0.14303189493433655,0.5424962852897472,3.465050018,3.15947617785714,0.012957962458480354,0.11092782741934237,6.836029999999999,7.164425,3.7956779623815606e-05,-0.04580067853537284,1.45675,2.6087,0.06170007135566724,-0.40712554952759283,1.14575,2.38105,0.061083868300469746,-0.4894114604459112,1.457,2.609,0.061770761839395893,-0.407052510540437,5.23,8.55,-0.13575525812619516,-0.4713450292397662,161.6,287.5,-0.08910891089108919,-0.488,1.15,2.434,0.0304347826086957,-0.5131470829909615,1154.09090909091,1700.0,-0.1473808586057509,-0.42117647058823526,100.3521,88.6434,0.0261240173349635,0.1616623459840214,172.6,184.6,-0.010428736964078644,-0.07475622968580709,2.52,3.74,0.13888888888888884,-0.23262032085561501
2009-03-01,333.657848522727,164.577030357143,693.112486,557.287771059739,46.5827272727273,47.98,244.0,103.4397,2.3160954545454544,-0.61,-3.72,1.5,0.1,-0.066,2.092,199.100568333333,731.63,831.409090909091,3.65563635381818,6.835999999999999,1.4727727272727271,1.2884545454545455,1.473,3.94,139.2,1.389,900.0,103.4397,169.5,2.82,5.813108662200746,341.271617842105,495.69088485,163.399960515873,233.925929285714,0.007203611540381294,-0.2964566567730471,703.610274631579,1321.2728584,-0.014919891039220312,-0.47542062822714226,528.713498464696,1146.85898052923,0.054044908401276626,-0.5140747201521038,42.9105,103.161904761905,0.08557875747724442,-0.5484502987780322,39.0785,105.50380952381,0.2277850992233581,-0.5452296915480392,251.7,278.6,-0.03059197457290419,-0.12419239052404885,102.9737,86.8399,0.004525427366405266,0.19115406627598608,2.322973684210526,1.7090476190476191,-0.0029609589259765867,0.3551965601965601,-0.79,-1.29,-0.2278481012658229,-0.5271317829457365,-2.79,0.12,0.3333333333333335,-32.0,-7.25,-2.16,-1.206896551724138,-1.6944444444444444,0.163,0.097,-0.38650306748466257,0.030927835051546504,-0.205,-0.578,-0.6780487804878048,-0.8858131487889274,2.195,3.881,-0.04692482915717533,-0.4609636691574336,195.224902631579,403.812896666667,0.019852312125712812,-0.5069484655471929,767.78,1640.5,-0.04708380004688839,-0.5540201158183481,1038.1,1303.09523809524,-0.1991050082756083,-0.36197365579788465,3.5099500060500004,3.155761877619049,0.04150667317684409,0.15840056873247832,6.836289473684211,7.072242857142857,-4.2343684439560825e-05,-0.03340423425989336,1.5466315789473684,2.78305,-0.047754651256318725,-0.4708062279611479,1.2157368421052632,2.5038,0.05981368733003012,-0.4854003732508405,1.547,2.783,-0.04783451842275366,-0.4707150556952928,4.52,9.44,-0.12831858407079644,-0.5826271186440678,147.2,353.7,-0.05434782608695654,-0.6064461407972859,1.185,2.659,0.17215189873417724,-0.4776231666039864,984.0,1700.0,-0.08536585365853655,-0.47058823529411764,102.9737,86.8399,0.004525427366405266,0.19115406627598608,170.8,190.2,-0.007611241217798659,-0.10883280757097791,2.87,3.51,-0.017421602787456525,-0.19658119658119655
2009-04-01,374.46641975,168.795905442177,787.301296571428,693.212401100708,50.5190909090909,49.9059090909091,251.8,100.7162,2.2026954545454545,-0.33,-4.03,-10.03,0.126,-0.18,2.22,200.887646666667,802.12,929.045454545455,3.6908181689090895,6.830604545454546,1.5746190476190476,1.3794761904761903,1.575,3.5,167.4,1.443,900.0,100.7162,170.3,2.93,5.928169039109386,333.657848522727,482.791340897727,164.577030357143,246.6418625,0.025634653121877182,-0.3156234560863447,693.112486,1292.077677,0.13589253183851602,-0.3906703052099646,557.287771059739,1083.48970644843,0.24390384483494865,-0.36020398073463167,46.5827272727273,110.033181818182,0.08450264436681487,-0.5408740338658182,47.98,112.336363636364,0.04013983099018548,-0.5557457311645235,244.0,312.5,0.031967213114754145,-0.19423999999999997,103.4397,86.5475,-0.026329349369729416,0.16371010138941045,2.3160954545454544,1.6863454545454546,-0.04896171260016369,0.30619467595337957,-0.61,-1.01,-0.4590163934426229,-0.6732673267326732,-3.72,-1.87,0.08333333333333326,1.1550802139037435,1.5,1.53,-7.6866666666666665,-7.555555555555555,0.1,-0.153,0.26,-1.823529411764706,-0.066,-0.344,1.727272727272727,-0.4767441860465116,2.092,4.084,0.06118546845124295,-0.45641527913809976,199.100568333333,326.851616666667,0.008975757067363421,-0.3853857945835458,731.63,1564.06,0.09634651394830729,-0.4871552242241346,831.409090909091,2177.36363636364,0.1174348040019686,-0.5733163542232063,3.65563635381818,3.1665000047727294,0.009623992018287897,0.1655828717341159,6.835999999999999,6.999690909090909,-0.0007892707058885229,-0.02415626144531058,1.4727727272727271,3.0683636363636366,0.06915277453223823,-0.4868212395173761,1.2884545454545455,2.7621818181818183,0.07064404820701986,-0.5005845808570928,1.473,3.068,0.06924643584521384,-0.4866362451108214,3.94,10.13,-0.1116751269035533,-0.6544916090819348,139.2,365.1,0.20258620689655182,-0.5414954806902219,1.389,2.882,0.0388768898488121,-0.4993060374739764,900.0,1665.90909090909,0.0,-0.4597544338335604,103.4397,86.5475,-0.026329349369729416,0.16371010138941045,169.5,193.8,0.004719764011799521,-0.12125902992776061,2.82,3.68,0.03900709219858167,-0.20380434782608692
2009-05-01,422.3550526125,180.070212142857,845.1961925,772.385048687789,57.5014285714286,59.2571428571428,231.5,97.5519,2.0688950000000004,0.01,-5.29,-6.22,0.256,-0.187,2.227,227.186091,901.37,1043.80952380952,3.72299999304762,6.823480000000001,1.8474,1.68875,1.847,3.83,166.4,1.736,916.666666666666,97.5519,172.0,3.29,6.04821119485231,374.46641975,489.08926675,168.795905442177,243.531773571429,0.06679253665037588,-0.2605884254768852,787.301296571428,1330.46717361905,0.07353588287063051,-0.3647372823179451,693.212401100708,1086.83316209246,0.11421123952971368,-0.28932510009104784,50.5190909090909,123.862272727273,0.1382118628164235,-0.5357631722288956,49.9059090909091,125.671363636364,0.18737728530702458,-0.5284753730483411,251.8,335.3,-0.08061953931691823,-0.3095735162541008,100.7162,86.8245,-0.0314179843957576,0.12355268386227403,2.2026954545454545,1.6584619047619047,-0.060743964522805505,0.24747815675453766,-0.33,-0.84,-1.0303030303030303,-1.0119047619047619,-4.03,-0.64,0.3126550868486351,7.265625,-10.03,0.88,-0.37986041874376864,-8.068181818181817,0.126,0.178,1.0317460317460316,0.4382022471910114,-0.18,-0.513,0.03888888888888897,-0.635477582846004,2.22,4.425,0.00315315315315301,-0.4967231638418079,200.887646666667,288.420286349206,0.13091120718323723,-0.21230890560543458,802.12,1580.45,0.12373460330125163,-0.4296750925369357,929.045454545455,2214.54545454545,0.12352901432601548,-0.5286574399874899,3.6908181689090895,3.15140910572727,0.008719428231286352,0.18137628855662014,6.830604545454546,6.972495238095239,-0.0010430329273396488,-0.02137186659964596,1.5746190476190476,3.311523809523809,0.17323615689357963,-0.4421299358660953,1.3794761904761903,3.097952380952381,0.22419655493803736,-0.4548818728192201,1.575,3.311,0.1726984126984128,-0.44216248867411656,3.5,11.26,0.0942857142857143,-0.6598579040852575,167.4,398.2,-0.005973715651135025,-0.5821195379206429,1.443,3.224,0.20304920304920304,-0.46153846153846156,900.0,1650.0,0.018518518518517713,-0.44444444444444486,100.7162,86.8245,-0.0314179843957576,0.12355268386227403,170.3,200.0,0.00998238402818541,-0.14,2.93,3.88,0.12286689419795227,-0.1520618556701031
2009-06-01,445.108171295455,179.393794642857,831.712937,690.818417968187,68.58,69.6722727272727,192.8,96.0426,1.9585772727272728,0.28,-3.6,-0.09,0.1,0.125,2.529,227.314693833333,910.48,1115.54545454545,3.7661682042272697,6.833422727272727,2.0847272727272728,1.9059545454545448,2.085,3.81,191.1,1.954,957.727272727273,96.0426,175.5,3.72,6.100561459149728,422.3550526125,552.47214925,180.070212142857,287.132070892857,-0.003756409746790257,-0.3752220220993788,845.1961925,1414.42120285714,-0.01595281145330063,-0.411976478208942,772.385048687789,1096.38744565422,-0.10560358574803619,-0.36991396544496913,57.5014285714286,132.760476190476,0.1926660207199815,-0.4834305964554848,59.2571428571428,133.928095238095,0.17576159375821931,-0.4797785139599682,231.5,388.1,-0.167170626349892,-0.5032208193764494,97.5519,87.0728,-0.01547176426087049,0.1030149484109848,2.0688950000000004,1.6179190476190477,-0.05332205224176556,0.21055331885086748,0.01,-0.61,27.000000000000004,-1.459016393442623,-5.29,-0.59,-0.3194706994328922,5.101694915254238,-6.22,2.32,-0.9855305466237942,-1.0387931034482758,0.256,0.215,-0.609375,-0.5348837209302325,-0.187,-0.424,-1.6684491978609626,-1.294811320754717,2.227,4.677,0.13560844185002252,-0.45926876202694034,227.186091,314.15835,0.000566068251656171,-0.2764327485380127,901.37,1639.55,0.010106837369781463,-0.4446768930499222,1043.80952380952,2300.19047619048,0.06872511612475063,-0.5150204010960912,3.72299999304762,3.0417142820952403,0.01159500705352201,0.23817290348290032,6.823480000000001,6.899328571428571,0.0014571343761140554,-0.009552501156238957,1.8474,3.6940952380952377,0.12846555847530206,-0.43565957606382477,1.68875,3.2922380952380954,0.1286185317273396,-0.42107633460310057,1.847,3.694,0.12885760693015702,-0.4355711965349215,3.83,12.69,-0.005221932114882533,-0.6997635933806147,166.4,421.0,0.1484375,-0.5460807600950119,1.736,3.425,0.12557603686635943,-0.42948905109489044,916.666666666666,1650.0,0.04479338842975311,-0.4195592286501376,97.5519,87.0728,-0.01547176426087049,0.1030149484109848,172.0,204.0,0.02034883720930236,-0.13970588235294112,3.29,4.1,0.1306990881458967,-0.09268292682926815
2009-07-01,398.088761556818,151.800255357143,750.452648,601.95014544538,64.9043478260869,64.2086956521739,186.5,95.6605,1.932808695652174,0.45,0.11,1.46,-0.192,0.376,2.54,195.325991666667,857.4,1021.86956521739,3.807347847173911,6.831691304347825,1.9129090909090911,1.7500454545454545,1.913,3.39,172.8,1.798,966.086956521739,95.6606,174.6,3.56,5.989183852191448,445.108171295455,554.149276465909,179.393794642857,267.141454081633,-0.15381546134663193,-0.43176076555023957,831.712937,1372.265719,-0.0977023265901178,-0.45312876536267976,690.818417968187,1026.24548726103,-0.12864201389445207,-0.4134442948422228,68.58,133.585217391304,-0.05359656129940349,-0.5141352531847436,69.6722727272727,133.958260869565,-0.07841824101943096,-0.5206813283826234,192.8,423.5,-0.03267634854771795,-0.5596221959858323,96.0426,86.4538,-0.003978442899296719,0.10649271634098212,1.9585772727272728,1.5899545454545454,-0.013156783464160493,0.2156377056047294,0.28,-0.37,0.607142857142857,-2.2162162162162162,-3.6,-0.41,-1.0305555555555554,-1.2682926829268293,-0.09,4.41,-17.22222222222222,-0.6689342403628118,0.1,0.246,-2.92,-1.7804878048780488,0.125,-0.412,2.008,-1.912621359223301,2.529,4.703,0.004349545274812128,-0.45991920051031254,227.314693833333,299.42748,-0.14072430438711592,-0.3476684515841132,910.48,1736.46,-0.058298919251383974,-0.506236826647317,1115.54545454545,2267.73913043478,-0.08397317110330571,-0.5493883967943556,3.7661682042272697,3.0216086633913,0.010934095535196642,0.2600400221585071,6.833422727272727,6.835513636363637,-0.00025337564994942774,-0.0005591872416840227,2.0847272727272728,3.2858181818181817,-0.08241758241758235,-0.4178286852589641,1.9059545454545448,3.147636363636364,-0.08180105411270866,-0.44401282347504634,2.085,3.286,-0.08249400479616309,-0.4178332318928789,3.81,11.06,-0.11023622047244097,-0.6934900542495479,191.1,431.9,-0.09576138147566715,-0.5999073859689743,1.954,3.284,-0.07983623336745138,-0.45249695493300846,957.727272727273,1619.5652173913,0.008728668413775731,-0.4034899328859045,96.0426,86.4538,-0.00397740169466454,0.10649387302813751,175.5,209.5,-0.00512820512820511,-0.16658711217183775,3.72,4.01,-0.043010752688172116,-0.11221945137157097
2009-08-01,408.957381,152.036294217687,809.672940476191,686.790283594875,72.5919047619048,71.0642857142857,177.2,94.373,1.845314285714286,0.58,0.33,-0.75,-0.104,0.361,2.634,179.554051111111,875.75,1078.90476190476,3.837999979904759,6.8322666666666665,2.113142857142857,1.9300952380952376,2.113,3.15,204.1,2.018,980.0,94.373,177.7,3.59,6.016053205514817,398.088761556818,471.06735675,151.800255357143,235.159466666667,0.0015549305894688725,-0.3534757653061237,750.452648,1163.7769052381,0.07891276369537326,-0.30427134545126755,601.95014544538,791.76941644964,0.14094213414754164,-0.13258801195618308,64.9043478260869,113.800476190476,0.11844440616546881,-0.36211246919211015,64.2086956521739,116.697142857143,0.10677043027395139,-0.3910366271667818,186.5,471.0,-0.049865951742627423,-0.6237791932059449,95.6605,88.945,-0.013459055723104019,0.061026477036370874,1.932808695652174,1.6127380952380952,-0.04526801340179476,0.14421200265741518,0.45,-0.23,0.28888888888888875,-3.5217391304347823,0.11,0.08,2.0,3.125,1.46,4.15,-1.5136986301369864,-1.180722891566265,-0.192,0.124,-0.45833333333333337,-1.8387096774193548,0.376,-0.188,-0.039893617021276584,-2.920212765957447,2.54,4.302,0.03700787401574801,-0.3877266387726639,195.325991666667,304.164072666667,-0.08074675787373731,-0.40968027703954357,857.4,1467.67,0.021401912759505537,-0.40330592026818024,1021.86956521739,2060.23809523809,0.05581455660168966,-0.47632035132324,3.807347847173911,3.0331904546190502,0.008050783369741188,0.26533431953147435,6.831691304347825,6.846190476190476,8.421960144411322e-05,-0.0020338039924880924,1.9129090909090911,3.072523809523809,0.10467500373402827,-0.31224524588131364,1.7500454545454545,2.896952380952381,0.10288291831628338,-0.333749753435466,1.913,3.072,0.10454783063251427,-0.31217447916666663,3.39,8.25,-0.07079646017699126,-0.6181818181818182,172.8,346.7,0.18113425925925908,-0.41130660513412176,1.798,2.94,0.12235817575083408,-0.3136054421768708,966.086956521739,1599.04761904762,0.014401440144014455,-0.38713519952352626,95.6606,88.945,-0.013460087015971012,0.061026477036370874,174.6,202.4,0.017754868270332125,-0.12203557312252977,3.56,3.89,0.008426966292134797,-0.07712082262210807
2009-09-01,349.05202725,150.592793027211,749.402828952381,636.419863747806,67.5131818181818,69.3977272727273,174.3,93.6638,1.818652380952381,0.71,0.45,2.68,-0.103,0.226,2.626,156.930450634921,856.85,1021.40909090909,3.8412272607272704,6.827671428571429,2.055857142857143,1.7796666666666665,2.056,3.01,193.2,1.759,990.909090909091,93.6638,176.9,3.4,5.858081792721963,408.957381,433.383193,152.036294217687,233.945613392857,-0.009494451294696504,-0.35629144379670163,809.672940476191,1042.09237942857,-0.07443760129659693,-0.2808671824629261,686.790283594875,667.043491607084,-0.0733417770318684,-0.04590949202652084,72.5919047619048,98.7554545454546,-0.0699626626464861,-0.3163599709106981,71.0642857142857,104.443636363636,-0.023451420425990244,-0.3355485342246337,177.2,484.5,-0.016365688487584573,-0.6402476780185758,94.373,91.2651,-0.007514861242092663,0.026282774028626443,1.845314285714286,1.8030809523809523,-0.014448435677494764,0.008636011905547969,0.58,-0.24,0.22413793103448287,-3.9583333333333335,0.33,2.09,0.36363636363636354,-0.784688995215311,-0.75,4.74,-4.573333333333334,-0.4345991561181435,-0.104,0.086,-0.009615384615384581,-2.1976744186046515,0.361,0.058,-0.3739612188365651,2.896551724137931,2.634,4.024,-0.0030372057706909983,-0.3474155069582505,179.554051111111,263.049659365079,-0.1259988306373001,-0.4034189171211897,875.75,1352.99,-0.02158150157008276,-0.3666989408643079,1078.90476190476,1948.81818181818,-0.0532907750765359,-0.4758828194243597,3.837999979904759,3.08368182181818,0.0008408756746767221,0.24566264701798302,6.8322666666666665,6.830738095238096,-0.0006725788555147494,-0.0004489509953258253,2.113142857142857,2.8701904761904764,-0.027109248242292994,-0.2837210073995421,1.9300952380952376,2.805238095238095,-0.07793841902694154,-0.365591580376846,2.113,2.87,-0.026975863700899216,-0.283623693379791,3.15,7.67,-0.04444444444444451,-0.6075619295958279,204.1,342.3,-0.05340519353258211,-0.4355828220858896,2.018,2.626,-0.12834489593657084,-0.3301599390708302,980.0,1572.72727272727,0.011131725417439897,-0.3699421965317907,94.373,91.2651,-0.007514861242092663,0.026282774028626443,177.7,200.1,-0.0045019696117050145,-0.1159420289855072,3.59,3.69,-0.05292479108635095,-0.07859078590785906
2009-10-01,354.864809011364,167.279121428571,797.621495,636.557784902832,72.9686363636364,75.8236363636364,176.6,92.2598,1.7378,1.01,2.56,7.48,-0.013,0.306,2.672,163.726438333333,885.83,1005.22727272727,3.8246818130454505,6.826671428571428,2.0319090909090907,1.923681818181818,2.032,4.02,202.8,1.903,1000.90909090909,92.2598,177.8,3.39,5.874550908760673,349.05202725,338.78490176087,150.592793027211,183.024702891156,0.11080429591570762,-0.0860298157235575,749.402828952381,808.760054347826,0.06434278626226386,-0.013772390572390436,636.419863747806,486.395563108566,0.00021671409533619013,0.30872448925022167,67.5131818181818,71.9634782608696,0.08080576857044841,0.013967614226803704,69.3977272727273,76.2839130434783,0.09259538234812514,-0.006033731903338002,174.3,485.1,0.013195639701663708,-0.6359513502370646,93.6638,98.04,-0.014989782605446256,-0.058957568339453315,1.818652380952381,2.180995454545455,-0.044457303550247795,-0.20320787630335613,0.71,-0.35,0.42253521126760574,-3.885714285714286,0.45,2.81,4.688888888888889,-0.08896797153024916,2.68,0.31,1.7910447761194028,23.129032258064516,-0.103,0.029,-0.8737864077669903,-1.4482758620689655,0.226,0.007,0.35398230088495564,42.714285714285715,2.626,3.576,0.017517136329017635,-0.2527964205816554,156.930450634921,202.774935,0.04330572983711112,-0.1925706284490586,856.85,1149.9,0.03382155569819689,-0.22964605617879819,1021.40909090909,1724.39130434783,-0.015842641626987675,-0.4170538495568151,3.8412272607272704,3.23852609547826,-0.004307333713623462,0.18099459454274602,6.827671428571429,6.835750000000001,-0.00014646281832131347,-0.001328101734055842,2.055857142857143,2.124695652173913,-0.011648694575524088,-0.04367051872576977,1.7796666666666665,1.920608695652174,0.08092254252583908,0.0016000773799478285,2.056,2.125,-0.011673151750972721,-0.04376470588235293,3.01,6.73,0.33554817275747495,-0.40267459138187234,193.2,281.8,0.049689440993788914,-0.2803406671398154,1.759,1.788,0.08186469584991474,0.06431767337807615,990.909090909091,1470.0,0.010091743119265084,-0.3191094619666055,93.6638,98.04,-0.014989782605446256,-0.058957568339453315,176.9,189.3,0.005087620124364145,-0.0607501320655045,3.4,3.81,-0.002941176470588225,-0.11023622047244097
2009-11-01,370.7071893,171.686854511278,854.2351345,674.329955307001,76.9366666666667,77.972380952381,179.0,91.7996,1.7268,1.36,2.53,-5.72,-0.067,0.196,2.792,177.607281403509,923.98,1070.42857142857,3.809333347047619,6.827063157894737,1.9795000000000005,1.9828,1.979,3.7,215.7,1.976,1042.38095238095,91.7996,180.1,3.4,5.918106418789551,354.864809011364,329.136527447368,167.279121428571,164.304400210084,0.026349570974935732,0.044931567820183815,797.621495,728.522480631579,0.07097807651234378,0.172558372885675,636.557784902832,433.138274613001,0.05933816426412042,0.55684684275362,72.9686363636364,52.7135,0.05437994323007156,0.4595249161347035,75.8236363636364,56.968,0.02833871721002157,0.36870490367190345,176.6,429.0,0.013590033975084959,-0.5827505827505828,92.2598,100.7667,-0.004988087986316891,-0.08898872345725328,1.7378,2.270433333333333,-0.006329842329382052,-0.23944034178497497,1.01,-0.55,0.3465346534653466,-3.4727272727272727,2.56,1.84,-0.011718750000000111,0.3749999999999998,7.48,7.24,-1.7647058823529411,-1.7900552486187844,-0.013,-0.128,4.153846153846154,-0.4765625,0.306,0.012,-0.3594771241830065,15.333333333333332,2.672,2.876,0.04491017964071853,-0.029207232267037586,163.726438333333,194.114629607843,0.08478070622849443,-0.08503917627271418,885.83,1074.19,0.04306695415598938,-0.13983559705452486,1005.22727272727,1624.4,0.0648622460514856,-0.3410314137967435,3.8246818130454505,3.3273499966,-0.004013004675442522,0.14485502004301498,6.826671428571428,6.828055555555555,5.738218506734505e-05,-0.0001453411813573391,2.0319090909090907,1.2679473684210527,-0.02579302939465755,0.5611846747748124,1.923681818181818,1.2828947368421053,0.030731788001228777,0.5455671794871793,2.032,1.268,-0.026082677165354284,0.5607255520504733,4.02,6.69,-0.0796019900497511,-0.4469357249626308,202.8,224.1,0.06360946745562113,-0.03748326639892907,1.903,1.238,0.038360483447188676,0.5961227786752827,1000.90909090909,1268.0,0.041434194022748505,-0.17793300285414038,92.2598,100.7667,-0.004988087986316891,-0.08898872345725328,177.8,178.4,0.012935883014623117,0.009529147982062725,3.39,3.53,0.002949852507374562,-0.03682719546742208
2009-12-01,379.299369511364,164.612819642857,867.397718,727.598664400009,74.7895652173913,74.625652173913,191.1,92.2586,1.7508045454545451,1.56,1.01,8.83,0.16,0.208,2.745,171.155498730159,920.23,1132.91304347826,3.8037825978260895,6.827454545454546,2.0143181818181817,1.919090909090909,2.014,5.33,205.1,1.933,1142.60869565217,92.2586,180.4,3.59,5.940958757061065,370.7071893,318.814228806818,171.686854511278,158.909796964286,-0.04120312465714315,0.03588842719277241,854.2351345,680.967034,0.01540861873786592,0.2737734349707155,674.329955307001,442.66337227235,0.07899502116698431,0.6436839141783608,76.9366666666667,40.5117391304348,-0.027907388535272193,0.8461208238084499,77.972380952381,40.644347826087,-0.042921977469328576,0.8360646969470027,179.0,365.0,0.06759776536312856,-0.47643835616438357,91.7996,99.6622,0.0050000217865873164,-0.07428694128766977,1.7268,2.3953954545454548,0.013901172952597518,-0.2690958220980786,1.36,-0.73,0.1470588235294117,-3.136986301369863,2.53,1.89,-0.6007905138339921,-0.4656084656084656,-5.72,2.22,-2.5437062937062938,2.977477477477477,-0.067,-0.053,-3.388059701492537,-4.018867924528302,0.196,-0.105,0.06122448979591821,-2.980952380952381,2.792,2.449,-0.016833810888252088,0.12086565945283811,177.607281403509,188.84494968254,-0.03632611581217826,-0.09367182433058474,923.98,907.9,-0.0040585294053984144,0.013580790835995282,1070.42857142857,1357.0,0.05837332234723491,-0.1651340873410021,3.809333347047619,3.42504999635,-0.0014571445226319035,0.11057724759629695,6.827063157894737,6.853890909090908,5.732883243592113e-05,-0.003857132246049777,1.9795000000000005,1.1104545454545454,0.01758938207536298,0.8139582480556693,1.9828,0.9561818181818182,-0.0321308709446696,1.0070355580908914,1.979,1.11,0.017685699848408065,0.8144144144144141,3.7,5.81,0.4405405405405405,-0.08261617900172114,215.7,168.0,-0.04914232730644408,0.22083333333333321,1.976,0.968,-0.021761133603238836,0.9969008264462811,1042.38095238095,1217.39130434783,0.09615270026019296,-0.06142857142857783,91.7996,99.6622,0.0050000217865873164,-0.07428694128766977,180.1,172.3,0.0016657412548584105,0.04701102727800355,3.4,2.42,0.055882352941176494,0.48347107438016534
2010-01-01,358.966610210526,167.335630827068,838.370572947368,742.003865958231,76.6023809523809,78.4185714285714,200.7,92.4403,1.7816526315789474,1.5,1.98,5.81,0.294,0.09,2.845,167.821862807018,915.634080952381,1113.61904761905,3.8029047987619,6.826915789473684,2.0570526315789475,2.040526315789473,2.057,5.81,229.4,2.045,1214.28571428571,92.4403,184.6,3.73,5.8860112777334574,379.299369511364,364.7179662,164.612819642857,173.295129931973,0.016540699503953427,-0.0343893051538402,867.397718,754.7296108,-0.03346463156435464,0.11082242030852618,727.598664400009,522.00293019203,0.019798279275430986,0.4214553655575628,74.7895652173913,43.1745454545455,0.02423888586222267,0.7742486955196433,74.625652173913,41.6309090909091,0.05082594448647648,0.8836622389707935,191.1,312.8,0.05023547880690726,-0.358375959079284,92.2586,100.3521,0.0019694640933201057,-0.07884040294124384,1.7508045454545451,2.307935,0.017619377448208295,-0.22803171164744795,1.56,-0.85,-0.03846153846153855,-2.764705882352941,1.01,0.67,0.9603960396039604,1.9552238805970146,8.83,-10.51,-0.3420158550396376,-1.5528068506184587,0.16,0.031,0.8374999999999999,8.483870967741934,0.208,-0.124,-0.5673076923076923,-1.7258064516129032,2.745,2.292,0.03642987249544638,0.2412739965095987,171.155498730159,211.276083333333,-0.0194772353086754,-0.20567505720823454,920.23,840.72,-0.004994315603293664,0.08910705223187398,1132.91304347826,1211.36363636364,-0.01703042962589063,-0.08068971678727854,3.8037825978260895,3.465050018,-0.0002307700405094204,0.09750357974829682,6.827454545454546,6.836029999999999,-7.891022595241104e-05,-0.001333260756069654,2.0143181818181817,1.45675,0.02121534231607458,0.4120834951631698,1.919090909090909,1.14575,0.06327756862549538,0.7809524903246545,2.014,1.457,0.021350546176762686,0.4118050789293066,5.33,5.23,0.09005628517823627,0.11089866156787753,205.1,161.6,0.11847879083373969,0.4195544554455446,1.933,1.15,0.05794102431453685,0.7782608695652176,1142.60869565217,1154.09090909091,0.06273102848445311,0.052157767399984234,92.2586,100.3521,0.0019694640933201057,-0.07884040294124384,180.4,172.6,0.02328159645232808,0.06952491309385866,3.59,2.52,0.03899721448467974,0.48015873015873023
2010-02-01,344.660740697368,161.906961278195,840.401144,754.31851098769,73.903,76.308,213.3,93.8867,1.8420052631578947,1.22,3.96,16.29,0.023,0.475,2.785,160.16156037037,900.989825,1091.4,3.84785499585,6.8284631578947375,2.0775,1.9888421052631573,2.073,5.33,206.9,1.999,1218.0,93.8867,183.6,3.69,5.845457775819579,358.966610210526,341.271617842105,167.335630827068,163.399960515873,-0.03244180287271403,-0.00913708444582495,838.370572947368,703.610274631579,0.002422044759387676,0.19441283662329512,742.003865958231,528.713498464696,0.016596470172774325,0.42670560365513044,76.6023809523809,42.9105,-0.03523886488670547,0.7222591207280271,78.4185714285714,39.0785,-0.0269141784927035,0.9526849802320971,200.7,251.7,0.06278026905829615,-0.15256257449344446,92.4403,102.9737,0.015646855321759245,-0.08824583364490146,1.7816526315789474,2.322973684210526,0.033874522176335464,-0.20704858790343594,1.5,-0.79,-0.18666666666666665,-2.5443037974683542,1.98,-2.79,1.0,-2.4193548387096775,5.81,-7.25,1.8037865748709123,-3.246896551724138,0.294,0.163,-0.9217687074829932,-0.8588957055214724,0.09,-0.205,4.277777777777778,-3.317073170731707,2.845,2.195,-0.02108963093145877,0.2687927107061505,167.821862807018,195.224902631579,-0.04564543801695686,-0.17960486489461436,915.634080952381,767.78,-0.015993568016984594,0.17349999348771794,1113.61904761905,1038.1,-0.019952108098864607,0.05134380117522408,3.8029047987619,3.5099500060500004,0.011819963808385126,0.09627059907336655,6.826915789473684,6.836289473684211,0.0002266570247488886,-0.0011448192502088173,2.0570526315789475,1.5466315789473684,0.009940128953024319,0.34324167971142727,2.040526315789473,1.2157368421052632,-0.02532886252256905,0.6359149746742276,2.057,1.547,0.007778317938745838,0.3400129282482225,5.81,4.52,-0.08261617900172114,0.17920353982300896,229.4,147.2,-0.09808195292066257,0.4055706521739131,2.045,1.185,-0.02249388753056225,0.6869198312236287,1214.28571428571,984.0,0.003058823529415333,0.23780487804878048,92.4403,102.9737,0.015646855321759245,-0.08824583364490146,184.6,170.8,-0.005417118093174467,0.07494145199063218,3.73,2.87,-0.01072386058981234,0.2857142857142856
2010-03-01,348.949327467391,158.927769409938,869.291251304348,793.901139382917,79.5191304347826,81.2421739130435,225.9,93.1499,1.7855391304347823,0.84,5.01,4.49,0.458,0.14,2.915,156.464117971015,909.795917391304,1105.21739130435,3.8593043453043503,6.826182608695651,2.257043478260869,2.140434782608696,2.257,4.29,225.5,2.254,1200.0,93.1499,185.6,3.73,5.85778836533742,344.660740697368,333.657848522727,161.906961278195,164.577030357143,-0.01840064098996974,-0.03432593804217832,840.401144,693.112486,0.03437656827410018,0.254184953904218,754.31851098769,557.287771059739,0.05247468783895837,0.4245802269682568,73.903,46.5827272727273,0.07599326732044154,0.7070518428262682,76.308,47.98,0.06466129256491437,0.693250811026334,213.3,244.0,0.05907172995780585,-0.07418032786885242,93.8867,103.4397,-0.007847756924037164,-0.0994763132530353,1.8420052631578947,2.3160954545454544,-0.030654707590958785,-0.22907360017024714,1.22,-0.61,-0.3114754098360656,-2.3770491803278686,3.96,-3.72,0.26515151515151514,-2.346774193548387,16.29,1.5,-0.7243707796193983,1.9933333333333336,0.023,0.1,18.91304347826087,3.58,0.475,-0.066,-0.7052631578947368,-3.121212121212121,2.785,2.092,0.04667863554757634,0.39340344168260044,160.16156037037,199.100568333333,-0.023085704152761455,-0.21414529711907349,900.989825,731.63,0.009773797824302877,0.24351915229187426,1091.4,831.409090909091,0.012660244918774044,0.32933041434015076,3.84785499585,3.65563635381818,0.002975514791149436,0.05571341670060992,6.8284631578947375,6.835999999999999,-0.00033397693541770135,-0.001436130969038607,2.0775,1.4727727272727271,0.08642285355517165,0.5325130866868035,1.9888421052631573,1.2884545454545455,0.07622157482706782,0.6612419818454565,2.073,1.473,0.08876025084418715,0.5322471147318397,5.33,3.94,-0.19512195121951215,0.08883248730964466,206.9,139.2,0.08989850169163849,0.6199712643678161,1.999,1.389,0.12756378189094542,0.6227501799856012,1218.0,900.0,-0.014778325123152691,0.33333333333333326,93.8867,103.4397,-0.007847756924037164,-0.0994763132530353,183.6,169.5,0.01089324618736387,0.09498525073746311,3.69,2.82,0.01084010840108407,0.322695035460993
2010-04-01,357.63868,157.266642687075,868.011384952381,798.533249805834,85.1563636363636,84.4977272727273,233.2,92.6391,1.7567818181818182,0.35,5.3,12.34,0.37,0.224,3.059,156.825468730159,907.874604545454,1132.77272727273,3.87249998631818,6.825550000000001,2.306619047619048,2.2276666666666665,2.307,4.03,240.0,2.319,1202.72727272727,92.6391,187.0,3.85,5.882315419269364,348.949327467391,374.46641975,158.927769409938,168.795905442177,-0.010452086057901488,-0.06830297645490857,869.291251304348,787.301296571428,-0.0014723101722771137,0.10251486785609609,793.901139382917,693.212401100708,0.0058346186862980876,0.15193157037856464,79.5191304347826,50.5190909090909,0.07089153478865517,0.6856273955840271,81.2421739130435,49.9059090909091,0.04007220884030427,0.6931407284617419,225.9,251.8,0.032315183709605844,-0.07386814932486108,93.1499,100.7162,-0.005483634442978502,-0.08019663172359559,1.7855391304347823,2.2026954545454545,-0.016105674618265953,-0.20243998571997524,0.84,-0.33,-0.5833333333333334,-2.0606060606060606,5.01,-4.03,0.05788423153692612,-2.315136476426799,4.49,-10.03,1.7483296213808464,-2.230309072781655,0.458,0.126,-0.19213973799126638,1.9365079365079363,0.14,-0.18,0.5999999999999999,-2.2444444444444445,2.915,2.22,0.04939965694682691,0.37792792792792795,156.464117971015,200.887646666667,0.0023094800509528834,-0.21933741903811732,909.795917391304,802.12,-0.0021118064052859653,0.13184386942783366,1105.21739130435,929.045454545455,0.024932050640154912,0.21928665785997592,3.8593043453043503,3.6908181689090895,0.0034191760569193264,0.049225350340895035,6.826182608695651,6.830604545454546,-9.267386062083993e-05,-0.0007399850805165364,2.257043478260869,1.5746190476190476,0.02196482692321844,0.46487434602473776,2.140434782608696,1.3794761904761903,0.04075428261899905,0.6148641651420486,2.257,1.575,0.02215330084182532,0.4647619047619047,4.29,3.5,-0.06060606060606055,0.15142857142857147,225.5,167.4,0.06430155210643007,0.4336917562724014,2.254,1.443,0.028837622005323915,0.6070686070686069,1200.0,900.0,0.0022727272727249836,0.3363636363636333,93.1499,100.7162,-0.005483634442978502,-0.08019663172359559,185.6,170.3,0.007543103448275801,0.098062243100411,3.73,2.93,0.03217158176943702,0.31399317406143346
2010-05-01,349.0513711125,163.240300535714,832.6629278,775.566241672249,76.1323809523809,73.8423809523809,237.1,95.5306,1.814155,-0.17,6.11,0.15,-0.03,0.314,3.069,158.328459666667,861.851119047619,1102.52380952381,3.8984285533333294,6.827450000000001,2.11495,2.01885,2.115,4.15,235.8,2.106,1230.0,95.5306,187.2,3.42,5.858079918320263,357.63868,422.3550526125,157.266642687075,180.070212142857,0.037984265109068494,-0.09346305203323224,868.011384952381,845.1961925,-0.04072349483563542,-0.014828822954026766,798.533249805834,772.385048687789,-0.02876149257300109,0.004118662045393906,85.1563636363636,57.5014285714286,-0.10596956350223086,0.3240085132460462,84.4977272727273,59.2571428571428,-0.12610216468846425,0.24613468338154965,233.2,231.5,0.01672384219554024,0.024190064794816335,92.6391,97.5519,0.031212522574161516,-0.0207202525014889,1.7567818181818182,2.0688950000000004,0.032658114527596815,-0.1231285299640631,0.35,0.01,-1.4857142857142858,-18.0,5.3,-5.29,0.15283018867924536,-2.1550094517958414,12.34,-6.22,-0.9878444084278768,-1.0241157556270097,0.37,0.256,-1.0810810810810811,-1.1171875,0.224,-0.187,0.4017857142857142,-2.679144385026738,3.059,2.227,0.003269042170643832,0.3780871127076786,156.825468730159,227.186091,0.009583844694856847,-0.3030891153161882,907.874604545454,901.37,-0.05069365886809618,-0.04384312874000795,1132.77272727273,1043.80952380952,-0.026703430459300792,0.05625000000000435,3.87249998631818,3.72299999304762,0.006695562842287117,0.04712021504520747,6.825550000000001,6.823480000000001,0.00027836584597573655,0.0005818145579674638,2.306619047619048,1.8474,-0.08309523317987588,0.1448251596838801,2.2276666666666665,1.68875,-0.09373784228639825,0.19547002220577347,2.307,1.847,-0.08322496749024699,0.145100162425555,4.03,3.83,0.02977667493796532,0.08355091383812008,240.0,166.4,-0.01749999999999996,0.4170673076923077,2.319,1.736,-0.09184993531694696,0.21313364055299533,1202.72727272727,916.666666666666,0.02267573696145364,0.3418181818181829,92.6391,97.5519,0.031212522574161516,-0.0207202525014889,187.0,172.0,0.0010695187165774556,0.08837209302325566,3.85,3.29,-0.11168831168831173,0.03951367781155013
2010-06-01,348.5139945,152.873933928571,820.990467,764.909333022946,75.2463636363636,75.3490909090909,232.8,96.0606,1.8042,-0.66,4.17,0.34,-0.14,0.319,2.948,149.21269,876.045436363636,1090.31818181818,3.922863656681819,6.818440909090909,2.255272727272727,2.014409090909091,2.255,4.81,221.8,2.081,1189.09090909091,96.0606,186.4,3.2,5.856543602360066,349.0513711125,445.108171295455,163.240300535714,179.393794642857,-0.06350372164914642,-0.14783042394015122,832.6629278,831.712937,-0.014018230439104773,-0.012892032242129314,775.566241672249,690.818417968187,-0.013740810361117517,0.10725092604316044,76.1323809523809,68.58,-0.011637851134216892,0.0972056523237621,73.8423809523809,69.6722727272727,0.020404406484152204,0.08147887186111635,237.1,192.8,-0.018135807676085913,0.20746887966804972,95.5306,96.0426,0.005547960548766495,0.00018741683378009633,1.814155,1.9585772727272728,-0.005487403226295373,-0.07882112943764841,-0.17,0.28,2.8823529411764706,-3.357142857142857,6.11,-3.6,-0.3175122749590835,-2.158333333333333,0.15,-0.09,1.266666666666667,-4.777777777777779,-0.03,0.1,3.666666666666667,-2.4000000000000004,0.314,0.125,0.015923566878981,1.552,3.069,2.529,-0.03942652329749108,0.165678133649664,158.328459666667,227.314693833333,-0.057575054326042485,-0.34358537284262547,861.851119047619,910.48,0.01646956997828375,-0.03782023068750995,1102.52380952381,1115.54545454545,-0.011070625051536886,-0.022614293863578494,3.8984285533333294,3.7661682042272697,0.006267936686333853,0.041606068544328245,6.827450000000001,6.833422727272727,-0.0013195396391173508,-0.0021924325158495517,2.11495,2.0847272727272728,0.0663480116658679,0.08180708180708174,2.01885,1.9059545454545448,-0.002199722164058282,0.0569030073215524,2.115,2.085,0.06619385342789585,0.08153477218225413,4.15,3.81,0.15903614457831305,0.2624671916010497,235.8,191.1,-0.0593723494486853,0.16064887493458935,2.106,1.954,-0.01187084520417847,0.06499488229273287,1230.0,957.727272727273,-0.033259423503325225,0.24157570004746143,95.5306,96.0426,0.005547960548766495,0.00018741683378009633,187.2,175.5,-0.004273504273504147,0.062108262108262036,3.42,3.72,-0.0643274853801169,-0.13978494623655913
2010-07-01,370.97576825,163.921745578231,836.73727552381,774.501169427167,75.195,76.1772727272727,227.8,94.4547,1.7689,-1.05,3.84,3.76,-0.001,0.249,2.911,182.738502222222,945.754472727273,1094.77272727273,3.93186365481818,6.776233333333334,2.2805238095238094,1.9945714285714289,2.281,4.62,218.5,2.061,1180.0,94.4547,186.7,3.01,5.918828713038599,348.5139945,398.088761556818,152.873933928571,151.800255357143,0.07226746486959623,0.07985157991051839,820.990467,750.452648,0.019180257453354832,0.11497677802025708,764.909333022946,601.95014544538,0.01253983444850082,0.28665334710421475,75.2463636363636,64.9043478260869,-0.0006826062268181499,0.15855104501607808,75.3490909090909,64.2086956521739,0.010991264900342301,0.18640118684132734,232.8,186.5,-0.021477663230240585,0.22144772117962463,96.0606,95.6605,-0.016717572032654338,-0.012604993701684553,1.8042,1.932808695652174,-0.01956545837490309,-0.08480337242939995,-0.66,0.45,0.5909090909090908,-3.3333333333333335,4.17,0.11,-0.07913669064748208,33.90909090909091,0.34,1.46,10.058823529411763,1.5753424657534247,-0.14,-0.192,-0.9928571428571429,-0.9947916666666666,0.319,0.376,-0.21943573667711602,-0.3377659574468085,2.948,2.54,-0.012550881953866999,0.14606299212598417,149.21269,195.325991666667,0.22468472502051928,-0.06444349437081642,876.045436363636,857.4,0.07957239826850904,0.10304930339080132,1090.31818181818,1021.86956521739,0.004085546337603718,0.0713429233405447,3.922863656681819,3.807347847173911,0.00229424189164229,0.032704079753756554,6.818440909090909,6.831691304347825,-0.006190209216494158,-0.0081177513069417,2.255272727272727,1.9129090909090911,0.011196465041998671,0.1921757392244987,2.014409090909091,1.7500454545454545,-0.009847881657796487,0.13972549878110807,2.255,1.913,0.011529933481153165,0.1923680083638264,4.81,3.39,-0.03950103950103945,0.36283185840707954,221.8,172.8,-0.014878268710550091,0.26446759259259256,2.081,1.798,-0.00961076405574246,0.146273637374861,1189.09090909091,966.086956521739,-0.007645259938838578,0.22142214221422152,96.0606,95.6606,-0.016717572032654338,-0.012606025887355932,186.4,174.6,0.0016094420600858417,0.06930126002290948,3.2,3.56,-0.05937500000000007,-0.154494382022472
2010-08-01,379.462210909091,175.600130357143,895.27614,865.229330871734,76.8918181818182,76.6181818181818,226.5,93.6822,1.7588954545454547,-1.35,4.19,10.17,-0.062,0.232,2.959,219.877441666667,1012.83677727273,1140.04545454545,3.9347727297727295,6.787286363636364,2.178181818181818,1.943272727272728,2.178,4.31,231.1,1.994,1210.90909090909,93.6822,187.5,2.7,5.941386858070382,370.97576825,408.957381,163.921745578231,152.036294217687,0.07124365798885757,0.1549882300190577,836.73727552381,809.672940476191,0.06996086607895391,0.10572565198172912,774.501169427167,686.790283594875,0.11714399542052445,0.25981591693879724,75.195,72.5919047619048,0.022565571937205986,0.059234062448378255,76.1772727272727,71.0642857142857,0.005787934840981057,0.07815312639918104,227.8,177.2,-0.005706760316066761,0.2782167042889392,94.4547,94.373,-0.008178523673253002,-0.007319890222839298,1.7689,1.845314285714286,-0.005655800471787709,-0.04683149739740955,-1.05,0.58,0.2857142857142858,-3.327586206896552,3.84,0.33,0.09114583333333348,11.696969696969697,3.76,-0.75,1.7047872340425534,-14.56,-0.001,-0.104,61.0,-0.40384615384615385,0.249,0.361,-0.06827309236947787,-0.35734072022160657,2.911,2.634,0.01648917897629687,0.12338648443432043,182.738502222222,179.554051111111,0.2032354374847707,0.2245752201413893,945.754472727273,875.75,0.0709299363417355,0.15653642851582084,1094.77272727273,1078.90476190476,0.041353539547429374,0.056669221232046985,3.93186365481818,3.837999979904759,0.0007398717783575481,0.025214369560880412,6.776233333333334,6.8322666666666665,0.0016311466502574312,-0.006583511040304302,2.2805238095238094,2.113142857142857,-0.04487652832853384,0.030778307684743655,1.9945714285714289,1.9300952380952376,-0.025719159797371938,0.006827377694841097,2.281,2.113,-0.04515563349408158,0.03076194983435876,4.62,3.15,-0.06709956709956721,0.3682539682539683,218.5,204.1,0.05766590389016013,0.13228809407153364,2.061,2.018,-0.032508491023774844,-0.011892963330029649,1180.0,980.0,0.02619414483821192,0.23562152133580616,94.4547,94.373,-0.008178523673253002,-0.007319890222839298,186.7,177.7,0.004284949116229342,0.05514912774338776,3.01,3.59,-0.10299003322259126,-0.24791086350974922
2010-09-01,390.23121675,205.839520408163,929.646261238095,884.893042919494,77.9381818181818,75.2736363636364,235.1,92.7626,1.717990476190476,-1.56,4.92,12.67,-0.268,0.14,2.946,240.432182833333,1031.50738636364,1195.18181818182,3.9495000187727296,6.739647619047619,2.068761904761905,1.9690476190476192,2.069,3.9,227.7,1.945,1272.27272727273,92.7626,186.8,2.65,5.9692987323952185,379.462210909091,349.05202725,175.600130357143,150.592793027211,0.1722059658470516,0.36686169550603465,895.27614,749.402828952381,0.03839052522732822,0.24051608203518948,865.229330871734,636.419863747806,0.02272658975620767,0.39042335622344826,76.8918181818182,67.5131818181818,0.013608257173596483,0.15441428946535685,76.6181818181818,69.3977272727273,-0.01754864736592232,0.08467005076142153,226.5,174.3,0.03796909492273737,0.34882386689615585,93.6822,93.6638,-0.009816165717713599,-0.009621646783495752,1.7588954545454547,1.818652380952381,-0.023256060074104634,-0.05534972258370274,-1.35,0.71,0.15555555555555545,-3.1971830985915495,4.19,0.45,0.17422434367541761,9.933333333333334,10.17,2.68,0.24582104228121926,3.727611940298507,-0.062,-0.103,3.322580645161291,1.6019417475728157,0.232,0.226,-0.39655172413793105,-0.38053097345132736,2.959,2.626,-0.00439337614058799,0.12185833968012205,219.877441666667,156.930450634921,0.09348271933155772,0.5320938789162617,1012.83677727273,856.85,0.018433976243619865,0.2038365949275136,1140.04545454545,1021.40909090909,0.048363302898614347,0.17013039028080934,3.9347727297727295,3.8412272607272704,0.003742856325237076,0.028187022192735167,6.787286363636364,6.827671428571429,-0.007018820488254973,-0.012892215222229386,2.178181818181818,2.055857142857143,-0.05023451784720567,0.006277071317721594,1.943272727272728,1.7796666666666665,0.013263651268890397,0.10641372113557934,2.178,2.056,-0.05004591368227729,0.006322957198443557,4.31,3.01,-0.09512761020881666,0.29568106312292364,231.1,193.2,-0.01471224578104724,0.1785714285714286,1.994,1.759,-0.024573721163490436,0.10574189880614004,1210.90909090909,990.909090909091,0.050675675675678544,0.2839449541284429,93.6822,93.6638,-0.009816165717713599,-0.009621646783495752,187.5,176.9,-0.0037333333333332552,0.055963821368004485,2.7,3.4,-0.0185185185185186,-0.22058823529411764
2010-10-01,427.17613225,235.703122959184,1034.848628,935.217659661426,83.3385714285714,81.902380952381,244.4,90.2291,1.68373,-1.64,6.11,4.19,-0.437,0.358,3.052,234.599563174603,1149.24637142857,1304.14285714286,3.95452383609524,6.667789999999999,2.258857142857143,2.164047619047619,2.259,3.43,243.7,2.11,1296.19047619048,90.2291,188.4,2.54,6.059534634877639,390.23121675,354.864809011364,205.839520408163,167.279121428571,0.14508196721311784,0.4090408949202329,929.646261238095,797.621495,0.11316386796607714,0.2974181795338904,884.893042919494,636.557784902832,0.056870846871954095,0.46917951809227043,77.9381818181818,72.9686363636364,0.06929067992614835,0.14211496310903793,75.2736363636364,75.8236363636364,0.08806196842573222,0.08016952074933514,235.1,176.6,0.039557635048915296,0.3839184597961496,92.7626,92.2598,-0.027311653619023213,-0.02201066986921707,1.717990476190476,1.7378,-0.019942180509898044,-0.031114052249971214,-1.56,1.01,0.0512820512820511,-2.6237623762376234,4.92,2.56,0.24186991869918706,1.38671875,12.67,7.48,-0.6692975532754538,-0.43983957219251335,-0.268,-0.013,0.630597014925373,32.61538461538462,0.14,0.306,1.557142857142857,0.16993464052287588,2.946,2.672,0.03598099117447373,0.1422155688622755,240.432182833333,163.726438333333,-0.024258897415464387,0.4328752617031735,1031.50738636364,885.83,0.11414264853690836,0.2973667311206101,1195.18181818182,1005.22727272727,0.09116691477686456,0.29736119634379365,3.9495000187727296,3.8246818130454505,0.0012720134950325868,0.033948450981442946,6.739647619047619,6.826671428571428,-0.010661925238425796,-0.02327363052899667,2.068761904761905,2.0319090909090907,0.09188840806555576,0.1116920303981288,1.9690476190476192,1.923681818181818,0.09903264812575574,0.12495091370826827,2.069,2.032,0.09183180280328651,0.11171259842519676,3.9,4.02,-0.12051282051282042,-0.1467661691542287,227.7,202.8,0.07026789635485287,0.2016765285996054,1.945,1.903,0.0848329048843186,0.10877561744613762,1272.27272727273,1000.90909090909,0.01879923101788128,0.29501319147096217,92.7626,92.2598,-0.027311653619023213,-0.02201066986921707,186.8,177.8,0.008565310492505418,0.059617547806524174,2.65,3.39,-0.04150943396226414,-0.25073746312684364
2010-11-01,459.961136,238.23674875,1123.2958827619,1059.00982246095,85.8009090909091,84.1486363636364,255.1,90.5095,1.713105,-1.64,6.32,12.5,-0.495,0.241,3.14,241.840133333333,1243.95385909091,1395.77272727273,3.96572728613636,6.65381,2.238714285714285,2.244285714285714,2.245,3.73,255.3,2.187,1300.0,90.5095,189.2,2.76,6.133313735755257,427.17613225,370.7071893,235.703122959184,171.686854511278,0.010749224528750823,0.38762370263094525,1034.848628,854.2351345,0.08546878487227416,0.31497270177184467,935.217659661426,674.329955307001,0.13236722117110178,0.5704623739854722,83.3385714285714,76.9366666666667,0.02954619475866771,0.11521479690103198,81.902380952381,77.972380952381,0.027426008684184655,0.07921080946633308,244.4,179.0,0.043780687397708684,0.4251396648044692,90.2291,91.7996,0.0031076448728846184,-0.014053438141342633,1.68373,1.7268,0.017446383921412734,-0.007930854760250017,-1.64,1.36,0.0,-2.2058823529411766,6.11,2.53,0.03436988543371511,1.49802371541502,4.19,-5.72,1.9832935560859184,-3.1853146853146854,-0.437,-0.067,0.13272311212814647,6.388059701492537,0.358,0.196,-0.3268156424581006,0.22959183673469385,3.052,2.792,0.028833551769331667,0.12464183381088834,234.599563174603,177.607281403509,0.03086352788023361,0.36165663604687626,1149.24637142857,923.98,0.08240834168970568,0.34629955095446885,1304.14285714286,1070.42857142857,0.07026060805226075,0.30393822112760227,3.95452383609524,3.809333347047619,0.0028330718198887883,0.04105546163607676,6.667789999999999,6.827063157894737,-0.002096646715028405,-0.0253774066370529,2.258857142857143,1.9795000000000005,-0.008917278016696506,0.1309493739400276,2.164047619047619,1.9828,0.03707778633513037,0.1318769993371567,2.259,1.979,-0.00619743249225313,0.13441131884790303,3.43,3.7,0.0874635568513118,0.008108108108108025,243.7,215.7,0.04759950759130094,0.18358831710709334,2.11,1.976,0.03649289099526065,0.10678137651821862,1296.19047619048,1042.38095238095,0.002939015429828107,0.24714481498401386,90.2291,91.7996,0.0031076448728846184,-0.014053438141342633,188.4,180.1,0.00424628450106157,0.05052748473070512,2.54,3.4,0.0866141732283463,-0.18823529411764706
2010-12-01,483.755863022727,250.62555085034,1208.33218,1171.21592825812,91.96,89.3669565217391,264.0,91.1835,1.695485714285714,-1.59,7.8,15.73,-0.212,-0.042,3.243,274.456818166667,1385.48456521739,1466.26086956522,3.9738695623478297,6.649685714285714,2.4188181818181818,2.389181818181818,2.42,4.24,259.2,2.358,1359.13043478261,91.1835,191.3,3.29,6.183645388990778,459.961136,379.299369511364,238.23674875,164.612819642857,0.05200206166908572,0.5225153872832973,1123.2958827619,867.397718,0.07570249169703835,0.39305436816931993,1059.00982246095,727.598664400009,0.10595379137883998,0.6097004922678433,85.8009090909091,74.7895652173913,0.07178351574999176,0.2295832945772487,84.1486363636364,74.625652173913,0.06201312800307868,0.1975366903792264,255.1,191.1,0.03488827910623282,0.38147566718995285,90.5095,92.2586,0.007446732110993892,-0.011653114181225499,1.713105,1.7508045454545451,-0.010285000460734217,-0.0315962346067985,-1.64,1.56,-0.030487804878048697,-2.019230769230769,6.32,1.01,0.23417721518987333,6.7227722772277225,12.5,8.83,0.25839999999999996,0.7814269535673839,-0.495,0.16,-0.5717171717171717,-2.325,0.241,0.208,-1.1742738589211619,-1.2019230769230769,3.14,2.745,0.032802547770700574,0.1814207650273223,241.840133333333,171.155498730159,0.13486878453038975,0.6035524432631358,1243.95385909091,920.23,0.11377488408606351,0.5055850876600305,1395.77272727273,1132.91304347826,0.05050116033590957,0.2942395517519316,3.96572728613636,3.8037825978260895,0.0020531609018941133,0.04471521706286441,6.65381,6.827454545454546,-0.0006198382151407777,-0.026037351107256135,2.238714285714285,2.0143181818181817,0.08044970153323194,0.2008123660160217,2.244285714285714,1.919090909090909,0.06456223598171396,0.24495499763145423,2.245,2.014,0.07795100222717144,0.201588877855015,3.73,5.33,0.13672922252010733,-0.2045028142589118,255.3,205.1,0.01527614571092828,0.2637737688932229,2.187,1.933,0.07818930041152283,0.21986549405069833,1300.0,1142.60869565217,0.045484949832776955,0.18949771689498252,90.5095,92.2586,0.007446732110993892,-0.011653114181225499,189.2,180.4,0.011099365750528722,0.06042128603104224,2.76,3.59,0.19202898550724656,-0.08356545961002781
2011-01-01,511.104867,265.285523979592,1257.1404626,1238.57182207044,96.952380952381,89.5238095238095,303.8,90.1112,1.6745249999999998,-1.42,7.01,-1.06,0.192,-0.434,3.388,295.988606833333,1441.41652857143,1528.95238095238,3.979238090285712,6.596415,2.44835,2.44805,2.447,4.49,270.0,2.442,1568.57142857143,90.1112,194.2,3.39,6.238529422426466,483.755863022727,358.966610210526,250.62555085034,167.335630827068,0.058493529807765565,0.5853498903276,1208.33218,838.370572947368,0.04039310001658647,0.499504518843509,1171.21592825812,742.003865958231,0.05750937311149329,0.6692255645742982,91.96,76.6023809523809,0.054288614097227184,0.26565753893016053,89.3669565217391,78.4185714285714,0.0017551565833200389,0.1416148992889199,264.0,200.7,0.15075757575757587,0.513702042850025,91.1835,92.4403,-0.011759803034540273,-0.02519572091393041,1.695485714285714,1.7816526315789474,-0.012362660510262469,-0.06012823694145597,-1.59,1.5,-0.10691823899371078,-1.9466666666666668,7.8,1.98,-0.10128205128205126,2.54040404040404,15.73,5.81,-1.0673871582962493,-1.1824440619621344,-0.212,0.294,-1.9056603773584906,-0.346938775510204,-0.042,0.09,9.333333333333332,-5.822222222222222,3.243,2.845,0.044711686709836496,0.1908611599297012,274.456818166667,167.821862807018,0.07845237298346364,0.7637070753629802,1385.48456521739,915.634080952381,0.040369964962593485,0.5742276948365284,1466.26086956522,1113.61904761905,0.042756042044380216,0.37295818010775306,3.9738695623478297,3.8029047987619,0.0013509572605876485,0.04636805306859637,6.649685714285714,6.826915789473684,-0.008011012335706447,-0.03376353196403703,2.4188181818181818,2.0570526315789475,0.012209193069492974,0.19022234162317053,2.389181818181818,2.040526315789473,0.024639473383813337,0.1997149858137739,2.42,2.057,0.011157024793388537,0.18959649975692772,4.24,5.81,0.0589622641509433,-0.2271944922547331,259.2,229.4,0.04166666666666674,0.1769834350479511,2.358,2.045,0.03562340966921118,0.1941320293398534,1359.13043478261,1214.28571428571,0.15409925966547844,0.2917647058823587,91.1835,92.4403,-0.011759803034540273,-0.02519572091393041,191.3,184.6,0.015159435441714386,0.052004333694474436,3.29,3.73,0.03039513677811545,-0.09115281501340478
2011-02-01,512.052467684211,293.396796992481,1268.35269578947,1248.55261174094,104.2385,89.414,288.0,89.3967,1.6663947368421053,-1.19,3.3,-5.26,0.242,-0.39,3.584,317.600651403509,1419.267,1591.5,4.01939995265,6.576126315789473,2.758421052631579,2.557578947368421,2.758,4.09,289.3,2.552,1600.0,89.3967,196.4,3.58,6.240378116128463,511.104867,344.660740697368,265.285523979592,161.906961278195,0.10596610245137805,0.8121320706424406,1257.1404626,840.401144,0.008918838843418486,0.5092229524493246,1238.57182207044,754.31851098769,0.00805830513229,0.655206114597545,96.952380952381,73.903,0.0751515225933197,0.41047724720241385,89.5238095238095,76.308,-0.0012265957446806475,0.17175132358337253,303.8,213.3,-0.05200789993416721,0.35021097046413496,90.1112,93.8867,-0.007929092055149689,-0.04782360014783782,1.6745249999999998,1.8420052631578947,-0.004855265318758795,-0.09533660398707355,-1.42,1.22,-0.1619718309859155,-1.9754098360655736,7.01,3.96,-0.529243937232525,-0.16666666666666674,-1.06,16.29,3.962264150943396,-1.3228974831184777,0.192,0.023,0.2604166666666665,9.521739130434783,-0.434,0.475,-0.10138248847926268,-1.8210526315789475,3.388,2.785,0.05785123966942152,0.28689407540394973,295.988606833333,160.16156037037,0.07301647452378268,0.9830017306840957,1441.41652857143,900.989825,-0.015366501030331658,0.5752308856540085,1528.95238095238,1091.4,0.040908807773764266,0.45821880153930716,3.979238090285712,3.84785499585,0.010092852313193568,0.044581970210679556,6.596415,6.8284631578947375,-0.0030757137339793017,-0.0369536799526442,2.44835,2.0775,0.12664490478550006,0.3277598327949838,2.44805,1.9888421052631573,0.04474130322845582,0.2859637980311214,2.447,2.073,0.12709440130772376,0.3304389773275447,4.49,5.33,-0.08908685968819607,-0.2326454033771107,270.0,206.9,0.07148148148148148,0.3982600289995166,2.442,1.999,0.04504504504504503,0.2766383191595798,1568.57142857143,1218.0,0.020036429872494432,0.31362889983579634,90.1112,93.8867,-0.007929092055149689,-0.04782360014783782,194.2,183.6,0.011328527291452284,0.06971677559912859,3.39,3.69,0.05604719764011801,-0.02981029810298097
2011-03-01,498.739813173913,290.43472173913,1245.10227886957,1142.23124195196,114.917391304348,102.935652173913,303.0,88.4872,1.6573521739130437,-0.93,1.37,-1.79,0.367,-0.49,3.905,285.375811111111,1416.70472173913,1576.95652173913,4.0343043078695695,6.564460869565217,3.153565217391304,2.837652173913044,3.153,3.97,321.8,2.869,1600.0,88.4872,200.4,3.41,6.21408758932866,512.052467684211,348.949327467391,293.396796992481,158.927769409938,-0.010095799557848895,0.8274636510500766,1268.35269578947,869.291251304348,-0.018331192102231553,0.4323188885213418,1248.55261174094,793.901139382917,-0.08515569851776517,0.4387575294825663,104.2385,79.5191304347826,0.1024467092710275,0.4451540236421121,89.414,81.2421739130435,0.15122522394605986,0.2670223753993686,288.0,225.9,0.05208333333333326,0.3413014608233731,89.3967,93.1499,-0.010173753617303438,-0.05005587767673392,1.6663947368421053,1.7855391304347823,-0.005426423121209334,-0.07179173748520695,-1.19,0.84,-0.21848739495798308,-2.107142857142857,3.3,5.01,-0.5848484848484847,-0.7265469061876247,-5.26,4.49,-0.6596958174904943,-1.398663697104677,0.242,0.458,0.5165289256198347,-0.1986899563318778,-0.39,0.14,0.2564102564102564,-4.5,3.584,2.915,0.08956473214285698,0.3396226415094339,317.600651403509,156.464117971015,-0.10146339483245148,0.8239057926621671,1419.267,909.795917391304,-0.0018053532287229945,0.5571675962245544,1591.5,1105.21739130435,-0.009138220710568579,0.42682926829267975,4.01939995265,3.8593043453043503,0.003708104541759516,0.04534494999808536,6.576126315789473,6.826182608695651,-0.0017739084780423742,-0.03834086401337056,2.758421052631579,2.257043478260869,0.14325012651087166,0.39721066420095563,2.557578947368421,2.140434782608696,0.1095071676410222,0.32573633963030657,2.758,2.257,0.14321972443799846,0.39698715108551164,4.09,4.29,-0.02933985330073341,-0.07459207459207451,289.3,225.5,0.1123401313515382,0.42705099778270506,2.552,2.254,0.1242163009404389,0.2728482697426797,1600.0,1200.0,0.0,0.33333333333333326,89.3967,93.1499,-0.010173753617303438,-0.05005587767673392,196.4,185.6,0.020366598778004175,0.07974137931034497,3.58,3.73,-0.04748603351955305,-0.0857908847184986
2011-04-01,501.468831675,318.938776020408,1279.1425702,1123.78684415852,123.325714285714,110.147619047619,314.9,86.9214,1.5833,-0.73,0.16,-0.77,0.154,-0.467,4.064,307.254408421053,1446.91007142857,1691.7619047619,4.06404765452381,6.526685714285714,3.3734,3.1776,3.373,4.24,339.8,3.268,1600.0,86.9214,204.2,3.46,6.219533611492094,498.739813173913,357.63868,290.43472173913,157.266642687075,0.09814272243551003,1.0280128740016656,1245.10227886957,868.011384952381,0.027339353487759288,0.4736472267240752,1142.23124195196,798.533249805834,-0.016147691567182654,0.4073137773934554,114.917391304348,85.1563636363636,0.07316841155136689,0.4482266388492342,102.935652173913,84.4977272727273,0.07006286666859762,0.3035571796162442,303.0,233.2,0.03927392739273916,0.3503430531732419,88.4872,92.6391,-0.01769521467511681,-0.06172015919843776,1.6573521739130437,1.7567818181818182,-0.04468101293052584,-0.09874978007306756,-0.93,0.35,-0.21505376344086025,-3.085714285714286,1.37,5.3,-0.8832116788321168,-0.969811320754717,-1.79,12.34,-0.5698324022346368,-1.0623987034035656,0.367,0.37,-0.5803814713896458,-0.5837837837837838,-0.49,0.224,-0.04693877551020398,-3.084821428571429,3.905,3.059,0.0407170294494239,0.328538738149722,285.375811111111,156.825468730159,0.07666591371131859,0.9592124347463538,1416.70472173913,907.874604545454,0.02132085058088906,0.5937333902549189,1576.95652173913,1132.77272727273,0.07280186957606039,0.4934698408876734,4.0343043078695695,3.87249998631818,0.007372608604715669,0.049463568465430985,6.564460869565217,6.825550000000001,-0.00575449469957845,-0.043786110381476506,3.153565217391304,2.306619047619048,0.06970992113825636,0.4624868391172403,2.837652173913044,2.2276666666666665,0.11979897649618465,0.426425258117612,3.153,2.307,0.0697748176339994,0.46207195491980935,3.97,4.03,0.06801007556675054,0.05210918114143914,321.8,240.0,0.05593536357986317,0.4158333333333333,2.869,2.319,0.13907284768211903,0.40922811556705474,1600.0,1202.72727272727,0.0,0.3303099017384761,88.4872,92.6391,-0.01769521467511681,-0.06172015919843776,200.4,187.0,0.01896207584830334,0.09197860962566828,3.41,3.85,0.014662756598240456,-0.10129870129870133
2011-05-01,498.76510775,308.575221428571,1255.66756647619,1143.43623728316,114.929545454545,101.299090909091,312.1,86.9464,1.613609523809524,-0.55,0.96,4.05,-0.089,-0.184,4.047,307.19455031746,1415.51200909091,1701.18181818182,4.0807728117727295,6.495680952380953,3.0546666666666664,3.0237142857142856,3.055,4.3,328.4,3.096,1659.09090909091,86.9464,205.7,3.17,6.214138203538881,501.468831675,349.0513711125,318.938776020408,163.240300535714,-0.03249386832529211,0.8903127500739954,1279.1425702,832.6629278,-0.018352140152867902,0.5080142570941897,1123.78684415852,775.566241672249,0.017484982340537414,0.4743244043445243,123.325714285714,76.1323809523809,-0.0680812503685746,0.5096013551241865,110.147619047619,73.8423809523809,-0.08033335822449872,0.37182861119302535,314.9,237.1,-0.008891711654493317,0.31632222690847756,86.9214,95.5306,0.00028761616817019053,-0.08985811875985295,1.5833,1.814155,0.019143260158860587,-0.11054484109156926,-0.73,-0.17,-0.2465753424657533,2.235294117647059,0.16,6.11,5.0,-0.8428805237315876,-0.77,0.15,-6.259740259740259,26.0,0.154,-0.03,-1.577922077922078,1.9666666666666668,-0.467,0.314,-0.6059957173447538,-1.5859872611464967,4.064,3.069,-0.00418307086614178,0.3186705767350928,307.254408421053,158.328459666667,-0.00019481609360971763,0.9402358297693585,1446.91007142857,861.851119047619,-0.021700078641832987,0.642408970420679,1691.7619047619,1102.52380952381,0.0055681082505789625,0.542988735015687,4.06404765452381,3.8984285533333294,0.004115393979276405,0.04677378485838557,6.526685714285714,6.827450000000001,-0.0047504603809706,-0.04859340568133752,3.3734,2.11495,-0.09448429872927422,0.44432098473565174,3.1776,2.01885,-0.048428283700187036,0.49774093454901824,3.373,2.115,-0.09427809072042692,0.4444444444444444,4.24,4.15,0.014150943396226356,0.036144578313252795,339.8,235.8,-0.03354914655679819,0.39270568278201856,3.268,2.106,-0.05263157894736836,0.4700854700854702,1600.0,1230.0,0.03693181818181879,0.3488543976348861,86.9214,95.5306,0.00028761616817019053,-0.08985811875985295,204.2,187.2,0.007345739471106727,0.09882478632478642,3.46,3.42,-0.08381502890173409,-0.07309941520467833
2011-06-01,499.772775886364,310.536474285714,1250.059624,1075.90842453737,114.370454545455,96.2886363636364,311.5,86.9412,1.5854090909090908,-0.44,1.87,1.28,0.055,-0.139,3.933,285.29787,1404.24158181818,1700.86363636364,4.09259098245455,6.47455,2.861,2.8349545454545453,2.861,4.53,333.7,2.951,1776.36363636364,86.9413,205.0,3.0,6.216152457058989,498.76510775,348.5139945,308.575221428571,152.873933928571,0.006355833913245679,1.0313238909048383,1255.66756647619,820.990467,-0.004466104425972839,0.5226237992359051,1143.43623728316,764.909333022946,-0.05905691156529913,0.4065829479231813,114.929545454545,75.2463636363636,-0.0048646403923273684,0.5199465996544752,101.299090909091,75.3490909090909,-0.049461989248759886,0.27790043916799445,312.1,232.8,-0.001922460749759769,0.33805841924398616,86.9464,96.0606,-5.980696153029541e-05,-0.09493382302421594,1.613609523809524,1.8042,-0.0174766153052045,-0.12126754743981227,-0.55,-0.66,-0.20000000000000007,-0.33333333333333337,0.96,4.17,0.9479166666666667,-0.5515587529976018,4.05,0.34,-0.6839506172839507,2.764705882352941,-0.089,-0.14,-1.6179775280898876,-1.3928571428571428,-0.184,0.319,-0.2445652173913042,-1.4357366771159876,4.047,2.948,-0.028169014084507005,0.33412483039348717,307.19455031746,149.21269,-0.07127952072988153,0.9120214909335123,1415.51200909091,876.045436363636,-0.007962085238660821,0.6029323634708099,1701.18181818182,1090.31818181818,-0.00018703575054679344,0.5599699837411991,4.0807728117727295,3.922863656681819,0.00289606190467806,0.0432661801751979,6.495680952380953,6.818440909090909,-0.003253077319508413,-0.05043541678749541,3.0546666666666664,2.255272727272727,-0.06340026189436909,0.26858271525314437,3.0237142857142856,2.014409090909091,-0.062426447218094205,0.4073380418349615,3.055,2.255,-0.06350245499181673,0.26873614190687367,4.3,4.81,0.05348837209302326,-0.058212058212058104,328.4,221.8,0.016138855054811163,0.5045085662759241,3.096,2.081,-0.046834625322997425,0.41806823642479585,1659.09090909091,1189.09090909091,0.07068493150685096,0.4938837920489316,86.9464,96.0606,-5.8656827654712806e-05,-0.09493278201468647,205.7,186.4,-0.003403014098201207,0.09978540772532196,3.17,3.2,-0.05362776025236593,-0.0625
2011-07-01,501.82708275,300.832209464286,1242.1049542,1033.57231533957,117.483333333333,97.0780952380952,317.3,86.3178,1.56251,-0.48,0.97,-3.14,0.223,-0.272,3.905,271.462209333333,1393.9468047619,1676.42857142857,4.116761934380952,6.457535,2.94755,3.0211,2.948,4.42,327.8,3.099,1683.33506948061,86.3178,205.9,3.0,6.220246339127858,499.772775886364,370.97576825,310.536474285714,163.921745578231,-0.031249999999998224,0.8352184354986327,1250.059624,836.73727552381,-0.006363432309369532,0.4844623163494466,1075.90842453737,774.501169427167,-0.03934917529436022,0.3345006516956146,114.370454545455,75.195,0.027217508230159337,0.5623822505928986,96.2886363636364,76.1772727272727,0.008198878956779287,0.2743708426744409,311.5,227.8,0.01861958266452657,0.3928884986830552,86.9412,94.4547,-0.00717036341803412,-0.08614605731636427,1.5854090909090908,1.7689,-0.014443648040368018,-0.1166770309231725,-0.44,-1.05,0.09090909090909083,-0.5428571428571429,1.87,3.84,-0.4812834224598931,-0.7473958333333333,1.28,3.76,-3.453125,-1.8351063829787235,0.055,-0.001,3.0545454545454547,-224.0,-0.139,0.249,0.9568345323741008,-2.092369477911647,3.933,2.911,-0.00711924739384695,0.3414634146341462,285.29787,182.738502222222,-0.048495492331109835,0.4855227882037534,1404.24158181818,945.754472727273,-0.007331200834368223,0.47389924653718474,1700.86363636364,1094.77272727273,-0.014366269236792517,0.5313028262997073,4.09259098245455,3.93186365481818,0.00590602677619767,0.04702560815815526,6.47455,6.776233333333334,-0.002627981867465712,-0.04703178265211261,2.861,2.2805238095238094,0.030251660258650892,0.29248815017435437,2.8349545454545453,1.9945714285714289,0.06566082508938753,0.5146612233204411,2.861,2.281,0.030408947920307572,0.29241560718982895,4.53,4.62,-0.02428256070640189,-0.04329004329004338,333.7,218.5,-0.017680551393467137,0.5002288329519451,2.951,2.061,0.05015249068112504,0.5036390101892287,1776.36363636364,1180.0,-0.052370227006823256,0.4265551436276356,86.9413,94.4547,-0.007171505372015274,-0.08614605731636427,205.0,186.7,0.004390243902439028,0.10283877878950198,3.0,3.01,0.0,-0.0033222591362125353
2011-08-01,501.423700826087,310.307111645963,1225.27028417391,1047.51169150189,110.354782608696,86.334347826087,315.2,86.8983,1.5966391304347824,-0.62,0.78,3.43,0.344,-0.223,3.86,288.688308333333,1356.6505,1666.04347826087,4.1648261236087,6.403604347826088,2.839608695652174,2.8348260869565216,2.839,4.05,307.3,2.87,1819.88193594613,86.8982,203.7,2.3,6.219443789252434,501.82708275,379.462210909091,300.832209464286,175.600130357143,0.03149563738055061,0.7671234697539644,1242.1049542,895.27614,-0.013553339409174692,0.3685948160909438,1033.57231533957,865.229330871734,0.013486599781593833,0.21067519803854018,117.483333333333,76.8918181818182,-0.0606771234896043,0.435195385128641,97.0780952380952,76.6181818181818,-0.110671180616574,0.1268127979199778,317.3,226.5,-0.006618342262842858,0.39161147902869753,86.3178,93.6822,0.006725148231303324,-0.0724139697829469,1.56251,1.7588954545454547,0.02184250368623708,-0.09224898710799367,-0.48,-1.35,0.29166666666666674,-0.5407407407407407,0.97,4.19,-0.19587628865979378,-0.8138424821002387,-3.14,10.17,-2.0923566878980893,-0.6627335299901671,0.223,-0.062,0.5426008968609863,-6.548387096774193,-0.272,0.232,-0.18014705882352944,-1.9612068965517242,3.905,2.959,-0.011523687580025643,0.3044947617438323,271.462209333333,219.877441666667,0.06345671112861151,0.31295100645651,1393.9468047619,1012.83677727273,-0.026755902473818316,0.33945619910550495,1676.42857142857,1140.04545454545,-0.0061947722346740175,0.46138337872251056,4.116761934380952,3.9347727297727295,0.011675241365390221,0.05846675516866706,6.457535,6.787286363636364,-0.008351584958333547,-0.05652951640082471,2.94755,2.178181818181818,-0.03662068645072214,0.30366008564999647,3.0211,1.943272727272728,-0.06165764557395603,0.45878962184326944,2.948,2.178,-0.036974219810040676,0.3034894398530763,4.42,4.31,-0.08371040723981904,-0.0603248259860788,327.8,231.1,-0.06253813300793165,0.3297273907399394,3.099,1.994,-0.07389480477573418,0.4393179538615848,1683.33506948061,1210.90909090909,0.08111686671367879,0.5029055026582165,86.3178,93.6822,0.00672398972170285,-0.07241503722158527,205.9,187.5,-0.010684798445847576,0.08640000000000003,3.0,2.7,-0.2333333333333334,-0.14814814814814825
2011-09-01,490.90895475,296.299496428571,1218.86091066667,995.17881593662,111.962727272727,85.6481818181818,319.6,89.7253,1.749204761904762,-0.83,2.24,5.36,0.202,-0.188,3.837,272.340557936508,1310.83877727273,1672.77272727273,4.199227354909088,6.388457142857143,2.9165714285714284,2.7682380952380954,2.917,3.89,317.8,2.725,1837.7291951158,89.7253,204.4,1.98,6.198293648047062,501.423700826087,390.23121675,310.307111645963,205.839520408163,-0.045141134997168986,0.4394684550422252,1225.27028417391,929.646261238095,-0.0052309874727447525,0.3111018260250962,1047.51169150189,884.893042919494,-0.04995922813065379,0.12463175510258773,110.354782608696,77.9381818181818,0.014570683988681887,0.4365581113236565,86.334347826087,75.2736363636364,-0.007947775424068992,0.13782442241035664,315.2,235.1,0.013959390862944288,0.35942152275627404,86.8983,92.7626,0.03253228198940605,-0.03274272174346127,1.5966391304347824,1.717990476190476,0.09555423549492637,0.018169067958689444,-0.62,-1.56,0.33870967741935476,-0.46794871794871795,0.78,4.92,1.8717948717948718,-0.5447154471544715,3.43,12.67,0.5626822157434404,-0.5769534333070244,0.344,-0.268,-0.41279069767441856,-1.7537313432835822,-0.223,0.14,-0.15695067264573992,-2.3428571428571425,3.86,2.946,-0.005958549222797815,0.30244399185336057,288.688308333333,240.432182833333,-0.05662768433957199,0.13271257918618073,1356.6505,1031.50738636364,-0.03376825698827357,0.270799215402435,1666.04347826087,1195.18181818182,0.004039059664207922,0.39959686620521806,4.1648261236087,3.9495000187727296,0.008259944179993983,0.06323011392565059,6.403604347826088,6.739647619047619,-0.002365418621480986,-0.05210813621738031,2.839608695652174,2.068761904761905,0.02710328822316055,0.4098149341681243,2.8348260869565216,1.9690476190476192,-0.02348926871556878,0.40587666263603395,2.839,2.069,0.02747446283902777,0.4098598356694054,4.05,3.9,-0.03950617283950608,-0.002564102564102555,307.3,227.7,0.034168564920273425,0.39569609134826544,2.87,1.945,-0.05052264808362372,0.4010282776349614,1819.88193594613,1272.27272727273,0.009806822529062176,0.44444595543220844,86.8982,92.7626,0.03253347019846209,-0.03274272174346127,203.7,186.8,0.0034364261168384758,0.09421841541755893,2.3,2.65,-0.13913043478260867,-0.2528301886792452
2011-10-01,446.016027,274.846376020408,1126.77078380952,914.437416029703,110.429523809524,86.4119047619048,328.7,90.6098,1.77027,-1.01,3.32,2.82,0.356,-0.187,3.798,251.589134761905,1268.96513809524,1565.19047619048,4.218904699761899,6.370955,2.9490000000000003,2.7724761904761905,2.949,3.57,310.6,2.681,1829.28811016896,90.6098,201.9,2.15,6.102594448556938,490.90895475,427.17613225,296.299496428571,235.703122959184,-0.07240349938743385,0.1660701503221167,1218.86091066667,1034.848628,-0.07555425401802418,0.08882666828980912,995.17881593662,935.217659661426,-0.08113255488756232,-0.022219686954207063,111.962727272727,83.3385714285714,-0.013693873850252891,0.325070995537426,85.6481818181818,81.902380952381,0.008916977891536115,0.05505974010872383,319.6,244.4,0.02847309136420506,0.3449263502454991,89.7253,90.2291,0.009857866175983832,0.00421925964018266,1.749204761904762,1.68373,0.01204275139995592,0.0513977894317974,-0.83,-1.64,0.2168674698795181,-0.38414634146341464,2.24,6.11,0.482142857142857,-0.45662847790507366,5.36,4.19,-0.47388059701492546,-0.32696897374701683,0.202,-0.437,0.7623762376237622,-1.8146453089244852,-0.188,0.358,-0.005319148936170248,-1.5223463687150838,3.837,3.052,-0.010164190774042292,0.24442988204456095,272.340557936508,234.599563174603,-0.07619659492450948,0.0724194510739875,1310.83877727273,1149.24637142857,-0.03194415659918948,0.1041715420148368,1672.77272727273,1304.14285714286,-0.06431372853480877,0.20016796290210714,4.199227354909088,3.95452383609524,0.004685944148703269,0.06685529652230215,6.388457142857143,6.667789999999999,-0.0027396509776560496,-0.0445177487593339,2.9165714285714284,2.258857142857143,0.011118730407523758,0.3055274475082217,2.7682380952380954,2.164047619047619,0.001530972081261961,0.2811530421388493,2.917,2.259,0.010970174837161561,0.30544488711819384,3.89,3.43,-0.0822622107969152,0.04081632653061207,317.8,243.7,-0.02265575833857769,0.2745178498153469,2.725,2.11,-0.016146788990825667,0.2706161137440759,1837.7291951158,1296.19047619048,-0.004593214805137857,0.41128032011565185,89.7253,90.2291,0.009857866175983832,0.00421925964018266,204.4,188.4,-0.012230919765166326,0.07165605095541405,1.98,2.54,0.08585858585858586,-0.15354330708661423
2011-11-01,428.8252245,274.278348928571,1118.31974047619,985.766474625382,111.158636363636,97.1090909090909,338.7,91.2649,1.78642,-1.09,3.36,-0.3,0.336,-0.151,3.962,244.53785015873,1280.64808181818,1554.77272727273,4.25731812827273,6.35641,2.7371904761904764,2.6294285714285714,2.737,3.24,337.1,2.583,1860.6626274411,91.2649,202.1,2.01,6.063378671411364,446.016027,459.961136,274.846376020408,238.23674875,-0.0020667075915704602,0.1512848054201419,1126.77078380952,1123.2958827619,-0.007500232926485495,-0.0044299479434349864,914.437416029703,1059.00982246095,0.07800321525050347,-0.06916210433758174,110.429523809524,85.8009090909091,0.006602514698601958,0.29554147550883747,86.4119047619048,84.1486363636364,0.12379296784002869,0.1540185926418074,328.7,255.1,0.030422878004259246,0.32771462171697374,90.6098,90.5095,0.007229902284300316,0.008346085217573851,1.77027,1.713105,0.009122902156168289,0.0427965594636639,-1.01,-1.64,0.07920792079207928,-0.33536585365853655,3.32,6.32,0.012048192771084265,-0.4683544303797469,2.82,12.5,-1.1063829787234043,-1.024,0.356,-0.495,-0.05617977528089879,-1.6787878787878787,-0.187,0.241,-0.1925133689839572,-1.6265560165975104,3.798,3.14,0.04318062137967349,0.2617834394904459,251.589134761905,241.840133333333,-0.028026983795814808,0.01115495922125831,1268.96513809524,1243.95385909091,0.009206670358554048,0.029498057712595616,1565.19047619048,1395.77272727273,-0.006655898484065559,0.11391539388413041,4.218904699761899,3.96572728613636,0.009105071397559339,0.073527709067573,6.370955,6.65381,-0.0022830172242622737,-0.04469619661517232,2.9490000000000003,2.238714285714285,-0.0718241857611136,0.22266181694425002,2.7724761904761905,2.244285714285714,-0.05159561677716329,0.17161043921069385,2.949,2.245,-0.07188877585622233,0.2191536748329621,3.57,3.73,-0.09243697478991586,-0.13136729222520105,310.6,255.3,0.08531873792659361,0.32040736388562485,2.681,2.187,-0.036553524804177506,0.1810699588477367,1829.28811016896,1300.0,0.017151216966715177,0.43127894418546164,90.6098,90.5095,0.007229902284300316,0.008346085217573851,201.9,189.2,0.000990589400693409,0.06818181818181812,2.15,2.76,-0.06511627906976747,-0.2717391304347826
2011-12-01,420.04610475,258.51794047619,1103.04487333333,969.07252384964,108.347727272727,98.5668181818182,335.1,92.2056,1.839104761904762,-1.04,4.47,-1.73,-0.128,0.101,3.861,236.0596865,1244.42681363636,1535.63636363636,4.28518186918182,6.348209523809524,2.702238095238095,2.633857142857143,2.702,3.16,311.0,2.594,1853.52725151471,92.2056,200.6,1.98,6.042742340156638,428.8252245,483.755863022727,274.278348928571,250.62555085034,-0.057461365484905325,0.031490762211084045,1118.31974047619,1208.33218,-0.013658765547995833,-0.08713440592691157,985.766474625382,1171.21592825812,-0.01693499546338917,-0.1725927726317007,111.158636363636,91.96,-0.025287365722206356,0.17820495076910614,97.1090909090909,89.3669565217391,0.015011233851339068,0.1029447797949925,338.7,264.0,-0.010628875110717306,0.269318181818182,91.2649,91.1835,0.010307358031401037,0.011209264834098454,1.78642,1.695485714285714,0.029491811502760923,0.08470672823070813,-1.09,-1.59,-0.04587155963302758,-0.3459119496855346,3.36,7.8,0.3303571428571428,-0.42692307692307696,-0.3,15.73,4.766666666666667,-1.1099809281627464,0.336,-0.212,-1.380952380952381,-0.39622641509433965,-0.151,-0.042,-1.6688741721854305,-3.4047619047619047,3.962,3.243,-0.02549217566885409,0.19056429232192418,244.53785015873,274.456818166667,-0.03467014882655928,-0.1399022692281957,1280.64808181818,1385.48456521739,-0.028283545414283684,-0.10181113173129941,1554.77272727273,1466.26086956522,-0.0123081420844946,0.04731456421646962,4.25731812827273,3.9738695623478297,0.006544904578318578,0.07833984028657004,6.35641,6.649685714285714,-0.0012901112720035135,-0.0453369081531958,2.7371904761904764,2.4188181818181818,-0.01276943685739651,0.11717288862401043,2.6294285714285714,2.389181818181818,0.0016842334021514027,0.10240967129974399,2.737,2.42,-0.012787723785166238,0.11652892561983474,3.24,4.24,-0.024691358024691357,-0.2547169811320755,337.1,259.2,-0.07742509641056072,0.19984567901234573,2.583,2.358,0.004258614014711393,0.10008481764206945,1860.6626274411,1359.13043478261,-0.003834857443341555,0.363759654025537,91.2649,91.1835,0.010307358031401037,0.011209264834098454,202.1,191.3,-0.00742206828302816,0.04861474124411913,2.01,3.29,-0.01492537313432829,-0.39817629179331304
2012-01-01,441.7327614,272.920145535714,1131.7747463,1020.53563972811,111.415,100.102272727273,322.0,91.6463,1.785035,-0.86,3.13,1.08,0.046,-0.159,3.833,243.702369166667,1253.12027727273,1553.40909090909,4.31677269931818,6.31717,2.9197,2.8225,2.92,2.67,322.0,2.796,1858.53871955666,91.6463,201.4,1.97,6.092966340614149,420.04610475,511.104867,258.51794047619,265.285523979592,0.05571065989847801,0.02877888488445879,1103.04487333333,1257.1404626,0.02604596935376713,-0.09972291882222961,969.07252384964,1238.57182207044,0.05310553607900559,-0.17603838425603213,108.347727272727,96.952380952381,0.02830952530782893,0.149172396856581,98.5668181818182,89.5238095238095,0.015577803704919013,0.11816368471953909,335.1,303.8,-0.039092808116980016,0.05990783410138234,92.2056,90.1112,-0.006065792099395395,0.017035618213940174,1.839104761904762,1.6745249999999998,-0.029400044535125902,0.0659948343560115,-1.04,-1.42,-0.17307692307692313,-0.3943661971830986,4.47,7.01,-0.29977628635346754,-0.5534950071326676,-1.73,-1.06,-1.6242774566473988,-2.018867924528302,-0.128,0.192,-1.359375,-0.7604166666666667,0.101,-0.434,-2.574257425742574,-0.6336405529953917,3.861,3.388,-0.007252007252007253,0.1313459268004724,236.0596865,295.988606833333,0.03237606039380636,-0.1766494941344402,1244.42681363636,1441.41652857143,0.006985917967298194,-0.13063278210450258,1535.63636363636,1528.95238095238,0.011573525929435835,0.01599573031926349,4.28518186918182,3.979238090285712,0.007372109539516725,0.08482392894671764,6.348209523809524,6.596415,-0.004889492650346217,-0.042332842915432156,2.702238095238095,2.44835,0.08047473875270961,0.19251740968407294,2.633857142857143,2.44805,0.07162228128220427,0.15295847715528677,2.702,2.447,0.08068097705403399,0.19329791581528388,3.16,4.49,-0.15506329113924056,-0.4053452115812918,311.0,270.0,0.03536977491961424,0.19259259259259265,2.594,2.442,0.07787201233616026,0.14496314496314477,1853.52725151471,1568.57142857143,0.002703746620317915,0.18486075017273285,92.2056,90.1112,-0.006065792099395395,0.017035618213940174,200.6,194.2,0.003988035892322994,0.037075180226570525,1.98,3.39,-0.005050505050505083,-0.41887905604719766
2012-02-01,461.55598755,279.514321428571,1170.2233191,1047.68849150072,119.165714285714,102.297142857143,313.6,89.9605,1.7168,-0.72,1.33,-6.71,-0.078,-0.151,3.953,245.9804765,1297.2055047619,1441.0,4.34457140880952,6.29969,3.30215,3.04355,3.302,2.51,329.2,3.01,1885.51428154753,89.9605,202.4,1.97,6.136767603788178,441.7327614,512.052467684211,272.920145535714,293.396796992481,0.02416155787955221,-0.04731638418079165,1131.7747463,1268.35269578947,0.03397193030300083,-0.07736757844661712,1020.53563972811,1248.55261174094,0.026606470872339028,-0.16087757804626412,111.415,104.2385,0.06956616510985048,0.14320250469561624,100.102272727273,89.414,0.021926276697531888,0.14408417985039246,322.0,288.0,-0.02608695652173909,0.08888888888888902,91.6463,89.3967,-0.018394632407418565,0.0063067204941569255,1.785035,1.6663947368421053,-0.0382261412241216,0.030248093109928487,-0.86,-1.19,-0.16279069767441867,-0.39495798319327735,3.13,3.3,-0.5750798722044728,-0.5969696969696969,1.08,-5.26,-7.212962962962963,0.2756653992395437,0.046,0.242,-2.6956521739130435,-1.322314049586777,-0.159,-0.39,-0.05031446540880502,-0.6128205128205129,3.833,3.584,0.03130707018001555,0.10295758928571419,243.702369166667,317.600651403509,0.00934790802864538,-0.2255038665286494,1253.12027727273,1419.267,0.0351803639991497,-0.08600319406996704,1553.40909090909,1591.5,-0.07236283833211365,-0.09456487590323592,4.31677269931818,4.01939995265,0.006439697298801672,0.08090049758425599,6.31717,6.576126315789473,-0.00276706183306763,-0.04203634518481514,2.9197,2.758421052631579,0.13098948522108445,0.1971160083953445,2.8225,2.557578947368421,0.07831709477413651,0.19001214141663603,2.92,2.758,0.13082191780821928,0.19724437998549682,2.67,4.09,-0.05992509363295884,-0.3863080684596577,322.0,289.3,0.022360248447204967,0.13791911510542687,2.796,2.552,0.07653791130185983,0.17946708463949834,1858.53871955666,1600.0,0.014514393327949904,0.17844642596720628,91.6463,89.3967,-0.018394632407418565,0.0063067204941569255,201.4,196.4,0.0049652432969216065,0.03054989816700604,1.97,3.58,0.0,-0.44972067039106145
2012-03-01,496.290475227273,280.715051964286,1196.527442,1105.74186940845,124.703181818182,106.187272727273,309.4,90.5112,1.7953,-0.59,-2.18,1.74,0.026,-0.28,4.127,243.493598333333,1288.75260454545,1441.0,4.35240910281818,6.312481818181817,3.3832272727272725,3.1674090909090906,3.383,2.16,344.3,3.343,1807.74391133148,90.5112,205.1,2.17,6.209174312565772,461.55598755,498.739813173913,279.514321428571,290.43472173913,0.004295774647889772,-0.03346593587929991,1170.2233191,1245.10227886957,0.022477865951457954,-0.03901272826652524,1047.68849150072,1142.23124195196,0.055410914960585034,-0.03194569646086154,119.165714285714,114.917391304348,0.04646863039138305,0.0851550004987256,102.297142857143,102.935652173913,0.03802774702674272,0.0315888662935393,313.6,303.0,-0.013392857142857317,0.021122112211221067,89.9605,88.4872,0.006121575580393612,0.0228733647352386,1.7168,1.6573521739130437,0.04572460391425892,0.08323386438819358,-0.72,-0.93,-0.18055555555555558,-0.3655913978494625,1.33,1.37,-2.6390977443609023,-2.591240875912409,-6.71,-1.79,-1.2593144560357676,-1.9720670391061452,-0.078,0.367,-1.3333333333333333,-0.9291553133514987,-0.151,-0.49,0.8543046357615895,-0.4285714285714285,3.953,3.905,0.04401720212496829,0.05685019206145969,245.9804765,285.375811111111,-0.010110063213358278,-0.1467616074912219,1297.2055047619,1416.70472173913,-0.006516238318000078,-0.09031671542437414,1441.0,1576.95652173913,0.0,-0.08621450234353434,4.34457140880952,4.0343043078695695,0.0018040200680711216,0.07884997528027204,6.29969,6.564460869565217,0.0020305472462640584,-0.038385338322549645,3.30215,3.153565217391304,0.024552873954021504,0.0728261632483218,3.04355,2.837652173913044,0.0406955991881488,0.11620765928521859,3.302,3.153,0.02453058752271353,0.07294640025372656,2.51,3.97,-0.1394422310756971,-0.4559193954659949,329.2,321.8,0.04586877278250312,0.06991920447482913,3.01,2.869,0.11063122923588042,0.1652143604043219,1885.51428154753,1600.0,-0.04124623768546598,0.12983994458217496,89.9605,88.4872,0.006121575580393612,0.0228733647352386,202.4,200.4,0.013339920948616468,0.023453093812375148,1.97,3.41,0.10152284263959399,-0.36363636363636365
2012-04-01,529.42160145,274.219296607143,1232.58204561905,1157.44852277015,120.47,103.325714285714,306.1,90.8156,1.852247619047619,-0.47,-1.23,-0.77,-0.271,0.026,4.115,228.086310833333,1304.06315238095,1441.0,4.393618947,6.304328571428571,3.2503,3.20575,3.25,1.95,339.4,3.254,1717.7857872039,90.8156,204.7,2.05,6.273672164758029,496.290475227273,501.468831675,280.715051964286,318.938776020408,-0.023140032255802967,-0.14021336624933778,1196.527442,1279.1425702,0.03013270097573728,-0.03639979285004169,1105.74186940845,1123.78684415852,0.04676195664849159,0.029953793093952408,124.703181818182,123.325714285714,-0.03394606101032782,-0.023155870632932563,106.187272727273,110.147619047619,-0.026948224283982802,-0.061934200855996324,309.4,314.9,-0.010665804783451693,-0.02794537948555087,90.5112,86.9214,0.0033631197023131776,0.04480139528355509,1.7953,1.5833,0.03172039160453344,0.16986523024544864,-0.59,-0.73,-0.2033898305084746,-0.3561643835616438,-2.18,0.16,-0.4357798165137615,-8.6875,1.74,-0.77,-1.4425287356321839,0.0,0.026,0.154,-11.423076923076925,-2.75974025974026,-0.28,-0.467,-1.0928571428571427,-1.0556745182012848,4.127,4.064,-0.002907681124303285,0.01254921259842523,243.493598333333,307.254408421053,-0.0632759448521848,-0.2576630161127915,1288.75260454545,1446.91007142857,0.011880129500029257,-0.09872549916428719,1441.0,1691.7619047619,0.0,-0.14822529343879065,4.35240910281818,4.06404765452381,0.009468283704106906,0.08109434743200783,6.312481818181817,6.526685714285714,-0.001291607166259534,-0.03406892143901519,3.3832272727272725,3.3734,-0.03929008074592566,-0.03649137368826705,3.1674090909090906,3.1776,0.012104817530818268,0.008858887210473343,3.383,3.373,-0.03931421814957137,-0.036466053957901035,2.16,4.24,-0.09722222222222232,-0.5400943396226415,344.3,339.8,-0.014231774615161341,-0.0011771630370807085,3.343,3.268,-0.026622793897696617,-0.004283965728274164,1807.74391133148,1600.0,-0.04976264810723208,0.07361611700243764,90.5112,86.9214,0.0033631197023131776,0.04480139528355509,205.1,204.2,-0.0019502681618722706,0.0024485798237021683,2.17,3.46,-0.055299539170507006,-0.40751445086705207
2012-05-01,520.925455909091,268.884903571429,1134.57762,1031.12437851623,110.822173913043,94.5347826086957,311.1,92.4928,1.981022727272728,-0.26,-0.85,6.54,-0.37,0.288,3.979,228.87964,1236.62266521739,1441.0,4.44604349134783,6.3242045454545455,3.2337727272727275,2.8766818181818183,3.234,2.43,325.8,2.95,1619.48754367165,92.4928,202.6,1.8,6.25752477291321,529.42160145,498.76510775,274.219296607143,308.575221428571,-0.019453018448064463,-0.1286244490837367,1232.58204561905,1255.66756647619,-0.0795114823937163,-0.0964347170453781,1157.44852277015,1143.43623728316,-0.10914018357514965,-0.09822310602450934,120.47,114.929545454545,-0.08008488492535071,-0.035738169199724945,103.325714285714,101.299090909091,-0.08507980552362604,-0.0667756071618234,306.1,312.1,0.01633453119895467,-0.003204101249599467,90.8156,86.9464,0.01846819268936173,0.0637910252753422,1.852247619047619,1.613609523809524,0.06952370023362331,0.22769647677573746,-0.47,-0.55,-0.44680851063829785,-0.5272727272727273,-1.23,0.96,-0.3089430894308943,-1.8854166666666665,-0.77,4.05,-9.493506493506493,0.6148148148148149,-0.271,-0.089,0.3653136531365313,3.157303370786517,0.026,-0.184,10.076923076923077,-2.5652173913043477,4.115,4.047,-0.03304981773997573,-0.016802569804793555,228.086310833333,307.19455031746,0.0034781971954762625,-0.25493587121427796,1304.06315238095,1415.51200909091,-0.05171566042674203,-0.12637783552850868,1441.0,1701.18181818182,0.0,-0.1529418051621877,4.393618947,4.0807728117727295,0.011931973386910544,0.08951017280876838,6.304328571428571,6.495680952380953,0.0031527503366579612,-0.026398526680032508,3.2503,3.0546666666666664,-0.005084845314977882,0.058633585968810964,3.20575,3.0237142857142856,-0.10264935875167491,-0.04862644206403055,3.25,3.055,-0.004923076923076919,0.05859247135842871,1.95,4.3,0.24615384615384617,-0.43488372093023253,339.4,328.4,-0.0400707130229816,-0.007917174177831776,3.254,3.096,-0.09342347879532875,-0.047157622739018024,1717.7857872039,1659.09090909091,-0.05722380768573809,-0.023870521622567642,90.8156,86.9464,0.01846819268936173,0.0637910252753422,204.7,205.7,-0.010258915486077158,-0.015070491006319853,2.05,3.17,-0.12195121951219501,-0.43217665615141954
2012-06-01,522.3291925,267.328921768707,1097.79577809524,927.6276422504,95.8890476190476,82.4004761904762,311.6,93.8809,2.0481952380952384,-0.01,0.48,3.98,0.001,-0.067,3.759,241.965793492064,1182.6853047619,1441.0,4.49200001214286,6.363257142857143,2.626333333333333,2.602428571428572,2.626,2.46,295.4,2.651,1546.31549917264,93.8809,200.0,1.62,6.260210697222559,520.925455909091,499.772775886364,268.884903571429,310.536474285714,-0.005786794952244878,-0.1391384139862849,1134.57762,1250.059624,-0.032418973595442546,-0.12180526671003022,1031.12437851623,1075.90842453737,-0.10037269840788765,-0.13781914789888294,110.822173913043,114.370454545455,-0.13474854144002557,-0.16159249344473148,94.5347826086957,96.2886363636364,-0.12835811416044174,-0.14423467501098697,311.1,311.5,0.0016072002571521082,0.0003210272873195308,92.4928,86.9412,0.015007654649875413,0.07982061439225596,1.981022727272728,1.5854090909090908,0.03390799605564676,0.29190330107214213,-0.26,-0.44,-0.9615384615384616,-0.9772727272727273,-0.85,1.87,-1.5647058823529412,-0.7433155080213905,6.54,1.28,-0.3914373088685016,2.109375,-0.37,0.055,-1.0027027027027027,-0.9818181818181818,0.288,-0.139,-1.2326388888888888,-0.5179856115107914,3.979,3.933,-0.05529027393817543,-0.044241037376048786,228.87964,285.29787,0.0571748255636193,-0.1518836313356844,1236.62266521739,1404.24158181818,-0.04361666818229326,-0.15777646804149903,1441.0,1700.86363636364,0.0,-0.15278334535931115,4.44604349134783,4.09259098245455,0.010336498256137805,0.09759319497126051,6.3242045454545455,6.47455,0.006175100302640679,-0.017189280667051277,3.2337727272727275,2.861,-0.1878423269565055,-0.08202260281952711,2.8766818181818183,2.8349545454545453,-0.0953366635892271,-0.08202105899679979,3.234,2.861,-0.1880024737167595,-0.0821391121985321,2.43,4.53,0.012345679012345512,-0.45695364238410596,325.8,333.7,-0.09330877839165141,-0.11477374887623615,2.95,2.951,-0.1013559322033899,-0.10166045408336166,1619.48754367165,1776.36363636364,-0.04518222124334259,-0.12950509258449294,92.4928,86.9413,0.015007654649875413,0.07981937238113535,202.6,205.0,-0.012833168805528095,-0.024390243902439046,1.8,3.0,-0.09999999999999998,-0.45999999999999996
2012-07-01,609.4467555,332.99885255102,1175.27242380952,952.539138657086,102.979545454545,87.9190909090909,312.0,93.4062,2.029552380952381,0.25,0.74,3.58,0.546,-0.421,3.721,310.746438095238,1209.43215,1505.54479166667,4.548090913,6.371742857142857,2.819619047619048,2.747523809523809,2.819,2.96,298.7,2.821,1541.45138645139,93.4062,199.6,1.53,6.414191075169132,522.3291925,501.82708275,267.328921768707,300.832209464286,0.24565217391304417,0.10692552883222017,1097.79577809524,1242.1049542,0.07057473462751696,-0.05380586412162314,927.6276422504,1033.57231533957,0.02685506044887953,-0.07840107119728845,95.8890476190476,117.483333333333,0.07394481446584855,-0.12345400379164162,82.4004761904762,97.0780952380952,0.06697309255662454,-0.09434676593664915,311.6,317.3,0.0012836970474967568,-0.016703435234793562,93.8809,86.3178,-0.00505640657471329,0.08211979452673712,2.0481952380952384,1.56251,-0.009102089877034758,0.2989052108161745,-0.01,-0.48,-26.0,-1.5208333333333335,0.48,0.97,0.5416666666666667,-0.2371134020618556,3.98,-3.14,-0.10050251256281406,-2.140127388535032,0.001,0.223,545.0,1.4484304932735426,-0.067,-0.272,5.2835820895522385,0.5477941176470587,3.759,3.905,-0.01010907156158547,-0.047119078104993495,241.965793492064,271.462209333333,0.2842577192855562,0.14471343491376065,1182.6853047619,1393.9468047619,0.022615352647410214,-0.13236850511911524,1441.0,1676.42857142857,0.044791666666669006,-0.10193323036500213,4.49200001214286,4.116761934380952,0.012486843433996864,0.10477384543828583,6.363257142857143,6.457535,0.0013335488563808173,-0.013285586970437246,2.626333333333333,2.94755,0.07359527133610166,-0.04340247065561298,2.602428571428572,3.0211,0.055753783096374576,-0.09055515887464538,2.626,2.948,0.0734958111195736,-0.043758480325644555,2.46,4.42,0.2032520325203253,-0.330316742081448,295.4,327.8,0.011171293161814422,-0.0887736424649177,2.651,3.099,0.06412674462467005,-0.08970635688931916,1546.31549917264,1683.33506948061,-0.0031456146716842825,-0.08428724952127209,93.8809,86.3178,-0.00505640657471329,0.08211979452673712,200.0,205.9,-0.0020000000000000018,-0.03059737736765422,1.62,3.0,-0.05555555555555558,-0.49
2012-08-01,622.913549771739,332.233495341615,1188.510642,930.614436340847,113.780434782609,94.1182608695652,301.3,92.5283,2.0279434782608696,0.37,2.05,7.51,0.652,-0.358,3.983,315.548219130435,1221.66654782609,1549.85815217391,4.60765210447826,6.359278260869565,3.1291739130434784,3.0225652173913047,3.129,2.84,324.1,3.03,1515.53382575122,92.5283,202.1,1.68,6.436011816739124,609.4467555,501.423700826087,332.99885255102,310.307111645963,-0.0022983779179469588,0.07066026807876824,1175.27242380952,1225.27028417391,0.011263957123719193,-0.03000125168194534,952.539138657086,1047.51169150189,-0.023017114390857518,-0.11159517942319042,102.979545454545,110.354782608696,0.10488383183659988,0.0310421722822829,87.9190909090909,86.334347826087,0.07050994154255186,0.0901600954831816,312.0,315.2,-0.034294871794871784,-0.04409898477157348,93.4062,86.8983,-0.009398733702901896,0.06478837905919899,2.029552380952381,1.5966391304347824,-0.0007927377024663507,0.2701326427523032,0.25,-0.62,0.48,-1.596774193548387,0.74,0.78,1.7702702702702702,1.6282051282051277,3.58,3.43,1.0977653631284916,1.1895043731778423,0.546,0.344,0.19413919413919412,0.8953488372093026,-0.421,-0.223,-0.14964370546318295,0.6053811659192825,3.721,3.86,0.07041117979037903,0.031865284974093244,310.746438095238,288.688308333333,0.015452408930670902,0.0930412144231636,1209.43215,1356.6505,0.01011581991274979,-0.09949795630776681,1505.54479166667,1666.04347826087,0.0294334388139883,-0.06973727132754193,4.548090913,4.1648261236087,0.013095866511378063,0.10632520247588739,6.371742857142857,6.403604347826088,-0.0019562302736870762,-0.0069220527298147205,2.819619047619048,2.839608695652174,0.1097860598174869,0.10197363384422209,2.747523809523809,2.8348260869565216,0.10010519541782048,0.06622597812916986,2.819,2.839,0.10996807378503015,0.10214864388869316,2.96,4.05,-0.04054054054054057,-0.2987654320987654,298.7,307.3,0.08503515232674941,0.0546697038724373,2.821,2.87,0.07408720311946104,0.05574912891986061,1541.45138645139,1819.88193594613,-0.01681373861541957,-0.16723508497087403,93.4062,86.8982,-0.009398733702901896,0.06478960438766279,199.6,203.7,0.01252505010020033,-0.007854688267059373,1.53,2.3,0.09803921568627438,-0.26956521739130435
2012-09-01,615.18139725,320.705905639098,1213.29521210526,879.533980138316,113.6415,94.7045,304.3,90.9802,2.026857894736842,0.37,3.49,12.81,0.453,-0.077,4.12,316.653051578947,1267.898245,1582.8484375,4.6695499896,6.32,3.1626315789473685,3.270421052631579,3.162,2.85,342.4,2.996,1588.56081081081,90.9802,203.8,1.72,6.423541396239151,622.913549771739,490.90895475,332.233495341615,296.299496428571,-0.03469725317931582,0.08237074144474854,1188.510642,1218.86091066667,0.020853469232343658,-0.004566311473854556,930.614436340847,995.17881593662,-0.054888957454150455,-0.11620508188718226,113.780434782609,111.962727272727,-0.001221077972451634,0.014994032104842514,94.1182608695652,85.6481818181818,0.006228750138586037,0.10573859233863714,301.3,319.6,0.009956853634251583,-0.0478723404255319,92.5283,89.7253,-0.01673109740479406,0.01398602177981001,2.0279434782608696,1.749204761904762,-0.0005353125151981164,0.1587310638977082,0.37,-0.83,0.0,-1.4457831325301205,2.05,2.24,0.7024390243902441,0.5580357142857142,7.51,5.36,0.7057256990679095,1.3899253731343282,0.652,0.202,-0.3052147239263804,1.2425742574257423,-0.358,-0.188,-0.7849162011173184,-0.5904255319148937,3.983,3.837,0.03439618378106957,0.07375553818087055,315.548219130435,272.340557936508,0.0035013109931554265,0.16270985848817188,1221.66654782609,1310.83877727273,0.0378431391578804,-0.03275805767820672,1549.85815217391,1672.77272727273,0.021286003031836254,-0.05375762547213536,4.60765210447826,4.199227354909088,0.013433714985031209,0.11200218395917116,6.359278260869565,6.388457142857143,-0.006176528099305689,-0.010715755201345267,3.1291739130434784,2.9165714285714284,0.010692172066380623,0.08436623494472872,3.0225652173913047,2.7682380952380954,0.08200181548247687,0.1814088745680278,3.129,2.917,0.010546500479386323,0.08399040109701761,2.84,3.89,0.0035211267605634866,-0.26735218508997427,324.1,317.8,0.05646405430422696,0.07740717432347388,3.03,2.725,-0.011221122112211157,0.09944954128440364,1515.53382575122,1837.7291951158,0.04818565169496747,-0.13558493001428829,92.5283,89.7253,-0.01673109740479406,0.01398602177981001,202.1,204.4,0.008411677387432093,-0.0029354207436399493,1.68,1.98,0.023809523809523725,-0.13131313131313127
2012-10-01,565.525481804348,321.382417321428,1119.91820408696,768.090641601712,111.792608695652,89.5965217391304,310.9,90.7566,2.0297318181818182,0.27,4.97,14.31,0.11,0.116,4.094,318.407834927536,1216.49266956522,1483.15969202898,4.72552175108696,6.262731818181819,3.134782608695652,2.974826086956522,3.135,3.31,351.0,2.806,1637.41228806446,90.7566,202.8,1.75,6.339522060576208,615.18139725,446.016027,320.705905639098,274.846376020408,0.002109445664812082,0.1693165541231827,1213.29521210526,1126.77078380952,-0.07696149056442403,-0.006081609339738114,879.533980138316,914.437416029703,-0.1267072575400422,-0.16004023005029488,113.6415,110.429523809524,-0.0162695080964963,0.012343482423044172,94.7045,86.4119047619048,-0.053935961447128755,0.03685391481648681,304.3,328.7,0.02168912257640465,-0.054152722847581436,90.9802,90.6098,-0.0024576776045776016,0.0016201338045112035,2.026857894736842,1.77027,0.001417920542154949,0.14656624028075838,0.37,-1.01,-0.2702702702702702,-1.2673267326732673,3.49,3.32,0.4240687679083093,0.4969879518072289,12.81,2.82,0.1170960187353629,4.074468085106384,0.453,0.356,-0.7571743929359823,-0.6910112359550562,-0.077,-0.187,-2.5064935064935066,-1.6203208556149733,4.12,3.798,-0.006310679611650438,0.07793575566087418,316.653051578947,251.589134761905,0.005541659364528551,0.26558658913814304,1267.898245,1268.96513809524,-0.04054392821939745,-0.04135059896821358,1582.8484375,1565.19047619048,-0.06298060073804124,-0.05240945776845951,4.6695499896,4.218904699761899,0.011986542945598755,0.12008260138079274,6.32,6.370955,-0.009061421173762851,-0.016986963778300335,3.1626315789473685,2.9490000000000003,-0.008805632131512975,0.0629985109174811,3.270421052631579,2.7724761904761905,-0.09038437587025783,0.07298526031546437,3.162,2.949,-0.008538899430740043,0.06307222787385558,2.85,3.57,0.16140350877192988,-0.07282913165266103,342.4,310.6,0.025116822429906538,0.13007083065035396,2.996,2.681,-0.06341789052069424,0.04662439388287942,1588.56081081081,1829.28811016896,0.030752034748179335,-0.10489097974117245,90.9802,90.6098,-0.0024576776045776016,0.0016201338045112035,203.8,201.9,-0.004906771344455385,0.004457652303120341,1.72,2.15,0.01744186046511631,-0.18604651162790697
2012-11-01,533.028608,321.596870488722,1071.76026571429,743.12977503119,109.911818181818,86.7209090909091,310.1,91.4751,2.06622,0.05,5.35,0.95,-0.1,0.122,4.0,319.459936190476,1199.95621818182,1483.02916666667,4.79649996745455,6.23375,2.7924761904761906,2.817333333333333,2.792,3.55,323.8,2.692,1675.89066339066,91.4751,200.7,1.65,6.280449410558919,565.525481804348,428.8252245,321.382417321428,274.278348928571,0.0006672834471821432,0.17252007584628548,1119.91820408696,1118.31974047619,-0.04300129973503908,-0.041633419385116666,768.090641601712,985.766474625382,-0.03249729292166714,-0.24614014154457886,111.792608695652,111.158636363636,-0.016823925443535614,-0.011216566005175288,89.5965217391304,97.1090909090909,-0.03209513709241907,-0.10697434937277639,310.9,338.7,-0.00257317465422946,-0.084440507824033,90.7566,91.2649,0.007916779606111257,0.0023031855620287978,2.0297318181818182,1.78642,0.0179768487104206,0.15662610136474076,0.27,-1.09,-0.8148148148148149,-1.0458715596330275,4.97,3.36,0.0764587525150906,0.5922619047619047,14.31,-0.3,-0.93361285814116,-4.166666666666666,0.11,0.336,-1.9090909090909092,-1.2976190476190477,0.116,-0.151,0.051724137931034475,-1.8079470198675498,4.094,3.962,-0.022960429897410872,0.009591115598182709,318.407834927536,244.53785015873,0.003304256828917218,0.30638236977676025,1216.49266956522,1280.64808181818,-0.01359354790794598,-0.06300861632635157,1483.15969202898,1554.77272727273,-8.800492826999129e-05,-0.046144082249183316,4.72552175108696,4.25731812827273,0.015020186152198578,0.12664823791323676,6.262731818181819,6.35641,-0.004627663936954796,-0.019297056042640537,3.134782608695652,2.7371904761904764,-0.10919622217819158,0.020197978462448418,2.974826086956522,2.6294285714285714,-0.05294183559628407,0.07146220435365258,3.135,2.737,-0.10940988835725673,0.02009499451954677,3.31,3.24,0.07250755287009047,0.095679012345679,351.0,337.1,-0.07749287749287748,-0.03945416790269951,2.806,2.583,-0.040627227369921526,0.04219899341850564,1637.41228806446,1860.6626274411,0.02349950321411365,-0.09930438829985533,90.7566,91.2649,0.007916779606111257,0.0023031855620287978,202.8,202.1,-0.010355029585798925,-0.006927263730826305,1.75,2.01,-0.05714285714285716,-0.17910447761194026
2012-12-01,534.7907746125,308.75040056391,1088.7846563,713.936122329513,109.569047619048,88.2628571428571,310.1,90.8804,2.07746,-0.21,3.92,3.17,0.268,-0.055,3.961,303.038556140351,1191.08074714286,1510.9056547619,4.881333328380952,6.232815,2.6154,2.7274000000000003,2.615,3.34,317.4,2.697,1863.89685603972,90.8804,200.4,1.72,6.283743738993819,533.028608,420.04610475,321.596870488722,258.51794047619,-0.03994587977578756,0.19430937750467825,1071.76026571429,1103.04487333333,0.015884513664409683,-0.012928047968018386,743.12977503119,969.07252384964,-0.03928473018114731,-0.2632789551256678,109.911818181818,108.347727272727,-0.003118596056731482,0.011272228565041953,86.7209090909091,98.5668181818182,0.017780579886813364,-0.10453782752684804,310.1,335.1,0.0,-0.07460459564309163,91.4751,92.2056,-0.006501222737116508,-0.014372229018628002,2.06622,1.839104761904762,0.0054398853945851755,0.12960394809068587,0.05,-1.04,-5.199999999999999,-0.7980769230769231,5.35,4.47,-0.2672897196261682,-0.12304250559284113,0.95,-1.73,2.336842105263158,-2.832369942196532,-0.1,-0.128,-3.68,-3.09375,0.122,0.101,-1.4508196721311475,-1.5445544554455446,4.0,3.861,-0.009750000000000036,0.025900025900025714,319.459936190476,236.0596865,-0.05140356642509902,0.28373701004788465,1199.95621818182,1244.42681363636,-0.007396495725825902,-0.04286798219785759,1483.02916666667,1535.63636363636,0.018796992481197483,-0.01610453455002736,4.79649996745455,4.28518186918182,0.017686513395604564,0.13911929000879408,6.23375,6.348209523809524,-0.00014998997393211866,-0.01817749136614455,2.7924761904761906,2.702238095238095,-0.06341188908973083,-0.0321356195041147,2.817333333333333,2.633857142857143,-0.031921438712730565,0.03551553940445862,2.792,2.702,-0.06339541547277927,-0.032198371576609874,3.55,3.16,-0.05915492957746482,0.056962025316455556,323.8,311.0,-0.019765287214329907,0.02057877813504816,2.692,2.594,0.001857355126300142,0.03970701619121053,1675.89066339066,1853.52725151471,0.11218285103915204,0.005594524988254523,91.4751,92.2056,-0.006501222737116508,-0.014372229018628002,200.7,200.6,-0.001494768310911776,-0.0009970089730807485,1.65,1.98,0.042424242424242475,-0.13131313131313127
2013-01-01,526.047305,303.36021122449,1122.83396238095,776.540602794027,112.527826086957,94.7295652173913,308.0,90.8255,2.028109523809524,-0.43,2.86,2.99,-0.065,0.119,3.909,288.210322539683,1208.0832,1506.7847826087,4.947869529,6.221519047619048,2.90047619047619,2.852238095238095,2.9,3.33,318.9,2.827,1985.40876280007,90.8255,201.6,1.91,6.267290307321272,534.7907746125,441.7327614,308.75040056391,272.920145535714,-0.01745808047398545,0.11153469682139172,1088.7846563,1131.7747463,0.0312727644387083,-0.007899790968370124,713.936122329513,1020.53563972811,0.08768919026010469,-0.23908526800601293,109.569047619048,111.415,0.027003780102170305,0.00998811728184723,88.2628571428571,100.102272727273,0.07326647112802576,-0.05367218309338051,310.1,322.0,-0.006772009029345494,-0.04347826086956519,90.8804,91.6463,-0.0006040906510093036,-0.008956171716697714,2.07746,1.785035,-0.02375519922909508,0.13617353374557029,-0.21,-0.86,1.0476190476190474,-0.5,3.92,3.13,-0.27040816326530615,-0.08626198083067094,3.17,1.08,-0.05678233438485791,1.7685185185185186,0.268,0.046,-1.242537313432836,-2.4130434782608696,-0.055,-0.159,-3.1636363636363636,-1.748427672955975,3.961,3.833,-0.01312799798030806,0.019827811114009775,303.038556140351,243.702369166667,-0.048931838210713896,0.18263241972250643,1191.08074714286,1253.12027727273,0.014274811256856479,-0.03593994773649967,1510.9056547619,1553.40909090909,-0.0027274185785276517,-0.03001418529944644,4.881333328380952,4.31677269931818,0.013630743107051257,0.1461964466606036,6.232815,6.31717,-0.0018123355788600692,-0.015141424463953279,2.6154,2.9197,0.10899907871690373,-0.006584172868380311,2.7274000000000003,2.8225,0.04577183223513037,0.0105360833438779,2.615,2.92,0.10898661567877621,-0.006849315068493178,3.34,2.67,-0.0029940119760478723,0.24719101123595522,317.4,322.0,0.004725897920604849,-0.009627329192546608,2.697,2.796,0.04820170559881354,0.011087267525035749,1863.89685603972,1858.53871955666,0.06519239858504311,0.06826333070621948,90.8804,91.6463,-0.0006040906510093036,-0.008956171716697714,200.4,201.4,0.0059880239520957446,0.0009930486593843213,1.72,1.97,0.11046511627906974,-0.030456852791878153
2013-02-01,536.375830144737,302.61034047619,1131.97954389474,792.38025467019,116.488,95.3095,309.8,91.5509,1.9729315789473685,-0.43,1.63,3.66,0.189,0.044,4.111,271.678588703704,1217.642295,1512.5996875,5.0094999791,6.232268421052631,3.332210526315789,3.052842105263158,3.332,3.34,342.4,3.035,1923.49806949807,91.5509,204.1,1.98,6.286697719629836,526.047305,461.55598755,303.36021122449,279.514321428571,-0.0024718823384028976,0.0826291079812207,1122.83396238095,1170.2233191,0.008145088071968232,-0.0326807495467385,776.540602794027,1047.68849150072,0.020397712391562184,-0.2436871636003406,112.527826086957,119.165714285714,0.03519284119096655,-0.02247050925481686,94.7295652173913,102.297142857143,0.006122004057316666,-0.06830731203217644,308.0,313.6,0.005844155844155985,-0.01211734693877553,90.8255,89.9605,0.007986743810934005,0.01767887017079728,2.028109523809524,1.7168,-0.027206590282417897,0.14919127385098352,-0.43,-0.72,0.0,-0.4027777777777778,2.86,1.33,-0.4300699300699301,0.22556390977443597,2.99,-6.71,0.22408026755852828,-1.5454545454545454,-0.065,-0.078,-3.9076923076923076,-3.423076923076923,0.119,-0.151,-0.6302521008403361,-1.2913907284768211,3.909,3.953,0.05167562036326423,0.03996964330887942,288.210322539683,245.9804765,-0.05735996438400559,0.1044721620567477,1208.0832,1297.2055047619,0.007912613137903035,-0.06133431400794409,1506.7847826087,1441.0,0.003859147609144742,0.04968750000000011,4.947869529,4.34457140880952,0.012455957001044071,0.15304813932674688,6.221519047619048,6.29969,0.0017277731292484333,-0.010702364552441224,2.90047619047619,3.30215,0.14884946728996185,0.00910331944817444,2.852238095238095,3.04355,0.0703321403497057,0.00305304833604092,2.9,3.302,0.1489655172413793,0.009085402786190189,3.33,2.51,0.0030030030030030463,0.33067729083665354,318.9,329.2,0.07369081216682338,0.04009720534629402,2.827,3.01,0.07357622921825269,0.008305647840531671,1985.40876280007,1885.51428154753,-0.031182844793475106,0.02014505449376136,90.8255,89.9605,0.007986743810934005,0.01767887017079728,201.6,202.4,0.012400793650793718,0.008399209486166015,1.91,1.97,0.03664921465968596,0.0050761421319796
2013-03-01,536.081397075,309.579205075188,1102.8942243,771.87090169633,109.585714285714,93.1990476190476,312.7,92.4132,1.9842142857142857,-0.34,3.72,14.96,0.083,0.043,4.068,263.341859,1162.42271523809,1462.01458333333,5.08704759971429,6.215438095238095,3.02945,2.9137,3.029,3.82,321.0,3.12,2366.59955874242,92.4132,203.3,1.96,6.286149660443025,536.375830144737,496.290475227273,302.61034047619,280.715051964286,0.023029168758845753,0.10282367443044782,1131.97954389474,1196.527442,-0.025694209539041446,-0.07825413309659812,792.38025467019,1105.74186940845,-0.02588322065445281,-0.301942955176993,116.488,124.703181818182,-0.05925319100925408,-0.12122760070797034,95.3095,106.187272727273,-0.022143148174656235,-0.122314329906408,309.8,309.4,0.009360877985797211,0.010665804783451804,91.5509,90.5112,0.009418804184339047,0.021013973961233612,1.9729315789473685,1.7953,0.005718752179402431,0.10522714070867578,-0.43,-0.59,-0.20930232558139528,-0.423728813559322,1.63,-2.18,1.2822085889570554,-2.706422018348624,3.66,1.74,3.087431693989071,7.597701149425287,0.189,0.026,-0.5608465608465608,2.1923076923076925,0.044,-0.28,-0.022727272727272707,-1.1535714285714285,4.111,4.127,-0.010459742155193408,-0.014296098861158235,271.678588703704,243.493598333333,-0.0306860019535663,0.08151450716784558,1217.642295,1288.75260454545,-0.04534959075309564,-0.09802493423624714,1512.5996875,1441.0,-0.03344249280540068,0.01458333333333095,5.0094999791,4.35240910281818,0.015480111974812694,0.16878893494189962,6.232268421052631,6.312481818181817,-0.002700513629625312,-0.015373307320142637,3.332210526315789,3.3832272727272725,-0.0908587629517309,-0.1045679891443081,3.052842105263158,3.1674090909090906,-0.04557789117991862,-0.08009988088916942,3.332,3.383,-0.09093637454981995,-0.10464085131540057,3.34,2.16,0.14371257485029942,0.7685185185185184,342.4,344.3,-0.06249999999999989,-0.06767354051699104,3.035,3.343,0.028006589785831926,-0.06670655100209388,1923.49806949807,1807.74391133148,0.23036232594710926,0.3091453628513783,91.5509,90.5112,0.009418804184339047,0.021013973961233612,204.1,205.1,-0.0039196472317490905,-0.008776206728425051,1.98,2.17,-0.010101010101010055,-0.09677419354838712
2013-04-01,517.789715147727,279.764846428571,1086.747387,756.461298988703,102.96,92.0677272727273,318.0,92.0478,2.001109090909091,-0.3,2.22,1.0,-0.297,0.155,3.93,264.170261666667,1130.70445227273,1439.22604166667,5.151409105727272,6.186109090909091,2.906590909090909,2.706,2.906,4.17,318.3,2.84,2433.04843804844,92.0478,203.2,1.76,6.251498627935312,536.081397075,529.42160145,309.579205075188,274.219296607143,-0.09630607662868029,0.020223047356775714,1102.8942243,1232.58204561905,-0.014640422394312846,-0.11831639048888332,771.87090169633,1157.44852277015,-0.019963963758397263,-0.34644065450250383,109.585714285714,120.47,-0.06046147829487447,-0.14534738939154979,93.1990476190476,103.325714285714,-0.012138754367368554,-0.10895629505987603,312.7,306.1,0.016949152542372836,0.038876184253511914,92.4132,90.8156,-0.003953980600174045,0.01356815348904794,1.9842142857142857,1.852247619047619,0.008514607175466038,0.08036801901141755,-0.34,-0.47,-0.11764705882352955,-0.36170212765957444,3.72,-1.23,-0.4032258064516129,-2.804878048780488,14.96,-0.77,-0.9331550802139037,-2.2987012987012987,0.083,-0.271,-4.578313253012048,0.0959409594095939,0.043,0.026,2.604651162790698,4.961538461538462,4.068,4.115,-0.03392330383480813,-0.04495747266099637,263.341859,228.086310833333,0.003145731065363977,0.15820305349101482,1162.42271523809,1304.06315238095,-0.02728634131935681,-0.13293735030523857,1462.01458333333,1441.0,-0.015587082322190748,-0.0012310606060582652,5.08704759971429,4.393618947,0.01265203534100956,0.1724751663420192,6.215438095238095,6.304328571428571,-0.004718734846940964,-0.01875211280313893,3.02945,3.2503,-0.04055491620891294,-0.1057468821059876,2.9137,3.20575,-0.07128393451625081,-0.15589175699914215,3.029,3.25,-0.040607461208319484,-0.10584615384615381,3.82,1.95,0.09162303664921478,1.1384615384615384,321.0,339.4,-0.008411214953271018,-0.06216853270477307,3.12,3.254,-0.08974358974358987,-0.12722802704363867,2366.59955874242,1717.7857872039,0.028077787414669375,0.4163864063683971,92.4132,90.8156,-0.003953980600174045,0.01356815348904794,203.3,204.7,-0.0004918839153961185,-0.007327796775769446,1.96,2.05,-0.10204081632653061,-0.14146341463414625
2013-05-01,542.199223125,295.368975,1082.779071,763.381461314682,102.980434782609,94.7669565217391,322.4,92.529,2.036472727272727,-0.36,3.12,1.39,-0.506,0.218,3.87,276.045146666667,1117.66320304348,1466.97454710145,5.23933335704762,6.141631818181819,2.9995000000000003,2.742136363636364,2.999,4.04,307.7,2.837,2529.90483228764,92.529,203.3,1.93,6.297476146061211,517.789715147727,520.925455909091,279.764846428571,268.884903571429,0.05577587309709764,0.0984959403700234,1086.747387,1134.57762,-0.0036515532933137917,-0.045654478007419286,756.461298988703,1031.12437851623,0.009148071864655272,-0.25966112602906877,102.96,110.822173913043,0.0001984730245629951,-0.0707596580499048,92.0677272727273,94.5347826086957,0.029317865542787036,0.0024559628386138233,318.0,311.1,0.01383647798742138,0.03632272581163609,92.0478,92.4928,0.005227718641836132,0.0003913818156655591,2.001109090909091,1.981022727272728,0.0176720182444281,0.027990592554350435,-0.3,-0.26,0.19999999999999996,0.3846153846153846,2.22,-0.85,0.40540540540540526,-4.670588235294118,1.0,6.54,0.3899999999999999,-0.7874617737003058,-0.297,-0.37,0.7037037037037037,0.3675675675675676,0.155,0.288,0.40645161290322585,-0.24305555555555547,3.93,3.979,-0.01526717557251911,-0.02739381754209602,264.170261666667,228.87964,0.044951634317506484,0.2060712200817294,1130.70445227273,1236.62266521739,-0.011533738284161488,-0.09619705793844369,1439.22604166667,1441.0,0.01928015796785232,0.01802536231884111,5.151409105727272,4.44604349134783,0.017068000136621686,0.1784260246764482,6.186109090909091,6.3242045454545455,-0.007189862330852614,-0.028868883977503423,2.906590909090909,3.2337727272727275,0.0319649698960045,-0.07244563765936207,2.706,2.8766818181818183,0.013354162467244635,-0.04677105882724719,2.906,3.234,0.03200275292498289,-0.07266542980828694,4.17,2.43,-0.031175059952038398,0.6625514403292181,318.3,325.8,-0.03330191643103997,-0.05555555555555558,2.84,2.95,-0.0010563380281688461,-0.03830508474576266,2433.04843804844,1619.48754367165,0.039808658440392275,0.5621638105050943,92.0478,92.4928,0.005227718641836132,0.0003913818156655591,203.2,202.6,0.0004921259842520787,0.0034550839091807006,1.76,1.8,0.09659090909090895,0.07222222222222219
2013-06-01,560.1577065,297.111913214286,1058.5923854,763.043603845228,103.3585,95.7695,313.6,93.2836,2.17336,-0.41,0.86,-2.79,-0.497,0.227,3.849,266.850879166667,1115.861602,1472.0715625,5.33175003525,6.13415,3.0206500000000003,2.74025,3.021,3.82,304.8,2.813,2600.18930230453,93.2836,203.4,2.3,6.330001982772578,542.199223125,522.3291925,295.368975,267.328921768707,0.005900884526839789,0.1114095371669035,1082.779071,1097.79577809524,-0.02233759983711392,-0.035711006980971294,763.381461314682,927.6276422504,-0.00044258013401610174,-0.17742468088369545,102.980434782609,95.8890476190476,0.003671233455064593,0.07789682519975982,94.7669565217391,82.4004761904762,0.01057904057550818,0.1622444969689263,322.4,311.6,-0.027295285359801302,0.006418485237484006,92.529,93.8809,0.008155281047023122,-0.006362316509534893,2.036472727272727,2.0481952380952384,0.06721782761637773,0.06110978073611828,-0.36,-0.01,0.13888888888888884,40.0,3.12,0.48,-0.7243589743589745,0.7916666666666667,1.39,3.98,-3.0071942446043165,-1.7010050251256281,-0.506,0.001,-0.017786561264822143,-498.0,0.218,-0.067,0.041284403669724856,-4.388059701492537,3.87,3.759,-0.005426356589147252,0.023942537909018347,276.045146666667,241.965793492064,-0.033307115198450976,0.10284546966519548,1117.66320304348,1182.6853047619,-0.0016119355442446581,-0.056501676729088124,1466.97454710145,1441.0,0.0034745084082208333,0.02156249999999993,5.23933335704762,4.49200001214286,0.01763901471893692,0.18694345966988224,6.141631818181819,6.363257142857143,-0.0012182134004954381,-0.036004696606410036,2.9995000000000003,2.626333333333333,0.007051175195865955,0.1501396116258411,2.742136363636364,2.602428571428572,-0.0006879175162034512,0.05295877477081823,2.999,2.626,0.007335778592864273,0.15041888804265047,4.04,2.46,-0.054455445544554504,0.5528455284552845,307.7,295.4,-0.00942476438089035,0.031821259309411154,2.837,2.651,-0.00845964046528025,0.061109015465862004,2529.90483228764,1546.31549917264,0.027781467950846128,0.681538666394903,92.529,93.8809,0.008155281047023122,-0.006362316509534893,203.3,200.0,0.0004918839153960075,0.017000000000000126,1.93,1.62,0.1917098445595855,0.41975308641975295
2013-07-01,548.349617454545,279.013271428571,1000.837354,729.857477270013,107.779565217391,104.42652173913,290.2,93.8724,2.2518318181818184,-0.4,0.75,3.61,-0.18,0.057,3.866,257.472893333333,1003.37275,1375.47626811594,5.4397282393043485,6.13425,3.0473636363636363,2.9235454545454544,3.047,3.63,311.6,3.005,2243.38953909266,93.8724,203.6,2.58,6.308735064786485,560.1577065,609.4467555,297.111913214286,332.99885255102,-0.06091523422913614,-0.16211942085949882,1058.5923854,1175.27242380952,-0.05455832877371081,-0.14842096715254094,763.043603845228,952.539138657086,-0.043491782655642686,-0.23377691514179177,103.3585,102.979545454545,0.042774084544483504,0.046611390074203785,95.7695,87.9190909090909,0.0903943503843081,0.18775706913425583,313.6,312.0,-0.07461734693877564,-0.06987179487179496,93.2836,93.4062,0.006311934788108431,0.0049911033742942035,2.17336,2.029552380952381,0.03610622178645895,0.10952140940808408,-0.41,0.25,-0.024390243902438935,-2.6,0.86,0.74,-0.12790697674418605,0.013513513513513598,-2.79,3.58,-2.293906810035842,0.008379888268156277,-0.497,0.546,-0.6378269617706238,-1.3296703296703296,0.227,-0.421,-0.748898678414097,-1.1353919239904988,3.849,3.721,0.004416731618602121,0.03896801934963712,266.850879166667,310.746438095238,-0.03514317008293166,-0.1714373464373472,1115.861602,1209.43215,-0.10080896394174876,-0.1703769822887543,1472.0715625,1505.54479166667,-0.06561861314677764,-0.08639299492826213,5.33175003525,4.548090913,0.02025192541669596,0.1960465046456621,6.13415,6.371742857142857,1.6302177155758102e-05,-0.037272825107281804,3.0206500000000003,2.819619047619048,0.008843671515612828,0.08077140383091863,2.74025,2.747523809523809,0.0668900481873751,0.06406555765285726,3.021,2.819,0.008606421714664192,0.08087974459028024,3.82,2.96,-0.04973821989528793,0.22635135135135132,304.8,298.7,0.022309711286089273,0.04318714429193182,2.813,2.821,0.06825453252755054,0.06522509748316185,2600.18930230453,1541.45138645139,-0.13722068731520465,0.4553748232418915,93.2836,93.4062,0.006311934788108431,0.0049911033742942035,203.4,199.6,0.000983284169124854,0.02004008016032066,2.3,1.53,0.1217391304347828,0.6862745098039216
2013-08-01,498.048327238636,234.938766071429,944.268809,722.835323978943,111.058181818182,106.435454545455,267.9,93.7149,2.340790909090909,-0.32,1.63,2.13,-0.194,0.075,3.905,258.925938333333,991.211665454545,1152.390625,5.58231819763636,6.121263636363636,2.8253181818181816,2.933,2.825,3.43,319.3,2.966,2506.11130687302,93.7149,204.1,2.74,6.2127029392356565,548.349617454545,622.913549771739,279.013271428571,332.233495341615,-0.1579656233966108,-0.2928504519694618,1000.837354,1188.510642,-0.056521216733083635,-0.20550243672113455,729.857477270013,930.614436340847,-0.009621266493474612,-0.2232708888322067,107.779565217391,113.780434782609,0.030419649533546034,-0.02392549272313982,104.42652173913,94.1182608695652,0.019237764246745392,0.13086932931070328,290.2,301.3,-0.07684355616815997,-0.11085297046133435,93.8724,92.5283,-0.001677809451979484,0.012824184600819466,2.2518318181818184,2.0279434782608696,0.03950521090909809,0.15426831870991387,-0.4,0.37,-0.20000000000000007,-1.864864864864865,0.75,2.05,1.1733333333333333,-0.20487804878048776,3.61,7.51,-0.40997229916897504,-0.7163781624500666,-0.18,0.652,0.07777777777777795,-1.2975460122699387,0.057,-0.358,0.3157894736842104,-1.2094972067039107,3.866,3.983,0.010087946197620212,-0.019583228722068857,257.472893333333,315.548219130435,0.005643487285936777,-0.17944097720829344,1003.37275,1221.66654782609,-0.012120206120262877,-0.1886397583543814,1375.47626811594,1549.85815217391,-0.1621879259476514,-0.2564541320225995,5.4397282393043485,4.60765210447826,0.02621269888112021,0.21153204952492066,6.13425,6.359278260869565,-0.002117025493966418,-0.037427930457218705,3.0473636363636363,3.1291739130434784,-0.07286477133737068,-0.09710413664089457,2.9235454545454544,3.0225652173913047,0.003233931403339607,-0.02963218688416136,3.047,3.129,-0.07285854939284542,-0.09715564077980177,3.63,2.84,-0.05509641873278226,0.2077464788732395,311.6,324.1,0.02471116816431329,-0.01481024375192841,3.005,3.03,-0.012978369384359256,-0.021122112211220956,2243.38953909266,1515.53382575122,0.11710929519918234,0.6536162138319745,93.8724,92.5283,-0.001677809451979484,0.012824184600819466,203.6,202.1,0.0024557956777995216,0.009896091044037547,2.58,1.68,0.0620155038759691,0.6309523809523812
2013-09-01,503.2371222375,207.490173392857,934.9683189,725.796977269961,111.962857142857,106.395238095238,263.8,93.4706,2.264105,-0.26,2.9,5.2,-0.31,0.127,3.961,257.499616,985.022421904762,1158.37529761905,5.736428555952379,6.119815,2.9074,2.7968,2.907,3.62,328.0,2.734,2291.86227721663,93.4706,203.9,2.81,6.223046638060019,498.048327238636,615.18139725,234.938766071429,320.705905639098,-0.11683296519156283,-0.35302041607442913,944.268809,1213.29521210526,-0.009849409417483024,-0.22939750394491254,722.835323978943,879.533980138316,0.004097272494536064,-0.17479370478009082,111.058181818182,113.6415,0.00814595836042109,-0.014771389476053942,106.435454545455,94.7045,-0.0003778482498031366,0.12344437798877572,267.9,304.3,-0.015304217991787827,-0.1330923430824844,93.7149,90.9802,-0.002606842668561704,0.027372988848123114,2.340790909090909,2.026857894736842,-0.03276068306361102,0.11705167189037735,-0.32,0.37,-0.1875,-1.7027027027027026,1.63,3.49,0.7791411042944787,-0.1690544412607451,2.13,12.81,1.4413145539906105,-0.5940671350507416,-0.194,0.453,0.5979381443298968,-1.684326710816777,0.075,-0.077,0.6933333333333334,-2.6493506493506493,3.905,4.12,0.014340588988476233,-0.03859223300970882,258.925938333333,316.653051578947,-0.005508611236533678,-0.1868083547086835,991.211665454545,1267.898245,-0.006244118956110878,-0.2231060924729319,1152.390625,1582.8484375,0.005193267360231957,-0.2681704260651615,5.58231819763636,4.6695499896,0.027606874574307216,0.2284756708309208,6.121263636363636,6.32,-0.0002366564241785829,-0.03167484177215196,2.8253181818181816,3.1626315789473685,0.029052238685908227,-0.08070227991346313,2.933,3.270421052631579,-0.046437095124445826,-0.14481959509478892,2.825,3.162,0.029026548672566266,-0.08064516129032251,3.43,2.85,0.055393586005830775,0.2701754385964912,319.3,342.4,0.02724710303789535,-0.04205607476635509,2.966,2.996,-0.07821982467970334,-0.08744993324432582,2506.11130687302,1588.56081081081,-0.08549062807737684,0.44272870236982076,93.7149,90.9802,-0.002606842668561704,0.027372988848123114,204.1,203.8,-0.000979911807937217,0.0004906771344455052,2.74,1.72,0.025547445255474477,0.6337209302325582
2013-10-01,472.827516913043,201.779992857143,897.663752173913,762.620879508893,109.618695652174,100.556956521739,258.5,92.4993,2.1882227272727275,-0.18,4.48,-0.15,-0.168,0.155,3.885,278.149556666667,1009.27474478261,1187.12817028985,5.84788048804348,6.103213636363637,2.7609565217391308,2.6852608695652176,2.761,3.66,318.4,2.635,2338.33448962355,92.4993,202.5,2.62,6.16084336710253,503.2371222375,565.525481804348,207.490173392857,321.382417321428,-0.027520245620993755,-0.37214986887308665,934.9683189,1119.91820408696,-0.03989928425593725,-0.1984559685716023,725.796977269961,768.090641601712,0.05073581647782932,-0.007121245588167624,111.962857142857,111.792608695652,-0.0209369566881632,-0.01944594610361361,106.395238095238,89.5965217391304,-0.05487352327058992,0.1223310299312852,263.8,310.9,-0.020090978013646787,-0.16854293985204238,93.4706,90.7566,-0.010391502782693185,0.01920190928263077,2.264105,2.0297318181818182,-0.033515350536866606,0.07808465516044438,-0.26,0.27,-0.3076923076923077,-1.6666666666666665,2.9,4.97,0.5448275862068968,-0.09859154929577452,5.2,14.31,-1.0288461538461537,-1.0104821802935011,-0.31,0.11,-0.4580645161290322,-2.5272727272727273,0.127,0.116,0.22047244094488194,0.336206896551724,3.961,4.094,-0.019187073971219437,-0.05105031753786038,257.499616,318.407834927536,0.08019406392694206,-0.12643620490692709,985.022421904762,1216.49266956522,0.02462108713317468,-0.17034046317489993,1158.37529761905,1483.15969202898,0.024821724643040444,-0.19959517732993093,5.736428555952379,4.72552175108696,0.019428801562507703,0.23751001393620852,6.119815,6.262731818181819,-0.002712723119304039,-0.025471022302930635,2.9074,3.134782608695652,-0.050369222762904786,-0.1192510402219139,2.7968,2.974826086956522,-0.039880981991841646,-0.09733853641425882,2.907,3.135,-0.05022359821121425,-0.11929824561403501,3.62,3.31,0.011049723756906049,0.1057401812688823,328.0,351.0,-0.029268292682926855,-0.09287749287749292,2.734,2.806,-0.0362106803218728,-0.06094084105488251,2291.86227721663,1637.41228806446,0.020277052800641515,0.4280670217686169,93.4706,90.7566,-0.010391502782693185,0.01920190928263077,203.9,202.8,-0.006866110838646411,-0.0014792899408284654,2.81,1.75,-0.06761565836298933,0.4971428571428571
2013-11-01,476.6622412125,199.182444172932,897.3134093,810.300668509088,108.150476190476,93.8509523809524,256.0,93.3737,2.295936842105263,-0.17,3.06,1.42,0.199,0.026,3.839,259.777723333333,1021.48707095238,1192.39890873016,6.017380986904759,6.092931578947368,2.65125,2.67345,2.651,3.62,307.0,2.63,2392.1686366692,93.3737,201.1,2.72,6.168903874384067,472.827516913043,533.028608,201.779992857143,321.596870488722,-0.012873172644277009,-0.3806455769602488,897.663752173913,1071.76026571429,-0.0003902829684997444,-0.16276667646194865,762.620879508893,743.12977503119,0.06252095934076629,0.09038918333621981,109.618695652174,109.911818181818,-0.013393878233661338,-0.01602504644612801,100.556956521739,86.7209090909091,-0.06668861481837751,0.0822182719806237,258.5,310.1,-0.009671179883945835,-0.17445985166075462,92.4993,91.4751,0.009453044509525999,0.020755374959961825,2.1882227272727275,2.06622,0.04922447495405735,0.11117733934685714,-0.18,0.05,-0.05555555555555547,-4.4,4.48,5.35,-0.3169642857142858,-0.42803738317757,-0.15,0.95,-10.466666666666667,0.49473684210526314,-0.168,-0.1,-2.1845238095238093,-2.99,0.155,0.122,-0.832258064516129,-0.7868852459016393,3.885,4.0,-0.011840411840411846,-0.04025000000000001,278.149556666667,319.459936190476,-0.06605019815059698,-0.18682221491948803,1009.27474478261,1199.95621818182,0.01210010082279478,-0.1487297157390104,1187.12817028985,1483.02916666667,0.004439906803848315,-0.19597069597069705,5.84788048804348,4.79649996745455,0.028984945777848603,0.2545358131417057,6.103213636363637,6.23375,-0.0016846956421461279,-0.02258968053781929,2.7609565217391308,2.7924761904761906,-0.03973496897735507,-0.050573820811022796,2.6852608695652176,2.817333333333333,-0.004398406761548679,-0.05107075248461901,2.761,2.792,-0.03984063745019928,-0.050501432664756485,3.66,3.55,-0.010928961748633892,0.019718309859154903,318.4,323.8,-0.03580402010050243,-0.05188387893761581,2.635,2.692,-0.001897533206831059,-0.023031203566121983,2338.33448962355,1675.89066339066,0.023022432113344538,0.4274013746394216,92.4993,91.4751,0.009453044509525999,0.020755374959961825,202.5,200.7,-0.006913580246913575,0.0019930244145491827,2.62,1.65,0.03816793893129766,0.6484848484848487
2013-12-01,488.66933875,197.553448639456,872.473115904762,795.274809614982,111.070454545455,97.8904545454545,252.2,93.534,2.347095238095238,-0.27,2.85,-4.11,0.141,-0.152,3.882,246.112578730159,1007.59678954545,1169.175,6.34204545886364,6.0738,2.6853333333333333,2.7357142857142858,2.685,4.24,314.7,2.722,2207.45100391585,93.534,202.0,2.9,6.193730344434377,476.6622412125,534.7907746125,199.182444172932,308.75040056391,-0.008178409197859282,-0.360151603759415,897.3134093,1088.7846563,-0.027682962427381996,-0.19867247315031622,810.300668509088,713.936122329513,-0.018543559789667707,0.11392992277806013,108.150476190476,109.569047619048,0.0269992186611947,0.013702838155781993,93.8509523809524,88.2628571428571,0.04304167471956233,0.10907869645568735,256.0,310.1,-0.014843750000000044,-0.18671396323766531,93.3737,90.8804,0.0017167575023802062,0.029198815146060264,2.295936842105263,2.07746,0.022282144287150807,0.12979082056705704,-0.17,-0.21,0.588235294117647,0.2857142857142858,3.06,3.92,-0.06862745098039214,-0.2729591836734694,1.42,3.17,-3.894366197183099,-2.2965299684542586,0.199,0.268,-0.29145728643216096,-0.47388059701492546,0.026,-0.055,-6.846153846153847,1.7636363636363637,3.839,3.961,0.011200833550403688,-0.019944458470083193,259.777723333333,303.038556140351,-0.052603219505621746,-0.18785060929285502,1021.48707095238,1191.08074714286,-0.013598098108064671,-0.15404829440619172,1192.39890873016,1510.9056547619,-0.019476626957745435,-0.22617603798415364,6.017380986904759,4.881333328380952,0.05395444839963237,0.2992444957589444,6.092931578947368,6.232815,-0.0031399628732862173,-0.025512549305570564,2.65125,2.6154,0.012855571271412902,0.026739058397695636,2.67345,2.7274000000000003,0.023289863552445667,0.0030484291685435316,2.651,2.615,0.012825348924934143,0.026768642447418722,3.62,3.34,0.17127071823204432,0.2694610778443114,307.0,317.4,0.025081433224755756,-0.008506616257088817,2.63,2.697,0.034980988593156015,0.009269558769002595,2392.1686366692,1863.89685603972,-0.07721764675025033,0.18432036448952993,93.3737,90.8804,0.0017167575023802062,0.029198815146060264,201.1,200.4,0.004475385380407815,0.007984031936127733,2.72,1.72,0.06617647058823528,0.6860465116279069
2014-01-01,476.1021185,198.771988605442,831.351703809524,769.337282775421,107.926956521739,94.9630434782609,249.4,94.4648,2.3857809523809523,-0.42,0.77,-9.8,-0.101,0.024,3.893,229.980359365079,951.764827826087,1110.11820652174,7.097010799,6.050938095238095,2.6275714285714287,2.672428571428572,2.628,4.69,308.5,2.646,2431.17888815155,94.4647,203.8,2.86,6.167730552881098,488.66933875,526.047305,197.553448639456,303.36021122449,0.006168153349779715,-0.3447657891484376,872.473115904762,1122.83396238095,-0.04713201054062832,-0.2595951568416607,795.274809614982,776.540602794027,-0.03261454597325697,-0.009276166619862636,111.070454545455,112.527826086957,-0.028301838113298894,-0.040886505366793835,97.8904545454545,94.7295652173913,-0.02990496959879052,0.0024646820697826755,252.2,308.0,-0.011102299762093537,-0.19025974025974024,93.534,90.8255,0.009951461500630643,0.04006914357751934,2.347095238095238,2.028109523809524,0.016482379435573735,0.17635705782772115,-0.27,-0.43,0.5555555555555554,-0.023255813953488413,2.85,2.86,-0.7298245614035088,-0.7307692307692307,-4.11,2.99,1.3844282238442824,-4.277591973244148,0.141,-0.065,-1.7163120567375887,0.5538461538461539,-0.152,0.119,-1.1578947368421053,-0.7983193277310925,3.882,3.909,0.0028335909325090114,-0.004093118444615018,246.112578730159,288.210322539683,-0.06554813024314188,-0.20203982515784602,1007.59678954545,1208.0832,-0.05541101589312336,-0.21216946992882035,1169.175,1506.7847826087,-0.05051150895140588,-0.2632536382536398,6.34204545886364,4.947869529,0.11904130063924745,0.43435689995535465,6.0738,6.221519047619048,-0.0037640200141435542,-0.027417894420211364,2.6853333333333333,2.90047619047619,-0.02151014328273515,-0.0940896404531274,2.7357142857142858,2.852238095238095,-0.023133159268929337,-0.06304155466884787,2.685,2.9,-0.02122905027932953,-0.09379310344827585,4.24,3.33,0.10613207547169812,0.40840840840840853,314.7,318.9,-0.01970130282809024,-0.03261210410787074,2.722,2.827,-0.02792064658339455,-0.06402546869472936,2207.45100391585,1985.40876280007,0.10135123445042438,0.22452309756243816,93.534,90.8255,0.00995039237068851,0.04006804256513852,202.0,201.6,0.008910891089108919,0.010912698412698596,2.9,1.91,-0.01379310344827589,0.4973821989528795
2014-02-01,496.798997486842,209.356019548872,873.656096210526,811.204668117423,108.838,100.705,262.4,94.6456,2.3792,-0.46,-1.92,-13.08,-0.089,0.001,3.984,242.798281578947,974.823446,1137.0390625,7.846625089550002,6.0816,2.868684210526316,2.795526315789474,2.869,6.01,322.0,2.759,2323.84068080357,94.6456,205.8,2.71,6.210196376044043,476.1021185,536.375830144737,198.771988605442,302.61034047619,0.05324709491355484,-0.30816633952617833,831.351703809524,1131.97954389474,0.05088627617787944,-0.22820504935576358,769.337282775421,792.38025467019,0.054420065528299144,0.023756792696794538,107.926956521739,116.488,0.00844129685133388,-0.06567200054941291,94.9630434782609,95.3095,0.0604651695167453,0.05661030642275944,249.4,309.8,0.05212510024057737,-0.15300193673337648,94.4648,91.5509,0.0019139404307213503,0.03380305382033377,2.3857809523809523,1.9729315789473685,-0.002758405952727805,0.20592119128094177,-0.42,-0.43,0.09523809523809534,0.06976744186046524,0.77,1.63,-3.4935064935064934,-2.177914110429448,-9.8,3.66,0.3346938775510204,-4.573770491803279,-0.101,0.189,-0.11881188118811892,-1.470899470899471,0.024,0.044,-0.9583333333333334,-0.9772727272727273,3.893,4.111,0.02337528898022101,-0.030892726830454853,229.980359365079,271.678588703704,0.05573485600794448,-0.10630321389167041,951.764827826087,1217.642295,0.02422722241856845,-0.19941722622241875,1110.11820652174,1512.5996875,0.02425044091710693,-0.24828818100625194,7.097010799,5.0094999791,0.10562394672636333,0.5663489614306207,6.050938095238095,6.232268421052631,0.005067297711413454,-0.02417553463257016,2.6275714285714287,3.332210526315789,0.09176259847138635,-0.13910475107404585,2.672428571428572,3.052842105263158,0.0460621270394137,-0.08428729053168738,2.628,3.332,0.09170471841704719,-0.13895558223289306,4.69,3.34,0.28144989339019166,0.7994011976047903,308.5,342.4,0.04376012965964349,-0.05957943925233644,2.646,3.035,0.042705971277399835,-0.09093904448105439,2431.17888815155,1923.49806949807,-0.04415068256437105,0.2081325776479559,94.4647,91.5509,0.0019150010533035555,0.03380305382033377,203.8,204.1,0.00981354268891077,0.008329250367467012,2.86,1.98,-0.05244755244755239,0.36868686868686873
2014-03-01,522.00112375,222.392917176871,928.543951238095,860.51868173512,107.868095238095,100.568095238095,273.1,94.4408,2.3250523809523806,-0.27,-4.4,-7.2,-0.151,0.052,4.001,275.612493968254,1014.2595647619,1152.08521825397,7.928750060857139,6.172876190476191,2.8936666666666664,2.7535238095238093,2.894,6.01,318.1,2.931,2376.98464647683,94.4408,206.2,2.72,6.259583612724183,496.798997486842,536.081397075,209.356019548872,309.579205075188,0.062271424801118025,-0.281628373188509,873.656096210526,1102.8942243,0.06282547018860685,-0.15808431055350203,811.204668117423,771.87090169633,0.06079108707811187,0.1148479361561241,108.838,109.585714285714,-0.00891145337019239,-0.015673749619779853,100.705,93.1990476190476,-0.0013594634020654972,0.07906784250809595,262.4,312.7,0.04077743902439046,-0.1266389510713143,94.6456,92.4132,-0.002163861817136792,0.021940588573926556,2.3792,1.9842142857142857,-0.02275875044032416,0.17177484190695602,-0.46,-0.34,-0.4130434782608695,-0.20588235294117652,-1.92,3.72,1.291666666666667,-2.182795698924731,-13.08,14.96,-0.4495412844036697,-1.481283422459893,-0.089,0.083,0.696629213483146,-2.8192771084337345,0.001,0.043,51.0,0.2093023255813955,3.984,4.068,0.0042670682730925336,-0.016470009832841526,242.798281578947,263.341859,0.13515010145834694,0.04659583939617429,974.823446,1162.42271523809,0.04045462685958001,-0.12746064622957998,1137.0390625,1462.01458333333,0.013232751846614654,-0.2119878752322254,7.846625089550002,5.08704759971429,0.010466279498495545,0.5586152685700152,6.0816,6.215438095238095,0.015008581701557278,-0.006847772290502374,2.868684210526316,3.02945,0.00870868116074952,-0.04482111714447634,2.795526315789474,2.9137,-0.015024901045799233,-0.054973466889587375,2.869,3.029,0.008713837574067629,-0.044569164740838496,6.01,3.82,0.0,0.5732984293193717,322.0,321.0,-0.012111801242235987,-0.009034267912772509,2.759,3.12,0.06234142805364273,-0.060576923076923084,2323.84068080357,2366.59955874242,0.022869022869021816,0.004388189669032538,94.6456,92.4132,-0.002163861817136792,0.021940588573926556,205.8,203.3,0.0019436345966956647,0.014264633546482886,2.71,1.96,0.0036900369003691758,0.38775510204081653
2014-04-01,547.18805525,222.430410714286,934.097494,825.324971657079,108.003636363636,102.175,289.5,93.9956,2.2324727272727274,0.04,-3.68,0.55,-0.058,0.079,3.964,276.382361269841,1008.34933954545,1125.09895833333,8.001250266999998,6.224613636363636,3.1693809523809526,2.896428571428572,3.169,6.01,318.7,3.012,2256.20290631033,93.9956,206.7,2.71,6.306618394594453,522.00112375,517.789715147727,222.392917176871,279.764846428571,0.00016859141869685068,-0.20493795573749285,928.543951238095,1086.747387,0.005980915340087156,-0.1404649275683052,860.51868173512,756.461298988703,-0.040898252211186925,0.09103396665558217,107.868095238095,102.96,0.0012565450909449716,0.04898636716818183,100.568095238095,92.0677272727273,0.015978275795128116,0.10978084315400194,273.1,318.0,0.06005126327352617,-0.089622641509434,94.4408,92.0478,-0.0047140642603620275,0.021160744743492055,2.3250523809523806,2.001109090909091,-0.03981830879944781,0.11561770291020435,-0.27,-0.3,-1.1481481481481481,-1.1333333333333333,-4.4,2.22,-0.1636363636363637,-2.6576576576576576,-7.2,1.0,-1.0763888888888888,-0.44999999999999996,-0.151,-0.297,-0.6158940397350994,-0.8047138047138047,0.052,0.155,0.5192307692307694,-0.4903225806451613,4.001,3.93,-0.009247688077980598,0.00865139949109417,275.612493968254,264.170261666667,0.0027932960893843894,0.04622813910289181,1014.2595647619,1130.70445227273,-0.005827132838365223,-0.10821140084957181,1152.08521825397,1439.22604166667,-0.023423840088443004,-0.21826111690528516,7.928750060857139,5.151409105727272,0.009143964128820237,0.5532158488644026,6.172876190476191,6.186109090909091,0.008381416424205756,0.006224356035222645,2.8936666666666664,2.906590909090909,0.09528197870554767,0.09041177500009323,2.7535238095238093,2.706,0.05189886552296641,0.07037271671418033,2.894,2.906,0.0950241879751208,0.09050240880936,6.01,4.17,0.0,0.44124700239808146,318.1,318.3,0.0018861993083933992,0.0012566760917371855,2.931,2.84,0.02763561924257929,0.06056338028169028,2376.98464647683,2433.04843804844,-0.05081300813007905,-0.07268475586945511,94.4408,92.0478,-0.0047140642603620275,0.021160744743492055,206.2,203.2,0.002424830261881672,0.017224409448818978,2.72,1.76,-0.003676470588235392,0.5397727272727273
2014-05-01,546.03325325,216.975101020408,893.532486,800.287339283589,109.832272727273,101.996363636364,300.4,93.67,2.219509523809524,0.21,-3.8,-6.1,-0.092,0.255,3.943,287.912873809524,948.998573181818,1127.28229166667,8.0388636155,6.237957142857143,3.036095238095238,2.862380952380952,3.036,6.01,316.5,2.958,2217.55274945705,93.67,206.5,2.56,6.304509592621752,547.18805525,542.199223125,222.430410714286,295.368975,-0.024525916561316863,-0.26540998078620814,934.097494,1082.779071,-0.043426953032806304,-0.17477857678318576,825.324971657079,763.381461314682,-0.030336695523970114,0.04834526359252722,108.003636363636,102.980434782609,0.016931248106130115,0.06653533711649384,102.175,94.7669565217391,-0.0017483373000831692,0.07628615901542113,289.5,322.4,0.03765112262521586,-0.06823821339950376,93.9956,92.529,-0.003463991931537125,0.012331269115628762,2.2324727272727274,2.036472727272727,-0.005806657033181173,0.08987932619255967,0.04,-0.36,4.25,-1.5833333333333335,-3.68,3.12,0.032608695652173836,-2.217948717948718,0.55,1.39,-12.09090909090909,-5.388489208633094,-0.058,-0.506,0.586206896551724,-0.8181818181818181,0.079,0.218,2.2278481012658227,0.16972477064220182,3.964,3.87,-0.005297679112008069,0.01886304909560721,276.382361269841,276.045146666667,0.041719422638644366,0.042991978979393775,1008.34933954545,1117.66320304348,-0.058859329833435,-0.15090827845309374,1125.09895833333,1466.97454710145,0.001940570042455958,-0.2315597473084775,8.001250266999998,5.23933335704762,0.004700933884687064,0.5343294781361123,6.224613636363636,6.141631818181819,0.0021436682295516984,0.015683995317036237,3.1693809523809526,2.9995000000000003,-0.04205417912466014,0.01220044610609694,2.896428571428572,2.742136363636364,-0.01175503493629293,0.04385069624514615,3.169,2.999,-0.04196907541811301,0.01233744581527163,6.01,4.04,0.0,0.4876237623762376,318.7,307.7,-0.006903043614684634,0.028599285017874676,3.012,2.837,-0.017928286852589626,0.0426506873457877,2256.20290631033,2529.90483228764,-0.017130620985009837,-0.12346396545997695,93.9956,92.529,-0.003463991931537125,0.012331269115628762,206.7,203.3,-0.0009675858732461906,0.015740285292670908,2.71,1.93,-0.05535055350553497,0.3264248704663213
2014-06-01,528.00259475,202.633822959184,871.57027152381,758.471935550584,112.240952380952,105.234761904762,287.6,93.8274,2.236019047619048,0.16,-4.29,-2.43,-0.028,0.16,3.906,261.649900634921,932.074471904762,1112.05744047619,8.124702362428572,6.230604761904762,3.1158571428571427,2.895809523809524,3.116,6.01,308.8,3.04,2212.72147985039,93.8274,207.0,2.6,6.270993336855722,546.03325325,560.1577065,216.975101020408,297.111913214286,-0.06609642301710517,-0.31798822616365974,893.532486,1058.5923854,-0.024579088975831498,-0.17667056409585058,800.287339283589,763.043603845228,-0.052250487644147636,-0.005991359172143995,109.832272727273,103.3585,0.021930527283725132,0.08593828645880097,101.996363636364,95.7695,0.031750134543457875,0.09883378220374972,300.4,313.6,-0.04260985352862834,-0.08290816326530615,93.67,93.2836,0.0016803672467171626,0.005829534880729126,2.219509523809524,2.17336,0.007438365833721372,0.028830496383041915,0.21,-0.41,-0.23809523809523803,-1.3902439024390243,-3.8,0.86,0.1289473684210527,-5.988372093023256,-6.1,-2.79,-0.601639344262295,-0.12903225806451613,-0.092,-0.497,-0.6956521739130435,-0.9436619718309859,0.255,0.227,-0.37254901960784315,-0.2951541850220264,3.943,3.849,-0.009383717981232498,0.014809041309431059,287.912873809524,266.850879166667,-0.0912184746277721,-0.01949020572084259,948.998573181818,1115.861602,-0.017833642489379575,-0.1647042337202297,1127.28229166667,1472.0715625,-0.01350580178809535,-0.24456292152835468,8.0388636155,5.33175003525,0.010677970299566075,0.5238340711236313,6.237957142857143,6.13415,-0.0011786520464956984,0.015724226160880095,3.036095238095238,3.0206500000000003,0.026271213024247952,0.03151876015332533,2.862380952380952,2.74025,0.011678589253036442,0.05676836923985906,3.036,3.021,0.026350461133069825,0.03144654088050314,6.01,3.82,0.0,0.5732984293193717,316.5,304.8,-0.024328593996840397,0.013123359580052396,2.958,2.813,0.02772143340094657,0.08069676501955203,2217.55274945705,2600.18930230453,-0.002178649237472685,-0.14901523597175403,93.67,93.2836,0.0016803672467171626,0.005829534880729126,206.5,203.4,0.002421307506053294,0.017699115044247815,2.56,2.3,0.015625,0.1304347826086958
2014-07-01,463.233671488636,182.29451625,813.855515,752.885193673306,107.462608695652,102.948260869565,273.0,93.6039,2.224213636363636,0.05,-2.13,1.91,-0.363,0.393,3.884,238.549905,880.603739565218,1061.82382246377,8.159836934999998,6.198436363636364,2.907681818181818,2.802136363636364,2.908,6.01,307.8,2.91,2145.50381575773,93.6039,206.8,2.54,6.14038802780735,528.00259475,548.349617454545,202.633822959184,279.013271428571,-0.10037468776020131,-0.3466457157516666,871.57027152381,1000.837354,-0.06621928077343031,-0.18682540000400505,758.471935550584,729.857477270013,-0.007365785885304343,0.03155097689678654,112.240952380952,107.779565217391,-0.04257219476436758,-0.0029407849354347038,105.234761904762,104.42652173913,-0.02172762111883031,-0.014155990690352227,287.6,290.2,-0.05076495132127967,-0.05926946933149546,93.8274,93.8724,-0.0023820333932305093,-0.0028602656371841118,2.236019047619048,2.2518318181818184,-0.005279655943889572,-0.012264762223886727,0.16,-0.4,-0.6875,-1.125,-4.29,0.75,-0.5034965034965035,-3.84,-2.43,3.61,-1.7860082304526748,-0.47091412742382277,-0.028,-0.18,11.964285714285714,1.0166666666666666,0.16,0.057,1.4562500000000003,5.894736842105263,3.906,3.866,-0.005632360471070186,0.00465597516813232,261.649900634921,257.472893333333,-0.08828589492625993,-0.07349507005708233,932.074471904762,1003.37275,-0.055221695144552,-0.12235633311227756,1112.05744047619,1375.47626811594,-0.04517178356444396,-0.22803188460808244,8.124702362428572,5.4397282393043485,0.0043244134989979255,0.5000449610775972,6.230604761904762,6.13425,-0.005162965634585404,0.010463604130311666,3.1158571428571427,3.0473636363636363,-0.06681157547692784,-0.04583693803884137,2.895809523809524,2.9235454545454544,-0.032347832066637494,-0.0415280325880778,3.116,3.047,-0.06675224646983313,-0.045618641286511386,6.01,3.63,0.0,0.6556473829201102,308.8,311.6,-0.0032383419689119286,-0.012195121951219523,3.04,3.005,-0.042763157894736836,-0.03161397670549082,2212.72147985039,2243.38953909266,-0.030377824188340563,-0.04363295880149276,93.8274,93.8724,-0.0023820333932305093,-0.0028602656371841118,207.0,203.6,-0.0009661835748792091,0.015717092337917515,2.6,2.58,-0.023076923076923106,-0.015503875968992276
2014-08-01,432.98513625,176.482080612245,745.843942380952,677.86216106537,102.401904761905,96.3171428571429,271.1,94.5808,2.268519047619048,0.07,-0.34,0.63,-0.372,0.297,3.838,229.158001111111,848.766658095238,992.545932539683,8.31660715752381,6.15412857142857,2.808142857142857,2.7054285714285715,2.808,6.01,306.9,2.733,1986.80211062465,94.5808,206.1,2.42,6.07301028524203,463.233671488636,498.048327238636,182.29451625,234.938766071429,-0.03188486278865221,-0.2488166871592884,813.855515,944.268809,-0.08356713368102942,-0.21013599594503607,752.885193673306,722.835323978943,-0.09964737417919034,-0.062217716015886326,107.462608695652,111.058181818182,-0.04709269573084307,-0.07794362301418334,102.948260869565,106.435454545455,-0.06441214214219415,-0.09506523678151735,273.0,267.9,-0.006959706959706824,0.011944755505785887,93.6039,93.7149,0.010436530956509316,0.00923972602008849,2.224213636363636,2.340790909090909,0.019919584401005386,-0.030874975287702555,0.05,-0.32,0.40000000000000013,-1.21875,-2.13,1.63,-0.84037558685446,-1.2085889570552149,1.91,2.13,-0.6701570680628273,-0.704225352112676,-0.363,-0.194,0.024793388429751984,0.9175257731958761,0.393,0.075,-0.24427480916030542,2.96,3.884,3.905,-0.011843460350154489,-0.017157490396926933,238.549905,258.925938333333,-0.039370813787953485,-0.11496699563525281,880.603739565218,991.211665454545,-0.036153697786587835,-0.14370796099739735,1061.82382246377,1152.390625,-0.06524424151959618,-0.1387070399503788,8.159836934999998,5.58231819763636,0.019212421004564106,0.48981245122235983,6.198436363636364,6.121263636363636,-0.007148220875143441,0.005368978860786022,2.907681818181818,2.8253181818181816,-0.03423309951472031,-0.006079076256208404,2.802136363636364,2.933,-0.03451216488347264,-0.0775899858750182,2.908,2.825,-0.03438789546079779,-0.00601769911504435,6.01,3.43,0.0,0.7521865889212827,307.8,319.3,-0.0029239766081872176,-0.03883495145631077,2.91,2.966,-0.06082474226804124,-0.07855697909642623,2145.50381575773,2506.11130687302,-0.073969435042478,-0.20721713150735277,93.6039,93.7149,0.010436530956509316,0.00923972602008849,206.8,204.1,-0.0033849129593811478,0.009799118079372837,2.54,2.74,-0.047244094488189003,-0.11678832116788329
2014-09-01,368.84988275,163.134381292517,711.735321523809,656.983081654465,97.8527272727273,93.2718181818182,271.3,96.1209,2.3378809523809525,0.23,1.8,5.42,-0.145,0.14,3.792,211.171101428571,819.573948181818,983.045833333334,8.415624922136361,6.138228571428571,2.7193333333333336,2.720952380952381,2.719,6.01,302.3,2.59,2008.05133105914,96.1209,205.2,2.53,5.913097201013413,432.98513625,503.2371222375,176.482080612245,207.490173392857,-0.07563203739112023,-0.21377297717303367,745.843942380952,934.9683189,-0.04573157857695831,-0.23875995888163026,677.86216106537,725.796977269961,-0.030801364363058914,-0.09481149380689768,102.401904761905,111.962857142857,-0.044424735064792165,-0.1260250964489602,96.3171428571429,106.395238095238,-0.03161768076781002,-0.1233459330357678,271.1,263.8,0.0007377351530799547,0.028430629264594387,94.5808,93.4706,0.01628343173244473,0.028354370251180594,2.268519047619048,2.264105,0.03057585292691445,0.03258504017302766,0.07,-0.26,2.2857142857142856,-1.8846153846153846,-0.34,2.9,-6.294117647058823,-0.3793103448275862,0.63,5.2,7.603174603174603,0.04230769230769216,-0.372,-0.31,-0.6102150537634409,-0.532258064516129,0.297,0.127,-0.5286195286195285,0.10236220472440949,3.838,3.961,-0.011985409067222563,-0.04266599343600097,229.158001111111,257.499616,-0.07849125753989594,-0.17991682974559853,848.766658095238,985.022421904762,-0.03439427036275544,-0.16796417019930598,992.545932539683,1158.37529761905,-0.009571445406098777,-0.15135808286493324,8.31660715752381,5.736428555952379,0.011906028833281068,0.4670495483472772,6.15412857142857,6.119815,-0.0025836314297718044,0.0030088444550318005,2.808142857142857,2.9074,-0.03162571433416406,-0.06468551512233145,2.7054285714285715,2.7968,0.005738022318442448,-0.02711942900730102,2.808,2.907,-0.03169515669515666,-0.06467148262813904,6.01,3.62,0.0,0.660220994475138,306.9,328.0,-0.014988595633756763,-0.07835365853658538,2.733,2.734,-0.05232345407976591,-0.05267008046817856,1986.80211062465,2291.86227721663,0.010695187165776332,-0.12383420634775943,94.5808,93.4706,0.01628343173244473,0.028354370251180594,206.1,203.9,-0.004366812227074246,0.006375674350171501,2.42,2.81,0.045454545454545414,-0.09964412811387913
2014-10-01,354.440913065217,163.378089285714,721.380419913044,673.086555708356,87.5847826086957,84.4060869565217,272.7,97.4396,2.449531818181818,0.49,3.18,6.17,0.141,0.011,3.681,210.724928333333,837.267998695652,1044.725,8.477771800478257,6.125050000000001,2.3382608695652176,2.398217391304348,2.338,6.01,283.4,2.253,1833.78189852799,97.4396,201.9,2.3,5.873359027455146,368.84988275,472.827516913043,163.134381292517,201.779992857143,0.0014939094461026148,-0.19031571479248155,711.735321523809,897.663752173913,0.01355152413763161,-0.19638013881473515,656.983081654465,762.620879508893,0.02451124618511935,-0.11740345197235458,97.8527272727273,109.618695652174,-0.10493263652645668,-0.20100506498812098,93.2718181818182,100.556956521739,-0.09505262573539852,-0.1606141446984396,271.3,258.5,0.005160339107998402,0.05493230174081232,96.1209,92.4993,0.01371918074008871,0.05340905282526465,2.3378809523809525,2.1882227272727275,0.04775729306796306,0.11941613056673206,0.23,-0.18,1.1304347826086953,-3.7222222222222223,1.8,4.48,0.7666666666666666,-0.2901785714285715,5.42,-0.15,0.13837638376383765,-42.13333333333333,-0.145,-0.168,-1.9724137931034482,-1.8392857142857142,0.14,0.155,-0.9214285714285715,-0.9290322580645162,3.792,3.885,-0.02927215189873411,-0.05250965250965245,211.171101428571,278.149556666667,-0.0021128511061393462,-0.24240422721268384,819.573948181818,1009.27474478261,0.021589327666023728,-0.170426087619984,983.045833333334,1187.12817028985,0.06274292059966591,-0.11995601979109027,8.415624922136361,5.84788048804348,0.007384701542297201,0.4497170073519503,6.138228571428571,6.103213636363637,-0.0021469665515410075,0.0035778468422373866,2.7193333333333336,2.7609565217391308,-0.14013451719837555,-0.15309754023495326,2.720952380952381,2.6852608695652176,-0.11861103924761451,-0.10689593756577787,2.719,2.761,-0.14012504597278408,-0.1532053603766751,6.01,3.66,0.0,0.6420765027322404,302.3,318.4,-0.06252067482633161,-0.10992462311557794,2.59,2.635,-0.13011583011583006,-0.14497153700189747,2008.05133105914,2338.33448962355,-0.0867853474837379,-0.21577434423284247,96.1209,92.4993,0.01371918074008871,0.05340905282526465,205.2,202.5,-0.01608187134502914,-0.002962962962962945,2.53,2.62,-0.09090909090909094,-0.12213740458015276
2014-11-01,379.344859618421,178.708535084034,721.398077052631,662.402970237562,79.2295,75.7075,270.3,99.1147,2.5527277777777777,0.64,3.1,-7.01,0.01,0.261,3.647,215.987918235294,826.530475,1068.89177083333,8.512874937000001,6.124894444444444,2.024578947368421,2.165578947368421,2.024,6.01,272.3,2.058,1991.44933186534,99.1147,198.9,2.33,5.941078366479947,354.440913065217,476.6622412125,163.378089285714,199.182444172932,0.09383416017009649,-0.10278972714644663,721.380419913044,897.3134093,2.4476876693269034e-05,-0.19604669942980302,673.086555708356,810.300668509088,-0.015872528399487162,-0.18252199957288717,87.5847826086957,108.150476190476,-0.09539651021370654,-0.2674142288522152,84.4060869565217,93.8509523809524,-0.10305639403710809,-0.19332198470726147,272.7,256.0,-0.008800880088008722,0.055859375000000044,97.4396,93.3737,0.01719116252529762,0.06148412240277512,2.449531818181818,2.295936842105263,0.04212885043173564,0.11184581864937093,0.49,-0.17,0.30612244897959195,-4.764705882352941,3.18,3.06,-0.02515723270440251,0.013071895424836555,6.17,1.42,-2.1361426256077793,-5.936619718309859,0.141,0.199,-0.9290780141843972,-0.949748743718593,0.011,0.026,22.72727272727273,9.03846153846154,3.681,3.839,-0.009236620483564328,-0.0500130242250586,210.724928333333,259.777723333333,0.024975639776399827,-0.16856643647557967,837.267998695652,1021.48707095238,-0.012824476407051866,-0.19085566670032628,1044.725,1192.39890873016,0.023132183908042725,-0.10357870758902188,8.477771800478257,6.017380986904759,0.004140608800034418,0.41471430104326545,6.125050000000001,6.092931578947368,-2.5396618077655475e-05,0.005245892733723778,2.3382608695652176,2.65125,-0.13415180755906142,-0.23636814809300488,2.398217391304348,2.67345,-0.0970047355921303,-0.1899684125873231,2.338,2.651,-0.1343028229255775,-0.2365145228215767,6.01,3.62,0.0,0.660220994475138,283.4,307.0,-0.03916725476358496,-0.11302931596091204,2.253,2.63,-0.08655126498002674,-0.21749049429657796,1833.78189852799,2392.1686366692,0.08597938144329609,-0.16751298326601782,97.4396,93.3737,0.01719116252529762,0.06148412240277512,201.9,201.1,-0.014858841010401136,-0.010939830929885597,2.3,2.72,0.013043478260869712,-0.14338235294117652
2014-12-01,378.781617375,178.712946088435,705.558568,624.535496211625,62.9039130434783,59.1395652173913,269.1,101.4441,2.6418857142857144,0.66,1.35,2.08,0.046,0.129,3.411,234.858836666667,809.406214782609,1049.03233695652,8.54907637078261,6.188628571428571,1.508181818181818,1.6831363636363634,1.508,6.01,229.9,1.618,1995.10429235039,101.4441,195.0,2.21,5.939596396403775,379.344859618421,488.66933875,178.708535084034,197.553448639456,2.4682673376075215e-05,-0.09536914025432064,721.398077052631,872.473115904762,-0.021956683218987028,-0.1913119669385689,662.402970237562,795.274809614982,-0.0571668240140234,-0.21469221876399858,79.2295,111.070454545455,-0.20605439838092765,-0.43365755275868434,75.7075,97.8904545454545,-0.2188413932914004,-0.3958597343121907,270.3,252.2,-0.004439511653718031,0.06701030927835072,99.1147,93.534,0.023502063770560744,0.08456924754634687,2.5527277777777777,2.347095238095238,0.03492653516919497,0.12559800361135354,0.64,-0.27,0.03125,-3.444444444444444,3.1,2.85,-0.564516129032258,-0.5263157894736842,-7.01,-4.11,-1.296718972895863,-1.506082725060827,0.01,0.141,3.5999999999999996,-0.6737588652482269,0.261,-0.152,-0.5057471264367817,-1.848684210526316,3.647,3.882,-0.06471072114066345,-0.12132921174652245,215.987918235294,246.112578730159,0.087370250084152,-0.04572599304577085,826.530475,1007.59678954545,-0.020718244197095115,-0.1966963142590492,1068.89177083333,1169.175,-0.01857946184890824,-0.10275849470223009,8.512874937000001,6.34204545886364,0.004252550877408501,0.34799985686548873,6.124894444444444,6.0738,0.010405751080647008,0.018905556888368036,2.024578947368421,2.6853333333333333,-0.2550639627354734,-0.43836327525503305,2.165578947368421,2.7357142857142858,-0.22277764766706598,-0.3847543318300499,2.024,2.685,-0.25494071146245056,-0.4383612662942272,6.01,4.24,0.0,0.41745283018867907,272.3,314.7,-0.15571061329416092,-0.2694629806164601,2.058,2.722,-0.21379980563654022,-0.40558412931667887,1991.44933186534,2207.45100391585,0.0018353268780515464,-0.0961954359071947,99.1147,93.534,0.023502063770560744,0.08456924754634687,198.9,202.0,-0.019607843137254943,-0.034653465346534684,2.33,2.9,-0.05150214592274682,-0.23793103448275865
2015-01-01,367.49211555,174.794871428571,707.8814358,641.597233169228,48.9331818181818,47.5572727272727,271.6,103.7607,2.63462,0.55,-0.8,-11.4,-0.1,0.017,2.997,213.0214075,774.332090909091,1004.196875,8.600340973318179,6.218135,1.3014,1.36425,1.301,6.01,182.6,1.341,1951.39371476286,103.7607,189.8,1.88,5.909419315335363,378.781617375,476.1021185,178.712946088435,198.771988605442,-0.02192384349103138,-0.1206262378572115,705.558568,831.351703809524,0.0032922395182364284,-0.14851748958201816,624.535496211625,769.337282775421,0.027319082840123743,-0.16603907345470725,62.9039130434783,107.926956521739,-0.2220963776234417,-0.5466083414635572,59.1395652173913,94.9630434782609,-0.1958467643031061,-0.49920231086359834,269.1,249.4,0.009290226681531122,0.08901363271852447,101.4441,94.4648,0.02283622211641667,0.09840596709038718,2.6418857142857144,2.3857809523809523,-0.002750200073540654,0.10430087781978159,0.66,-0.42,-0.16666666666666663,-2.3095238095238098,1.35,0.77,-1.5925925925925926,-2.0389610389610393,2.08,-9.8,-6.480769230769231,0.16326530612244894,0.046,-0.101,-3.173913043478261,-0.00990099009900991,0.129,0.024,-0.8682170542635659,-0.29166666666666663,3.411,3.893,-0.12137203166226918,-0.23015669149755968,234.858836666667,229.980359365079,-0.09298108377186876,-0.07374087035909771,809.406214782609,951.764827826087,-0.04333315365380319,-0.1864249778196444,1049.03233695652,1110.11820652174,-0.04273982829413814,-0.09541446208112936,8.54907637078261,7.097010799,0.005996507729276068,0.21182582595619048,6.188628571428571,6.050938095238095,0.004767846095603989,0.02763156755701801,1.508181818181818,2.6275714285714287,-0.13710669077757687,-0.5047137497961182,1.6831363636363634,2.672428571428572,-0.18945961273596368,-0.4895092746030899,1.508,2.628,-0.13726790450928383,-0.5049467275494673,6.01,4.69,0.0,0.28144989339019166,229.9,308.5,-0.20574162679425845,-0.4081037277147488,1.618,2.646,-0.1711990111248456,-0.4931972789115646,1995.10429235039,2431.17888815155,-0.021908918624016116,-0.19734671756444688,101.4441,94.4647,0.02283622211641667,0.09840712985909028,195.0,203.8,-0.026666666666666616,-0.06869479882237484,2.21,2.86,-0.14932126696832582,-0.3426573426573427
2015-02-01,364.739238868421,173.758865789474,697.936278947368,634.378125181584,58.254,50.857,275.2,105.1685,2.8169894736842105,0.47,-1.78,-6.57,-0.345,0.192,2.858,201.74206877193,747.448271,960.516562500001,8.68587498665,6.2518473684210525,1.941526315789473,1.6071052631578948,1.942,6.01,191.5,1.605,2028.16698087597,105.1685,189.6,1.98,5.901920617371486,367.49211555,496.798997486842,174.794871428571,209.356019548872,-0.005926979611186045,-0.17003167062549274,707.8814358,873.656096210526,-0.014049184439188789,-0.20113156426806933,641.597233169228,811.204668117423,-0.01125177543547784,-0.21798018414539388,48.9331818181818,108.838,0.1904805253917683,-0.4647641448758706,47.5572727272727,100.705,0.06938428306539546,-0.49499031825629314,271.6,262.4,0.013254786450662692,0.04878048780487809,103.7607,94.6456,0.013567757349362441,0.11118213630638918,2.63462,2.3792,0.06922040889548042,0.184007008105334,0.55,-0.46,-0.14545454545454561,-2.0217391304347823,-0.8,-1.92,1.225,-0.07291666666666663,-11.4,-13.08,-0.4236842105263158,-0.4977064220183486,-0.1,-0.089,2.4499999999999997,2.8764044943820224,0.017,0.001,10.294117647058822,191.0,2.997,3.984,-0.04637971304637967,-0.2826305220883534,213.0214075,242.798281578947,-0.052949320260547106,-0.16909597769812623,774.332090909091,974.823446,-0.03471872110779828,-0.23324754439687534,1004.196875,1137.0390625,-0.043497757847532625,-0.1552475247524744,8.600340973318179,7.846625089550002,0.009945421187041559,0.10695679830780946,6.218135,6.0816,0.005421620537516825,0.027993845110012572,1.3014,2.868684210526316,0.49187514660325293,-0.3231997064489499,1.36425,2.795526315789474,0.17801375346006587,-0.4251153158241552,1.301,2.869,0.4926979246733283,-0.32310909724642745,6.01,6.01,0.0,0.0,182.6,322.0,0.04874041621029579,-0.40527950310559,1.341,2.759,0.19686800894854595,-0.41826748822036963,1951.39371476286,2323.84068080357,0.03934278640558175,-0.1272349272349247,103.7607,94.6456,0.013567757349362441,0.11118213630638918,189.8,205.8,-0.0010537407797682752,-0.07871720116618086,1.88,2.71,0.05319148936170226,-0.2693726937269373
2015-03-01,359.595560386364,174.293821428571,683.4322,607.654865340564,56.5245454545454,47.7822727272727,274.9,107.3647,3.1413727272727274,0.53,-4.23,-9.15,-0.241,0.225,2.897,202.691426666667,743.426433636364,957.255208333334,8.781250043363638,6.238604545454546,2.0167272727272727,1.6442272727272729,2.017,6.01,193.1,1.826,2070.85783594573,107.3647,190.0,2.04,5.887756998952894,364.739238868421,522.00112375,173.758865789474,222.392917176871,0.0030787242807233106,-0.21627980044906914,697.936278947368,928.543951238095,-0.02078137988362372,-0.26397431259044846,634.378125181584,860.51868173512,-0.0421251281849776,-0.29385046688898164,58.254,107.868095238095,-0.02968816811643149,-0.4759845779256605,50.857,100.568095238095,-0.06045829035781314,-0.5248764271198718,275.2,273.1,-0.0010901162790698526,0.0065909923105087476,105.1685,94.4408,0.020882678748864958,0.13684657478547413,2.8169894736842105,2.3250523809523806,0.11515245499454108,0.351097615265755,0.47,-0.27,0.1276595744680853,-2.962962962962963,-1.78,-4.4,1.3764044943820228,-0.03863636363636358,-6.57,-7.2,0.39269406392694073,0.27083333333333326,-0.345,-0.151,-0.3014492753623188,0.5960264900662251,0.192,0.052,0.171875,3.3269230769230775,2.858,4.001,0.013645906228131555,-0.2759310172456887,201.74206877193,275.612493968254,0.004705800334635413,-0.2645782353755932,747.448271,1014.2595647619,-0.005380756795724806,-0.26702546422533846,960.516562500001,1152.08521825397,-0.0033954168975268706,-0.1691107626707583,8.68587498665,7.928750060857139,0.01098047771355537,0.10752009786701988,6.2518473684210525,6.172876190476191,-0.002118225571756227,0.010647930227365432,1.941526315789473,2.8936666666666664,0.038732906335715134,-0.30305473814286155,1.6071052631578948,2.7535238095238093,0.02309867960760381,-0.4028643344066005,1.942,2.894,0.038619979402677584,-0.3030407740152039,6.01,6.01,0.0,0.0,191.5,318.1,0.008355091383811963,-0.392958189248664,1.605,2.931,0.13769470404984419,-0.37700443534629813,2028.16698087597,2376.98464647683,0.021048984364848478,-0.1287878787878759,105.1685,94.4408,0.020882678748864958,0.13684657478547413,189.6,206.2,0.0021097046413502962,-0.078564500484966,1.98,2.72,0.030303030303030276,-0.25
2015-04-01,356.92567725,172.151577040816,691.67327952381,591.787920473602,59.8263636363636,54.3786363636364,279.1,106.3523,3.042090909090909,0.7,-5.65,-5.55,-0.008,0.137,2.782,195.931228253968,742.288576818182,1002.01354166667,8.86295457313636,6.200995454545454,2.154190476190476,1.793,2.154,6.01,183.8,1.899,2017.27466394459,106.3523,189.3,1.94,5.880325359400779,359.595560386364,547.18805525,174.293821428571,222.430410714286,-0.012290994426517488,-0.22604298356511,683.4322,934.097494,0.012058371735791829,-0.2595277431246271,607.654865340564,825.324971657079,-0.026111771289890617,-0.2829637527077168,56.5245454545454,108.003636363636,0.05841388294707084,-0.4460708393656764,47.7822727272727,102.175,0.13805043711532572,-0.46778922081099683,274.9,289.5,0.015278283012004623,-0.03592400690846276,107.3647,93.9956,-0.009429542484634124,0.13146040878509213,3.1413727272727274,2.2324727272727274,-0.03160459671654836,0.36265535158731455,0.53,0.04,0.320754716981132,16.5,-4.23,-3.68,0.3356973995271868,0.5353260869565217,-9.15,0.55,-0.39344262295081966,-11.09090909090909,-0.241,-0.058,-0.966804979253112,-0.8620689655172413,0.225,0.079,-0.3911111111111111,0.7341772151898736,2.897,3.964,-0.03969623748705553,-0.2981836528758829,202.691426666667,276.382361269841,-0.03335216749851189,-0.29108635097493063,743.426433636364,1008.34933954545,-0.0015305573849672127,-0.26385772498963944,957.255208333334,1125.09895833333,0.046756949394157976,-0.10939963614311154,8.781250043363638,8.001250266999998,0.009304430390804086,0.10769620714031869,6.238604545454546,6.224613636363636,-0.006028446046719482,-0.003794320932660966,2.0167272727272727,3.1693809523809526,0.06816152353476546,-0.32031191309704465,1.6442272727272729,2.896428571428572,0.09048185110441476,-0.38096177558569677,2.017,3.169,0.06792265741199799,-0.3202903124013885,6.01,6.01,0.0,0.0,193.1,318.7,-0.04816157431382695,-0.4232820834640727,1.826,3.012,0.03997809419496168,-0.3695219123505976,2070.85783594573,2256.20290631033,-0.02587486744432632,-0.1058983842709742,107.3647,93.9956,-0.009429542484634124,0.13146040878509213,190.0,206.7,-0.0036842105263157343,-0.08417997097242369,2.04,2.71,-0.0490196078431373,-0.2841328413284133
2015-05-01,351.94953045,166.350389464286,716.4904769,601.396540199212,65.1938095238095,59.3885714285714,278.3,105.4065,3.056205,0.93,-4.08,-2.25,0.24,0.207,2.888,193.216571166667,763.780086190476,1081.89365079365,8.948321433285711,6.20345,2.4716,1.9381,2.472,6.01,202.6,2.028,2044.77734590458,105.4065,191.8,2.2,5.866325073482188,356.92567725,546.03325325,172.151577040816,216.975101020408,-0.03369813786343978,-0.2333203732503869,691.67327952381,893.532486,0.03587994232374503,-0.19813718233407351,591.787920473602,800.287339283589,0.016236593200348537,-0.2485242353857834,59.8263636363636,109.832272727273,0.08971706721254691,-0.40642392345195544,54.3786363636364,101.996363636364,0.09213057553398296,-0.4177383456502165,279.1,300.4,-0.002866356144751059,-0.07356857523302252,106.3523,93.67,-0.008893084587733413,0.12529625280239132,3.042090909090909,2.219509523809524,0.004639601948420502,0.37697314078399957,0.7,0.21,0.32857142857142874,3.428571428571429,-5.65,-3.8,-0.2778761061946903,0.0736842105263158,-5.55,-6.1,-0.5945945945945945,-0.6311475409836065,-0.008,-0.092,-31.0,-3.608695652173913,0.137,0.255,0.5109489051094889,-0.18823529411764717,2.782,3.943,0.038102084831056704,-0.26756276946487445,195.931228253968,287.912873809524,-0.01385515270583726,-0.3289061075660886,742.288576818182,948.998573181818,0.028953038000958164,-0.19517256635100977,1002.01354166667,1127.28229166667,0.07971959041003962,-0.040263775283752135,8.86295457313636,8.0388636155,0.009631873823216841,0.11313263432310938,6.200995454545454,6.237957142857143,0.00039583087466166234,-0.0055318018490485565,2.154190476190476,3.036095238095238,0.14734515230558376,-0.185928040402773,1.793,2.862380952380952,0.08092582264361403,-0.3229063383796372,2.154,3.036,0.14763231197771587,-0.18577075098814233,6.01,6.01,0.0,0.0,183.8,316.5,0.10228509249183881,-0.3598736176935229,1.899,2.958,0.06793048973143767,-0.3144016227180527,2017.27466394459,2217.55274945705,0.013633583195959531,-0.07791264654009822,106.3523,93.67,-0.008893084587733413,0.12529625280239132,189.3,206.5,0.013206550449022636,-0.07118644067796609,1.94,2.56,0.13402061855670122,-0.140625
2015-06-01,354.823054806818,166.813860714286,738.036629,606.404488474595,62.62,59.8286363636364,278.1,106.179,3.111690909090909,1.18,-4.13,-0.54,0.296,0.134,2.873,199.835441666667,811.746834863636,1102.85625,9.041591037409088,6.2052,2.1875,2.0051363636363635,2.187,6.01,198.7,2.069,2008.05133105914,106.179,193.2,2.36,5.874433570228666,351.94953045,528.00259475,166.350389464286,202.633822959184,0.002786114607200796,-0.1767718820175106,716.4904769,871.57027152381,0.030071791314271845,-0.1532104144515467,601.396540199212,758.471935550584,0.008327198346907982,-0.20049185730992325,65.1938095238095,112.240952380952,-0.039479354598376815,-0.4420931160004393,59.3885714285714,105.234761904762,0.00740992626155812,-0.4314745880474208,278.3,287.6,-0.0007186489399927387,-0.03303198887343528,105.4065,93.8274,0.007328770047388078,0.13164171659877622,3.056205,2.236019047619048,0.018155165995379585,0.39162093113844065,0.93,0.16,0.26881720430107503,6.374999999999999,-4.08,-4.29,0.01225490196078427,-0.037296037296037365,-2.25,-2.43,-0.76,-0.7777777777777778,0.24,-0.028,0.2333333333333334,-11.571428571428571,0.207,0.16,-0.3526570048309178,-0.16249999999999998,2.888,3.906,-0.005193905817174382,-0.26446492575524827,193.216571166667,261.649900634921,0.034256225850787025,-0.2362487385558133,763.780086190476,932.074471904762,0.0628017796489102,-0.1290965911717631,1081.89365079365,1112.05744047619,0.019375840861042493,-0.008274024471478736,8.948321433285711,8.124702362428572,0.010423139671361659,0.1128519709497946,6.20345,6.230604761904762,0.00028210108891002506,-0.004077415094613679,2.4716,3.1158571428571427,-0.11494578410746081,-0.2979459905552244,1.9381,2.895809523809524,0.034588702149715544,-0.30757311654996333,2.472,3.116,-0.11529126213592233,-0.2981386392811297,6.01,6.01,0.0,0.0,202.6,308.8,-0.019249753208292253,-0.3565414507772021,2.028,3.04,0.02021696252465488,-0.31940789473684217,2044.77734590458,2212.72147985039,-0.0179608869977933,-0.09249702262803028,105.4065,93.8274,0.007328770047388078,0.13164171659877622,191.8,207.0,0.007299270072992581,-0.06666666666666676,2.2,2.6,0.07272727272727253,-0.09230769230769242
2015-07-01,372.347294454545,179.608530357143,695.788093,575.682129641201,56.8295652173913,51.1986956521739,260.0,108.1236,3.228809090909091,1.52,-1.6,0.39,0.225,0.293,2.788,199.21748,796.461028695652,1069.26376811594,9.140815195869568,6.20845,2.676636363636364,1.8553181818181816,2.663,6.01,194.0,1.911,2063.58228764479,108.1236,192.3,2.32,5.922509070782211,354.823054806818,463.233671488636,166.813860714286,182.29451625,0.07670027891010411,-0.014734320856768957,738.036629,813.855515,-0.057244497549185924,-0.14507172320384165,606.404488474595,752.885193673306,-0.05066314550321993,-0.23536531933578908,62.62,107.462608695652,-0.09246941524446983,-0.471168940460584,59.8286363636364,102.948260869565,-0.14424431569875684,-0.5026754680485334,278.1,273.0,-0.06508450197770599,-0.04761904761904767,106.179,93.6039,0.018314355946090988,0.15511853672763642,3.111690909090909,2.224213636363636,0.0376381154940606,0.4516632027253762,1.18,0.05,0.2881355932203391,29.4,-4.13,-2.13,-0.612590799031477,-0.24882629107981213,-0.54,1.91,-1.7222222222222223,-0.7958115183246073,0.296,-0.363,-0.2398648648648648,-1.6198347107438016,0.134,0.393,1.1865671641791042,-0.25445292620865145,2.873,3.884,-0.0295857988165682,-0.282183316168898,199.835441666667,238.549905,-0.003092352695363232,-0.16488132745221595,811.746834863636,880.603739565218,-0.01883075549109081,-0.09555116233223127,1102.85625,1061.82382246377,-0.030459528958611037,0.007006760909645804,9.041591037409088,8.159836934999998,0.010974192268810468,0.12022032654376447,6.2052,6.198436363636364,0.0005237542706117981,0.0016155100699883906,2.1875,2.907681818181818,0.22360519480519492,-0.07946036361362518,2.0051363636363635,2.802136363636364,-0.07471720354544009,-0.33789154378964115,2.187,2.908,0.21764974851394614,-0.08425034387895469,6.01,6.01,0.0,0.0,198.7,307.8,-0.023653749370910915,-0.36972059779077326,2.069,2.91,-0.07636539391010144,-0.34329896907216495,2008.05133105914,2145.50381575773,0.027654151926664428,-0.038182886234582436,106.179,93.6039,0.018314355946090988,0.15511853672763642,193.2,206.8,-0.004658385093167627,-0.07011605415860733,2.36,2.54,-0.016949152542372947,-0.08661417322834652
2015-08-01,347.02237525,162.74069914966,628.747125809524,484.677591320546,47.5338095238095,42.9128571428571,257.2,109.9768,3.515433333333333,1.86,1.1,3.18,0.567,0.022,2.595,173.517591587302,754.408904285714,980.251686507937,9.243154662,6.3382523809523805,2.075333333333333,1.6202380952380953,2.075,6.01,189.2,1.604,2042.47674132998,109.9767,190.1,2.17,5.852266774402933,372.347294454545,432.98513625,179.608530357143,176.482080612245,-0.09391442140271467,-0.07786275759507089,695.788093,745.843942380952,-0.0963525646169342,-0.15699908508691596,575.682129641201,677.86216106537,-0.15808122857204954,-0.28499093302568057,56.8295652173913,102.401904761905,-0.16357252880648565,-0.535811275831924,51.1986956521739,96.3171428571429,-0.16183690626823588,-0.5544629349470506,260.0,271.1,-0.010769230769230864,-0.05127259313906318,108.1236,94.5808,0.017139643889030776,0.1627814524723834,3.228809090909091,2.268519047619048,0.08877088559718516,0.5496600467265191,1.52,0.07,0.22368421052631593,25.57142857142857,-1.6,-0.34,-1.6875,-4.235294117647059,0.39,0.63,7.153846153846153,4.0476190476190474,0.225,-0.372,1.5199999999999996,-2.524193548387097,0.293,0.297,-0.9249146757679181,-0.9259259259259259,2.788,3.838,-0.06922525107604005,-0.3238665971860344,199.21748,229.158001111111,-0.1290041838331556,-0.2428036955027847,796.461028695652,848.766658095238,-0.05279872196484725,-0.11117042936309163,1069.26376811594,992.545932539683,-0.08324614025297383,-0.012386576407892758,9.140815195869568,8.31660715752381,0.011195879572828193,0.11140931475138482,6.20845,6.15412857142857,0.020907373169209764,0.029918745990883622,2.676636363636364,2.808142857142857,-0.22464875635408554,-0.2609587763476964,1.8553181818181816,2.7054285714285715,-0.12670607601641226,-0.401115922131869,2.663,2.808,-0.2208036049568155,-0.2610398860398859,6.01,6.01,0.0,0.0,194.0,306.9,-0.024742268041237137,-0.38351254480286734,1.911,2.733,-0.16064887493458924,-0.4130991584339554,2063.58228764479,1986.80211062465,-0.010227625252055339,0.0280222325150572,108.1236,94.5808,0.017138719021564164,0.16278039517534215,192.3,206.1,-0.011440457618304811,-0.07763221737020864,2.32,2.42,-0.06465517241379304,-0.10330578512396693
2015-09-01,323.554524,166.077623979592,590.250261333333,483.487307650792,48.0304545454545,45.51,258.8,110.8513,3.903219047619048,2.16,2.44,4.85,0.294,0.301,2.505,164.06922015873,767.198350909091,981.681250000001,9.363693063954551,6.3676047619047615,1.7053333333333331,1.457047619047619,1.715,6.01,169.4,1.382,1932.50784266409,110.8513,187.4,2.17,5.782453546682897,347.02237525,368.84988275,162.74069914966,163.134381292517,0.020504550167031566,0.018041829464491954,628.747125809524,711.735321523809,-0.06122789734684764,-0.17068853619682567,484.677591320546,656.983081654465,-0.0024558256685872637,-0.2640795156653999,47.5338095238095,97.8527272727273,0.010448247818139578,-0.5091556885114927,42.9128571428571,93.2718181818182,0.06052132228103568,-0.5120712677511479,257.2,271.3,0.0062208398133749565,-0.04607445632141538,109.9768,96.1209,0.007951677080984432,0.1532486691239885,3.515433333333333,2.3378809523809525,0.11030950597433642,0.6695542361316211,1.86,0.23,0.16129032258064524,8.391304347826088,1.1,1.8,1.2181818181818178,0.3555555555555554,3.18,5.42,0.5251572327044023,-0.10516605166051662,0.567,-0.145,-0.4814814814814815,-3.027586206896552,0.022,0.14,12.681818181818182,1.15,2.595,3.792,-0.034682080924855585,-0.3393987341772152,173.517591587302,211.171101428571,-0.05445195119492108,-0.22305079128345273,754.408904285714,819.573948181818,0.016952936995734635,-0.06390588352511628,980.251686507937,983.045833333334,0.0014583637159111262,-0.0013881177123816757,9.243154662,8.415624922136361,0.013040829279867161,0.11265570300363592,6.3382523809523805,6.138228571428571,0.004630989614833103,0.03736846678272321,2.075333333333333,2.7193333333333336,-0.1782846129135881,-0.3728855111546949,1.6202380952380953,2.720952380952381,-0.10072005878030865,-0.46450822541127057,2.075,2.719,-0.17349397590361448,-0.3692534019860242,6.01,6.01,0.0,0.0,189.2,302.3,-0.10465116279069764,-0.4396295071121402,1.604,2.59,-0.13840399002493775,-0.4664092664092664,2042.47674132998,2008.05133105914,-0.05384095517008558,-0.0376202974628167,109.9767,96.1209,0.00795259359482503,0.1532486691239885,190.1,205.2,-0.014203051025775904,-0.08674463937621824,2.17,2.53,0.0,-0.14229249011857703
2015-10-01,327.419770363636,171.448573214286,623.80725,530.246639789742,48.9063636363636,46.2686363636364,252.2,109.9036,3.875238095238095,2.42,3.95,1.67,0.483,0.105,2.519,165.451481904762,805.175656818182,1059.053125,9.48761363463636,6.3505,1.6692272727272728,1.3966363636363637,1.669,6.01,173.5,1.349,1821.82784803879,109.9036,186.0,2.07,5.794292577847918,323.554524,354.440913065217,166.077623979592,163.378089285714,0.03233999322722725,0.04939759036144942,590.250261333333,721.380419913044,0.05685213690691837,-0.13525896630907397,483.487307650792,673.086555708356,0.09671263629679983,-0.21221626655176518,48.0304545454545,87.5847826086957,0.018236535531433784,-0.44161117742492384,45.51,84.4060869565217,0.016669663011127378,-0.4518329420072539,258.8,272.7,-0.025502318392581214,-0.07517418408507515,110.8513,97.4396,-0.00854929080669331,0.12791513922470954,3.903219047619048,2.449531818181818,-0.0071686861638013966,0.5820321526235643,2.16,0.49,0.12037037037037024,3.9387755102040813,2.44,3.18,0.6188524590163935,0.24213836477987427,4.85,6.17,-0.6556701030927835,-0.7293354943273906,0.294,0.141,0.6428571428571428,2.425531914893617,0.301,0.011,-0.6511627906976745,8.545454545454545,2.505,3.681,0.005588822355289569,-0.31567508829122515,164.06922015873,210.724928333333,0.008424869361204568,-0.21484618258811639,767.198350909091,837.267998695652,0.04950128720179059,-0.038329832177349865,981.681250000001,1044.725,0.07881567973310966,0.01371473354231978,9.363693063954551,8.477771800478257,0.01323415556612395,0.11911642090922236,6.3676047619047615,6.125050000000001,-0.002686216017535048,0.03680786279295667,1.7053333333333331,2.3382608695652176,-0.021172435851872784,-0.28612444639778223,1.457047619047619,2.398217391304348,-0.04146141459037711,-0.41763562857128733,1.715,2.338,-0.026822157434402305,-0.286142001710864,6.01,6.01,0.0,0.0,169.4,283.4,0.024203069657614984,-0.38779110797459415,1.382,2.253,-0.02387843704775683,-0.4012427873945851,1932.50784266409,1833.78189852799,-0.0572727272727237,-0.006518796209514122,110.8513,97.4396,-0.00854929080669331,0.12791513922470954,187.4,201.9,-0.007470651013874119,-0.07875185735512635,2.17,2.3,-0.04608294930875578,-0.09999999999999998
2015-11-01,319.0822908,166.09242406015,614.7362408,503.163620012229,45.0952380952381,42.5852380952381,246.9,111.6916,3.785768421052632,2.57,1.08,-8.64,0.347,0.253,2.467,157.804378947368,778.372963333333,1045.01091269841,9.62613096690476,6.364036842105262,1.51145,1.37725,1.507,6.01,167.4,1.335,1716.71113356661,111.6916,184.2,2.26,5.768578121484128,327.419770363636,379.344859618421,171.448573214286,178.708535084034,-0.03124055834189765,-0.07059601836001583,623.80725,721.398077052631,-0.014541365461847255,-0.14785433957408411,530.246639789742,662.402970237562,-0.05107626856108349,-0.2403964918337005,48.9063636363636,79.2295,-0.07792698654642549,-0.4308276829307506,46.2686363636364,75.7075,-0.07960896533560202,-0.43750304665669715,252.2,270.3,-0.02101506740681991,-0.08657047724750278,109.9036,99.1147,0.01626880284176302,0.12689237822442068,3.875238095238095,2.5527277777777777,-0.023087529588286193,0.48302864645765364,2.42,0.64,0.06198347107438007,3.015625,3.95,3.1,-0.7265822784810126,-0.6516129032258065,1.67,-7.01,-6.173652694610779,0.23252496433666203,0.483,0.01,-0.2815734989648033,33.699999999999996,0.105,0.261,1.4095238095238098,-0.03065134099616862,2.519,3.647,-0.020643112346169112,-0.3235536057033177,165.451481904762,215.987918235294,-0.046219609938555006,-0.26938330515571574,805.175656818182,826.530475,-0.03328800772587359,-0.058264653419666135,1059.053125,1068.89177083333,-0.013259214264241814,-0.022341698932064835,9.48761363463636,8.512874937000001,0.014599807454502178,0.130773215646121,6.3505,6.124894444444444,0.002131618314347161,0.03904432963375082,1.6692272727272728,2.024578947368421,-0.09452114478664597,-0.25344971014116,1.3966363636363637,2.165578947368421,-0.013880752457202328,-0.36402687989111937,1.669,2.024,-0.0970641102456562,-0.2554347826086957,6.01,6.01,0.0,0.0,173.5,272.3,-0.03515850144092214,-0.3852368710980536,1.349,2.058,-0.010378057820607856,-0.35131195335276966,1821.82784803879,1991.44933186534,-0.05769848923175647,-0.1379589196183011,109.9036,99.1147,0.01626880284176302,0.12689237822442068,186.0,198.9,-0.00967741935483879,-0.07390648567119162,2.07,2.33,0.09178743961352653,-0.030042918454935785
2015-12-01,323.315332056818,164.004401785714,677.199138,520.602567605653,38.5252173913043,37.3960869565217,248.8,112.7857,3.880836363636364,2.64,-0.58,-8.24,0.272,0.496,2.31,163.893455,810.667671739131,1022.14411231884,11.3129347925652,6.449095454545454,1.6332272727272723,1.2758636363636364,1.647,6.01,130.8,1.254,1656.91541988417,112.7857,182.3,2.24,5.781716289583391,319.0822908,378.781617375,166.09242406015,178.712946088435,-0.012571448013064201,-0.08230262342294192,614.7362408,705.558568,0.1016092643549249,-0.04019429610271574,503.163620012229,624.535496211625,0.034658601893754026,-0.16641636742253973,45.0952380952381,62.9039130434783,-0.14569211698269247,-0.3875545172416187,42.5852380952381,59.1395652173913,-0.12185328463143319,-0.36766381661655245,246.9,269.1,0.007695423248278654,-0.075436640654032,111.6916,101.4441,0.009795723223590791,0.11180147490095527,3.785768421052632,2.6418857142857144,0.025111927622159858,0.46896451373772785,2.57,0.66,0.027237354085603238,3.0,1.08,1.35,-1.537037037037037,-1.4296296296296296,-8.64,2.08,-0.04629629629629628,-4.961538461538462,0.347,0.046,-0.21613832853025927,4.91304347826087,0.253,0.129,0.9604743083003953,2.8449612403100772,2.467,3.411,-0.0636400486420754,-0.3227792436235708,157.804378947368,234.858836666667,0.03858622994652672,-0.3021618546437217,778.372963333333,809.406214782609,0.04149001818806508,0.0015584967516721893,1045.01091269841,1049.03233695652,-0.02188187711889411,-0.025631454522830888,9.62613096690476,8.54907637078261,0.17523175525657986,0.32329321928019894,6.364036842105262,6.188628571428571,0.01336551226061955,0.042087981224046445,1.51145,1.508181818181818,0.0805698320998196,0.08291139240506307,1.37725,1.6831363636363634,-0.0736150761563722,-0.2419725080342433,1.507,1.508,0.09289980092899808,0.09217506631299743,6.01,6.01,0.0,0.0,167.4,229.9,-0.21863799283154117,-0.4310569812962157,1.335,1.618,-0.06067415730337078,-0.2249690976514216,1716.71113356661,1995.10429235039,-0.034831552328905446,-0.16950937039376868,111.6916,101.4441,0.009795723223590791,0.11180147490095527,184.2,195.0,-0.010314875135721935,-0.06512820512820505,2.26,2.21,-0.008849557522123686,0.013574660633484337
2016-01-01,323.204353776316,161.098876879699,659.900782315789,531.619442572607,32.0452380952381,31.7842857142857,243.0,115.2344,4.05558947368421,2.48,-0.56,-2.91,0.266,0.531,2.143,164.611626666667,777.903425238095,1020.13650793651,13.6144643514286,6.5726,1.2994736842105263,1.116210526315789,1.32,6.01,119.2,1.094,1800.45314008204,115.2344,180.9,2.09,5.78137403850294,323.315332056818,367.49211555,164.004401785714,174.794871428571,-0.017716139776610018,-0.07835467045993294,677.199138,707.8814358,-0.025543971800228382,-0.06778063536867085,520.602567605653,641.597233169228,0.02116177608885539,-0.17141250758419846,38.5252173913043,48.9331818181818,-0.16820097938055578,-0.34512253435088813,37.3960869565217,47.5572727272727,-0.15006386226346413,-0.331662984617317,248.8,271.6,-0.02331189710610937,-0.10530191458026517,112.7857,103.7607,0.02171108571388025,0.11057847528013975,3.880836363636364,2.63462,0.04502975484493299,0.5393451327645773,2.64,0.55,-0.06060606060606066,3.509090909090909,-0.58,-0.8,-0.0344827586206895,-0.29999999999999993,-8.24,-11.4,-0.6468446601941747,-0.7447368421052631,0.272,-0.1,-0.022058823529411797,-3.66,0.496,0.017,0.07056451612903225,30.235294117647058,2.31,2.997,-0.07229437229437241,-0.28495161828495164,163.893455,213.0214075,0.004381942321412424,-0.227253126347562,810.667671739131,774.332090909091,-0.0404163723844404,0.0046121481608893955,1022.14411231884,1004.196875,-0.0019641108901713444,0.015873015873018037,11.3129347925652,8.600340973318179,0.20344230750591374,0.5830144867123652,6.449095454545454,6.218135,0.019150677226757118,0.05700503446773042,1.6332272727272723,1.3014,-0.20435220136841203,-0.0014801873286257594,1.2758636363636364,1.36425,-0.125133364959658,-0.18181379782606621,1.647,1.301,-0.19854280510018207,0.01460415065334364,6.01,6.01,0.0,0.0,130.8,182.6,-0.08868501529051998,-0.3472070098576122,1.254,1.341,-0.12759170653907492,-0.18419090231170765,1656.91541988417,1951.39371476286,0.08662947937795407,-0.07735013879511388,112.7857,103.7607,0.02171108571388025,0.11057847528013975,182.3,189.8,-0.0076796489303346815,-0.04689146469968386,2.24,1.88,-0.06696428571428592,0.11170212765957444
2016-02-01,320.12948625,159.716845357143,686.9044765,595.900683226908,33.762380952381,30.377619047619,227.9,114.2817,3.964385,2.14,-0.66,-15.37,-0.11,0.559,1.998,159.283795,778.936146666667,1039.57857142858,14.81280949,6.550050000000001,0.9747,1.05775,0.97,6.01,113.4,0.995,1851.98668255309,114.2817,179.4,1.78,5.7718444257489665,323.204353776316,364.739238868421,161.098876879699,173.758865789474,-0.008578778135045817,-0.08081326019556478,659.900782315789,697.936278947368,0.04092083978056049,-0.015806317539484027,531.619442572607,634.378125181584,0.12091589491767252,-0.060653796887561784,32.0452380952381,58.254,0.05358496173564298,-0.420428108758523,31.7842857142857,50.857,-0.0442566707117934,-0.40268558806813226,243.0,275.2,-0.062139917695473224,-0.171875,115.2344,105.1685,-0.008267496511458305,0.0866533230007085,4.05558947368421,2.8169894736842105,-0.02248858625263117,0.4073126779615417,2.48,0.47,-0.13709677419354838,3.5531914893617023,-0.56,-1.78,0.1785714285714286,-0.6292134831460674,-2.91,-6.57,4.281786941580756,1.339421613394216,0.266,-0.345,-1.413533834586466,-0.681159420289855,0.531,0.192,0.052730696798493515,1.9114583333333335,2.143,2.858,-0.06766215585627611,-0.30090972708187547,164.611626666667,201.74206877193,-0.032366071428573395,-0.2104582055214731,777.903425238095,747.448271,0.0013275702292427916,0.042127163695943715,1020.13650793651,960.516562500001,0.01905829596413189,0.08231196838792565,13.6144643514286,8.68587498665,0.08801999899802548,0.7053905925156607,6.5726,6.2518473684210525,-0.003430910142105059,0.047698322432695894,1.2994736842105263,1.941526315789473,-0.2499270959902795,-0.49797229526417075,1.116210526315789,1.6071052631578948,-0.05237410411165566,-0.34182904863271657,1.32,1.942,-0.26515151515151525,-0.5005149330587024,6.01,6.01,0.0,0.0,119.2,191.5,-0.04865771812080533,-0.4078328981723237,1.094,1.605,-0.09049360146252294,-0.3800623052959502,1800.45314008204,2028.16698087597,0.028622540250451634,-0.08686676195013654,115.2344,105.1685,-0.008267496511458305,0.0866533230007085,180.9,189.6,-0.008291873963515717,-0.05379746835443033,2.09,1.98,-0.14832535885167453,-0.101010101010101
2016-03-01,326.935421590909,159.226532142857,713.855956,633.067782763729,39.7921739130435,37.9017391304348,228.4,111.8934,3.698021739130435,1.58,-1.4,-2.64,-0.009,0.852,2.09,164.060471666667,767.374764782609,1013.92101449276,14.9147827321739,6.5026913043478265,1.5194545454545454,1.1957272727272727,1.528,6.01,119.4,1.416,1811.5160472973,111.8934,180.4,1.89,5.7928167036061,320.12948625,359.595560386364,159.716845357143,174.293821428571,-0.003069890425080768,-0.08644763860369464,686.9044765,683.4322,0.03923613897135514,0.04451612903225821,595.900683226908,607.654865340564,0.062371298746553894,0.041821301651097986,33.762380952381,56.5245454545454,0.1785950158304006,-0.2960195682591973,30.377619047619,47.7822727272727,0.2476863005958836,-0.2067824118210766,227.9,274.9,0.0021939447125931544,-0.16915241906147682,114.2817,107.3647,-0.020898359054861815,0.04218053047230619,3.964385,3.1413727272727274,-0.06718904971882533,0.17719928839548382,2.14,0.53,-0.26168224299065423,1.981132075471698,-0.66,-4.23,1.121212121212121,-0.6690307328605202,-15.37,-9.15,-0.8282368249837345,-0.7114754098360656,-0.11,-0.241,-0.9181818181818182,-0.9626556016597511,0.559,0.225,0.5241502683363146,2.7866666666666666,1.998,2.897,0.046046046046045896,-0.27856403175698996,159.283795,202.691426666667,0.029988465974627232,-0.1905899802241262,778.936146666667,743.426433636364,-0.014842528406895927,0.03221345120741148,1039.57857142858,957.255208333334,-0.024680728942461427,0.059196132511084576,14.81280949,8.781250043363638,0.0068841256780316495,0.6984805874473001,6.550050000000001,6.238604545454546,-0.007230280021095159,0.04233106249468799,0.9747,2.0167272727272727,0.55889457828516,-0.24657410746483954,1.05775,1.6442272727272729,0.13044412453535603,-0.272772509883062,0.97,2.017,0.5752577319587631,-0.24243926623698553,6.01,6.01,0.0,0.0,113.4,193.1,0.05291005291005302,-0.38166752977731744,0.995,1.826,0.4231155778894471,-0.22453450164293542,1851.98668255309,2070.85783594573,-0.021852551984876345,-0.12523398957997156,114.2817,107.3647,-0.020898359054861815,0.04218053047230619,179.4,190.0,0.00557413600891854,-0.05052631578947364,1.78,2.04,0.061797752808988804,-0.07352941176470595
2016-04-01,353.80246275,164.465401870748,748.531479142857,680.375486749158,43.3304761904762,41.0319047619048,232.8,110.0171,3.5634476190476194,0.94,-1.58,4.88,0.146,0.56,2.152,163.386837777778,805.604525238095,1028.42797619048,14.3872618909524,6.475433333333334,1.5511428571428572,1.4484285714285714,1.551,6.01,123.6,1.488,1865.33018908577,110.0171,181.9,1.81,5.871561191645832,326.935421590909,356.92567725,159.226532142857,172.151577040816,0.03290198974622349,-0.044647718610475784,713.855956,691.67327952381,0.04857495808700252,0.08220384002428371,633.067782763729,591.787920473602,0.0747277073221162,0.1496947862752256,39.7921739130435,59.8263636363636,0.08891955199946677,-0.2757294016088401,37.9017391304348,54.3786363636364,0.08258633253471204,-0.24544071889703933,228.4,279.1,0.019264448336252293,-0.1658903618774633,111.8934,106.3523,-0.016768638722212348,0.03445905730294507,3.698021739130435,3.042090909090909,-0.03639084071865395,0.17138104203220905,1.58,0.7,-0.40506329113924056,0.34285714285714297,-1.4,-5.65,0.12857142857142878,-0.720353982300885,-2.64,-5.55,-2.8484848484848486,-1.8792792792792792,-0.009,-0.008,-17.22222222222222,-19.25,0.852,0.137,-0.34272300469483563,3.0875912408759127,2.09,2.782,0.02966507177033506,-0.22645578720345072,164.060471666667,195.931228253968,-0.004106009705114655,-0.16610108948026203,767.374764782609,742.288576818182,0.04981889190259747,0.08529829287056612,1013.92101449276,1002.01354166667,0.014307782845370376,0.02636135483745483,14.9147827321739,8.86295457313636,-0.03536899267620852,0.6233031290220341,6.5026913043478265,6.200995454545454,-0.004191798401419922,0.04425706820776831,1.5194545454545454,2.154190476190476,0.02085505735140769,-0.2799416419824041,1.1957272727272727,1.793,0.21133690304221742,-0.19217592223727187,1.528,2.154,0.015052356020942348,-0.2799442896935933,6.01,6.01,0.0,0.0,119.4,183.8,0.035175879396984744,-0.32752992383025037,1.416,1.899,0.05084745762711873,-0.2164296998420221,1811.5160472973,2017.27466394459,0.029706687869951898,-0.07532165925373147,111.8934,106.3523,-0.016768638722212348,0.03445905730294507,180.4,189.3,0.008314855875831473,-0.03909138932910727,1.89,1.94,-0.042328042328042215,-0.0670103092783505
2016-05-01,388.5121365,169.002119897959,707.032132190476,644.564789449039,47.735,46.8418181818182,229.2,111.1405,3.540304761904762,0.39,0.09,-2.16,-0.113,0.542,2.315,157.560342063492,798.869667272727,1040.221875,14.116329627272698,6.525880952380952,1.5254285714285714,1.5625714285714285,1.53,6.01,144.4,1.581,1830.17276826847,111.1405,184.0,1.81,5.9648950240038,353.80246275,351.94953045,164.465401870748,166.350389464286,0.027584634674570507,0.015940632554048317,748.531479142857,716.4904769,-0.05544101765753651,-0.013200935692051163,680.375486749158,601.396540199212,-0.05263372651948828,0.07178000930222761,43.3304761904762,65.1938095238095,0.10164955931160269,-0.26779857859714973,41.0319047619048,59.3885714285714,0.14159502108484845,-0.21126544964705207,232.8,278.3,-0.015463917525773252,-0.17642831476823584,110.0171,105.4065,0.010211139904614752,0.054398922267602234,3.5634476190476194,3.056205,-0.006494513071878094,0.15839898236694272,0.94,0.93,-0.5851063829787233,-0.5806451612903225,-1.58,-4.08,-1.0569620253164558,-1.0220588235294117,4.88,-2.25,-1.4426229508196722,-0.039999999999999925,0.146,0.24,-1.7739726027397262,-1.4708333333333334,0.56,0.207,-0.03214285714285714,1.6183574879227058,2.152,2.888,0.0757434944237918,-0.19840720221606645,163.386837777778,193.216571166667,-0.035660741058044176,-0.18454022285913685,805.604525238095,763.780086190476,-0.008360005132018733,0.04594199523748799,1028.42797619048,1081.89365079365,0.011467889908253204,-0.03851744186046446,14.3872618909524,8.948321433285711,-0.01883139861727834,0.5775394002682086,6.475433333333334,6.20345,0.007790616697098907,0.051976070151440235,1.5511428571428572,2.4716,-0.016577638607478407,-0.3828173768293529,1.4484285714285714,1.9381,0.07880461583982634,-0.19376119468993935,1.551,2.472,-0.013539651837524147,-0.3810679611650485,6.01,6.01,0.0,0.0,123.6,202.6,0.16828478964401294,-0.2872655478775913,1.488,2.028,0.0625,-0.22041420118343202,1865.33018908577,2044.77734590458,-0.01884782706193755,-0.10495254070861781,110.0171,105.4065,0.010211139904614752,0.054398922267602234,181.9,191.8,0.011544804837823053,-0.04066736183524511,1.81,2.2,0.0,-0.17727272727272736
2016-06-01,421.228941715909,179.912739285714,703.604473,618.453034128718,49.8772727272727,48.7918181818182,226.1,111.5596,3.4234454545454542,-0.07,-0.1,-0.16,-0.443,0.548,2.423,156.695036666667,788.774355909091,1017.296875,14.1557386136364,6.589222727272727,1.6424999999999998,1.505681818181818,1.642,6.01,155.4,1.554,1870.57975043327,111.5596,186.3,1.64,6.045547682841933,388.5121365,354.823054806818,169.002119897959,166.813860714286,0.06455906821963331,0.078523921905167,707.032132190476,738.036629,-0.00484795391102899,-0.04665372238591148,644.564789449039,606.404488474595,-0.04051067595957403,0.01986882663819145,47.735,62.62,0.04487844825123499,-0.2034929299381556,46.8418181818182,59.8286363636364,0.04162946861778516,-0.18447383815898455,229.2,278.1,-0.01352530541012209,-0.1869830996044589,111.1405,106.179,0.003770902596263337,0.05067480386893841,3.540304761904762,3.111690909090909,-0.03300826206172003,0.1001881467544683,0.39,1.18,-1.1794871794871795,-1.0593220338983051,0.09,-4.13,-2.111111111111111,-0.9757869249394673,-2.16,-0.54,-0.9259259259259259,-0.7037037037037037,-0.113,0.296,2.920353982300885,-2.496621621621622,0.542,0.134,0.011070110701107083,3.08955223880597,2.315,2.873,0.046652267818574567,-0.15663069961712506,157.560342063492,199.835441666667,-0.005491898440257881,-0.21587964897618028,798.869667272727,811.746834863636,-0.012636994214714092,-0.028300053622511534,1040.221875,1102.85625,-0.02203856749311295,-0.07757980697847067,14.116329627272698,9.041591037409088,0.0027917303863154164,0.5656247396136151,6.525880952380952,6.2052,0.00970624124987518,0.06188724412955704,1.5254285714285714,2.1875,0.07674658175688331,-0.24914285714285722,1.5625714285714285,2.0051363636363635,-0.03640768629797719,-0.24908757055743214,1.53,2.187,0.07320261437908493,-0.24919981710105166,6.01,6.01,0.0,0.0,144.4,198.7,0.0761772853185596,-0.21791645697030693,1.581,2.069,-0.017077798861479976,-0.24891251812469783,1830.17276826847,2008.05133105914,0.022078233741303688,-0.06846019247593693,111.1405,106.179,0.003770902596263337,0.05067480386893841,184.0,193.2,0.012499999999999956,-0.03571428571428559,1.81,2.36,-0.09392265193370175,-0.30508474576271183
2016-07-01,390.4018125,161.823044821429,669.8627639,584.190132904984,46.5985714285714,44.8961904761905,208.0,112.4773,3.27814,-0.36,-0.14,1.71,-0.758,0.62,2.405,133.710203,764.353752380953,975.105257936509,14.8748808809524,6.677105,1.4018000000000002,1.34885,1.412,6.01,157.6,1.38,1816.09725118932,112.4773,186.7,1.5,5.969734685763722,421.228941715909,372.347294454545,179.912739285714,179.608530357143,-0.10054704595185615,-0.09902361263325532,703.604473,695.788093,-0.04795550681497729,-0.037260380510708124,618.453034128718,575.682129641201,-0.055400975228464655,0.014778994910065624,49.8772727272727,56.8295652173913,-0.06573537644347827,-0.18002942217986484,48.7918181818182,51.1986956521739,-0.07984182288741537,-0.1230989402308299,226.1,260.0,-0.08005307386112337,-0.19999999999999996,111.5596,108.1236,0.008226096185357301,0.04026595488866458,3.4234454545454542,3.228809090909091,-0.042444214892492615,0.015278360442493533,-0.07,1.52,4.142857142857142,-1.236842105263158,-0.1,-1.6,0.40000000000000013,-0.9125,-0.16,0.39,-11.6875,3.384615384615384,-0.443,0.225,0.7110609480812642,-4.368888888888889,0.548,0.293,0.13138686131386845,1.1160409556313993,2.423,2.788,-0.007428807263722748,-0.13737446197991388,156.695036666667,199.21748,-0.14668514176082037,-0.32882293762575443,788.774355909091,796.461028695652,-0.030960189495502055,-0.04031242604208829,1017.296875,1069.26376811594,-0.04147424227907015,-0.08805919828868769,14.1557386136364,9.140815195869568,0.05080217196319525,0.6273035349925757,6.589222727272727,6.20845,0.013337274571631808,0.07548663515048037,1.6424999999999998,2.676636363636364,-0.14654490106544882,-0.4762829874673097,1.505681818181818,1.8553181818181816,-0.10415999999999981,-0.2729818457995442,1.642,2.663,-0.1400730816077954,-0.469770935035674,6.01,6.01,0.0,0.0,155.4,194.0,0.01415701415701398,-0.18762886597938144,1.554,1.911,-0.11196911196911208,-0.2778649921507065,1870.57975043327,2063.58228764479,-0.029125996489233086,-0.11992981231581024,111.5596,108.1236,0.008226096185357301,0.04026595488866458,186.3,192.3,0.0021470746108425143,-0.029121164846593994,1.64,2.32,-0.08536585365853655,-0.35344827586206895
2016-08-01,370.316587793478,150.21541242236,711.73760373913,664.377119626144,47.0521739130435,44.7517391304348,198.8,111.4384,3.208552173913044,-0.54,1.09,3.47,-0.444,0.598,2.351,127.899911014493,818.879502608696,981.942300724638,14.832662956087,6.646573913043477,1.3880434782608695,1.3785217391304347,1.388,6.01,149.8,1.416,1789.25019606661,111.4384,186.2,1.56,5.917055035093511,390.4018125,347.02237525,161.823044821429,162.74069914966,-0.07173040410825271,-0.07696468549506141,669.8627639,628.747125809524,0.06251256540269678,0.1319934112187855,584.190132904984,484.677591320546,0.13726179578285014,0.3707609584672382,46.5985714285714,47.5338095238095,0.009734257308025018,-0.010132484974189948,44.8961904761905,42.9128571428571,-0.0032174521763110864,0.0428515393756248,208.0,257.2,-0.044230769230769185,-0.22706065318818036,112.4773,109.9768,-0.009236530393243791,0.013290075725062023,3.27814,3.515433333333333,-0.021227838373881536,-0.08729540011765902,-0.36,1.86,0.5000000000000002,-1.2903225806451613,-0.14,1.1,-8.785714285714285,-0.00909090909090915,1.71,3.18,1.0292397660818713,0.09119496855345921,-0.758,0.567,-0.4142480211081794,-1.7830687830687832,0.62,0.022,-0.03548387096774197,26.181818181818183,2.405,2.595,-0.022453222453222343,-0.09402697495183054,133.710203,173.517591587302,-0.04345436515048151,-0.2628994567957529,764.353752380953,754.408904285714,0.07133575266412451,0.08545842706353501,975.105257936509,980.251686507937,0.007011594627842843,0.0017246736118594619,14.8748808809524,9.243154662,-0.0028382025512191378,0.6047186808489,6.677105,6.3382523809523805,-0.004572503645894899,0.04864456534070172,1.4018000000000002,2.075333333333333,-0.00981346963841534,-0.33117082640818996,1.34885,1.6202380952380953,0.021997804893379325,-0.14918570105101747,1.412,2.075,-0.016997167138810165,-0.3310843373493977,6.01,6.01,0.0,0.0,157.6,189.2,-0.04949238578680193,-0.20824524312896397,1.38,1.604,0.026086956521739202,-0.11720698254364104,1816.09725118932,2042.47674132998,-0.014782829006061537,-0.12398013653681994,112.4773,109.9767,-0.009236530393243791,0.013290997093020618,186.7,190.1,-0.0026780931976432276,-0.02051551814834296,1.5,2.17,0.040000000000000036,-0.28110599078341014
2016-09-01,355.90210275,148.51190170068,722.611446857143,692.406658440732,47.3768181818182,45.2,195.9,112.3169,3.2531809523809523,-0.63,2.11,0.8,-0.437,0.5,2.394,123.248756190476,848.637222272727,989.050000000001,15.1125567181818,6.670180952380953,1.5569523809523809,1.441095238095238,1.552,6.01,163.1,1.392,1808.65165820244,112.3169,186.7,1.63,5.8774615221851185,370.316587793478,323.554524,150.21541242236,166.077623979592,-0.01134045231583991,-0.10576814538887258,711.73760373913,590.250261333333,0.01527788199033897,0.2242458736482651,664.377119626144,483.487307650792,0.042189199457020266,0.4321092766737862,47.0521739130435,48.0304545454545,0.00689966566421929,-0.013608789877633143,44.7517391304348,45.51,0.010016613393698304,-0.006811689738518867,198.8,258.8,-0.014587525150905445,-0.24304482225656876,111.4384,110.8513,0.007883279013338296,0.013221315401804157,3.208552173913044,3.903219047619048,0.013909319857959623,-0.1665389739360431,-0.54,2.16,0.16666666666666652,-1.2916666666666665,1.09,2.44,0.9357798165137612,-0.13524590163934425,3.47,4.85,-0.7694524495677233,-0.8350515463917525,-0.444,0.294,-0.015765765765765827,-2.4863945578231292,0.598,0.301,-0.16387959866220736,0.6611295681063123,2.351,2.505,0.018290089323692138,-0.04431137724550893,127.899911014493,164.06922015873,-0.03636558295564374,-0.24880025594539867,818.879502608696,767.198350909091,0.03633955859101623,0.10615099897847147,981.942300724638,981.681250000001,0.007238408275229258,0.007506255212677226,14.832662956087,9.363693063954551,0.018870095202961235,0.6139525948749265,6.646573913043477,6.3676047619047615,0.003551760598215603,0.04751805455740632,1.3880434782608695,1.7053333333333331,0.12168848118730646,-0.08700994080196578,1.3785217391304347,1.457047619047619,0.04539173898285731,-0.010948428001830157,1.388,1.715,0.11815561959654186,-0.09504373177842562,6.01,6.01,0.0,0.0,149.8,169.4,0.08878504672897192,-0.0371900826446282,1.416,1.382,-0.016949152542372947,0.00723589001447178,1789.25019606661,1932.50784266409,0.010843347776896328,-0.06409090909090753,111.4384,110.8513,0.007883279013338296,0.013221315401804157,186.2,187.4,0.0026852846401719255,-0.003735325506937115,1.56,2.17,0.04487179487179471,-0.24884792626728114
2016-10-01,358.38667675,152.617444047619,757.255475428571,651.448642642048,51.4138095238095,49.8095238095238,196.3,113.4747,3.185395,-0.69,2.65,4.33,-0.372,0.364,2.454,122.558500166667,900.38905,998.407142857144,15.17494029,6.73031,1.6188095238095237,1.5216190476190476,1.619,6.01,159.7,1.49,1727.29391460976,113.4747,187.3,1.76,5.884398902849854,355.90210275,327.419770363636,148.51190170068,171.448573214286,0.027644534208534743,-0.10983543819364894,722.611446857143,623.80725,0.04794281729428085,0.21392541594951164,692.406658440732,530.246639789742,-0.0591531223730859,0.22857665425351126,47.3768181818182,48.9063636363636,0.08521026731889259,0.05127033991097063,45.2,46.2686363636364,0.10198061525495139,0.07652889136517249,195.9,252.2,0.0020418580908627693,-0.22164948453608235,112.3169,109.9036,0.010308332940100584,0.03249302115672292,3.2531809523809523,3.875238095238095,-0.020836821982294196,-0.17801308675350203,-0.63,2.42,0.09523809523809512,-1.2851239669421488,2.11,3.95,0.2559241706161137,-0.329113924050633,0.8,1.67,4.4125,1.5928143712574854,-0.437,0.483,-0.14874141876430202,-1.7701863354037268,0.5,0.105,-0.272,2.466666666666667,2.394,2.519,0.02506265664160412,-0.025803890432711363,123.248756190476,165.451481904762,-0.005600511073249548,-0.2592480964466989,848.637222272727,805.175656818182,0.06098227413202184,0.11825170368174498,989.050000000001,1059.053125,0.009460737937559305,-0.05726434369650335,15.1125567181818,9.48761363463636,0.0041279297065033305,0.5994475401697386,6.670180952380953,6.3505,0.0090146051581379,0.05980788914258728,1.5569523809523809,1.6692272727272728,0.03972963053584544,-0.03020424464750915,1.441095238095238,1.3966363636363637,0.05587681327033023,0.08948835017962131,1.552,1.669,0.043170103092783574,-0.02995805871779511,6.01,6.01,0.0,0.0,163.1,173.5,-0.020846106683016563,-0.07953890489913551,1.392,1.349,0.07040229885057481,0.10452186805040764,1808.65165820244,1821.82784803879,-0.04498253891163262,-0.05188960830234135,112.3169,109.9036,0.010308332940100584,0.03249302115672292,186.7,186.0,0.0032137118371720064,0.00698924731182804,1.63,2.07,0.07975460122699385,-0.14975845410628008
2016-11-01,368.3730895,151.331415714286,772.41486247619,669.99758823287,46.9422727272727,45.4709090909091,196.8,116.1075,3.3368900000000004,-0.67,3.57,3.61,-0.382,0.381,2.439,122.549797719298,896.353904545454,1000.48520833333,15.3534659904545,6.84016,1.4384285714285714,1.4615238095238094,1.434,6.01,157.0,1.384,1665.03118898627,116.1075,186.5,2.14,5.911807215896563,358.38667675,319.0822908,152.617444047619,166.09242406015,-0.008426483233015758,-0.08887225548901811,757.255475428571,614.7362408,0.02001885432263073,0.2564980087573683,651.448642642048,503.163620012229,0.02847338128696375,0.3315700133817032,51.4138095238095,45.0952380952381,-0.08697151286690885,0.0409585293270609,49.8095238095238,42.5852380952381,-0.08710411958977893,0.06776223698027617,196.3,246.9,0.0025471217524197787,-0.20291616038882132,113.4747,111.6916,0.023201647591930108,0.03953654527287642,3.185395,3.785768421052632,0.04755925089353141,-0.11856996285256693,-0.69,2.57,-0.02898550724637672,-1.2607003891050583,2.65,1.08,0.34716981132075464,2.3055555555555554,4.33,-8.64,-0.16628175519630484,-1.417824074074074,-0.372,0.347,0.026881720430107503,-2.1008645533141213,0.364,0.253,0.04670329670329676,0.5059288537549407,2.454,2.467,-0.006112469437652868,-0.011349817592217315,122.558500166667,157.804378947368,-7.100647737345867e-05,-0.22340686274509758,900.38905,778.372963333333,-0.004481557671704217,0.15157379144680871,998.407142857144,1045.01091269841,0.002081380818489631,-0.04260788459146947,15.17494029,9.62613096690476,0.011764507605485974,0.5949778829355923,6.73031,6.364036842105262,0.016321685033824584,0.07481464512346125,1.6188095238095237,1.51145,-0.11142815119870564,-0.048312169487200074,1.5216190476190476,1.37725,-0.03949427301746267,0.061189914339306206,1.619,1.507,-0.1142680667078444,-0.048440610484406066,6.01,6.01,0.0,0.0,159.7,167.4,-0.016906700062617297,-0.06212664277180413,1.49,1.335,-0.07114093959731549,0.03670411985018718,1727.29391460976,1716.71113356661,-0.036046398992586326,-0.030104042299166855,113.4747,111.6916,0.023201647591930108,0.03953654527287642,187.3,184.2,-0.004271222637480032,0.012486427795874055,1.76,2.26,0.21590909090909105,-0.05309734513274322
2016-12-01,375.28877875,152.729924659864,800.256063619048,711.756236551718,55.0227272727273,52.0527272727273,194.4,117.9048,3.353966666666667,-0.56,2.87,-1.97,-0.31,0.427,2.51,122.846325555556,917.339713636363,1012.24791666667,15.8485797109091,6.919752380952381,1.4957619047619048,1.631857142857143,1.5,6.01,158.8,1.579,1743.20991534859,117.9048,188.3,2.49,5.930356877197287,368.3730895,323.315332056818,151.331415714286,164.004401785714,0.009241365640947796,-0.06874496661730511,772.41486247619,677.199138,0.03604436229205277,0.18171453375217972,669.99758823287,520.602567605653,0.06232656512837176,0.3671777298856129,46.9422727272727,38.5252173913043,0.17213598907749494,0.4282262631734488,45.4709090909091,37.3960869565217,0.14474789075932692,0.39192978487952623,196.8,248.8,-0.012195121951219523,-0.2186495176848875,116.1075,112.7857,0.015479620179574827,0.045387846154255174,3.3368900000000004,3.880836363636364,0.005117539585262509,-0.13576189449946752,-0.67,2.64,-0.16417910447761186,-1.2121212121212122,3.57,-0.58,-0.196078431372549,-5.948275862068966,3.61,-8.24,-1.5457063711911356,-0.7609223300970874,-0.382,0.272,-0.18848167539267013,-2.139705882352941,0.381,0.496,0.1207349081364828,-0.1391129032258065,2.439,2.31,0.029110291102910857,0.08658008658008653,122.549797719298,163.893455,0.0024196517805537,-0.2504500832229327,896.353904545454,810.667671739131,0.023412414431943418,0.13158541485734543,1000.48520833333,1022.14411231884,0.011757003737151717,-0.009681800768503668,15.3534659904545,11.3129347925652,0.0322476840579462,0.4009255778018541,6.84016,6.449095454545454,0.01163604081664471,0.0729803008381893,1.4384285714285714,1.6332272727272723,0.03985831098751946,-0.08416793563324387,1.4615238095238094,1.2758636363636364,0.11654502802033107,0.27902159474356547,1.434,1.647,0.046025104602510414,-0.08925318761384338,6.01,6.01,0.0,0.0,157.0,130.8,0.01146496815286624,0.21406727828746175,1.384,1.254,0.1408959537572254,0.25917065390749605,1665.03118898627,1656.91541988417,0.04695331047217066,0.05208141250230658,116.1075,112.7857,0.015479620179574827,0.045387846154255174,186.5,182.3,0.00965147453083115,0.0329127811300054,2.14,2.24,0.16355140186915884,0.1116071428571428
2017-01-01,379.589978775,160.012106964286,771.8815544,726.488555994266,55.7109090909091,52.5618181818182,196.3,117.7858,3.190084210526316,-0.34,1.69,6.73,-0.086,0.13,2.58,137.145735833333,917.373227272727,980.862500000001,15.9105678472727,6.890663157894736,1.60805,1.6136,1.612,6.01,161.1,1.574,1820.94943538303,117.7858,191.0,2.43,5.941722624444466,375.28877875,323.204353776316,152.729924659864,161.098876879699,0.04768012765435281,-0.006745980707392074,800.256063619048,659.900782315789,-0.035456787532140766,0.1696933464622319,711.756236551718,531.619442572607,0.02069854633648527,0.36655753687007864,55.0227272727273,32.0452380952381,0.012507228418008776,0.7385081966105818,52.0527272727273,31.7842857142857,0.009780292710188654,0.6537045587339994,194.4,243.0,0.00977366255144041,-0.19218106995884765,117.9048,115.2344,-0.0010092888499874109,0.022140957908402426,3.353966666666667,4.05558947368421,-0.048862279333033776,-0.213410471837438,-0.56,2.48,-0.3928571428571429,-1.1370967741935485,2.87,-0.56,-0.4111498257839722,-4.017857142857142,-1.97,-2.91,-4.416243654822335,-3.3127147766323026,-0.31,0.266,-0.7225806451612904,-1.3233082706766917,0.427,0.531,-0.6955503512880562,-0.7551789077212806,2.51,2.143,0.02788844621513964,0.20391973868408786,122.846325555556,164.611626666667,0.11640079760717148,-0.16685267857143238,917.339713636363,777.903425238095,3.6533506470926014e-05,0.17928935329208007,1012.24791666667,1020.13650793651,-0.031005661903480197,-0.03849877700774662,15.8485797109091,13.6144643514286,0.003911273911878288,0.16865176892568412,6.919752380952381,6.5726,-0.004203795375354313,0.04839228888031166,1.4957619047619048,1.2994736842105263,0.07507083505778223,0.23746253543944906,1.631857142857143,1.116210526315789,-0.01118795412763729,0.44560543191248625,1.5,1.32,0.07466666666666666,0.2212121212121212,6.01,6.01,0.0,0.0,158.8,119.2,0.01448362720403007,0.3515100671140938,1.579,1.094,-0.0031665611146294292,0.4387568555758683,1743.20991534859,1800.45314008204,0.04459561602418627,0.011383964872341057,117.9048,115.2344,-0.0010092888499874109,0.022140957908402426,188.3,180.9,0.014338821030270843,0.05583195135433927,2.49,2.09,-0.02409638554216864,0.16267942583732076
2017-02-01,380.872623986842,162.962535912698,742.922130210526,706.793595646491,56.096,53.45,203.9,116.1204,3.105726315789474,-0.16,0.82,-5.01,0.101,-0.043,2.568,147.361442105263,872.3303565,966.971041666668,15.579312563499998,6.869426315789474,1.7585263157894735,1.5478947368421052,1.756,6.01,163.5,1.534,1806.41170593026,116.1204,191.7,2.42,5.945087107940787,379.589978775,320.12948625,160.012106964286,159.716845357143,0.018438785691826,0.02032152931832143,771.8815544,686.9044765,-0.03751796376580707,0.08155086424236746,726.488555994266,595.900683226908,-0.02710980122848683,0.18609294390984443,55.7109090909091,33.762380952381,0.00691230703958734,0.661494196132633,52.5618181818182,30.377619047619,0.016897851880037118,0.759519069490386,196.3,227.9,0.038716250636780414,-0.10530934620447563,117.7858,114.2817,-0.014139225611236594,0.01608919013280352,3.190084210526316,3.964385,-0.026443783038230362,-0.21659316242255133,-0.34,2.14,-0.5294117647058824,-1.074766355140187,1.69,-0.66,-0.514792899408284,-2.242424242424242,6.73,-15.37,-1.7444279346210996,-0.6740403383214053,-0.086,-0.11,-2.174418604651163,-1.9181818181818182,0.13,0.559,-1.3307692307692307,-1.0769230769230769,2.58,1.998,-0.0046511627906976605,0.2852852852852854,137.145735833333,159.283795,0.07448796136355762,-0.07484975414314432,917.373227272727,778.936146666667,-0.04909983138120966,0.11989969939512846,980.862500000001,1039.57857142858,-0.014162493043961777,-0.06984323432343875,15.9105678472727,14.81280949,-0.02081982786236536,0.051745961764880555,6.890663157894736,6.550050000000001,-0.0030819736241105566,0.04875937065968561,1.60805,0.9747,0.09357688864741354,0.8041718639473412,1.6136,1.05775,-0.04071967225947859,0.46338429387105196,1.612,0.97,0.08933002481389574,0.8103092783505155,6.01,6.01,0.0,0.0,161.1,113.4,0.014897579143389184,0.44179894179894164,1.574,0.995,-0.02541296060991105,0.5417085427135679,1820.94943538303,1851.98668255309,-0.007983598649301316,-0.02460869565217494,117.7858,114.2817,-0.014139225611236594,0.01608919013280352,191.0,179.4,0.003664921465968529,0.06856187290969884,2.43,1.78,-0.004115226337448652,0.3595505617977528
2017-03-01,366.095056173913,158.979119254658,723.402919130435,663.299519382585,52.6552173913044,49.3630434782609,210.6,115.6558,3.1275304347826087,0.05,-1.07,-7.11,0.357,-0.328,2.554,146.43149942029,839.915257391304,936.78052536232,15.5249455486957,6.894,1.7198260869565216,1.4919565217391304,1.72,6.01,161.3,1.629,1882.51470499518,115.6558,191.4,2.48,5.9056208231658855,380.872623986842,326.935421590909,162.962535912698,159.226532142857,-0.02444375718462055,-0.001553842094463409,742.922130210526,713.855956,-0.02627356257991642,0.013373794881435419,706.793595646491,633.067782763729,-0.06153716803860221,0.04775434391381572,56.096,39.7921739130435,-0.061337396760831386,0.32325561067284436,53.45,37.9017391304348,-0.0764631715947447,0.30239520958083865,203.9,228.4,0.03285924472780777,-0.07793345008756569,116.1204,111.8934,-0.004001019631348135,0.033624860805016255,3.105726315789474,3.698021739130435,0.00702061829539935,-0.15426932143507988,-0.16,1.58,-1.3125,-0.9683544303797469,0.82,-1.4,-2.3048780487804876,-0.23571428571428565,-5.01,-2.64,0.4191616766467068,1.6931818181818183,0.101,-0.009,2.5346534653465342,-40.66666666666667,-0.043,0.852,6.627906976744187,-1.3849765258215962,2.568,2.09,-0.005451713395638769,0.22200956937799043,147.361442105263,164.060471666667,-0.006310624215449145,-0.10745411168995667,872.3303565,767.374764782609,-0.037159201060883884,0.09453072467042234,966.971041666668,1013.92101449276,-0.03122173778059767,-0.07608135942327976,15.579312563499998,14.9147827321739,-0.003489692795025645,0.040909936636593924,6.869426315789474,6.5026913043478265,0.0035772542103031935,0.060176421936335434,1.7585263157894735,1.5194545454545454,-0.02200719345822122,0.13187070459026806,1.5478947368421052,1.1957272727272727,-0.03613825525183689,0.24773981138374768,1.756,1.528,-0.02050113895216399,0.12565445026178002,6.01,6.01,0.0,0.0,163.5,119.4,-0.013455657492354667,0.35092127303182585,1.534,1.416,0.06192959582790092,0.15042372881355948,1806.41170593026,1811.5160472973,0.04212937660616456,0.03919294990723743,116.1204,111.8934,-0.004001019631348135,0.033624860805016255,191.7,180.4,-0.0015649452269169695,0.060975609756097615,2.42,1.89,0.024793388429751984,0.3121693121693123
2017-04-01,347.861310355263,156.540452067669,695.302338210526,623.207664785016,53.978,51.174,217.6,114.7698,3.138995,0.2,0.13,9.03,0.499,-0.377,2.583,138.407590701754,823.0287205,939.952291666668,15.335187627,6.887555000000001,1.7721052631578948,1.6093684210526316,1.777,6.01,162.9,1.681,1847.96062454754,114.7698,192.8,2.3,5.85467445168929,366.095056173913,353.80246275,158.979119254658,164.465401870748,-0.015339543950313672,-0.048186121293201434,723.402919130435,748.531479142857,-0.03884499243338302,-0.07111142605957421,663.299519382585,680.375486749158,-0.06044306293917934,-0.08402392954703652,52.6552173913044,43.3304761904762,0.025121586696061238,0.24572828977734784,49.3630434782609,41.0319047619048,0.03668648434403421,0.24717583297550005,210.6,232.8,0.033238366571699984,-0.06529209621993137,115.6558,110.0171,-0.007660662067963675,0.04319964805471144,3.1275304347826087,3.5634476190476194,0.003665692614814864,-0.11911291098508148,0.05,0.94,3.0,-0.7872340425531914,-1.07,-1.58,-1.1214953271028036,-1.0822784810126582,-7.11,4.88,-2.270042194092827,0.8504098360655736,0.357,0.146,0.3977591036414567,2.4178082191780823,-0.328,0.56,0.14939024390243905,-1.6732142857142858,2.554,2.152,0.011354737666405823,0.20027881040892193,146.43149942029,163.386837777778,-0.05479632968522474,-0.15288408427365618,839.915257391304,805.604525238095,-0.02010504838756233,0.021628720688672054,936.78052536232,1028.42797619048,0.0033858158004740346,-0.08603002502085277,15.5249455486957,14.3872618909524,-0.012222775345684944,0.06588645867659593,6.894,6.475433333333334,-0.0009348709022337642,0.06364387454121467,1.7198260869565216,1.5511428571428572,0.03039794348851199,0.14245135771829665,1.4919565217391304,1.4484285714285714,0.07869659578057786,0.11111341822353493,1.72,1.551,0.0331395348837209,0.14571244358478408,6.01,6.01,0.0,0.0,161.3,123.6,0.009919404835709855,0.3179611650485439,1.629,1.488,0.031921424186617475,0.12970430107526876,1882.51470499518,1865.33018908577,-0.018355277839770423,-0.00931179082387723,115.6558,110.0171,-0.007660662067963675,0.04319964805471144,191.4,181.9,0.007314524555903867,0.05992303463441462,2.48,1.81,-0.07258064516129037,0.27071823204419876
2017-05-01,350.179987261364,158.600219642857,714.066397,655.510616305257,51.374347826087,48.5595652173913,216.9,114.2591,3.204277272727273,0.3,2.16,1.67,0.536,-0.233,2.56,146.440213333333,833.627775652174,949.833061594204,15.7178240656522,6.884304545454546,1.745,1.5366363636363636,1.746,6.01,173.6,1.581,1814.87693050193,114.2591,192.4,2.3,5.861298876257376,347.861310355263,388.5121365,156.540452067669,169.002119897959,0.013158053065399411,-0.06154893359552238,695.302338210526,707.032132190476,0.02698690592320796,0.009949003007446056,623.207664785016,644.564789449039,0.05183336686236739,0.016981732535489957,53.978,47.735,-0.04823543247087703,0.07624065834475768,51.174,46.8418181818182,-0.05108912304312141,0.03667122887727392,217.6,229.2,-0.003216911764705843,-0.05366492146596846,114.7698,111.1405,-0.004449776857675114,0.028059978135783092,3.138995,3.540304761904762,0.020797189140878913,-0.0949148482337715,0.2,0.39,0.4999999999999998,-0.23076923076923084,0.13,0.09,15.615384615384617,23.000000000000004,9.03,-2.16,-0.8150609080841639,-1.773148148148148,0.499,-0.113,0.07414829659318634,-5.743362831858407,-0.377,0.542,-0.38196286472148533,-1.429889298892989,2.583,2.315,-0.008904374758033295,0.10583153347732188,138.407590701754,157.560342063492,0.058035997815235385,-0.07057695219827542,823.0287205,798.869667272727,0.012878110919063657,0.04350911018828407,939.952291666668,1040.221875,0.01051199089053334,-0.08689378254595537,15.335187627,14.116329627272698,0.024951532903223717,0.11344977629917485,6.887555000000001,6.525880952380952,-0.00047193155560354416,0.054923403551029315,1.7721052631578948,1.5254285714285714,-0.015295515295515316,0.14394081288630844,1.6093684210526316,1.5625714285714285,-0.045192919448920565,-0.01659768280722751,1.777,1.53,-0.017445132245357264,0.14117647058823524,6.01,6.01,0.0,0.0,162.9,144.4,0.06568446899938607,0.2022160664819943,1.681,1.581,-0.05948839976204645,0.0,1847.96062454754,1830.17276826847,-0.01790281329923371,-0.0083575922621838,114.7698,111.1405,-0.004449776857675114,0.028059978135783092,192.8,184.0,-0.0020746887966804906,0.04565217391304355,2.3,1.81,0.0,0.27071823204419876
2017-06-01,339.728909863636,157.973907142857,704.827035,621.181586939107,47.6527272727273,45.1854545454545,214.1,112.7603,3.2953954545454547,0.31,1.16,-0.58,0.424,-0.226,2.511,157.246191666667,830.437526363636,936.240625000002,16.1236884809091,6.806563636363635,1.6193636363636363,1.4448636363636362,1.619,6.01,171.5,1.482,1878.0462580072,112.7603,192.9,2.19,5.8310871753776405,350.179987261364,421.228941715909,158.600219642857,179.912739285714,-0.0039490014667720175,-0.12194151581460055,714.066397,703.604473,-0.012939079669365805,0.001737569965675867,655.510616305257,618.453034128718,-0.05236990601257285,0.004411899788369533,51.374347826087,49.8772727272727,-0.0724412223383969,-0.04460038275767686,48.5595652173913,48.7918181818182,-0.06948395556738607,-0.07391328650481777,216.9,226.1,-0.012909174734900941,-0.05307386112339674,114.2591,111.5596,-0.013117554750562532,0.010762856804793053,3.204277272727273,3.4234454545454542,0.028436422338890655,-0.037403838238457165,0.3,-0.07,0.03333333333333344,-5.428571428571428,2.16,-0.1,-0.462962962962963,-12.599999999999998,1.67,-0.16,-1.347305389221557,2.6249999999999996,0.536,-0.443,-0.20895522388059706,-1.9571106094808126,-0.233,0.548,-0.030042918454935674,-1.4124087591240877,2.56,2.423,-0.019140625000000022,0.03631861328931074,146.440213333333,156.695036666667,0.07379105839416522,0.003517373694308157,833.627775652174,788.774355909091,-0.003826946968078393,0.05282013815792319,949.833061594204,1017.296875,-0.014310342673678256,-0.07967806841046088,15.7178240656522,14.1557386136364,0.025821921250780866,0.13902134823095347,6.884304545454546,6.589222727272727,-0.011292485475855374,0.03298430150059084,1.745,1.6424999999999998,-0.07199791612399065,-0.01408606614086061,1.5366363636363636,1.505681818181818,-0.05972312607229491,-0.04039245283018855,1.746,1.642,-0.07273768613974796,-0.014007308160779441,6.01,6.01,0.0,0.0,173.6,155.4,-0.012096774193548376,0.10360360360360366,1.581,1.554,-0.06261859582542695,-0.04633204633204635,1814.87693050193,1870.57975043327,0.034806397306400116,0.003991547311575916,114.2591,111.5596,-0.013117554750562532,0.010762856804793053,192.4,186.3,0.0025987525987525295,0.03542673107890493,2.3,1.64,-0.047826086956521685,0.33536585365853666
2017-07-01,365.4528402,157.610645892857,738.7240696,617.158220835306,49.2533333333333,46.5819047619048,204.9,111.0606,3.19941,0.14,2.1,1.15,0.52,-0.094,2.496,174.532416666667,866.075945714286,951.946329365081,17.1988023809524,6.769425,1.6633684210526316,1.5694210526315788,1.669,6.01,179.6,1.57,1894.77792764065,111.0606,192.9,2.32,5.903869836921712,339.728909863636,390.4018125,157.973907142857,161.823044821429,-0.0022995015858631174,-0.026030896484615984,704.827035,669.8627639,0.048092699225136926,0.10279912455363749,621.181586939107,584.190132904984,-0.006476956478420837,0.05643383219497844,47.6527272727273,46.5985714285714,0.03358897070980582,0.0569708860888849,45.1854545454545,44.8961904761905,0.030904861542236706,0.03754693366708417,214.1,208.0,-0.042970574497898095,-0.014903846153846101,112.7603,112.4773,-0.015073567558795187,-0.012595430366838523,3.2953954545454547,3.27814,-0.029127142969460174,-0.024016667988554508,0.31,-0.36,-0.5483870967741935,-1.3888888888888888,1.16,-0.14,0.8103448275862071,-16.0,-0.58,1.71,-2.9827586206896552,-0.32748538011695916,0.424,-0.758,0.2264150943396228,-1.6860158311345645,-0.226,0.62,-0.584070796460177,-1.1516129032258065,2.511,2.405,-0.005973715651135025,0.037837837837837895,157.246191666667,133.710203,0.10993096123207624,0.3053036548502359,830.437526363636,764.353752380953,0.042915232295324346,0.1330826113124579,936.240625000002,975.105257936509,0.016775286123777322,-0.023750183257586266,16.1236884809091,14.8748808809524,0.06667915355200926,0.1562312679072162,6.806563636363635,6.677105,-0.005456297530992638,0.01382635139031052,1.6193636363636363,1.4018000000000002,0.027174121797504558,0.1865946790217088,1.4448636363636362,1.34885,0.08620703928948115,0.16352526421142355,1.619,1.412,0.030883261272390383,0.18201133144475934,6.01,6.01,0.0,0.0,171.5,157.6,0.04723032069970845,0.13959390862944154,1.482,1.38,0.05937921727395423,0.13768115942029002,1878.0462580072,1816.09725118932,0.008909082809921864,0.04332404357740405,112.7603,112.4773,-0.015073567558795187,-0.012595430366838523,192.9,186.7,0.0,0.03320835565077673,2.19,1.5,0.05936073059360725,0.5466666666666666
2017-08-01,345.410749402174,148.543430357143,746.637696869565,621.819465680048,51.9278260869565,48.0478260869565,194.7,109.9059,3.147791304347826,-0.11,1.93,2.1,0.349,0.081,2.595,139.050815072464,874.811255652174,967.845561594204,17.4122756521739,6.666995652173913,1.806782608695652,1.687608695652174,1.807,6.01,188.9,1.663,1952.25303149131,109.9059,193.9,2.21,5.847625207968277,365.4528402,370.316587793478,157.610645892857,150.21541242236,-0.05752920739807044,-0.011130562691635815,738.7240696,711.73760373913,0.010712561828194023,0.049035055822660656,617.158220835306,664.377119626144,0.007552755010592049,-0.06405647137584136,49.2533333333333,47.0521739130435,0.05430074621595571,0.10362225097024491,46.5819047619048,44.7517391304348,0.031469759181048884,0.07365271206365454,204.9,198.8,-0.049780380673499325,-0.020623742454728533,111.0606,111.4384,-0.010397026488241479,-0.013751992131976087,3.19941,3.208552173913044,-0.01613381706382555,-0.018937161146772352,0.14,-0.54,-1.7857142857142856,-0.7962962962962963,2.1,1.09,-0.080952380952381,0.7706422018348622,1.15,3.47,0.8260869565217392,-0.3948126801152738,0.52,-0.444,-0.3288461538461539,-1.7860360360360361,-0.094,0.598,-1.8617021276595747,-0.8645484949832776,2.496,2.351,0.039663461538461675,0.1037856231390899,174.532416666667,127.899911014493,-0.20329519450800937,0.08718461154134372,866.075945714286,818.879502608696,0.010086078456645886,0.06830278797466138,951.946329365081,981.942300724638,0.01670181578380281,-0.014355975009968658,17.1988023809524,14.832662956087,0.012412100941279425,0.17391433377297116,6.769425,6.646573913043477,-0.015131174040053152,0.0030725211812299147,1.6633684210526316,1.3880434782608695,0.08621913571754791,0.30167580266249017,1.5694210526315788,1.3785217391304347,0.07530652327010667,0.22421623667444668,1.669,1.388,0.08268424206111447,0.30187319884726227,6.01,6.01,0.0,0.0,179.6,149.8,0.05178173719376389,0.26101468624833113,1.57,1.416,0.05923566878980879,0.1744350282485876,1894.77792764065,1789.25019606661,0.030333424836876288,0.09110119746418732,111.0606,111.4384,-0.010397026488241479,-0.013751992131976087,192.9,186.2,0.005184033177812353,0.04135338345864681,2.32,1.56,-0.047413793103448176,0.4166666666666665
2017-09-01,353.86020285,147.315857857143,755.6555512,661.631565157988,55.557619047619,49.7357142857143,193.1,108.8542,3.132515,-0.38,3.1,3.74,0.034,0.142,2.785,138.413392333333,890.773185238095,971.817261904764,17.2388023809524,6.568989999999999,1.8145,1.8572,1.823,6.01,204.2,1.663,2034.65468577634,108.8542,195.5,2.2,5.871723917129154,345.410749402174,355.90210275,148.543430357143,148.51190170068,-0.008264064570533747,-0.008053521837916966,746.637696869565,722.611446857143,0.012077952088736188,0.045728730822872876,621.819465680048,692.406658440732,0.06402517398582863,-0.04444655883588422,51.9278260869565,47.3768181818182,0.06990073019009446,0.1726751854547366,48.0478260869565,45.2,0.03512933541890284,0.10034766118836935,194.7,195.9,-0.00821777092963527,-0.01429300663603883,109.9059,112.3169,-0.009569095016736973,-0.030829732658219755,3.147791304347826,3.2531809523809523,-0.00485302323782566,-0.0370916816946929,-0.11,-0.63,2.4545454545454546,-0.39682539682539686,1.93,2.11,0.606217616580311,0.4691943127962086,2.1,0.8,0.7809523809523811,3.675,0.349,-0.437,-0.9025787965616046,-1.0778032036613272,0.081,0.5,0.7530864197530862,-0.716,2.595,2.394,0.07321772639691715,0.16332497911445287,139.050815072464,123.248756190476,-0.004584099264709818,0.12304088586030582,874.811255652174,848.637222272727,0.018246141076478706,0.049651325512831246,967.845561594204,989.050000000001,0.004103650900684874,-0.017423525701670273,17.4122756521739,15.1125567181818,-0.009962699573955014,0.14069397405222173,6.666995652173913,6.670180952380953,-0.014700122407003025,-0.015170645759592594,1.806782608695652,1.5569523809523809,0.004271344691500811,0.16541778810863716,1.687608695652174,1.441095238095238,0.10049207780497227,0.28874202821927764,1.807,1.552,0.008854454897620379,0.17461340206185572,6.01,6.01,0.0,0.0,188.9,163.1,0.08099523557437793,0.2519926425505825,1.663,1.392,0.0,0.19468390804597702,1952.25303149131,1808.65165820244,0.04220849088505929,0.1249566363699448,109.9059,112.3169,-0.009569095016736973,-0.030829732658219755,193.9,186.7,0.008251676121712181,0.04713444027852165,2.21,1.63,-0.004524886877827927,0.34969325153374253
2017-10-01,358.276127522727,148.722376785714,740.742299,648.161663544148,57.5363636363636,51.5731818181818,195.4,110.8892,3.1922666666666664,-0.65,2.94,0.62,0.016,0.238,2.794,133.344516031746,898.620280454545,945.246875000002,17.4548790909091,6.6254,1.7613636363636365,1.7154090909090909,1.761,6.01,213.5,1.652,2167.92243440681,110.8892,195.6,2.36,5.884091250283205,353.86020285,358.38667675,147.315857857143,152.617444047619,0.009547641028129883,-0.025521769717815945,755.6555512,757.255475428571,-0.019735515971949558,-0.021806612120203295,661.631565157988,651.448642642048,-0.02035861395250016,-0.005045645785013986,55.557619047619,51.4138095238095,0.03561607971444203,0.11908384477362599,49.7357142857143,49.8095238095238,0.036944629404775275,0.03540804797496944,193.1,196.3,0.011910926980839065,-0.004584819154355602,108.8542,113.4747,0.01869473111740283,-0.022784814588626356,3.132515,3.185395,0.019074662584749325,0.002157241618909511,-0.38,-0.69,0.7105263157894737,-0.05797101449275355,3.1,2.65,-0.05161290322580647,0.10943396226415092,3.74,4.33,-0.8342245989304813,-0.8568129330254042,0.034,-0.372,-0.5294117647058824,-1.043010752688172,0.142,0.364,0.676056338028169,-0.34615384615384615,2.785,2.454,0.0032315978456014527,0.1385493072534636,138.413392333333,122.558500166667,-0.036621285094869505,0.08800708111155986,890.773185238095,900.38905,0.008809307853550274,-0.0019644503067368646,971.817261904764,998.407142857144,-0.027340929150284854,-0.0532450796626045,17.2388023809524,15.17494029,0.01253432258121645,0.15024367525264903,6.568989999999999,6.73031,0.008587317076141243,-0.015587692097392303,1.8145,1.6188095238095237,-0.029284300708935507,0.0880610785008491,1.8572,1.5216190476190476,-0.07634660192273801,0.1273577927361491,1.823,1.619,-0.034009873834339066,0.08770846201358862,6.01,6.01,0.0,0.0,204.2,159.7,0.04554358472086206,0.33688165309956175,1.663,1.49,-0.00661455201443184,0.10872483221476514,2034.65468577634,1727.29391460976,0.06549895152337393,0.2550975928706376,108.8542,113.4747,0.01869473111740283,-0.022784814588626356,195.5,187.3,0.000511508951406725,0.0443139348638546,2.2,1.76,0.07272727272727253,0.34090909090909083
2017-11-01,361.4092835,148.792165892857,758.620240190476,635.563806500635,62.8363636363636,56.7381818181818,202.6,111.1635,3.26293,-0.84,4.48,3.59,0.289,-0.194,2.909,138.045955666667,938.896672727273,948.521875000001,17.4832322727273,6.620015,1.8431904761904765,1.831,1.836,6.01,223.7,1.771,2067.3441853227,111.1635,196.7,2.35,5.892774190562576,358.276127522727,368.3730895,148.722376785714,151.331415714286,0.0004692576103968449,-0.016779396462021534,740.742299,772.41486247619,0.024135169835192594,-0.017859084484070586,648.161663544148,669.99758823287,-0.01943628843246914,-0.05139388907810061,57.5363636363636,46.9422727272727,0.09211565808184541,0.33858801429221574,51.5731818181818,45.4709090909091,0.10014894985942302,0.24779079531368642,195.4,196.8,0.03684749232343898,0.029471544715446996,110.8892,116.1075,0.002473640354516027,-0.042581228602803445,3.1922666666666664,3.3368900000000004,0.02213578648400305,-0.02216435063786948,-0.65,-0.67,0.29230769230769216,0.25373134328358193,2.94,3.57,0.523809523809524,0.25490196078431393,0.62,3.61,4.790322580645161,-0.005540166204986208,0.016,-0.382,17.0625,-1.756544502617801,0.238,0.381,-1.8151260504201683,-1.5091863517060369,2.794,2.439,0.04115962777380089,0.19270192701927003,133.344516031746,122.549797719298,0.03525784017845712,0.12644784598390912,898.620280454545,896.353904545454,0.044820257397657715,0.04746202138026345,945.246875000002,1000.48520833333,0.003464703334775887,-0.051938132518613345,17.4548790909091,15.3534659904545,0.0016243699925122534,0.13871566743280694,6.6254,6.84016,-0.0008127811151024122,-0.03218418867394912,1.7613636363636365,1.4384285714285714,0.04645652841781889,0.28139173039361753,1.7154090909090909,1.4615238095238094,0.06738387344656727,0.2528020331030887,1.761,1.434,0.04258943781942093,0.2803347280334729,6.01,6.01,0.0,0.0,213.5,157.0,0.04777517564402811,0.4248407643312102,1.652,1.384,0.07203389830508478,0.27962427745664753,2167.92243440681,1665.03118898627,-0.046393841166937566,0.24162490108150614,110.8892,116.1075,0.002473640354516027,-0.042581228602803445,195.6,186.5,0.005623721881390598,0.05469168900804289,2.36,2.14,-0.004237288135593098,0.0981308411214954
2017-12-01,357.1533569625,149.0874275,730.5669756,592.797796439949,64.0642857142857,57.9204761904762,208.1,110.8758,3.294960000000001,-0.97,6.14,-2.39,0.109,-0.289,2.909,147.1032695,877.510107142857,940.366865079367,17.7277319047619,6.593195,1.6482500000000002,1.7556999999999998,1.646,6.01,223.8,1.721,2225.14474455323,110.8758,197.2,2.4,5.880961266079495,361.4092835,375.28877875,148.792165892857,152.729924659864,0.0019843894695072972,-0.023849269669817486,758.620240190476,800.256063619048,-0.03697932523317904,-0.08708348638295682,635.563806500635,711.756236551718,-0.06728830311491829,-0.16713368145264595,62.8363636363636,55.0227272727273,0.01954158399470929,0.164324069156782,56.7381818181818,52.0527272727273,0.020837720462792975,0.11272702171790461,202.6,194.4,0.027147087857847918,0.07047325102880642,111.1635,117.9048,-0.002588079720411862,-0.05961589350051899,3.26293,3.353966666666667,0.009816330721162059,-0.017593098718929667,-0.84,-0.56,0.15476190476190488,0.732142857142857,4.48,2.87,0.3705357142857142,1.1393728222996513,3.59,-1.97,-1.6657381615598887,0.21319796954314718,0.289,-0.31,-0.6228373702422145,-1.3516129032258064,-0.194,0.427,0.48969072164948435,-1.6768149882903982,2.909,2.51,0.0,0.15896414342629495,138.045955666667,122.846325555556,0.06561085972850433,0.19745762711863968,938.896672727273,917.339713636363,-0.06538159881438554,-0.043418600439329214,948.521875000001,1012.24791666667,-0.008597598153056829,-0.07101131096817381,17.4832322727273,15.8485797109091,0.013984807169553193,0.1185691227939698,6.620015,6.919752380952381,-0.004051350336819581,-0.047192061648228534,1.8431904761904765,1.4957619047619048,-0.1057625235745473,0.10194677023972498,1.831,1.631857142857143,-0.041125068268705656,0.07589074673903506,1.836,1.5,-0.10348583877995654,0.09733333333333327,6.01,6.01,0.0,0.0,223.7,158.8,0.0004470272686634136,0.40931989924433254,1.771,1.579,-0.028232636928289034,0.08993033565547814,2067.3441853227,1743.20991534859,0.07633008589031731,0.2764640247633443,111.1635,117.9048,-0.002588079720411862,-0.05961589350051899,196.7,188.3,0.002541942043721379,0.047265002655337174,2.35,2.49,0.02127659574468077,-0.03614457831325313
2018-01-01,356.868812,155.916875340136,726.663748380952,633.347501155855,68.8891304347826,63.5847826086957,213.5,108.3567,3.211523809523809,-0.92,2.12,-9.52,-0.2,-0.189,3.018,156.388044126984,842.578376956522,935.475271739132,19.0187986956522,6.423295238095237,1.9544761904761905,1.902809523809524,1.944,6.01,229.4,1.856,2130.37984133687,108.3568,199.1,2.58,5.880166472315244,357.1533569625,379.589978775,149.0874275,160.012106964286,0.04580834182101645,-0.025593261046578553,730.5669756,771.8815544,-0.005342737010309406,-0.058581275535463107,592.797796439949,726.488555994266,0.06840393968976843,-0.12820718794522368,64.0642857142857,55.7109090909091,0.0753125499910321,0.23654651411933125,57.9204761904762,52.5618181818182,0.09779454159858703,0.20971429087075388,208.1,196.3,0.025949062950504587,0.08762098828323994,110.8758,117.7858,-0.022720016450839542,-0.08005294356365533,3.294960000000001,3.190084210526316,-0.025322368246106786,0.0067207000137328166,-0.97,-0.34,-0.05154639175257725,1.7058823529411762,6.14,1.69,-0.6547231270358306,0.2544378698224854,-2.39,6.73,2.9832635983263596,-2.414561664190193,0.109,-0.086,-2.834862385321101,1.3255813953488373,-0.289,0.13,-0.3460207612456747,-2.453846153846154,2.909,2.58,0.03746992093502932,0.1697674418604651,147.1032695,137.145735833333,0.06311739133020411,0.14030555289765134,877.510107142857,917.373227272727,-0.039807781018125876,-0.08153153819254544,940.366865079367,980.862500000001,-0.005201792536386418,-0.04627277346301739,17.7277319047619,15.9105678472727,0.07282752231510803,0.19535637434287412,6.593195,6.890663157894736,-0.025768957524350822,-0.06782626128865821,1.6482500000000002,1.60805,0.18578867919077213,0.2154324744107401,1.7556999999999998,1.6136,0.08378967010851746,0.17923247633212935,1.646,1.612,0.18104495747266114,0.2059553349875929,6.01,6.01,0.0,0.0,223.8,161.1,0.02502234137622872,0.42396027312228446,1.721,1.574,0.0784427658338176,0.17916137229987306,2225.14474455323,1820.94943538303,-0.04258819721653073,0.16992806057173815,110.8758,117.7858,-0.022719114540774354,-0.0800520945648795,197.2,191.0,0.00963488843813387,0.04240837696335076,2.4,2.43,0.07500000000000018,0.06172839506172845
2018-02-01,371.232237434211,163.460969736842,709.377096421053,642.943711013104,65.6965,62.227,224.5,107.65,3.2506526315789475,-0.85,-0.22,-2.45,0.215,-0.148,3.046,172.289119122807,822.213361,951.960625000001,19.839243,6.318315789473684,1.8785263157894736,1.8179473684210523,1.877,6.01,226.5,1.772,2061.01961420125,107.6501,200.5,2.86,5.9195179536605895,356.868812,380.872623986842,155.916875340136,162.962535912698,0.04838536162457352,0.003058579208726986,726.663748380952,742.922130210526,-0.023789066123657165,-0.04515282615146643,633.347501155855,706.793595646491,0.015151571356539772,-0.09033738424721394,68.8891304347826,56.096,-0.04634447284546672,0.1711441100969766,63.5847826086957,53.45,-0.021353892440767908,0.16420954162768941,213.5,203.9,0.051522248243559776,0.10102991662579686,108.3567,116.1204,-0.006521977874926033,-0.0729449777989053,3.211523809523809,3.105726315789474,0.01218388041810603,0.04666422635267953,-0.92,-0.16,-0.07608695652173925,4.3125,2.12,0.82,-1.1037735849056605,-1.2682926829268293,-9.52,-5.01,-0.7426470588235294,-0.5109780439121756,-0.2,0.101,-2.075,1.1287128712871284,-0.189,-0.043,-0.21693121693121697,2.441860465116279,3.018,2.568,0.009277667329357309,0.18613707165109017,156.388044126984,147.361442105263,0.10167705008773975,0.16916010498687784,842.578376956522,872.3303565,-0.02416987726421671,-0.05745185310423162,935.475271739132,966.971041666668,0.017622436165759092,-0.015523129462900132,19.0187986956522,15.579312563499998,0.04313859763053052,0.27343507097228303,6.423295238095237,6.869426315789474,-0.016343550269796392,-0.08022657220284246,1.9544761904761905,1.7585263157894735,-0.03885945250026934,0.06823895606368979,1.902809523809524,1.5478947368421052,-0.04459834488245207,0.17446446786807202,1.944,1.756,-0.034465020576131655,0.06890660592255116,6.01,6.01,0.0,0.0,229.4,163.5,-0.012641673931996555,0.3853211009174311,1.856,1.534,-0.04525862068965525,0.15514993481095174,2130.37984133687,1806.41170593026,-0.03255768093078393,0.1409467772131563,108.3568,116.1204,-0.006521971855942721,-0.0729441166237802,199.1,191.7,0.007031642390758375,0.045905059989567176,2.58,2.42,0.10852713178294571,0.18181818181818188
2018-03-01,381.89389625,172.076589965986,702.234459142857,624.308918836003,66.8918181818182,62.8304545454545,228.1,107.9473,3.2789681818181817,-0.7,0.56,2.4,-0.12,0.099,2.988,180.918815873016,795.606224090909,946.611458333335,20.23033090909089,6.317368181818182,2.075190476190476,1.829619047619048,2.08,6.01,224.8,1.952,2132.34672184867,107.9472,199.8,2.84,5.947757917510018,371.232237434211,366.095056173913,163.460969736842,158.979119254658,0.05270750713772454,0.08238484885771702,709.377096421053,723.402919130435,-0.010068886230232166,-0.029262336974010927,642.943711013104,663.299519382585,-0.028983551526987616,-0.058782796319339026,65.6965,52.6552173913044,0.01819454890014227,0.270373981835746,62.227,49.3630434782609,0.009697631983777155,0.2728237587928415,224.5,210.6,0.01603563474387526,0.08309591642924974,107.65,115.6558,0.0027617278216440777,-0.06665035389491925,3.2506526315789475,3.1275304347826087,0.008710727797907047,0.04842087077758506,-0.85,0.05,-0.17647058823529416,-14.999999999999998,-0.22,-1.07,-3.545454545454546,-1.5233644859813085,-2.45,-7.11,-1.9795918367346936,-1.3375527426160336,0.215,0.357,-1.558139534883721,-1.3361344537815127,-0.148,-0.328,-1.6689189189189189,-1.3018292682926829,3.046,2.554,-0.019041365725541604,0.16992952231793268,172.289119122807,146.43149942029,0.05008846057224181,0.23551842731419392,822.213361,839.915257391304,-0.03236038012898568,-0.05275417122200465,951.960625000001,936.78052536232,-0.005619104956852583,0.010494382307117966,19.839243,15.5249455486957,0.019712844340426194,0.30308546626693356,6.318315789473684,6.894,-0.00014997788763271291,-0.08364256138407578,1.8785263157894736,1.7198260869565216,0.10469066030536389,0.20662809567147722,1.8179473684210523,1.4919565217391304,0.0064202514334246175,0.22632196110266944,1.877,1.72,0.10815130527437411,0.2093023255813955,6.01,6.01,0.0,0.0,226.5,161.3,-0.007505518763796903,0.3936763794172349,1.772,1.629,0.10158013544018063,0.1982811540822591,2061.01961420125,1882.51470499518,0.034607680177300315,0.13271185409100417,107.6501,115.6558,0.002759867385167425,-0.0666512185294642,200.5,191.4,-0.003491271820448838,0.043887147335423204,2.86,2.48,-0.006993006993006978,0.14516129032258052
2018-04-01,381.2683785,175.600982482993,691.116875428571,618.000861676943,71.9328571428572,66.3138095238095,228.2,107.9428,3.4088857142857143,-0.5,-2.9,-7.51,-0.083,0.135,3.096,180.376409365079,791.391853809524,957.950496031747,20.2417776190476,6.2966523809523816,2.212761904761905,1.9949523809523808,2.213,6.01,231.8,2.051,2118.8568132067,107.9434,201.3,2.87,5.946122923444088,381.89389625,347.861310355263,172.076589965986,156.540452067669,0.020481533936159924,0.12176105385900216,702.234459142857,695.302338210526,-0.015831726241198663,-0.006019629953678884,624.308918836003,623.207664785016,-0.010104063819592946,-0.008354844464034561,66.8918181818182,53.978,0.07536106953076072,0.3326328715931899,62.8304545454545,51.174,0.05544055034386197,0.2958496409076776,228.1,217.6,0.00043840420868046515,0.04871323529411753,107.9473,114.7698,-4.16870083826959e-05,-0.059484289421084635,3.2789681818181817,3.138995,0.03962146787148568,0.08597997584759276,-0.7,0.2,-0.2857142857142857,-3.5,0.56,0.13,-6.178571428571428,-23.307692307692307,2.4,9.03,-4.129166666666666,-1.831672203765227,-0.12,0.499,-0.30833333333333324,-1.1663326653306614,0.099,-0.377,0.36363636363636376,-1.3580901856763927,2.988,2.583,0.03614457831325302,0.1986062717770034,180.918815873016,138.407590701754,-0.002998065764025837,0.3032262786349704,795.606224090909,823.0287205,-0.005297055444985266,-0.03843956584073538,946.611458333335,939.952291666668,0.011978555296991766,0.019147997749083157,20.23033090909089,15.335187627,0.0005658192151254404,0.319956306462712,6.317368181818182,6.887555000000001,-0.0032791821324300585,-0.08579279861251476,2.075190476190476,1.7721052631578948,0.06629339819637914,0.24866279151993442,1.829619047619048,1.6093684210526316,0.09036489511217516,0.23958712924636139,2.08,1.777,0.0639423076923078,0.2453573438379293,6.01,6.01,0.0,0.0,224.8,162.9,0.031138790035587283,0.42295887047268255,1.952,1.681,0.05071721311475419,0.22010707911957184,2132.34672184867,1847.96062454754,-0.006326320435484645,0.14659197012138003,107.9472,114.7698,-3.520239524501534e-05,-0.05947906156497618,199.8,192.8,0.007507507507507505,0.044087136929460646,2.84,2.3,0.010563380281690238,0.24782608695652186
2018-05-01,374.848371306818,179.179058928571,683.442221,606.02164191076,76.934347826087,69.8986956521739,226.7,111.046,3.6316,-0.22,-4.72,-4.84,0.122,-0.072,3.244,192.70383,808.139770434782,938.999456521741,23.6157008695652,6.3700636363636365,2.297136363636364,2.1303181818181818,2.295,6.01,251.1,2.181,2160.20767977799,111.047,204.4,2.98,5.929185794254552,381.2683785,350.179987261364,175.600982482993,158.600219642857,0.02037617554858806,0.12975290533679162,691.116875428571,714.066397,-0.01110471282272163,-0.042887014609091056,618.000861676943,655.510616305257,-0.01938382372749048,-0.07549683126939799,71.9328571428572,51.374347826087,0.06952998785098918,0.49752456394241706,66.3138095238095,48.5595652173913,0.05405942071654435,0.43944237019527765,228.2,216.9,-0.006573181419807228,0.045182111572152905,107.9428,114.2591,0.02874855942221255,-0.028121173718329673,3.4088857142857143,3.204277272727273,0.06533345626136744,0.13336009680242733,-0.5,0.3,-0.56,-1.7333333333333334,-2.9,2.16,0.6275862068965516,-3.185185185185185,-7.51,1.67,-0.355525965379494,-3.8982035928143715,-0.083,0.536,-2.469879518072289,-0.7723880597014925,0.135,-0.233,-1.5333333333333332,-0.6909871244635193,3.096,2.56,0.04780361757105944,0.26718750000000013,180.376409365079,146.440213333333,0.06834275434527859,0.3159215328467184,791.391853809524,833.627775652174,0.021162609325125814,-0.03057480324171291,957.950496031747,949.833061594204,-0.01978290067024291,-0.011405799093032076,20.2417776190476,15.7178240656522,0.16668117366049517,0.502479018146796,6.2966523809523816,6.884304545454546,0.011658775325334325,-0.07469758284160222,2.212761904761905,1.745,0.038130834904959165,0.3164105235738477,1.9949523809523808,1.5366363636363636,0.0678541513863995,0.38635153523043253,2.213,1.746,0.03705377315860825,0.31443298969072164,6.01,6.01,0.0,0.0,231.8,173.6,0.08326143226919758,0.4464285714285714,2.051,1.581,0.0633837152608483,0.37950664136622403,2118.8568132067,1814.87693050193,0.01951564934145278,0.19027777777777688,107.9434,114.2591,0.028752105269984174,-0.028112421680198785,201.3,192.4,0.015399900645802322,0.06237006237006226,2.87,2.3,0.03832752613240409,0.29565217391304355
2018-06-01,339.9579615,165.140285544218,657.438680380952,582.897990498486,75.8028571428572,67.8761904761905,227.1,112.8435,3.7710476190476174,-0.01,-6.48,4.39,0.155,-0.181,3.253,193.07921984127,818.629262380952,911.632638888891,26.59761285714289,6.465123809523809,2.136238095238096,2.0297619047619047,2.136,6.01,261.4,2.089,2180.51301580598,112.8444,205.8,2.91,5.831759189625255,374.848371306818,339.728909863636,179.179058928571,157.973907142857,-0.07835052526952668,0.04536431700002441,683.442221,704.827035,-0.038047899032342736,-0.06723401950529329,606.02164191076,621.181586939107,-0.03815647794254684,-0.061630282103602996,76.934347826087,47.6527272727273,-0.01470722395395585,0.5907349165771849,69.8986956521739,45.1854545454545,-0.028934805680032705,0.5021690311405447,226.7,214.1,0.0017644464049404451,0.06071929005137777,111.046,112.7603,0.016186985573546142,0.0007378483384667955,3.6316,3.2953954545454547,0.03839839713834592,0.14433841736538144,-0.22,0.31,-0.9545454545454546,-1.032258064516129,-4.72,1.16,0.3728813559322035,-6.586206896551725,-4.84,-0.58,-1.9070247933884297,-8.568965517241379,0.122,0.424,0.2704918032786885,-0.6344339622641509,-0.072,-0.226,1.5138888888888888,-0.1991150442477877,3.244,2.511,0.0027743526510479732,0.2954998008761449,192.70383,157.246191666667,0.001948014428514444,0.22787851199959386,808.139770434782,830.437526363636,0.012979799200485642,-0.014219328495896244,938.999456521741,936.240625000002,-0.02914465758502416,-0.026283826458727844,23.6157008695652,16.1236884809091,0.12626819775739295,0.6495985325339928,6.3700636363636365,6.806563636363635,0.014922955026307694,-0.050163319566382314,2.297136363636364,1.6193636363636363,-0.07004297652733438,0.3191836887452455,2.1303181818181818,1.4448636363636362,-0.04720246858638477,0.4048120899978578,2.295,1.619,-0.06928104575163385,0.3193329215565164,6.01,6.01,0.0,0.0,251.1,171.5,0.04101951413779359,0.524198250728863,2.181,1.482,-0.04218248509857869,0.4095816464237516,2160.20767977799,1878.0462580072,0.00939971476727508,0.16105394449640897,111.047,112.7603,0.016185939286968543,0.0007458298709739353,204.4,192.9,0.006849315068493178,0.06687402799377917,2.98,2.19,-0.02348993288590595,0.32876712328767144
2018-07-01,312.56203375,156.55426547619,624.159416571428,538.208165734094,75.2290909090909,71.0745454545455,226.3,113.0594,3.8220952380952378,0.09,-4.72,-0.67,0.053,-0.198,3.233,196.806077460317,842.596240909091,932.146875000002,27.59612909090909,6.716447619047619,2.138428571428572,2.073095238095238,2.14,6.01,256.9,2.102,1992.23990325553,113.0595,206.5,2.89,5.747997215298978,339.9579615,365.4528402,165.140285544218,157.610645892857,-0.0519922806220956,-0.006702468673246309,657.438680380952,738.7240696,-0.050619570771589406,-0.15508450007674157,582.897990498486,617.158220835306,-0.07666834590761573,-0.1279251453449901,75.8028571428572,49.2533333333333,-0.007569190072677534,0.5273908549490582,67.8761904761905,46.5819047619048,0.04712042552648721,0.5257973201789519,227.1,204.9,-0.003522677234698346,0.10444119082479264,112.8435,111.0606,0.001913269262296735,0.017997381609679897,3.7710476190476174,3.19941,0.013536720880897413,0.19462502089298894,-0.01,0.14,-10.0,-0.3571428571428572,-6.48,2.1,-0.27160493827160503,-3.2476190476190476,4.39,1.15,-1.152619589977221,-1.582608695652174,0.155,0.52,-0.6580645161290323,-0.8980769230769231,-0.181,-0.094,0.09392265193370175,1.1063829787234045,3.253,2.496,-0.006148170919151541,0.2952724358974359,193.07921984127,174.532416666667,0.019302220208424536,0.12761904761904286,818.629262380952,866.075945714286,0.029276962881136015,-0.027110445592424925,911.632638888891,951.946329365081,0.022502744237101746,-0.020798918756569695,26.59761285714289,17.1988023809524,0.03754157334078356,0.6045378323243997,6.465123809523809,6.769425,0.038873781373464755,-0.007825979452077636,2.136238095238096,1.6633684210526316,0.0010253895365681664,0.2856012801272896,2.0297619047619047,1.5694210526315788,0.021348973607038246,0.3209299280260749,2.136,1.669,0.001872659176029856,0.28220491312162976,6.01,6.01,0.0,0.0,261.4,179.6,-0.01721499617444533,0.4304008908685968,2.089,1.57,0.006223073240785082,0.3388535031847133,2180.51301580598,1894.77792764065,-0.08634349402443675,0.05143714954302747,112.8444,111.0606,0.0019061645947873185,0.017998282019005885,205.8,192.9,0.00340136054421758,0.07050285121824773,2.91,2.32,-0.0068728522336769515,0.24568965517241392
2018-08-01,316.658804152174,162.522258540373,623.054367913043,534.352874709735,73.8513043478261,67.9273913043478,225.2,113.8309,3.9333217391304345,0.23,-1.36,1.19,0.122,-0.134,3.218,211.29205884058,852.796696956522,889.138768115944,30.1795582608696,6.845265217391304,2.077652173913044,2.0765652173913045,2.078,6.01,254.3,2.053,2137.10160774614,113.8316,206.1,2.89,5.760977863847175,312.56203375,345.410749402174,156.55426547619,148.543430357143,0.038120922774158794,0.09410600084851084,624.159416571428,746.637696869565,-0.001770459003014091,-0.16551980897116636,538.208165734094,621.819465680048,-0.007163196825712426,-0.14066235587310827,75.2290909090909,51.9278260869565,-0.018314544873734517,0.4221913358005267,71.0745454545455,48.0478260869565,-0.04427962402109786,0.4137453624106415,226.3,194.7,-0.004860804242156513,0.15665125834617366,113.0594,109.9059,0.006823846579762538,0.03571236848977177,3.8220952380952378,3.147791304347826,0.029100923474274065,0.24954971878142307,0.09,-0.11,1.5555555555555558,-3.090909090909091,-4.72,1.93,-0.711864406779661,-1.7046632124352332,-0.67,2.1,-2.776119402985074,-0.43333333333333335,0.053,0.349,1.3018867924528301,-0.6504297994269341,-0.198,0.081,-0.3232323232323232,-2.6543209876543212,3.233,2.595,-0.004639653572533264,0.2400770712909439,196.806077460317,139.050815072464,0.07360535592801454,0.5195312499999998,842.596240909091,874.811255652174,0.012105983331264003,-0.025164923923206794,932.146875000002,967.845561594204,-0.04613876636560932,-0.08132164531355257,27.59612909090909,17.4122756521739,0.09361563578174303,0.7332345790828163,6.716447619047619,6.666995652173913,0.019179424250754584,0.026739115265398627,2.138428571428572,1.806782608695652,-0.02842105568900355,0.14991818269323365,2.073095238095238,1.687608695652174,0.0016738156705500273,0.23047790802524792,2.14,1.807,-0.028971962616822555,0.149972329828445,6.01,6.01,0.0,0.0,256.9,188.9,-0.010120669521214376,0.3462149285336158,2.102,1.663,-0.02331113225499526,0.23451593505712554,1992.23990325553,1952.25303149131,0.07271298213327149,0.09468474284484829,113.0595,109.9059,0.0068291474842892,0.03571873757459776,206.5,193.9,-0.0019370460048426796,0.06291903042805558,2.89,2.21,0.0,0.3076923076923077
2018-09-01,306.432788605263,154.945003383459,616.214496526316,524.853111692692,79.163,70.1905,230.2,114.0783,4.108747368421052,0.49,-0.78,4.51,0.604,-0.276,3.262,191.144421754386,841.173709,857.545104166668,38.6138685,6.855084210526316,2.21878947368421,2.089684210526316,2.224,6.01,262.5,2.012,2143.63432447514,114.0787,206.6,3.0,5.728256489714452,316.658804152174,353.86020285,162.522258540373,147.315857857143,-0.046622876306088745,0.051787673352275965,623.054367913043,755.6555512,-0.010977968759993795,-0.18452991505487926,534.352874709735,661.631565157988,-0.017778070385049194,-0.20672903269455611,73.8513043478261,55.557619047619,0.07192419550448004,0.4248810758457555,67.9273913043478,49.7357142857143,0.033316584844431674,0.41126956771506484,225.2,193.1,0.022202486678507993,0.19212843086483677,113.8309,108.8542,0.002173399314245872,0.047991717361387964,3.9333217391304345,3.132515,0.04459986772640678,0.31164491420505636,0.23,-0.38,1.1304347826086953,-2.2894736842105265,-1.36,3.1,-0.42647058823529416,-1.2516129032258063,1.19,3.74,2.7899159663865545,0.2058823529411764,0.122,0.034,3.9508196721311473,16.76470588235294,-0.134,0.142,1.0597014925373136,-2.943661971830986,3.218,2.785,0.013673088875077788,0.1712746858168761,211.29205884058,138.413392333333,-0.09535444539065907,0.38096768334428144,852.796696956522,890.773185238095,-0.013629260054597303,-0.055681375528651045,889.138768115944,971.817261904764,-0.03553288314738756,-0.11758605472197758,30.1795582608696,17.2388023809524,0.27947096396259097,1.239939158573189,6.845265217391304,6.568989999999999,0.0014344211397487872,0.04355223718201984,2.077652173913044,1.8145,0.06793114918044663,0.22281040158953447,2.0765652173913045,1.8572,0.006317640796994706,0.12517995397712478,2.078,1.823,0.07025986525505301,0.21996708721887015,6.01,6.01,0.0,0.0,254.3,204.2,0.032245379473063274,0.2855044074436828,2.053,1.663,-0.019970774476375963,0.20986169573060742,2137.10160774614,2034.65468577634,0.0030568114802411728,0.05356173677068843,113.8316,108.8542,0.0021707504770205333,0.0479953920014109,206.1,195.5,0.002426006792819013,0.05677749360613804,2.89,2.2,0.03806228373702414,0.36363636363636354
2018-10-01,315.852040304348,160.365565062112,637.509006869565,506.85604169469,80.7834782608696,70.7530434782609,237.4,114.8301,3.761113636363637,0.76,0.99,1.19,0.685,-0.296,3.365,188.461606666667,870.23825826087,855.72427536232,37.0316247826087,6.9191045454545455,2.254304347826087,2.028260869565217,2.254,6.01,271.7,1.951,2025.77235159267,114.8313,207.6,3.15,5.7584349150871175,306.432788605263,358.276127522727,154.945003383459,148.722376785714,0.03498377850390022,0.07828807290495399,616.214496526316,740.742299,0.034556977259199595,-0.13936465120163866,524.853111692692,648.161663544148,-0.034289727158061445,-0.2180098419841724,79.163,57.5363636363636,0.02047014717569584,0.4040421249321633,70.1905,51.5731818181818,0.008014524447908178,0.37189603169524377,230.2,195.4,0.0312771503040834,0.21494370522006134,114.0783,110.8892,0.006590210408114361,0.03553907864787553,4.108747368421052,3.1922666666666664,-0.08460820315438555,0.17819531671235822,0.49,-0.65,0.5510204081632653,-2.1692307692307695,-0.78,2.94,-2.269230769230769,-0.6632653061224489,4.51,0.62,-0.7361419068736141,0.9193548387096773,0.604,0.016,0.13410596026490085,41.8125,-0.276,0.238,0.0724637681159419,-2.2436974789915967,3.262,2.794,0.03157572041692225,0.2043664996420902,191.144421754386,133.344516031746,-0.014035539531288665,0.41334351254309554,841.173709,898.620280454545,0.03455237479476425,-0.03158399917183996,857.545104166668,945.246875000002,-0.002123303830318557,-0.09470816778704694,38.6138685,17.4548790909091,-0.0409760476962131,1.1215629503784772,6.855084210526316,6.6254,0.009339102622535789,0.044330085044608,2.21878947368421,1.7613636363636365,0.016006419069090727,0.279863113604488,2.089684210526316,1.7154090909090909,-0.029393599593513953,0.18237735844709135,2.224,1.761,0.01348920863309333,0.27995457126632606,6.01,6.01,0.0,0.0,262.5,213.5,0.035047619047618994,0.2725995316159251,2.012,1.652,-0.030318091451292273,0.1809927360774819,2143.63432447514,2167.92243440681,-0.054982312765181174,-0.06556972729194321,114.0787,110.8892,0.006597200003155779,0.03554990026080085,206.6,195.6,0.004840271055179146,0.06134969325153383,3.0,2.36,0.050000000000000044,0.3347457627118644
2018-11-01,322.28161725,160.878207678571,610.480274380952,444.079833274839,66.2286363636364,56.1881818181818,240.9,116.1678,3.78595,0.9,-0.68,-8.0,0.5,-0.133,3.3,181.552390877193,850.794377727273,818.067708333335,36.4695390909091,6.936674999999999,1.7274999999999998,1.63055,1.739,6.01,264.8,1.557,1851.6938783345,116.169,204.6,3.12,5.778523823387005,315.852040304348,361.4092835,160.365565062112,148.792165892857,0.0031967125627028192,0.081227675618466,637.509006869565,758.620240190476,-0.04239741273826925,-0.19527552517229008,506.85604169469,635.563806500635,-0.12385411883413022,-0.30128206053785833,80.7834782608696,62.8363636363636,-0.1801710227211567,0.053985821759260366,70.7530434782609,56.7381818181818,-0.20585491371200448,-0.009693648657309484,237.4,202.6,0.014743049705139066,0.18904244817374138,114.8301,111.1635,0.011649384612571145,0.04501747426088598,3.761113636363637,3.26293,0.006603460048704157,0.16029151713337408,0.76,-0.84,0.18421052631578938,-2.071428571428571,0.99,4.48,-1.6868686868686869,-1.1517857142857142,1.19,3.59,-7.722689075630252,-3.2284122562674096,0.685,0.289,-0.27007299270072993,0.7301038062283738,-0.296,-0.194,-0.5506756756756757,-0.31443298969072164,3.365,2.909,-0.0193164933135217,0.13441045032657262,188.461606666667,138.045955666667,-0.036661131737533936,0.315159071487606,870.23825826087,938.896672727273,-0.022343169067807644,-0.0938359859600777,855.72427536232,948.521875000001,-0.04400549115314156,-0.1375341677456473,37.0316247826087,17.4832322727273,-0.015178531727929379,1.085972348934539,6.9191045454545455,6.620015,0.002539411629066457,0.04783372847342471,2.254304347826087,1.8431904761904765,-0.23368820999440687,-0.0627664246777071,2.028260869565217,1.831,-0.19608467309753475,-0.10947569634079735,2.254,1.836,-0.22848269742679672,-0.05283224400871456,6.01,6.01,0.0,0.0,271.7,223.7,-0.02539565697460422,0.18372820742065277,1.951,1.771,-0.20194771911840093,-0.12083568605307737,2025.77235159267,2067.3441853227,-0.08593190302025244,-0.10431272572764094,114.8313,111.1635,0.011649262875191635,0.04502826917108571,207.6,196.7,-0.014450867052023142,0.04016268429079828,3.15,2.35,-0.00952380952380949,0.327659574468085
2018-12-01,330.482023725,167.489880555556,621.8792096,462.438918474042,57.9480952380952,48.9190476190476,242.3,116.2111,3.883355555555556,0.81,-1.83,-3.66,0.309,0.012,3.123,188.535836296296,819.409514285714,814.422321428572,37.84427857142858,6.883711111111111,1.6030555555555557,1.4635,1.597,6.01,232.7,1.381,1646.77275449876,116.2118,202.3,2.83,5.80357358108167,322.28161725,357.1533569625,160.878207678571,149.0874275,0.04109738026293086,0.12343397001437961,610.480274380952,730.5669756,0.018672077866245473,-0.1487718027641982,444.079833274839,592.797796439949,0.041341857530019066,-0.21990445772365907,66.2286363636364,64.0642857142857,-0.12502961830703985,-0.09546958040658604,56.1881818181818,57.9204761904762,-0.12937123010415685,-0.1554101271858792,240.9,208.1,0.00581154005811535,0.16434406535319557,116.1678,110.8758,0.0003727366791830278,0.048119607705198186,3.78595,3.294960000000001,0.02572816744953199,0.1785744153360147,0.9,-0.97,-0.09999999999999998,-1.8350515463917527,-0.68,6.14,1.691176470588235,-1.298045602605863,-8.0,-2.39,-0.5425,0.5313807531380752,0.5,0.109,-0.382,1.834862385321101,-0.133,-0.289,-1.0902255639097744,-1.041522491349481,3.3,2.909,-0.05363636363636348,0.0735647988999657,181.552390877193,147.1032695,0.03846518013539568,0.2816563284903466,850.794377727273,877.510107142857,-0.03688889379522864,-0.06621073920882414,818.067708333335,940.366865079367,-0.00445609436435257,-0.13393128610520033,36.4695390909091,17.7277319047619,0.037695554009953725,1.1347501628938281,6.936674999999999,6.593195,-0.007635342421100644,0.04406302424107156,1.7274999999999998,1.6482500000000002,-0.07203730503296335,-0.027419653841616598,1.63055,1.7556999999999998,-0.10245009352672407,-0.16642934442102852,1.739,1.646,-0.08165612420931578,-0.029769137302551596,6.01,6.01,0.0,0.0,264.8,223.8,-0.1212235649546829,0.039767649687220574,1.557,1.721,-0.11303789338471415,-0.19755955839628125,1851.6938783345,2225.14474455323,-0.11066684738411281,-0.25992555831265574,116.169,110.8758,0.00036842875465925573,0.048125921075653944,204.6,197.2,-0.011241446725317572,0.02586206896551735,3.12,2.4,-0.09294871794871795,0.1791666666666667
2019-01-01,333.77714625,166.846241496599,636.925216190476,519.152943137988,59.9447826086956,51.2273913043478,240.9,114.4403,3.735565,0.75,-0.7,2.32,0.387,0.006,2.98,188.84494968254,839.940769565217,827.53079710145,37.5284708695652,6.786345,1.6065238095238097,1.4263333333333332,1.607,6.01,201.1,1.383,1707.32866795367,114.4425,200.2,2.71,5.813465075383408,330.482023725,356.868812,167.489880555556,155.916875340136,-0.0038428534119320235,0.07009739088613953,621.8792096,726.663748380952,0.02419441968506053,-0.1234938888728363,462.438918474042,633.347501155855,0.12264111517925702,-0.18030316344417974,57.9480952380952,68.8891304347826,0.03445647975824695,-0.12983685190444705,48.9190476190476,63.5847826086957,0.04718701196466868,-0.1943451058155845,242.3,213.5,-0.005777961205117643,0.1283372365339579,116.2111,108.3567,-0.015237787096069155,0.056144197820716224,3.883355555555556,3.211523809523809,-0.03805743600895006,0.1631752468787997,0.81,-0.92,-0.07407407407407418,-1.8152173913043477,-1.83,2.12,-0.6174863387978142,-1.330188679245283,-3.66,-9.52,-1.6338797814207648,-1.2436974789915967,0.309,-0.2,0.2524271844660195,-2.935,0.012,-0.189,-0.5,-1.0317460317460316,3.123,3.018,-0.04578930515529944,-0.012591119946984697,188.535836296296,156.388044126984,0.0016395471137817808,0.20754083687626168,819.409514285714,842.578376956522,0.025056159248285415,-0.0031304000475685934,814.422321428572,935.475271739132,0.01609542779952866,-0.11538998186130944,37.84427857142858,19.0187986956522,-0.00834492593820535,0.9732303533000959,6.883711111111111,6.423295238095237,-0.01414442145225292,0.056520796327652834,1.6030555555555557,1.9544761904761905,0.0021635269945787794,-0.17802845726537364,1.4635,1.902809523809524,-0.02539574080400875,-0.25040666683350443,1.597,1.944,0.0062617407639324885,-0.1733539094650206,6.01,6.01,0.0,0.0,232.7,229.4,-0.13579716373012463,-0.12336530078465568,1.381,1.856,0.0014482259232440065,-0.2548491379310345,1646.77275449876,2130.37984133687,0.03677247713109133,-0.198580161703804,116.2118,108.3568,-0.01522478784426362,0.0561635264238145,202.3,199.1,-0.010380622837370401,0.0055248618784529135,2.83,2.58,-0.042402826855123754,0.050387596899224674
2019-02-01,334.503041526316,169.656283458647,666.363799894737,522.287898643095,64.384,54.996,243.2,114.4106,3.724433333333333,0.72,-0.03,-4.95,0.416,-0.112,2.997,177.916701754386,818.466435789474,847.21951754386,38.394619,6.736683333333334,1.812578947368421,1.565157894736842,1.817,6.01,218.3,1.519,1955.3928039588,114.413,200.3,2.68,5.815631022022853,333.77714625,371.232237434211,166.846241496599,163.460969736842,0.016842105263158214,0.03790087463557157,636.925216190476,709.377096421053,0.046219843328446863,-0.06063530489400715,519.152943137988,642.943711013104,0.006038597192877138,-0.1876615484423797,59.9447826086956,65.6965,0.07405510868698095,-0.01997823323921366,51.2273913043478,62.227,0.07356628162582912,-0.11620357722532015,240.9,224.5,0.009547530095475265,0.0832962138084632,114.4403,107.65,-0.0002595239614016087,0.06280167208546206,3.735565,3.2506526315789475,-0.0029799151310890837,0.1457494095652585,0.75,-0.85,-0.040000000000000036,-1.8470588235294119,-0.7,-0.22,-0.9571428571428572,-0.8636363636363636,2.32,-2.45,-3.1336206896551726,1.020408163265306,0.387,0.215,0.0749354005167957,0.9348837209302325,0.006,-0.148,-19.666666666666668,-0.2432432432432432,2.98,3.046,0.005704697986577134,-0.016086671043992085,188.84494968254,172.289119122807,-0.05786889163054165,0.03266359860814938,839.940769565217,822.213361,-0.02556648582120724,-0.004557120314815699,827.53079710145,951.960625000001,0.023792130167689995,-0.11002672243522771,37.5284708695652,19.839243,0.023079760788687675,0.9352864925340145,6.786345,6.318315789473684,-0.007317881225706313,0.0662150417610734,1.6065238095238097,1.8785263157894736,0.12826149019583366,-0.03510590608539721,1.4263333333333332,1.8179473684210523,0.09732967614174504,-0.13905214093396245,1.607,1.877,0.13067828251400115,-0.031965903036760834,6.01,6.01,0.0,0.0,201.1,226.5,0.08552958727001503,-0.03620309050772619,1.383,1.772,0.09833694866232823,-0.14277652370203164,1707.32866795367,2061.01961420125,0.14529372150849484,-0.05124978409455161,114.4425,107.6501,-0.00025777136990190463,0.06282297926337277,200.2,200.5,0.0004995004995005381,-0.0009975062344138586,2.71,2.86,-0.011070110701106972,-0.0629370629370628
2019-03-01,329.23667475,166.321331972789,645.071812,492.679439788188,66.9419047619048,58.1704761904762,241.9,114.7823,3.840747619047619,0.71,-3.01,-10.76,0.224,0.029,3.076,164.506644761905,801.679027619047,840.869246031747,41.34975428571431,6.711942857142858,2.004,1.812238095238096,2.004,6.01,239.3,1.855,1442.01894735935,114.7835,202.2,2.57,5.7998095936103455,334.503041526316,381.89389625,169.656283458647,172.076589965986,-0.019657105636590733,-0.033445909140427554,666.363799894737,702.234459142857,-0.03195249786693155,-0.08140108534780433,522.287898643095,624.308918836003,-0.0566899193564121,-0.21084029889118439,64.384,66.8918181818182,0.03972888857332246,0.0007487699011328175,54.996,62.8304545454545,0.05772194687752208,-0.07416750982769116,243.2,228.1,-0.005345394736842035,0.06049978079789575,114.4106,107.9473,0.003248824846648901,0.06331793384364426,3.724433333333333,3.2789681818181817,0.031230062483139198,0.1713281148455461,0.72,-0.7,-0.01388888888888895,-2.0142857142857142,-0.03,0.56,99.33333333333333,-6.374999999999999,-4.95,2.4,1.1737373737373735,-5.483333333333333,0.416,-0.12,-0.46153846153846145,-2.8666666666666667,-0.112,0.099,-1.2589285714285714,-0.7070707070707071,2.997,2.988,0.026359693026359654,0.029451137884872747,177.916701754386,180.918815873016,-0.07537267080745225,-0.09071566731141134,818.466435789474,795.606224090909,-0.020510808307287798,0.007632926118793293,847.21951754386,946.611458333335,-0.0074954263689802625,-0.11170603458335959,38.394619,20.23033090909089,0.07696743352797197,1.0439484886098924,6.736683333333334,6.317368181818182,-0.003672500986955929,0.06245871128111369,1.812578947368421,2.075190476190476,0.10560701530241867,-0.03430551412377514,1.565157894736842,1.829619047619048,0.15786279539726356,-0.009499765759200196,1.817,2.08,0.10291689598238851,-0.03653846153846152,6.01,6.01,0.0,0.0,218.3,224.8,0.09619789280806224,0.06450177935943069,1.519,1.952,0.2211981566820278,-0.049692622950819665,1955.3928039588,2132.34672184867,-0.26254257229549804,-0.3237408660683615,114.413,107.9472,0.003238268378593423,0.06333003542472615,200.3,199.8,0.00948577134298545,0.012012012012011963,2.68,2.84,-0.04104477611940305,-0.09507042253521125
2019-04-01,324.254404,161.653386564626,629.565984666667,503.28511243152,71.4759090909091,63.8704545454546,234.0,114.9024,3.897422727272728,0.66,-3.54,-3.89,0.258,0.119,3.121,159.030088730159,800.198136818182,840.719791666667,43.1098786363636,6.716068181818182,2.507476190476191,2.039047619047619,2.512,6.01,237.7,2.04,1942.17038187741,114.9038,203.3,2.53,5.78460765765452,329.23667475,381.2683785,166.321331972789,175.600982482993,-0.028065825067627004,-0.07942777837087456,645.071812,691.116875428571,-0.024037366142628858,-0.08906003159557563,492.679439788188,618.000861676943,0.021526517623490893,-0.18562393090220342,66.9419047619048,71.9328571428572,0.06773043499629416,-0.006352424609530116,58.1704761904762,66.3138095238095,0.09798747970214494,-0.036845341805881726,241.9,228.2,-0.03265812319140138,0.025416301489921134,114.7823,107.9428,0.0010463285715653914,0.06447488855208494,3.840747619047619,3.4088857142857143,0.014756269832476798,0.14331281654286254,0.71,-0.5,-0.07042253521126751,-2.3200000000000003,-3.01,-2.9,0.17607973421926926,0.2206896551724138,-10.76,-7.51,-0.6384758364312267,-0.48202396804260983,0.224,-0.083,0.1517857142857142,-4.108433734939759,0.029,0.135,3.1034482758620685,-0.11851851851851858,3.076,3.096,0.014629388816644884,0.008074935400516736,164.506644761905,180.376409365079,-0.03329078919378825,-0.11834319526626891,801.679027619047,791.391853809524,-0.0018472365495991738,0.011127588648110365,840.869246031747,957.950496031747,-0.0001777379370042631,-0.12237657880099362,41.34975428571431,20.2417776190476,0.042566742682129455,1.1297476658273835,6.711942857142858,6.2966523809523816,0.0006146245227540703,0.06660933071905784,2.004,2.212761904761905,0.25123562399011523,0.13318843074804176,1.812238095238096,1.9949523809523808,0.12515437370260352,0.022103403828710677,2.004,2.213,0.2534930139720559,0.13511070944419346,6.01,6.01,0.0,0.0,239.3,231.8,-0.006686167989970793,0.02545297670405522,1.855,2.051,0.09973045822102433,-0.005363237445148772,1442.01894735935,2118.8568132067,0.3468410976387972,-0.08338762214983786,114.7835,107.9434,0.0010480600434732423,0.06448194146191444,202.2,201.3,0.005440158259149452,0.009935419771485376,2.57,2.87,-0.015564202334630406,-0.11846689895470397
2019-05-01,305.310919056818,171.180153571429,597.522167,472.097758555727,70.3891304347826,60.74,231.9,115.957,3.991490909090909,0.54,-2.08,3.11,0.539,-0.068,3.161,158.281695,814.511911739131,871.517844202899,44.8519504347826,6.851859090909091,2.245090909090909,1.9178181818181816,2.239,6.01,235.0,1.976,1928.3067386583,115.9574,202.9,2.4,5.724600661446304,324.254404,374.848371306818,161.653386564626,179.179058928571,0.058933296785554035,-0.04464196544491694,629.565984666667,683.442221,-0.050898267134989905,-0.1257166317209426,503.28511243152,606.02164191076,-0.061967566902819016,-0.22098861508109968,71.4759090909091,76.934347826087,-0.015204824533875283,-0.08507536069715071,63.8704545454546,69.8986956521739,-0.049012560936555594,-0.13102813388319723,234.0,226.7,-0.008974358974358942,0.02293780326422601,114.9024,111.046,0.009178224301668036,0.044224915800659126,3.897422727272728,3.6316,0.024135996631806655,0.0990998207652023,0.66,-0.22,-0.18181818181818177,-3.4545454545454546,-3.54,-4.72,-0.4124293785310734,-0.559322033898305,-3.89,-4.84,-1.7994858611825193,-1.6425619834710745,0.258,0.122,1.0891472868217056,3.418032786885246,0.119,-0.072,-1.5714285714285716,-0.05555555555555547,3.121,3.244,0.012816404998397868,-0.025585696670776925,159.030088730159,192.70383,-0.004705988257535765,-0.17862714508580346,800.198136818182,808.139770434782,0.01788778836434779,0.007884949531590024,840.719791666667,938.999456521741,0.03663295766497554,-0.07186544342507772,43.1098786363636,23.6157008695652,0.040410037177640135,0.8992428250387301,6.716068181818182,6.3700636363636365,0.020218810383510366,0.07563432361885924,2.507476190476191,2.297136363636364,-0.10464118558009228,-0.022656667392207952,2.039047619047619,2.1303181818181818,-0.05945395099995765,-0.09975035739432869,2.512,2.295,-0.10867834394904463,-0.02440087145969505,6.01,6.01,0.0,0.0,237.7,251.1,-0.011358855700462689,-0.06411788132218232,2.04,2.181,-0.03137254901960784,-0.09399358092618071,1942.17038187741,2160.20767977799,-0.007138221933808198,-0.10735122520420037,114.9038,111.047,0.00916940954085077,0.0442191144290256,203.3,204.4,-0.001967535661583919,-0.007338551859099818,2.53,2.98,-0.05138339920948609,-0.19463087248322153
2019-06-01,326.6147493,195.167922321429,614.0528086,474.627071385656,63.2085,54.666,225.7,115.4279,3.855685,0.45,-1.35,3.43,0.605,-0.098,3.089,174.697763166667,832.064788,885.764687500001,43.7224935,6.897675,1.8512,1.7403,1.851,6.01,204.4,1.781,1951.83292109073,115.4271,200.9,2.07,5.791838373248714,305.310919056818,339.9579615,171.180153571429,165.140285544218,0.1401317164959226,0.18183108184811037,597.522167,657.438680380952,0.027665319402284227,-0.06599227133367336,472.097758555727,582.897990498486,0.005357603979452952,-0.18574591245414707,70.3891304347826,75.8028571428572,-0.1020133419809135,-0.16614620632467747,60.74,67.8761904761905,-0.10000000000000009,-0.19462186053037778,231.9,227.1,-0.026735661923242837,-0.006164685160722216,115.957,112.8435,-0.00456289831575496,0.022902515430662795,3.991490909090909,3.7710476190476174,-0.034023855292167005,0.022443996868370952,0.54,-0.01,-0.16666666666666674,-46.0,-2.08,-6.48,-0.35096153846153844,-0.7916666666666666,3.11,4.39,0.10289389067524124,-0.21867881548974932,0.539,0.155,0.12244897959183665,2.903225806451613,-0.068,-0.181,0.4411764705882353,-0.45856353591160215,3.161,3.253,-0.022777602024675714,-0.050415001537042814,158.281695,193.07921984127,0.10371425556610925,-0.09520163117353786,814.511911739131,818.629262380952,0.021550177484071842,0.016412222524236686,871.517844202899,911.632638888891,0.01634716189905694,-0.02837541163556656,44.8519504347826,26.59761285714289,-0.02518189117382752,0.6438502859198567,6.851859090909091,6.465123809523809,0.00668663912713785,0.06690532203559618,2.245090909090909,2.136238095238096,-0.17544541626174281,-0.13342992799982212,1.9178181818181816,2.0297619047619047,-0.09256257110352673,-0.14260879765395895,2.239,2.136,-0.17329164805716835,-0.1334269662921349,6.01,6.01,0.0,0.0,235.0,261.4,-0.1302127659574468,-0.21805661820964028,1.976,2.089,-0.09868421052631582,-0.14743896601244622,1928.3067386583,2180.51301580598,0.012200435729846193,-0.10487444608567187,115.9574,112.8444,-0.004573231203873207,0.02288726777757688,202.9,205.8,-0.009857072449482529,-0.023809523809523836,2.4,2.91,-0.13750000000000007,-0.2886597938144331
2019-07-01,325.469849011364,189.486373214286,617.243495,466.214596109574,64.3221739130435,57.3760869565217,215.9,115.0785,3.7785136363636367,0.28,-0.14,2.42,0.597,-0.264,3.045,163.876753333333,840.739292608696,913.15543478261,42.51401391304351,6.877472727272727,1.9139523809523808,1.8871428571428568,1.919,6.01,220.0,1.9,1907.72132902992,115.0776,201.5,2.06,5.788337598392185,326.6147493,312.56203375,195.167922321429,156.55426547619,-0.029111080548297474,0.21035586375067217,614.0528086,624.159416571428,0.005196110750270044,-0.011080376884190613,474.627071385656,538.208165734094,-0.01772438991210945,-0.13376528675725996,63.2085,75.2290909090909,0.017619053023620213,-0.14498270368875843,54.666,71.0745454545455,0.04957536597742118,-0.19273367716131806,225.7,226.3,-0.04342046964997781,-0.04595669465311536,115.4279,113.0594,-0.003026997805556486,0.017858753893970958,3.855685,3.8220952380952378,-0.020014955484268793,-0.011402542065728327,0.45,0.09,-0.37777777777777777,2.1111111111111116,-1.35,-4.72,-0.8962962962962963,-0.9703389830508474,3.43,-0.67,-0.29446064139941697,-4.611940298507463,0.605,0.053,-0.013223140495867813,10.264150943396226,-0.098,-0.198,1.693877551020408,0.33333333333333326,3.089,3.233,-0.014244091939138892,-0.058150324775750106,174.697763166667,196.806077460317,-0.06194131875066089,-0.16731863442389727,832.064788,842.596240909091,0.010425275451863003,-0.002203841187792932,885.764687500001,932.146875000002,0.030923277557967754,-0.02037387103549748,43.7224935,27.59612909090909,-0.027639768234089535,0.5405788896330672,6.897675,6.716447619047619,-0.0029288525086020867,0.023974743399836296,1.8512,2.138428571428572,0.033898217886981996,-0.10497249871957626,1.7403,2.073095238095238,0.08437789872025325,-0.0896979441828416,1.851,2.14,0.03673689897352794,-0.1032710280373832,6.01,6.01,0.0,0.0,204.4,256.9,0.07632093933463802,-0.14363565589723615,1.781,2.102,0.06681639528354855,-0.09609895337773544,1951.83292109073,1992.23990325553,-0.02260008609556563,-0.04242389387317136,115.4271,113.0595,-0.0030278851326940304,0.01784989319782948,200.9,206.5,0.00298656047784962,-0.02421307506053272,2.07,2.89,-0.004830917874396046,-0.28719723183391
2019-08-01,314.626282090909,163.628614285714,629.158464,508.608892809685,59.6181818181818,54.8304545454545,211.5,117.102,4.021968181818182,0.14,0.33,6.16,0.436,-0.184,3.005,149.363005,881.525216818182,908.676041666668,52.63579,7.062859090909091,1.809272727272728,1.694590909090909,1.809,6.01,207.2,1.675,1928.99419204107,117.1004,200.2,1.63,5.754558862091581,325.469849011364,316.658804152174,189.486373214286,162.522258540373,-0.13646236660685895,0.006807410598876018,617.243495,623.054367913043,0.01930351489568949,0.009797052073325485,466.214596109574,534.352874709735,0.09093301036449564,-0.04817786732041884,64.3221739130435,73.8513043478261,-0.07313173371940096,-0.1927267589291165,57.3760869565217,67.9273913043478,-0.04436748035808413,-0.1928078865889702,215.9,225.2,-0.02037980546549334,-0.060834813499111906,115.0785,113.8309,0.01758364942191637,0.02873648543585272,3.7785136363636367,3.9333217391304345,0.0644312999459864,0.022537297624512398,0.28,0.23,-0.5,-0.3913043478260869,-0.14,-1.36,-3.357142857142857,-1.2426470588235294,2.42,1.19,1.5454545454545454,4.176470588235294,0.597,0.122,-0.2696817420435511,2.5737704918032787,-0.264,-0.134,-0.3030303030303031,0.3731343283582089,3.045,3.218,-0.013136288998357948,-0.06619018023617151,163.876753333333,211.29205884058,-0.08856502242152287,-0.2930969302888261,840.739292608696,852.796696956522,0.04851197579089339,0.03368741924562668,913.15543478261,889.138768115944,-0.004905400488590894,0.021973255751880805,42.51401391304351,30.1795582608696,0.23808093274041742,0.7440874894529799,6.877472727272727,6.845265217391304,0.026955594153243334,0.0317875007917825,1.9139523809523808,2.077652173913044,-0.05469292481956334,-0.12917438732531006,1.8871428571428568,2.0765652173913045,-0.10203358337347723,-0.18394525011848784,1.919,2.078,-0.057321521625846805,-0.12945139557266594,6.01,6.01,0.0,0.0,220.0,254.3,-0.05818181818181822,-0.18521431380259545,1.9,2.053,-0.11842105263157887,-0.18412079883097898,1907.72132902992,2137.10160774614,0.011150927909354014,-0.09737834408563628,115.0776,113.8316,0.01757770408837156,0.028716103437006923,201.5,206.1,-0.006451612903225823,-0.02862688015526449,2.06,2.89,-0.20873786407766992,-0.4359861591695502
2019-09-01,322.453525275,157.374436607143,640.3759714,506.856315453768,62.4309523809524,56.86,207.7,117.3256,4.1195,0.19,2.33,6.06,0.893,-0.636,3.016,146.570486333333,901.676779047619,904.055952380953,56.571660952381,7.113725,2.055,1.73,2.059,6.01,218.4,1.612,1901.21962044953,117.3239,199.5,1.7,5.7790554414103505,314.626282090909,306.432788605263,163.628614285714,154.945003383459,-0.038221784776900414,0.015679326022999263,629.158464,616.214496526316,0.017829383282365052,0.03920952040220649,508.608892809685,524.853111692692,-0.0034458252317126625,-0.034289205566263914,59.6181818181818,79.163,0.04717974411478587,-0.21136196984762579,54.8304545454545,70.1905,0.037014930322399664,-0.1899188636638861,211.5,230.2,-0.017966903073286078,-0.0977410947002606,117.102,114.0783,0.0019094464654745291,0.028465536390356316,4.021968181818182,4.108747368421052,0.024249773686108034,0.002617009666155301,0.14,0.49,0.357142857142857,-0.6122448979591837,0.33,-0.78,6.0606060606060606,-3.9871794871794872,6.16,4.51,-0.016233766233766267,0.34368070953436813,0.436,0.604,1.0481651376146788,0.47847682119205315,-0.184,-0.276,2.456521739130435,1.3043478260869565,3.005,3.262,0.003660565723793807,-0.07541385652973631,149.363005,191.144421754386,-0.018696186961871697,-0.23319506272764245,881.525216818182,841.173709,0.02285988176512177,0.07192696276675825,908.676041666668,857.545104166668,-0.005084418509858413,0.054237203370757436,52.63579,38.6138685,0.07477556530225926,0.4650606932165058,7.062859090909091,6.855084210526316,0.007201886436666971,0.03772977567168723,1.809272727272728,2.21878947368421,0.13581549593005682,-0.07381929454183156,1.694590909090909,2.089684210526316,0.02089536224886679,-0.17212371549466055,1.809,2.224,0.13819789939192928,-0.07419064748201443,6.01,6.01,0.0,0.0,207.2,262.5,0.05405405405405417,-0.16799999999999993,1.675,2.012,-0.03761194029850745,-0.19880715705765406,1928.99419204107,2143.63432447514,-0.014398473414868884,-0.11308584736576477,117.1004,114.0787,0.0019086185871268757,0.0284470282357705,200.2,206.6,-0.0034965034965034336,-0.03436592449177156,1.63,3.0,0.042944785276073594,-0.43333333333333335
2019-10-01,339.87123723913,167.297794099379,666.734599826087,523.520131772373,59.6313043478261,53.9608695652174,202.6,116.7479,4.082545454545454,0.35,2.25,4.99,0.964,-0.245,3.053,153.22109,889.842015652174,884.96195652174,58.5278182608696,7.096081818181818,2.218652173913044,1.7282608695652173,2.219,6.01,220.5,1.618,1869.07117217664,116.7463,199.1,1.71,5.831504802569088,322.453525275,315.852040304348,157.374436607143,160.365565062112,0.06305571416918165,0.04322766570605108,640.3759714,637.509006869565,0.04116117656391971,0.04584341968756145,506.856315453768,506.85604169469,0.03287680514286695,0.03287736301212085,62.4309523809524,80.7834782608696,-0.04484391037386237,-0.2618378704212012,56.86,70.7530434782609,-0.05098716909571932,-0.23733500479315706,207.7,237.4,-0.02455464612421765,-0.1465880370682393,117.3256,114.8301,-0.004923904075495811,0.01670119594078545,4.1195,3.761113636363637,-0.008970638537333708,0.08546187359884927,0.19,0.76,0.8421052631578947,-0.5394736842105263,2.33,0.99,-0.03433476394849788,1.272727272727273,6.06,1.19,-0.17656765676567643,3.19327731092437,0.893,0.685,0.07950727883538633,0.4072992700729925,-0.636,-0.296,-0.6147798742138365,-0.17229729729729726,3.016,3.365,0.012267904509283722,-0.09271916790490353,146.570486333333,188.461606666667,0.04537478064678102,-0.18699042892591422,901.676779047619,870.23825826087,-0.01312528354999365,0.022526885258390195,904.055952380953,855.72427536232,-0.021120369606467793,0.03416717510677203,56.571660952381,37.0316247826087,0.034578396242160636,0.5804820502598156,7.113725,6.9191045454545455,-0.002480160790328756,0.025578060219300536,2.055,2.254304347826087,0.07963609436157859,-0.01581515554784063,1.73,2.028260869565217,-0.0010052777079668784,-0.14790996784565913,2.059,2.254,0.07770762506070894,-0.015527950310559091,6.01,6.01,0.0,0.0,218.4,271.7,0.009615384615384581,-0.1884431358115568,1.612,1.951,0.003722084367245637,-0.17068170169144026,1901.21962044953,2025.77235159267,-0.016909381707984283,-0.07735379510576845,117.3239,114.8313,-0.004923123080633918,0.016676637815647988,199.5,207.6,-0.002005012531328343,-0.040944123314065495,1.7,3.15,0.00588235294117645,-0.4571428571428572
2019-11-01,332.9576305125,166.361785526316,682.5062596,612.802778088192,62.6866666666667,56.6776190476191,192.9,116.5605,4.155794736842105,0.51,-0.02,-9.08,0.835,-0.168,3.069,157.528264259259,901.01172047619,912.633333333334,59.7143147619048,7.019894736842106,1.9393888888888888,1.7263888888888888,1.919,6.01,223.1,1.647,1778.36733616589,116.5595,199.2,1.81,5.811014130176962,339.87123723913,322.28161725,167.297794099379,160.878207678571,-0.005594865001668725,0.03408527436295783,666.734599826087,610.480274380952,0.023655079214468522,0.11798249385221315,523.520131772373,444.079833274839,0.17054290923551174,0.3799383177774953,59.6313043478261,66.2286363636364,0.05123755638513017,-0.053480939536820316,53.9608695652174,56.1881818181818,0.05034665868603594,0.008710679249616327,202.6,240.9,-0.04787759131293179,-0.19925280199252804,116.7479,116.1678,-0.0016051680586973704,0.0033804548248310695,4.082545454545454,3.78595,0.017942061665252362,0.09768875363966889,0.35,0.9,0.4571428571428573,-0.43333333333333335,2.25,-0.68,-1.008888888888889,-0.9705882352941176,4.99,-8.0,-2.8196392785571143,0.135,0.964,0.5,-0.13381742738589208,0.6699999999999999,-0.245,-0.133,-0.3142857142857143,0.26315789473684204,3.053,3.3,0.005240746806419949,-0.06999999999999995,153.22109,181.552390877193,0.028110844657605494,-0.13232613738578947,889.842015652174,850.794377727273,0.012552458332538485,0.05902406511319769,884.96195652174,818.067708333335,0.0312684365781708,0.11559633027522787,58.5278182608696,36.4695390909091,0.020272351444005077,0.6373750875505311,7.096081818181818,6.936674999999999,-0.010736499844816172,0.011997064420937509,2.218652173913044,1.7274999999999998,-0.1258706922643118,0.12265637562309051,1.7282608695652173,1.63055,-0.0010831586303284846,0.058777031608284735,2.219,1.739,-0.13519603424966198,0.1035077630822312,6.01,6.01,0.0,0.0,220.5,264.8,0.011791383219954543,-0.15747734138972813,1.618,1.557,0.01792336217552526,0.05780346820809257,1869.07117217664,1851.6938783345,-0.048528829378455485,-0.039599710852078474,116.7463,116.169,-0.0016000507082452042,0.00336148197884123,199.1,204.6,0.0005022601707684871,-0.02639296187683282,1.71,3.12,0.0584795321637428,-0.4198717948717948
2019-12-01,334.94944525,167.059017321429,718.370177904762,685.283404717487,65.3481818181818,59.8677272727273,188.1,115.9107,4.104485714285714,0.55,-1.19,-4.25,0.243,0.236,3.055,165.254640833333,922.311355,965.033333333334,59.8813545454545,7.013676190476192,1.6552380952380952,1.7105714285714284,1.659,6.01,231.1,1.671,1840.71372013755,115.9096,199.0,1.86,5.816960688077401,332.9576305125,330.482023725,166.361785526316,167.489880555556,0.004191057416865096,-0.0025724732306086073,682.5062596,621.8792096,0.052547383705727535,0.1551603057558817,612.802778088192,462.438918474042,0.11827724876740664,0.4818895584713938,62.6866666666667,57.9480952380952,0.042457436214746735,0.12770198139699618,56.6776190476191,48.9190476190476,0.05628514885969271,0.22381219967611576,192.9,242.3,-0.02488335925349927,-0.22368964094098231,116.5605,116.2111,-0.005574787342195631,-0.0025849510072617488,4.155794736842105,3.883355555555556,-0.01234638036896396,0.056943062659767785,0.51,0.81,0.07843137254901977,-0.32098765432098764,-0.02,-1.83,58.49999999999999,-0.3497267759562842,-9.08,-3.66,-0.5319383259911894,0.16120218579234957,0.835,0.309,-0.7089820359281437,-0.21359223300970875,-0.168,0.012,-2.4047619047619047,18.666666666666664,3.069,3.123,-0.00456174649723029,-0.021773935318603943,157.528264259259,188.535836296296,0.049047557340935244,-0.12348419229103536,901.01172047619,819.409514285714,0.023639686410020344,0.12558048072456973,912.633333333334,814.422321428572,0.05741626794258359,0.18492986739432227,59.7143147619048,37.84427857142858,0.0027973155886611423,0.5823093161211248,7.019894736842106,6.883711111111111,-0.000885846098699683,0.018880089136120493,1.9393888888888888,1.6030555555555557,-0.14651563452732208,0.03255192217243841,1.7263888888888888,1.4635,-0.00916216526836,0.16882229488994072,1.919,1.597,-0.1354872329338197,0.038822792736380674,6.01,6.01,0.0,0.0,223.1,232.7,0.03585835948005389,-0.006875805758487341,1.647,1.381,0.014571948998178597,0.20999275887038382,1778.36733616589,1646.77275449876,0.035058214747734295,0.11777032690695766,116.5595,116.2118,-0.005575693100948409,-0.002600424397522394,199.2,202.3,-0.0010040160642569296,-0.016312407315867583,1.81,2.83,0.027624309392265234,-0.34275618374558303
2020-01-01,337.079705,171.814135204082,728.028513142857,726.585601903826,63.8986956521739,57.7169565217391,189.7,115.2786,4.151161904761905,0.5,-1.87,-0.05,0.173,0.502,3.048,178.241777301587,940.321453043478,1000.21585144928,60.002492173913005,6.918352380952381,1.8492857142857144,1.6581428571428571,1.849,6.01,214.5,1.616,1890.49680260618,115.2794,199.3,1.76,5.823281681292827,334.94944525,333.77714625,167.059017321429,166.846241496599,0.02846370078607574,0.02977528089887649,718.370177904762,636.925216190476,0.013444788682994924,0.143036096917752,685.283404717487,519.152943137988,0.06027024279592208,0.3995598243400569,65.3481818181818,59.9447826086956,-0.02218097161510635,0.06595925235542932,59.8677272727273,51.2273913043478,-0.035925378312598566,0.1266815477453469,188.1,240.9,0.008506113769271684,-0.21253632212536333,115.9107,114.4403,-0.005453336059570102,0.007325216728722328,4.104485714285714,3.735565,0.011371994867404256,0.11125409536760977,0.55,0.75,-0.09090909090909094,-0.33333333333333337,-1.19,-0.7,0.5714285714285716,1.6714285714285717,-4.25,2.32,-0.9882352941176471,-1.021551724137931,0.243,0.387,-0.2880658436213992,-0.5529715762273902,0.236,0.006,1.1271186440677967,82.66666666666667,3.055,2.98,-0.0022913256955811034,0.02281879194630876,165.254640833333,188.84494968254,0.07858863389713888,-0.056147503011214184,922.311355,839.940769565217,0.01952713467728895,0.11950924055064216,965.033333333334,827.53079710145,0.036457308675982736,0.20867507886435765,59.8813545454545,37.5284708695652,0.0020229607258892557,0.5988525720234918,7.013676190476192,6.786345,-0.013591133513299436,0.019451911294280144,1.6552380952380952,1.6065238095238097,0.11723245109321079,0.1511100572072206,1.7105714285714284,1.4263333333333332,-0.030649741105729045,0.1625212833439056,1.659,1.607,0.11452682338758291,0.15059116365899183,6.01,6.01,0.0,0.0,231.1,201.1,-0.07183037646040669,0.0666335156638489,1.671,1.383,-0.03291442250149612,0.1684743311641359,1840.71372013755,1707.32866795367,0.02704553235193452,0.10728346456692917,115.9096,114.4425,-0.005436995727705063,0.007312842693929289,199.0,200.2,0.001507537688442362,-0.004495504495504399,1.86,2.71,-0.05376344086021512,-0.3505535055350554
2020-02-01,325.428314565789,168.744598496241,666.862740210526,642.252155857179,55.691,50.608,189.0,116.7095,4.3470157894736845,0.48,-1.51,-4.86,0.054,0.521,2.91,172.231102807018,890.0421225,913.684062500001,61.39762,6.996705263157895,1.8514210526315789,1.58,1.851,6.01,193.3,1.537,1922.36217649011,116.7105,196.9,1.5,5.788210367384508,337.079705,334.503041526316,171.814135204082,169.656283458647,-0.017865449220432206,-0.005373717635564268,728.028513142857,666.363799894737,-0.08401562827296682,0.0007487506312136016,726.585601903826,522.287898643095,-0.11606814919766295,0.22968990383608623,63.8986956521739,64.384,-0.12844856328291365,-0.13501801689860826,57.7169565217391,54.996,-0.1231692894108426,-0.07978762091788505,189.7,243.2,-0.0036900369003689537,-0.22286184210526316,115.2786,114.4106,0.01241253797322317,0.02009341791757069,4.151161904761905,3.724433333333333,0.04718049770285049,0.16716165935051008,0.5,0.72,-0.040000000000000036,-0.33333333333333337,-1.87,-0.03,-0.1925133689839572,49.333333333333336,-0.05,-4.95,96.2,-0.018181818181818188,0.173,0.416,-0.6878612716763006,-0.8701923076923077,0.502,-0.112,0.03784860557768921,-5.651785714285714,3.048,2.997,-0.04527559055118102,-0.02902902902902893,178.241777301587,177.916701754386,-0.03372202962495641,-0.031956521739128,940.321453043478,818.466435789474,-0.05347036418316531,0.08745097365108911,1000.21585144928,847.21951754386,-0.08651311496803138,0.07845020514733392,60.002492173913005,38.394619,0.02325116466901611,0.5991204392469687,6.918352380952381,6.736683333333334,0.011325367354984017,0.03859791487273334,1.8492857142857144,1.812578947368421,0.0011546827671726767,0.021429193646737676,1.6581428571428571,1.565157894736842,-0.047126733867493664,0.009482816598291866,1.849,1.817,0.0010816657652785722,0.01871216290588884,6.01,6.01,0.0,0.0,214.5,218.3,-0.0988344988344988,-0.11452130096197888,1.616,1.519,-0.048886138613861485,0.011849901250822859,1890.49680260618,1955.3928039588,0.01685555555555629,-0.016892067620284612,115.2794,114.413,0.012414186749757583,0.020080760053490465,199.3,200.3,-0.012042147516307056,-0.016974538192710997,1.76,2.68,-0.1477272727272727,-0.4402985074626866
2020-03-01,319.336156363636,162.179148214286,592.932549,557.90283704059,33.9472727272727,29.3204545454545,194.3,121.0285,4.8862,0.4,-0.49,-2.5,0.019,0.368,2.729,170.874751666667,793.10661,846.996875,63.2400513636364,7.02045,0.9300454545454544,0.8908636363636364,0.93,6.01,169.7,0.898,1910.98673259806,121.0227,192.8,0.87,5.769370933053057,325.428314565789,329.23667475,168.744598496241,166.321331972789,-0.038907617431684804,-0.02490470530371114,666.862740210526,645.071812,-0.11086268095768337,-0.08082706766917302,642.252155857179,492.679439788188,-0.13133364839237094,0.13238506011219542,55.691,66.9419047619048,-0.39043520986743463,-0.4928845713605783,50.608,58.1704761904762,-0.4206359756272823,-0.4959564290062506,189.0,241.9,0.02804232804232809,-0.1967755270773046,116.7095,114.7823,0.03700641335966637,0.05441779786604717,4.3470157894736845,3.840747619047619,0.1240354847184939,0.2722002288740908,0.48,0.71,-0.16666666666666663,-0.43661971830985913,-1.51,-3.01,-0.6754966887417219,-0.8372093023255813,-4.86,-10.76,-0.48559670781893005,-0.7676579925650557,0.054,0.224,-0.6481481481481481,-0.9151785714285714,0.521,0.029,-0.2936660268714012,11.689655172413792,2.91,3.076,-0.06219931271477663,-0.11280884265279578,172.231102807018,164.506644761905,-0.007875181185309832,0.038710332424436444,890.0421225,801.679027619047,-0.1089111515618183,-0.010693079553929064,913.684062500001,840.869246031747,-0.07298714100094184,0.007287255417142147,61.39762,41.34975428571431,0.030008188650250567,0.5293936434704483,6.996705263157895,6.711942857142858,0.003393702599870263,0.04596391081143203,1.8514210526315789,2.004,-0.49765859407102275,-0.5359054618036655,1.58,1.812238095238096,-0.4361622554660529,-0.508417995017044,1.851,2.004,-0.49756888168557534,-0.5359281437125748,6.01,6.01,0.0,0.0,193.3,239.3,-0.12209001551991738,-0.2908483075637276,1.537,1.855,-0.41574495770982434,-0.5159029649595688,1922.36217649011,1442.01894735935,-0.005917430144625313,0.3252161048906408,116.7105,114.7835,0.036947832457233876,0.05435624458219168,196.9,202.2,-0.020822752666328048,-0.046488625123639826,1.5,2.57,-0.42000000000000004,-0.6614785992217899
2020-04-01,309.994349,147.012160204082,577.673429142857,518.474155088473,26.8486363636364,16.975,198.5,123.2894,5.317140909090909,0.19,0.19,3.77,-0.011,0.522,2.493,179.746517936508,759.340121363636,878.245833333334,65.707095,7.070827272727272,0.468952380952381,0.5926666666666667,0.469,6.01,123.6,0.668,1914.50038322109,123.2803,184.7,0.66,5.739774741596143,319.336156363636,324.254404,162.179148214286,161.653386564626,-0.09351996343058833,-0.09057172677722236,592.932549,629.565984666667,-0.025735001195124174,-0.08242592005869764,557.90283704059,503.28511243152,-0.07067302643820106,0.030179797259589636,33.9472727272727,71.4759090909091,-0.2091077071394123,-0.6243680324584884,29.3204545454545,63.8704545454546,-0.42105263157894646,-0.7342276625271326,194.3,234.0,0.021616057642820374,-0.15170940170940173,121.0285,114.9024,0.0186807239617115,0.07299238310078815,4.8862,3.897422727272728,0.08819551166364659,0.3642710275904937,0.4,0.66,-0.525,-0.7121212121212122,-0.49,-3.54,-1.3877551020408163,-1.0536723163841808,-2.5,-3.89,-2.508,-1.969151670951157,0.019,0.258,-1.5789473684210527,-1.0426356589147288,0.368,0.119,0.4184782608695652,3.38655462184874,2.729,3.121,-0.08647856357640171,-0.2012175584748478,170.874751666667,159.030088730159,0.05191970249149236,0.1302673561447889,793.10661,800.198136818182,-0.04257496811981443,-0.05105987326715011,846.996875,840.719791666667,0.03689382954728604,0.04463561110209424,63.2400513636364,43.1098786363636,0.03901077850455659,0.5241772205912782,7.02045,6.716068181818182,0.0071757896897310935,0.05282243737034986,0.9300454545454544,2.507476190476191,-0.4957747724474667,-0.812978331465902,0.8908636363636364,2.039047619047619,-0.3347279623110023,-0.7093414292386735,0.93,2.512,-0.4956989247311828,-0.8132961783439491,6.01,6.01,0.0,0.0,169.7,237.7,-0.2716558632881556,-0.48001682793437106,0.898,2.04,-0.2561247216035635,-0.6725490196078432,1910.98673259806,1942.17038187741,0.0018386577798230608,-0.014246947082764416,121.0227,114.9038,0.018654351621637977,0.07290011296406207,192.8,203.3,-0.042012448132780156,-0.09149040826364985,0.87,2.53,-0.2413793103448275,-0.7391304347826086
2020-05-01,309.3314314125,143.98924375,585.3927486,498.482164768442,32.4223809523809,28.7814285714286,202.1,122.6238,5.639445,-0.08,-1.04,2.79,0.298,0.136,2.392,174.954968833333,792.7317,900.053174603176,67.70451666666669,7.10159,1.03215,0.8763,1.032,6.01,108.3,0.955,1942.17038187742,122.615,185.8,0.67,5.737640859951616,309.994349,305.310919056818,147.012160204082,171.180153571429,-0.02056235654170091,-0.15884382186912183,577.673429142857,597.522167,0.013362773961400398,-0.020299528736981487,518.474155088473,472.097758555727,-0.03855928038808332,0.05588759051394754,26.8486363636364,70.3891304347826,0.20759879620156574,-0.5393836981347412,16.975,60.74,0.695518619819063,-0.526153629051225,198.5,231.9,0.01813602015113358,-0.12850366537300562,123.2894,115.957,-0.005398679854066946,0.0574937261226145,5.317140909090909,3.991490909090909,0.06061605220167032,0.4128668030173279,0.19,0.54,-1.4210526315789473,-1.1481481481481481,0.19,-2.08,-6.473684210526316,-0.5,3.77,3.11,-0.25994694960212206,-0.10289389067524113,-0.011,0.539,-28.09090909090909,-0.44712430426716143,0.522,-0.068,-0.7394636015325671,-3.0,2.493,3.161,-0.04051343762535098,-0.243277443846884,179.746517936508,158.281695,-0.026657256886987613,0.10533924237627712,759.340121363636,814.511911739131,0.04397446901185598,-0.026740200388998936,878.245833333334,871.517844202899,0.024830566160585654,0.032742106877198474,65.707095,44.8519504347826,0.030398873465136367,0.5095110917219325,7.070827272727272,6.851859090909091,0.004350654610300264,0.03644717525237007,0.468952380952381,2.245090909090909,1.2009697400487402,-0.5402636054421769,0.5926666666666667,1.9178181818181816,0.4785714285714284,-0.5430745164960182,0.469,2.239,1.2004264392324098,-0.539079946404645,6.01,6.01,0.0,0.0,123.6,235.0,-0.12378640776699024,-0.5391489361702128,0.668,1.976,0.4296407185628741,-0.5167004048582996,1914.50038322109,1928.3067386583,0.01445285615967129,0.007189542483664324,123.2803,115.9574,-0.005396644881623391,0.05741418831398426,184.7,202.9,0.005955603681645938,-0.08427796944307542,0.66,2.4,0.015151515151515138,-0.7208333333333333
2020-06-01,318.643036568182,148.042380357143,614.898581,573.22358653095,40.8604545454546,38.3145454545455,199.4,119.6845,5.188413636363636,-0.3,0.52,6.07,0.454,0.059,2.408,169.722336666667,848.163830909091,963.941666666668,69.5331754545455,7.08155909090909,1.3013636363636365,1.1208636363636364,1.301,6.01,137.8,1.189,1947.88006413983,119.6766,190.4,0.73,5.7672048624241645,309.3314314125,326.6147493,143.98924375,195.167922321429,0.02814888460821563,-0.2414615137761894,585.3927486,614.0528086,0.050403481202261124,0.0013773610154610427,498.482164768442,474.627071385656,0.14993800590082773,0.2077347060239214,32.4223809523809,63.2085,0.26025459405547036,-0.3535607624693735,28.7814285714286,54.666,0.331224590171332,-0.29911562114393764,202.1,225.7,-0.013359722909450755,-0.11652636242800174,122.6238,115.4279,-0.02397006127684842,0.03687669965406992,5.639445,3.855685,-0.07997797010811603,0.3456528830450716,-0.08,0.45,2.75,-1.6666666666666665,-1.04,-1.35,-1.5,-1.3851851851851853,2.79,3.43,1.1756272401433692,0.7696793002915452,0.298,0.605,0.5234899328859062,-0.24958677685950403,0.136,-0.098,-0.5661764705882353,-1.6020408163265305,2.392,3.089,0.006688963210702337,-0.2204596956943995,174.954968833333,174.697763166667,-0.02990845130926667,-0.028480195795370866,792.7317,832.064788,0.06992546268692279,0.01934830453261638,900.053174603176,885.764687500001,0.070983019521774,0.08825930889987865,67.70451666666669,43.7224935,0.027009406135811265,0.5903295966993625,7.10159,6.897675,-0.002820623140861289,0.02665885112144184,1.03215,1.8512,0.26082801566016234,-0.2970161860611298,0.8763,1.7403,0.27908665567001756,-0.3559365417665711,1.032,1.851,0.26065891472868197,-0.2971366828741221,6.01,6.01,0.0,0.0,108.3,204.4,0.27239150507848575,-0.32583170254403127,0.955,1.781,0.24502617801047122,-0.3323975294778214,1942.17038187742,1951.83292109073,0.0029398462234249134,-0.002025202520250069,122.615,115.4271,-0.023964441544672366,0.036815444553315535,185.8,200.9,0.02475780409041972,-0.05226480836236935,0.67,2.07,0.08955223880596996,-0.6473429951690821
2020-07-01,328.935447988636,152.587619642857,642.997465,610.495597533936,43.295652173913,40.7152173913043,195.1,118.7004,5.273518181818182,-0.41,-0.59,5.44,0.32,0.123,2.434,170.574121666667,891.3357,974.110778985508,71.4280382608696,7.004113636363636,1.3283636363636364,1.2197727272727272,1.328,6.01,179.2,1.254,1959.39490830116,118.6901,193.0,0.62,5.7988970231703245,318.643036568182,325.469849011364,148.042380357143,189.486373214286,0.03070228454006818,-0.19473038058362657,614.898581,617.243495,0.04569677808379913,0.041724165922558676,573.22358653095,466.214596109574,0.06502176790831271,0.30947336833369277,40.8604545454546,64.3221739130435,0.05959790843122903,-0.3268938292968152,38.3145454545455,57.3760869565217,0.06265693376440651,-0.29038002500663096,199.4,215.9,-0.021564694082246816,-0.09634089856415007,119.6845,115.0785,-0.008222451528811181,0.031473298661348625,5.188413636363636,3.7785136363636367,0.016402806603174502,0.39565942837070356,-0.3,0.28,0.3666666666666667,-2.464285714285714,0.52,-0.14,-2.1346153846153846,3.2142857142857135,6.07,2.42,-0.10378912685337727,1.2479338842975207,0.454,0.597,-0.2951541850220264,-0.46398659966499156,0.059,-0.264,1.0847457627118646,-1.4659090909090908,2.408,3.045,0.01079734219269124,-0.2006568144499178,169.722336666667,163.876753333333,0.0050186971068688635,0.040868324500615616,848.163830909091,840.739292608696,0.05090038919089013,0.06018085253790195,963.941666666668,913.15543478261,0.010549510069426837,0.06675242995997643,69.5331754545455,42.51401391304351,0.027251204823268704,0.6801057271836457,7.08155909090909,6.877472727272727,-0.01093621525306121,0.01841387296073327,1.3013636363636365,1.9139523809523808,0.020747467691232924,-0.3059578443102937,1.1208636363636364,1.8871428571428568,0.08824364329453749,-0.3536404927396599,1.301,1.919,0.020753266717909336,-0.30797290255341325,6.01,6.01,0.0,0.0,137.8,220.0,0.30043541364296056,-0.18545454545454554,1.189,1.9,0.05466778805719086,-0.33999999999999997,1947.88006413983,1907.72132902992,0.0059114749277005,0.02708654481391992,119.6766,115.0776,-0.008243048348632875,0.03139186079654066,190.4,201.5,0.013655462184873901,-0.04218362282878407,0.73,2.06,-0.15068493150684925,-0.6990291262135923
2020-08-01,332.14117675,149.392999829932,701.226632857143,674.699438865209,45.0814285714286,42.3709523809524,195.1,116.9576,5.487603703703704,-0.57,0.29,8.66,-0.183,0.289,2.429,174.182476984127,924.926660952381,1033.4314484127,73.28642380952381,6.927009523809524,1.4168095238095235,1.248047619047619,1.417,6.01,191.0,1.27,1927.44651259997,116.9453,194.7,0.65,5.8085663543414565,328.935447988636,314.626282090909,152.587619642857,163.628614285714,-0.020936297586935604,-0.08699954172394953,642.997465,629.158464,0.09055893845109164,0.11454692733362482,610.495597533936,508.608892809685,0.10516675565003397,0.3265584782405151,43.295652173913,59.6181818181818,0.0412460907238994,-0.24383087178146579,40.7152173913043,54.8304545454545,0.040666244606659685,-0.22723689358024857,195.1,211.5,0.0,-0.07754137115839244,118.7004,117.102,-0.01468234310920602,-0.001233113012587328,5.273518181818182,4.021968181818182,0.040596337113928405,0.36440753771029666,-0.41,0.14,0.3902439024390243,-5.07142857142857,-0.59,0.33,-1.4915254237288136,-0.12121212121212133,5.44,6.16,0.5919117647058822,0.4058441558441559,0.32,0.436,-1.571875,-1.4197247706422018,0.123,-0.184,1.3495934959349594,-2.5706521739130435,2.434,3.005,-0.0020542317173378732,-0.19168053244592353,170.574121666667,149.363005,0.02115417791516694,0.16616880454518856,891.3357,881.525216818182,0.037686093973775536,0.04923448961659216,974.110778985508,908.676041666668,0.060897251839233224,0.1372936019279316,71.4280382608696,52.63579,0.026017591885514335,0.39233065200548545,7.004113636363636,7.062859090909091,-0.011008403997588845,-0.01923435896865411,1.3283636363636364,1.809272727272728,0.06658258704522013,-0.2169176584310747,1.2197727272727272,1.694590909090909,0.02318045906642885,-0.2635109675425117,1.328,1.809,0.06701807228915668,-0.21669430624654495,6.01,6.01,0.0,0.0,179.2,207.2,0.06584821428571441,-0.07818532818532808,1.254,1.675,0.012759170653907415,-0.24179104477611946,1959.39490830116,1928.99419204107,-0.016305235644860416,-0.0008023245728191464,118.6901,117.1004,-0.014700467857049593,-0.0013245044423416674,193.0,200.2,0.008808290155440268,-0.027472527472527486,0.62,1.63,0.048387096774193505,-0.6012269938650306
2020-09-01,366.824605,166.602533503401,740.951785619048,707.32528125622,41.9268181818182,39.5981818181818,199.6,116.3534,5.399971428571429,-0.89,1.9,10.54,-0.19,0.194,2.414,204.137313809524,937.547027272728,1188.55208333334,75.19863045454551,6.810595238095239,1.2986666666666666,1.2268571428571429,1.299,6.01,177.5,1.176,1918.89244649987,116.3431,195.6,0.68,5.907606207703192,332.14117675,322.453525275,149.392999829932,157.374436607143,0.11519638599573079,0.0586378391256408,701.226632857143,640.3759714,0.056650946927165435,0.15705744548654366,674.699438865209,506.856315453768,0.0483561131248087,0.3955143887730397,45.0814285714286,62.4309523809524,-0.06997583017166653,-0.3284289830150018,42.3709523809524,56.86,-0.06544036437606926,-0.3035845617625431,195.1,207.7,0.023065094823167653,-0.03899855560905152,116.9576,117.3256,-0.00516597467800306,-0.00828634159978725,5.487603703703704,4.1195,-0.015969133316447448,0.3108317583617983,-0.57,0.19,0.56140350877193,-5.684210526315789,0.29,2.33,5.551724137931035,-0.18454935622317603,8.66,6.06,0.2170900692840645,0.7392739273927393,-0.183,0.893,0.03825136612021862,-1.2127659574468086,0.289,-0.636,-0.32871972318339093,-1.3050314465408805,2.429,3.016,-0.006175380815150122,-0.1996021220159151,174.182476984127,146.570486333333,0.171973882471121,0.3927586577373534,924.926660952381,901.676779047619,0.01364472109318604,0.039781714533001944,1033.4314484127,904.055952380953,0.15010249122851604,0.31468863205106734,73.28642380952381,56.571660952381,0.02609223571874164,0.32926325988278293,6.927009523809524,7.113725,-0.016805850391015897,-0.04261195954366537,1.4168095238095235,2.055,-0.08338654925553712,-0.3680454176804543,1.248047619047619,1.73,-0.016978900377732864,-0.2908340214698596,1.417,2.059,-0.08327452364149623,-0.3691112190383682,6.01,6.01,0.0,0.0,191.0,218.4,-0.0706806282722513,-0.18727106227106227,1.27,1.612,-0.07401574803149613,-0.2704714640198512,1927.44651259997,1901.21962044953,-0.004438030339197985,0.009295520549152059,116.9453,117.3239,-0.005149416009022967,-0.008359763015037713,194.7,199.5,0.0046224961479199855,-0.019548872180451204,0.65,1.7,0.04615384615384621,-0.6
2020-10-01,387.575052852273,186.7663875,735.170623,730.949822826911,41.6068181818182,39.405,205.8,115.7882,5.6253,-1.17,3.77,-1.15,0.074,0.081,2.389,203.4263,926.843818181818,1198.37708333333,77.5606763636364,6.72542380952381,1.2466818181818182,1.2013636363636364,1.247,6.01,187.3,1.158,1943.92720718893,115.7798,195.7,0.79,5.962486337384582,366.824605,339.87123723913,166.602533503401,167.297794099379,0.1210296960831474,0.116370891232769,740.951785619048,666.734599826087,-0.0078023465645851164,0.10264357540731206,707.32528125622,523.520131772373,0.03339982635532768,0.3962210399670525,41.9268181818182,59.6313043478261,-0.0076323464044493194,-0.3022655023755991,39.5981818181818,53.9608695652174,-0.004878552734284836,-0.26974861010394013,199.6,202.6,0.03106212424849697,0.015794669299111552,116.3534,116.7479,-0.004857614818303491,-0.008220276339017674,5.399971428571429,4.082545454545454,0.04172773400917462,0.37789035361182877,-0.89,0.35,0.3146067415730336,-4.342857142857143,1.9,2.25,0.9842105263157896,0.6755555555555555,10.54,4.99,-1.1091081593927894,-1.2304609218436873,-0.19,0.964,-1.3894736842105262,-0.9232365145228216,0.194,-0.245,-0.5824742268041236,-1.3306122448979592,2.414,3.053,-0.010356255178127771,-0.21749099246642656,204.137313809524,153.22109,-0.0034830173683357835,0.3276651406147808,937.547027272728,889.842015652174,-0.011416183700187266,0.04158244034198022,1188.55208333334,884.96195652174,0.008266360505157833,0.3541566103512954,75.19863045454551,58.5278182608696,0.03141075701529772,0.32519336391344256,6.810595238095239,7.096081818181818,-0.012505724623748105,-0.052234179108292644,1.2986666666666666,2.218652173913044,-0.04002940078402084,-0.43809046192984746,1.2268571428571429,1.7282608695652173,-0.020779523224795704,-0.30487135506003427,1.299,2.219,-0.04003079291762879,-0.4380351509689048,6.01,6.01,0.0,0.0,177.5,220.5,0.055211267605633774,-0.15056689342403617,1.176,1.618,-0.015306122448979553,-0.28430160692212614,1918.89244649987,1869.07117217664,0.013046463721676727,0.040049857986475645,116.3431,116.7463,-0.004841713861844954,-0.00827863495459824,195.6,199.1,0.0005112474437627412,-0.01707684580612756,0.68,1.71,0.1617647058823528,-0.5380116959064327
2020-11-01,419.585496225,190.625037593985,812.6780475,841.639684375727,44.05,41.3890476190476,210.7,114.1033,5.448211111111111,-1.27,2.92,-1.85,0.02,0.083,2.432,210.753936491228,1047.15214285714,1348.07837301588,79.9183261904762,6.60285,1.3120526315789476,1.19,1.312,6.01,201.1,1.161,1978.5199341561,114.0984,197.3,0.87,6.041647779138603,387.575052852273,332.9576305125,186.7663875,166.361785526316,0.02066030266813934,0.1458463071366285,735.170623,682.5062596,0.10542780420648024,0.19072614509981278,730.949822826911,612.802778088192,0.1514329138499939,0.37342667897403325,41.6068181818182,62.6866666666667,0.05872070792592954,-0.2972987344464537,39.405,56.6776190476191,0.05035014894169776,-0.2697461835107511,205.8,192.9,0.023809523809523725,0.09227579056505952,115.7882,116.5605,-0.014551569158169797,-0.021080897902805873,5.6253,4.155794736842105,-0.03148079016032723,0.31099138819620453,-1.17,0.51,0.08547008547008561,-3.4901960784313726,3.77,-0.02,-0.22546419098143233,-147.0,-1.15,-9.08,0.6086956521739133,-0.7962555066079295,0.074,0.835,-0.7297297297297297,-0.9760479041916168,0.081,-0.168,0.024691358024691468,-1.494047619047619,2.389,3.069,0.017999162829635873,-0.20755946562398175,203.4263,157.528264259259,0.03602108720076003,0.3378801415876107,926.843818181818,901.01172047619,0.12980431256619895,0.16219591716710835,1198.37708333333,912.633333333334,0.1249200203880323,0.47713032581454295,77.5606763636364,59.7143147619048,0.030397489261003274,0.33834452440976004,6.72542380952381,7.019894736842106,-0.018225440209468147,-0.05940897299404713,1.2466818181818182,1.9393888888888888,0.05243584404917945,-0.3234711000480949,1.2013636363636364,1.7263888888888888,-0.009458948164964176,-0.31069991954947707,1.247,1.919,0.05212510024057737,-0.31631057842626364,6.01,6.01,0.0,0.0,187.3,223.1,0.07367859049652958,-0.09861048857014787,1.158,1.647,0.002590673575129543,-0.29508196721311475,1943.92720718893,1778.36733616589,0.01779527897919264,0.11254851228978002,115.7798,116.5595,-0.014522395098281349,-0.021114538068540134,195.7,199.2,0.008175779253960291,-0.009538152610441664,0.79,1.81,0.10126582278481,-0.5193370165745856
2020-12-01,443.655124977273,199.184417517007,881.286824,910.648399616273,50.3769565217391,47.0704347826087,216.1,111.9051,5.144695238095238,-1.19,3.6,1.91,0.03,0.005,2.585,217.312542857143,1085.85846521739,1432.38532608696,82.68195217391299,6.539295238095238,1.432090909090909,1.3587727272727272,1.432,6.01,224.6,1.328,1970.7378891168,111.8992,200.7,0.93,6.097298981647377,419.585496225,334.94944525,190.625037593985,167.059017321429,0.044901656314700666,0.1922997076761639,812.6780475,718.370177904762,0.08442307099479018,0.226786482938935,841.639684375727,685.283404717487,0.08199318131218125,0.32886393183809015,44.05,65.3481818181818,0.14363124907466762,-0.229099339566893,41.3890476190476,59.8677272727273,0.13726788825521252,-0.21375945059381596,210.7,188.1,0.025628856193640193,0.14885699096225413,114.1033,115.9107,-0.019264999347082812,-0.03455763790573263,5.448211111111111,4.104485714285714,-0.05570927169046025,0.2534323655187938,-1.27,0.55,-0.06299212598425208,-3.1636363636363636,2.92,-1.19,0.23287671232876717,-4.025210084033613,-1.85,-4.25,-2.032432432432432,-1.4494117647058824,0.02,0.243,0.5,-0.8765432098765432,0.083,0.236,-0.9397590361445783,-0.9788135593220338,2.432,3.055,0.06291118421052633,-0.15384615384615385,210.753936491228,165.254640833333,0.03111973363395748,0.3150162788850983,1047.15214285714,922.311355,0.03696341799448577,0.17732310171697918,1348.07837301588,965.033333333334,0.06253861404398253,0.48428585481015407,79.9183261904762,59.8813545454545,0.03458062893922498,0.3807628902440927,6.60285,7.013676190476192,-0.009625352977087553,-0.06763656312293287,1.3120526315789476,1.6552380952380952,0.09148891944030124,-0.1348127419186107,1.19,1.7105714285714284,0.14182582123758602,-0.20566150902713454,1.312,1.659,0.0914634146341462,-0.13682941531042803,6.01,6.01,0.0,0.0,201.1,231.1,0.11685728493286929,-0.028126352228472484,1.161,1.671,0.1438415159345392,-0.20526630760023934,1978.5199341561,1840.71372013755,-0.003933265925177176,0.0706379093917624,114.0984,115.9096,-0.01927459105473872,-0.034599377445871604,197.3,199.0,0.01723264064875818,0.008542713567839089,0.87,1.86,0.06896551724137945,-0.5
2021-01-01,504.312117197368,231.754461466165,956.607824526316,936.449653369777,55.2247619047619,51.8495238095238,228.4,111.4953,5.367288888888889,-1.05,3.39,7.18,0.051,-0.128,2.681,237.944249824561,1123.0848952381,1551.07638888889,85.8864219047619,6.467177777777778,1.6535263157894735,1.5628421052631578,1.654,6.01,232.9,1.531,1962.41570213389,111.4873,204.9,1.08,6.22517629221491,443.655124977273,337.079705,199.184417517007,171.814135204082,0.16351702786377387,0.3488672581617658,881.286824,728.028513142857,0.0854670675597391,0.31397027349477735,910.648399616273,726.585601903826,0.028332838189114584,0.28883596222669095,50.3769565217391,63.8986956521739,0.0962306125208423,-0.1357450830393735,47.0704347826087,57.7169565217391,0.10153059025239441,-0.10165873368609324,216.1,189.7,0.056918093475242904,0.20400632577754352,111.9051,115.2786,-0.0036620314891815386,-0.032818753871056705,5.144695238095238,4.151161904761905,0.043266634949607585,0.2929606245258547,-1.19,0.5,-0.11764705882352933,-3.1,3.6,-1.87,-0.05833333333333335,-2.81283422459893,1.91,-0.05,2.7591623036649215,-144.6,0.03,0.173,0.7,-0.7052023121387283,0.005,0.502,-26.6,-1.254980079681275,2.585,3.048,0.037137330754352105,-0.12040682414698167,217.312542857143,178.241777301587,0.09494024917365618,0.3349521836396232,1085.85846521739,940.321453043478,0.03428294866519033,0.1943627273450832,1432.38532608696,1000.21585144928,0.08286252354048784,0.5507416590543244,82.68195217391299,60.002492173913005,0.038756580445858946,0.431380910909936,6.539295238095238,6.918352380952381,-0.011028323036606946,-0.06521416926041212,1.432090909090909,1.8492857142857144,0.15462384775498061,-0.10585676241588926,1.3587727272727272,1.6581428571428571,0.1501865425279989,-0.05747439158765355,1.432,1.849,0.1550279329608939,-0.10546241211465657,6.01,6.01,0.0,0.0,224.6,214.5,0.03695458593054335,0.08578088578088572,1.328,1.616,0.15286144578313232,-0.0525990099009902,1970.7378891168,1890.49680260618,-0.004222878663300955,0.03804232804232455,111.8992,115.2794,-0.0036809914637457863,-0.03289486239518935,200.7,199.3,0.020926756352765308,0.028098344204716463,0.93,1.76,0.16129032258064524,-0.38636363636363635
2021-02-01,507.817272789474,245.554056578947,1034.98786715789,968.868406413008,62.3625,59.2345,243.6,112.0275,5.413152631578948,-0.93,1.97,-3.96,0.243,-0.182,2.847,240.806388070175,1249.118,1653.5475,88.66274200000002,6.460057894736842,1.8224210526315787,1.7613157894736844,1.822,6.01,264.4,1.739,1942.65350883808,112.0171,211.2,1.26,6.232088959542208,504.312117197368,325.428314565789,231.754461466165,168.744598496241,0.05954403218596371,0.4551817288801516,956.607824526316,666.862740210526,0.08193539778998304,0.5520253340757173,936.449653369777,642.252155857179,0.034618789089806645,0.5085483132709956,55.2247619047619,55.691,0.1292488704169974,0.11979493993643486,51.8495238095238,50.608,0.14243093567466314,0.1704572399620614,228.4,189.0,0.06654991243432562,0.28888888888888875,111.4953,116.7095,0.004773295376576447,-0.0401167000115672,5.367288888888889,4.3470157894736845,0.008545048280334644,0.2452571818779492,-1.05,0.48,-0.11428571428571432,-2.9375,3.39,-1.51,-0.41887905604719766,-2.304635761589404,7.18,-4.86,-1.551532033426184,-0.18518518518518523,0.051,0.054,3.764705882352941,3.5,-0.128,0.521,0.421875,-1.3493282149712091,2.681,2.91,0.06191719507646387,-0.02164948453608251,237.944249824561,172.231102807018,0.012028608582574485,0.39815854480125124,1123.0848952381,890.0421225,0.1122204610677986,0.4034369480080422,1551.07638888889,913.684062500001,0.06606451612903141,0.8097585017249855,85.8864219047619,61.39762,0.03232548327972884,0.44407457487765845,6.467177777777778,6.996705263157895,-0.0011009258266257982,-0.07670001068171939,1.6535263157894735,1.8514210526315789,0.10214215233790624,-0.015663643858202847,1.5628421052631578,1.58,0.12699535259648442,0.11475682878081295,1.654,1.851,0.10157194679564707,-0.015667206915180976,6.01,6.01,0.0,0.0,232.9,193.3,0.13525118076427645,0.3678220382824624,1.531,1.537,0.13585891574134568,0.1314248536109306,1962.41570213389,1922.36217649011,-0.010070339976550824,0.010555415933650059,111.4873,116.7105,0.0047521107785371,-0.04021403387013167,204.9,196.9,0.030746705710102296,0.07262569832402233,1.08,1.5,0.16666666666666652,-0.16000000000000003
2021-03-01,519.879422315217,245.760356832298,1192.32559313043,995.801045240987,65.7960869565217,62.1839130434783,262.0,113.3497,5.635117391304347,-0.84,0.16,-5.01,0.266,-0.135,3.152,229.887549275362,1282.51047826087,1972.23822463768,91.08999260869568,6.510860869565217,2.066173913043478,1.9862608695652173,2.066,6.01,304.1,2.007,2030.81367639961,113.3366,216.0,1.61,6.25551857987258,507.817272789474,319.336156363636,245.554056578947,162.179148214286,0.0008401419069394844,0.5153634702013408,1034.98786715789,592.932549,0.152018908593194,1.0108958348488808,968.868406413008,557.90283704059,0.027798035986837943,0.7849004864776084,62.3625,33.9472727272727,0.05505852004845391,0.9381847692189476,59.2345,29.3204545454545,0.049792148890904775,1.1208372792132777,243.6,194.3,0.07553366174055842,0.34843026248069986,112.0275,121.0285,0.011802459217602701,-0.06344621308204268,5.413152631578948,4.8862,0.04100471108656967,0.15327194779262987,-0.93,0.4,-0.09677419354838723,-3.0999999999999996,1.97,-0.49,-0.9187817258883249,-1.3265306122448979,-3.96,-2.5,0.26515151515151514,1.004,0.243,0.019,0.094650205761317,13.000000000000002,-0.182,0.368,-0.2582417582417582,-1.3668478260869565,2.847,2.729,0.10713031260976469,0.15500183217295715,240.806388070175,170.874751666667,-0.0453428120504471,0.3453570350979289,1249.118,793.10661,0.026732845304342945,0.6170719826189193,1653.5475,846.996875,0.1927315209497642,1.3285070852683845,88.66274200000002,63.2400513636364,0.027376218622876092,0.44038454499221436,6.460057894736842,7.02045,0.007864167110602116,-0.07258639124768118,1.8224210526315787,0.9300454545454544,0.1337522193677032,1.2215837978083441,1.7613157894736844,0.8908636363636364,0.12771422446553493,1.2295902408507975,1.822,0.93,0.13391877058177815,1.2215053763440857,6.01,6.01,0.0,0.0,264.4,169.7,0.1501512859304086,0.791985857395404,1.739,0.898,0.1541115583668775,1.2349665924276172,1942.65350883808,1910.98673259806,0.04538131332244588,0.06270422591508029,112.0171,121.0227,0.011779451530168128,-0.0635095729974624,211.2,192.8,0.022727272727272707,0.1203319502074689,1.26,0.87,0.2777777777777779,0.8505747126436782
2021-04-01,537.418366704545,268.622448809524,1277.757668,1036.29341179646,65.5318181818182,61.4177272727273,276.4,112.6426,5.568563636363636,-0.66,-0.97,7.33,0.25,-0.215,3.13,239.936143333333,1345.51538181818,1919.69583333334,92.7863581818182,6.518640909090909,2.099047619047619,1.988,2.099,6.01,282.0,2.007,2009.80815637066,112.6323,218.1,1.64,6.288635891241506,519.879422315217,309.994349,245.760356832298,147.012160204082,0.09302595533268465,0.8272124458046384,1192.32559313043,577.673429142857,0.07165163220666049,1.2119031333947925,995.801045240987,518.474155088473,0.0406631091109908,0.9987368736241555,65.7960869565217,26.8486363636364,-0.004016481631774593,1.4407875802055266,62.1839130434783,16.975,-0.012321285896165657,2.6181282634890892,262.0,198.5,0.05496183206106853,0.3924433249370276,113.3497,123.2894,-0.0062382167751656725,-0.08635616687241565,5.635117391304347,5.317140909090909,-0.011810535667528765,0.0472853233667101,-0.84,0.19,-0.2142857142857142,-4.473684210526316,0.16,0.19,-7.0625,-6.105263157894736,-5.01,3.77,-2.463073852295409,0.9442970822281167,0.266,-0.011,-0.06015037593984962,-23.72727272727273,-0.135,0.522,0.5925925925925926,-1.4118773946360152,3.152,2.493,-0.006979695431472144,0.2555154432410751,229.887549275362,179.746517936508,0.04371091035441288,0.33485836659203505,1282.51047826087,759.340121363636,0.04912622908371622,0.7719534948342786,1972.23822463768,878.245833333334,-0.026640996329940103,1.1858297078931073,91.08999260869568,65.707095,0.018622963121863068,0.41212083994610027,6.510860869565217,7.070827272727272,0.0011949325414184475,-0.0780936009802119,2.066173913043478,0.468952380952381,0.015910425447061227,3.476035743298131,1.9862608695652173,0.5926666666666667,0.0008755800717976658,2.354330708661417,2.066,0.469,0.01597289448209116,3.475479744136461,6.01,6.01,0.0,0.0,304.1,123.6,-0.07267346267675112,1.2815533980582527,2.007,0.668,0.0,2.004491017964072,2030.81367639961,1914.50038322109,-0.010343400910215461,0.04978206010552877,113.3366,123.2803,-0.006214232648588447,-0.0863722752134769,216.0,184.7,0.009722222222222188,0.18083378451543042,1.61,0.66,0.01863354037267073,1.4848484848484844
2021-05-01,576.96794925,304.297549659864,1475.1532347619,1104.58493292694,68.3752380952381,65.1609523809524,298.1,111.2252,5.28523,-0.48,-2.29,-1.35,0.009,0.026,3.217,278.447005396825,1583.066,1936.48670634921,94.12142619047616,6.432049999999999,2.23905,2.1164,2.239,6.01,318.8,2.126,2026.37250930778,111.2123,224.4,1.62,6.3595184160103395,537.418366704545,309.3314314125,268.622448809524,143.98924375,0.13280759299322997,1.1133352862676174,1277.757668,585.3927486,0.1544859183438687,1.5199376628593586,1036.29341179646,498.482164768442,0.0658997928126297,1.2158965977048517,65.5318181818182,32.4223809523809,0.04338991336286191,1.108890096494195,61.4177272727273,28.7814285714286,0.06094698183153535,1.263992984894358,276.4,202.1,0.07850940665701889,0.47501237011380515,112.6426,122.6238,-0.012583161255155684,-0.09295585359448988,5.568563636363636,5.639445,-0.0508809191859495,-0.06281025881092905,-0.66,-0.08,-0.2727272727272728,5.0,-0.97,-1.04,1.3608247422680413,1.201923076923077,7.33,2.79,-1.184174624829468,-1.4838709677419355,0.25,0.298,-0.964,-0.9697986577181208,-0.215,0.136,-1.1209302325581396,-0.8088235294117647,3.13,2.392,0.027795527156549538,0.3448996655518395,239.936143333333,174.954968833333,0.1605046306424558,0.591535280498843,1345.51538181818,792.7317,0.17654990897303646,0.9969757737706211,1919.69583333334,900.053174603176,0.008746632005089294,1.1515247776365953,92.7863581818182,67.70451666666669,0.014388623875525308,0.39017942708119846,6.518640909090909,7.10159,-0.01328358323437473,-0.0942802949761955,2.099047619047619,1.03215,0.06669804900181497,1.1693067868042442,1.988,0.8763,0.06458752515090538,1.415154627410704,2.099,1.032,0.06669842782277269,1.1695736434108523,6.01,6.01,0.0,0.0,282.0,108.3,0.1304964539007092,1.9436749769159745,2.007,0.955,0.059292476332834854,1.2261780104712043,2009.80815637066,1942.17038187742,0.008241758241757768,0.04335465529495175,112.6323,122.615,-0.012607395924614906,-0.09299596297353507,218.1,185.8,0.028885832187070193,0.20775026910656624,1.64,0.67,-0.012195121951219412,1.417910447761194
2021-06-01,537.355735397727,292.523726785714,1438.364235,920.962647934837,73.5127272727273,71.3772727272727,319.1,111.5888,5.028536363636364,-0.38,-4.13,-0.92,-0.002,-0.011,3.287,238.767026666667,1595.27218181818,1586.46458333334,95.2609086363636,6.425031818181818,2.3107727272727274,2.166772727272728,2.311,6.01,317.8,2.206,2016.39625128883,111.5777,228.9,1.52,6.288519559864727,576.96794925,318.643036568182,304.297549659864,148.042380357143,-0.03869180966889296,0.9759458479390752,1475.1532347619,614.898581,-0.024939103880850744,1.3391893873959027,1104.58493292694,573.22358653095,-0.16623645635427853,0.6066377406211487,68.3752380952381,40.8604545454546,0.07513669159489167,0.7991167276651112,65.1609523809524,38.3145454545455,0.09539947037571905,0.8629288663218304,298.1,199.4,0.07044615900704465,0.6003009027081245,111.2252,119.6845,0.0032690433462920776,-0.06764200878142113,5.28523,5.188413636363636,-0.04856811082273371,-0.030814288129757617,-0.48,-0.3,-0.20833333333333326,0.26666666666666683,-2.29,0.52,0.8034934497816593,-8.942307692307692,-1.35,6.07,-0.31851851851851853,-1.1515650741350907,0.009,0.454,-1.2222222222222223,-1.0044052863436124,0.026,0.059,-1.4230769230769231,-1.1864406779661016,3.217,2.408,0.021759403170655833,0.36503322259136217,278.447005396825,169.722336666667,-0.14250459858100684,0.4068096831332406,1583.066,848.163830909091,0.007710469315985513,0.88085382055058,1936.48670634921,963.941666666668,-0.18075111069352723,0.6458097395243534,94.12142619047616,69.5331754545455,0.012106514871347507,0.3700065905754091,6.432049999999999,7.08155909090909,-0.0010911267509084999,-0.09270942518436165,2.23905,1.3013636363636365,0.032032659955216314,0.7756549074397485,2.1164,1.1208636363636364,0.023801137437501563,0.9331278640658591,2.239,1.301,0.0321572130415364,0.776325903151422,6.01,6.01,0.0,0.0,318.8,137.8,-0.0031367628607277265,1.3062409288824384,2.126,1.189,0.03762935089369712,0.8553406223717408,2026.37250930778,1947.88006413983,-0.004923210304682901,0.03517474633596418,111.2123,119.6766,0.003285607796979173,-0.06767321264140191,224.4,190.4,0.020053475935828846,0.20220588235294112,1.62,0.73,-0.06172839506172845,1.0821917808219177
2021-07-01,523.5714795,278.445755612245,1451.68977904762,1010.22385393131,74.4031818181818,72.5918181818182,332.201,113.0721,5.161095238095238,-0.4,-4.12,1.95,-0.228,0.32,3.339,243.628006984127,1450.59877272727,1560.26458333334,96.22500090909088,6.476257142857143,2.360904761904762,2.257285714285714,2.361,6.01,326.966,2.267,2084.91243843783,113.0633,233.342,1.32,6.26258169977112,537.355735397727,328.935447988636,292.523726785714,152.587619642857,-0.04812591213765616,0.8248253447033818,1438.364235,642.997465,0.00926437387927681,1.2576912943935477,920.962647934837,610.495597533936,0.09692163541771426,0.6547602603721545,73.5127272727273,43.295652173913,0.012112930352195628,0.7184908433602966,71.3772727272727,40.7152173913043,0.017015856842642174,0.7829161388027344,319.1,195.1,0.04105609526794107,0.7027216811891339,111.5888,118.7004,0.01329255265761442,-0.047416015447294124,5.028536363636364,5.273518181818182,0.026361323628375954,-0.021318395015788694,-0.38,-0.41,0.05263157894736836,-0.024390243902438935,-4.13,-0.59,-0.002421307506053183,5.983050847457628,-0.92,5.44,-3.119565217391304,-0.6415441176470589,-0.002,0.32,113.0,-1.7125,-0.011,0.123,-30.090909090909093,1.6016260162601625,3.287,2.434,0.01581989656221472,0.3718159408381265,238.767026666667,170.574121666667,0.020358675087269296,0.4282823478946043,1595.27218181818,891.3357,-0.09068885594558618,0.6274438157556912,1586.46458333334,974.110778985508,-0.016514708412179502,0.6017321817938248,95.2609086363636,71.4280382608696,0.010120544581487145,0.3471600683985996,6.425031818181818,7.004113636363636,0.00797277369590077,-0.07536378204459615,2.3107727272727274,1.3283636363636364,0.021694922239801073,0.7773030646696129,2.166772727272728,1.2197727272727272,0.04177317993424845,0.8505789347600414,2.311,1.328,0.02163565556036362,0.7778614457831325,6.01,6.01,0.0,0.0,317.8,179.2,0.028842039018250443,0.8245870535714288,2.206,1.254,0.02765185856754293,0.8078149920255182,2016.39625128883,1959.39490830116,0.03397952515791802,0.06405933260564445,111.5777,118.6901,0.01331448846857386,-0.04740749228452923,228.9,193.0,0.01940585408475326,0.2090259067357514,1.52,0.62,-0.13157894736842102,1.1290322580645165
2021-08-01,504.040055590909,257.020755357143,1371.443997,1077.78061255766,70.5881818181818,67.8722727272727,333.324,113.4124,5.248695454545454,-0.49,-2.29,4.6,-0.099,0.145,3.35,274.87603,1481.32221818182,1678.71041666667,97.2072718181818,6.476790909090909,2.336090909090909,2.2352727272727275,2.336,6.01,322.279,2.229,2051.97196384696,113.4025,234.559,1.28,6.224637744131654,523.5714795,332.14117675,278.445755612245,149.392999829932,-0.07694496979489895,0.7204337261433515,1451.68977904762,701.226632857143,-0.05527750019722888,0.9557785354102439,1010.22385393131,674.699438865209,0.06687305824689393,0.597423312475851,74.4031818181818,45.0814285714286,-0.051274688887938735,0.565792923051216,72.5918181818182,42.3709523809524,-0.06501484013976089,0.601858559067562,332.201,195.1,0.0033804835024577873,0.708477703741671,113.0721,116.9576,0.0030095841502899567,-0.030311839504230553,5.161095238095238,5.487603703703704,0.0169731834831528,-0.043535988030076855,-0.4,-0.57,0.22499999999999987,-0.14035087719298245,-4.12,0.29,-0.4441747572815534,-8.896551724137932,1.95,8.66,1.358974358974359,-0.4688221709006929,-0.228,-0.183,-0.5657894736842105,-0.4590163934426229,0.32,0.289,-0.546875,-0.4982698961937716,3.339,2.429,0.0032943995208145616,0.3791683820502265,243.628006984127,174.182476984127,0.12826121020605363,0.5780923245513903,1450.59877272727,924.926660952381,0.02117983692815817,0.6015564051927407,1560.26458333334,1033.4314484127,0.07591394087808045,0.624404230435494,96.22500090909088,73.28642380952381,0.010208063391123456,0.32640217335245914,6.476257142857143,6.927009523809524,8.241893766580688e-05,-0.06499465796475712,2.360904761904762,1.4168095238095235,-0.010510315034407913,0.6488390781067155,2.257285714285714,1.248047619047619,-0.009751971969552908,0.7910155775774459,2.361,1.417,-0.01058873358746304,0.6485532815808044,6.01,6.01,0.0,0.0,326.966,191.0,-0.014334823804309949,0.6873246073298429,2.267,1.27,-0.01676224084693423,0.7551181102362206,2084.91243843783,1927.44651259997,-0.01579945228565638,0.0646064367716308,113.0633,116.9453,0.00300008933049023,-0.030294505208845468,233.342,194.7,0.005215520566378862,0.20472008217770932,1.32,0.65,-0.030303030303030276,0.9692307692307691
2021-09-01,469.44013575,235.815603571429,1261.38908028571,1105.97830115752,74.7495454545454,71.535,343.919,113.4532,5.278995238095239,-0.67,1.31,2.07,-0.058,0.136,3.384,269.733507301587,1623.43097727273,1601.20208333334,98.2824995454545,6.456300000000001,2.249857142857143,2.283857142857143,2.25,6.01,334.175,2.164,2079.64196250329,113.4437,237.224,1.37,6.15366871554244,504.040055590909,366.824605,257.020755357143,166.602533503401,-0.0825036552252304,0.4154382806346406,1371.443997,740.951785619048,-0.08024747416229361,0.7023902293883382,1077.78061255766,707.32528125622,0.026162735042101426,0.5636063498158674,70.5881818181818,41.9268181818182,0.058952696176284514,0.7828575765131864,67.8722727272727,39.5981818181818,0.05396500110501723,0.8065223380320499,333.324,199.6,0.03178589000492016,0.7230410821643287,113.4124,116.3534,0.0003597490221527444,-0.024925786440275877,5.248695454545454,5.399971428571429,0.0057728218015666855,-0.02240311677134088,-0.49,-0.89,0.3673469387755104,-0.247191011235955,-2.29,1.9,-1.572052401746725,-0.31052631578947365,4.6,10.54,-0.55,-0.8036053130929791,-0.099,-0.19,-0.41414141414141414,-0.6947368421052631,0.145,0.194,-0.06206896551724128,-0.2989690721649484,3.35,2.414,0.010149253731343233,0.4018227009113504,274.87603,204.137313809524,-0.01870851633884929,0.321333676180678,1481.32221818182,937.547027272728,0.09593372552349533,0.7315728491990425,1678.71041666667,1188.55208333334,-0.046171354251339225,0.3471871412169898,97.2072718181818,75.19863045454551,0.011061186135167267,0.30697193487934915,6.476790909090909,6.810595238095239,-0.003163744110088018,-0.05202118547780943,2.336090909090909,1.2986666666666666,-0.03691370310041753,0.7324361982986214,2.2352727272727275,1.2268571428571429,0.02173534128146115,0.8615510013972985,2.336,1.299,-0.03681506849315064,0.7321016166281755,6.01,6.01,0.0,0.0,322.279,177.5,0.03691211652015802,0.8826760563380283,2.229,1.176,-0.02916105877074915,0.8401360544217689,2051.97196384696,1918.89244649987,0.013484589041097506,0.08377203021286217,113.4025,116.3431,0.0003633076872202601,-0.024921116937747012,234.559,195.6,0.01136174693787062,0.21280163599182012,1.28,0.68,0.0703125,1.0147058823529411
2021-10-01,452.02187225,239.60245085034,1347.61071866667,1238.17285657319,83.8652380952381,81.3642857142857,371.464,114.0758,5.54163,-0.81,1.83,0.22,-0.091,0.022,3.612,294.036818253968,1755.89271428571,1735.49007936508,99.22214285714291,6.41721,2.5348571428571427,2.500238095238095,2.535,6.01,374.107,2.42,2233.88704193671,114.0635,243.292,1.58,6.115940407430025,469.44013575,387.575052852273,235.815603571429,186.7663875,0.016058510215436028,0.28289920931484525,1261.38908028571,735.170623,0.06835451466048093,0.8330584445383504,1105.97830115752,730.949822826911,0.11952725951071086,0.693923191313762,74.7495454545454,41.6068181818182,0.12194980698893865,1.015660936357937,71.535,39.405,0.1374052661534313,1.064821360596008,343.919,205.8,0.08009153318077811,0.8049757045675412,113.4532,115.7882,0.005487725335204363,-0.014789071770698548,5.278995238095239,5.6253,0.04975089956692669,-0.014873873393419168,-0.67,-1.17,0.20895522388059695,-0.3076923076923076,1.31,3.77,0.3969465648854962,-0.5145888594164456,2.07,-1.15,-0.893719806763285,-1.191304347826087,-0.058,0.074,0.5689655172413792,-2.22972972972973,0.136,0.081,-0.8382352941176471,-0.7283950617283951,3.384,2.389,0.06737588652482285,0.51192967768941,269.733507301587,203.4263,0.09010119356512747,0.44542184689967823,1623.43097727273,926.843818181818,0.08159369807979644,0.8944860825961276,1601.20208333334,1198.37708333333,0.08386698807697202,0.44820032317186054,98.2824995454545,77.5606763636364,0.009560637102578262,0.2792841360994407,6.456300000000001,6.72542380952381,-0.006054551368430916,-0.045828161652407884,2.249857142857143,1.2466818181818182,0.1266747095053653,1.0332831568475274,2.283857142857143,1.2013636363636364,0.09474364587894324,1.0811667837774532,2.25,1.247,0.1266666666666667,1.032878909382518,6.01,6.01,0.0,0.0,334.175,187.3,0.11949427695069947,0.9973678590496531,2.164,1.158,0.1182994454713493,1.0898100172711573,2079.64196250329,1943.92720718893,0.07416905516166516,0.14916187894045918,113.4437,115.7798,0.005463503041596818,-0.014823829372653918,237.224,195.7,0.025579199406468245,0.2431885539090446,1.37,0.79,0.15328467153284664,1.0
2021-11-01,454.57643425,248.767746071429,1305.90140790476,1279.64081229113,80.8904545454545,79.0954545454546,401.712,115.0036,5.56676,-0.98,3.18,3.55,0.069,-0.034,3.727,317.437354813333,1816.90036363636,1746.12083333334,100.318864545455,6.38893,2.53045,2.39015,2.53,6.01,366.731,2.294,2309.34687198359,114.9898,246.079,1.56,6.121563505586447,452.02187225,419.585496225,239.60245085034,190.625037593985,0.03825209295047571,0.3050108695652194,1347.61071866667,812.6780475,-0.030950563233258732,0.6069111401766514,1238.17285657319,841.639684375727,0.033491249220814145,0.5204140632226526,83.8652380952381,44.05,-0.03547099629533523,0.8363326798060047,81.3642857142857,41.3890476190476,-0.027884853273317023,0.9110237875841865,371.464,210.7,0.08142915598819811,0.9065590887517798,114.0758,114.1033,0.008133188634223965,0.007890218775443048,5.54163,5.448211111111111,0.004534766846577831,0.021759231878353713,-0.81,-1.27,0.20987654320987637,-0.22834645669291342,1.83,2.92,0.7377049180327868,0.08904109589041109,0.22,-1.85,15.136363636363637,-2.9189189189189184,-0.091,0.02,-1.7582417582417582,2.45,0.022,0.083,-2.545454545454546,-1.4096385542168675,3.612,2.432,0.03183831672203752,0.532483552631579,294.036818253968,210.753936491228,0.07958369532877096,0.50619893558451,1755.89271428571,1047.15214285714,0.03474451989822591,0.7350872803248749,1735.49007936508,1348.07837301588,0.0061255054665303454,0.29526655740865526,99.22214285714291,79.9183261904762,0.011053194949549816,0.25526733763613185,6.41721,6.60285,-0.004406899571620659,-0.032398131110050965,2.5348571428571427,1.3120526315789476,-0.0017386158701532262,0.9286192787516545,2.500238095238095,1.19,-0.04403104466241303,1.0085294117647061,2.535,1.312,-0.0019723865877713243,0.9283536585365852,6.01,6.01,0.0,0.0,374.107,201.1,-0.019716284378533455,0.8236250621581303,2.42,1.161,-0.05206611570247932,0.9758828596037898,2233.88704193671,1978.5199341561,0.033779608650873705,0.16720930232557807,114.0635,114.0984,0.008120915104306015,0.007812554777280045,243.292,197.3,0.011455370501290751,0.24723264064875816,1.58,0.87,-0.012658227848101222,0.7931034482758621
2021-12-01,473.8100115,264.573146768707,1216.078413,1207.46390510091,74.6782608695652,71.8021739130435,436.361,115.8172,5.65487619047619,-0.98,2.69,-1.2,-0.12,0.244,3.641,324.017900555555,1813.82706521739,1685.60452898551,101.921304347826,6.369285714285714,2.3147272727272727,2.202772727272728,2.315,6.01,346.234,2.135,2282.03969594595,115.8045,243.197,1.47,6.162914748233516,454.57643425,443.655124977273,248.767746071429,199.184417517007,0.0635347666523447,0.3282823529411725,1305.90140790476,881.286824,-0.06878237082910843,0.37988947512053106,1279.64081229113,910.648399616273,-0.0564040365835089,0.3259386450464401,80.8904545454545,50.3769565217391,-0.07679761117423956,0.4823892911700487,79.0954545454546,47.0704347826087,-0.09220859370900758,0.5254198148934994,401.712,216.1,0.086253335723105,1.01925497454882,115.0036,111.9051,0.007074561144172931,0.03495908586829377,5.56676,5.144695238095238,0.01582899037792007,0.09916640904269403,-0.98,-1.19,0.0,-0.17647058823529405,3.18,3.6,-0.15408805031446549,-0.25277777777777777,3.55,1.91,-1.3380281690140845,-1.6282722513089005,0.069,0.03,-2.7391304347826084,-5.0,-0.034,0.005,-8.176470588235293,47.8,3.727,2.585,-0.023074859136034354,0.40851063829787226,317.437354813333,217.312542857143,0.020730218553174584,0.4910225442834104,1816.90036363636,1085.85846521739,-0.001691506304076551,0.6704083665768172,1746.12083333334,1432.38532608696,-0.03465756962094346,0.17678148350646872,100.318864545455,82.68195217391299,0.01597346430934654,0.23269107305842285,6.38893,6.539295238095238,-0.0030747379787048335,-0.02599814163751446,2.53045,1.432090909090909,-0.08525073693324403,0.6163270488160986,2.39015,1.3587727272727272,-0.07839561229515801,0.6211487639246653,2.53,1.432,-0.08498023715415015,0.6166201117318435,6.01,6.01,0.0,0.0,366.731,224.6,-0.05589110274288245,0.5415583259127337,2.294,1.328,-0.06931124673060163,0.6076807228915659,2309.34687198359,1970.7378891168,-0.011824631617243786,0.15796205499893334,114.9898,111.8992,0.007084976232674567,0.03490016014412989,246.079,200.7,-0.011711686084550088,0.2117438963627305,1.56,0.93,-0.05769230769230771,0.5806451612903225
2022-01-01,514.4485437,276.719178214286,1336.0327893,1293.59521574041,85.6223809523809,83.277619047619,445.221,115.0507,5.530044999999999,-0.97,2.97,2.91,-0.056,0.296,3.724,326.081669833333,1829.99882857143,1703.46785714286,103.985238095238,6.35557,2.54755,2.44925,2.548,6.01,365.449,2.402,2374.22392098731,115.0373,248.353,1.76,6.24503748024012,473.8100115,504.312117197368,264.573146768707,231.754461466165,0.045908028059239214,0.1940187751452871,1216.078413,956.607824526316,0.09864033027613672,0.3966358575015463,1207.46390510091,936.449653369777,0.07133241024898518,0.38138255600336723,74.6782608695652,55.2247619047619,0.14655028056867803,0.5504345876590893,71.8021739130435,51.8495238095238,0.15982030221637733,0.6061404797766423,436.361,228.4,0.020304289338414883,0.9493038528896671,115.8172,111.4953,-0.006618187972080136,0.03188833968786131,5.65487619047619,5.367288888888889,-0.022074964379667272,0.030323709880427874,-0.98,-1.05,-0.010204081632653073,-0.07619047619047625,2.69,3.39,0.10408921933085513,-0.12389380530973448,-1.2,7.18,-3.4250000000000003,-0.5947075208913648,-0.12,0.051,-0.5333333333333333,-2.0980392156862746,0.244,-0.128,0.21311475409836067,-3.3125,3.641,2.681,0.022795935182642113,0.3890339425587468,324.017900555555,237.944249824561,0.006369306369307104,0.37041206111833636,1813.82706521739,1123.0848952381,0.008915824261394922,0.6294394451663075,1685.60452898551,1551.07638888889,0.010597579592469097,0.09824884792626842,101.921304347826,85.8864219047619,0.020250268190921572,0.21072965655206355,6.369285714285714,6.467177777777778,-0.0021534148256139307,-0.017257570707469805,2.3147272727272727,1.6535263157894735,0.1005832220563978,0.5406770219944619,2.202772727272728,1.5628421052631578,0.11189410041063907,0.5671768707482996,2.315,1.654,0.1006479481641469,0.5405078597339783,6.01,6.01,0.0,0.0,346.234,232.9,0.05549714932675598,0.5691240875912409,2.135,1.531,0.12505854800936778,0.5689092096668846,2282.03969594595,1962.41570213389,0.040395539659159097,0.20984759671746844,115.8045,111.4873,-0.006624958442893014,0.03184219189091486,243.197,204.9,0.021200919419236186,0.21206930209858466,1.47,1.08,0.19727891156462585,0.6296296296296295
2022-02-01,583.693013289474,292.671593045113,1477.37387831579,1458.06977711168,94.267,91.608,457.52,115.0057,5.1984,-0.93,2.1,-5.46,-0.083,0.119,4.032,347.5032275,1731.73035,1829.76979166667,106.3645,6.343552631578947,2.817842105263158,2.7388947368421053,2.818,6.01,415.354,2.687,2355.24393324686,114.9977,254.505,1.93,6.37108694588751,514.4485437,507.817272789474,276.719178214286,245.554056578947,0.057648389004949285,0.19188254155767703,1336.0327893,1034.98786715789,0.10579163187293039,0.42743110832082154,1293.59521574041,968.868406413008,0.12714530741143037,0.5049203456946412,85.6223809523809,62.3625,0.10096214274194071,0.5115975145319704,83.277619047619,59.2345,0.10003144959773169,0.5465311600503087,445.221,243.6,0.027624483121865273,0.8781609195402298,115.0507,112.0275,-0.0003911319096711052,0.0265845439735779,5.530044999999999,5.413152631578948,-0.059971483053031016,-0.039672376929875575,-0.97,-0.93,-0.04123711340206182,0.0,2.97,1.97,-0.29292929292929293,0.06598984771573613,2.91,-3.96,-2.8762886597938144,0.3787878787878789,-0.056,0.243,0.4821428571428572,-1.3415637860082303,0.296,-0.182,-0.597972972972973,-1.6538461538461537,3.724,2.847,0.08270676691729317,0.41622760800842995,326.081669833333,240.806388070175,0.06569384190658734,0.4430814327015766,1829.99882857143,1249.118,-0.05369865654402761,0.3863624973781501,1703.46785714286,1653.5475,0.07414400805639487,0.10657225853304486,103.985238095238,88.66274200000002,0.022880766042800094,0.19965272447811255,6.35557,6.460057894736842,-0.0018908403842696764,-0.01803470883021252,2.54755,1.8224210526315787,0.1060988421279887,0.5462080517530181,2.44925,1.7613157894736844,0.11825854316305207,0.5550276408187658,2.548,1.822,0.10596546310832022,0.5466520307354554,6.01,6.01,0.0,0.0,365.449,264.4,0.13655804229865165,0.5709304084720122,2.402,1.739,0.11865112406328038,0.5451408855664173,2374.22392098731,1942.65350883808,-0.007994186046511365,0.21238497886097774,115.0373,112.0171,-0.0003442361738323907,0.02660843746178032,248.353,211.2,0.02477119261696048,0.20504261363636367,1.76,1.26,0.09659090909090895,0.5317460317460316
2022-03-01,617.198306869565,335.930684161491,1672.424732,1652.71639279719,112.44,108.399130434783,495.943,116.2984,4.976395652173913,-0.99,-1.27,-10.26,-0.093,0.131,5.105,387.665013697101,2164.06373913043,2487.81340579711,109.398913043478,6.344552173913043,3.783956521739131,3.1836521739130434,3.784,6.01,503.052,3.295,2403.03149131274,116.2908,261.472,2.13,6.42680929088735,583.693013289474,519.879422315217,292.671593045113,245.760356832298,0.14780761831473654,0.36690346844964683,1477.37387831579,1192.32559313043,0.132025384059564,0.4026577485509457,1458.06977711168,995.801045240987,0.13349609102459392,0.6596853364390951,94.267,65.7960869565217,0.19278220374043942,0.7089162167698628,91.608,62.1839130434783,0.18329327607613966,0.7432021423127801,457.52,262.0,0.08398102815177477,0.8929122137404579,115.0057,113.3497,0.011240312436687994,0.026014184422190834,5.1984,5.635117391304347,-0.04270628420784994,-0.1168958325778483,-0.93,-0.84,0.06451612903225801,0.1785714285714286,2.1,0.16,-1.6047619047619048,-8.9375,-5.46,-5.01,0.8791208791208791,1.0479041916167664,-0.083,0.266,0.12048192771084332,-1.349624060150376,0.119,-0.135,0.10084033613445387,-1.9703703703703703,4.032,3.152,0.26612103174603186,0.6196065989847717,347.5032275,229.887549275362,0.11557241204932711,0.6863245309242534,1731.73035,1282.51047826087,0.24965398864230215,0.6873653477396751,1829.76979166667,1972.23822463768,0.35963191496950686,0.26141628060887334,106.3645,91.08999260869568,0.028528437998373457,0.20099815479658423,6.343552631578947,6.510860869565217,0.00015756822590540231,-0.0255432728457734,2.817842105263158,2.066173913043478,0.3428561219492985,0.8313833592862256,2.7388947368421053,1.9862608695652173,0.16238573578177573,0.6028368794326242,2.818,2.066,0.3427963094393185,0.8315585672797676,6.01,6.01,0.0,0.0,415.354,304.1,0.2111403766425748,0.6542321604735284,2.687,2.007,0.2262746557499069,0.6417538614848031,2355.24393324686,2030.81367639961,0.020289855072464613,0.1832850641290873,114.9977,113.3366,0.011244572717541423,0.02606571928220891,254.505,216.0,0.02737470776605555,0.21051851851851833,1.93,1.61,0.10362694300518127,0.3229813664596273
2022-04-01,618.13839025,348.507116964286,1745.7965852381,1613.0743554943,106.155714285714,101.985238095238,520.11,117.1702,4.754719047619047,-1.06,-2.44,4.43,-0.068,0.225,5.12,406.026886301667,2290.65980952381,2536.61746031747,113.304047619048,6.430999999999999,3.4076,3.1925,3.408,6.01,528.256,3.256,2362.26077719939,117.1688,266.192,2.75,6.4283288183749105,617.198306869565,537.418366704545,335.930684161491,268.622448809524,0.03743758279832865,0.297386419149976,1672.424732,1277.757668,0.04387154281697159,0.36629709134964084,1652.71639279719,1036.29341179646,-0.02398598905151328,0.5565807300636652,112.44,65.5318181818182,-0.05589012552726791,0.6199110177469012,108.399130434783,61.4177272727273,-0.05916922316460682,0.6605179420327527,495.943,276.4,0.048729390272672424,0.8817293777134589,116.2984,112.6426,0.007496233826088661,0.04019438471768222,4.976395652173913,5.568563636363636,-0.04454561494884912,-0.14614982280709687,-0.99,-0.66,0.07070707070707072,0.606060606060606,-1.27,-0.97,0.921259842519685,1.5154639175257731,-10.26,7.33,-1.4317738791423003,-0.3956343792633016,-0.093,0.25,-0.26881720430107525,-1.272,0.131,-0.215,0.7175572519083968,-2.046511627906977,5.105,3.13,0.002938295788442735,0.635782747603834,387.665013697101,239.936143333333,0.047365307561421766,0.6922289433384416,2164.06373913043,1345.51538181818,0.058499233689045305,0.702440448082033,2487.81340579711,1919.69583333334,0.019617248788287966,0.3213642579579461,109.398913043478,92.7863581818182,0.03569628314330697,0.22112829772911935,6.344552173913043,6.518640909090909,0.01362552055957611,-0.013444659755484478,3.783956521739131,2.099047619047619,-0.09946111155795079,0.6234029038112523,3.1836521739130434,1.988,0.002779143450234889,0.6058853118712273,3.784,2.099,-0.09936575052854124,0.6236303001429251,6.01,6.01,0.0,0.0,503.052,282.0,0.05010217631576852,0.8732482269503545,3.295,2.007,-0.01183611532625195,0.6223218734429494,2403.03149131274,2009.80815637066,-0.016966366966367885,0.1753663003662964,116.2908,112.6323,0.007550038352130972,0.04027707860001084,261.472,218.1,0.018051646065353255,0.22050435580009187,2.13,1.64,0.29107981220657275,0.6768292682926831
2022-05-01,617.122967761364,344.909299603175,1838.863521,1601.22210374741,112.113636363636,109.712727272727,517.992,119.6926,4.961490476190476,-0.99,-0.24,4.95,-0.122,0.065,5.571,444.15656781746,2208.95704545455,2498.82500000001,117.850681818182,6.698957142857143,4.0343333333333335,3.828095238095238,4.034,6.01,587.939,3.784,2352.38909211565,119.6962,275.185,2.9,6.426687414624537,618.13839025,576.96794925,348.507116964286,304.297549659864,-0.010323511876745184,0.13346065385247363,1745.7965852381,1475.1532347619,0.05330915213653431,0.24655763053443414,1613.0743554943,1104.58493292694,-0.007347616497974774,0.4496142904144782,106.155714285714,68.3752380952381,0.05612436521209285,0.6396818422405464,101.985238095238,65.1609523809524,0.0757706636942177,0.6837189031754822,520.11,298.1,-0.0040722154928766185,0.7376450855417642,117.1702,111.2252,0.021527658056400112,0.07612843132671365,4.754719047619047,5.28523,0.0434876228228398,-0.061253630174945006,-1.06,-0.48,-0.0660377358490567,1.0625,-2.44,-2.29,-0.9016393442622951,-0.8951965065502183,4.43,-1.35,0.11738148984198649,-4.666666666666666,-0.068,0.009,0.7941176470588234,-14.555555555555557,0.225,0.026,-0.711111111111111,1.5,5.12,3.217,0.08808593749999982,0.7317376437674852,406.026886301667,278.447005396825,0.09390925281599127,0.5951206484856113,2290.65980952381,1583.066,-0.03566778608048504,0.3953663621444401,2536.61746031747,1936.48670634921,-0.014898762193622295,0.2903909909668094,113.304047619048,94.12142619047616,0.04012772972083689,0.2521132178733063,6.430999999999999,6.432049999999999,0.04166648155141406,0.04149643470699749,3.4076,2.23905,0.1839222130923035,0.8018058253872549,3.1925,2.1164,0.19909012939553272,0.8087768087768086,3.408,2.239,0.18368544600938974,0.8016971862438589,6.01,6.01,0.0,0.0,528.256,318.8,0.11298120608189977,0.8442252195734001,3.256,2.126,0.16216216216216228,0.779868297271872,2362.26077719939,2026.37250930778,-0.004178914190601568,0.16088679712657505,117.1688,111.2123,0.021570588757416687,0.07628562667978267,266.192,224.4,0.033783885315862294,0.22631461675579323,2.75,1.62,0.05454545454545445,0.7901234567901232
2022-06-01,621.198178125,335.717134013605,1680.241112,1322.18462139461,117.692727272727,114.675909090909,485.555,120.0269,5.0476809523809525,-0.85,-0.6,-3.0,-0.335,0.245,5.754,397.6523199,2061.02770454545,2154.40416666667,122.758863636364,6.695190476190476,4.270238095238095,4.081714285714286,4.27,6.01,665.72,3.987,2336.57766431204,120.0257,283.567,3.14,6.433258656341281,617.122967761364,537.355735397727,344.909299603175,292.523726785714,-0.026650964761303242,0.1476577907115617,1838.863521,1438.364235,-0.08626111029367689,0.16816107569582317,1601.22210374741,920.962647934837,-0.17426532003259032,0.4356549903076652,112.113636363636,73.5127272727273,0.04976282181228542,0.6009843688167744,109.712727272727,71.3772727272727,0.04523797686520359,0.6066165700821493,517.992,319.1,-0.0626206582341039,0.5216389846443121,119.6926,111.5888,0.002792988037689792,0.07561780393731254,4.961490476190476,5.028536363636364,0.017371891895004765,0.0038071890824995513,-0.99,-0.38,-0.14141414141414144,1.236842105263158,-0.24,-4.13,1.5,-0.8547215496368039,4.95,-0.92,-1.606060606060606,2.260869565217391,-0.122,-0.002,1.7459016393442623,166.5,0.065,-0.011,2.769230769230769,-23.272727272727273,5.571,3.287,0.03284868066774371,0.7505324003650744,444.15656781746,238.767026666667,-0.10470237588960374,0.6654406827084476,2208.95704545455,1595.27218181818,-0.06696795721469528,0.29195991006151334,2498.82500000001,1586.46458333334,-0.13783311489733718,0.35799071047651454,117.850681818182,95.2609086363636,0.04164746221624971,0.2886593818348664,6.698957142857143,6.425031818181818,-0.0005622765732549162,0.04204783192577377,4.0343333333333335,2.3107727272727274,0.058474286186423585,0.8479697483179196,3.828095238095238,2.166772727272728,0.06625202139569608,0.8837759190609045,4.034,2.311,0.05850272682201285,0.847684984855041,6.01,6.01,0.0,0.0,587.939,317.8,0.13229433665737433,1.094776589049717,3.784,2.206,0.053646934460888085,0.8073436083408885,2352.38909211565,2016.39625128883,-0.006721433905897745,0.15878893487257661,119.6962,111.5777,0.0027528025116920762,0.07571405397315067,275.185,228.9,0.03045950905754302,0.2388248143294014,2.9,1.52,0.08275862068965534,1.0657894736842106
2022-07-01,571.00147225,312.682041964286,1371.21065085714,902.891147870967,105.252857142857,101.918095238095,443.593,122.7609,5.368245,-0.81,-1.57,0.57,-0.195,-0.036,5.486,321.97512765873,1884.61623809524,1839.84821428572,128.452142857143,6.735155000000001,3.32965,3.4838,3.33,6.01,568.603,3.341,2405.97226411679,122.7512,274.425,2.9,6.349141565240122,621.198178125,523.5714795,335.717134013605,278.445755612245,-0.0686145856600382,0.12295495859422378,1680.241112,1451.68977904762,-0.18392030699392858,-0.05543824124964103,1322.18462139461,1010.22385393131,-0.31712172924941595,-0.10624645779512665,117.692727272727,74.4031818181818,-0.10569786611404919,0.4146284415639936,114.675909090909,72.5918181818182,-0.11125103741449549,0.40398873854935413,485.555,332.201,-0.08642069384518747,0.33531506527674515,120.0269,113.0721,0.022778227214066193,0.08568692011557233,5.0476809523809525,5.161095238095238,0.06350719283631423,0.04013678344389793,-0.85,-0.4,-0.04705882352941171,1.025,-0.6,-4.12,1.6166666666666667,-0.6189320388349515,-3.0,1.95,-1.19,-0.7076923076923077,-0.335,-0.228,-0.417910447761194,-0.14473684210526316,0.245,0.32,-1.146938775510204,-1.1125,5.754,3.339,-0.046576294751477176,0.6430068882899072,397.6523199,243.628006984127,-0.1903099477963589,0.3215850330364829,2061.02770454545,1450.59877272727,-0.08559393261000181,0.29919883673413983,2154.40416666667,1560.26458333334,-0.1460060081798097,0.17918988480471643,122.758863636364,96.22500090909088,0.046377744564690904,0.3349144364103347,6.695190476190476,6.476257142857143,0.005969139183066963,0.03997646347758188,4.270238095238095,2.360904761904762,-0.22026596041260094,0.41032796143528505,4.081714285714286,2.257285714285714,-0.1464860702785945,0.5433580153154864,4.27,2.361,-0.22014051522248235,0.41041931385006336,6.01,6.01,0.0,0.0,665.72,326.966,-0.1458826533677824,0.7390279111589582,3.987,2.267,-0.1620265864058189,0.47375385972651096,2336.57766431204,2084.91243843783,0.029699248120298227,0.15399199494417215,120.0257,113.0633,0.022707636781122753,0.0856856292006336,283.567,233.342,-0.03223929441719242,0.17606346050003863,3.14,1.32,-0.07643312101910837,1.1969696969696968
2022-08-01,576.824169554348,293.930790333851,1518.72437678261,926.324432586423,97.6430434782609,93.6926086956522,439.933,122.3262,5.140413043478261,-0.91,-0.21,4.78,-0.246,0.171,5.013,323.016768768116,1664.3292826087,1823.43931159421,135.269782608696,6.8006782608695655,3.122826086956522,3.0269565217391308,3.123,6.01,497.425,2.911,2412.27392012548,122.3178,271.526,2.9,6.3592696174694,571.00147225,504.040055590909,312.682041964286,257.020755357143,-0.05996907117734862,0.1436072153994712,1371.21065085714,1371.443997,0.10757918619816698,0.10739073568062718,902.891147870967,1077.78061255766,0.02595360999020979,-0.1405259829380484,105.252857142857,70.5881818181818,-0.07230030491492967,0.3832774972128612,101.918095238095,67.8722727272727,-0.08070683153199554,0.38042539214992677,443.593,333.324,-0.008250806482518969,0.31983595540675136,122.7609,113.4124,-0.0035410297578464256,0.07859634396238846,5.368245,5.248695454545454,-0.042440677823336936,-0.020630347484424827,-0.81,-0.49,0.12345679012345667,0.8571428571428572,-1.57,-2.29,-0.8662420382165605,-0.9082969432314411,0.57,4.6,7.385964912280702,0.039130434782608914,-0.195,-0.099,0.2615384615384615,1.4848484848484849,-0.036,0.145,-5.750000000000001,0.17931034482758634,5.486,3.35,-0.08621946773605538,0.49641791044776107,321.97512765873,274.87603,0.0032351601720306267,0.17513618327547853,1884.61623809524,1481.32221818182,-0.1168869030382449,0.1235430497029224,1839.84821428572,1678.71041666667,-0.008918617614268931,0.08621433064966677,128.452142857143,97.2072718181818,0.05307532906738022,0.3915603234057119,6.735155000000001,6.476790909090909,0.009728545351898266,0.05000738117453274,3.32965,2.336090909090909,-0.062115811885176564,0.3367742131969389,3.4838,2.2352727272727275,-0.1311336696311124,0.3541777183638537,3.33,2.336,-0.06216216216216208,0.33690068493150704,6.01,6.01,0.0,0.0,568.603,322.279,-0.12518048620918276,0.543460790184902,3.341,2.229,-0.12870398084405865,0.3059668012561687,2405.97226411679,2051.97196384696,0.002619172341541187,0.17558814770696918,122.7512,113.4025,-0.003530719047960318,0.07861643261832851,274.425,234.559,-0.010563906349640106,0.15760213848114968,2.9,1.28,0.0,1.265625
2022-09-01,537.551980159091,312.546127891156,1509.292873,794.488878874876,90.6081818181818,84.4,437.749,125.5999,5.243566666666667,-1.01,2.2,3.92,-0.322,0.227,4.993,346.322181071428,1376.40195454545,1578.27708333334,143.4175,7.019514285714285,3.884238095238096,2.642428571428572,3.884,6.01,548.658,2.447,2452.088928544,125.5946,269.539,3.52,6.28888401962428,576.824169554348,469.44013575,293.930790333851,235.815603571429,0.06333238357288606,0.3253835758009338,1518.72437678261,1261.38908028571,-0.006210148415863648,0.19653237576635663,926.324432586423,1105.97830115752,-0.14232114481040326,-0.2816415312638939,97.6430434782609,74.7495454545454,-0.07204672662262246,0.21215696051663513,93.6926086956522,71.535,-0.09918187597741013,0.17984203536730292,439.933,343.919,-0.004964392305191856,0.2728258688819172,122.3262,113.4532,0.026762050975179585,0.10706352927903318,5.140413043478261,5.278995238095239,0.020067185713661617,-0.0067112338296699825,-0.91,-0.67,0.10989010989010994,0.5074626865671641,-0.21,1.31,-11.476190476190478,0.6793893129770994,4.78,2.07,-0.17991631799163188,0.8937198067632852,-0.246,-0.058,0.30894308943089444,4.551724137931035,0.171,0.136,0.32748538011695905,0.6691176470588234,5.013,3.384,-0.003989626969878257,0.4754728132387709,323.016768768116,269.733507301587,0.07214923358992009,0.28394200830306127,1664.3292826087,1623.43097727273,-0.17299901592306743,-0.1521647832187324,1823.43931159421,1601.20208333334,-0.13445044576039544,-0.014317368331344671,135.269782608696,98.2824995454545,0.060233092965584545,0.45923740913478794,6.8006782608695655,6.456300000000001,0.032178558733454654,0.08723483817577948,3.122826086956522,2.249857142857143,0.24382145757711382,0.7264376574174023,3.0269565217391308,2.283857142857143,-0.1270345138917388,0.15700256458372452,3.123,2.25,0.24367595260967012,0.7262222222222221,6.01,6.01,0.0,0.0,497.425,334.175,0.10299643162285776,0.6418283833320866,2.911,2.164,-0.1593953967708691,0.13077634011090566,2412.27392012548,2079.64196250329,0.016505177163482765,0.17909186906018726,122.3178,113.4437,0.02678923263825861,0.10710951776079236,271.526,237.224,-0.007317899574994735,0.13622146157218484,2.9,1.37,0.21379310344827585,1.5693430656934306
2022-10-01,507.5442275,343.553283333333,1548.02117485714,796.676318197842,93.7185714285714,87.2866666666667,448.751,127.4828,5.252105,-0.99,2.8,0.95,-0.691,0.342,5.211,353.712907166667,1381.27185714286,1627.12916666667,152.262857142857,7.190185,3.2267,3.0128,3.227,6.01,605.641,2.708,2514.56080003792,127.4806,266.225,3.98,6.231552188107567,537.551980159091,452.02187225,312.546127891156,239.60245085034,0.0992082533589258,0.43384711681402033,1509.292873,1347.61071866667,0.02565989845308181,0.1487153919262061,794.488878874876,1238.17285657319,0.002753266132640819,-0.35657100382352847,90.6081818181818,83.8652380952381,0.03432791110002653,0.11749007761885522,84.4,81.3642857142857,0.03420221169036375,0.07278845872472495,437.749,371.464,0.025133124233293502,0.20806053884091047,125.5999,114.0758,0.014991253973928309,0.11752711793386506,5.243566666666667,5.54163,0.0016283445746214653,-0.05224545846619122,-1.01,-0.81,-0.01980198019801982,0.2222222222222221,2.2,1.83,0.2727272727272725,0.5300546448087431,3.92,0.22,-0.7576530612244898,3.3181818181818183,-0.322,-0.091,1.1459627329192545,6.593406593406593,0.227,0.022,0.5066079295154187,14.545454545454547,4.993,3.612,0.04366112557580615,0.4426910299003324,346.322181071428,294.036818253968,0.021340608540793005,0.20295447783398002,1376.40195454545,1755.89271428571,0.003538139844489141,-0.21335065297269273,1578.27708333334,1735.49007936508,0.030952792668163198,-0.06243822075782379,143.4175,99.22214285714291,0.06167557754707076,0.5345652972046828,7.019514285714285,6.41721,0.024313749832100662,0.12045343692975607,3.884238095238096,2.5348571428571427,-0.16928367394475852,0.27293169522092,2.642428571428572,2.500238095238095,0.14016326971941373,0.2050052375964193,3.884,2.535,-0.16915550978372818,0.2729783037475344,6.01,6.01,0.0,0.0,548.658,374.107,0.10385887018871487,0.6188978019657476,2.447,2.42,0.10666121781773596,0.1190082644628101,2452.088928544,2233.88704193671,0.025477000759109858,0.12564366632337642,125.5946,114.0635,0.015016569183706974,0.11762833860086697,269.539,243.292,-0.012295066762138207,0.09426121697384215,3.52,1.58,0.13068181818181812,1.5189873417721516
2022-11-01,529.748119329545,320.929682857143,1656.100523,875.659936221517,90.9386363636364,84.0763636363636,454.928,124.8627,5.26803,-0.92,2.2,-4.95,-0.269,0.134,5.255,344.329860728333,1350.83268181818,1617.57708333334,162.173863636364,7.18118,2.85405,2.85195,2.854,6.01,585.306,2.525,2614.59526985894,124.8527,262.822,3.89,6.2742875571565415,507.5442275,454.57643425,343.553283333333,248.767746071429,-0.06585179526355867,0.2900775439151748,1548.02117485714,1305.90140790476,0.06981774532433915,0.26816658055152387,796.676318197842,1279.64081229113,0.09914141567850732,-0.3156986493313748,93.7185714285714,80.8904545454545,-0.029662584721041663,0.12421962362117234,87.2866666666667,79.0954545454546,-0.03677884782291807,0.06297339233377275,448.751,401.712,0.013764871833154668,0.13247301549368706,127.4828,115.0036,-0.020552576504438202,0.08572862066926601,5.252105,5.56676,0.0030321175985628113,-0.05366317211447946,-0.99,-0.98,-0.07070707070707061,-0.061224489795918324,2.8,3.18,-0.2142857142857142,-0.30817610062893075,0.95,3.55,-6.210526315789474,-2.394366197183099,-0.691,0.069,-0.6107091172214182,-4.898550724637682,0.342,-0.034,-0.6081871345029239,-4.9411764705882355,5.211,3.727,0.008443676837459169,0.40998121813791255,353.712907166667,317.437354813333,-0.026527294447620364,0.08471752144864597,1381.27185714286,1816.90036363636,-0.022037063281404312,-0.25651801889972004,1627.12916666667,1746.12083333334,-0.005870513250585074,-0.07361675523601097,152.262857142857,100.318864545455,0.06509142596876538,0.6165839233844415,7.190185,6.38893,-0.001252401711499651,0.12400354989020079,3.2267,2.53045,-0.11548950940589464,0.12788239245983912,3.0128,2.39015,-0.05338887413701543,0.1932096311946947,3.227,2.53,-0.11558723272389204,0.12806324110671952,6.01,6.01,0.0,0.0,605.641,366.731,-0.03357599634106656,0.5960090638642495,2.708,2.294,-0.06757754800590854,0.10069747166521359,2514.56080003792,2309.34687198359,0.039782084338350954,0.1321795359452258,127.4806,114.9898,-0.02061411697152349,0.08577195542561156,266.225,246.079,-0.01278242088459014,0.06803912564664194,3.98,1.56,-0.022613065326633097,1.4935897435897436
2022-12-01,541.831786125,302.235405102041,1438.905369,887.10700458863,81.5031818181818,76.5818181818182,423.159,122.2476,5.245442857142858,-0.83,1.61,6.9,-0.092,0.091,4.714,323.654838134921,1215.65729545455,1512.77708333334,172.623409090909,6.971695238095238,2.248904761904762,2.366190476190476,2.249,6.01,419.191,2.228,2530.7068612342,122.2343,256.798,3.62,6.296799485798492,529.748119329545,473.8100115,320.929682857143,264.573146768707,-0.0582503855320341,0.14235102387869625,1656.100523,1216.078413,-0.13114853294445827,0.18323403624137846,875.659936221517,1207.46390510091,0.013072504397662943,-0.2653138525788953,90.9386363636364,74.6782608695652,-0.10375627920925756,0.09139100012702728,84.0763636363636,71.8021739130435,-0.08913974309069606,0.06656684621503417,454.928,436.361,-0.06983302852319484,-0.030254766122545296,124.8627,115.8172,-0.020943804675055078,0.05552197773733103,5.26803,5.65487619047619,-0.004287588122532049,-0.07240358931693158,-0.92,-0.98,-0.09782608695652184,-0.15306122448979598,2.2,2.69,-0.2681818181818182,-0.4014869888475836,-4.95,-1.2,-2.393939393939394,-6.750000000000001,-0.269,-0.12,-0.6579925650557621,-0.23333333333333328,0.134,0.244,-0.32089552238805974,-0.6270491803278688,5.255,3.641,-0.10294957183634623,0.29469925844548217,344.329860728333,324.017900555555,-0.06004423360111666,-0.0011205011204982185,1350.83268181818,1813.82706521739,-0.10006819362830932,-0.3297832418721509,1617.57708333334,1685.60452898551,-0.0647882571283952,-0.10253143170906587,162.173863636364,101.921304347826,0.06443421412204642,0.6936930918956701,7.18118,6.369285714285714,-0.029171356504747448,0.09458038951814896,2.85405,2.3147272727272727,-0.2120303561939132,-0.028436400088273417,2.85195,2.202772727272728,-0.17032539974737426,0.07418729444688399,2.854,2.315,-0.21198318149964956,-0.02850971922246215,6.01,6.01,0.0,0.0,585.306,346.234,-0.2838088111176036,0.21071587423534366,2.525,2.135,-0.1176237623762375,0.04355971896955513,2614.59526985894,2282.03969594595,-0.032084663195028895,0.10896706386396704,124.8527,115.8045,-0.020971913302635814,0.05552288555280671,262.822,243.197,-0.022920455669616757,0.055925854348532145,3.89,1.47,-0.06940874035989719,1.4625850340136055
2023-01-01,555.506288113636,302.839988392857,1380.523023,903.28692399913,84.0818181818182,78.2513636363636,404.902,119.8133,5.192175000000001,-0.68,1.29,-2.19,0.109,-0.193,4.576,320.097045125,1184.52965909091,1488.4875,182.24477272727296,6.790405,2.571,2.5927,2.571,6.01,449.169,2.485,2401.14099451013,119.8101,260.405,3.53,6.321678470047334,541.831786125,514.4485437,302.235405102041,276.719178214286,0.0020003721622616766,0.09439465073267717,1438.905369,1336.0327893,-0.040574138687504036,0.033300255844252113,887.10700458863,1293.59521574041,0.018238971540984306,-0.3017236667173979,81.5031818181818,85.6223809523809,0.03163847479462656,-0.017992524307627877,76.5818181818182,83.277619047619,0.021800807217473128,-0.06035541684232504,423.159,445.221,-0.04314453905033333,-0.09055951987889166,122.2476,115.0507,-0.019912865365046106,0.041395662955549195,5.245442857142858,5.530044999999999,-0.010155073383426694,-0.06109715201232513,-0.83,-0.97,-0.18072289156626498,-0.2989690721649484,1.61,2.97,-0.19875776397515532,-0.5656565656565657,6.9,2.91,-1.317391304347826,-1.7525773195876289,-0.092,-0.056,-2.1847826086956523,-2.946428571428571,0.091,0.296,-3.120879120879121,-1.6520270270270272,4.714,3.724,-0.029274501484938598,0.2287862513426422,323.654838134921,326.081669833333,-0.01099255314835701,-0.018353146656148622,1215.65729545455,1829.99882857143,-0.025605601578692405,-0.35271561894080505,1512.77708333334,1703.46785714286,-0.01605628720909691,-0.12620159296896616,172.623409090909,103.985238095238,0.055736146603946546,0.7526023507332706,6.971695238095238,6.35557,-0.026003752588698803,0.06841793891027859,2.248904761904762,2.54755,0.14322315624536808,0.009204922376400804,2.366190476190476,2.44925,0.09572751056550621,0.058568949678472926,2.249,2.548,0.14317474433081379,0.009026687598116201,6.01,6.01,0.0,0.0,419.191,365.449,0.07151393994622968,0.22908805332618232,2.228,2.402,0.11535008976660666,0.03455453788509555,2530.7068612342,2374.22392098731,-0.05119750086775443,0.011337209302324958,122.2343,115.0373,-0.019832403834275647,0.04148915177946644,256.798,248.353,0.014046059548750156,0.04852770049083355,3.62,1.76,-0.024861878453038777,1.005681818181818
2023-02-01,561.2921682375,298.245303383459,1340.8388609,902.161131806761,83.6325,77.0275,378.95,120.3366,5.180815789473685,-0.43,0.11,-0.18,0.157,-0.213,4.413,332.412023436842,1157.30044,1428.09104166667,192.02075,6.838042105263158,2.9068947368421054,2.532368421052632,2.907,6.01,435.578,2.428,2601.63868318653,120.3084,259.21,3.75,6.332021587115618,555.506288113636,583.693013289474,302.839988392857,292.671593045113,-0.015171989121323004,0.019044247787610935,1380.523023,1477.37387831579,-0.028745744503240966,-0.09241737614275425,903.28692399913,1458.06977711168,-0.0012463284505268568,-0.3812634031864577,84.0818181818182,94.267,-0.005343820953616962,-0.11281254309567512,78.2513636363636,91.608,-0.015640157301934465,-0.15916186359269935,404.902,457.52,-0.06409452163733442,-0.1717301975869907,119.8133,115.0057,0.00436762863555229,0.046353354659812496,5.192175000000001,5.1984,-0.0021877557143810122,-0.0033826197534464475,-0.68,-0.93,-0.36764705882352944,-0.5376344086021505,1.29,2.1,-0.9147286821705426,-0.9476190476190476,-2.19,-5.46,-0.9178082191780822,-0.967032967032967,0.109,-0.083,0.44036697247706424,-2.891566265060241,-0.193,0.119,0.10362694300518127,-2.7899159663865545,4.576,4.032,-0.035620629370629264,0.09449404761904767,320.097045125,347.5032275,0.03847263978032944,-0.04342752201677891,1184.52965909091,1731.73035,-0.022987367924419466,-0.33170863466127976,1488.4875,1829.76979166667,-0.040575724239088284,-0.21952420016406848,182.24477272727296,106.3645,0.05364201741663477,0.8053086321093972,6.790405,6.343552631578947,0.007015355529332634,0.07795150484329305,2.571,2.817842105263158,0.1306475055784151,0.031603130428286,2.5927,2.7388947368421053,-0.023269787845631162,-0.07540498472299617,2.571,2.818,0.13068844807467905,0.031582682753726,6.01,6.01,0.0,0.0,449.169,415.354,-0.03025809884475561,0.04869099611415795,2.485,2.687,-0.02293762575452718,-0.09639002605135838,2401.14099451013,2355.24393324686,0.0835010060362178,0.10461538461538411,119.8101,114.9977,0.0041590817468644126,0.04618092361847248,260.405,254.505,-0.0045890055874503455,0.018486866662737356,3.53,1.93,0.062322946175637384,0.9430051813471503
2023-03-01,547.225521652174,284.957404968944,1249.54027478261,910.155527014026,79.2565217391304,73.3482608695652,358.582,120.8071,5.208626086956522,-0.15,1.02,8.31,0.415,-0.284,4.211,309.429599855072,1018.16141304348,1282.80326086957,205.18,6.890930434782609,2.756478260869565,2.514521739130435,2.756,6.01,406.306,2.628,2582.83874276061,120.745,257.045,3.66,6.30668673815199,561.2921682375,617.198306869565,298.245303383459,335.930684161491,-0.044553588149653156,-0.15173749108325807,1340.8388609,1672.424732,-0.06809064741464055,-0.25285709373101406,902.161131806761,1652.71639279719,0.008861382878748714,-0.44929721095486586,83.6325,112.44,-0.05232389634256529,-0.29512164942075414,77.0275,108.399130434783,-0.047765267345231344,-0.32335009907026635,378.95,495.943,-0.053748515635308025,-0.27696932913661443,120.3366,116.2984,0.003909866158757991,0.038768375145315837,5.180815789473685,4.976395652173913,0.005367937910346399,0.04666639291053154,-0.43,-0.99,-0.6511627906976745,-0.8484848484848485,0.11,-1.27,8.272727272727273,-1.8031496062992125,-0.18,-10.26,-47.16666666666667,-1.8099415204678362,0.157,-0.093,1.643312101910828,-5.462365591397849,-0.213,0.131,0.33333333333333326,-3.1679389312977095,4.413,5.105,-0.045773849988669846,-0.17512242899118513,332.412023436842,387.665013697101,-0.06913836432314435,-0.2018119022294791,1157.30044,2164.06373913043,-0.12022723067185559,-0.5295141290743126,1428.09104166667,2487.81340579711,-0.10173565729222711,-0.4843651626442811,192.02075,109.398913043478,0.0685303541414144,0.8755213766928021,6.838042105263158,6.344552173913043,0.007734425834954095,0.08611770317156742,2.9068947368421054,3.783956521739131,-0.051744727480550146,-0.27153542990428714,2.532368421052632,3.1836521739130434,-0.007047427133362594,-0.21017699115044242,2.907,3.784,-0.05194358445132452,-0.2716701902748414,6.01,6.01,0.0,0.0,435.578,503.052,-0.06720265945479342,-0.19231809037634284,2.428,3.295,0.08237232289950591,-0.20242792109256447,2601.63868318653,2403.03149131274,-0.007226191917969915,0.07482517482517226,120.3084,116.2908,0.003629006785893507,0.03830225606840787,259.21,261.472,-0.008352301222946501,-0.01693106718883841,3.75,2.13,-0.02399999999999991,0.7183098591549297
2023-04-01,546.87485895,291.179744924812,1189.3594207,934.809681844592,83.536,79.1265,346.91,119.3744,5.021520000000001,0.16,1.12,4.16,0.56,-0.148,4.099,312.81082437193,995.41132,1267.77979166667,216.027,6.887565,2.799315789473684,2.765315789473684,2.799,6.01,387.167,2.715,2474.57629253137,119.2451,256.747,3.46,6.3060469012897045,547.225521652174,618.13839025,284.957404968944,348.507116964286,0.02183603530691247,-0.16449412149407772,1249.54027478261,1745.7965852381,-0.04816239644062681,-0.31872966715776363,910.155527014026,1613.0743554943,0.027087848283962712,-0.4204794846185904,79.2565217391304,106.155714285714,0.05399528224258088,-0.21308051514621162,73.3482608695652,101.985238095238,0.07877813409523382,-0.22413771367471425,358.582,520.11,-0.03255043476805852,-0.33300647939858874,120.8071,117.1702,-0.011859402303341482,0.01881195047887596,5.208626086956522,4.754719047619047,-0.035922349547239274,0.05611287432736023,-0.15,-1.06,-2.0666666666666664,-1.150943396226415,1.02,-2.44,0.0980392156862746,-1.459016393442623,8.31,4.43,-0.4993983152827919,-0.06094808126410822,0.415,-0.068,0.3493975903614459,-9.23529411764706,-0.284,0.225,-0.47887323943661975,-1.6577777777777776,4.211,5.12,-0.026597007836618447,-0.19941406249999993,309.429599855072,406.026886301667,0.010927282064940202,-0.22958100824012917,1018.16141304348,2290.65980952381,-0.022344289178545473,-0.5654477736670425,1282.80326086957,2536.61746031747,-0.011711436711437817,-0.500208521190262,205.18,113.304047619048,0.05286577639146106,0.9066132635113628,6.890930434782609,6.430999999999999,-0.0004883861206349538,0.07099440211475683,2.756478260869565,3.4076,0.015540673478994016,-0.17850810263127004,2.514521739130435,3.1925,0.09973827087690168,-0.13380867988294942,2.756,3.408,0.01560232220609592,-0.1786971830985915,6.01,6.01,0.0,0.0,406.306,528.256,-0.04710489138727958,-0.26708451962684765,2.628,3.256,0.0331050228310501,-0.16615479115479115,2582.83874276061,2362.26077719939,-0.041916070266750705,0.047545773276199244,120.745,117.1688,-0.012422046461551317,0.017720587733253135,257.045,266.192,-0.0011593300783909744,-0.03548190779587668,3.66,2.75,-0.05464480874316946,0.25818181818181807
2023-05-01,508.345095619565,268.172526360544,1094.23917373913,834.628551223305,75.7473913043478,71.6734782608696,330.571,119.7956,4.981272727272727,0.48,2.28,0.23,0.443,-0.02,3.915,299.44000625,896.09582173913,1129.56648550725,230.651956521739,6.985359090909091,2.6723181818181816,2.570181818181818,2.672,6.01,363.26,2.526,2652.99717965733,119.6293,253.697,3.57,6.233125774285615,546.87485895,617.122967761364,291.179744924812,344.909299603175,-0.07901380149298809,-0.22248392064498745,1189.3594207,1838.863521,-0.0799760318919297,-0.4049372554064985,934.809681844592,1601.22210374741,-0.10716740804781444,-0.4787552899313673,83.536,112.113636363636,-0.0932365530508068,-0.32436950792797203,79.1265,109.712727272727,-0.0941912221459359,-0.34671683001096454,346.91,517.992,-0.04709867112507571,-0.36182219030409724,119.3744,119.6926,0.0035283946976907288,0.0008605377441879281,5.021520000000001,4.961490476190476,-0.008014958165510344,0.003987158934837032,0.16,-0.99,2.0,-1.4848484848484849,1.12,-0.24,1.0357142857142851,-10.5,4.16,4.95,-0.9447115384615384,-0.9535353535353536,0.56,-0.122,-0.20892857142857146,-4.631147540983607,-0.148,0.065,-0.8648648648648649,-1.3076923076923077,4.099,5.571,-0.04488899731641871,-0.2972536348949919,312.81082437193,444.15656781746,-0.0427441030813952,-0.32582330658439296,995.41132,2208.95704545455,-0.09977332612700252,-0.5943353341419388,1267.77979166667,2498.82500000001,-0.10901996314180062,-0.5479609474423996,216.027,117.850681818182,0.06769966958638984,0.9571541968470312,6.887565,6.698957142857143,0.014198645081257455,0.04275321396216536,2.799315789473684,4.0343333333333335,-0.04536737446095007,-0.3376060030195369,2.765315789473684,3.828095238095238,-0.07056480566691636,-0.3286003460403262,2.799,4.034,-0.04537334762415135,-0.3376301437778879,6.01,6.01,0.0,0.0,387.167,587.939,-0.0617485477842894,-0.38214678733678153,2.715,3.784,-0.06961325966850829,-0.33245243128964064,2474.57629253137,2352.38909211565,0.07210159075089329,0.12778842095009235,119.2451,119.6962,0.003221935324805747,-0.0005589149864406728,256.747,275.185,-0.01187939878557498,-0.07808565147082869,3.46,2.9,0.03179190751445082,0.2310344827586206
2023-06-01,526.295046613636,266.93523962585,1235.358817,769.098476597759,74.975,70.3068181818182,306.549,119.5789,4.8537333333333335,0.77,3.74,13.1,0.665,-0.064,3.802,282.27674528254,952.7645,1108.86041666667,248.109090909091,7.161366666666667,2.801619047619048,2.6591428571428573,2.802,6.01,342.988,2.571,2697.60526582792,119.297,253.77,3.75,6.2677602526247425,508.345095619565,621.198178125,268.172526360544,335.717134013605,-0.004613771408598866,-0.2048805003350458,1094.23917373913,1680.241112,0.12896599449885304,-0.26477288992795456,834.628551223305,1322.18462139461,-0.07851405817533952,-0.4183123414440174,75.7473913043478,117.692727272727,-0.010196936040270943,-0.36295978742796975,71.6734782608696,114.675909090909,-0.019067863207045344,-0.3869085604886492,330.571,485.555,-0.07266820138487662,-0.36866266437375794,119.7956,120.0269,-0.001808914517728466,-0.0037324966320049224,4.981272727272727,5.0476809523809525,-0.025603776569210646,-0.038423113678794474,0.48,-0.85,0.6041666666666667,-1.9058823529411764,2.28,-0.6,0.6403508771929827,-7.233333333333334,0.23,-3.0,55.95652173913043,-5.366666666666666,0.443,-0.335,0.5011286681715577,-2.9850746268656714,-0.02,0.245,2.2,-1.2612244897959184,3.915,5.754,-0.028863346104725407,-0.33924226624956544,299.44000625,397.6523199,-0.05731786203988576,-0.29014183708641306,896.09582173913,2061.02770454545,0.06323952961959844,-0.5377235842590831,1129.56648550725,2154.40416666667,-0.018330987247095587,-0.48530529516088083,230.651956521739,122.758863636364,0.07568604511580057,1.0211093811037477,6.985359090909091,6.695190476190476,0.025196639638273677,0.06962851798376946,2.6723181818181816,4.270238095238095,0.04838528086984506,-0.34391971006412025,2.570181818181818,4.081714285714286,0.034612741531247604,-0.34852302953940917,2.672,4.27,0.04865269461077837,-0.3437939110070257,6.01,6.01,0.0,0.0,363.26,665.72,-0.05580575896052409,-0.48478639668329027,2.526,3.987,0.017814726840855277,-0.35515425131677947,2652.99717965733,2336.57766431204,0.016814222989996352,0.1545112781954876,119.6293,120.0257,-0.002777747591936164,-0.006071199751386591,253.697,283.567,0.0002877448294620333,-0.10507922289970273,3.57,3.14,0.050420168067226934,0.19426751592356672
2023-07-01,555.11419625,235.271947278912,1498.7426687619,844.977016726366,80.1090476190476,75.7666666666667,268.307,118.4119,4.80048,1.07,3.18,2.98,0.498,-0.0,3.882,278.617600992064,1094.23945238095,1253.44126984127,265.58089047619,7.186275,2.9699,2.6999500000000003,2.97,6.01,322.199,2.719,2701.83001241037,118.0492,254.313,3.9,6.320973662100011,526.295046613636,571.00147225,266.93523962585,312.682041964286,-0.11861788046913124,-0.24756808609499759,1235.358817,1371.21065085714,0.21320433232630576,0.09300687522011297,769.098476597759,902.891147870967,0.09865906959570236,-0.06414298255239692,74.975,105.252857142857,0.06847679385191863,-0.23888956752672608,70.3068181818182,101.918095238095,0.07765745380098066,-0.2565925953613526,306.549,443.593,-0.12475003996098488,-0.39515050958874465,119.5789,122.7609,-0.009759246823645373,-0.03542658941079779,4.8537333333333335,5.368245,-0.0109716232178666,-0.1057636154832724,0.77,-0.81,0.38961038961038974,-2.3209876543209877,3.74,-1.57,-0.14973262032085566,-3.0254777070063694,13.1,0.57,-0.7725190839694657,4.228070175438597,0.665,-0.195,-0.2511278195488722,-3.5538461538461537,-0.064,-0.036,-1.0,-1.0,3.802,5.486,0.021041557075223594,-0.29238060517681363,282.27674528254,321.97512765873,-0.01296296755445947,-0.13466110560136735,952.7645,1884.61623809524,0.14848889980782243,-0.41938341065824347,1108.86041666667,1839.84821428572,0.13038688278658417,-0.31872571872572075,248.109090909091,128.452142857143,0.07041982824200832,1.0675473726549942,7.161366666666667,6.735155000000001,0.0034781536112753475,0.06697989875511401,2.801619047619048,3.32965,0.06006560832171859,-0.1080443890499001,2.6591428571428573,3.4838,0.015345976146986295,-0.2249985647855789,2.802,3.33,0.05995717344753748,-0.10810810810810811,6.01,6.01,0.0,0.0,342.988,568.603,-0.06061144996326395,-0.4333498064554706,2.571,3.341,0.057565149747179856,-0.18617180484884777,2697.60526582792,2405.97226411679,0.001566109999845855,0.12296806272710148,119.297,122.7512,-0.010459609210625609,-0.03830512451202106,253.77,274.425,0.0021397328289394224,-0.07328778354741738,3.75,2.9,0.040000000000000036,0.3448275862068966
2023-08-01,510.150329576087,207.675888664596,1469.94476295652,823.608174534713,85.1682608695652,81.3726086956522,276.376,120.2177,4.901226086956521,1.32,2.95,5.36,0.825,-0.075,4.37,241.413877753623,1034.2192,1182.03768115942,323.33264347826093,7.248621739130435,3.276434782608696,2.8741304347826087,3.276,6.01,428.045,2.829,2535.36626749517,119.8563,259.364,4.17,6.236663733976536,555.11419625,576.824169554348,235.271947278912,293.930790333851,-0.11729430105664584,-0.29345310020527415,1498.7426687619,1518.72437678261,-0.019214710040363125,-0.03211880613217577,844.977016726366,926.324432586423,-0.025289258487101396,-0.11088583485260373,80.1090476190476,97.6430434782609,0.0631540806049311,-0.12775905138058374,75.7666666666667,93.6926086956522,0.07398955603588431,-0.13149383042604623,268.307,439.933,0.030073758791235194,-0.37177706605324,118.4119,122.3262,0.015250156445424823,-0.017236699905662123,4.80048,5.140413043478261,0.020986669448997075,-0.046530688195416614,1.07,-0.91,0.23364485981308403,-2.4505494505494507,3.18,-0.21,-0.07232704402515722,-15.04761904761905,2.98,4.78,0.7986577181208054,0.12133891213389125,0.498,-0.246,0.6566265060240963,-4.353658536585366,-0.0,0.171,0.0,-1.4385964912280702,3.882,5.013,0.12570839773312725,-0.12826650708158782,278.617600992064,323.016768768116,-0.13352969484329413,-0.25262741412992473,1094.23945238095,1664.3292826087,-0.0548511134837556,-0.37859700552828945,1253.44126984127,1823.43931159421,-0.05696604252618265,-0.3517537580529734,265.58089047619,135.269782608696,0.21745447459913736,1.3902799076242105,7.186275,6.8006782608695655,0.008675807581874473,0.06586747101951462,2.9699,3.122826086956522,0.10321383972817144,0.04918900104420487,2.6999500000000003,3.0269565217391308,0.06451246681701828,-0.050488365412238,2.97,3.123,0.1030303030303028,0.04899135446685876,6.01,6.01,0.0,0.0,322.199,497.425,0.32851126167368605,-0.13947831331356486,2.719,2.911,0.040456050018389256,-0.028169014084507005,2701.83001241037,2412.27392012548,-0.06161147968250347,0.05102751654475757,118.0492,122.3178,0.015308024111980512,-0.02012380863619201,254.313,271.526,0.019861351956054207,-0.044791290705126,3.9,2.9,0.0692307692307692,0.4379310344827587
2023-09-01,487.151474,223.847666428571,1373.257798,790.712155888081,92.6733333333333,89.2409523809524,277.229,121.9827,4.938665,1.56,5.72,7.35,0.946,-0.216,4.563,229.390711,1025.83661904762,1084.46686507936,350.00595714285697,7.29794,3.7798,2.8935,3.78,6.01,446.947,2.625,2549.52998957184,121.6455,261.03,4.38,6.19062575523078,510.150329576087,537.551980159091,207.675888664596,312.546127891156,0.07787027116129508,-0.2837931861804226,1469.94476295652,1509.292873,-0.06577591715899045,-0.09013166194153222,823.608174534713,794.488878874876,-0.039941345488971325,-0.004753651167708539,85.1682608695652,90.6081818181818,0.08812053207546522,0.022792108545953704,81.3726086956522,84.4,0.09669523702661631,0.05735725569848804,276.376,437.749,0.003086375083219961,-0.3666941557833371,120.2177,125.5999,0.014681698285693434,-0.02879938598677234,4.901226086956521,5.243566666666667,0.007638683133412982,-0.05814776201949057,1.32,-1.01,0.18181818181818188,-2.5445544554455446,2.95,2.2,0.9389830508474575,1.5999999999999996,5.36,3.92,0.37126865671641784,0.875,0.825,-0.322,0.14666666666666672,-3.9378881987577636,-0.075,0.227,1.88,-1.9515418502202642,4.37,4.993,0.04416475972540046,-0.08612056879631491,241.413877753623,346.322181071428,-0.04980313006650494,-0.33763783107877576,1034.2192,1376.40195454545,-0.008105226582894698,-0.2546969178154085,1182.03768115942,1578.27708333334,-0.08254459027427619,-0.31287929316634744,323.33264347826093,143.4175,0.08249496053864847,1.4404689605024283,7.248621739130435,7.019514285714285,0.0068038121789868455,0.03966452705315393,3.276434782608696,3.884238095238096,0.15363199660288207,-0.0268876656572965,2.8741304347826087,2.642428571428572,0.006739278420694328,0.09501540790398422,3.276,3.884,0.15384615384615397,-0.026776519052523207,6.01,6.01,0.0,0.0,428.045,548.658,0.044158908525972596,-0.18538142157774062,2.829,2.447,-0.07211028632025451,0.0727421332243563,2535.36626749517,2452.088928544,0.005586459936087529,0.039737980092630076,119.8563,125.5946,0.014927876131667572,-0.03144323083954248,259.364,269.539,0.006423404944402522,-0.03156871547345663,4.17,3.52,0.050359712230215736,0.24431818181818188
2023-10-01,471.931072295454,221.90251875,1205.155523,767.48133500497,88.9477272727273,85.4690909090909,295.916,123.7914,5.055871428571429,1.78,5.51,5.72,0.804,-0.02,4.507,216.463939126984,1093.59254545455,1103.675,350.02614090909105,7.307109523809523,2.6354761904761905,2.5236666666666667,2.635,6.01,407.772,2.274,2407.28988310043,123.4971,256.993,4.8,6.158949653339158,487.151474,507.5442275,223.847666428571,343.553283333333,-0.00868960445112199,-0.35409577053962016,1373.257798,1548.02117485714,-0.1224113019746349,-0.22148640950520704,790.712155888081,796.676318197842,-0.029379617740945885,-0.036645978455734474,92.6733333333333,93.7185714285714,-0.04020148975547799,-0.05090606998294078,89.2409523809524,87.2866666666667,-0.04226603785849514,-0.02082306298299641,277.229,448.751,0.06740636802066158,-0.3405786282370401,121.9827,127.4828,0.01482751242594249,-0.028956063092432927,4.938665,5.252105,0.023732411202506798,-0.03736284240862886,1.56,-0.99,0.14102564102564097,-2.797979797979798,5.72,2.8,-0.036713286713286664,0.967857142857143,7.35,0.95,-0.22176870748299315,5.021052631578947,0.946,-0.691,-0.15010570824524305,-2.1635311143270624,-0.216,0.342,-0.9074074074074074,-1.0584795321637426,4.563,5.211,-0.012272627657243018,-0.1350988293993477,229.390711,353.712907166667,-0.05635263876494112,-0.38802363515395344,1025.83661904762,1381.27185714286,0.06604943238411032,-0.20827131907499397,1084.46686507936,1627.12916666667,0.017712053303937658,-0.3217041261321718,350.00595714285697,152.262857142857,5.7666922011367916e-05,1.2988281415255947,7.29794,7.190185,0.001256453712900285,0.016261685034463458,3.7798,3.2267,-0.3027471849102623,-0.18322862662280648,2.8935,3.0128,-0.12781521801739526,-0.16235174367144622,3.78,3.227,-0.3029100529100529,-0.18345212271459566,6.01,6.01,0.0,0.0,446.947,605.641,-0.08765021355999703,-0.3267100477015261,2.625,2.708,-0.13371428571428567,-0.1602658788774003,2549.52998957184,2514.56080003792,-0.0557907171334342,-0.04265990185477819,121.6455,127.4806,0.015221278222375734,-0.031247891836091113,261.03,266.225,-0.01546565528866406,-0.034677434500892224,4.38,3.98,0.09589041095890405,0.20603015075376874
2023-11-01,494.348904715909,209.040296830357,1141.09127,795.987930507008,82.1863636363636,77.5754545454545,302.036,121.5369,4.898025,1.92,4.0,-2.99,0.92,-0.083,4.254,216.000269047619,1036.68045454545,1146.25,353.6579954545449,7.222589999999999,2.52404761904762,2.3057142857142856,2.524,6.01,393.711,2.201,2603.61511166198,121.2221,253.969,4.5,6.205262372284888,471.931072295454,529.748119329545,221.90251875,320.929682857143,-0.057963388573042174,-0.3486414376840047,1205.155523,1656.100523,-0.05315849429999253,-0.31097704870418674,767.48133500497,875.659936221517,0.03714304726622886,-0.0909850986883044,88.9477272727273,90.9386363636364,-0.07601502414594963,-0.09624372079074384,85.4690909090909,84.0763636363636,-0.09235662014976209,-0.07732148263483418,295.916,454.928,0.020681544762702897,-0.33607955544613655,123.7914,124.8627,-0.018212089046573454,-0.026635656605215163,5.055871428571429,5.26803,-0.031220419823063006,-0.07023593259719496,1.78,-0.92,0.0786516853932584,-3.0869565217391304,5.51,2.2,-0.27404718693284935,0.8181818181818181,5.72,-4.95,-1.522727272727273,-0.39595959595959596,0.804,-0.269,0.14427860696517403,-4.420074349442379,-0.02,0.134,3.1500000000000004,-1.6194029850746268,4.507,5.255,-0.05613490126469933,-0.19048525214081835,216.463939126984,344.329860728333,-0.0021420199652423255,-0.3726937635012799,1093.59254545455,1350.83268181818,-0.0520414034876624,-0.23256190903664742,1103.675,1617.57708333334,0.03857566765578646,-0.2913784376581774,350.02614090909105,162.173863636364,0.010375952310365033,1.1807336122147163,7.307109523809523,7.18118,-0.011566752015160775,0.005766461779261878,2.6354761904761905,2.85405,-0.04228024211762538,-0.11562599847668398,2.5236666666666667,2.85195,-0.08636337905919211,-0.19153060687800083,2.635,2.854,-0.04212523719165073,-0.11562718990889986,6.01,6.01,0.0,0.0,407.772,585.306,-0.03448250492922511,-0.3273415956781581,2.274,2.525,-0.032102022867194324,-0.1283168316831682,2407.28988310043,2614.59526985894,0.08155446086480289,-0.004199563245424365,123.4971,124.8527,-0.01842148520086706,-0.029079066772284445,256.993,262.822,-0.011766857463043734,-0.03368439476147356,4.8,3.89,-0.0625,0.15681233933161942
2023-12-01,481.48682025,207.397968890977,1095.37069609524,783.343965701014,77.5409523809524,72.0195238095238,314.204,120.1585,4.8998,1.95,2.58,0.39,0.851,0.16,3.972,229.633412587719,978.854761904762,1141.36349206349,636.502395238095,7.140210000000001,2.3202,2.22595,2.32,6.01,342.052,2.105,2338.33448962355,119.8331,250.571,4.02,6.178953604861923,494.348904715909,541.831786125,209.040296830357,302.235405102041,-0.007856513620973171,-0.3137866530860105,1141.09127,1438.905369,-0.04006741187736884,-0.23874723126754838,795.987930507008,887.10700458863,-0.015884618750362622,-0.1169678949110915,82.1863636363636,81.5031818181818,-0.0565228956468371,-0.04861441417180967,77.5754545454545,76.5818181818182,-0.0716196994073075,-0.05957411929634193,302.036,423.159,0.04028658835370624,-0.2574800488705191,121.5369,122.2476,-0.011341411538388746,-0.017089088047536283,4.898025,5.245442857142858,0.00036239096370471735,-0.06589393242025066,1.92,-0.83,0.015625,-3.3493975903614457,4.0,1.61,-0.355,0.6024844720496894,-2.99,6.9,-1.1304347826086956,-0.9434782608695652,0.92,-0.092,-0.07500000000000007,-10.25,-0.083,0.091,-2.927710843373494,0.7582417582417584,4.254,4.714,-0.06629055007052176,-0.1574034789987273,216.000269047619,323.654838134921,0.06311632666112299,-0.2904990578512767,1036.68045454545,1215.65729545455,-0.05577966902640474,-0.19479382424241898,1146.25,1512.77708333334,-0.00426303854875465,-0.24551772720634824,353.6579954545449,172.623409090909,0.7997681472463802,2.687231057422186,7.222589999999999,6.971695238095238,-0.011405880715920302,0.02417127486926729,2.52404761904762,2.248904761904762,-0.080762192246015,0.03170220424757009,2.3057142857142856,2.366190476190476,-0.03459417596034686,-0.05926846447977452,2.524,2.249,-0.08082408874801905,0.03156958648288111,6.01,6.01,0.0,0.0,393.711,419.191,-0.1312104564007609,-0.1840187408603714,2.201,2.228,-0.04361653793730125,-0.055206463195691335,2603.61511166198,2530.7068612342,-0.10188933873144257,-0.0760152724748342,121.2221,122.2343,-0.011458306694901332,-0.019644240610041552,253.969,256.798,-0.013379585697467,-0.02424863121986931,4.5,3.62,-0.1066666666666668,0.11049723756906071
2024-01-01,452.626469673913,198.757928528912,1045.04739182609,815.364421600749,79.11,74.0030434782609,313.687,120.5769,4.918242857142857,1.78,3.96,0.39,0.765,0.384,3.854,226.078531904762,932.879430434783,1142.09692028986,817.922826086957,7.170704761904762,2.274285714285714,2.243619047619048,2.274,6.01,327.029,2.16,2511.41997466216,120.2274,252.604,4.06,6.117274105371277,481.48682025,555.506288113636,207.397968890977,302.839988392857,-0.041659233252215766,-0.34368664592908804,1095.37069609524,1380.523023,-0.04594180257746683,-0.24300618358750103,783.343965701014,903.28692399913,0.04087662291631999,-0.09733618417625367,77.5409523809524,84.0818181818182,0.020235083151145528,-0.05913071683425264,72.0195238095238,78.2513636363636,0.02754141604689142,-0.05429068530798731,314.204,404.902,-0.0016454278112308929,-0.22527673362937195,120.1585,119.8133,0.003482067435928382,0.006373249046641716,4.8998,5.192175000000001,0.0037640020292373233,-0.052758649863909324,1.95,-0.68,-0.08717948717948709,-3.6176470588235294,2.58,1.29,0.5348837209302324,2.069767441860465,0.39,-2.19,0.0,-1.178082191780822,0.851,0.109,-0.10105757931844883,6.018348623853211,0.16,-0.193,1.4,-2.989637305699482,3.972,4.576,-0.029707955689828758,-0.1577797202797202,229.633412587719,320.097045125,-0.015480676975085372,-0.29371877888945574,978.854761904762,1184.52965909091,-0.046968491403683976,-0.21244738510748706,1141.36349206349,1488.4875,0.000642589526886006,-0.2327131263850989,636.502395238095,182.24477272727296,0.2850270984149219,3.4880454668017737,7.140210000000001,6.790405,0.004270849443470448,0.05600546092681702,2.3202,2.571,-0.01978893445146357,-0.11540812357615171,2.22595,2.5927,0.007937755843144823,-0.13463993226403048,2.32,2.571,-0.019827586206896508,-0.11551925320886824,6.01,6.01,0.0,0.0,342.052,449.169,-0.04392022265620443,-0.2719243759030565,2.105,2.485,0.026128266033254244,-0.13078470824949684,2338.33448962355,2401.14099451013,0.07402084081925975,0.04592774035517588,119.8331,119.8101,0.003290409744886924,0.003483011866278307,250.571,260.405,0.008113468837176008,-0.029957182081757128,4.02,3.53,0.00995024875621886,0.15014164305948996
2024-02-01,429.72632,188.947744464286,1006.13607704762,825.08902614383,81.7957142857143,77.3638095238095,308.614,121.4155,4.960875,1.48,4.02,0.39,0.328,0.748,4.044,219.238068463333,928.124866666667,1109.9130952381,834.5761952380949,7.19349,2.5549500000000003,2.32585,2.555,6.01,383.57,2.292,2397.22996673331,121.0659,256.3,4.21,6.065472900014157,452.626469673913,561.2921682375,198.757928528912,298.245303383459,-0.049357447711571356,-0.3664686675003471,1045.04739182609,1340.8388609,-0.0372340193208629,-0.24962192968342245,815.364421600749,902.161131806761,0.011926697174239331,-0.08543053224713693,79.11,83.6325,0.03394911244740606,-0.02196258289882158,74.0030434782609,77.0275,0.04541388958598502,0.004366096833072541,313.687,378.95,-0.016172171623306197,-0.18560759994722265,120.5769,120.3366,0.006954897662819315,0.008965684588063683,4.918242857142857,5.180815789473685,0.008668165459789545,-0.042452926027703564,1.78,-0.43,-0.1685393258426966,-4.441860465116279,3.96,0.11,0.015151515151515138,35.54545454545454,0.39,-0.18,0.0,-3.166666666666667,0.765,0.157,-0.5712418300653594,1.089171974522293,0.384,-0.213,0.9479166666666665,-4.511737089201878,3.854,4.413,0.04929942916450436,-0.08361658735554056,226.078531904762,332.412023436842,-0.030257023450199205,-0.3404628803837836,932.879430434783,1157.30044,-0.005096654093766473,-0.19802599689094824,1142.09692028986,1428.09104166667,-0.028179591836734796,-0.22279948346797052,817.922826086957,192.02075,0.020360562903971813,3.3462813015681636,7.170704761904762,6.838042105263158,0.0031775451439985947,0.05198094560769939,2.274285714285714,2.9068947368421054,0.12340766331658326,-0.1210724049899512,2.243619047619048,2.532368421052632,0.03665103149673121,-0.08155149121895466,2.274,2.907,0.12357080035180301,-0.12108703130374954,6.01,6.01,0.0,0.0,327.029,435.578,0.17289292386913702,-0.11939996969543909,2.16,2.428,0.061111111111110894,-0.05601317957166396,2511.41997466216,2601.63868318653,-0.04546830441778693,-0.07856921784498416,120.2274,120.3084,0.006974283732327224,0.006296318461553652,252.604,259.21,0.014631597282703357,-0.011226418733845,4.06,3.75,0.036945812807881895,0.1226666666666667
2024-03-01,433.52754325,190.227211428571,1041.31551333333,899.043922536385,84.9614285714286,81.4057142857143,317.829,121.0413,4.979804761904762,1.14,3.14,0.39,0.421,0.303,4.022,211.841017208333,993.86589047619,1134.50158730159,851.071428571429,7.201485714285714,2.911,2.4804,2.911,6.01,384.276,2.662,2574.83663989244,120.6588,255.916,4.21,6.0742593333752835,429.72632,547.225521652174,188.947744464286,284.957404968944,0.006771538701944468,-0.332436328688132,1006.13607704762,1249.54027478261,0.034964889032644164,-0.16664109645085745,825.08902614383,910.155527014026,0.08963262635814417,-0.012208467836365422,81.7957142857143,79.2565217391304,0.03870269137398075,0.07198028259523759,77.3638095238095,73.3482608695652,0.052245420523931996,0.10985200358707381,308.614,358.582,0.029859306447536538,-0.11365043421030607,121.4155,120.8071,-0.00308197882477923,0.0019386277793276285,4.960875,5.208626086956522,0.003815811102832134,-0.04393122509307701,1.48,-0.15,-0.22972972972972983,-8.6,4.02,1.02,-0.2189054726368158,2.0784313725490198,0.39,8.31,0.0,-0.9530685920577617,0.328,0.415,0.2835365853658536,0.014457831325301207,0.748,-0.284,-0.5949197860962567,-2.066901408450704,4.044,4.211,-0.00544015825914923,-0.04488245072429353,219.238068463333,309.429599855072,-0.033739812190678675,-0.3153821828695339,928.124866666667,1018.16141304348,0.07083208970106569,-0.02386215216570231,1109.9130952381,1282.80326086957,0.02215352910870494,-0.11560749655987879,834.5761952380949,205.18,0.019764802096503775,3.147925863005307,7.19349,6.890930434782609,0.001111520873138705,0.045067249254984176,2.5549500000000003,2.756478260869565,0.13935693457797593,0.05605766652470856,2.32585,2.514521739130435,0.06644882516069384,-0.013569872393401905,2.555,2.756,0.13933463796477485,0.05624092888243837,6.01,6.01,0.0,0.0,383.57,406.306,0.0018406027582971163,-0.05422021825914447,2.292,2.628,0.16143106457242595,0.012937595129375978,2397.22996673331,2582.83874276061,0.07408829174664189,-0.0030981813675355907,121.0659,120.745,-0.0033626314263554002,-0.0007139011967369768,256.3,257.045,-0.0014982442450254263,-0.004392227041957741,4.21,3.66,0.0,0.1502732240437159
2024-04-01,427.922140704545,190.90005,1014.405788,896.87261770745,88.9745454545455,85.3472727272727,317.892,122.5142,5.129981818181818,0.71,1.55,0.39,0.44,0.342,4.002,208.3816845,1029.08251363636,1171.08541666667,867.977272727273,7.237431818181818,3.1942272727272725,2.748954545454545,3.194,6.01,395.872,2.763,2642.26526851527,122.1428,258.004,4.54,6.061275412257482,433.52754325,546.87485895,190.227211428571,291.179744924812,0.0035370258880214056,-0.3443910391181436,1041.31551333333,1189.3594207,-0.025842047860393347,-0.14709904311098043,899.043922536385,934.809681844592,-0.002415126529980105,-0.040582660699751805,84.9614285714286,83.536,0.047234573977802174,0.06510421201093552,81.4057142857143,79.1265,0.04841869488085915,0.07861807014429689,317.829,346.91,0.00019821979743817053,-0.08364705543224471,121.0413,119.3744,0.012168573866936372,0.026302121727941774,4.979804761904762,5.021520000000001,0.03015721769373414,0.021599399819540288,1.14,0.16,-0.3771929824561403,3.4375,3.14,1.12,-0.5063694267515924,0.3839285714285714,0.39,4.16,0.0,-0.90625,0.421,0.56,0.04513064133016642,-0.2142857142857143,0.303,-0.148,0.12871287128712883,-3.310810810810811,4.022,4.099,-0.004972650422675362,-0.023664308367894682,211.841017208333,312.81082437193,-0.016329853179145926,-0.3338411964534975,993.86589047619,995.41132,0.03543397906864154,0.03382641221757465,1134.50158730159,1267.77979166667,0.03224660923753708,-0.07627063914063659,851.071428571429,216.027,0.019864189524281706,3.017911060780704,7.201485714285714,6.887565,0.004991484441161598,0.050796880781788234,2.911,2.799315789473684,0.09729552481184212,0.1410742884881302,2.4804,2.765315789473684,0.10827066015745235,-0.00591659154495805,2.911,2.799,0.09721745104774993,0.14112182922472316,6.01,6.01,0.0,0.0,384.276,387.167,0.030176227503148745,0.022483837723773048,2.662,2.715,0.0379413974455296,0.017679558011049812,2574.83663989244,2474.57629253137,0.0261875365520845,0.06776472258705835,120.6588,119.2451,0.012299144364107617,0.024300369574934422,255.916,256.747,0.008158927147970507,0.004895870253595946,4.21,3.46,0.07838479809976251,0.3121387283236994
2024-05-01,447.494333315217,201.019470535714,977.538093304348,826.166094575576,83.0539130434783,79.9573913043479,308.199,122.2444,5.136790909090909,0.39,3.3,0.39,0.297,0.323,3.822,227.430770416667,1091.10963043478,1205.66277173913,886.532608695652,7.232713636363636,2.7022272727272725,2.531,2.702,6.01,319.052,2.763,2543.34836510618,121.8583,255.61,4.48,6.105896046670352,427.922140704545,508.345095619565,190.90005,268.172526360544,0.05300899887513921,-0.2504099011788635,1014.405788,1094.23917373913,-0.036344128879962634,-0.10665043185760026,896.87261770745,834.628551223305,-0.0788367508784148,-0.010139189026454498,88.9745454545455,75.7473913043478,-0.0665429913782688,0.09645905440853264,85.3472727272727,71.6734782608696,-0.06315235684388154,0.11557849911130824,317.892,330.571,-0.03049148767505938,-0.06767683795614254,122.5142,119.7956,-0.0022021937048930518,0.02044148533001211,5.129981818181818,4.981272727272727,0.001327312873694364,0.031220571595430124,0.71,0.48,-0.45070422535211263,-0.1874999999999999,1.55,2.28,1.129032258064516,0.44736842105263164,0.39,0.23,0.0,0.6956521739130435,0.44,0.443,-0.32500000000000007,-0.3295711060948082,0.342,-0.02,-0.05555555555555558,-17.15,4.002,3.915,-0.044977511244377766,-0.023754789272030674,208.3816845,299.44000625,0.0914143964349563,-0.240479676497245,1029.08251363636,896.09582173913,0.060274191793660226,0.2176260662806908,1171.08541666667,1129.56648550725,0.029525903559519673,0.0673676912410408,867.977272727273,230.651956521739,0.02137767491316489,2.843594574547197,7.237431818181818,6.985359090909091,-0.000651913819254113,0.03541042661306526,3.1942272727272725,2.6723181818181816,-0.15402786276379266,0.011192189280672116,2.748954545454545,2.570181818181818,-0.07928634026158687,-0.015244765138653027,3.194,2.672,-0.1540388227927364,0.011227544910179521,6.01,6.01,0.0,0.0,395.872,363.26,-0.1940526230700832,-0.12169795738589428,2.763,2.526,0.0,0.09382422802850354,2642.26526851527,2652.99717965733,-0.037436401480110515,-0.04133016627078079,122.1428,119.6293,-0.0023292408557851196,0.018632559080425937,258.004,253.697,-0.009278925908125513,0.007540491215899392,4.54,3.57,-0.013215859030836885,0.25490196078431393
2024-06-01,430.9714502625,191.240942946429,964.2236263,838.229313107343,82.9175,79.9125,303.453,124.0309,5.3860947368421055,0.15,3.22,0.39,0.197,0.346,3.722,205.226054898333,1094.966965,1248.26625,903.625,7.254747368421053,2.429736842105263,2.443526315789473,2.43,6.01,306.904,2.763,2474.57629253137,123.7095,256.159,4.31,6.068359498704921,447.494333315217,526.295046613636,201.019470535714,266.93523962585,-0.04864467886232793,-0.2835680174169509,977.538093304348,1235.358817,-0.01362040732278924,-0.21947889711787283,826.166094575576,769.098476597759,0.014601444686451526,0.08988554601667698,83.0539130434783,74.975,-0.001642463774185865,0.10593531177059035,79.9573913043479,70.3068181818182,-0.0005614403323518369,0.13662518183287498,308.199,306.549,-0.015399141463794619,-0.010099527318634283,122.2444,119.5789,0.014614166374901538,0.0372306485508731,5.136790909090909,4.8537333333333335,0.048532991154066174,0.1096808099968627,0.39,0.77,-0.6153846153846154,-0.8051948051948052,3.3,3.74,-0.024242424242424176,-0.13903743315508021,0.39,13.1,0.0,-0.9702290076335878,0.297,0.665,-0.3367003367003366,-0.7037593984962406,0.323,-0.064,0.07120743034055721,-6.406249999999999,3.822,3.802,-0.02616431187859758,-0.021041557075223594,227.430770416667,282.27674528254,-0.09763285538563504,-0.2729615232990038,1091.10963043478,952.7645,0.0035352401423520696,0.14925248054477258,1205.66277173913,1108.86041666667,0.035336148100032716,0.12571991139551697,886.532608695652,248.109090909091,0.01928004806218686,2.6420471200351736,7.232713636363636,7.161366666666667,0.003046399064749128,0.013039508532503463,2.7022272727272725,2.801619047619048,-0.10083919786176743,-0.13273831994747054,2.531,2.6591428571428573,-0.034560918297323995,-0.08108497848252327,2.702,2.802,-0.10066617320503324,-0.13276231263383298,6.01,6.01,0.0,0.0,319.052,342.988,-0.038075298070534,-0.10520484681679831,2.763,2.571,0.0,0.07467911318553089,2543.34836510618,2697.60526582792,-0.02703997357119381,-0.08267665255617007,121.8583,119.297,0.015191414946704507,0.03698751854614968,255.61,253.77,0.002147803294080708,0.009414036332111575,4.48,3.75,-0.037946428571428714,0.14933333333333332
2024-07-01,411.082125391304,177.767708446429,1022.502756,860.592964766065,84.0486956521739,81.9478260869565,297.686,123.7208,5.543781818181818,0.04,0.9,0.39,0.033,0.585,3.81,183.225634166667,1101.71326521739,1287.89375,922.3043478260868,7.260936363636364,2.373090909090909,2.4903636363636363,2.373,6.01,342.037,2.763,2592.08117157336,123.3824,257.927,4.25,6.021222662959288,430.9714502625,555.11419625,191.240942946429,235.271947278912,-0.07045162135481708,-0.24441604491126356,964.2236263,1498.7426687619,0.060441507665222494,-0.31775962791218737,838.229313107343,844.977016726366,0.026679634449694012,0.018480914546290084,82.9175,80.1090476190476,0.013642423519448776,0.04917856534583964,79.9125,75.7666666666667,0.025469433279605935,0.08158151456607743,303.453,268.307,-0.0190045904967161,0.10949770225897937,124.0309,118.4119,-0.0025001834220343966,0.044834176294781036,5.3860947368421055,4.80048,0.029276700289190494,0.15483906154839056,0.15,1.07,-0.7333333333333334,-0.9626168224299065,3.22,3.18,-0.7204968944099379,-0.7169811320754718,0.39,2.98,0.0,-0.8691275167785235,0.197,0.498,-0.8324873096446701,-0.9337349397590361,0.346,-0.0,0.6907514450867052,0.0,3.722,3.882,0.02364320257925856,-0.018547140649149974,205.226054898333,278.617600992064,-0.10720091434084622,-0.3423759535856248,1094.966965,1094.23945238095,0.006161190641390757,0.006830143822887935,1248.26625,1253.44126984127,0.031746031746031855,0.027486313868613,903.625,265.58089047619,0.02067157042588108,2.4727812915017457,7.254747368421053,7.186275,0.0008530958972121638,0.010389438705916909,2.429736842105263,2.9699,-0.023313608302235944,-0.20095258793531456,2.443526315789473,2.6999500000000003,0.01916792148769253,-0.07762601664340596,2.43,2.97,-0.023456790123456805,-0.20101010101010097,6.01,6.01,0.0,0.0,306.904,322.199,0.11447553632406215,0.061570644229187454,2.763,2.719,0.0,0.016182420007355702,2474.57629253137,2701.83001241037,0.04748484797039243,-0.04062018718161342,123.7095,118.0492,-0.0026440976642860825,0.04517777333518569,256.159,254.313,0.00690196323377279,0.014210834680099094,4.31,3.9,-0.013921113689094988,0.08974358974358987
2024-08-01,361.829410329545,169.296742410714,912.562365,888.202718366771,79.0186363636364,76.6831818181818,295.306,122.8802,5.551745454545455,-0.11,2.75,0.39,0.267,0.352,3.7,175.510466266667,1040.51851818182,1258.41875,941.613636363636,7.147486363636364,2.3925454545454543,2.3285454545454547,2.393,6.01,334.785,2.763,2503.47606890575,122.6137,256.134,3.87,5.89393277981082,411.082125391304,510.150329576087,177.767708446429,207.675888664596,-0.04765188295301548,-0.1848030914935228,1022.502756,1469.94476295652,-0.10752087498529928,-0.37918594766476066,860.592964766065,823.608174534713,0.032082244139900906,0.07842873083253443,84.0486956521739,85.1682608695652,-0.05984696430452452,-0.07220558977183911,81.9478260869565,81.3726086956522,-0.06424385514739928,-0.057629059122458415,297.686,276.376,-0.00799500144447507,0.06849364633687438,123.7208,120.2177,-0.006794330460197395,0.022147321068361814,5.543781818181818,4.901226086956521,0.0014364988783501786,0.13272584370676976,0.04,1.32,-3.75,-1.0833333333333333,0.9,2.95,2.0555555555555554,-0.06779661016949157,0.39,5.36,0.0,-0.9272388059701493,0.033,0.825,7.090909090909092,-0.6763636363636363,0.585,-0.075,-0.3982905982905983,-5.693333333333333,3.81,4.37,-0.02887139107611547,-0.1533180778032036,183.225634166667,241.413877753623,-0.042107470033270866,-0.2729893248068128,1101.71326521739,1034.2192,-0.055545075989890336,0.00609089270613028,1287.89375,1182.03768115942,-0.022886204704386404,0.06461813363315172,922.3043478260868,323.33264347826093,0.02093591836909603,1.9122133361920968,7.260936363636364,7.248621739130435,-0.015624706555503076,-0.013952359377246704,2.373090909090909,3.276434782608696,0.008197977321483085,-0.26977168376887073,2.4903636363636363,2.8741304347826087,-0.06497773235014959,-0.18982610310043935,2.373,3.276,0.008428150021070113,-0.2695360195360196,6.01,6.01,0.0,0.0,342.037,428.045,-0.021202384537345242,-0.21787428891822114,2.763,2.829,0.0,-0.023329798515376532,2592.08117157336,2535.36626749517,-0.03418299690585225,-0.012578142652708957,123.3824,119.8563,-0.00623022408382401,0.023005882878079698,257.927,259.364,-0.006951579322831636,-0.012453540198331114,4.25,4.17,-0.0894117647058823,-0.07194244604316546
2024-09-01,372.09557625,183.655827659774,922.465498952381,942.607250673338,73.0576190476191,70.44,298.823,122.1296,5.537834999999999,-0.21,4.4,0.39,0.115,0.442,3.558,188.505216574074,1044.6236952381,1284.03392857143,960.595238095238,7.0760000000000005,2.35865,2.0566500000000003,2.359,6.01,289.007,2.763,2559.65264970008,121.8849,252.503,3.72,5.921834623416,361.829410329545,487.151474,169.296742410714,223.847666428571,0.08481607528055601,-0.1795499564951778,912.562365,1373.257798,0.010852007854149193,-0.3282648747410346,888.202718366771,790.712155888081,0.061252382121286475,0.1920991016189164,79.0186363636364,92.6733333333333,-0.07543811928853417,-0.2116651422816439,76.6831818181818,89.2409523809524,-0.08141526825249079,-0.21067628571123675,295.306,277.229,0.011909680128409095,0.07789228399626302,122.8802,121.9827,-0.00610838849546147,0.0012042691299667396,5.551745454545455,4.938665,-0.002505600204358527,0.12132226016544934,-0.11,1.56,0.909090909090909,-1.1346153846153846,2.75,5.72,0.6000000000000001,-0.23076923076923073,0.39,7.35,0.0,-0.9469387755102041,0.267,0.946,-0.5692883895131087,-0.8784355179704016,0.352,-0.216,0.25568181818181834,-3.0462962962962963,3.7,4.563,-0.03837837837837843,-0.220249835634451,175.510466266667,229.390711,0.07403974579876649,-0.17823517895598662,1040.51851818182,1025.83661904762,0.003945318593131297,0.018313906758292475,1258.41875,1084.46686507936,0.02035505158472084,0.18402320063275113,941.613636363636,350.00595714285697,0.020158588404588063,1.7445111104299444,7.147486363636364,7.29794,-0.010001608957249442,-0.030411321551012893,2.3925454545454543,3.7798,-0.014167109962763047,-0.3759855018784063,2.3285454545454547,2.8935,-0.11676622159756378,-0.2892172109901502,2.393,3.78,-0.014208106978687796,-0.3759259259259259,6.01,6.01,0.0,0.0,334.785,446.947,-0.13673850381588193,-0.3533752324101068,2.763,2.625,0.0,0.05257142857142849,2503.47606890575,2549.52998957184,0.022439431913117813,0.003970402454430477,122.6137,121.6455,-0.005943870872504364,0.001968013613327324,256.134,261.03,-0.014176173409231163,-0.03266674328621222,3.87,4.38,-0.03875968992248058,-0.15068493150684925
2024-10-01,368.491384434783,189.587905861801,955.606916956522,1034.05187625719,75.2665217391304,72.164347826087,304.982,123.831,5.627781818181818,-0.26,4.39,0.39,-0.196,0.639,3.585,197.371945833333,1126.30698695652,1436.30108695652,979.75,7.088118181818182,2.2830454545454546,2.1515,2.283,6.01,318.34,2.763,2392.10862089768,123.5953,253.396,4.1,5.912127423295801,372.09557625,471.931072295454,183.655827659774,221.90251875,0.032299972604279636,-0.1456252640584279,922.465498952381,1205.155523,0.03592700002523541,-0.20706755375627806,942.607250673338,767.48133500497,0.09701243600505927,0.3473316276160565,73.0576190476191,88.9477272727273,0.030235076372685077,-0.15381174936205222,70.44,85.4690909090909,0.02447966817272862,-0.1556673054725184,298.823,295.916,0.0206108632869626,0.03063707268278848,122.1296,123.7914,0.01393110269746245,0.00031989298125734145,5.537834999999999,5.055871428571429,0.016242235130121907,0.11311806435156657,-0.21,1.78,0.23809523809523814,-1.146067415730337,4.4,5.51,-0.002272727272727426,-0.20326678765880224,0.39,5.72,0.0,-0.9318181818181818,0.115,0.804,-2.7043478260869565,-1.243781094527363,0.442,-0.02,0.4457013574660633,-32.95,3.558,4.507,0.007588532883642474,-0.204570667850011,188.505216574074,216.463939126984,0.04703704979843226,-0.08819941728239122,1044.6236952381,1093.59254545455,0.07819398706995817,0.02991465298290996,1284.03392857143,1103.675,0.11858499607911233,0.3013804670365099,960.595238095238,350.02614090909105,0.019940513074730548,1.799076655975992,7.0760000000000005,7.307109523809523,0.0017125751580244764,-0.029969626331421306,2.35865,2.6354761904761905,-0.032054160411483346,-0.13372563835116913,2.0566500000000003,2.5236666666666667,0.046118688157926524,-0.14747061154404972,2.359,2.635,-0.03221704111911827,-0.13358633776091078,6.01,6.01,0.0,0.0,289.007,407.772,0.10149581152013609,-0.21931863884719893,2.763,2.274,0.0,0.2150395778364116,2559.65264970008,2407.28988310043,-0.06545576753237659,-0.006306370624213131,121.8849,123.4971,0.014032911377865442,0.0007951603721867428,252.503,256.993,0.0035365916444556333,-0.01399649017677529,3.72,4.8,0.10215053763440851,-0.14583333333333337
2024-11-01,365.51670425,201.308270188492,980.656968761905,1132.87300496479,73.5085714285715,69.9414285714286,306.53,126.5329,5.796057894736842,-0.37,4.91,0.39,-0.383,0.819,3.522,185.734787082456,1224.94744761905,1517.6246031746,1000.0119047619,7.206284210526316,2.164842105263158,2.1122105263157893,2.165,6.01,311.919,2.763,2350.29763341147,126.3113,252.129,4.36,5.904044098050691,368.491384434783,494.348904715909,189.587905861801,209.040296830357,0.061820210911736506,-0.0369882111683939,955.606916956522,1141.09127,0.026213761496373333,-0.14059725585149285,1034.05187625719,795.987930507008,0.09556689657127126,0.42322887263278175,75.2665217391304,82.1863636363636,-0.023356337850337416,-0.1055867643224524,72.164347826087,77.5754545454545,-0.030803566049201092,-0.09840775047670303,304.982,302.036,0.005075709386127558,0.014879021043848972,123.831,121.5369,0.02181925366023041,0.04110685725898877,5.627781818181818,4.898025,0.0299009595594788,0.1833459189646527,-0.26,1.92,0.4230769230769229,-1.1927083333333333,4.39,4.0,0.11845102505694771,0.22750000000000004,0.39,-2.99,0.0,-1.1304347826086956,-0.196,0.92,0.9540816326530612,-1.4163043478260868,0.639,-0.083,0.28169014084507027,-10.86746987951807,3.585,4.254,-0.017573221757322233,-0.1720733427362482,197.371945833333,216.000269047619,-0.058960551367841174,-0.14011779753149634,1126.30698695652,1036.68045454545,0.08757866354809174,0.18160561651193574,1436.30108695652,1146.25,0.05662010351214186,0.3239909297052126,979.75,353.6579954545449,0.020680688708242023,1.8276241951680405,7.088118181818182,7.222589999999999,0.01667100148121725,-0.0022576097319221278,2.2830454545454546,2.52404761904762,-0.051774417827274766,-0.142313287227124,2.1515,2.3057142857142856,-0.01826143327176888,-0.0839235635557295,2.283,2.524,-0.05168637757336836,-0.1422345483359746,6.01,6.01,0.0,0.0,318.34,393.711,-0.02017025821448759,-0.2077462910612099,2.763,2.201,0.0,0.25533848250795077,2392.10862089768,2603.61511166198,-0.017478716108852765,-0.09729451834714853,123.5953,121.2221,0.02197494564922775,0.04198244379531468,253.396,253.969,-0.005000078927844154,-0.007244978717874995,4.1,4.5,0.06341463414634174,-0.03111111111111109
2024-12-01,361.236500625,202.829961026786,903.222793,1127.77705164522,73.2277272727273,70.1522727272727,318.21,127.814,6.1009714285714285,-0.52,4.97,0.39,-0.331,0.261,3.494,185.7943505,1155.70277272727,1446.18541666667,1020.48863636364,7.280695238095238,2.0350952380952383,2.0407619047619048,2.035,6.01,294.577,2.763,2245.66195444125,127.5758,252.172,4.39,5.892297315151004,365.51670425,481.48682025,201.308270188492,207.397968890977,0.007559008066927442,-0.022025325940353224,980.656968761905,1095.37069609524,-0.07896153112506488,-0.1754181518459511,1132.87300496479,783.343965701014,-0.0044982564658502255,0.43969584374850323,73.5085714285715,77.5409523809524,-0.0038205633763009894,-0.05562512421867849,69.9414285714286,72.0195238095238,0.003014581774359648,-0.02592701233612127,306.53,314.204,0.03810393762437614,0.012749678552787191,126.5329,120.1585,0.010124639520630474,0.0637116808215814,5.796057894736842,4.8998,0.05260705454848291,0.24514703224038303,-0.37,1.95,0.4054054054054055,-1.2666666666666666,4.91,2.58,0.012219959266802416,0.9263565891472867,0.39,0.39,0.0,0.0,-0.383,0.851,-0.13577023498694518,-1.3889541715628673,0.819,0.16,-0.6813186813186813,0.6312500000000001,3.522,3.972,-0.007950028392958441,-0.12034239677744207,185.734787082456,229.633412587719,0.00032069069278639617,-0.19090889950944157,1224.94744761905,978.854761904762,-0.05652869029309959,0.18066828471915275,1517.6246031746,1141.36349206349,-0.04707302870452401,0.26706822736382385,1000.0119047619,636.502395238095,0.02047648783402778,0.603275406342985,7.206284210526316,7.140210000000001,0.01032585246363582,0.019675224971707816,2.164842105263158,2.3202,-0.0599336398957131,-0.12287939052873098,2.1122105263157893,2.22595,-0.033826467894044865,-0.08319508310523382,2.165,2.32,-0.06004618937644335,-0.12284482758620674,6.01,6.01,0.0,0.0,311.919,342.052,-0.05559776736909261,-0.138794686188065,2.763,2.105,0.0,0.3125890736342043,2350.29763341147,2338.33448962355,-0.04452018224531873,-0.03963185574755779,126.3113,119.8331,0.010010980806942849,0.06461236503103063,252.129,250.571,0.00017054761649792916,0.006389406595336267,4.36,4.02,0.006880733944953921,0.09203980099502496
2025-01-01,377.853040173913,214.359926785714,966.524578608696,1030.03810887266,78.1939130434782,75.6452173913044,315.788,129.0413,6.010880952380952,-0.59,5.17,0.39,-0.196,0.08,3.634,190.629642063492,1121.69909565217,1450.65887681159,1041.91304347826,7.2957,2.2062,2.1519,2.206,6.01,305.53,2.763,2444.62242097007,128.837,256.408,4.63,5.937148373088257,361.236500625,452.626469673913,202.829961026786,198.757928528912,0.056845476381101934,0.07849748874059381,903.222793,1045.04739182609,0.07008435360498688,-0.0751380404674139,1127.77705164522,815.364421600749,-0.08666512820949568,0.26328557094808813,73.2277272727273,79.11,0.06781837912646105,-0.011579913494144778,70.1522727272727,74.0030434782609,0.07830030946233668,0.022190626707479844,318.21,313.687,-0.00761132585399571,0.006697759231335754,127.814,120.5769,0.009602234497003481,0.07019918408915804,6.1009714285714285,4.918242857142857,-0.014766578936687758,0.22216025661507044,-0.52,1.78,0.13461538461538458,-1.3314606741573034,4.97,3.96,0.04024144869215296,0.3055555555555556,0.39,0.39,0.0,0.0,-0.331,0.765,-0.40785498489425986,-1.2562091503267974,0.261,0.384,-0.6934865900383143,-0.7916666666666666,3.494,3.854,0.0400686891814539,-0.05708354955889994,185.7943505,226.078531904762,0.026024965508797848,-0.1567990093646009,1155.70277272727,932.879430434783,-0.02942251059487977,0.20240521878522344,1446.18541666667,1142.09692028986,0.003093282571767997,0.2701714285714194,1020.48863636364,817.922826086957,0.020994263288381942,0.27385250814297457,7.280695238095238,7.170704761904762,0.0020608968531261596,0.017431374215724382,2.0350952380952383,2.274285714285714,0.08407702927205918,-0.029937185929648114,2.0407619047619048,2.243619047619048,0.05445911890983757,-0.04087995585363802,2.035,2.274,0.08402948402948396,-0.029903254177660488,6.01,6.01,0.0,0.0,294.577,327.029,0.037182128951004145,-0.06574034718633526,2.763,2.16,0.0,0.27916666666666656,2245.66195444125,2511.41997466216,0.08859769215724356,-0.02659752425560591,127.5758,120.2274,0.00988588744887342,0.0716109638900948,252.172,252.604,0.01679805846802984,0.015059143956548615,4.39,4.06,0.0546697038724373,0.14039408866995085
2025-02-01,382.0839574125,221.25454431391,1010.4986001,1067.32480018818,75.193,71.5415,318.974,128.0665,5.763831578947368,-0.38,1.96,0.39,0.017,0.114,3.675,190.102642110526,1124.44539,1460.81375,1057.5375,7.273431578947369,2.455631578947368,2.111684210526316,2.456,6.01,312.948,2.763,2438.82489744208,127.8758,257.692,4.45,5.948254175111963,377.853040173913,429.72632,214.359926785714,188.947744464286,0.03216374269006095,0.1709827229810117,966.524578608696,1006.13607704762,0.04549705456492825,0.004335917528353939,1030.03810887266,825.08902614383,0.03619933184445867,0.2935874388930768,78.1939130434782,81.7957142857143,-0.03837783436940423,-0.08072200778944072,75.6452173913044,77.3638095238095,-0.05424952869229416,-0.07525882657080918,315.788,308.614,0.010089047082219693,0.03356944273428941,129.0413,121.4155,-0.0075541706414924414,0.05477883795726246,6.010880952380952,4.960875,-0.0411003603948813,0.1618578534930568,-0.59,1.48,-0.35593220338983045,-1.2567567567567568,5.17,4.02,-0.620889748549323,-0.5124378109452736,0.39,0.39,0.0,0.0,-0.196,0.328,-1.086734693877551,-0.948170731707317,0.08,0.748,0.42500000000000004,-0.8475935828877006,3.634,4.044,0.01128233351678598,-0.09124629080118685,190.629642063492,219.238068463333,-0.0027645225960739594,-0.13289401132303724,1121.69909565217,928.124866666667,0.0024483342800891705,0.21152382657132374,1450.65887681159,1109.9130952381,0.007000179953215113,0.31615146831529595,1041.91304347826,834.5761952380949,0.01499593139709643,0.2671551214066161,7.2957,7.19349,-0.0030522665477790145,0.011113045120987097,2.2062,2.5549500000000003,0.11305936857373222,-0.03887294117404727,2.1519,2.32585,-0.01868850293865143,-0.09208065415812894,2.206,2.555,0.11332728921124202,-0.038747553816047,6.01,6.01,0.0,0.0,305.53,383.57,0.02427912152652767,-0.1841176317230232,2.763,2.292,0.0,0.20549738219895297,2444.62242097007,2397.22996673331,-0.0023715415019753827,0.017351247600767783,128.837,121.0659,-0.007460589737420031,0.05624953021453605,256.408,256.3,0.005007644067267725,0.005431135388216823,4.63,4.21,-0.03887688984881199,0.05700712589073631
2025-03-01,369.344173,207.751690816327,936.764034380952,1057.14730604186,71.7414285714286,68.2390476190476,329.592,126.4864,5.75807619047619,-0.18,0.0,0.39,0.059,0.154,3.585,179.606542063492,1167.41358095238,1470.3060515873,1067.50595238095,7.24925238095238,2.3443809523809525,1.9867619047619047,2.344,6.01,290.379,2.763,2398.15020856315,126.243,257.409,4.28,5.914432770570164,382.0839574125,433.52754325,221.25454431391,190.227211428571,-0.06102859283389683,0.09212393566698696,1010.4986001,1041.31551333333,-0.07296849863201305,-0.10040326645830988,1067.32480018818,899.043922536385,-0.009535517346290101,0.1758572407223813,75.193,84.9614285714286,-0.045902829100732734,-0.1556000201772232,71.5415,81.4057142857143,-0.04616135223544937,-0.16174130750152127,318.974,317.829,0.03328797958454288,0.03701046789311224,128.0665,121.0413,-0.012338121210464736,0.044985471900913065,5.763831578947368,4.979804761904762,-0.0009985351570992451,0.15628553041379512,-0.38,1.14,-0.5263157894736843,-1.1578947368421053,1.96,3.14,-1.0,-1.0,0.39,0.39,0.0,0.0,0.017,0.421,2.4705882352941173,-0.8598574821852731,0.114,0.303,0.3508771929824561,-0.4917491749174917,3.675,4.022,-0.024489795918367308,-0.10865241173545503,190.102642110526,211.841017208333,-0.055212804674916405,-0.15216352135026023,1124.44539,993.86589047619,0.03821278590717503,0.17461882145189467,1460.81375,1134.50158730159,0.006497954710037446,0.2959929435483828,1057.5375,851.071428571429,0.00942609825273344,0.2543082948664115,7.273431578947369,7.201485714285714,-0.0033243177903775623,0.006632890567554783,2.455631578947368,2.911,-0.04530428241768436,-0.19464756015769413,2.111684210526316,2.4804,-0.05915766436179182,-0.1990155197702368,2.456,2.911,-0.0456026058631922,-0.1947784266575061,6.01,6.01,0.0,0.0,312.948,384.276,-0.07211741247747216,-0.24434781250975857,2.763,2.662,0.0,0.0379413974455296,2438.82489744208,2574.83663989244,-0.01667798656705155,-0.0686204431736962,127.8758,120.6588,-0.012768639570583384,0.04628091776148935,257.692,255.916,-0.0010982102665197946,0.0058339455133715745,4.45,4.21,-0.038202247191011174,0.016627078384798155
2025-04-01,378.066199057543,215.569093367347,1047.936054,981.177632038137,66.9272727272727,63.6063636363636,332.751,124.4557,5.790545454545454,-0.09,-1.49,0.39,0.149,0.222,3.567,174.81674265873,1229.58069090909,1471.703125,1120.6193181818198,7.296781818181818,2.428333333333333,1.907333333333333,2.428,6.01,287.0,2.763,2449.01448424886,124.1402,257.526,4.28,5.937710857527803,369.344173,427.922140704545,207.751690816327,190.90005,0.03762858689766979,0.12922491831378258,936.764034380952,1014.405788,0.11867665232527269,0.0330540957047456,1057.14730604186,896.87261770745,-0.07186290270952544,0.09399887193142775,71.7414285714286,88.9745454545455,-0.06710426513688306,-0.24779303580186451,68.2390476190476,85.3472727272727,-0.06788904804982765,-0.25473466692230695,329.592,317.892,0.009584577295565389,0.0467422898342833,126.4864,122.5142,-0.016054690464745724,0.015847142616937315,5.75807619047619,5.129981818181818,0.005638908377587626,0.12876529776820056,-0.18,0.71,-0.5,-1.1267605633802817,0.0,1.55,0.0,-1.9612903225806453,0.39,0.39,0.0,0.0,0.059,0.44,1.5254237288135593,-0.6613636363636364,0.154,0.342,0.4415584415584417,-0.35087719298245623,3.585,4.002,-0.005020920502092019,-0.10869565217391297,179.606542063492,208.3816845,-0.02666829030686846,-0.16107433780376224,1167.41358095238,1029.08251363636,0.053252001665077264,0.19483197373964756,1470.3060515873,1171.08541666667,0.0009501922482000325,0.25670006991376937,1067.50595238095,867.977272727273,0.04975463198346253,0.291069885575137,7.24925238095238,7.237431818181818,0.006556460546790044,0.008200422676300834,2.3443809523809525,3.1942272727272725,0.035810042248943574,-0.23977440363534608,1.9867619047619047,2.748954545454545,-0.03997890801016257,-0.3061604687181352,2.344,3.194,0.03583617747440271,-0.23982467125860996,6.01,6.01,0.0,0.0,290.379,395.872,-0.011636516414754605,-0.27501818769703346,2.763,2.763,0.0,0.0,2398.15020856315,2642.26526851527,0.02120979557664371,-0.07313829787234061,126.243,122.1428,-0.016656765127571416,0.016352990106662135,257.409,258.004,0.000454529561903394,-0.001852684454504594,4.28,4.54,0.0,-0.05726872246696035
2025-05-01,387.649984285498,204.808448129252,1075.35064685714,902.788167615884,64.0927272727273,62.2004545454545,341.991,122.6869,5.666428571428572,-0.11,-1.84,0.39,0.149,0.222,3.499,196.841071428571,1209.76846818182,1456.69270833333,1150.6477272727302,7.216557142857143,2.449619047619048,1.9645714285714289,2.45,6.01,288.303,2.763,2414.75639067436,122.3422,257.544,4.42,5.962679155242671,378.066199057543,447.494333315217,215.569093367347,201.019470535714,-0.04991738412035707,0.018848808940947093,1047.936054,977.538093304348,0.026160558893357777,0.10006009404928529,981.177632038137,826.166094575576,-0.07989324446728319,0.09274415101683742,66.9272727272727,83.0539130434783,-0.04235262157022457,-0.22829972816361965,63.6063636363636,79.9573913043479,-0.02210327725927952,-0.22207999122062172,332.751,308.199,0.027768511589747247,0.10964344465751008,124.4557,122.2444,-0.0142122859780629,0.0036197977167051754,5.790545454545454,5.136790909090909,-0.02143440269853225,0.1031067200730964,-0.09,0.39,0.22222222222222232,-1.282051282051282,-1.49,3.3,0.2348993288590604,-1.5575757575757576,0.39,0.39,0.0,0.0,0.149,0.297,0.0,-0.49831649831649827,0.222,0.323,0.0,-0.31269349845201244,3.567,3.822,-0.019063638912251157,-0.08451072736787024,174.81674265873,227.430770416667,0.1259852370824459,-0.13450114481894337,1229.58069090909,1091.10963043478,-0.016112991098308327,0.10875060987204144,1471.703125,1205.66277173913,-0.010199350950396258,0.20820908008306294,1120.6193181818198,886.532608695652,0.026796262212961608,0.29791923724686065,7.296781818181818,7.232713636363636,-0.010994528454280283,-0.002233807989474923,2.428333333333333,2.7022272727272725,0.008765565251495744,-0.09348148753353192,1.907333333333333,2.531,0.030009487192290685,-0.2237963537845007,2.428,2.702,0.009060955518945812,-0.0932642487046631,6.01,6.01,0.0,0.0,287.0,319.052,0.0045400696864110746,-0.09637613931271394,2.763,2.763,0.0,0.0,2449.01448424886,2543.34836510618,-0.013988522238163603,-0.05056011052046805,124.1402,121.8583,-0.014483624160424924,0.003971005668058858,257.526,255.61,6.989585517569452e-05,0.00756621415437575,4.28,4.48,0.032710280373831724,-0.013392857142857206
2025-06-01,383.520686995902,195.719077321429,1168.53806284058,934.503407087944,69.8466666666667,68.5366666666667,347.837,120.9747,5.545775,-0.08,-1.87,0.39,0.149,0.222,3.599,173.194763481667,1265.73041904762,1443.57321428571,1180.13095238095,7.18035,2.2879,2.0985500000000004,2.288,6.01,285.872,2.763,2509.95959088872,120.5939,259.422,4.38,5.95199758982845,387.649984285498,430.9714502625,204.808448129252,191.240942946429,-0.04437986270022809,0.02341619062323108,1075.35064685714,964.2236263,0.08665770207680001,0.21189528130999302,902.788167615884,838.229313107343,0.03513032249394077,0.11485412461145006,64.0927272727273,82.9175,0.08977523096271511,-0.1576366066672692,62.2004545454545,79.9125,0.10186761764870811,-0.142353615934094,341.991,303.453,0.017094017094017033,0.14626317749371398,122.6869,124.0309,-0.013955850217097332,-0.02464063390655069,5.666428571428572,5.3860947368421055,-0.021292701374007406,0.029646760957553475,-0.11,0.15,-0.2727272727272727,-1.5333333333333332,-1.84,3.22,0.016304347826086918,-1.5807453416149069,0.39,0.39,0.0,0.0,0.149,0.197,0.0,-0.24365482233502544,0.222,0.346,0.0,-0.35838150289017334,3.499,3.722,0.028579594169762856,-0.03304674905964533,196.841071428571,205.226054898333,-0.12012893333332975,-0.15607809365401482,1209.76846818182,1094.966965,0.04625839765017692,0.15595306480101878,1456.69270833333,1248.26625,-0.009006356641017788,0.15646258503401023,1150.6477272727302,903.625,0.025623155036425427,0.3059963506774934,7.216557142857143,7.254747368421053,-0.005017232198179178,-0.010254990924273288,2.449619047619048,2.429736842105263,-0.06601803973406961,-0.058375392613451704,1.9645714285714289,2.443526315789473,0.0681973531122746,-0.14117970146681857,2.45,2.43,-0.06612244897959196,-0.05843621399176968,6.01,6.01,0.0,0.0,288.303,306.904,-0.00843210094934832,-0.06852957276542493,2.763,2.763,0.0,0.0,2414.75639067436,2474.57629253137,0.03942559199016049,0.014298730034770779,122.3422,123.7095,-0.014290244903230498,-0.025184807957351674,257.544,256.159,0.0072919578790422435,0.012738182144683696,4.42,4.31,-0.009049773755656076,0.016241299303944468
2025-07-01,383.520686995902,195.719077321429,1168.53806284058,934.503407087944,69.8466666666667,68.5366666666667,355.068,120.5266,5.533204545454546,-0.08,-0.76,0.39,0.149,0.222,3.779,173.194763481667,1265.73041904762,1443.57321428571,1268.1847826087,7.174086363636364,2.237,2.1704545454545454,2.237,6.01,317.523,2.763,2509.95959088872,120.1127,261.481,4.39,5.95199758982845,383.520686995902,411.082125391304,195.719077321429,177.767708446429,0.0,0.10098216955083106,1168.53806284058,1022.502756,0.0,0.14282143102661737,934.503407087944,860.592964766065,0.0,0.08588315887751885,69.8466666666667,84.0486956521739,0.0,-0.1689738178005843,68.5366666666667,81.9478260869565,0.0,-0.16365485285795056,347.837,297.686,0.020788472761667176,0.19276015667515445,120.9747,123.7208,-0.003704080274635868,-0.025817809131528424,5.545775,5.543781818181818,-0.002266672294756633,-0.0019079525627401228,-0.08,0.04,0.0,-3.0,-1.87,0.9,-0.5935828877005348,-1.8444444444444446,0.39,0.39,0.0,0.0,0.149,0.033,0.0,3.5151515151515147,0.222,0.585,0.0,-0.6205128205128205,3.599,3.81,0.0500138927479854,-0.008136482939632539,173.194763481667,183.225634166667,0.0,-0.054746000638074666,1265.73041904762,1101.71326521739,0.0,0.14887462918753736,1443.57321428571,1287.89375,0.0,0.12087912087911756,1180.13095238095,922.3043478260868,0.07461360965924912,0.3750176778390659,7.18035,7.260936363636364,-0.0008723302295342572,-0.011961267204455228,2.2879,2.373090909090909,-0.022247475851217224,-0.0573475329451425,2.0985500000000004,2.4903636363636363,0.03426391815994134,-0.12845878659560483,2.288,2.373,-0.02229020979020968,-0.05731142014327861,6.01,6.01,0.0,0.0,285.872,342.037,0.11071738400402986,-0.07167060873531217,2.763,2.763,0.0,0.0,2509.95959088872,2592.08117157336,0.0,-0.03168171644670881,120.5939,123.3824,-0.0039902515798891924,-0.02650053816427622,259.422,257.927,0.007936875053002224,0.013779092533933834,4.38,4.25,0.0022831050228309113,0.03294117647058825
2025-08-01,383.520686995902,195.719077321429,1168.53806284058,934.503407087944,69.8466666666667,68.5366666666667,355.068,120.5266,5.45251875,-0.08,-9999.0,0.39,0.149,0.222,3.744,173.194763481667,1265.73041904762,1443.57321428571,1268.1847826087,7.1818125,2.316235294117647,2.109588235294117,2.237,6.01,317.523,2.763,2509.95959088872,120.5758,261.181,4.26,5.95199758982845,383.520686995902,361.829410329545,195.719077321429,169.296742410714,0.0,0.1560711360093061,1168.53806284058,912.562365,0.0,0.28050214172549204,934.503407087944,888.202718366771,0.0,0.05212851499296334,69.8466666666667,79.0186363636364,0.0,-0.1160735001140889,68.5366666666667,76.6831818181818,0.0,-0.10623600844877212,355.068,295.306,0.0,0.2023731315990871,120.5266,122.8802,0.0,-0.019153614658830254,5.533204545454546,5.551745454545455,-0.014582109660274178,-0.017873064490774415,-0.08,-0.11,0.0,-0.2727272727272727,-0.76,2.75,13155.578947368422,-3637.0,0.39,0.39,0.0,0.0,0.149,0.267,0.0,-0.44194756554307124,0.222,0.352,0.0,-0.36931818181818177,3.779,3.7,-0.0092617094469436,0.011891891891891992,173.194763481667,175.510466266667,0.0,-0.013194100809245102,1265.73041904762,1040.51851818182,0.0,0.21644199207461545,1443.57321428571,1258.41875,0.0,0.14713263314434077,1268.1847826087,941.613636363636,0.0,0.34682074858880596,7.174086363636364,7.147486363636364,0.001076950565133794,0.004802546604114388,2.237,2.3925454545454543,0.03542033711115189,-0.03189496788152146,2.1704545454545454,2.3285454545454547,-0.028043116723129313,-0.09403175653020668,2.237,2.393,0.0,-0.06519013790221462,6.01,6.01,0.0,0.0,317.523,334.785,0.0,-0.05156144988574751,2.763,2.763,0.0,0.0,2509.95959088872,2503.47606890575,0.0,0.002589807852968251,120.1127,122.6137,0.0038555456666946597,-0.01662049183737213,261.481,256.134,-0.0011473108944818344,0.01970452966025582,4.39,3.87,-0.029612756264236872,0.10077519379844957
2025-09-01,383.520686995902,195.719077321429,1168.53806284058,934.503407087944,69.8466666666667,68.5366666666667,355.068,120.5266,5.45251875,-0.08,-9999.0,0.39,0.149,0.222,3.744,173.194763481667,1265.73041904762,1443.57321428571,1268.1847826087,7.1818125,2.316235294117647,2.109588235294117,2.237,6.01,317.523,2.763,2509.95959088872,120.0291,261.084,4.12,5.95199758982845,383.520686995902,372.09557625,195.719077321429,183.655827659774,0.0,0.06568400151179743,1168.53806284058,922.465498952381,0.0,0.2667553032256025,934.503407087944,942.607250673338,0.0,-0.008597264215403744,69.8466666666667,73.0576190476191,0.0,-0.04395095847374231,68.5366666666667,70.44,0.0,-0.02702063221654305,355.068,298.823,0.0,0.18822179015671492,120.5266,122.1296,0.0,-0.013125401213137433,5.45251875,5.537834999999999,0.0,-0.01540606572785197,-0.08,-0.21,0.0,-0.6190476190476191,-9999.0,4.4,0.0,-2273.5,0.39,0.39,0.0,0.0,0.149,0.115,0.0,0.2956521739130433,0.222,0.442,0.0,-0.497737556561086,3.744,3.558,0.0,0.05227655986509294,173.194763481667,188.505216574074,0.0,-0.08122031512263583,1265.73041904762,1044.6236952381,0.0,0.21166160103148268,1443.57321428571,1284.03392857143,0.0,0.12424849699398344,1268.1847826087,960.595238095238,0.0,0.3202072343429274,7.1818125,7.0760000000000005,0.0,0.014953716789146476,2.316235294117647,2.35865,0.0,-0.017982619669028033,2.109588235294117,2.0566500000000003,0.0,0.025740031261574314,2.237,2.359,0.0,-0.05171682916490028,6.01,6.01,0.0,0.0,317.523,289.007,0.0,0.09866889037289761,2.763,2.763,0.0,0.0,2509.95959088872,2559.65264970008,0.0,-0.01941398525975102,120.5758,121.8849,-0.004534077318997687,-0.01522584011637207,261.181,252.503,-0.0003713899556245792,0.033983754648459596,4.26,3.72,-0.032863849765258135,0.10752688172043001
2025-10-01,383.520686995902,195.719077321429,1168.53806284058,934.503407087944,69.8466666666667,68.5366666666667,355.068,120.5266,5.45251875,-0.08,-9999.0,0.39,0.149,0.222,3.744,173.194763481667,1265.73041904762,1443.57321428571,1268.1847826087,7.1818125,2.316235294117647,2.109588235294117,2.237,6.01,317.523,2.763,2509.95959088872,120.7618,259.856,4.06,5.95199758982845,383.520686995902,368.491384434783,195.719077321429,189.587905861801,0.0,0.03233946507166596,1168.53806284058,955.606916956522,0.0,0.2228229433104303,934.503407087944,1034.05187625719,0.0,-0.09627028532607818,69.8466666666667,75.2665217391304,0.0,-0.07200884200878321,68.5366666666667,72.164347826087,0.0,-0.05026971446014927,355.068,304.982,0.0,0.1642260854738966,120.5266,123.831,0.0,-0.026684755836583696,5.45251875,5.627781818181818,0.0,-0.031142477417228753,-0.08,-0.26,0.0,-0.6923076923076923,-9999.0,4.39,0.0,-2278.6765375854216,0.39,0.39,0.0,0.0,0.149,-0.196,0.0,-1.760204081632653,0.222,0.639,0.0,-0.6525821596244131,3.744,3.585,0.0,0.04435146443514659,173.194763481667,197.371945833333,0.0,-0.12249553628093612,1265.73041904762,1126.30698695652,0.0,0.12378812677691609,1443.57321428571,1436.30108695652,0.0,0.0050630939398641495,1268.1847826087,979.75,0.0,0.2943963078425109,7.1818125,7.088118181818182,0.0,0.013218503949631533,2.316235294117647,2.2830454545454546,0.0,0.014537529029968521,2.109588235294117,2.1515,0.0,-0.019480253174939732,2.237,2.283,0.0,-0.020148926850635074,6.01,6.01,0.0,0.0,317.523,318.34,0.0,-0.0025664383991956807,2.763,2.763,0.0,0.0,2509.95959088872,2392.10862089768,0.0,0.049266562965194494,120.0291,123.5953,0.006104353027724052,-0.022925629049001084,261.084,253.396,-0.0047034670833908665,0.025493693665251227,4.12,4.1,-0.01456310679611661,-0.009756097560975618
2025-11-01,383.520686995902,195.719077321429,1168.53806284058,934.503407087944,69.8466666666667,68.5366666666667,355.068,120.5266,5.45251875,-0.08,-9999.0,0.39,0.149,0.222,3.744,173.194763481667,1265.73041904762,1443.57321428571,1268.1847826087,7.1818125,2.316235294117647,2.109588235294117,2.237,6.01,317.523,2.763,2509.95959088872,121.4177,261.57,4.09,5.95199758982845,383.520686995902,365.51670425,195.719077321429,201.308270188492,0.0,-0.027764347991414473,1168.53806284058,980.656968761905,0.0,0.19158696676155573,934.503407087944,1132.87300496479,0.0,-0.17510312012687723,69.8466666666667,73.5085714285715,0.0,-0.049816024046434926,68.5366666666667,69.9414285714286,0.0,-0.02008483288738183,355.068,306.53,0.0,0.158346654487326,120.5266,126.5329,0.0,-0.04746828690403837,5.45251875,5.796057894736842,0.0,-0.05927117205795951,-0.08,-0.37,0.0,-0.7837837837837838,-9999.0,4.91,0.0,-2037.4562118126273,0.39,0.39,0.0,0.0,0.149,-0.383,0.0,-1.3890339425587468,0.222,0.819,0.0,-0.7289377289377289,3.744,3.522,0.0,0.06303236797274292,173.194763481667,185.734787082456,0.0,-0.06751575080666994,1265.73041904762,1224.94744761905,0.0,0.03329364986868644,1443.57321428571,1517.6246031746,0.0,-0.048794272795780746,1268.1847826087,1000.0119047619,0.0,0.2681696853505471,7.1818125,7.206284210526316,0.0,-0.003395884732185439,2.316235294117647,2.164842105263158,0.0,0.06993267014089488,2.109588235294117,2.1122105263157893,0.0,-0.0012414913139582318,2.237,2.165,0.0,0.033256351039260945,6.01,6.01,0.0,0.0,317.523,311.919,0.0,0.017966202764179373,2.763,2.763,0.0,0.0,2509.95959088872,2350.29763341147,0.0,0.06793265465935883,120.7618,126.3113,0.005431353292183472,-0.03874237696864813,259.856,252.129,0.006595960839849813,0.03744511738038869,4.06,4.36,0.007389162561576512,-0.061926605504587284
2025-12-01,383.520686995902,195.719077321429,1168.53806284058,934.503407087944,69.8466666666667,68.5366666666667,355.068,120.5266,5.45251875,-0.08,-9999.0,0.39,0.149,0.222,3.744,173.194763481667,1265.73041904762,1443.57321428571,1268.1847826087,7.1818125,2.316235294117647,2.109588235294117,2.237,6.01,317.523,2.763,2509.95959088872,120.1883,261.303,4.14,5.95199758982845,383.520686995902,361.236500625,195.719077321429,202.829961026786,0.0,-0.03505834971007027,1168.53806284058,903.222793,0.0,0.2937428859156126,934.503407087944,1127.77705164522,0.0,-0.17137575576247555,69.8466666666667,73.2277272727273,0.0,-0.04617186319969013,68.5366666666667,70.1522727272727,0.0,-0.023029988877009133,355.068,318.21,0.0,0.11582916941642307,120.5266,127.814,0.0,-0.05701566338585751,5.45251875,6.1009714285714285,0.0,-0.10628679156480925,-0.08,-0.52,0.0,-0.8461538461538461,-9999.0,4.97,0.0,-2012.8712273641852,0.39,0.39,0.0,0.0,0.149,-0.331,0.0,-1.4501510574018126,0.222,0.261,0.0,-0.14942528735632188,3.744,3.494,0.0,0.07155123068116764,173.194763481667,185.7943505,0.0,-0.06781469395826978,1265.73041904762,1155.70277272727,0.0,0.09520410343976482,1443.57321428571,1446.18541666667,0.0,-0.0018062707249398846,1268.1847826087,1020.48863636364,0.0,0.2427230812953376,7.1818125,7.280695238095238,0.0,-0.01358149666502284,2.316235294117647,2.0350952380952383,0.0,0.1381458964473543,2.109588235294117,2.0407619047619048,0.0,0.03372580131548575,2.237,2.035,0.0,0.09926289926289922,6.01,6.01,0.0,0.0,317.523,294.577,0.0,0.07789474398883822,2.763,2.763,0.0,0.0,2509.95959088872,2245.66195444125,0.0,0.11769252977936762,121.4177,127.5758,-0.010125377107291555,-0.057906750339797974,261.57,252.172,-0.0010207592613831196,0.036209412623130266,4.09,4.39,0.012224938875305513,-0.056947608200455635
2026-01-01,383.520686995902,195.719077321429,1168.53806284058,934.503407087944,69.8466666666667,68.5366666666667,355.068,120.5266,5.45251875,-0.08,-9999.0,0.39,0.149,0.222,3.744,173.194763481667,1265.73041904762,1443.57321428571,1268.1847826087,7.1818125,2.316235294117647,2.109588235294117,2.237,6.01,317.523,2.763,2509.95959088872,119.2298,264.484,4.21,5.95199758982845,383.520686995902,377.853040173913,195.719077321429,214.359926785714,0.0,-0.08696051423323825,1168.53806284058,966.524578608696,0.0,0.20901018836239094,934.503407087944,1030.03810887266,0.0,-0.09274870605445396,69.8466666666667,78.1939130434782,0.0,-0.10675059031986511,68.5366666666667,75.6452173913044,0.0,-0.09397224265832882,355.068,315.788,0.0,0.12438724714048655,120.5266,129.0413,0.0,-0.0659843011500969,5.45251875,6.010880952380952,0.0,-0.09289190832498195,-0.08,-0.59,0.0,-0.864406779661017,-9999.0,5.17,0.0,-1935.0425531914893,0.39,0.39,0.0,0.0,0.149,-0.196,0.0,-1.760204081632653,0.222,0.08,0.0,1.775,3.744,3.634,0.0,0.03026967528893798,173.194763481667,190.629642063492,0.0,-0.09145943093161801,1265.73041904762,1121.69909565217,0.0,0.12840459973065088,1443.57321428571,1450.65887681159,0.0,-0.004884444330188531,1268.1847826087,1041.91304347826,0.0,0.2171695042563897,7.1818125,7.2957,0.0,-0.015610222459805034,2.316235294117647,2.2062,0.0,0.049875484596884734,2.109588235294117,2.1519,0.0,-0.019662514385372365,2.237,2.206,0.0,0.014052583862194101,6.01,6.01,0.0,0.0,317.523,305.53,0.0,0.03925310116846159,2.763,2.763,0.0,0.0,2509.95959088872,2444.62242097007,0.0,0.026726896292116553,120.1883,128.837,-0.007974985917930444,-0.07456864099598715,261.303,256.408,0.01217360688549296,0.03149667717075899,4.14,4.63,0.01690821256038655,-0.09071274298056153
2026-02-01,383.520686995902,195.719077321429,1168.53806284058,934.503407087944,69.8466666666667,68.5366666666667,355.068,120.5266,5.45251875,-0.08,-9999.0,0.39,0.149,0.222,3.744,173.194763481667,1265.73041904762,1443.57321428571,1268.1847826087,7.1818125,2.316235294117647,2.109588235294117,2.237,6.01,317.523,2.763,2509.95959088872,117.906,270.061,4.13,5.95199758982845,383.520686995902,382.0839574125,195.719077321429,221.25454431391,0.0,-0.11541216959707712,1168.53806284058,1010.4986001,0.0,0.1563975078490365,934.503407087944,1067.32480018818,0.0,-0.12444327450914505,69.8466666666667,75.193,0.0,-0.07110147664454525,68.5366666666667,71.5415,0.0,-0.04200126267038429,355.068,318.974,0.0,0.11315655821477622,120.5266,128.0665,0.0,-0.058874881409267776,5.45251875,5.763831578947368,0.0,-0.05401143747580184,-0.08,-0.38,0.0,-0.7894736842105263,-9999.0,1.96,0.0,-5102.530612244898,0.39,0.39,0.0,0.0,0.149,0.017,0.0,7.76470588235294,0.222,0.114,0.0,0.9473684210526316,3.744,3.675,0.0,0.018775510204081636,173.194763481667,190.102642110526,0.0,-0.08894078715133658,1265.73041904762,1124.44539,0.0,0.12564863558880335,1443.57321428571,1460.81375,0.0,-0.011802008102874129,1268.1847826087,1057.5375,0.0,0.19918658450286642,7.1818125,7.273431578947369,0.0,-0.01259640349303015,2.316235294117647,2.455631578947368,0.0,-0.05676596034388626,2.109588235294117,2.111684210526316,0.0,-0.0009925609244747502,2.237,2.456,0.0,-0.08916938110749184,6.01,6.01,0.0,0.0,317.523,312.948,0.0,0.014619042141186478,2.763,2.763,0.0,0.0,2509.95959088872,2438.82489744208,0.0,0.02916760999170065,119.2298,127.8758,-0.011102928965745051,-0.07796471263522886,264.484,257.692,0.021086341706870737,0.04799916179004371,4.21,4.45,-0.019002375296912177,-0.07191011235955058
2026-03-01,383.520686995902,195.719077321429,1168.53806284058,934.503407087944,69.8466666666667,68.5366666666667,355.068,120.5266,5.45251875,-0.08,-9999.0,0.39,0.149,0.222,3.744,173.194763481667,1265.73041904762,1443.57321428571,1268.1847826087,7.1818125,2.316235294117647,2.109588235294117,2.237,6.01,317.523,2.763,2509.95959088872,119.9199,275.77,4.25,5.95199758982845,383.520686995902,369.344173,195.719077321429,207.751690816327,0.0,-0.05791824580400651,1168.53806284058,936.764034380952,0.0,0.24741986236992197,934.503407087944,1057.14730604186,0.0,-0.11601401077501272,69.8466666666667,71.7414285714286,0.0,-0.026410986545596815,68.5366666666667,68.2390476190476,0.0,0.004361418542659035,355.068,329.592,0.0,0.07729556542634519,120.5266,126.4864,0.0,-0.04711810914058745,5.45251875,5.75807619047619,0.0,-0.053065890475985644,-0.08,-0.18,0.0,-0.5555555555555556,-9999.0,0.0,0.0,0.0,0.39,0.39,0.0,0.0,0.149,0.059,0.0,1.5254237288135593,0.222,0.154,0.0,0.4415584415584417,3.744,3.585,0.0,0.04435146443514659,173.194763481667,179.606542063492,0.0,-0.03569902581587692,1265.73041904762,1167.41358095238,0.0,0.08421765833410366,1443.57321428571,1470.3060515873,0.0,-0.018181818181820075,1268.1847826087,1067.50595238095,0.0,0.18798848828913672,7.1818125,7.24925238095238,0.0,-0.009303011870517852,2.316235294117647,2.3443809523809525,0.0,-0.01200558221338588,2.109588235294117,1.9867619047619047,0.0,0.0618223704802372,2.237,2.344,0.0,-0.0456484641638224,6.01,6.01,0.0,0.0,317.523,290.379,0.0,0.09347783414089861,2.763,2.763,0.0,0.0,2509.95959088872,2398.15020856315,0.0,0.04662317728319465,117.906,126.243,0.017080555696911137,-0.050086737482474275,270.061,257.409,0.02113966844527715,0.07133006227443484,4.13,4.28,0.029055690072639306,-0.007009345794392607
2026-04-01,383.520686995902,195.719077321429,1168.53806284058,934.503407087944,69.8466666666667,68.5366666666667,355.068,120.5266,5.45251875,-0.08,-9999.0,0.39,0.149,0.222,3.744,173.194763481667,1265.73041904762,1443.57321428571,1268.1847826087,7.1818125,2.316235294117647,2.109588235294117,2.237,6.01,317.523,2.763,2509.95959088872,119.9199,275.77,4.25,5.95199758982845,383.520686995902,378.066199057543,195.719077321429,215.569093367347,0.0,-0.09208192016696926,1168.53806284058,1047.936054,0.0,0.11508527488890086,934.503407087944,981.177632038137,0.0,-0.0475695974165653,69.8466666666667,66.9272727272727,0.0,0.04362039300914722,68.5366666666667,63.6063636363636,0.0,0.07751273219279686,355.068,332.751,0.0,0.06706816808965255,120.5266,124.4557,0.0,-0.03157026958186726,5.45251875,5.790545454545454,0.0,-0.058375624058025544,-0.08,-0.09,0.0,-0.11111111111111105,-9999.0,-1.49,0.0,6709.738255033557,0.39,0.39,0.0,0.0,0.149,0.149,0.0,0.0,0.222,0.222,0.0,0.0,3.744,3.567,0.0,0.04962153069806563,173.194763481667,174.81674265873,0.0,-0.009278168397344855,1265.73041904762,1229.58069090909,0.0,0.02940004540230934,1443.57321428571,1471.703125,0.0,-0.019113848599247918,1268.1847826087,1120.6193181818198,0.0,0.13168206368805246,7.1818125,7.296781818181818,0.0,-0.01575616772524857,2.316235294117647,2.428333333333333,0.0,-0.04616254188703606,2.109588235294117,1.907333333333333,0.0,0.10604066862676542,2.237,2.428,0.0,-0.07866556836902794,6.01,6.01,0.0,0.0,317.523,287.0,0.0,0.1063519163763067,2.763,2.763,0.0,0.0,2509.95959088872,2449.01448424886,0.0,0.02488556398168984,119.9199,124.1402,0.0,-0.033996239735395894,275.77,257.526,0.0,0.07084333232372653,4.25,4.28,0.0,-0.007009345794392607
