date,price,soy_ret_1d,event_type,direction,primary_driver,secondary_driver,narrative_strength,speculation_level,data_confirmation,fade_risk,oil_chg7,dollar_chg7,rsi_14,vol_30d,mom_5d,mom_20d,news_sentiment,cot_noncomm_long_pct,outcome_1d_pct,outcome_7d_pct,outcome_15d_pct,outcome_30d_pct,fade_occurred_7d
2016-09-08,992.0,0.025,oil_energy,bullish,oil_energy,speculative_mom,0.618,0.96,0.0,0.311,0.0136,-0.0058,33.6,0.014,0.0333,-0.0246,0.0,0.0,0.529,-1.966,-4.209,-0.907,True
2016-09-16,966.0,1.631,macro_fx,bearish,macro_fx,oil_energy,0.562,0.793,0.0,0.104,-0.0543,0.0121,41.1,0.0126,-0.0313,-0.0642,0.0,0.0,0.673,-1.398,-0.958,3.753,True
2016-09-21,975.5,-1.44,oil_energy,bearish,oil_energy,macro_fx,0.588,0.765,0.0,0.2,-0.0205,0.0059,55.3,0.0127,0.0036,-0.0568,0.0,0.0,0.103,-2.204,-1.973,0.436,False
2016-09-22,976.5,0.103,speculative_mom,bullish,speculative_mom,oil_energy,0.375,0.917,0.0,0.2,0.0316,-0.0019,56.0,0.0127,0.0274,-0.0526,0.0,0.0,0.103,-0.358,-1.434,0.512,False
2016-09-23,955.0,-2.202,oil_energy,bullish,oil_energy,speculative_mom,0.506,0.687,0.0,0.0,0.0207,0.0016,45.8,0.0132,-0.0114,-0.0433,0.0,0.0,0.103,-0.358,2.435,0.512,False
2016-09-28,945.5,-0.735,oil_energy,bullish,oil_energy,speculative_mom,0.688,0.79,0.0,0.103,0.0866,-0.0043,35.4,0.0124,-0.0308,-0.0207,0.0,0.0,0.502,1.19,3.173,4.601,False
2016-09-29,950.25,0.502,oil_energy,bullish,oil_energy,speculative_mom,0.615,0.814,0.0,0.0,0.1011,-0.005,35.2,0.0122,-0.0269,-0.0102,0.0,0.0,0.395,0.421,3.446,2.184,False
2016-10-04,963.5,-0.976,oil_energy,bullish,oil_energy,macro_fx,0.551,0.818,0.0,0.2,0.0946,0.0067,47.3,0.0129,0.0115,-0.011,0.0,0.0,-0.701,-0.104,4.826,2.698,True
2016-10-06,958.5,0.183,oil_energy,bullish,oil_energy,macro_fx,0.724,0.796,0.0,0.2,0.1292,0.0128,47.1,0.0129,0.0087,-0.0338,0.0,0.0,-0.183,1.461,4.46,3.867,False
2016-10-11,954.25,-0.261,macro_fx,bearish,macro_fx,oil_energy,0.845,0.725,0.0,0.0,0.0619,0.0226,33.9,0.0116,-0.0193,-0.0307,0.0,0.0,-0.917,2.227,3.144,8.384,True
2016-10-12,945.5,-0.917,macro_fx,bearish,macro_fx,oil_energy,0.743,0.739,0.0,0.0,0.0402,0.0263,35.7,0.0117,-0.0187,-0.0235,0.0,0.0,1.137,3.966,3.305,10.629,False
2016-10-14,962.5,0.654,macro_fx,bearish,macro_fx,speculative_mom,0.515,0.931,0.0,0.0,0.0341,0.0198,53.8,0.0115,0.0042,0.0126,0.0,0.0,0.654,2.935,1.974,8.312,False
2016-10-17,978.25,1.636,macro_fx,bearish,macro_fx,speculative_mom,0.462,0.928,0.0,0.0,0.0022,0.0183,65.6,0.0118,0.0225,0.0127,0.0,0.0,0.654,2.935,1.124,8.312,False
2016-10-19,981.5,0.925,speculative_mom,bullish,speculative_mom,oil_energy,0.49,0.993,0.0,0.327,0.0359,0.014,67.0,0.0118,0.0381,-0.0083,0.0,0.0,-0.611,2.012,0.051,4.687,True
2016-10-24,992.0,0.916,speculative_mom,bullish,speculative_mom,macro_fx,0.586,1.0,0.0,0.0,0.0016,0.0118,59.4,0.0116,0.0141,0.0387,0.0,0.0,-0.126,-1.537,-0.252,5.746,False
2016-10-25,990.75,-0.126,speculative_mom,bullish,speculative_mom,oil_energy,0.648,1.0,0.0,0.0,-0.0077,0.0071,64.7,0.0113,0.0188,0.0481,0.0,0.0,1.943,-1.11,-0.505,3.659,True
2016-10-26,1010.0,1.943,speculative_mom,bullish,speculative_mom,oil_energy,0.728,1.0,0.0,0.106,-0.0152,0.0076,75.3,0.0114,0.029,0.0604,0.0,0.0,0.421,-2.822,-2.03,2.723,True
2016-10-27,1014.25,0.421,speculative_mom,bullish,speculative_mom,macro_fx,0.802,1.0,0.0,0.25,-0.0113,0.0101,75.9,0.0114,0.0397,0.0727,0.0,0.0,-1.282,-2.465,-2.021,1.651,False
2016-10-28,1001.25,-1.282,speculative_mom,bullish,speculative_mom,macro_fx,0.631,1.0,0.0,0.0,-0.0562,0.0049,68.7,0.0109,0.0186,0.0537,0.0,0.0,0.1,0.05,1.898,2.672,False
2016-10-31,1002.25,0.1,speculative_mom,bullish,speculative_mom,oil_energy,0.594,1.0,0.0,0.009,-0.0708,0.0013,70.4,0.0105,0.0103,0.0506,0.0,0.0,-1.796,-2.02,2.769,2.145,False
2016-11-01,984.25,-1.796,macro_fx,bullish,macro_fx,oil_energy,0.579,0.864,0.0,0.2,-0.0822,-0.0101,65.3,0.011,-0.0066,0.0116,0.0,0.0,-0.762,0.483,5.08,4.547,True
2016-11-02,976.75,-0.762,oil_energy,bearish,oil_energy,macro_fx,0.609,0.873,0.0,0.31,-0.1025,-0.0129,58.3,0.0106,-0.0329,0.0138,0.0,0.0,0.307,-0.589,7.09,6.143,True
2016-11-03,979.75,0.307,oil_energy,bearish,oil_energy,macro_fx,0.617,0.921,0.0,0.313,-0.1061,-0.0158,57.2,0.0103,-0.034,0.024,0.0,0.0,0.179,0.995,7.783,4.261,False
2016-11-04,981.5,0.179,oil_energy,bearish,oil_energy,macro_fx,0.591,0.918,0.0,0.2,-0.1039,-0.0158,51.5,0.0103,-0.0197,0.024,0.0,0.0,0.79,0.433,6.215,2.42,False
2016-11-07,989.25,0.79,oil_energy,bearish,oil_energy,macro_fx,0.541,0.964,0.0,0.2,-0.0971,-0.0112,57.7,0.0095,-0.013,0.034,0.0,0.0,1.264,0.025,4.347,1.769,True
2016-11-08,1001.75,1.264,speculative_mom,bullish,speculative_mom,oil_energy,0.555,1.0,0.0,0.0,-0.0764,-0.005,59.1,0.0095,0.0178,0.0498,0.0,0.0,-1.972,-0.799,2.795,-0.724,True
2016-11-14,971.0,-1.82,macro_fx,bearish,macro_fx,oil_energy,0.927,0.826,0.0,0.2,-0.0446,0.0278,42.2,0.0107,-0.0107,0.0088,0.0,0.0,1.905,6.514,7.904,3.682,False
2016-11-15,989.5,1.905,macro_fx,bearish,macro_fx,oil_energy,0.829,0.837,0.0,0.0,0.0258,0.0312,49.6,0.0112,0.0003,0.0115,0.0,0.0,-0.379,5.71,6.013,1.39,True
2016-11-16,985.75,-0.379,macro_fx,bearish,macro_fx,speculative_mom,0.893,0.846,0.0,0.2,0.034,0.0344,41.1,0.0107,-0.016,0.0136,0.0,0.0,0.38,7.127,4.185,1.091,False
2016-11-17,989.5,0.38,macro_fx,bearish,macro_fx,speculative_mom,0.789,0.819,0.0,0.0,0.0118,0.0318,40.9,0.0105,0.0076,0.0082,0.0,0.0,0.43,5.356,4.851,-0.278,False
2016-11-18,993.75,0.43,macro_fx,bearish,macro_fx,speculative_mom,0.832,0.869,0.0,0.0,0.0158,0.0342,47.0,0.0104,0.0048,0.0187,0.0,0.0,0.43,3.874,3.748,1.258,False
2016-11-21,1020.25,2.667,speculative_mom,bullish,speculative_mom,macro_fx,0.616,1.0,0.0,0.169,0.049,0.0259,55.9,0.0114,0.0507,0.0379,0.0,0.0,0.43,3.874,0.76,1.258,False
2016-11-22,1030.0,0.956,speculative_mom,bullish,speculative_mom,macro_fx,0.5,1.0,0.0,0.136,0.0755,0.0228,65.9,0.0114,0.0409,0.0383,0.0,0.0,0.413,-0.243,-0.607,-4.272,True
2016-11-23,1034.25,0.413,oil_energy,bullish,oil_energy,speculative_mom,0.616,1.0,0.0,0.173,0.1071,0.0159,70.5,0.0114,0.0492,0.0439,0.0,0.0,1.136,0.894,-0.508,-3.65,False
2016-11-25,1046.0,1.136,speculative_mom,bullish,speculative_mom,oil_energy,0.653,1.0,0.0,0.234,0.0055,0.013,72.2,0.0113,0.0571,0.0356,0.0,0.0,0.956,0.167,-0.884,-3.872,True
2016-11-28,1056.0,0.956,speculative_mom,bullish,speculative_mom,oil_energy,0.697,1.0,0.0,0.273,0.0331,0.0092,73.7,0.0112,0.0626,0.0412,0.0,0.0,-1.278,-0.663,-3.267,-5.019,False
2016-11-29,1042.5,-1.278,oil_energy,bearish,oil_energy,speculative_mom,0.533,0.958,0.0,0.0,-0.0042,0.0004,66.3,0.0116,0.0218,0.0412,0.0,0.0,-0.983,-1.487,-3.573,-5.019,False
2016-11-30,1032.25,-0.983,oil_energy,bullish,oil_energy,macro_fx,1.0,0.901,0.0,0.0,0.0821,0.0029,59.5,0.0115,0.0022,0.0299,0.0,0.0,-0.242,0.509,-2.47,0.993,True
2016-12-01,1029.75,-0.242,speculative_mom,bearish,speculative_mom,oil_energy,0.465,0.976,0.0,0.2,0.0752,-0.0001,66.6,0.0115,-0.0044,0.0462,0.0,0.0,-0.218,0.121,-3.423,0.993,True
2016-12-02,1027.5,-0.218,speculative_mom,bearish,speculative_mom,oil_energy,0.499,1.0,0.0,0.2,0.076,-0.0027,63.8,0.0114,-0.0177,0.052,0.0,0.0,1.557,0.049,-3.747,4.623,True
2016-12-05,1043.5,1.557,speculative_mom,bearish,speculative_mom,macro_fx,0.585,1.0,0.0,0.329,0.0799,-0.0153,76.5,0.0116,-0.0118,0.0651,0.0,0.0,0.407,-1.893,-2.755,2.563,True
2016-12-06,1047.75,0.407,speculative_mom,bullish,speculative_mom,oil_energy,0.592,1.0,0.0,0.075,0.1057,-0.0099,73.7,0.0115,0.005,0.0675,0.0,0.0,0.119,-1.79,-3.913,1.885,False
2016-12-07,1049.0,0.119,speculative_mom,bullish,speculative_mom,macro_fx,0.533,1.0,0.0,0.126,0.0571,-0.0109,76.3,0.0115,0.0162,0.0604,0.0,0.0,-2.097,-1.168,-4.361,0.834,False
2016-12-08,1027.0,-2.097,oil_energy,bullish,oil_energy,macro_fx,0.67,0.856,0.0,0.2,0.124,0.0014,63.5,0.0122,-0.0027,0.0252,0.0,0.0,1.022,-0.536,-2.97,3.067,True
2016-12-13,1028.0,-0.291,speculative_mom,bearish,speculative_mom,oil_energy,0.502,1.0,0.0,0.2,0.0252,0.0026,49.2,0.0116,-0.0188,0.0587,0.0,0.0,-0.413,-3.259,-2.383,2.067,False
2016-12-14,1023.75,-0.413,macro_fx,bearish,macro_fx,oil_energy,0.642,0.888,0.0,0.2,-0.0145,0.0186,45.6,0.0117,-0.0241,0.0346,0.0,0.0,0.513,-3.394,-3.687,2.067,True
2016-12-15,1029.0,0.513,macro_fx,bearish,macro_fx,speculative_mom,0.734,0.928,0.0,0.0,-0.0006,0.0263,42.4,0.0112,0.0019,0.0439,0.0,0.0,0.753,-3.394,-3.158,-0.437,True
2016-12-16,1036.75,0.753,macro_fx,bearish,macro_fx,speculative_mom,0.614,0.943,0.0,0.2,0.0428,0.0271,41.2,0.0111,-0.0007,0.0478,0.0,0.0,-1.471,-2.894,-3.014,0.0,False
2016-12-23,989.0,-0.553,speculative_mom,bearish,speculative_mom,oil_energy,0.449,0.966,0.0,0.225,0.0388,0.0099,26.4,0.0113,-0.0461,-0.0545,0.0,0.0,-0.553,1.466,8.696,4.852,True
2016-12-27,1014.75,2.604,oil_energy,bullish,oil_energy,speculative_mom,0.303,0.786,0.0,0.0,0.0589,-0.0011,38.0,0.0122,-0.0066,-0.0391,0.0,0.0,-0.553,1.466,5.469,4.852,True
2016-12-29,1003.25,-0.348,macro_fx,bullish,macro_fx,oil_energy,0.446,0.735,0.0,0.0,0.0317,-0.0045,40.5,0.0113,-0.0035,-0.0281,0.0,0.0,-0.673,0.224,5.432,5.083,True
2017-01-03,986.75,-0.978,macro_fx,bearish,macro_fx,oil_energy,0.526,0.787,0.0,0.0,-0.003,0.0018,32.3,0.0115,-0.0023,-0.0397,0.0,0.0,1.976,0.652,6.942,7.55,True
2017-01-05,1003.5,-0.273,macro_fx,bullish,macro_fx,speculative_mom,0.853,0.799,0.0,0.0,0.014,-0.0145,42.8,0.011,-0.0032,-0.0422,0.0,0.0,-1.744,3.602,4.559,2.89,True
2017-01-09,996.5,1.065,oil_energy,bearish,oil_energy,macro_fx,0.523,0.738,0.0,0.0,-0.0388,-0.0129,37.0,0.0114,0.0,-0.0297,0.0,0.0,0.903,7.401,2.81,2.634,False
2017-01-12,1032.0,2.891,macro_fx,bullish,macro_fx,speculative_mom,0.581,0.912,0.0,0.0,0.013,-0.018,57.8,0.0122,0.0284,0.0039,0.0,0.0,-0.249,5.459,-0.484,1.047,True
2017-01-13,1042.5,1.017,speculative_mom,bullish,speculative_mom,macro_fx,0.688,1.0,0.0,0.191,-0.0167,-0.0148,65.0,0.0122,0.0573,0.0183,0.0,0.0,-0.249,1.223,-0.624,-1.679,True
2017-01-17,1069.25,2.566,speculative_mom,bullish,speculative_mom,macro_fx,0.849,1.0,0.0,0.242,-0.0238,-0.0117,72.1,0.0131,0.073,0.0391,0.0,0.0,-0.249,1.223,-2.478,-1.679,True
2017-01-18,1075.0,0.538,speculative_mom,bullish,speculative_mom,macro_fx,0.786,1.0,0.0,0.2,-0.0539,-0.0126,68.6,0.0131,0.0691,0.0369,0.0,0.0,-0.442,-2.395,-1.512,-4.488,False
2017-01-19,1070.25,-0.442,speculative_mom,bullish,speculative_mom,macro_fx,0.747,1.0,0.0,0.201,-0.0114,-0.0077,70.0,0.0128,0.067,0.0477,0.0,0.0,-0.257,-2.395,-1.845,-4.041,False
2017-01-20,1067.5,-0.257,speculative_mom,bullish,speculative_mom,macro_fx,0.533,1.0,0.0,0.122,0.0315,-0.0124,70.4,0.0128,0.0344,0.0619,0.0,0.0,-0.913,-4.028,-0.796,-3.817,False
2017-01-24,1058.5,0.071,speculative_mom,bearish,speculative_mom,macro_fx,0.54,1.0,0.0,0.273,0.0032,-0.0099,73.6,0.0123,-0.0101,0.0644,0.0,0.0,-0.307,-2.008,-1.275,-4.487,False
2017-01-25,1055.25,-0.307,speculative_mom,bearish,speculative_mom,macro_fx,0.552,1.0,0.0,0.2,0.0073,-0.0114,68.1,0.0122,-0.0184,0.067,0.0,0.0,-0.545,-2.677,0.569,-5.212,False
2017-01-30,1022.75,-2.526,speculative_mom,bearish,speculative_mom,macro_fx,0.326,0.884,0.0,0.31,0.0245,-0.0071,59.6,0.0131,-0.0331,0.0194,0.0,0.0,-0.024,-0.619,0.342,-5.051,False
2017-01-31,1024.5,0.171,macro_fx,bullish,macro_fx,speculative_mom,0.669,0.876,0.0,0.307,0.0074,-0.0122,57.3,0.013,-0.0321,0.0281,0.0,0.0,1.196,2.538,-0.171,-2.587,False
2017-02-16,1043.75,-1.649,macro_fx,bearish,macro_fx,speculative_mom,0.552,0.746,0.0,0.0,0.0228,0.0018,48.1,0.0121,-0.0064,-0.0248,0.0,0.0,-1.078,-1.796,-4.551,-9.365,False
2017-02-21,1026.25,-0.605,macro_fx,bearish,macro_fx,speculative_mom,0.267,0.843,0.0,0.0,0.02,0.0072,50.6,0.0118,-0.0266,-0.0298,0.0,0.0,-0.341,0.049,-3.8,-8.624,True
2017-03-08,1011.0,-0.37,oil_energy,bearish,oil_energy,speculative_mom,0.8,0.861,0.0,0.036,-0.0698,0.0093,28.2,0.0102,-0.0291,-0.0304,0.0,0.0,-1.063,-1.088,-4.154,-6.355,False
2017-03-09,1000.25,-1.063,oil_energy,bearish,oil_energy,speculative_mom,0.596,0.89,0.0,0.001,-0.0876,0.0072,30.0,0.0104,-0.0258,-0.0553,0.0,0.0,-0.4,-0.075,-3.724,-4.924,True
2017-03-10,996.25,-0.4,oil_energy,bearish,oil_energy,macro_fx,0.664,0.872,0.0,0.0,-0.0992,-0.0052,32.1,0.0103,-0.0299,-0.0516,0.0,0.0,0.0,0.527,-5.044,-3.513,False
2017-03-13,996.25,0.0,oil_energy,bearish,oil_energy,speculative_mom,0.533,0.908,0.0,0.0,-0.08,-0.008,34.2,0.0103,-0.0297,-0.0593,0.0,0.0,-0.903,0.351,-5.822,-4.191,True
2017-03-14,987.25,-0.903,oil_energy,bearish,oil_energy,speculative_mom,0.687,0.927,0.0,0.0,-0.1052,0.0016,32.3,0.0095,-0.0271,-0.0636,0.0,0.0,1.089,0.38,-5.014,-4.204,True
2017-03-15,998.0,1.089,macro_fx,bullish,macro_fx,oil_energy,0.714,0.836,0.0,0.0,-0.0816,-0.0089,43.2,0.0097,-0.0129,-0.045,0.0,0.0,0.351,0.38,-5.386,-5.235,False
2017-03-16,1001.5,0.351,oil_energy,bearish,oil_energy,macro_fx,0.531,0.89,0.0,0.2,-0.0826,-0.0151,44.1,0.0094,0.0012,-0.0563,0.0,0.0,-0.15,-2.996,-5.991,-5.617,False
2017-03-17,1000.0,-0.15,macro_fx,bullish,macro_fx,speculative_mom,0.555,0.819,0.0,0.2,-0.0298,-0.0173,44.5,0.0094,0.0038,-0.0419,0.0,0.0,-0.05,-2.8,-5.8,-4.1,False
2017-03-22,999.75,-0.175,macro_fx,bullish,macro_fx,oil_energy,0.527,0.724,0.0,0.25,-0.0074,-0.0168,27.5,0.009,0.0018,-0.0225,0.0,0.0,-0.875,-5.376,-5.201,-3.451,False
2017-03-23,991.0,-0.875,macro_fx,bullish,macro_fx,oil_energy,0.585,0.721,0.0,0.126,-0.0004,-0.0191,23.7,0.0085,-0.0105,-0.0203,0.0,0.0,-0.875,-5.323,-3.582,-2.825,False
2017-04-03,938.25,-0.819,speculative_mom,bearish,speculative_mom,oil_energy,0.541,1.0,0.0,0.308,0.0532,0.0078,20.3,0.0078,-0.0342,-0.0862,0.0,0.0,-0.053,1.013,1.732,4.05,False
2017-04-18,946.0,-0.761,macro_fx,bullish,macro_fx,speculative_mom,0.613,0.857,0.0,0.2,0.0137,-0.0116,32.1,0.0067,0.0045,-0.0535,0.0,0.0,0.449,-0.026,2.035,-3.171,True
2017-04-19,950.25,0.449,oil_energy,bearish,oil_energy,macro_fx,0.581,0.845,0.0,0.2,-0.0345,-0.0142,37.3,0.0066,0.0117,-0.0512,0.0,0.0,-0.368,-0.526,1.21,-3.999,False
2017-04-24,961.25,1.078,macro_fx,bullish,macro_fx,oil_energy,0.681,0.764,0.0,0.2,-0.0731,-0.0168,68.9,0.0069,0.0084,-0.0149,0.0,0.0,-0.702,0.442,0.416,-3.927,True
2017-04-25,954.5,-0.702,macro_fx,bullish,macro_fx,oil_energy,0.532,0.769,0.0,0.2,-0.0681,-0.0173,62.5,0.007,0.009,-0.0175,0.0,0.0,-0.917,1.126,2.279,-2.488,True
2017-05-04,965.25,-0.026,oil_energy,bearish,oil_energy,macro_fx,0.743,0.86,0.0,0.0,-0.0815,-0.0006,56.9,0.0074,0.0206,0.0222,0.0,0.0,-0.233,0.0,-2.668,-2.72,True
2017-05-16,976.25,1.14,macro_fx,bullish,macro_fx,speculative_mom,0.624,0.894,0.0,0.009,0.0528,-0.0055,70.5,0.0066,0.0114,0.032,0.0,0.0,-0.051,-3.764,-4.661,-6.376,False
2017-05-17,975.75,-0.051,macro_fx,bullish,macro_fx,oil_energy,0.539,0.867,0.0,0.0,0.0569,-0.0174,70.0,0.0066,0.0146,0.0268,0.0,0.0,-0.051,-5.047,-3.869,-6.175,False
2017-05-18,944.75,-3.177,macro_fx,bullish,macro_fx,oil_energy,0.525,0.733,0.0,0.0,0.0756,-0.0172,49.8,0.0089,-0.0118,-0.0021,0.0,0.0,-0.051,-5.047,-0.344,-6.175,False
2017-05-19,953.0,0.873,macro_fx,bullish,macro_fx,oil_energy,0.749,0.743,0.0,0.2,0.0634,-0.0253,47.0,0.009,-0.001,0.0021,0.0,0.0,0.367,-3.882,-2.282,1.233,True
2017-05-22,956.5,0.367,macro_fx,bullish,macro_fx,oil_energy,0.773,0.711,0.0,0.0,0.0606,-0.0265,49.3,0.009,-0.0091,-0.0049,0.0,0.0,-0.863,-4.626,-2.509,2.065,False
2017-05-23,948.25,-0.863,macro_fx,bullish,macro_fx,oil_energy,0.56,0.869,0.0,0.0,0.0759,-0.0191,41.6,0.0092,-0.0287,-0.0065,0.0,0.0,0.0,-2.847,-1.74,3.427,False
2017-05-25,939.5,-0.923,oil_energy,bullish,oil_energy,macro_fx,0.752,0.699,0.0,0.0,0.0049,-0.0088,39.3,0.0092,-0.0056,-0.0066,0.0,0.0,-1.384,-1.703,-0.053,8.595,False
2017-05-30,912.75,-1.484,speculative_mom,bearish,speculative_mom,macro_fx,0.508,1.0,0.0,0.188,0.0063,-0.0061,28.2,0.0097,-0.0457,-0.0482,0.0,0.0,0.356,2.766,1.643,11.394,False
2017-06-07,930.75,0.785,oil_energy,bearish,oil_energy,speculative_mom,0.799,0.832,0.0,0.202,-0.0819,-0.0067,29.9,0.0096,0.0161,-0.0357,0.0,0.0,0.779,0.886,-1.8,8.864,False
2017-06-08,938.0,0.779,oil_energy,bearish,oil_energy,speculative_mom,0.517,0.93,0.0,0.2,-0.081,-0.0037,46.2,0.0096,0.0282,-0.0247,0.0,0.0,0.373,-0.027,-2.399,7.569,True
2017-06-14,931.75,-0.08,oil_energy,bearish,oil_energy,speculative_mom,0.578,0.829,0.0,0.2,-0.0563,0.0014,40.2,0.0094,0.0011,-0.0456,0.0,0.0,0.322,-2.925,5.259,6.761,True
2017-06-27,911.25,0.496,macro_fx,bullish,macro_fx,oil_energy,0.768,0.778,0.0,0.0,-0.0112,-0.0071,36.6,0.0095,-0.0178,-0.0016,0.0,0.0,0.302,8.161,9.712,5.679,False
2017-06-29,915.5,0.164,macro_fx,bullish,macro_fx,oil_energy,0.633,0.802,0.0,0.0,0.0393,-0.0217,30.3,0.0092,0.0127,0.0036,0.0,0.0,0.164,11.988,10.213,2.185,False
2017-06-30,942.25,2.922,macro_fx,bullish,macro_fx,speculative_mom,0.566,1.0,0.0,0.139,0.0825,-0.0195,56.7,0.0092,0.0417,0.0228,0.0,0.0,0.164,11.988,5.864,2.185,False
2017-07-03,964.75,2.388,speculative_mom,bullish,speculative_mom,oil_energy,0.823,1.0,0.0,0.2,0.1013,-0.0137,65.5,0.0101,0.064,0.0464,0.0,0.0,1.192,11.988,1.736,-4.457,False
2017-07-05,976.25,1.192,speculative_mom,bullish,speculative_mom,oil_energy,0.899,1.0,0.0,0.2,0.0493,-0.0104,69.4,0.0103,0.0713,0.0571,0.0,0.0,0.461,0.922,1.28,-5.583,False
2017-07-06,980.75,0.461,speculative_mom,bullish,speculative_mom,macro_fx,0.91,1.0,0.0,0.2,0.0493,-0.0165,69.8,0.0101,0.073,0.0537,0.0,0.0,0.461,0.433,1.427,-5.149,False
2017-07-07,996.0,1.555,speculative_mom,bullish,speculative_mom,oil_energy,1.0,1.0,0.0,0.249,-0.0002,-0.0048,72.4,0.0105,0.0879,0.0618,0.0,0.0,0.461,0.433,0.477,-5.149,False
2017-07-10,1020.25,2.435,speculative_mom,bullish,speculative_mom,oil_energy,0.996,1.0,0.0,0.35,-0.0076,0.0,77.5,0.011,0.0828,0.0836,0.0,0.0,0.49,-2.009,-2.524,-8.601,True
2017-07-11,1025.25,0.49,speculative_mom,bullish,speculative_mom,macro_fx,0.857,1.0,0.0,0.472,0.0024,0.0012,83.6,0.0106,0.0627,0.1009,0.0,0.0,-0.829,-1.17,-6.413,-8.925,False
2017-07-12,1016.75,-0.829,speculative_mom,bullish,speculative_mom,oil_energy,0.765,1.0,0.0,0.416,-0.0119,0.0014,83.9,0.0102,0.0415,0.0903,0.0,0.0,-0.829,-0.762,-4.942,-8.04,False
2017-07-13,972.5,-4.352,speculative_mom,bearish,speculative_mom,oil_energy,0.414,0.943,0.0,0.2,-0.021,-0.0049,69.7,0.0134,-0.0084,0.0437,0.0,0.0,-0.829,-0.762,-2.262,-8.04,False
2017-07-14,985.25,1.311,macro_fx,bullish,macro_fx,speculative_mom,0.52,0.991,0.0,0.234,0.0312,-0.0123,71.7,0.0135,-0.0108,0.054,0.0,0.0,-0.025,-0.381,-3.654,-4.694,False
2017-07-19,999.75,1.036,speculative_mom,bearish,speculative_mom,oil_energy,0.644,1.0,0.0,0.247,0.0613,-0.013,72.4,0.0135,-0.0167,0.0776,0.0,0.0,1.35,0.1,-3.676,-7.677,True
2017-07-20,1013.25,1.35,speculative_mom,bullish,speculative_mom,macro_fx,0.818,1.0,0.0,0.219,0.0389,-0.0154,74.0,0.0136,0.0419,0.1029,0.0,0.0,-0.419,-1.85,-8.142,-7.599,False
2017-07-21,1009.0,-0.419,speculative_mom,bullish,speculative_mom,macro_fx,0.901,1.0,0.0,0.0,0.0062,-0.0193,68.4,0.0136,0.0241,0.1162,0.0,0.0,-1.14,-1.85,-7.284,-6.64,False
2017-07-24,997.5,-1.14,speculative_mom,bullish,speculative_mom,macro_fx,0.793,1.0,0.0,0.0,0.0056,-0.0183,59.6,0.0139,0.0127,0.1028,0.0,0.0,-1.604,-3.108,-7.218,-3.709,False
2017-07-25,981.5,-1.604,speculative_mom,bearish,speculative_mom,oil_energy,0.641,1.0,0.0,0.2,0.029,-0.0111,51.5,0.0141,-0.0081,0.0824,0.0,0.0,0.739,-3.108,-6.088,-1.732,True
2017-07-26,988.75,0.739,speculative_mom,bearish,speculative_mom,macro_fx,0.653,1.0,0.0,0.2,0.0593,-0.0153,52.3,0.0141,-0.011,0.085,0.0,0.0,0.607,-3.995,-6.776,-2.579,True
2017-07-27,994.75,0.607,speculative_mom,bearish,speculative_mom,oil_energy,0.672,1.0,0.0,0.2,0.0569,-0.0085,49.6,0.0141,-0.0183,0.0883,0.0,0.0,0.603,-3.518,-6.484,-3.845,True
2017-07-28,1000.75,0.603,speculative_mom,bearish,speculative_mom,macro_fx,0.7,1.0,0.0,0.2,0.055,-0.0162,43.5,0.0141,-0.0082,0.0931,0.0,0.0,-0.625,-3.772,-6.32,-4.597,False
2017-08-01,959.5,-3.519,oil_energy,bullish,oil_energy,speculative_mom,0.432,0.856,0.0,0.0,0.0741,-0.0097,33.9,0.0157,-0.0224,-0.0054,0.0,0.0,-0.625,-3.167,-2.684,-5.053,False
2017-08-03,950.5,-1.655,speculative_mom,bearish,speculative_mom,macro_fx,0.561,1.0,0.0,0.148,0.0238,-0.0132,37.9,0.0158,-0.0445,-0.0308,0.0,0.0,-0.625,-3.207,-0.973,0.078,False
2017-08-04,949.25,-0.132,macro_fx,bullish,macro_fx,speculative_mom,0.649,1.0,0.0,0.172,0.017,-0.0014,37.7,0.0155,-0.0515,-0.0469,0.0,0.0,1.106,-2.897,-1.08,1.949,True
2017-08-10,930.75,-3.349,oil_energy,bearish,oil_energy,speculative_mom,0.342,0.868,0.0,0.094,-0.0116,0.004,25.3,0.0169,-0.0208,-0.0429,0.0,0.0,0.0,-2.648,0.591,0.805,False
2017-08-15,921.75,-0.405,speculative_mom,bearish,speculative_mom,macro_fx,0.524,1.0,0.0,0.215,-0.0409,0.0033,26.4,0.0155,-0.0428,-0.0685,0.0,0.0,0.0,2.116,4.638,4.746,False
2017-08-16,921.75,0.0,speculative_mom,bearish,speculative_mom,oil_energy,0.579,1.0,0.0,0.28,-0.0528,0.0006,23.2,0.0153,-0.0428,-0.078,0.0,0.0,0.922,1.871,4.502,4.095,False
2017-08-17,930.25,0.922,speculative_mom,bearish,speculative_mom,oil_energy,0.607,1.0,0.0,0.109,-0.0423,-0.0002,24.5,0.0154,-0.0005,-0.0819,0.0,0.0,0.779,0.537,2.822,4.085,False
2017-08-18,937.5,0.779,speculative_mom,bullish,speculative_mom,oil_energy,0.519,1.0,0.0,0.209,-0.0212,-0.001,29.6,0.0151,0.0021,-0.0709,0.0,0.0,-0.533,-0.72,1.84,2.107,False
2017-08-23,935.0,0.134,speculative_mom,bullish,speculative_mom,macro_fx,0.384,0.923,0.0,0.2,0.0172,-0.0033,41.3,0.0142,0.0144,-0.0544,0.0,0.0,0.668,0.749,3.449,3.556,False
2017-08-24,941.25,0.668,speculative_mom,bullish,speculative_mom,oil_energy,0.377,0.918,0.0,0.2,-0.0025,-0.0061,45.7,0.0121,0.0118,-0.0538,0.0,0.0,-0.239,2.045,2.922,3.293,True
2017-08-25,939.0,-0.239,macro_fx,bullish,macro_fx,speculative_mom,0.472,0.956,0.0,0.2,0.0233,-0.008,37.9,0.0118,0.0016,-0.0617,0.0,0.0,-0.399,2.716,3.062,2.955,True
2017-09-05,960.5,1.964,oil_energy,bullish,oil_energy,macro_fx,0.489,0.904,0.0,0.055,0.0259,-0.0104,72.7,0.0122,0.027,0.0008,0.0,0.0,0.416,0.703,0.312,2.525,False
2017-09-07,963.25,-0.13,macro_fx,bullish,macro_fx,speculative_mom,0.664,1.0,0.0,0.148,0.0541,-0.0074,70.1,0.0118,0.0436,0.0003,0.0,0.0,-0.701,0.467,-0.389,2.414,True
2017-09-08,956.5,-0.701,oil_energy,bullish,oil_energy,macro_fx,0.576,0.852,0.0,0.0,0.0224,-0.011,61.7,0.0118,0.0216,0.0277,0.0,0.0,-0.183,0.941,1.228,2.326,False
2017-09-13,953.0,0.927,macro_fx,bullish,macro_fx,oil_energy,0.555,0.858,0.0,0.2,0.0425,-0.0031,59.5,0.0101,-0.0119,0.0339,0.0,0.0,1.495,3.279,0.551,2.361,False
2017-09-20,970.0,0.466,macro_fx,bearish,macro_fx,oil_energy,0.654,0.875,0.0,0.1,0.0487,0.0071,75.0,0.0098,0.0178,0.0388,0.0,0.0,0.077,-0.18,-0.49,1.134,False
2017-09-25,971.25,-1.321,oil_energy,bullish,oil_energy,macro_fx,0.529,0.847,0.0,0.0,0.0467,0.0058,56.4,0.0082,0.0036,0.0343,0.0,0.0,-0.798,-1.338,2.033,1.313,False
2017-09-28,959.5,-0.621,macro_fx,bearish,macro_fx,speculative_mom,0.438,0.869,0.0,0.2,0.042,0.0142,51.7,0.0081,-0.0116,0.0395,0.0,0.0,0.912,0.756,2.814,1.641,False
2017-09-29,968.25,0.912,speculative_mom,bearish,speculative_mom,macro_fx,0.26,0.84,0.0,0.2,0.025,0.0062,57.1,0.0081,-0.0163,0.0342,0.0,0.0,-1.136,-0.232,1.084,0.93,True
2017-10-02,957.25,-1.136,macro_fx,bearish,macro_fx,oil_energy,0.431,0.797,0.0,0.2,0.0006,0.0141,56.8,0.0084,-0.0144,0.0162,0.0,0.0,-0.209,0.836,2.455,0.653,True
2017-10-06,972.25,0.413,oil_energy,bearish,oil_energy,macro_fx,0.548,0.748,0.0,0.0,-0.0547,0.0047,52.5,0.0084,0.0041,0.0165,0.0,0.0,-0.566,1.286,0.309,1.877,True
2017-10-12,992.0,2.771,speculative_mom,bullish,speculative_mom,oil_energy,0.32,0.88,0.0,0.0,0.0036,-0.0048,53.8,0.0095,0.0245,0.0256,0.0,0.0,-0.078,1.399,-0.302,3.315,False
2017-10-26,971.25,-0.436,macro_fx,bearish,macro_fx,speculative_mom,0.816,0.806,0.0,0.2,0.0146,0.012,49.4,0.0082,-0.0155,0.0122,0.0,0.0,0.412,1.313,0.077,1.905,False
2017-10-27,975.25,0.412,macro_fx,bearish,macro_fx,oil_energy,0.541,0.7,0.0,0.2,0.0357,0.0167,55.4,0.0083,-0.0036,0.0072,0.0,0.0,-0.256,1.102,1.564,0.743,True
2017-11-06,984.0,0.716,oil_energy,bullish,oil_energy,macro_fx,0.622,0.771,0.0,0.0,0.0895,0.0012,49.4,0.0081,0.0116,0.0178,0.0,0.0,0.203,-1.842,0.915,-2.846,True
2017-11-14,959.0,-0.467,macro_fx,bullish,macro_fx,speculative_mom,0.571,0.914,0.0,0.0,0.0011,-0.0117,40.1,0.0083,-0.0274,-0.0261,0.0,0.0,-0.467,3.571,4.562,-1.382,True
2017-11-15,976.25,1.799,oil_energy,bearish,oil_energy,macro_fx,0.324,0.774,0.0,0.0,-0.0352,-0.0096,52.6,0.0089,-0.0119,-0.0081,0.0,0.0,-0.467,3.571,1.613,-1.382,True
2017-11-17,990.5,1.903,oil_energy,bearish,oil_energy,macro_fx,0.471,0.788,0.0,0.0,-0.0046,-0.0128,57.9,0.0094,0.0136,0.012,0.0,0.0,-0.05,0.202,-0.808,-3.104,False
2017-11-22,997.25,0.834,macro_fx,bullish,macro_fx,oil_energy,0.64,0.86,0.0,0.0,0.0222,-0.0134,53.9,0.0094,0.0215,0.0223,0.0,0.0,-0.401,0.125,-2.958,-3.911,True
2017-12-06,1002.75,-0.57,oil_energy,bearish,oil_energy,macro_fx,0.613,0.768,0.0,0.0,-0.037,0.0076,67.0,0.0079,0.0103,0.017,0.0,0.0,-1.072,-3.54,-5.684,-1.845,False
2017-12-12,975.75,-0.687,macro_fx,bearish,macro_fx,speculative_mom,0.509,0.965,0.0,0.308,-0.0209,0.0129,41.8,0.0083,-0.0325,0.0127,0.0,0.0,0.359,-2.767,-1.691,0.999,True
2017-12-13,979.25,0.359,macro_fx,bearish,macro_fx,speculative_mom,0.598,0.879,0.0,0.2,-0.0151,0.0026,38.2,0.0084,-0.0234,0.0211,0.0,0.0,-1.174,-3.038,-1.813,1.251,False
2017-12-26,959.25,1.027,oil_energy,bullish,oil_energy,speculative_mom,0.534,0.849,0.0,0.238,0.0514,-0.0025,18.1,0.008,-0.0023,-0.0369,0.0,0.0,-0.391,0.235,1.433,2.971,True
2018-01-12,944.0,0.372,macro_fx,bullish,macro_fx,oil_energy,0.844,0.844,0.0,0.0,0.0433,-0.0129,46.4,0.0063,-0.0182,-0.036,0.0,0.0,0.372,5.111,2.728,9.958,False
2018-01-16,968.0,2.542,macro_fx,bullish,macro_fx,oil_energy,0.541,0.77,0.0,0.0,0.0277,-0.0159,60.5,0.0079,0.0102,0.0003,0.0,0.0,0.372,5.111,1.885,9.958,False
2018-01-18,973.0,0.439,macro_fx,bullish,macro_fx,speculative_mom,0.625,0.944,0.0,0.0,0.036,-0.0198,60.9,0.0077,0.0275,0.012,0.0,0.0,0.437,1.901,1.516,9.018,False
2018-01-19,977.25,0.437,macro_fx,bullish,macro_fx,speculative_mom,0.671,1.0,0.0,0.153,0.0065,-0.0212,71.1,0.0075,0.0391,0.0222,0.0,0.0,0.716,2.354,0.588,9.158,False
2018-01-22,984.25,0.716,speculative_mom,bullish,speculative_mom,macro_fx,0.659,1.0,0.0,0.173,-0.0013,-0.0209,71.5,0.0076,0.0426,0.0317,0.0,0.0,0.203,1.168,1.778,8.153,False
2018-01-23,986.25,0.203,macro_fx,bullish,macro_fx,speculative_mom,0.574,0.904,0.0,0.021,0.0105,-0.0188,71.0,0.0074,0.0189,0.0395,0.0,0.0,0.608,-0.127,2.586,6.971,True
2018-01-24,992.25,0.608,macro_fx,bullish,macro_fx,speculative_mom,0.895,0.935,0.0,0.03,0.0204,-0.0193,71.5,0.0074,0.0243,0.045,0.0,0.0,0.0,-1.361,2.52,6.198,False
2018-02-02,978.75,-0.635,macro_fx,bullish,macro_fx,speculative_mom,0.592,0.801,0.0,0.2,-0.0024,-0.0001,69.0,0.0074,-0.0068,0.0203,0.0,0.0,-0.92,3.372,5.67,6.548,True
2018-02-06,986.25,1.701,oil_energy,bearish,oil_energy,macro_fx,0.38,0.851,0.0,0.2,-0.0416,0.0058,59.5,0.0081,-0.014,0.0292,0.0,0.0,-0.33,3.853,5.957,4.411,True
2018-02-07,983.0,-0.33,macro_fx,bearish,macro_fx,oil_energy,0.721,0.848,0.0,0.2,-0.0575,0.0106,55.5,0.0082,-0.0128,0.0285,0.0,0.0,0.483,3.917,7.579,4.756,False
2018-02-08,987.75,0.483,macro_fx,bearish,macro_fx,oil_energy,0.517,0.929,0.0,0.0,-0.0519,0.0117,55.7,0.008,0.0028,0.043,0.0,0.0,-0.481,3.923,7.391,4.1,True
2018-02-09,983.0,-0.481,oil_energy,bearish,oil_energy,macro_fx,0.717,0.941,0.0,0.0,-0.0854,0.0147,49.3,0.008,0.0043,0.0452,0.0,0.0,1.907,5.214,8.52,4.323,False
2018-02-12,1001.75,1.907,oil_energy,bearish,oil_energy,macro_fx,0.813,1.0,0.0,0.11,-0.0989,0.0174,57.3,0.0084,0.033,0.0612,0.0,0.0,0.998,3.02,6.264,1.772,False
2018-02-13,1011.75,0.998,oil_energy,bearish,oil_energy,macro_fx,0.775,0.939,0.0,0.0,-0.0956,0.0056,58.9,0.0085,0.0259,0.0452,0.0,0.0,0.544,2.422,4.275,0.618,False
2018-02-14,1017.25,0.544,macro_fx,bullish,macro_fx,speculative_mom,0.543,1.0,0.0,0.116,-0.0553,-0.0048,60.8,0.0085,0.0348,0.0501,0.0,0.0,0.688,1.671,3.588,0.618,False
2018-02-15,1024.25,0.688,speculative_mom,bullish,speculative_mom,macro_fx,0.563,1.0,0.0,0.123,-0.0323,-0.0112,66.7,0.0085,0.037,0.0527,0.0,0.0,-0.268,1.342,0.488,1.098,True
2018-02-16,1021.5,-0.268,speculative_mom,bullish,speculative_mom,macro_fx,0.59,1.0,0.0,0.131,-0.0018,-0.0129,63.3,0.0086,0.0392,0.0453,0.0,0.0,0.489,2.301,1.15,1.615,False
2018-02-20,1026.5,0.489,macro_fx,bullish,macro_fx,speculative_mom,0.667,0.918,0.0,0.0,0.0123,-0.0057,62.1,0.0086,0.0247,0.0429,0.0,0.0,0.755,3.02,1.364,-1.096,False
2018-02-23,1036.25,0.412,oil_energy,bullish,oil_energy,speculative_mom,0.519,0.92,0.0,0.167,0.0737,0.002,78.3,0.0083,0.0117,0.0443,0.0,0.0,-0.193,2.726,1.279,1.037,False
2018-02-27,1038.0,0.363,macro_fx,bearish,macro_fx,speculative_mom,0.821,0.93,0.0,0.233,0.0272,0.02,81.7,0.0081,0.0112,0.0469,0.0,0.0,0.674,1.517,-0.939,0.939,False
2018-02-28,1045.0,0.674,macro_fx,bearish,macro_fx,oil_energy,0.703,0.916,0.0,0.3,-0.0006,0.0169,86.3,0.007,0.0104,0.0447,0.0,0.0,1.196,1.517,-1.459,1.507,False
2018-03-01,1057.5,1.196,speculative_mom,bullish,speculative_mom,macro_fx,0.511,1.0,0.0,0.3,-0.0147,0.0067,87.4,0.0072,0.0247,0.062,0.0,0.0,0.307,-2.293,-2.624,-0.307,True
2018-03-02,1060.75,0.307,speculative_mom,bullish,speculative_mom,macro_fx,0.627,1.0,0.0,0.3,-0.007,-0.0016,92.4,0.0072,0.0236,0.0769,0.0,0.0,0.566,-1.909,-3.064,-1.768,True
2018-03-05,1066.75,0.566,speculative_mom,bullish,speculative_mom,oil_energy,0.724,1.0,0.0,0.405,-0.0032,0.0037,91.1,0.0072,0.0314,0.0899,0.0,0.0,-0.211,-3.586,-3.867,-1.945,False
2018-03-06,1064.5,-0.211,speculative_mom,bullish,speculative_mom,macro_fx,0.776,1.0,0.0,0.3,-0.0149,-0.0029,87.0,0.0072,0.0255,0.0977,0.0,0.0,-0.892,-2.231,-4.227,-2.137,False
2018-03-07,1055.0,-0.892,speculative_mom,bullish,speculative_mom,oil_energy,0.545,1.0,0.0,0.102,-0.0432,-0.002,75.1,0.0075,0.0096,0.0697,0.0,0.0,-0.118,-0.521,-3.507,-1.682,False
2018-03-08,1053.75,-0.118,speculative_mom,bearish,speculative_mom,macro_fx,0.558,1.0,0.0,0.224,-0.0459,-0.0027,71.2,0.0075,-0.0035,0.072,0.0,0.0,-0.118,-0.521,-0.854,-2.372,False
2018-03-09,1029.25,-2.325,oil_energy,bullish,oil_energy,speculative_mom,0.68,0.971,0.0,0.2,0.0065,-0.0057,54.2,0.0088,-0.0297,0.042,0.0,0.0,-0.118,-0.521,0.607,-2.372,False
2018-03-19,1022.5,-2.573,macro_fx,bullish,macro_fx,oil_energy,0.294,0.781,0.0,0.2,0.0323,-0.0024,44.4,0.0101,-0.0104,0.001,0.0,0.0,0.841,-2.859,2.689,-1.12,True
2018-03-20,1028.25,0.562,macro_fx,bearish,macro_fx,oil_energy,0.512,0.794,0.0,0.2,0.0219,0.0031,43.9,0.0099,-0.0118,0.0017,0.0,0.0,0.146,-2.859,1.896,0.438,False
2018-03-21,1029.75,0.146,oil_energy,bullish,oil_energy,macro_fx,0.582,0.707,0.0,0.2,0.0621,-0.0013,38.9,0.0095,0.0012,-0.0044,0.0,0.0,0.0,0.558,3.01,1.311,False
2018-03-23,1028.25,-0.146,oil_energy,bullish,oil_energy,macro_fx,0.574,0.876,0.0,0.0,0.0807,-0.0029,33.6,0.0095,-0.0202,-0.0077,0.0,0.0,-0.267,-1.264,1.337,-2.529,False
2018-03-28,1018.0,-0.147,macro_fx,bearish,macro_fx,oil_energy,0.728,0.823,0.0,0.0,0.0374,0.0018,34.4,0.0087,-0.0114,-0.0258,0.0,0.0,-0.147,2.849,1.891,-0.467,False
2018-03-29,1044.75,2.628,speculative_mom,bullish,speculative_mom,oil_energy,0.202,0.801,0.0,0.2,0.0243,-0.0024,56.6,0.0099,0.0146,-0.0121,0.0,0.0,-0.147,2.849,-1.531,-0.467,False
2018-04-02,1035.5,-0.885,oil_energy,bearish,oil_energy,speculative_mom,0.67,0.815,0.0,0.2,-0.0331,0.003,50.9,0.01,0.0071,-0.0238,0.0,0.0,0.241,1.183,-1.424,-0.467,False
2018-04-04,1015.25,-2.192,speculative_mom,bearish,speculative_mom,macro_fx,0.41,0.94,0.0,0.0,-0.0381,0.0078,44.8,0.0108,-0.0042,-0.0463,0.0,0.0,1.576,3.841,1.207,-1.855,False
2018-04-05,1031.25,1.576,macro_fx,bearish,macro_fx,oil_energy,0.68,0.814,0.0,0.2,-0.0307,0.0161,46.4,0.0111,0.013,-0.0225,0.0,0.0,0.242,1.042,-0.315,-3.515,False
2018-04-06,1033.75,0.242,oil_energy,bearish,oil_energy,macro_fx,0.525,0.796,0.0,0.0,-0.0489,0.0083,43.7,0.0111,-0.0105,-0.019,0.0,0.0,1.282,1.185,1.088,-3.41,False
2018-04-10,1050.0,0.287,oil_energy,bullish,oil_energy,macro_fx,0.686,0.764,0.0,0.0,0.0088,-0.0062,60.0,0.0113,0.0116,0.0162,0.0,0.0,-0.214,-1.214,-0.714,-1.857,False
2018-04-17,1046.0,0.384,oil_energy,bullish,oil_energy,speculative_mom,0.513,0.76,0.0,0.2,0.0719,-0.0065,59.8,0.0114,-0.0038,0.023,0.0,0.0,-0.406,-1.721,-3.322,-2.199,False
2018-04-18,1041.75,-0.406,oil_energy,bullish,oil_energy,macro_fx,0.6,0.748,0.0,0.2,0.0796,-0.0024,58.6,0.0115,-0.0057,0.0131,0.0,0.0,-0.432,0.312,-3.312,-2.232,True
2018-04-23,1020.75,-0.778,macro_fx,bearish,macro_fx,speculative_mom,0.651,0.893,0.0,0.0,0.0234,0.0133,42.9,0.0107,-0.0204,-0.0073,0.0,0.0,0.147,1.176,-0.759,-1.91,False
2018-04-25,1027.5,0.514,macro_fx,bearish,macro_fx,speculative_mom,0.803,0.823,0.0,0.2,0.0276,0.0195,47.9,0.0107,-0.0137,0.0078,0.0,0.0,0.049,2.054,-2.701,-2.739,False
2018-04-26,1028.0,0.049,macro_fx,bearish,macro_fx,speculative_mom,0.912,0.774,0.0,0.2,0.0251,0.0228,46.7,0.0105,-0.0089,0.0098,0.0,0.0,1.654,-2.505,-3.21,-5.715,True
2018-04-27,1045.0,1.654,macro_fx,bearish,macro_fx,speculative_mom,0.847,0.808,0.0,0.0,-0.0054,0.0214,48.9,0.0107,0.0158,0.0002,0.0,0.0,-0.694,-3.23,-4.45,-8.732,False
2018-04-30,1037.75,-0.694,macro_fx,bearish,macro_fx,speculative_mom,0.823,0.816,0.0,0.0,0.0041,0.0211,43.5,0.0106,0.0167,0.0022,0.0,0.0,0.458,-2.939,-1.205,-8.07,True
2018-05-01,1042.5,0.458,macro_fx,bearish,macro_fx,oil_energy,0.895,0.847,0.0,0.0,-0.0165,0.0236,47.3,0.0095,0.0198,0.0043,0.0,0.0,-0.935,-2.806,-1.151,-8.07,False
2018-05-02,1032.75,-0.935,macro_fx,bearish,macro_fx,oil_energy,0.663,0.72,0.0,0.0,-0.0103,0.0173,35.1,0.0096,0.0051,0.0172,0.0,0.0,1.017,-3.679,0.629,-10.215,True
2018-05-03,1043.25,1.017,macro_fx,bearish,macro_fx,speculative_mom,0.682,0.796,0.0,0.0,0.0108,0.0181,44.4,0.0098,0.0148,0.0116,0.0,0.0,1.017,-3.679,-0.719,-10.215,True
2018-05-04,1027.25,-1.534,macro_fx,bearish,macro_fx,oil_energy,0.583,0.857,0.0,0.0,0.0245,0.0154,42.8,0.0102,-0.017,-0.0063,0.0,0.0,1.017,-3.679,1.387,-10.215,True
2018-05-07,1002.25,-2.434,speculative_mom,bearish,speculative_mom,macro_fx,0.542,1.0,0.0,0.114,0.0372,0.013,32.2,0.0111,-0.0342,-0.0427,0.0,0.0,0.898,-3.679,2.819,-10.215,True
2018-05-08,1011.25,0.898,macro_fx,bearish,macro_fx,oil_energy,0.636,0.982,0.0,0.0,0.0141,0.0173,38.0,0.0113,-0.03,-0.0369,0.0,0.0,-0.396,-1.607,1.162,-12.04,False
2018-05-09,1007.25,-0.396,oil_energy,bullish,oil_energy,macro_fx,0.618,0.931,0.0,0.0,0.0375,0.0131,38.2,0.0113,-0.0247,-0.0387,0.0,0.0,0.596,-0.869,1.117,-12.584,True
2018-05-11,994.75,-1.826,speculative_mom,bearish,speculative_mom,oil_energy,0.543,1.0,0.0,0.105,0.0408,0.0003,40.4,0.0106,-0.0316,-0.0564,0.0,0.0,-1.826,3.594,0.704,-12.088,True
2018-05-14,1013.0,1.835,speculative_mom,bullish,speculative_mom,oil_energy,0.294,0.862,0.0,0.2,0.037,0.0019,47.0,0.0111,0.0107,-0.0278,0.0,0.0,-1.826,3.594,-1.16,-12.088,True
2018-05-15,1018.75,0.568,macro_fx,bearish,macro_fx,speculative_mom,0.633,0.851,0.0,0.2,0.0228,0.007,47.1,0.0112,0.0074,-0.0261,0.0,0.0,-1.826,1.669,-2.405,-14.847,True
2018-05-16,999.75,-1.865,speculative_mom,bearish,speculative_mom,macro_fx,0.397,0.931,0.0,0.0,0.0107,0.0069,41.7,0.011,-0.0074,-0.0403,0.0,0.0,-1.826,1.669,-2.551,-14.847,True
2018-05-21,1025.25,2.679,macro_fx,bearish,macro_fx,oil_energy,0.42,0.775,0.0,0.0,0.0123,0.0111,45.1,0.0115,0.0121,0.0044,0.0,0.0,0.352,2.454,-6.95,-15.023,False
2018-05-23,1039.25,0.849,speculative_mom,bullish,speculative_mom,macro_fx,0.566,1.0,0.0,0.132,0.0124,0.0153,48.8,0.0116,0.0395,0.0114,0.0,0.0,-0.337,-3.608,-10.777,-18.923,False
2018-05-24,1035.75,-0.337,speculative_mom,bullish,speculative_mom,oil_energy,0.582,1.0,0.0,0.137,-0.0084,0.006,52.7,0.0114,0.041,0.0075,0.0,0.0,0.555,-3.331,-12.575,-18.923,True
2018-05-25,1041.5,0.555,oil_energy,bearish,oil_energy,speculative_mom,0.905,1.0,0.0,0.344,-0.0505,0.0086,64.1,0.0114,0.0431,-0.0033,0.0,0.0,-1.056,-4.537,-12.77,-18.171,False
2018-05-29,1030.5,-1.056,oil_energy,bearish,oil_energy,macro_fx,0.662,0.739,0.0,0.2,-0.0666,0.0146,56.8,0.0114,0.0051,-0.007,0.0,0.0,-0.728,-4.537,-13.731,-18.171,False
2018-05-30,1023.0,-0.728,macro_fx,bearish,macro_fx,oil_energy,0.639,0.805,0.0,0.0,-0.0431,0.0054,55.5,0.0114,-0.0073,-0.0187,0.0,0.0,-0.44,-5.254,-13.05,-18.866,False
2018-05-31,1018.5,-0.44,oil_energy,bearish,oil_energy,speculative_mom,0.696,0.886,0.0,0.0,-0.072,0.0033,51.8,0.0114,-0.02,-0.0138,0.0,0.0,0.27,-6.357,-13.549,-20.079,True
2018-06-01,1021.25,0.27,oil_energy,bearish,oil_energy,speculative_mom,0.823,0.828,0.0,0.0,-0.0876,0.0062,60.4,0.0114,-0.014,-0.0211,0.0,0.0,-1.909,-6.585,-12.411,-18.776,False
2018-06-04,1001.75,-1.909,oil_energy,bearish,oil_energy,speculative_mom,0.908,1.0,0.0,0.127,-0.0987,0.0001,45.6,0.0118,-0.0382,-0.0248,0.0,0.0,-0.05,-6.585,-12.703,-16.197,False
2018-06-05,1001.25,-0.05,oil_energy,bearish,oil_energy,speculative_mom,0.691,0.971,0.0,0.0,-0.0734,0.0012,42.9,0.0118,-0.0284,-0.001,0.0,0.0,-0.699,-7.391,-13.383,-15.88,False
2018-06-07,974.25,-2.012,speculative_mom,bearish,speculative_mom,macro_fx,0.672,1.0,0.0,0.145,-0.0117,-0.0151,41.8,0.0123,-0.0434,-0.0328,0.0,0.0,-0.699,-7.391,-11.599,-14.911,False
2018-06-08,969.25,-0.513,speculative_mom,bearish,speculative_mom,oil_energy,0.773,1.0,0.0,0.17,-0.0362,-0.0064,38.6,0.0123,-0.0509,-0.0434,0.0,0.0,-1.599,-7.391,-11.426,-12.535,False
2018-06-11,953.75,-1.599,speculative_mom,bearish,speculative_mom,oil_energy,0.719,1.0,0.0,0.373,-0.014,-0.0044,19.3,0.012,-0.0479,-0.0412,0.0,0.0,0.026,-6.737,-11.035,-10.039,False
2018-06-12,954.0,0.026,speculative_mom,bearish,speculative_mom,macro_fx,0.699,1.0,0.0,0.443,0.0084,-0.0041,15.7,0.012,-0.0472,-0.0582,0.0,0.0,0.026,-7.704,-11.53,-9.775,False
2018-06-13,936.0,-1.887,speculative_mom,bearish,speculative_mom,oil_energy,0.853,1.0,0.0,0.495,0.0292,-0.0033,7.2,0.0123,-0.0586,-0.0812,0.0,0.0,0.026,-7.704,-10.737,-9.775,False
2018-06-14,927.25,-0.935,macro_fx,bearish,macro_fx,speculative_mom,1.0,1.0,0.0,0.461,0.0209,0.0094,6.9,0.0123,-0.0482,-0.0725,0.0,0.0,0.026,-5.689,-5.743,-6.12,False
2018-06-15,905.5,-2.346,speculative_mom,bearish,speculative_mom,oil_energy,0.93,1.0,0.0,0.5,0.0051,0.0121,2.1,0.0125,-0.0658,-0.0899,0.0,0.0,0.026,-5.689,-5.936,-6.12,False
2018-06-18,908.5,0.331,speculative_mom,bearish,speculative_mom,macro_fx,0.802,1.0,0.0,0.458,-0.0015,0.0145,4.5,0.0124,-0.0474,-0.0901,0.0,0.0,0.026,-4.513,-6.192,-6.12,False
2018-06-19,889.0,-2.146,speculative_mom,bearish,speculative_mom,macro_fx,1.0,1.0,0.0,0.5,-0.0102,0.0165,4.1,0.0123,-0.0681,-0.1329,0.0,0.0,0.026,-4.513,-6.665,-6.12,False
2018-06-20,889.5,0.056,speculative_mom,bearish,speculative_mom,macro_fx,1.0,1.0,0.0,0.466,0.0018,0.0158,4.6,0.0121,-0.0497,-0.1368,0.0,0.0,-1.012,-3.485,-6.689,-0.787,False
2018-06-21,880.5,-1.012,speculative_mom,bearish,speculative_mom,macro_fx,1.0,1.0,0.0,0.468,-0.0124,0.0114,2.5,0.0121,-0.0504,-0.1528,0.0,0.0,-1.012,-3.634,-7.553,0.653,False
2018-06-22,894.5,1.59,speculative_mom,bearish,speculative_mom,oil_energy,1.0,1.0,0.0,0.3,0.0291,0.0086,12.4,0.0125,-0.0121,-0.1364,0.0,0.0,-1.012,-3.634,-7.267,0.653,False
2018-06-25,874.5,-2.236,speculative_mom,bearish,speculative_mom,macro_fx,1.0,1.0,0.0,0.425,0.0178,-0.0052,10.9,0.0127,-0.0374,-0.1603,0.0,0.0,-0.829,-4.46,-4.002,1.687,False
2018-06-26,867.25,-0.829,speculative_mom,bearish,speculative_mom,oil_energy,1.0,1.0,0.0,0.3,0.0841,-0.0012,10.9,0.012,-0.0245,-0.1584,0.0,0.0,0.029,-4.46,-2.883,3.056,False
2018-06-27,867.5,0.029,speculative_mom,bearish,speculative_mom,oil_energy,1.0,1.0,0.0,0.3,0.1049,0.0057,12.6,0.0119,-0.0247,-0.152,0.0,0.0,-0.72,-4.46,-2.478,2.334,False
2018-06-28,861.25,-0.72,speculative_mom,bearish,speculative_mom,oil_energy,1.0,1.0,0.0,0.3,0.1288,0.0032,12.5,0.0116,-0.0219,-0.1544,0.0,0.0,-0.319,-1.045,-1.335,2.334,False
2018-06-29,858.5,-0.319,speculative_mom,bearish,speculative_mom,oil_energy,1.0,1.0,0.0,0.434,0.1198,-0.0045,13.7,0.0116,-0.0402,-0.1594,0.0,0.0,-1.165,-1.045,-1.252,-0.582,False
2018-07-02,848.5,-1.165,speculative_mom,bearish,speculative_mom,oil_energy,1.0,1.0,0.0,0.3,0.1282,0.0,12.6,0.0116,-0.0297,-0.153,0.0,0.0,-0.53,-2.18,1.12,1.886,False
2018-07-03,844.0,-0.53,speculative_mom,bearish,speculative_mom,oil_energy,1.0,1.0,0.0,0.3,0.0811,0.0007,13.9,0.0098,-0.0268,-0.1571,0.0,0.0,-1.007,-3.555,1.985,1.6,False
2018-07-05,835.5,-1.007,speculative_mom,bearish,speculative_mom,oil_energy,1.0,1.0,0.0,0.423,0.0714,0.002,13.9,0.0096,-0.0369,-0.1597,0.0,0.0,-1.007,-0.718,3.082,1.6,False
2018-07-06,874.0,4.608,speculative_mom,bullish,speculative_mom,macro_fx,0.65,1.0,0.0,0.2,0.0464,-0.0068,39.1,0.0134,0.0148,-0.1029,0.0,0.0,-1.007,-0.718,-0.4,1.6,False
2018-07-09,851.75,-2.546,speculative_mom,bearish,speculative_mom,macro_fx,0.76,1.0,0.0,0.0,0.015,-0.0127,32.6,0.0139,-0.0079,-0.1212,0.0,0.0,-1.007,-0.718,2.73,1.6,False
2018-07-10,852.25,0.059,speculative_mom,bullish,speculative_mom,macro_fx,0.656,1.0,0.0,0.2,0.009,-0.0134,37.3,0.0138,0.0044,-0.1064,0.0,0.0,-1.007,-0.733,6.043,2.611,False
2018-07-11,829.75,-2.64,oil_energy,bearish,oil_energy,speculative_mom,1.0,1.0,0.0,0.0,-0.0508,0.001,32.0,0.0142,-0.0169,-0.1302,0.0,0.0,-1.007,-0.733,6.87,2.611,False
2018-07-12,830.0,0.03,speculative_mom,bearish,speculative_mom,oil_energy,0.685,1.0,0.0,0.0,-0.0488,-0.0006,34.0,0.0143,-0.0066,-0.1132,0.0,0.0,-1.928,2.139,6.325,1.446,True
2018-07-13,814.0,-1.928,speculative_mom,bearish,speculative_mom,oil_energy,0.985,1.0,0.0,0.305,-0.0422,0.0017,24.8,0.0144,-0.0686,-0.1221,0.0,0.0,1.904,5.405,8.876,3.44,False
2018-07-16,829.5,1.904,oil_energy,bearish,oil_energy,speculative_mom,0.957,0.991,0.0,0.0,-0.0669,0.0004,35.5,0.0151,-0.0261,-0.0839,0.0,0.0,1.206,3.767,5.756,0.633,False
2018-07-17,839.5,1.206,oil_energy,bearish,oil_energy,macro_fx,0.758,0.955,0.0,0.0,-0.0775,0.0099,41.2,0.0153,-0.015,-0.0759,0.0,0.0,0.328,2.591,5.926,-2.263,False
2018-07-18,842.25,0.328,oil_energy,bearish,oil_energy,macro_fx,0.677,0.855,0.0,0.2,-0.0689,0.0106,42.1,0.0154,0.0151,-0.0526,0.0,0.0,0.445,3.354,6.115,-2.256,False
2018-07-19,846.0,0.445,oil_energy,bearish,oil_energy,macro_fx,0.618,0.889,0.0,0.2,-0.0627,0.0113,45.2,0.0155,0.0193,-0.0489,0.0,0.0,0.443,3.428,4.935,-3.132,False
2018-07-20,849.75,0.443,speculative_mom,bullish,speculative_mom,macro_fx,0.697,1.0,0.0,0.346,0.0011,-0.0027,47.2,0.0153,0.0439,-0.0349,0.0,0.0,-0.235,3.428,-0.441,-1.971,True
2018-07-23,847.75,-0.235,oil_energy,bearish,oil_energy,speculative_mom,0.831,0.914,0.0,0.2,-0.0347,-0.0015,49.8,0.0153,0.022,-0.0523,0.0,0.0,1.209,4.6,0.678,-1.858,False
2018-07-25,860.75,0.321,speculative_mom,bullish,speculative_mom,macro_fx,0.37,0.913,0.0,0.2,0.0182,-0.0016,58.4,0.0155,0.022,-0.0075,0.0,0.0,0.058,2.963,-0.378,-3.95,False
2018-07-30,875.0,0.517,speculative_mom,bullish,speculative_mom,oil_energy,0.512,1.0,0.0,0.107,0.0096,-0.0085,61.0,0.0148,0.0321,0.0192,0.0,0.0,0.517,2.143,0.771,-4.25,False
2018-07-31,903.75,3.286,speculative_mom,bullish,speculative_mom,oil_energy,0.817,1.0,0.0,0.45,-0.0241,0.0003,83.6,0.0161,0.0533,0.0651,0.0,0.0,0.517,2.143,-3.237,-4.25,False
2018-08-01,886.75,-1.881,speculative_mom,bullish,speculative_mom,oil_energy,0.47,0.98,0.0,0.148,-0.0034,-0.0005,72.4,0.016,0.0302,0.0507,0.0,0.0,-0.479,2.143,-3.214,-7.217,True
2018-08-02,882.5,-0.479,macro_fx,bearish,macro_fx,speculative_mom,0.515,0.961,0.0,0.196,0.0064,0.0059,79.8,0.016,0.0247,0.0563,0.0,0.0,0.425,-3.286,-4.589,-6.912,True
2018-08-08,893.75,0.506,oil_energy,bearish,oil_energy,speculative_mom,0.73,1.0,0.0,0.025,-0.0455,0.0078,71.3,0.0153,0.0079,0.0771,0.0,0.0,-0.671,-1.371,-7.888,-4.867,False
2018-08-09,887.75,-0.671,speculative_mom,bullish,speculative_mom,macro_fx,0.514,1.0,0.0,0.0,-0.0284,0.0107,66.6,0.0154,0.0059,0.0696,0.0,0.0,-0.671,-0.676,-7.688,-4.562,False
2018-08-10,846.0,-4.703,macro_fx,bearish,macro_fx,speculative_mom,0.801,1.0,0.0,0.351,-0.0004,0.0184,49.4,0.0176,-0.0454,0.0393,0.0,0.0,-0.671,-0.676,-1.537,-4.562,False
2018-08-14,864.5,1.289,macro_fx,bearish,macro_fx,speculative_mom,0.559,0.923,0.0,0.2,-0.0212,0.0167,51.2,0.0177,-0.0278,0.0298,0.0,0.0,-0.81,-2.603,-4.511,-1.677,False
2018-08-15,857.5,-0.81,oil_energy,bearish,oil_energy,speculative_mom,0.688,1.0,0.0,0.335,-0.058,0.0141,48.9,0.0178,-0.0406,0.0181,0.0,0.0,-0.81,-1.808,-3.586,-0.292,False
2018-08-16,885.5,3.265,oil_energy,bearish,oil_energy,macro_fx,0.521,0.902,0.0,0.2,-0.0536,0.015,54.1,0.0186,-0.0025,0.0467,0.0,0.0,-0.81,-1.808,-6.042,-0.292,False
2018-08-17,881.5,-0.452,speculative_mom,bullish,speculative_mom,macro_fx,0.635,1.0,0.0,0.14,-0.0154,0.0105,51.8,0.0166,0.042,0.0374,0.0,0.0,0.028,-6.92,-5.445,-2.694,False
2018-08-21,874.5,-0.822,macro_fx,bullish,macro_fx,oil_energy,0.604,0.788,0.0,0.0,-0.0041,-0.0114,45.8,0.016,0.0116,0.0192,0.0,0.0,-1.858,-6.289,-5.203,-1.487,False
2018-08-22,858.25,-1.858,macro_fx,bullish,macro_fx,oil_energy,0.471,0.684,0.0,0.2,0.0098,-0.0129,42.3,0.0156,0.0009,-0.0029,0.0,0.0,-1.893,-2.942,-4.136,0.117,False
2018-08-23,842.0,-1.893,speculative_mom,bearish,speculative_mom,macro_fx,0.701,1.0,0.0,0.164,0.0118,-0.0115,37.0,0.016,-0.0491,-0.0224,0.0,0.0,0.0,-1.188,-2.435,3.207,False
2018-08-24,842.0,0.0,speculative_mom,bearish,speculative_mom,macro_fx,0.63,1.0,0.0,0.149,0.0571,-0.016,39.1,0.0156,-0.0448,-0.0327,0.0,0.0,-0.861,-1.96,-2.197,3.296,False
2018-08-27,834.75,-0.861,speculative_mom,bearish,speculative_mom,macro_fx,0.744,1.0,0.0,0.178,0.0521,-0.0193,32.6,0.0153,-0.0533,-0.046,0.0,0.0,-1.707,-0.958,-2.486,3.384,False
2018-08-28,820.5,-1.707,speculative_mom,bearish,speculative_mom,macro_fx,0.854,1.0,0.0,0.239,0.0398,-0.0144,28.0,0.0155,-0.0617,-0.0921,0.0,0.0,0.335,1.402,1.158,3.87,False
2018-08-29,823.25,0.335,speculative_mom,bearish,speculative_mom,macro_fx,0.545,1.0,0.0,0.136,0.0464,-0.0136,30.3,0.0155,-0.0408,-0.0716,0.0,0.0,-0.456,1.245,3.28,4.251,True
2018-08-31,833.0,1.647,macro_fx,bullish,macro_fx,speculative_mom,0.39,0.906,0.0,0.0,0.0286,-0.0001,42.2,0.0157,-0.0107,-0.0601,0.0,0.0,-0.12,-0.48,0.96,5.857,False
2018-09-11,820.25,-1.59,oil_energy,bearish,oil_energy,speculative_mom,0.533,0.806,0.0,0.128,-0.0142,0.0036,23.6,0.0157,-0.0141,-0.039,0.0,0.0,0.18,-2.163,5.578,2.999,False
2018-09-13,822.75,-0.754,oil_energy,bearish,oil_energy,macro_fx,0.599,0.81,0.0,0.0,-0.0183,-0.0092,38.7,0.0142,-0.0048,-0.0405,0.0,0.0,-0.152,2.218,4.436,2.309,False
2018-09-19,830.0,1.966,oil_energy,bullish,oil_energy,speculative_mom,0.371,0.848,0.0,0.2,0.053,-0.0063,53.8,0.0144,0.0012,-0.0509,0.0,0.0,-1.154,5.037,2.681,2.396,True
2018-09-20,850.25,2.44,macro_fx,bullish,macro_fx,speculative_mom,0.627,1.0,0.0,0.311,0.0224,-0.0121,64.5,0.0152,0.0334,-0.0093,0.0,0.0,-0.353,0.882,0.941,2.396,True
2018-09-24,841.0,-0.738,oil_energy,bullish,oil_energy,speculative_mom,0.376,0.892,0.0,0.2,0.0509,-0.003,54.5,0.0125,0.0213,-0.0012,0.0,0.0,0.565,2.438,6.005,3.805,False
2018-09-25,845.75,0.565,speculative_mom,bullish,speculative_mom,macro_fx,0.588,1.0,0.0,0.13,0.0477,-0.0089,60.2,0.0125,0.039,0.0132,0.0,0.0,0.503,1.596,4.611,3.104,False
2018-09-26,850.0,0.503,speculative_mom,bullish,speculative_mom,oil_energy,0.374,0.916,0.0,0.0,0.0386,-0.0034,61.4,0.0123,0.0241,0.036,0.0,0.0,0.588,2.235,4.206,2.088,False
2018-09-27,855.0,0.588,macro_fx,bearish,macro_fx,speculative_mom,0.783,0.877,0.0,0.0,0.0325,0.004,61.3,0.0122,0.0056,0.0386,0.0,0.0,-1.111,1.725,0.994,1.462,True
2018-09-28,845.5,-1.111,oil_energy,bullish,oil_energy,speculative_mom,0.318,0.847,0.0,0.2,0.0299,0.0068,55.5,0.0107,-0.0021,0.0317,0.0,0.0,1.449,2.07,1.331,3.519,False
2018-10-01,857.75,1.449,oil_energy,bullish,oil_energy,macro_fx,0.591,0.874,0.0,0.0,0.0636,0.0148,67.2,0.0111,0.0199,0.0297,0.0,0.0,0.962,-0.641,0.087,1.632,True
2018-10-02,866.0,0.962,macro_fx,bearish,macro_fx,oil_energy,0.445,0.91,0.0,0.0,0.0629,0.0137,67.1,0.0113,0.0239,0.0409,0.0,0.0,-0.52,-0.895,-0.982,0.144,False
2018-10-03,861.5,-0.52,macro_fx,bearish,macro_fx,oil_energy,0.521,0.898,0.0,0.0,0.0601,0.0159,68.1,0.0112,0.0135,0.0436,0.0,0.0,-0.261,0.696,-1.306,1.045,True
2018-10-04,859.25,-0.261,oil_energy,bullish,oil_energy,macro_fx,0.644,0.878,0.0,0.0,0.0284,0.0172,67.5,0.0107,0.005,0.0393,0.0,0.0,1.135,0.696,-2.037,1.045,False
2018-10-10,852.25,-1.246,oil_energy,bearish,oil_energy,speculative_mom,0.572,0.826,0.0,0.2,-0.0283,0.0022,51.1,0.0099,-0.0107,0.028,0.0,0.0,0.704,0.528,-1.555,3.608,False
2018-10-11,858.25,0.704,oil_energy,bearish,oil_energy,macro_fx,0.705,0.89,0.0,0.2,-0.0566,-0.0051,56.0,0.01,-0.0012,0.0431,0.0,0.0,1.078,0.029,1.253,2.651,True
2018-10-12,867.5,1.078,oil_energy,bearish,oil_energy,speculative_mom,0.643,0.944,0.0,0.2,-0.0664,-0.0056,64.1,0.0101,-0.0017,0.056,0.0,0.0,1.078,-1.153,0.893,2.651,True
2018-10-15,891.5,2.767,speculative_mom,bullish,speculative_mom,oil_energy,0.585,1.0,0.0,0.004,-0.0343,-0.0071,70.2,0.0108,0.025,0.0826,0.0,0.0,1.078,-1.153,-2.075,2.651,True
2018-10-16,884.75,-0.757,speculative_mom,bullish,speculative_mom,oil_energy,0.609,1.0,0.0,0.0,-0.0326,-0.006,65.0,0.0109,0.0252,0.0869,0.0,0.0,0.113,-4.86,-1.441,0.65,False
2018-10-17,885.75,0.113,oil_energy,bearish,oil_energy,speculative_mom,0.702,1.0,0.0,0.131,-0.0611,-0.002,63.8,0.0108,0.0393,0.0672,0.0,0.0,0.113,-4.601,-2.032,0.169,False
2018-10-18,863.5,-2.512,oil_energy,bearish,oil_energy,macro_fx,0.768,0.766,0.0,0.0,-0.0842,0.0023,57.2,0.0119,0.0061,0.0156,0.0,0.0,0.113,-4.601,0.463,0.169,False
2018-10-19,856.75,-0.782,oil_energy,bearish,oil_energy,macro_fx,0.525,0.762,0.0,0.2,-0.0554,0.0021,49.6,0.012,-0.0124,0.0112,0.0,0.0,0.204,-2.714,2.159,5.719,True
2018-10-23,857.5,-0.116,oil_energy,bearish,oil_energy,speculative_mom,0.9,0.931,0.0,0.303,-0.0688,0.0078,48.2,0.0116,-0.0308,0.0139,0.0,0.0,-0.845,-2.271,1.137,6.064,False
2018-10-24,850.25,-0.845,oil_energy,bearish,oil_energy,speculative_mom,0.622,1.0,0.0,0.334,-0.0691,0.0143,46.1,0.0116,-0.0401,0.0003,0.0,0.0,-1.0,2.94,2.382,7.821,True
2018-10-25,841.75,-1.0,oil_energy,bearish,oil_energy,macro_fx,0.573,0.876,0.0,0.0,-0.0638,0.0171,37.9,0.0116,-0.0252,-0.0155,0.0,0.0,0.386,3.713,5.584,8.078,False
2018-10-26,845.0,0.386,macro_fx,bearish,macro_fx,oil_energy,0.313,0.77,0.0,0.0,-0.031,0.0082,39.3,0.0116,-0.0137,-0.0006,0.0,0.0,-0.71,3.195,5.592,8.284,True
2018-10-29,839.0,-0.71,speculative_mom,bearish,speculative_mom,oil_energy,0.279,0.852,0.0,0.0,-0.0235,0.0071,39.5,0.0117,-0.0227,-0.0219,0.0,0.0,-0.656,3.427,4.142,9.654,True
2018-10-30,833.5,-0.656,macro_fx,bearish,macro_fx,oil_energy,0.433,0.9,0.0,0.0,-0.0425,0.0136,41.4,0.0116,-0.028,-0.0375,0.0,0.0,0.66,4.079,5.699,8.818,False
2018-10-31,839.0,0.66,oil_energy,bearish,oil_energy,macro_fx,0.497,0.764,0.0,0.0,-0.0558,0.0117,41.1,0.0111,-0.0132,-0.0261,0.0,0.0,0.66,4.321,5.244,7.33,False
2018-11-01,869.0,3.576,macro_fx,bearish,macro_fx,oil_energy,0.818,0.986,0.0,0.108,-0.0412,0.0033,50.6,0.0121,0.0324,0.0113,0.0,0.0,0.66,4.321,1.381,7.33,False
2018-11-02,875.25,0.719,speculative_mom,bullish,speculative_mom,oil_energy,0.523,1.0,0.0,0.119,-0.0551,0.0011,42.7,0.0121,0.0358,0.0072,0.0,0.0,-0.257,-0.914,-1.485,3.713,False
2018-11-05,873.0,-0.257,speculative_mom,bullish,speculative_mom,oil_energy,0.584,1.0,0.0,0.135,-0.0628,-0.0034,44.5,0.012,0.0405,0.0037,0.0,0.0,-0.115,-0.286,0.286,3.093,False
2018-11-06,872.0,-0.115,oil_energy,bearish,oil_energy,speculative_mom,0.666,1.0,0.0,0.154,-0.0796,-0.0004,43.6,0.012,0.0462,0.0104,0.0,0.0,-0.487,-0.286,2.122,2.466,False
2018-11-07,867.75,-0.487,oil_energy,bearish,oil_energy,speculative_mom,0.664,0.993,0.0,0.114,-0.0801,-0.006,52.4,0.012,0.0343,0.0182,0.0,0.0,-0.029,2.823,2.247,1.959,False
2018-11-08,867.5,-0.029,oil_energy,bearish,oil_energy,macro_fx,0.681,0.749,0.0,0.2,-0.0833,-0.0038,56.5,0.012,-0.0017,0.0108,0.0,0.0,0.893,2.823,3.141,1.902,False
2018-11-09,875.25,0.893,oil_energy,bearish,oil_energy,macro_fx,0.636,0.742,0.0,0.0,-0.0784,-0.0023,59.4,0.0119,0.0,0.0089,0.0,0.0,-0.4,0.657,3.485,-0.6,True
2018-11-12,871.75,-0.4,macro_fx,bearish,macro_fx,oil_energy,0.58,0.723,0.0,0.0,-0.059,0.0131,57.8,0.0116,-0.0014,-0.0222,0.0,0.0,-0.516,1.291,4.588,-0.315,True
2018-11-13,867.25,-0.516,oil_energy,bearish,oil_energy,macro_fx,1.0,0.713,0.0,0.0,-0.118,0.0079,59.6,0.0116,-0.0054,-0.0198,0.0,0.0,0.375,1.585,4.872,-0.315,False
2018-11-14,870.5,0.375,oil_energy,bearish,oil_energy,macro_fx,0.838,0.713,0.0,0.2,-0.1086,0.0047,67.3,0.0115,0.0032,-0.0172,0.0,0.0,0.375,1.585,5.313,1.379,False
2018-11-15,888.75,2.096,oil_energy,bearish,oil_energy,speculative_mom,0.705,0.903,0.0,0.045,-0.0924,0.0063,72.3,0.0121,0.0245,0.0292,0.0,0.0,0.375,1.585,2.363,1.379,False
2018-11-16,892.25,0.394,oil_energy,bearish,oil_energy,macro_fx,0.639,0.878,0.0,0.156,-0.0845,0.0049,77.8,0.012,0.0194,0.0414,0.0,0.0,0.375,-0.196,2.55,0.897,True
2018-11-19,873.75,-2.073,oil_energy,bearish,oil_energy,macro_fx,0.487,0.777,0.0,0.0,-0.0644,-0.0047,68.5,0.0126,0.0023,0.0178,0.0,0.0,0.375,-0.196,5.293,0.897,True
2018-11-20,881.0,0.83,oil_energy,bearish,oil_energy,macro_fx,1.0,0.823,0.0,0.0,-0.1123,-0.001,69.0,0.0126,0.0159,0.0274,0.0,0.0,0.227,1.561,2.951,3.547,False
2018-11-21,883.0,0.227,oil_energy,bearish,oil_energy,macro_fx,0.648,0.863,0.0,0.0,-0.0884,-0.0085,58.5,0.0123,0.0144,0.0385,0.0,0.0,-0.227,2.576,1.982,2.633,True
2018-11-23,881.0,-0.227,oil_energy,bearish,oil_energy,speculative_mom,1.0,0.897,0.0,0.2,-0.0946,-0.0039,53.7,0.0123,-0.0087,0.0466,0.0,0.0,-0.227,3.49,2.696,3.462,True
2018-11-26,862.25,-2.128,oil_energy,bearish,oil_energy,speculative_mom,0.587,0.951,0.0,0.312,-0.0821,0.0028,44.3,0.0128,-0.0336,0.0204,0.0,0.0,-0.227,3.49,5.277,3.462,True
2018-11-27,875.5,1.537,oil_energy,bearish,oil_energy,speculative_mom,0.615,0.883,0.0,0.0,-0.0868,0.0045,51.6,0.0121,0.002,0.0435,0.0,0.0,-0.227,3.49,2.798,3.462,True
2018-11-28,890.5,1.713,oil_energy,bearish,oil_energy,macro_fx,0.767,0.987,0.0,0.0,-0.1093,0.0033,59.7,0.0124,0.0108,0.0684,0.0,0.0,-0.365,2.162,0.337,0.028,True
2018-11-29,887.25,-0.365,oil_energy,bearish,oil_energy,speculative_mom,0.646,0.939,0.0,0.0,-0.0936,0.0061,58.2,0.0124,0.0048,0.0575,0.0,0.0,0.845,3.128,-0.282,0.676,False
2018-12-03,905.75,1.229,oil_energy,bearish,oil_energy,speculative_mom,0.779,1.0,0.0,0.168,-0.0308,0.0034,63.3,0.0116,0.0504,0.0348,0.0,0.0,0.662,0.138,-3.947,0.221,True
2018-12-04,911.75,0.662,speculative_mom,bullish,speculative_mom,oil_energy,0.576,1.0,0.0,0.138,0.0561,0.0005,67.2,0.0116,0.0414,0.0444,0.0,0.0,-0.247,-1.234,-4.689,0.548,False
2018-12-06,909.5,-0.247,oil_energy,bearish,oil_energy,speculative_mom,0.636,0.876,0.0,0.0,-0.0027,-0.0027,65.2,0.0116,0.0213,0.043,0.0,0.0,0.797,-0.522,-2.941,-0.027,True
2018-12-07,916.75,0.797,speculative_mom,bullish,speculative_mom,oil_energy,0.462,0.974,0.0,0.111,0.0204,-0.0088,61.9,0.0115,0.0332,0.0565,0.0,0.0,-0.764,-0.982,-3.736,-0.191,False
2018-12-10,909.75,-0.764,macro_fx,bearish,macro_fx,oil_energy,0.653,0.898,0.0,0.0,0.0141,0.0044,57.2,0.0114,0.0168,0.0487,0.0,0.0,0.577,-1.072,-1.649,0.687,True
2018-12-11,915.0,0.577,speculative_mom,bullish,speculative_mom,oil_energy,0.324,0.883,0.0,0.0,0.0039,0.0063,69.1,0.0114,0.0102,0.0454,0.0,0.0,0.546,-2.35,-1.612,1.12,True
2018-12-12,920.0,0.546,speculative_mom,bullish,speculative_mom,macro_fx,0.384,0.923,0.0,0.0,0.0043,-0.0024,68.5,0.0113,0.009,0.0553,0.0,0.0,-1.413,-3.832,-1.141,0.353,False
2018-12-13,907.0,-1.413,oil_energy,bearish,oil_energy,speculative_mom,0.542,0.882,0.0,0.2,-0.007,0.0002,60.3,0.0116,-0.0027,0.0458,0.0,0.0,-0.717,-2.536,0.579,1.323,False
2018-12-18,907.75,0.332,oil_energy,bearish,oil_energy,macro_fx,1.0,0.764,0.0,0.2,-0.1211,0.0065,66.8,0.0099,-0.0079,0.0174,0.0,0.0,-0.854,-3.951,-1.349,1.102,False
2018-12-20,893.5,-0.722,oil_energy,bearish,oil_energy,macro_fx,0.744,0.789,0.0,0.2,-0.1117,-0.0114,53.4,0.0101,-0.0149,0.0142,0.0,0.0,-0.979,0.14,-0.308,2.994,True
2018-12-21,884.75,-0.979,oil_energy,bearish,oil_energy,macro_fx,0.714,0.812,0.0,0.2,-0.1087,-0.0008,44.7,0.0102,-0.0175,0.002,0.0,0.0,-0.085,1.752,0.961,4.182,False
2018-12-24,884.0,-0.085,oil_energy,bearish,oil_energy,macro_fx,1.0,0.861,0.0,0.2,-0.1911,-0.0053,36.9,0.0102,-0.0229,0.0034,0.0,0.0,-1.584,2.885,1.188,3.309,True
2018-12-26,870.0,-1.584,oil_energy,bearish,oil_energy,speculative_mom,1.0,1.0,0.0,0.396,-0.0973,-0.004,27.1,0.0106,-0.0416,0.009,0.0,0.0,-0.115,4.856,4.339,5.115,False
2018-12-27,869.0,-0.115,oil_energy,bearish,oil_energy,macro_fx,0.653,0.96,0.0,0.165,-0.1057,-0.0064,27.5,0.0105,-0.0344,-0.0074,0.0,0.0,-0.115,4.287,5.495,4.143,False
2019-01-02,894.75,1.388,macro_fx,bearish,macro_fx,oil_energy,0.583,0.785,0.0,0.0,0.0144,0.0056,39.5,0.0105,0.0122,0.0,0.0,0.0,0.615,0.503,2.375,0.978,False
2019-01-04,909.5,1.027,oil_energy,bullish,oil_energy,speculative_mom,0.867,1.0,0.0,0.355,0.1277,-0.0037,51.3,0.0099,0.0466,-0.0025,0.0,0.0,0.302,-1.787,1.512,-0.962,True
2019-01-07,912.25,0.302,macro_fx,bullish,macro_fx,speculative_mom,0.525,0.965,0.0,0.111,0.0498,-0.0138,56.5,0.0098,0.0334,0.003,0.0,0.0,-0.658,-1.946,0.74,-1.069,False
2019-01-08,906.25,-0.658,oil_energy,bullish,oil_energy,speculative_mom,0.782,0.907,0.0,0.2,0.1159,-0.006,50.8,0.0099,0.0269,-0.0115,0.0,0.0,0.579,0.166,1.628,0.524,True
2019-01-09,911.5,0.579,oil_energy,bullish,oil_energy,macro_fx,1.0,0.835,0.0,0.0,0.1551,-0.0121,52.0,0.0099,0.0187,0.0019,0.0,0.0,-1.755,0.576,0.411,-0.137,True
2019-01-10,895.5,-1.755,oil_energy,bullish,oil_energy,macro_fx,1.0,0.739,0.0,0.0,0.1581,-0.0066,47.8,0.0096,-0.0053,-0.0213,0.0,0.0,0.419,1.535,2.485,1.815,False
2019-01-11,899.25,0.419,oil_energy,bullish,oil_energy,macro_fx,0.696,0.757,0.0,0.0,0.1085,-0.0119,52.9,0.0093,-0.0113,-0.0226,0.0,0.0,-0.945,1.751,2.141,0.5,True
2019-01-15,893.25,0.281,oil_energy,bullish,oil_energy,macro_fx,0.555,0.784,0.0,0.0,0.0865,-0.0023,54.6,0.0089,-0.0143,-0.0081,0.0,0.0,0.14,3.582,3.191,0.476,False
2019-01-16,894.5,0.14,oil_energy,bullish,oil_energy,speculative_mom,0.5,0.821,0.0,0.0,0.0781,0.0037,63.9,0.0088,-0.0187,-0.0113,0.0,0.0,1.481,3.214,2.096,0.531,False
2019-01-18,916.75,0.991,oil_energy,bullish,oil_energy,macro_fx,0.559,0.842,0.0,0.0,0.0275,0.0118,67.8,0.009,0.0195,0.0186,0.0,0.0,-0.818,0.464,-1.282,-1.691,True
2019-01-22,909.25,-0.818,oil_energy,bearish,oil_energy,speculative_mom,0.368,0.854,0.0,0.0,-0.0004,0.008,63.0,0.0091,0.0208,0.0176,0.0,0.0,0.632,0.66,0.907,-2.145,False
2019-01-23,915.0,0.632,speculative_mom,bullish,speculative_mom,macro_fx,0.329,0.886,0.0,0.0,0.02,0.0047,60.5,0.0091,0.0243,0.0342,0.0,0.0,0.109,0.301,0.164,-2.65,False
2019-01-24,916.0,0.109,macro_fx,bearish,macro_fx,oil_energy,0.422,0.885,0.0,0.0,0.0519,0.0106,58.6,0.009,0.024,0.0362,0.0,0.0,1.01,0.273,-1.365,-3.521,True
2019-01-25,925.25,1.01,macro_fx,bullish,macro_fx,speculative_mom,0.771,0.946,0.0,0.0,0.0303,-0.0019,58.6,0.0091,0.0193,0.0635,0.0,0.0,-0.216,-0.54,-1.918,-5.134,False
2019-01-28,923.25,-0.216,oil_energy,bearish,oil_energy,speculative_mom,0.511,0.941,0.0,0.0,-0.0061,-0.0032,56.0,0.0091,0.0071,0.0624,0.0,0.0,-0.46,-0.162,-2.437,-4.17,True
2019-01-29,919.0,-0.46,oil_energy,bullish,oil_energy,speculative_mom,0.427,0.851,0.0,0.0,0.0238,-0.0026,57.1,0.0087,0.0107,0.0411,0.0,0.0,0.218,-0.626,-1.795,-3.264,True
2019-01-30,921.0,0.218,macro_fx,bullish,macro_fx,speculative_mom,0.475,0.862,0.0,0.0,0.008,-0.0104,55.5,0.0086,0.0066,0.0436,0.0,0.0,-0.624,-0.706,-1.086,-3.42,False
2019-01-31,915.25,-0.624,macro_fx,bullish,macro_fx,oil_energy,0.355,0.776,0.0,0.2,0.0232,-0.0075,63.0,0.0087,-0.0008,0.0229,0.0,0.0,0.273,-1.12,-0.546,-0.656,True
2019-02-11,905.0,-1.039,macro_fx,bearish,macro_fx,speculative_mom,0.515,0.786,0.0,0.2,-0.0257,0.0155,46.2,0.008,-0.0147,0.0064,0.0,0.0,1.381,0.663,-0.414,-0.47,True
2019-02-21,911.0,0.942,oil_energy,bullish,oil_energy,macro_fx,0.538,0.703,0.0,0.0,0.0868,-0.0046,47.1,0.0079,-0.006,-0.0044,0.0,0.0,-0.082,-0.851,-2.36,-0.494,False
2019-02-25,911.75,0.165,oil_energy,bullish,oil_energy,macro_fx,0.506,0.727,0.0,0.2,0.0293,-0.0074,45.3,0.0071,0.0047,-0.0146,0.0,0.0,-0.877,-2.413,-0.658,-1.426,False
2019-03-07,890.75,0.112,macro_fx,bearish,macro_fx,speculative_mom,0.743,0.778,0.0,0.0,0.0209,0.0174,39.0,0.0065,-0.0075,-0.0336,0.0,0.0,-0.786,1.684,-0.14,-1.151,True
2019-03-15,909.25,2.22,speculative_mom,bullish,speculative_mom,oil_energy,0.433,0.955,0.0,0.0,0.0409,-0.0028,48.4,0.0078,0.0289,0.0064,0.0,0.0,-0.385,-0.935,-1.127,-6.791,False
2019-03-18,905.75,-0.385,macro_fx,bullish,macro_fx,speculative_mom,0.543,0.98,0.0,0.306,0.0429,-0.0118,51.3,0.0078,0.0319,-0.0019,0.0,0.0,-0.193,-2.015,-0.773,-7.121,False
2019-03-20,906.0,0.221,macro_fx,bullish,macro_fx,oil_energy,0.658,0.862,0.0,0.0,0.0535,-0.015,55.9,0.0078,0.0191,0.0039,0.0,0.0,0.497,-2.401,-0.442,-8.333,True
2019-03-21,910.5,0.497,macro_fx,bullish,macro_fx,speculative_mom,0.691,0.901,0.0,0.2,0.0547,-0.0045,57.5,0.0079,0.0236,-0.0005,0.0,0.0,-0.741,-1.647,-1.675,-8.896,False
2019-03-29,884.25,-0.59,macro_fx,bearish,macro_fx,speculative_mom,0.531,0.839,0.0,0.0,0.0052,0.0159,54.1,0.0074,-0.0216,-0.0167,0.0,0.0,1.272,1.64,-0.82,-10.546,False
2019-04-08,898.75,-0.028,oil_energy,bullish,oil_energy,macro_fx,0.524,0.816,0.0,0.0,0.086,-0.0015,46.5,0.0077,0.0036,0.0239,0.0,0.0,0.0,-2.197,-6.398,-8.54,False
2019-04-23,862.0,-1.71,speculative_mom,bearish,speculative_mom,oil_energy,0.514,1.0,0.0,0.279,0.0428,0.004,22.9,0.0082,-0.0409,-0.0491,0.0,0.0,-0.783,-3.654,-5.133,0.899,False
2019-04-25,859.25,0.468,macro_fx,bearish,macro_fx,speculative_mom,0.42,0.84,0.0,0.259,0.0285,0.013,17.1,0.0081,-0.0225,-0.0318,0.0,0.0,-0.64,-4.859,-2.269,-0.349,False
2019-04-26,853.75,-0.64,oil_energy,bearish,oil_energy,speculative_mom,0.488,0.911,0.0,0.35,-0.0117,0.01,17.6,0.0082,-0.0304,-0.0402,0.0,0.0,-0.732,-4.217,-3.748,0.556,False
2019-04-30,841.25,-0.737,macro_fx,bearish,macro_fx,speculative_mom,0.395,0.885,0.0,0.3,-0.0014,0.0001,14.9,0.007,-0.0241,-0.0606,0.0,0.0,-0.208,-4.874,-2.288,1.386,False
2019-05-01,839.5,-0.208,speculative_mom,bearish,speculative_mom,oil_energy,0.369,0.913,0.0,0.3,-0.032,0.0042,11.2,0.007,-0.0184,-0.0672,0.0,0.0,-1.072,-5.063,-1.31,5.777,False
2019-05-06,817.5,-1.447,speculative_mom,bearish,speculative_mom,macro_fx,0.513,1.0,0.0,0.418,-0.0454,-0.0069,6.0,0.0072,-0.0354,-0.0907,0.0,0.0,0.031,2.202,4.709,11.743,False
2019-05-07,817.75,0.031,speculative_mom,bearish,speculative_mom,macro_fx,0.505,1.0,0.0,0.3,-0.03,-0.0039,7.0,0.0072,-0.0279,-0.0901,0.0,0.0,-0.428,2.69,6.634,10.456,True
2019-05-08,814.25,-0.428,speculative_mom,bearish,speculative_mom,oil_energy,0.526,1.0,0.0,0.4,-0.0217,-0.0025,7.5,0.0071,-0.0301,-0.094,0.0,0.0,-1.719,0.921,9.18,12.435,True
2019-05-09,800.25,-1.719,speculative_mom,bearish,speculative_mom,macro_fx,0.644,1.0,0.0,0.421,-0.0346,-0.0011,4.8,0.0073,-0.0364,-0.1128,0.0,0.0,-0.406,3.936,9.684,12.808,True
2019-05-10,797.0,-0.406,speculative_mom,bearish,speculative_mom,macro_fx,0.618,1.0,0.0,0.431,-0.0305,-0.0037,4.8,0.0072,-0.0392,-0.1097,0.0,0.0,-0.753,3.137,10.289,14.053,True
2019-05-13,791.0,-0.753,speculative_mom,bearish,speculative_mom,macro_fx,0.655,1.0,0.0,0.408,-0.0125,-0.0052,5.3,0.0072,-0.0324,-0.1164,0.0,0.0,-0.753,4.741,11.473,14.223,True
2019-05-14,817.75,3.382,speculative_mom,bearish,speculative_mom,oil_energy,0.482,0.988,0.0,0.0,-0.0026,0.0001,31.2,0.0095,0.0,-0.0901,0.0,0.0,-0.753,4.741,6.359,14.223,True
2019-05-15,835.5,2.171,speculative_mom,bullish,speculative_mom,oil_energy,0.402,0.935,0.0,0.2,-0.0037,0.0005,39.5,0.0105,0.0261,-0.0591,0.0,0.0,0.509,-0.688,3.98,6.254,True
2019-05-16,839.75,0.509,speculative_mom,bullish,speculative_mom,macro_fx,0.709,1.0,0.0,0.365,0.0239,0.0022,43.8,0.0106,0.0494,-0.0447,0.0,0.0,-2.143,-0.688,1.965,7.145,True
2019-05-17,821.75,-2.143,speculative_mom,bullish,speculative_mom,macro_fx,0.46,0.973,0.0,0.304,0.0103,0.0039,39.6,0.0109,0.0311,-0.0667,0.0,0.0,1.217,-0.688,4.472,7.758,True
2019-05-20,831.75,1.217,speculative_mom,bullish,speculative_mom,macro_fx,0.725,1.0,0.0,0.372,0.0227,0.0058,46.3,0.0112,0.0515,-0.0516,0.0,0.0,-1.172,6.883,3.306,5.35,True
2019-05-22,828.5,0.791,oil_energy,bullish,oil_energy,macro_fx,0.41,0.736,0.0,0.0,0.0062,0.0081,49.2,0.0115,-0.0084,-0.0313,0.0,0.0,-0.845,6.095,7.182,5.281,True
2019-05-23,821.5,-0.845,oil_energy,bearish,oil_energy,macro_fx,0.941,0.825,0.0,0.0,-0.0626,0.0033,47.1,0.0115,-0.0217,-0.0439,0.0,0.0,1.004,7.334,9.16,6.543,False
2019-05-28,856.0,3.164,speculative_mom,bullish,speculative_mom,oil_energy,0.431,0.954,0.0,0.0,-0.0593,0.0012,61.9,0.0132,0.0292,0.01,0.0,0.0,1.004,4.821,6.717,6.387,False
2019-05-29,872.0,1.869,speculative_mom,bullish,speculative_mom,oil_energy,0.848,1.0,0.0,0.2,-0.0629,0.0014,66.6,0.0137,0.0608,0.0366,0.0,0.0,1.004,4.821,3.584,6.387,False
2019-05-30,889.0,1.95,speculative_mom,bullish,speculative_mom,oil_energy,1.0,1.0,0.0,0.302,-0.1032,0.0021,75.1,0.014,0.073,0.059,0.0,0.0,-1.265,-3.431,2.981,1.997,False
2019-05-31,877.75,-1.265,speculative_mom,bullish,speculative_mom,oil_energy,0.922,1.0,0.0,0.237,-0.1507,-0.0032,71.9,0.0141,0.0685,0.0569,0.0,0.0,0.142,-2.108,2.848,2.734,False
2019-06-03,879.0,0.142,speculative_mom,bullish,speculative_mom,oil_energy,0.789,1.0,0.0,0.287,-0.133,-0.0099,74.4,0.0141,0.0594,0.0597,0.0,0.0,0.313,-2.108,3.413,0.995,True
2019-06-04,881.75,0.313,speculative_mom,bullish,speculative_mom,oil_energy,0.579,1.0,0.0,0.111,-0.0765,-0.008,70.5,0.0141,0.0301,0.0786,0.0,0.0,-1.361,0.709,2.467,0.085,True
2019-06-05,869.75,-1.361,oil_energy,bearish,oil_energy,speculative_mom,0.685,0.987,0.0,0.2,-0.1185,-0.0025,61.4,0.014,-0.0026,0.0636,0.0,0.0,-0.115,3.104,2.817,1.322,False
2019-06-06,868.75,-0.115,oil_energy,bearish,oil_energy,speculative_mom,0.636,0.998,0.0,0.2,-0.1108,-0.0095,59.9,0.0139,-0.0228,0.0669,0.0,0.0,-1.439,3.104,2.187,3.77,True
2019-06-07,856.25,-1.439,macro_fx,bullish,macro_fx,speculative_mom,0.709,1.0,0.0,0.2,-0.082,-0.0156,62.2,0.0141,-0.0245,0.07,0.0,0.0,0.263,6.686,5.08,3.737,False
2019-06-10,858.5,0.263,macro_fx,bullish,macro_fx,speculative_mom,0.637,1.0,0.0,0.2,-0.0588,-0.0141,60.0,0.0141,-0.0233,0.0772,0.0,0.0,0.087,5.213,3.145,3.174,False
2019-06-11,859.25,0.087,speculative_mom,bearish,speculative_mom,macro_fx,0.601,1.0,0.0,0.2,-0.0043,-0.0108,64.9,0.014,-0.0255,0.0863,0.0,0.0,0.087,6.546,1.978,3.695,False
2019-06-12,878.0,2.182,oil_energy,bearish,oil_energy,speculative_mom,0.635,1.0,0.0,0.0,-0.0396,-0.0014,68.1,0.0144,0.0095,0.0737,0.0,0.0,0.087,6.546,0.826,3.695,False
2019-06-14,896.75,0.985,speculative_mom,bullish,speculative_mom,macro_fx,0.627,1.0,0.0,0.235,0.0161,0.0021,73.8,0.0144,0.0473,0.0679,0.0,0.0,0.985,0.753,-2.398,-1.227,False
2019-06-17,912.75,1.784,speculative_mom,bullish,speculative_mom,macro_fx,0.826,1.0,0.0,0.236,-0.0125,0.0055,71.8,0.0146,0.0632,0.1107,0.0,0.0,0.985,0.753,-3.287,-1.227,False
2019-06-18,913.5,0.082,speculative_mom,bullish,speculative_mom,oil_energy,0.815,1.0,0.0,0.2,-0.0017,0.0107,68.0,0.0143,0.0631,0.0983,0.0,0.0,-1.122,-2.819,-2.244,-5.419,False
2019-06-19,903.25,-1.122,speculative_mom,bullish,speculative_mom,macro_fx,0.641,1.0,0.0,0.0,0.0094,0.0037,56.6,0.0145,0.0288,0.0988,0.0,0.0,1.356,-0.387,-0.775,-6.228,True
2019-06-20,915.5,1.356,oil_energy,bullish,oil_energy,speculative_mom,0.865,1.0,0.0,0.103,0.0635,-0.0006,67.3,0.0146,0.031,0.105,0.0,0.0,-1.393,-3.277,-0.956,-7.127,False
2019-06-21,902.75,-1.393,oil_energy,bullish,oil_energy,speculative_mom,0.75,1.0,0.0,0.0,0.123,-0.008,59.8,0.0144,0.0067,0.0989,0.0,0.0,0.692,-2.935,-0.111,-5.816,True
2019-06-24,909.0,0.692,oil_energy,bullish,oil_energy,speculative_mom,0.65,1.0,0.0,0.2,0.1075,-0.0106,61.0,0.0143,-0.0041,0.0955,0.0,0.0,-0.605,-2.613,-2.338,-6.738,False
2019-06-25,903.5,-0.605,macro_fx,bullish,macro_fx,oil_energy,0.655,0.91,0.0,0.2,0.1013,-0.0145,64.3,0.0143,-0.0109,0.0555,0.0,0.0,-1.024,-3.459,-2.324,-6.06,False
2019-06-26,894.25,-1.024,oil_energy,bullish,oil_energy,macro_fx,0.844,0.788,0.0,0.2,0.1435,-0.0138,60.1,0.0134,-0.01,0.0255,0.0,0.0,-0.727,-2.125,-1.454,-3.271,False
2019-06-27,887.75,-0.727,macro_fx,bullish,macro_fx,oil_energy,0.66,0.939,0.0,0.101,0.1026,-0.0149,63.1,0.0131,-0.0303,-0.0014,0.0,0.0,1.352,-0.563,1.549,-1.577,True
2019-06-28,899.75,1.352,oil_energy,bullish,oil_energy,macro_fx,0.511,0.785,0.0,0.2,0.0876,-0.0102,65.9,0.0132,-0.0033,0.0251,0.0,0.0,-1.584,-0.75,-1.278,-4.251,True
2019-07-01,885.5,-1.584,macro_fx,bearish,macro_fx,speculative_mom,0.726,0.901,0.0,0.2,0.0431,0.0022,59.2,0.0129,-0.0259,0.0074,0.0,0.0,-1.045,1.214,0.028,-1.525,True
2019-07-02,876.25,-1.045,oil_energy,bearish,oil_energy,speculative_mom,0.758,0.938,0.0,0.101,-0.0205,0.0053,49.3,0.013,-0.0302,-0.0062,0.0,0.0,1.027,3.481,1.683,-1.74,False
2019-07-09,882.75,0.857,macro_fx,bearish,macro_fx,speculative_mom,0.543,0.795,0.0,0.2,-0.0269,0.0135,38.2,0.013,-0.0031,0.0282,0.0,0.0,1.161,-0.17,-0.453,-3.059,True
2019-07-10,893.0,1.161,oil_energy,bullish,oil_energy,macro_fx,0.724,0.845,0.0,0.0,0.0335,0.0101,46.1,0.0119,0.0191,0.0393,0.0,0.0,0.364,0.952,-3.247,-3.639,False
2019-07-12,906.75,1.172,speculative_mom,bullish,speculative_mom,oil_energy,0.511,1.0,0.0,0.132,0.0704,0.0008,51.7,0.0111,0.0396,0.0211,0.0,0.0,-0.551,-2.316,-6.231,-7.003,False
2019-07-16,887.75,-1.553,oil_energy,bullish,oil_energy,macro_fx,0.515,0.819,0.0,0.2,0.0019,0.0015,43.8,0.0113,0.0057,-0.0274,0.0,0.0,-0.591,-0.591,-4.506,-4.675,False
2019-07-19,901.5,2.298,oil_energy,bearish,oil_energy,macro_fx,0.448,0.766,0.0,0.0,-0.0794,0.0005,50.7,0.0117,-0.0058,-0.0153,0.0,0.0,-1.47,-2.524,-3.078,-4.936,False
2019-07-29,885.75,0.283,macro_fx,bearish,macro_fx,oil_energy,0.511,0.771,0.0,0.0,0.0284,0.0129,51.5,0.011,-0.0028,-0.0156,0.0,0.0,-0.79,-4.177,-3.585,-2.992,False
2019-07-31,864.0,-1.679,macro_fx,bearish,macro_fx,speculative_mom,0.505,0.949,0.0,0.101,0.042,0.013,35.4,0.0109,-0.0303,-0.014,0.0,0.0,-1.968,1.128,-0.405,-2.817,True
2019-08-01,847.0,-1.968,oil_energy,bearish,oil_energy,speculative_mom,1.0,1.0,0.0,0.244,-0.0497,0.007,24.5,0.0112,-0.0402,-0.0432,0.0,0.0,0.384,1.712,1.063,4.457,False
2019-08-02,850.25,0.384,speculative_mom,bearish,speculative_mom,oil_energy,0.512,1.0,0.0,0.17,-0.0039,0.0038,27.7,0.0109,-0.0374,-0.0252,0.0,0.0,0.0,2.558,-0.823,5.851,False
2019-08-05,850.25,0.0,macro_fx,bullish,macro_fx,speculative_mom,0.626,1.0,0.0,0.134,-0.0237,-0.0033,31.5,0.0107,-0.0401,-0.0286,0.0,0.0,-0.294,1.264,0.412,5.116,True
2019-08-07,848.75,0.118,oil_energy,bearish,oil_energy,speculative_mom,0.721,0.938,0.0,0.0,-0.1016,-0.0051,33.5,0.0105,-0.0177,-0.0496,0.0,0.0,1.915,2.18,0.471,5.214,False
2019-08-08,865.0,1.915,oil_energy,bearish,oil_energy,speculative_mom,0.527,0.863,0.0,0.2,-0.0949,-0.0044,30.7,0.0111,0.0213,-0.0349,0.0,0.0,1.012,-1.272,-1.012,2.052,True
2019-08-09,873.75,1.012,oil_energy,bearish,oil_energy,macro_fx,0.583,0.919,0.0,0.2,-0.0696,-0.0105,41.9,0.0112,0.0276,-0.0364,0.0,0.0,-1.402,-2.06,-1.917,2.146,False
2019-08-12,861.5,-1.402,macro_fx,bullish,macro_fx,speculative_mom,0.464,0.908,0.0,0.2,0.0182,-0.0103,37.8,0.0112,0.0132,-0.0446,0.0,0.0,1.219,-0.116,-0.58,3.802,True
2019-08-13,872.0,1.219,oil_energy,bullish,oil_energy,macro_fx,0.611,0.926,0.0,0.2,0.0259,-0.003,41.0,0.0111,0.0286,-0.0177,0.0,0.0,-1.261,-1.835,-1.089,1.978,False
2019-08-14,861.0,-1.261,oil_energy,bullish,oil_energy,speculative_mom,0.49,0.8,0.0,0.2,0.0099,0.005,40.0,0.0112,0.0144,-0.0244,0.0,0.0,-0.348,-2.062,-1.307,3.194,False
2019-08-15,858.0,-0.348,speculative_mom,bearish,speculative_mom,oil_energy,0.214,0.81,0.0,0.0,0.0157,0.0052,38.5,0.011,-0.0081,-0.0264,0.0,0.0,1.078,-0.495,-1.515,2.914,True
2019-08-16,867.25,1.078,oil_energy,bullish,oil_energy,speculative_mom,0.454,0.868,0.0,0.0,0.074,0.0062,42.1,0.0109,-0.0074,-0.038,0.0,0.0,-1.528,-2.421,-2.566,2.914,False
2019-08-23,843.25,-1.489,macro_fx,bullish,macro_fx,speculative_mom,0.568,0.919,0.0,0.0,-0.0192,-0.0036,46.9,0.0108,-0.0277,-0.0453,0.0,0.0,1.245,2.283,6.73,8.538,False
2019-08-27,846.25,-0.878,oil_energy,bullish,oil_energy,speculative_mom,0.373,0.855,0.0,0.0,0.0011,-0.0014,49.0,0.0109,-0.0111,-0.037,0.0,0.0,0.768,-0.148,5.022,9.158,True
2019-09-04,862.5,0.701,oil_energy,bullish,oil_energy,macro_fx,0.656,0.842,0.0,0.0,0.0386,0.0083,50.9,0.0099,0.0192,0.0174,0.0,0.0,-1.478,2.58,3.101,7.594,True
2019-09-10,859.25,1.686,mixed,neutral,macro_fx,oil_energy,0.131,0.689,0.0,0.2,0.0122,-0.0018,52.0,0.0106,0.0032,-0.0026,0.0,0.0,-0.611,3.928,7.012,8.699,True
2019-09-12,883.0,3.396,speculative_mom,bullish,speculative_mom,macro_fx,0.551,1.0,0.0,0.13,0.0213,-0.0065,61.8,0.0119,0.0391,0.0256,0.0,0.0,-0.611,3.367,3.256,9.338,True
2019-09-13,884.75,0.198,speculative_mom,bullish,speculative_mom,macro_fx,0.658,1.0,0.0,0.16,-0.0251,-0.0019,70.1,0.0112,0.047,0.0312,0.0,0.0,1.724,1.074,3.56,4.012,False
2019-09-16,900.0,1.724,oil_energy,bullish,oil_energy,speculative_mom,1.0,1.0,0.0,0.229,0.1172,0.0024,71.5,0.0116,0.0651,0.0378,0.0,0.0,-0.694,-1.194,1.694,2.306,False
2019-09-17,893.75,-0.694,oil_energy,bullish,oil_energy,speculative_mom,0.778,1.0,0.0,0.18,0.0499,-0.0013,72.3,0.0117,0.0402,0.0465,0.0,0.0,-0.559,-0.587,2.993,2.741,False
2019-09-18,888.75,-0.559,speculative_mom,bullish,speculative_mom,macro_fx,0.543,1.0,0.0,0.136,0.0045,0.0033,67.1,0.0117,0.0407,0.0386,0.0,0.0,0.478,-0.647,3.938,3.066,True
2019-09-19,893.0,0.478,macro_fx,bullish,macro_fx,speculative_mom,0.363,0.854,0.0,0.0,0.0127,-0.0006,67.4,0.0118,0.0113,0.0378,0.0,0.0,-1.148,-0.647,3.415,2.66,False
2019-09-25,889.25,-0.559,macro_fx,bearish,macro_fx,oil_energy,0.72,0.92,0.0,0.0,-0.1019,0.004,67.6,0.0111,0.0006,0.0508,0.0,0.0,-0.084,3.036,4.358,2.896,False
2019-09-27,883.0,-0.619,speculative_mom,bullish,speculative_mom,oil_energy,0.215,0.81,0.0,0.0,-0.0379,0.0052,66.7,0.0109,0.0003,0.0312,0.0,0.0,-0.619,4.247,5.776,4.134,True
2019-09-30,906.0,2.605,macro_fx,bearish,macro_fx,oil_energy,0.463,0.952,0.0,0.0,-0.0698,0.0113,69.0,0.0117,0.0151,0.0572,0.0,0.0,-0.619,4.247,3.008,4.134,True
2019-10-01,919.5,1.49,speculative_mom,bullish,speculative_mom,oil_energy,0.56,1.0,0.0,0.1,-0.0769,0.0063,75.0,0.0115,0.0282,0.0736,0.0,0.0,-0.625,0.435,1.577,-1.495,True
2019-10-02,913.75,-0.625,oil_energy,bearish,oil_energy,speculative_mom,0.551,0.961,0.0,0.0,-0.1023,0.0045,64.3,0.0116,0.0276,0.0594,0.0,0.0,-0.219,2.435,2.189,-1.231,True
2019-10-03,911.75,-0.219,speculative_mom,bullish,speculative_mom,oil_energy,0.549,1.0,0.0,0.0,-0.0845,0.0053,62.5,0.0116,0.0262,0.073,0.0,0.0,0.494,3.153,2.358,-1.261,False
2019-10-04,916.25,0.494,speculative_mom,bullish,speculative_mom,oil_energy,0.637,1.0,0.0,0.126,-0.0651,-0.0023,58.4,0.0115,0.0377,0.0843,0.0,0.0,-0.109,1.937,0.437,0.218,False
2019-10-07,915.25,-0.109,speculative_mom,bullish,speculative_mom,oil_energy,0.623,1.0,0.0,0.0,-0.0649,-0.0022,61.7,0.0111,0.0102,0.0831,0.0,0.0,0.574,1.393,0.601,-0.546,False
2019-10-08,920.5,0.574,speculative_mom,bullish,speculative_mom,oil_energy,0.524,1.0,0.0,0.0,-0.0587,0.0003,67.2,0.0109,0.0011,0.0713,0.0,0.0,0.353,1.195,-0.244,-0.978,False
2019-10-09,923.75,0.353,speculative_mom,bullish,speculative_mom,macro_fx,0.604,1.0,0.0,0.0,-0.0274,-0.0026,66.8,0.0107,0.0109,0.0817,0.0,0.0,-0.027,1.11,-0.839,-2.03,False
2019-10-16,928.0,-0.642,macro_fx,bullish,macro_fx,speculative_mom,0.52,0.868,0.0,0.022,0.0116,-0.0099,71.1,0.0111,0.0046,0.0442,0.0,0.0,0.377,-0.835,-1.401,-4.957,True
2019-10-17,931.5,0.377,macro_fx,bullish,macro_fx,speculative_mom,0.782,0.864,0.0,0.13,0.0247,-0.0154,76.5,0.0106,0.0087,0.0431,0.0,0.0,0.268,-1.154,-0.698,-5.878,True
2019-10-18,934.0,0.268,macro_fx,bullish,macro_fx,speculative_mom,0.922,0.946,0.0,0.2,0.0226,-0.0186,69.7,0.0105,-0.0021,0.0581,0.0,0.0,-0.08,-1.686,-1.552,-6.799,False
2019-10-21,933.25,-0.08,macro_fx,bullish,macro_fx,speculative_mom,0.692,0.88,0.0,0.2,-0.0045,-0.014,61.8,0.0105,-0.0077,0.0457,0.0,0.0,0.08,-1.848,-3.027,-6.67,False
2019-11-01,924.25,0.818,oil_energy,bullish,oil_energy,macro_fx,0.516,0.689,0.0,0.0,0.0041,-0.0024,32.8,0.0077,0.0043,0.0087,0.0,0.0,0.162,-2.002,-2.948,-0.243,False
2019-11-05,921.75,-0.432,macro_fx,bearish,macro_fx,oil_energy,0.509,0.696,0.0,0.0,0.0101,0.0015,42.2,0.0076,0.0038,0.0014,0.0,0.0,-0.732,-2.333,-4.068,0.732,False
2019-11-11,905.0,-1.577,macro_fx,bearish,macro_fx,speculative_mom,0.398,0.903,0.0,0.017,0.0495,0.0087,29.1,0.007,-0.0224,-0.0377,0.0,0.0,0.083,0.0,-3.757,3.481,False
2019-11-12,905.75,0.083,macro_fx,bearish,macro_fx,speculative_mom,0.503,0.861,0.0,0.0,0.0107,0.011,30.0,0.0064,-0.0174,-0.0302,0.0,0.0,-0.359,-0.524,-3.064,3.533,False
2019-11-13,902.5,-0.359,macro_fx,bearish,macro_fx,speculative_mom,0.395,0.846,0.0,0.023,0.0103,0.0088,28.9,0.0063,-0.0137,-0.0275,0.0,0.0,-0.249,-0.609,-2.022,2.992,False
2019-11-15,918.25,1.999,oil_energy,bullish,oil_energy,speculative_mom,0.227,0.789,0.0,0.0,0.0243,0.0005,48.4,0.0073,-0.0014,-0.0169,0.0,0.0,-0.871,-3.703,-2.287,2.695,False
2019-11-29,876.75,-0.595,oil_energy,bearish,oil_energy,speculative_mom,0.73,0.933,0.0,0.117,-0.0007,0.0042,24.2,0.0069,-0.0269,-0.0436,0.0,0.0,-0.713,2.794,5.874,5.902,True
2019-12-02,870.5,-0.713,speculative_mom,bearish,speculative_mom,macro_fx,0.49,0.994,0.0,0.063,-0.0201,-0.0007,26.8,0.0069,-0.0295,-0.0582,0.0,0.0,0.057,2.642,7.295,6.692,False
2019-12-04,878.0,0.804,oil_energy,bullish,oil_energy,speculative_mom,0.578,0.932,0.0,0.0,0.0114,-0.0063,34.3,0.0072,-0.0071,-0.0475,0.0,0.0,0.712,3.36,6.805,5.894,False
2019-12-10,901.25,0.446,speculative_mom,bullish,speculative_mom,oil_energy,0.514,1.0,0.0,0.316,0.0738,-0.0088,42.9,0.0074,0.0347,-0.0041,0.0,0.0,-0.86,2.58,4.771,0.083,True
2019-12-11,893.5,-0.86,macro_fx,bullish,macro_fx,oil_energy,0.351,0.841,0.0,0.2,0.05,-0.0072,42.1,0.0075,0.0177,-0.0135,0.0,0.0,0.532,3.889,4.141,0.42,False
2019-12-12,898.25,0.532,oil_energy,bullish,oil_energy,macro_fx,0.312,0.823,0.0,0.2,0.0549,-0.0035,48.1,0.0076,0.0158,-0.0047,0.0,0.0,1.03,3.98,3.841,-0.362,False
2019-12-13,907.5,1.03,speculative_mom,bullish,speculative_mom,macro_fx,0.298,0.865,0.0,0.0,0.0281,-0.0049,56.6,0.0079,0.0202,0.0081,0.0,0.0,1.598,3.196,3.03,-1.598,False
2019-12-16,922.0,1.598,speculative_mom,bullish,speculative_mom,macro_fx,0.403,0.936,0.0,0.0,0.0305,-0.0035,66.6,0.0083,0.0276,0.0041,0.0,0.0,0.732,1.708,1.762,-4.962,False
2019-12-17,928.75,0.732,speculative_mom,bullish,speculative_mom,macro_fx,0.443,0.962,0.0,0.21,0.0294,-0.005,75.4,0.0084,0.0305,0.0203,0.0,0.0,-0.027,0.081,0.538,-6.057,False
2019-12-18,928.5,-0.027,speculative_mom,bullish,speculative_mom,macro_fx,0.565,1.0,0.0,0.274,0.0324,-0.0024,77.2,0.0083,0.0392,0.0187,0.0,0.0,-0.431,1.185,0.7,-5.547,True
2019-12-19,924.5,-0.431,speculative_mom,bullish,speculative_mom,oil_energy,0.415,0.944,0.0,0.167,0.0334,0.0001,78.3,0.0082,0.0292,0.0215,0.0,0.0,0.406,2.001,0.514,-4.867,False
2019-12-20,928.25,0.406,macro_fx,bearish,macro_fx,speculative_mom,0.336,0.88,0.0,0.3,0.0286,0.0057,85.3,0.008,0.0229,0.0302,0.0,0.0,0.619,1.724,0.027,-5.198,False
2019-12-23,934.0,0.619,speculative_mom,bullish,speculative_mom,macro_fx,0.323,0.882,0.0,0.3,0.0226,0.0027,86.2,0.008,0.013,0.0412,0.0,0.0,0.268,-0.375,-0.562,-5.675,True
2019-12-24,936.5,0.268,speculative_mom,bullish,speculative_mom,macro_fx,0.385,0.924,0.0,0.3,0.0173,0.0049,85.5,0.0074,0.0083,0.0493,0.0,0.0,0.133,-0.4,-1.335,-5.82,False
2019-12-27,929.5,-0.88,macro_fx,bullish,macro_fx,speculative_mom,0.812,0.944,0.0,0.097,0.0128,-0.003,74.8,0.0076,0.0054,0.0539,0.0,0.0,1.076,0.941,-1.452,-4.814,False
2019-12-30,939.5,1.076,speculative_mom,bullish,speculative_mom,macro_fx,0.552,1.0,0.0,0.111,0.0123,-0.0069,75.5,0.0078,0.0121,0.0716,0.0,0.0,0.373,-0.612,-2.741,-5.003,True
2019-12-31,943.0,0.373,speculative_mom,bullish,speculative_mom,macro_fx,0.639,1.0,0.0,0.108,-0.0026,-0.0106,75.4,0.0069,0.0096,0.0833,0.0,0.0,0.133,-0.848,-3.552,-4.958,False
2020-01-02,944.25,0.133,speculative_mom,bullish,speculative_mom,macro_fx,0.638,1.0,0.0,0.27,0.0122,-0.0088,83.5,0.0067,0.0083,0.0841,0.0,0.0,-1.456,-1.589,-4.474,-5.348,False
2020-01-03,930.5,-1.456,oil_energy,bullish,oil_energy,speculative_mom,0.456,0.962,0.0,0.2,0.0418,-0.0084,69.0,0.0073,-0.0077,0.0598,0.0,0.0,0.242,-0.215,-3.573,-4.111,True
2020-01-08,938.25,0.348,oil_energy,bearish,oil_energy,macro_fx,0.786,0.884,0.0,0.2,-0.0342,0.0039,57.7,0.007,-0.005,0.0457,0.0,0.0,-0.48,-0.906,-6.608,-5.089,False
2020-01-13,929.25,-0.615,oil_energy,bearish,oil_energy,speculative_mom,0.415,0.823,0.0,0.2,-0.0507,0.0052,50.8,0.0068,-0.0038,0.0345,0.0,0.0,-0.081,-2.125,-5.354,-5.192,False
2020-01-14,928.5,-0.081,oil_energy,bearish,oil_energy,macro_fx,0.599,0.764,0.0,0.2,-0.0764,0.0055,45.5,0.0067,-0.007,0.0231,0.0,0.0,0.027,-2.854,-5.223,-4.55,False
2020-01-15,928.75,0.027,oil_energy,bearish,oil_energy,macro_fx,0.665,0.777,0.0,0.2,-0.0863,0.0058,43.3,0.0065,-0.0101,0.0073,0.0,0.0,-0.511,-3.392,-5.141,-4.872,False
2020-01-16,924.0,-0.511,oil_energy,bearish,oil_energy,speculative_mom,0.517,0.78,0.0,0.0,-0.0667,0.0035,38.9,0.0066,-0.0104,-0.0051,0.0,0.0,0.622,-3.139,-4.545,-3.626,True
2020-01-21,916.0,-1.479,speculative_mom,bearish,speculative_mom,oil_energy,0.227,0.818,0.0,0.0,-0.0205,0.0008,31.3,0.0071,-0.0143,-0.0092,0.0,0.0,-0.246,-4.34,-3.412,-1.883,False
2020-01-24,902.0,-0.825,oil_energy,bearish,oil_energy,speculative_mom,0.526,0.909,0.0,0.087,-0.0694,0.0049,25.6,0.0072,-0.0238,-0.0368,0.0,0.0,-0.527,-2.494,-0.915,-2.886,False
2020-01-27,897.25,-0.527,oil_energy,bearish,oil_energy,speculative_mom,0.602,1.0,0.0,0.298,-0.0808,0.0075,20.9,0.007,-0.035,-0.0432,0.0,0.0,-0.251,-1.923,-0.557,-2.703,False
2020-01-28,895.0,-0.251,oil_energy,bearish,oil_energy,speculative_mom,0.634,0.896,0.0,0.256,-0.0861,0.0072,17.2,0.007,-0.0229,-0.0371,0.0,0.0,-0.223,-1.564,0.251,-3.045,False
2020-01-29,893.0,-0.223,oil_energy,bearish,oil_energy,speculative_mom,0.647,0.934,0.0,0.3,-0.089,0.0039,12.1,0.0067,-0.0227,-0.0495,0.0,0.0,-1.876,-1.232,-0.028,-4.255,False
2020-01-30,876.25,-1.876,oil_energy,bearish,oil_energy,speculative_mom,0.761,1.0,0.0,0.422,-0.1063,0.0035,10.1,0.0068,-0.0366,-0.0708,0.0,0.0,-0.428,0.913,1.626,-3.367,True
2020-01-31,872.5,-0.428,oil_energy,bearish,oil_energy,macro_fx,0.646,1.0,0.0,0.409,-0.0913,-0.0014,8.1,0.0066,-0.0327,-0.076,0.0,0.0,0.516,1.404,0.201,-3.367,False
2020-02-03,877.0,0.516,oil_energy,bearish,oil_energy,macro_fx,0.689,0.965,0.0,0.3,-0.0986,0.0011,14.3,0.0067,-0.0226,-0.0575,0.0,0.0,0.285,1.767,0.228,-6.015,False
2020-02-04,879.5,0.285,oil_energy,bearish,oil_energy,speculative_mom,0.584,0.96,0.0,0.253,-0.0845,0.0011,17.3,0.0067,-0.0173,-0.0571,0.0,0.0,0.057,1.904,0.171,-6.14,False
2020-02-11,884.75,0.057,macro_fx,bearish,macro_fx,speculative_mom,0.643,0.903,0.0,0.342,-0.0314,0.0137,22.9,0.0064,0.006,-0.0479,0.0,0.0,0.876,0.65,1.582,-0.367,False
2020-02-12,892.5,0.876,macro_fx,bearish,macro_fx,oil_energy,0.602,0.857,0.0,0.2,0.0212,0.0128,35.1,0.0063,0.0142,-0.0388,0.0,0.0,0.42,-2.045,-0.392,-1.373,True
2020-02-13,896.25,0.42,macro_fx,bearish,macro_fx,speculative_mom,0.529,0.84,0.0,0.2,0.0365,0.0113,44.6,0.0063,0.0173,-0.035,0.0,0.0,-0.279,-1.925,-1.45,-1.646,False
2020-02-20,892.75,-0.502,oil_energy,bullish,oil_energy,macro_fx,0.577,0.774,0.0,0.202,0.0849,0.0105,70.1,0.0059,0.0003,-0.023,0.0,0.0,-0.252,-0.252,-4.229,-3.808,False
2020-02-21,890.5,-0.252,macro_fx,bearish,macro_fx,oil_energy,0.783,0.763,0.0,0.056,0.0689,0.0055,72.8,0.0058,-0.0064,-0.0209,0.0,0.0,-1.825,0.281,-4.913,-4.071,True
2020-02-24,874.25,-1.825,oil_energy,bullish,oil_energy,speculative_mom,0.574,0.88,0.0,0.0,0.0051,0.0024,47.3,0.0065,-0.0218,-0.0308,0.0,0.0,0.543,2.802,-6.005,-2.145,False
2020-02-25,879.0,0.543,oil_energy,bearish,oil_energy,macro_fx,0.462,0.81,0.0,0.0,-0.0296,-0.001,49.5,0.0066,-0.0149,-0.0203,0.0,0.0,0.228,1.138,-6.229,-2.759,False
2020-02-26,881.0,0.228,oil_energy,bearish,oil_energy,speculative_mom,0.43,0.841,0.0,0.0,-0.0638,-0.0012,50.9,0.0066,-0.0181,-0.0156,0.0,0.0,0.596,0.255,-6.3,-3.008,True
2020-02-27,886.25,0.596,macro_fx,bullish,macro_fx,oil_energy,0.719,0.735,0.0,0.0,-0.0953,-0.0103,54.4,0.0068,-0.0073,-0.0076,0.0,0.0,-0.31,0.255,-4.852,-2.567,True
2020-02-28,883.5,-0.31,oil_energy,bearish,oil_energy,macro_fx,1.0,0.74,0.0,0.2,-0.1601,-0.0148,51.2,0.0068,-0.0079,0.0083,0.0,0.0,0.792,-1.188,-2.377,-3.311,True
2020-03-02,890.5,0.792,macro_fx,bullish,macro_fx,oil_energy,1.0,0.851,0.0,0.0,-0.1307,-0.0251,54.8,0.007,0.0186,0.0206,0.0,0.0,0.281,-2.555,-0.73,-4.885,True
2020-03-03,893.0,0.281,macro_fx,bullish,macro_fx,oil_energy,1.0,0.823,0.0,0.0,-0.1161,-0.0213,56.1,0.0069,0.0159,0.0182,0.0,0.0,0.644,-4.255,-0.7,-5.711,True
2020-03-04,898.75,0.644,macro_fx,bullish,macro_fx,oil_energy,0.944,0.863,0.0,0.0,-0.0904,-0.0196,54.8,0.0065,0.0201,0.0219,0.0,0.0,-1.085,-5.786,-1.919,-6.898,False
2020-03-05,889.0,-1.085,macro_fx,bullish,macro_fx,oil_energy,1.0,0.721,0.0,0.0,-0.0802,-0.0217,44.9,0.0068,0.0031,0.0102,0.0,0.0,-0.647,-5.786,-0.984,-6.355,False
2020-03-06,883.25,-0.647,oil_energy,bearish,oil_energy,macro_fx,1.0,0.682,0.0,0.2,-0.1529,-0.0308,43.0,0.0068,-0.0003,0.0026,0.0,0.0,-0.647,-6.68,-0.198,-6.425,False
2020-03-09,863.5,-2.236,oil_energy,bearish,oil_energy,macro_fx,1.0,0.963,0.0,0.101,-0.3389,-0.036,34.6,0.0078,-0.0303,-0.021,0.0,0.0,-0.647,-6.68,2.171,-6.425,False
2020-03-10,873.0,1.1,macro_fx,bullish,macro_fx,oil_energy,1.0,0.885,0.0,0.0,-0.2324,-0.0175,37.6,0.008,-0.0224,-0.0127,0.0,0.0,-0.601,-3.408,1.489,-4.381,False
2020-03-11,867.75,-0.601,oil_energy,bearish,oil_energy,speculative_mom,1.0,1.0,0.0,0.115,-0.2945,-0.0087,37.3,0.0081,-0.0345,-0.0192,0.0,0.0,-1.469,-3.408,-0.576,-3.284,False
2020-03-12,855.0,-1.469,oil_energy,bearish,oil_energy,macro_fx,1.0,1.0,0.0,0.127,-0.3323,0.0033,33.7,0.0085,-0.0382,-0.042,0.0,0.0,-0.965,-3.408,0.439,-2.661,False
2020-03-13,846.75,-0.965,oil_energy,bearish,oil_energy,macro_fx,1.0,1.0,0.0,0.138,-0.3217,0.0145,36.4,0.008,-0.0413,-0.0552,0.0,0.0,-0.965,4.724,0.886,-2.096,True
2020-03-16,821.75,-2.952,oil_energy,bearish,oil_energy,macro_fx,1.0,1.0,0.0,0.233,-0.3747,0.0131,26.4,0.0095,-0.0483,-0.0806,0.0,0.0,-0.965,4.724,4.107,-2.096,True
2020-03-17,824.25,0.304,macro_fx,bearish,macro_fx,oil_energy,1.0,1.0,0.0,0.252,-0.3471,0.0378,26.7,0.0095,-0.0558,-0.0762,0.0,0.0,0.152,6.794,3.7,0.91,False
2020-03-18,825.5,0.152,oil_energy,bearish,oil_energy,macro_fx,1.0,1.0,0.0,0.278,-0.3456,0.066,24.2,0.0094,-0.0487,-0.08,0.0,0.0,2.15,6.784,3.513,2.998,False
2020-03-19,843.25,2.15,oil_energy,bearish,oil_energy,macro_fx,1.0,0.928,0.0,0.0,-0.266,0.0659,34.8,0.0104,-0.0137,-0.0554,0.0,0.0,2.15,4.625,2.401,0.474,False
2020-03-20,862.5,2.283,macro_fx,bearish,macro_fx,oil_energy,1.0,0.854,0.0,0.2,-0.3199,0.0654,40.3,0.0113,0.0186,-0.0314,0.0,0.0,2.15,4.625,-0.957,0.474,False
2020-03-23,884.0,2.493,macro_fx,bearish,macro_fx,speculative_mom,1.0,1.0,0.0,0.2,-0.2584,0.0515,47.3,0.0122,0.0758,0.0112,0.0,0.0,2.15,4.625,-4.186,0.474,False
2020-03-24,886.75,0.311,speculative_mom,bullish,speculative_mom,oil_energy,1.0,1.0,0.0,0.2,-0.2433,0.0303,46.3,0.0122,0.0758,0.0088,0.0,0.0,-0.592,-3.158,-5.047,-6.343,False
2020-03-25,881.5,-0.592,speculative_mom,bullish,speculative_mom,macro_fx,0.93,1.0,0.0,0.2,-0.1467,0.0302,47.6,0.0122,0.0678,0.0006,0.0,0.0,-0.142,-3.091,-5.077,-4.538,False
2020-03-26,880.25,-0.142,macro_fx,bullish,macro_fx,oil_energy,1.0,1.0,0.0,0.346,-0.1614,-0.0016,49.0,0.0121,0.0439,-0.0068,0.0,0.0,0.142,-2.812,-5.425,-3.579,False
2020-03-27,881.5,0.142,macro_fx,bullish,macro_fx,oil_energy,0.944,0.864,0.0,0.2,0.056,-0.0276,56.7,0.0121,0.022,-0.0023,0.0,0.0,0.085,-3.035,-6.239,-3.318,False
2020-03-30,882.25,0.085,macro_fx,bullish,macro_fx,oil_energy,1.0,0.704,0.0,0.0,-0.2034,-0.0348,53.7,0.0121,-0.002,-0.0093,0.0,0.0,0.425,-3.145,-5.837,-3.74,True
2020-03-31,886.0,0.425,macro_fx,bullish,macro_fx,oil_energy,1.0,0.697,0.0,0.0,-0.0869,-0.0367,57.4,0.0121,-0.0008,-0.0078,0.0,0.0,0.425,-2.54,-5.784,-5.643,True
2020-04-01,862.75,-2.624,macro_fx,bullish,macro_fx,oil_energy,0.781,0.856,0.0,0.0,-0.1306,-0.0275,52.9,0.013,-0.0213,-0.0401,0.0,0.0,0.425,-2.54,-2.724,-5.643,True
2020-04-02,858.75,-0.464,oil_energy,bullish,oil_energy,macro_fx,1.0,0.883,0.0,0.0,0.0546,-0.0153,54.6,0.013,-0.0244,-0.034,0.0,0.0,-0.524,-1.368,-3.086,-2.358,False
2020-04-03,854.25,-0.524,oil_energy,bullish,oil_energy,speculative_mom,0.997,0.939,0.0,0.103,0.1572,-0.0047,64.9,0.013,-0.0309,-0.0328,0.0,0.0,0.146,-1.434,-2.956,-1.083,False
2020-04-06,855.5,0.146,oil_energy,bullish,oil_energy,speculative_mom,0.69,0.932,0.0,0.101,0.154,0.0128,64.5,0.0126,-0.0303,-0.0093,0.0,0.0,-0.088,-2.192,-3.448,-1.52,False
2020-04-07,854.75,-0.088,oil_energy,bullish,oil_energy,macro_fx,0.729,0.973,0.0,0.118,0.0986,0.0164,63.6,0.0125,-0.0353,-0.0209,0.0,0.0,-0.029,-2.603,-2.691,-0.936,False
2020-04-08,854.5,-0.029,oil_energy,bullish,oil_energy,macro_fx,1.0,0.745,0.0,0.0,0.2489,0.0095,56.3,0.0125,-0.0096,-0.0153,0.0,0.0,1.053,-3.277,-0.497,-2.282,True
2020-04-09,863.5,1.053,oil_energy,bullish,oil_energy,macro_fx,0.709,0.726,0.0,0.0,0.1113,0.0047,50.6,0.0126,0.0055,0.0099,0.0,0.0,-1.071,-3.793,-1.882,-3.503,False
2020-04-14,847.0,-0.849,oil_energy,bearish,oil_energy,macro_fx,0.776,0.827,0.0,0.354,-0.2058,-0.0129,22.3,0.0127,-0.0099,0.0307,0.0,0.0,-0.59,-0.915,-1.033,0.177,False
2020-04-15,842.0,-0.59,oil_energy,bearish,oil_energy,macro_fx,1.0,0.792,0.0,0.352,-0.2989,-0.0111,22.4,0.0127,-0.0149,0.0215,0.0,0.0,-0.624,-1.158,-1.366,0.594,False
2020-04-16,836.75,-0.624,oil_energy,bearish,oil_energy,macro_fx,0.789,0.843,0.0,0.376,-0.2381,-0.0066,21.2,0.0126,-0.0208,0.0136,0.0,0.0,-0.508,-0.926,0.568,0.478,False
2020-04-17,832.5,-0.508,oil_energy,bearish,oil_energy,speculative_mom,0.736,0.975,0.0,0.344,-0.2268,-0.002,18.8,0.0126,-0.0359,-0.0127,0.0,0.0,-0.721,-0.781,1.952,0.961,False
2020-04-20,826.5,-0.721,oil_energy,bearish,oil_energy,speculative_mom,1.0,0.944,0.0,0.374,-2.4998,-0.0016,16.7,0.0126,-0.0325,-0.0417,0.0,0.0,0.514,0.635,3.116,2.904,False
2020-04-21,830.75,0.514,oil_energy,bearish,oil_energy,speculative_mom,1.0,0.947,0.0,0.256,-0.5602,0.0074,17.2,0.012,-0.0192,-0.0602,0.0,0.0,0.481,2.347,2.227,3.22,False
2020-04-22,834.75,0.481,oil_energy,bearish,oil_energy,speculative_mom,0.629,0.938,0.0,0.031,-0.3851,0.0105,28.5,0.0119,-0.0086,-0.0586,0.0,0.0,0.539,1.497,0.15,3.953,False
2020-04-27,829.0,-0.391,oil_energy,bearish,oil_energy,speculative_mom,0.567,0.941,0.0,0.2,-0.3568,0.0001,31.1,0.0116,0.003,-0.0596,0.0,0.0,-0.362,0.181,1.93,4.131,True
2020-04-28,826.0,-0.362,oil_energy,bearish,oil_energy,speculative_mom,0.504,0.96,0.0,0.0,-0.3246,0.0009,30.1,0.0103,-0.0057,-0.0638,0.0,0.0,0.696,1.877,1.998,4.782,False
2020-04-29,831.75,0.696,oil_energy,bearish,oil_energy,speculative_mom,1.0,0.947,0.0,0.0,-1.4002,-0.0039,35.4,0.0103,-0.0036,-0.0612,0.0,0.0,2.224,2.044,1.803,4.118,False
2020-04-30,850.25,2.224,oil_energy,bullish,oil_energy,macro_fx,1.0,0.785,0.0,0.2,0.8821,-0.0124,42.4,0.0111,0.0131,-0.0145,0.0,0.0,-0.353,0.235,-1.794,2.47,True
2020-05-01,847.25,-0.353,oil_energy,bullish,oil_energy,macro_fx,0.748,0.827,0.0,0.2,0.4354,-0.0158,45.7,0.0104,0.018,-0.0134,0.0,0.0,-0.353,0.236,-1.652,2.567,True
2020-05-04,834.0,-1.564,macro_fx,bullish,macro_fx,oil_energy,0.575,0.771,0.0,0.2,0.2358,-0.0095,42.5,0.0099,0.006,-0.0237,0.0,0.0,-0.353,0.236,1.559,2.567,True
2020-05-05,838.25,0.51,oil_energy,bullish,oil_energy,speculative_mom,0.756,0.797,0.0,0.2,0.4498,-0.0067,47.8,0.0087,0.0148,-0.0202,0.0,0.0,-0.925,-0.358,1.223,3.937,True
2020-05-06,830.5,-0.925,oil_energy,bullish,oil_energy,macro_fx,1.0,0.798,0.0,0.0,0.8772,0.0005,46.5,0.0087,-0.0015,-0.0284,0.0,0.0,1.325,0.963,1.987,5.117,False
2020-05-07,841.5,1.325,oil_energy,bullish,oil_energy,macro_fx,1.0,0.765,0.0,0.0,0.9084,0.0002,54.7,0.0091,-0.0103,-0.0152,0.0,0.0,0.862,0.416,-0.089,4.159,True
2020-05-08,848.75,0.862,oil_energy,bullish,oil_energy,macro_fx,0.961,0.747,0.0,0.2,0.6428,0.0016,61.5,0.0093,0.0018,-0.0171,0.0,0.0,0.412,-0.736,-0.972,3.24,True
2020-05-13,836.0,-1.56,oil_energy,bullish,oil_energy,macro_fx,0.372,0.716,0.0,0.2,0.2403,0.0076,48.4,0.0096,0.0066,-0.0071,0.0,0.0,-0.09,-0.329,3.798,3.977,False
2020-05-18,845.0,0.775,macro_fx,bullish,macro_fx,oil_energy,0.614,0.778,0.0,0.2,0.3512,-0.0022,59.4,0.0086,-0.0085,0.0224,0.0,0.0,-0.296,0.237,2.16,4.645,True
2020-05-20,846.75,0.504,oil_energy,bullish,oil_energy,macro_fx,0.562,0.782,0.0,0.0,0.3873,-0.0112,47.9,0.0086,0.0129,0.0144,0.0,0.0,-1.388,-0.738,2.273,5.403,False
2020-05-26,847.0,1.65,macro_fx,bullish,macro_fx,oil_energy,0.79,0.77,0.0,0.0,0.2464,-0.0155,54.8,0.0091,0.0024,0.0217,0.0,0.0,-0.21,2.91,2.361,7.441,True
2020-05-28,847.0,-0.177,macro_fx,bullish,macro_fx,speculative_mom,0.564,0.75,0.0,0.0,0.0594,-0.0129,53.7,0.0089,0.0003,0.0183,0.0,0.0,-0.738,2.096,3.07,5.254,True
2020-06-03,857.5,0.823,macro_fx,bullish,macro_fx,oil_energy,0.682,0.78,0.0,0.0,0.1215,-0.0258,65.1,0.0091,0.0106,0.023,0.0,0.0,1.195,1.603,1.545,4.198,False
2020-06-04,867.75,1.195,macro_fx,bullish,macro_fx,speculative_mom,0.59,0.917,0.0,0.004,0.0891,-0.0225,70.2,0.0093,0.0245,0.0449,0.0,0.0,0.0,0.144,0.173,3.486,False
2020-06-05,867.75,0.0,macro_fx,bullish,macro_fx,speculative_mom,0.555,0.992,0.0,0.107,0.2054,-0.0214,68.9,0.0093,0.0321,0.0312,0.0,0.0,-0.346,-0.086,-0.317,4.062,True
2020-06-09,863.25,-0.173,macro_fx,bullish,macro_fx,speculative_mom,0.529,0.816,0.0,0.0,0.0972,-0.0205,64.3,0.0091,0.015,0.0129,0.0,0.0,0.261,1.129,2.433,4.17,False
2020-06-11,866.0,0.058,macro_fx,bullish,macro_fx,speculative_mom,0.651,0.862,0.0,0.321,-0.0128,-0.0096,76.1,0.009,-0.002,0.0359,0.0,0.0,0.606,1.184,3.06,4.475,False
2020-06-15,869.0,-0.258,macro_fx,bullish,macro_fx,speculative_mom,0.528,0.867,0.0,0.027,-0.0078,0.0,71.4,0.0081,0.0049,0.0364,0.0,0.0,-0.23,0.201,3.021,3.193,True
2020-06-30,884.25,2.048,speculative_mom,bullish,speculative_mom,macro_fx,0.37,0.913,0.0,0.0,-0.0121,-0.0024,68.7,0.007,0.0106,0.0397,0.0,0.0,1.074,0.82,1.696,0.707,False
2020-07-06,898.5,0.672,speculative_mom,bullish,speculative_mom,macro_fx,0.614,1.0,0.0,0.229,0.0689,-0.0037,75.0,0.0066,0.0387,0.0354,0.0,0.0,-0.362,-1.363,0.89,1.558,False
2020-07-07,895.25,-0.362,speculative_mom,bullish,speculative_mom,macro_fx,0.52,1.0,0.0,0.179,0.0491,-0.0056,73.4,0.0066,0.0332,0.0353,0.0,0.0,-0.056,-0.195,0.168,1.871,False
2020-07-13,876.5,-1.683,speculative_mom,bearish,speculative_mom,macro_fx,0.395,0.93,0.0,0.2,0.007,-0.0076,50.2,0.007,-0.0245,0.006,0.0,0.0,0.656,2.596,2.396,2.653,False
2020-07-20,903.0,0.557,speculative_mom,bullish,speculative_mom,macro_fx,0.48,0.987,0.0,0.106,0.03,-0.009,70.3,0.0066,0.0302,0.0302,0.0,0.0,-0.72,-1.274,-2.935,5.343,False
2020-07-21,896.5,-0.72,macro_fx,bullish,macro_fx,speculative_mom,0.591,0.835,0.0,0.0,0.0348,-0.0158,57.8,0.0067,0.0162,0.0231,0.0,0.0,0.307,-0.53,-2.064,6.525,True
2020-07-22,899.25,0.307,macro_fx,bullish,macro_fx,speculative_mom,0.389,0.83,0.0,0.0,0.0449,-0.0154,53.8,0.0067,0.0147,0.0277,0.0,0.0,0.778,-0.195,-0.973,7.034,True
2020-07-27,906.5,0.193,macro_fx,bullish,macro_fx,speculative_mom,0.693,0.946,0.0,0.0,0.0209,-0.0278,57.8,0.0068,0.0039,0.048,0.0,0.0,-1.076,-2.703,0.662,7.336,False
2020-07-28,896.75,-1.076,macro_fx,bullish,macro_fx,speculative_mom,0.556,0.866,0.0,0.0,0.0111,-0.0227,51.2,0.0071,0.0003,0.0349,0.0,0.0,-0.585,-1.784,1.701,9.256,False
2020-07-29,891.5,-0.585,macro_fx,bullish,macro_fx,speculative_mom,0.653,0.764,0.0,0.2,0.0113,-0.0268,45.9,0.0072,-0.0086,0.0082,0.0,0.0,0.028,-2.384,2.356,10.488,False
2020-07-30,891.75,0.028,macro_fx,bullish,macro_fx,speculative_mom,0.527,0.842,0.0,0.0,-0.0486,-0.0221,50.2,0.0071,-0.016,-0.0022,0.0,0.0,0.645,-1.71,1.262,12.756,True
2020-08-03,897.5,0.0,macro_fx,bullish,macro_fx,speculative_mom,0.283,0.781,0.0,0.0,-0.0015,-0.0126,62.4,0.0072,-0.0099,-0.0011,0.0,0.0,-1.532,-0.78,0.251,13.565,False
2020-08-04,883.75,-1.532,speculative_mom,bearish,speculative_mom,macro_fx,0.248,0.832,0.0,0.0,0.0099,-0.0112,48.2,0.0078,-0.0145,-0.0128,0.0,0.0,-0.198,2.659,3.395,14.427,False
2020-08-05,882.0,-0.198,macro_fx,bullish,macro_fx,speculative_mom,0.455,0.793,0.0,0.0,0.0142,-0.009,41.2,0.0078,-0.0107,-0.0142,0.0,0.0,-0.142,2.438,4.252,16.61,False
2020-08-06,880.75,-0.142,macro_fx,bullish,macro_fx,speculative_mom,0.224,0.813,0.0,0.0,0.0222,-0.0103,36.1,0.0077,-0.0123,-0.0195,0.0,0.0,-1.192,3.605,6.415,18.479,True
2020-08-07,870.25,-1.192,macro_fx,bearish,macro_fx,speculative_mom,0.569,1.0,0.0,0.185,-0.0012,0.0019,25.8,0.008,-0.0304,-0.0238,0.0,0.0,0.718,4.797,9.221,17.495,False
2020-08-12,890.5,1.424,mixed,neutral,macro_fx,speculative_mom,0.148,0.765,0.0,0.0,0.0405,-0.0006,39.0,0.0076,0.0096,0.0048,0.0,0.0,1.881,1.151,8.085,12.296,False
2020-08-13,907.25,1.881,speculative_mom,bullish,speculative_mom,macro_fx,0.484,0.989,0.0,0.1,0.0129,-0.0004,51.4,0.0081,0.0301,0.0154,0.0,0.0,-0.413,-0.827,6.779,10.499,False
2020-08-14,903.5,-0.413,speculative_mom,bullish,speculative_mom,macro_fx,0.614,1.0,0.0,0.127,-0.0043,0.0029,48.3,0.0081,0.0382,0.0061,0.0,0.0,0.996,1.134,7.305,10.266,False
2020-08-17,912.5,0.996,speculative_mom,bullish,speculative_mom,macro_fx,0.654,1.0,0.0,0.137,0.0224,0.0006,58.9,0.0083,0.0411,0.0105,0.0,0.0,-0.055,0.767,6.63,8.822,False
2020-08-18,912.0,-0.055,speculative_mom,bullish,speculative_mom,macro_fx,0.608,1.0,0.0,0.129,0.0405,-0.0125,62.3,0.0082,0.0387,0.0173,0.0,0.0,0.055,2.769,7.429,8.822,False
2020-08-19,912.5,0.055,macro_fx,bullish,macro_fx,speculative_mom,0.547,0.918,0.0,0.0,0.0236,-0.0074,62.4,0.0082,0.0247,0.0147,0.0,0.0,-1.041,4.164,7.945,12.164,True
2020-08-25,913.75,1.556,macro_fx,bullish,macro_fx,speculative_mom,0.221,0.76,0.0,0.0,0.0319,-0.0009,67.8,0.0081,0.0019,0.019,0.0,0.0,0.629,6.019,10.67,15.021,False
2020-08-27,937.25,1.93,speculative_mom,bullish,speculative_mom,macro_fx,0.585,1.0,0.0,0.39,0.0035,0.008,83.2,0.0087,0.0379,0.051,0.0,0.0,1.414,3.814,11.336,13.684,False
2020-08-28,950.5,1.414,speculative_mom,bullish,speculative_mom,macro_fx,0.856,1.0,0.0,0.469,0.0009,-0.0056,84.3,0.0089,0.0552,0.0591,0.0,0.0,0.079,3.077,7.575,13.684,False
2020-08-31,951.25,0.079,speculative_mom,bullish,speculative_mom,macro_fx,0.873,1.0,0.0,0.474,0.0007,-0.007,84.1,0.0089,0.0572,0.0599,0.0,0.0,0.394,3.548,7.201,9.75,False
2020-09-01,955.0,0.394,speculative_mom,bullish,speculative_mom,macro_fx,0.689,1.0,0.0,0.405,0.0099,-0.0098,82.7,0.0088,0.0451,0.0806,0.0,0.0,0.785,5.288,6.23,10.602,False
2020-09-02,962.5,0.785,speculative_mom,bullish,speculative_mom,macro_fx,0.776,1.0,0.0,0.375,-0.026,-0.0048,81.0,0.0088,0.0468,0.0913,0.0,0.0,0.649,5.896,3.896,10.364,False
2020-09-03,968.75,0.649,speculative_mom,bullish,speculative_mom,macro_fx,0.843,1.0,0.0,0.412,-0.0457,-0.003,85.6,0.0088,0.0336,0.0999,0.0,0.0,0.077,5.896,3.484,8.387,False
2020-09-04,969.5,0.077,speculative_mom,bullish,speculative_mom,oil_energy,0.953,1.0,0.0,0.283,-0.0834,-0.0031,84.1,0.0088,0.02,0.114,0.0,0.0,0.361,4.306,2.759,8.742,False
2020-09-08,973.0,0.361,speculative_mom,bullish,speculative_mom,macro_fx,0.9,1.0,0.0,0.3,-0.1459,0.0051,85.3,0.0088,0.0229,0.1101,0.0,0.0,0.694,5.704,2.055,9.353,False
2020-09-09,979.75,0.694,speculative_mom,bullish,speculative_mom,macro_fx,0.934,1.0,0.0,0.3,-0.1145,0.0096,86.3,0.0084,0.0259,0.1159,0.0,0.0,0.536,6.507,4.465,9.416,False
2020-09-10,985.0,0.536,speculative_mom,bullish,speculative_mom,macro_fx,0.834,1.0,0.0,0.3,-0.1246,0.013,96.3,0.0083,0.0234,0.1061,0.0,0.0,2.081,3.807,3.909,9.01,False
2020-09-11,1005.5,2.081,speculative_mom,bullish,speculative_mom,macro_fx,0.838,1.0,0.0,0.426,-0.127,0.0107,99.1,0.0089,0.0379,0.1083,0.0,0.0,1.367,1.417,1.517,7.782,False
2020-09-14,1019.25,1.367,speculative_mom,bullish,speculative_mom,macro_fx,0.989,1.0,0.0,0.471,-0.1024,0.0024,89.5,0.009,0.0513,0.1281,0.0,0.0,1.367,-0.466,0.221,6.721,True
2020-09-15,991.5,-2.723,speculative_mom,bullish,speculative_mom,macro_fx,0.632,1.0,0.0,0.183,-0.0747,0.0033,79.2,0.0107,0.019,0.0866,0.0,0.0,1.367,-0.466,5.295,6.721,True
2020-09-16,1011.25,1.992,speculative_mom,bullish,speculative_mom,macro_fx,0.807,1.0,0.0,0.33,0.0098,0.0053,81.2,0.0105,0.0322,0.1088,0.0,0.0,1.706,-0.865,3.931,4.549,True
2020-09-17,1028.5,1.706,speculative_mom,bullish,speculative_mom,macro_fx,0.943,1.0,0.0,0.369,0.1145,-0.0055,81.1,0.0107,0.0442,0.1271,0.0,0.0,1.458,-3.136,2.09,2.261,True
2020-09-18,1043.5,1.458,speculative_mom,bullish,speculative_mom,oil_energy,1.0,1.0,0.0,0.352,0.0804,-0.0035,81.3,0.0107,0.0378,0.1556,0.0,0.0,-2.012,-4.839,2.108,1.246,False
2020-09-21,1022.5,-2.012,speculative_mom,bullish,speculative_mom,macro_fx,0.964,1.0,0.0,0.022,0.0539,0.0021,71.1,0.0113,0.0032,0.1352,0.0,0.0,-0.269,-4.839,1.1,2.763,False
2020-09-22,1019.75,-0.269,speculative_mom,bullish,speculative_mom,macro_fx,0.932,1.0,0.0,0.0,0.0608,0.0071,69.3,0.0114,0.0285,0.1334,0.0,0.0,-0.515,0.368,2.378,3.849,True
2020-09-23,1014.5,-0.515,speculative_mom,bullish,speculative_mom,macro_fx,0.745,1.0,0.0,0.0,0.0717,0.0142,65.7,0.0115,0.0032,0.1103,0.0,0.0,-1.429,0.616,4.115,6.358,True
2020-09-24,1000.0,-1.429,speculative_mom,bearish,speculative_mom,macro_fx,0.569,1.0,0.0,0.2,0.053,0.014,59.0,0.0119,-0.0277,0.0875,0.0,0.0,0.25,2.15,6.225,10.175,False
2020-09-25,1002.5,0.25,speculative_mom,bearish,speculative_mom,macro_fx,0.645,1.0,0.0,0.331,0.0022,0.0147,59.4,0.0115,-0.0393,0.0696,0.0,0.0,-0.623,4.14,4.738,9.576,True
2020-09-29,993.0,-0.326,speculative_mom,bearish,speculative_mom,macro_fx,0.437,0.958,0.0,0.2,-0.0443,0.0103,53.8,0.0116,-0.0262,0.0439,0.0,0.0,-0.326,5.74,7.15,10.916,True
2020-09-30,1023.5,3.072,speculative_mom,bullish,speculative_mom,macro_fx,0.446,0.964,0.0,0.0,0.0231,0.0037,59.6,0.0126,0.0089,0.0717,0.0,0.0,-0.326,5.74,4.739,10.916,True
2020-10-06,1044.0,2.203,speculative_mom,bullish,speculative_mom,macro_fx,0.744,1.0,0.0,0.171,0.0104,-0.0079,61.4,0.0127,0.0514,0.073,0.0,0.0,0.67,1.748,3.664,12.045,False
2020-10-09,1065.5,1.476,speculative_mom,bullish,speculative_mom,macro_fx,0.616,1.0,0.0,0.146,0.0094,-0.0088,68.8,0.0125,0.0438,0.0597,0.0,0.0,1.476,-0.141,-0.845,10.84,True
2020-10-12,1033.75,-2.98,mixed,neutral,speculative_mom,macro_fx,0.137,0.758,0.0,0.0,0.0183,-0.0068,54.9,0.0138,0.012,0.0142,0.0,0.0,1.476,-0.141,1.644,10.84,True
2020-10-23,1083.75,0.931,speculative_mom,bullish,speculative_mom,macro_fx,0.524,1.0,0.0,0.116,-0.029,-0.0065,70.4,0.0138,0.0321,0.081,0.0,0.0,0.369,-2.284,5.329,6.897,True
2020-10-26,1087.75,0.369,speculative_mom,bullish,speculative_mom,macro_fx,0.601,1.0,0.0,0.106,-0.0586,-0.0086,66.4,0.0137,0.0318,0.0918,0.0,0.0,-0.506,-0.804,6.045,5.332,False
2020-10-27,1082.25,-0.506,speculative_mom,bullish,speculative_mom,macro_fx,0.582,1.0,0.0,0.0,-0.032,-0.0079,61.8,0.0126,0.0172,0.0899,0.0,0.0,-2.31,1.802,8.085,7.046,True
2020-10-28,1057.25,-2.31,macro_fx,bullish,macro_fx,speculative_mom,0.403,0.835,0.0,0.2,-0.0843,-0.0002,52.3,0.0131,-0.0138,0.033,0.0,0.0,-0.52,3.902,11.208,9.033,True
2020-11-02,1050.75,-0.544,speculative_mom,bearish,speculative_mom,macro_fx,0.551,1.0,0.0,0.313,-0.0942,0.0118,52.9,0.012,-0.034,0.0286,0.0,0.0,0.785,8.803,13.395,12.705,False
2020-11-04,1079.0,1.889,speculative_mom,bullish,speculative_mom,macro_fx,0.258,0.839,0.0,0.0,0.0153,0.0039,56.7,0.0124,0.0206,0.0266,0.0,0.0,2.108,5.792,9.731,11.33,False
2020-11-05,1101.75,2.108,macro_fx,bullish,macro_fx,speculative_mom,0.705,1.0,0.0,0.158,-0.0197,-0.0044,69.1,0.0124,0.0475,0.0493,0.0,0.0,-0.295,4.697,8.169,10.733,True
2020-11-06,1098.5,-0.295,speculative_mom,bullish,speculative_mom,macro_fx,0.531,1.0,0.0,0.133,-0.0067,-0.0126,66.5,0.0125,0.0398,0.031,0.0,0.0,0.592,6.486,6.372,10.733,False
2020-11-09,1105.0,0.592,speculative_mom,bullish,speculative_mom,macro_fx,0.699,1.0,0.0,0.172,0.1139,-0.0131,65.6,0.0124,0.0516,0.0689,0.0,0.0,0.592,6.403,5.158,12.873,False
2020-11-10,1138.25,3.009,speculative_mom,bullish,speculative_mom,macro_fx,1.0,1.0,0.0,0.224,0.1556,-0.0137,71.2,0.0132,0.0748,0.0903,0.0,0.0,0.592,6.403,1.296,12.873,False
2020-11-11,1143.25,0.439,speculative_mom,bullish,speculative_mom,macro_fx,0.786,1.0,0.0,0.234,0.1261,-0.0107,71.8,0.0122,0.0595,0.0824,0.0,0.0,-0.547,3.302,2.187,10.518,True
2020-11-12,1137.0,-0.547,speculative_mom,bullish,speculative_mom,oil_energy,0.413,0.942,0.0,0.107,0.0919,-0.0063,67.1,0.0123,0.032,0.0704,0.0,0.0,0.396,4.793,2.287,10.4,False
2020-11-13,1141.5,0.396,speculative_mom,bullish,speculative_mom,macro_fx,0.531,1.0,0.0,0.13,0.025,-0.007,67.2,0.0123,0.0391,0.0871,0.0,0.0,1.051,4.358,1.489,10.4,False
2020-11-16,1153.5,1.051,speculative_mom,bullish,speculative_mom,macro_fx,0.576,1.0,0.0,0.184,0.0657,0.0004,71.9,0.0123,0.0439,0.0941,0.0,0.0,1.409,2.644,-0.672,13.026,False
2020-11-17,1169.75,1.409,speculative_mom,bullish,speculative_mom,oil_energy,0.608,1.0,0.0,0.3,0.1155,0.0021,86.5,0.012,0.0277,0.0994,0.0,0.0,0.513,1.881,-0.962,12.439,False
2020-11-18,1175.75,0.513,speculative_mom,bullish,speculative_mom,macro_fx,0.583,1.0,0.0,0.3,0.038,-0.0044,90.1,0.012,0.0284,0.0968,0.0,0.0,0.149,-0.617,-1.956,11.971,False
2020-11-19,1177.5,0.149,speculative_mom,bullish,speculative_mom,macro_fx,0.576,1.0,0.0,0.419,0.0092,-0.005,89.9,0.012,0.0356,0.0966,0.0,0.0,0.297,-1.316,-1.444,11.971,True
2020-11-20,1181.0,0.297,speculative_mom,bullish,speculative_mom,macro_fx,0.521,1.0,0.0,0.415,0.0169,-0.007,93.6,0.0118,0.0346,0.0897,0.0,0.0,0.889,-2.371,-0.974,15.601,True
2020-11-23,1191.5,0.889,speculative_mom,bullish,speculative_mom,macro_fx,0.556,1.0,0.0,0.41,0.0472,-0.0048,93.7,0.01,0.0329,0.0954,0.0,0.0,-0.021,-1.951,-0.608,14.184,False
2020-11-24,1191.25,-0.021,speculative_mom,bullish,speculative_mom,macro_fx,0.588,1.0,0.0,0.3,0.1191,-0.0057,92.6,0.01,0.0184,0.1007,0.0,0.0,-0.609,-2.371,-0.63,15.488,False
2020-11-25,1184.0,-0.609,speculative_mom,bullish,speculative_mom,macro_fx,0.716,1.0,0.0,0.3,0.1057,-0.0063,85.4,0.0101,0.007,0.1199,0.0,0.0,0.655,-2.154,1.457,16.09,True
2020-11-27,1191.75,0.655,speculative_mom,bullish,speculative_mom,macro_fx,0.8,1.0,0.0,0.3,0.099,-0.0068,88.6,0.0101,0.0121,0.1331,0.0,0.0,-1.951,-3.86,2.37,16.09,False
2020-11-30,1168.5,-1.951,speculative_mom,bearish,speculative_mom,oil_energy,0.601,1.0,0.0,0.262,0.0842,-0.0049,73.1,0.0106,-0.0106,0.106,0.0,0.0,-0.556,-0.856,6.397,20.753,False
2020-12-01,1162.0,-0.556,speculative_mom,bearish,speculative_mom,macro_fx,0.594,1.0,0.0,0.2,0.0673,-0.0106,60.7,0.0107,-0.0248,0.1059,0.0,0.0,-0.775,-0.796,7.336,23.623,False
2020-12-02,1153.0,-0.775,speculative_mom,bearish,speculative_mom,macro_fx,0.533,1.0,0.0,0.307,0.0743,-0.0137,54.2,0.0109,-0.0321,0.0888,0.0,0.0,1.323,0.65,9.172,22.875,True
2020-12-17,1201.25,1.478,speculative_mom,bullish,speculative_mom,macro_fx,0.512,1.0,0.0,0.14,0.0605,-0.0126,53.3,0.0102,0.0421,0.0217,0.0,0.0,1.561,6.04,14.422,12.778,False
2020-12-18,1220.0,1.561,speculative_mom,bullish,speculative_mom,macro_fx,0.64,1.0,0.0,0.171,0.0786,-0.0117,68.4,0.0099,0.0513,0.0361,0.0,0.0,1.561,6.865,16.557,12.398,False
2020-12-21,1243.25,1.906,speculative_mom,bullish,speculative_mom,macro_fx,0.798,1.0,0.0,0.318,0.0205,-0.0083,75.9,0.0102,0.0631,0.0527,0.0,0.0,1.561,6.865,13.493,12.398,False
2020-12-22,1247.25,0.322,speculative_mom,bullish,speculative_mom,macro_fx,0.653,1.0,0.0,0.398,0.0097,-0.0036,81.1,0.0102,0.0532,0.0468,0.0,0.0,0.922,5.552,15.173,9.581,False
2020-12-23,1258.75,0.922,speculative_mom,bullish,speculative_mom,macro_fx,0.784,1.0,0.0,0.411,0.024,-0.0033,80.6,0.009,0.0634,0.0567,0.0,0.0,0.377,5.552,12.552,10.248,False
2020-12-24,1263.5,0.377,speculative_mom,bullish,speculative_mom,macro_fx,0.617,1.0,0.0,0.454,0.0128,-0.0015,84.1,0.009,0.0518,0.0671,0.0,0.0,-0.653,8.053,9.676,10.942,True
2020-12-28,1255.25,-0.653,speculative_mom,bullish,speculative_mom,macro_fx,0.305,0.87,0.0,0.24,-0.0042,-0.0012,82.0,0.0091,0.0289,0.0533,0.0,0.0,-0.653,8.385,9.102,10.942,True
2020-12-29,1295.5,3.207,speculative_mom,bullish,speculative_mom,macro_fx,0.595,1.0,0.0,0.44,-0.0074,0.0021,91.9,0.0105,0.042,0.1087,0.0,0.0,-0.653,8.385,5.77,10.942,True
2020-12-30,1303.75,0.637,speculative_mom,bullish,speculative_mom,macro_fx,0.683,1.0,0.0,0.451,-0.0143,-0.0043,91.7,0.0104,0.0453,0.122,0.0,0.0,0.882,5.427,0.614,5.235,False
2020-12-31,1315.25,0.882,speculative_mom,bullish,speculative_mom,macro_fx,0.807,1.0,0.0,0.45,0.0163,-0.0011,95.1,0.0103,0.0449,0.1407,0.0,0.0,0.095,5.427,2.148,5.284,False
2021-01-04,1316.5,0.095,speculative_mom,bullish,speculative_mom,macro_fx,0.705,1.0,0.0,0.44,0.0128,-0.0085,95.0,0.0103,0.0419,0.1269,0.0,0.0,0.095,7.178,4.083,5.108,False
2021-01-05,1350.0,2.545,speculative_mom,bullish,speculative_mom,macro_fx,0.926,1.0,0.0,0.5,0.0376,-0.0107,95.6,0.011,0.0755,0.1608,0.0,0.0,0.095,7.178,1.833,5.108,False
2021-01-06,1365.25,1.13,speculative_mom,bullish,speculative_mom,macro_fx,1.0,1.0,0.0,0.479,0.0498,-0.0089,95.6,0.0111,0.0538,0.1785,0.0,0.0,-0.348,3.772,-0.879,0.879,True
2021-01-07,1360.5,-0.348,speculative_mom,bullish,speculative_mom,macro_fx,1.0,1.0,0.0,0.445,0.0674,-0.0056,93.6,0.0111,0.0435,0.1874,0.0,0.0,1.121,1.856,0.698,1.709,False
2021-01-08,1375.75,1.121,speculative_mom,bullish,speculative_mom,macro_fx,1.0,0.747,0.0,0.453,0.0883,0.001,93.5,0.0112,0.046,0.1875,0.0,19.0,-0.091,-0.454,-0.763,1.709,False
2021-01-11,1374.5,-0.091,speculative_mom,bullish,speculative_mom,macro_fx,1.0,0.752,0.0,0.447,0.0795,0.0102,92.2,0.011,0.0441,0.1924,0.0,18.6,-0.091,-0.309,-1.437,3.583,False
2021-01-12,1422.0,3.456,speculative_mom,bullish,speculative_mom,macro_fx,1.0,0.754,0.0,0.478,0.0967,0.0012,93.1,0.0123,0.0533,0.2253,0.0,18.4,-0.091,-0.309,-3.569,3.583,False
2021-01-13,1411.0,-0.774,speculative_mom,bullish,speculative_mom,macro_fx,1.0,0.756,0.0,0.412,0.1111,0.0049,88.2,0.0116,0.0335,0.2065,0.0,18.3,1.807,-4.784,-2.729,-0.408,True
2021-01-14,1436.5,1.807,speculative_mom,bullish,speculative_mom,macro_fx,1.0,0.758,0.0,0.486,0.0729,0.0089,88.9,0.0116,0.0559,0.213,0.0,18.2,-1.375,-4.612,-4.856,-3.063,False
2021-01-15,1416.75,-1.375,speculative_mom,bullish,speculative_mom,macro_fx,0.971,0.76,0.0,0.23,0.0342,0.014,81.5,0.0119,0.0298,0.1968,0.0,18.0,-2.188,-2.965,-2.047,-0.194,False
2021-01-19,1385.75,-2.188,speculative_mom,bullish,speculative_mom,macro_fx,0.706,0.77,0.0,0.091,0.0423,0.0075,74.5,0.0129,0.0082,0.1536,0.0,17.3,-1.173,-2.965,1.155,1.804,False
2021-01-20,1369.5,-1.173,speculative_mom,bearish,speculative_mom,macro_fx,0.574,0.772,0.0,0.323,0.0191,0.0041,65.3,0.0132,-0.0369,0.1225,0.0,17.1,0.055,0.037,-1.132,3.341,False
2021-01-22,1311.75,-4.269,speculative_mom,bearish,speculative_mom,macro_fx,1.0,0.777,0.0,0.4,-0.0177,0.0021,49.4,0.0156,-0.0868,0.0517,0.0,16.7,0.055,-0.365,4.593,4.671,False
2021-01-25,1343.5,2.42,speculative_mom,bearish,speculative_mom,macro_fx,0.733,0.773,0.0,0.372,-0.0026,0.0008,54.3,0.0159,-0.0517,0.0673,0.0,17.0,1.991,2.066,3.07,7.276,False
2021-01-26,1370.25,1.991,speculative_mom,bearish,speculative_mom,macro_fx,0.296,0.636,0.0,0.2,-0.0179,-0.0008,53.3,0.016,-0.0112,0.0845,0.0,17.1,0.328,0.164,0.985,3.01,False
2021-01-28,1353.25,-1.564,speculative_mom,bearish,speculative_mom,macro_fx,0.254,0.605,0.0,0.2,-0.0121,-0.0004,48.8,0.0165,-0.0124,0.0446,0.0,17.3,0.328,-0.582,1.774,2.964,True
2021-02-10,1354.0,-3.406,speculative_mom,bearish,speculative_mom,oil_energy,0.494,0.751,0.0,0.0,0.0958,-0.0071,47.1,0.0178,-0.0126,-0.0478,0.0,18.4,1.009,-1.748,4.524,2.212,True
2021-02-23,1406.0,1.608,mixed,neutral,macro_fx,speculative_mom,0.158,0.471,0.0,0.0,0.0589,-0.0028,64.4,0.0164,0.0153,0.0465,0.0,18.6,0.472,1.951,1.227,2.529,False
2021-02-24,1423.75,1.262,speculative_mom,bullish,speculative_mom,oil_energy,0.243,0.578,0.0,0.0,0.0631,-0.0033,64.7,0.0166,0.0289,0.039,0.0,18.8,-1.247,0.737,-0.421,-0.597,True
2021-02-25,1406.0,-1.247,mixed,neutral,speculative_mom,oil_energy,0.163,0.522,0.0,0.0,0.058,-0.0042,58.6,0.0155,0.0225,0.0227,0.0,19.0,-0.053,2.258,-0.978,-0.213,False
2021-02-26,1405.25,-0.053,macro_fx,bullish,macro_fx,speculative_mom,0.678,0.5,0.0,0.0,0.0059,-0.0002,60.1,0.0154,0.0203,0.0384,0.0,19.2,-0.907,2.562,0.783,-1.655,True
2021-03-01,1392.5,-0.907,macro_fx,bearish,macro_fx,speculative_mom,0.183,0.5,0.0,0.0,0.002,0.005,51.3,0.0151,0.0063,0.0164,0.0,18.8,1.544,1.364,1.795,-0.215,False
2021-03-02,1414.0,1.544,macro_fx,bearish,macro_fx,speculative_mom,0.18,0.45,0.0,0.0,0.0086,0.0048,53.2,0.0152,0.0057,0.0357,0.0,18.7,-0.23,0.106,0.654,-0.283,True
2021-03-04,1415.25,0.319,macro_fx,bearish,macro_fx,oil_energy,0.567,0.445,0.0,0.0,0.035,0.0162,67.5,0.0145,0.0066,0.0321,0.0,18.4,1.343,0.3,-0.071,1.272,True
2021-03-05,1434.25,1.343,macro_fx,bearish,macro_fx,speculative_mom,0.542,0.515,0.0,0.013,0.0454,0.02,70.6,0.0146,0.0206,0.045,0.0,18.3,0.244,-0.767,-2.353,1.081,True
2021-03-08,1437.75,0.244,macro_fx,bearish,macro_fx,speculative_mom,0.642,0.611,0.0,0.108,0.0239,0.0242,68.7,0.012,0.0325,0.0519,0.0,18.4,0.243,-1.391,-3.113,2.382,True
2021-03-10,1411.5,-2.064,macro_fx,bearish,macro_fx,speculative_mom,0.242,0.547,0.0,0.0,0.0627,0.0082,61.1,0.0116,0.0005,0.007,0.0,18.4,0.283,0.337,1.789,8.626,False
2021-03-11,1415.5,0.283,macro_fx,bearish,macro_fx,oil_energy,0.293,0.502,0.0,0.0,0.1049,0.0069,61.5,0.0116,0.0002,0.0454,0.0,18.5,0.018,0.141,-0.954,8.778,False
2021-03-12,1415.75,0.018,speculative_mom,bearish,speculative_mom,macro_fx,0.288,0.612,0.0,0.2,0.0707,0.008,60.0,0.0112,-0.0129,0.0353,0.0,18.5,0.265,0.53,-0.212,10.825,False
2021-03-18,1392.25,-1.799,macro_fx,bullish,macro_fx,speculative_mom,0.424,0.652,0.0,0.2,-0.0626,-0.0012,45.4,0.0112,-0.0164,0.0125,0.0,18.7,1.724,0.054,0.772,12.839,True
2021-03-23,1423.25,0.406,macro_fx,bearish,macro_fx,oil_energy,0.543,0.534,0.0,0.0,-0.1196,0.0072,54.7,0.0113,0.0,0.0123,0.0,19.1,0.667,-3.495,-0.931,11.154,True
2021-03-26,1400.5,-0.972,macro_fx,bearish,macro_fx,speculative_mom,0.597,0.6,0.0,0.0,-0.0562,0.015,37.5,0.0096,-0.0111,-0.0034,0.0,19.3,-0.536,0.589,3.517,15.673,True
2021-03-30,1366.75,-1.884,speculative_mom,bearish,speculative_mom,macro_fx,0.669,0.755,0.0,0.132,-0.0142,0.015,35.0,0.0101,-0.0397,-0.0334,0.0,18.4,-1.884,2.652,9.548,21.493,True
2021-03-31,1436.75,5.122,macro_fx,bearish,macro_fx,speculative_mom,0.614,0.52,0.0,0.0,-0.0388,0.0156,54.9,0.0138,0.0028,0.0184,0.0,18.2,-1.884,2.652,6.717,21.493,True
2021-04-01,1402.0,-2.419,speculative_mom,bearish,speculative_mom,macro_fx,0.32,0.641,0.0,0.0,0.0639,0.0064,47.2,0.0145,-0.0087,-0.0094,0.0,17.9,-1.884,2.652,9.825,21.493,True
2021-04-05,1412.75,0.767,speculative_mom,bullish,speculative_mom,macro_fx,0.358,0.668,0.0,0.2,-0.0414,0.0008,48.7,0.0146,0.0087,-0.015,0.0,17.7,0.425,-0.195,11.06,12.369,True
2021-04-19,1449.75,1.151,speculative_mom,bullish,speculative_mom,macro_fx,0.531,0.763,0.0,0.163,0.0634,-0.0108,60.7,0.0144,0.049,0.0237,0.0,17.8,1.535,7.45,11.743,6.812,False
2021-04-20,1472.0,1.535,speculative_mom,bullish,speculative_mom,macro_fx,0.669,0.758,0.0,0.201,0.0526,-0.01,70.1,0.0146,0.0594,0.0384,0.0,18.1,1.715,4.789,11.243,6.148,False
2021-04-21,1497.25,1.715,speculative_mom,bullish,speculative_mom,macro_fx,0.698,0.754,0.0,0.2,0.0276,-0.0106,64.0,0.0149,0.0619,0.052,0.0,18.5,2.404,4.926,10.903,3.473,False
2021-04-22,1533.25,2.404,speculative_mom,bullish,speculative_mom,macro_fx,0.952,0.749,0.0,0.403,0.0208,-0.0057,80.1,0.0149,0.0811,0.0701,0.0,18.8,0.424,1.761,5.152,3.294,False
2021-04-23,1539.75,0.424,speculative_mom,bullish,speculative_mom,macro_fx,0.842,0.744,0.0,0.395,-0.016,-0.0091,79.7,0.0149,0.0743,0.0887,0.0,19.2,1.9,2.419,4.157,1.331,False
2021-04-26,1569.0,1.9,speculative_mom,bullish,speculative_mom,macro_fx,0.934,0.731,0.0,0.435,-0.0244,-0.0094,81.7,0.0151,0.0823,0.1203,0.0,20.2,-1.227,0.829,1.179,0.701,True
2021-04-27,1549.75,-1.227,speculative_mom,bullish,speculative_mom,macro_fx,0.53,0.726,0.0,0.349,-0.003,-0.0071,78.7,0.0154,0.0528,0.1125,0.0,20.5,0.516,3.597,1.581,0.823,False
2021-04-28,1557.75,0.516,speculative_mom,bullish,speculative_mom,macro_fx,0.627,0.722,0.0,0.31,0.0076,-0.0051,78.8,0.0154,0.0404,0.1397,0.0,20.9,-0.979,4.06,-1.252,-0.883,True
2021-04-29,1542.5,-0.979,speculative_mom,bullish,speculative_mom,macro_fx,0.188,0.509,0.0,0.157,0.0412,-0.0069,77.8,0.0155,0.006,0.0736,0.0,21.2,1.848,5.024,-0.6,-2.204,False
2021-04-30,1571.0,1.848,macro_fx,bearish,macro_fx,speculative_mom,0.729,0.711,0.0,0.3,0.0363,0.0013,86.6,0.0153,0.0203,0.1205,0.0,21.5,-0.684,4.233,-2.849,-6.286,True
2021-05-05,1582.0,0.317,speculative_mom,bullish,speculative_mom,macro_fx,0.503,0.708,0.0,0.244,0.0601,0.0055,82.2,0.0153,0.0156,0.123,0.0,21.9,1.485,1.375,-4.962,-8.148,False
2021-05-06,1605.5,1.485,speculative_mom,bullish,speculative_mom,macro_fx,0.575,0.707,0.0,0.392,0.0281,0.0004,82.8,0.0154,0.0408,0.1344,0.0,22.0,0.965,-1.121,-4.267,-8.148,True
2021-05-07,1621.0,0.965,macro_fx,bullish,macro_fx,speculative_mom,0.709,0.706,0.0,0.36,0.0163,-0.0042,82.7,0.0151,0.0318,0.1554,0.0,22.1,-0.062,-2.884,-5.583,-12.708,False
2021-05-10,1620.0,-0.062,speculative_mom,bullish,speculative_mom,oil_energy,0.811,0.704,0.0,0.343,-0.0014,-0.0044,80.8,0.0149,0.0383,0.1722,0.0,22.2,1.08,-2.884,-4.414,-13.92,True
2021-05-11,1637.5,1.08,speculative_mom,bullish,speculative_mom,macro_fx,0.84,0.703,0.0,0.33,0.0267,-0.0125,80.1,0.0148,0.0384,0.1785,0.0,22.3,1.405,-6.366,-4.58,-15.42,True
2021-05-12,1660.5,1.405,speculative_mom,bullish,speculative_mom,macro_fx,0.822,0.702,0.0,0.344,0.0247,-0.0026,79.0,0.0141,0.0496,0.1777,0.0,22.3,1.405,-8.085,-6.7,-17.419,True
2021-05-13,1612.25,-2.906,speculative_mom,bullish,speculative_mom,oil_energy,0.547,0.702,0.0,0.0,-0.0285,-0.0059,63.9,0.0129,0.0042,0.1368,0.0,22.4,1.405,-8.085,-1.768,-17.419,True
2021-05-18,1574.25,-0.835,speculative_mom,bearish,speculative_mom,macro_fx,0.67,0.72,0.0,0.329,0.0091,-0.0053,53.4,0.0124,-0.0386,0.0695,0.0,21.0,-0.835,-2.366,-0.746,-14.346,False
2021-05-19,1538.25,-2.287,speculative_mom,bearish,speculative_mom,oil_energy,1.0,0.725,0.0,0.4,-0.024,-0.0002,49.2,0.0132,-0.0736,0.0274,0.0,20.6,-0.835,-2.366,0.374,-14.346,False
2021-05-20,1533.25,-0.325,speculative_mom,bearish,speculative_mom,oil_energy,0.778,0.729,0.0,0.163,-0.0495,-0.0037,42.1,0.0132,-0.049,0.0,0.0,20.3,-0.457,0.995,-1.614,-5.316,True
2021-05-21,1526.25,-0.457,speculative_mom,bearish,speculative_mom,oil_energy,0.758,0.734,0.0,0.161,-0.0378,-0.0076,42.8,0.0131,-0.0483,-0.0088,0.0,19.9,-0.229,2.375,-3.538,-5.316,True
2021-05-24,1522.75,-0.229,speculative_mom,bearish,speculative_mom,oil_energy,0.656,0.743,0.0,0.136,0.0349,-0.0101,37.8,0.0127,-0.0408,-0.0295,0.0,19.3,-0.722,1.74,-3.743,-5.316,True
2021-05-25,1511.75,-0.722,speculative_mom,bearish,speculative_mom,macro_fx,0.636,0.746,0.0,0.132,0.0107,-0.0075,34.7,0.0129,-0.0397,-0.0245,0.0,19.1,-0.546,4.763,-4.184,-8.037,True
2021-05-26,1503.5,-0.546,speculative_mom,bearish,speculative_mom,macro_fx,0.553,0.748,0.0,0.077,-0.0009,-0.002,26.2,0.0128,-0.0226,-0.0348,0.0,18.9,2.228,3.775,-11.556,-6.618,False
2021-05-27,1537.0,2.228,speculative_mom,bullish,speculative_mom,macro_fx,0.351,0.652,0.0,0.2,0.0208,0.0025,31.9,0.0133,0.0024,-0.0036,0.0,18.7,-0.423,2.798,-9.174,-6.799,True
2021-06-03,1549.25,-0.848,macro_fx,bearish,macro_fx,speculative_mom,0.666,0.731,0.0,0.301,0.0418,0.0075,33.8,0.0129,0.0304,-0.0207,0.0,17.9,2.227,-4.97,-11.489,-6.1,True
2021-06-04,1583.75,2.227,speculative_mom,bullish,speculative_mom,macro_fx,0.408,0.701,0.0,0.301,0.0537,0.0056,45.5,0.0128,0.0304,-0.0135,0.0,17.9,-1.484,-7.451,-16.038,-6.1,False
2021-06-07,1560.25,-1.484,speculative_mom,bullish,speculative_mom,macro_fx,0.555,0.762,0.0,0.2,0.0456,-0.001,44.0,0.0131,0.0194,-0.0375,0.0,17.9,1.266,-7.162,-13.027,-7.483,True
2021-06-09,1562.5,-1.108,speculative_mom,bearish,speculative_mom,oil_energy,0.599,0.762,0.0,0.0,0.0549,0.001,55.6,0.0128,0.0,-0.0458,0.0,17.9,-1.184,-7.162,-7.2,-9.36,False
2021-06-10,1544.0,-1.184,speculative_mom,bearish,speculative_mom,macro_fx,0.744,0.762,0.0,0.0,0.038,0.0028,52.3,0.013,-0.0034,-0.0702,0.0,17.9,-2.299,-8.355,-6.299,-9.262,False
2021-06-11,1508.5,-2.299,speculative_mom,bearish,speculative_mom,macro_fx,0.72,0.762,0.0,0.158,0.0302,0.0073,46.6,0.0135,-0.0475,-0.0644,0.0,17.9,-2.403,-7.557,-3.762,-6.347,False
2021-06-14,1472.25,-2.403,speculative_mom,bearish,speculative_mom,macro_fx,0.818,0.778,0.0,0.188,0.0301,0.0002,41.3,0.0137,-0.0564,-0.082,0.0,16.7,-0.442,-5.926,-7.37,-3.668,False
2021-06-15,1465.75,-0.442,speculative_mom,bearish,speculative_mom,macro_fx,0.994,0.783,0.0,0.2,0.0359,0.0044,41.9,0.0136,-0.0723,-0.0767,0.0,16.3,-1.177,-6.447,-5.407,-2.303,False
2021-06-16,1448.5,-1.177,speculative_mom,bearish,speculative_mom,macro_fx,0.981,0.788,0.0,0.2,0.0422,0.0131,40.7,0.0135,-0.073,-0.0799,0.0,15.9,-1.177,-6.447,-4.021,-0.984,False
2021-06-17,1329.75,-8.198,speculative_mom,bearish,speculative_mom,macro_fx,1.0,0.793,0.0,0.346,0.0141,0.0201,22.7,0.0197,-0.1388,-0.1355,0.0,15.5,-1.177,-6.447,5.584,-0.984,False
2021-06-18,1396.0,4.982,macro_fx,bearish,macro_fx,speculative_mom,0.98,0.798,0.0,0.282,0.024,0.0234,34.7,0.0219,-0.0746,-0.0895,0.0,15.1,-1.177,-6.447,2.615,-0.984,False
2021-06-21,1415.0,1.361,macro_fx,bearish,macro_fx,speculative_mom,0.825,0.813,0.0,0.212,0.0479,0.0198,34.8,0.022,-0.0389,-0.0729,0.0,14.0,-1.449,-6.447,1.625,-1.608,False
2021-06-22,1394.5,-1.449,speculative_mom,bearish,speculative_mom,macro_fx,0.739,0.818,0.0,0.245,0.0303,0.0129,31.2,0.0221,-0.0486,-0.0842,0.0,13.7,-0.681,3.747,5.253,0.645,True
2021-06-23,1385.0,-0.681,speculative_mom,bearish,speculative_mom,macro_fx,0.727,0.823,0.0,0.228,0.031,0.0141,31.5,0.0219,-0.0438,-0.0838,0.0,13.3,-0.993,4.819,4.513,1.264,True
2021-06-24,1371.25,-0.993,speculative_mom,bullish,speculative_mom,macro_fx,0.74,0.827,0.0,0.488,0.0164,0.0141,24.9,0.0216,0.0312,-0.088,0.0,12.9,-0.993,4.819,6.089,3.719,True
2021-06-25,1329.75,-3.026,speculative_mom,bearish,speculative_mom,macro_fx,0.987,0.832,0.0,0.363,0.0263,0.0075,23.8,0.0216,-0.0475,-0.1348,0.0,12.6,-0.993,4.819,7.389,3.719,True
2021-06-28,1357.0,2.049,speculative_mom,bearish,speculative_mom,oil_energy,0.852,0.827,0.0,0.318,0.0263,-0.0001,25.1,0.0222,-0.041,-0.1134,0.0,13.0,0.203,2.45,6.374,6.669,False
2021-06-29,1359.75,0.203,speculative_mom,bearish,speculative_mom,macro_fx,0.883,0.826,0.0,0.151,0.0187,-0.002,26.6,0.0222,-0.0249,-0.1219,0.0,13.1,0.203,3.254,5.847,6.669,False
2021-06-30,1450.0,6.637,speculative_mom,bullish,speculative_mom,macro_fx,0.607,0.824,0.0,0.453,-0.0026,0.0063,40.7,0.0257,0.0469,-0.072,0.0,13.2,0.203,3.254,-2.328,6.669,False
2021-07-01,1446.75,-0.224,speculative_mom,bullish,speculative_mom,macro_fx,0.57,0.822,0.0,0.479,0.0297,0.0095,43.5,0.0254,0.0551,-0.0662,0.0,13.3,0.346,-0.605,-3.162,6.669,True
2021-07-02,1451.75,0.346,speculative_mom,bullish,speculative_mom,macro_fx,0.847,0.821,0.0,0.495,0.0285,0.0047,47.7,0.0254,0.0917,-0.0833,0.0,13.4,0.346,1.102,-2.686,6.669,False
2021-07-06,1363.75,-6.062,speculative_mom,bullish,speculative_mom,oil_energy,0.865,0.814,0.0,0.304,0.001,0.008,40.2,0.0276,0.005,-0.1259,0.0,13.9,0.346,1.102,3.996,6.669,False
2021-07-07,1386.5,1.668,speculative_mom,bullish,speculative_mom,macro_fx,0.833,0.813,0.0,0.305,-0.025,0.009,44.1,0.0279,0.0197,-0.1225,0.0,14.0,0.346,1.102,3.282,6.669,False
2021-07-08,1390.25,0.27,speculative_mom,bearish,speculative_mom,macro_fx,0.759,0.811,0.0,0.242,0.0004,0.0052,57.3,0.0279,-0.0412,-0.1102,0.0,14.2,0.989,1.102,3.165,6.669,False
2021-07-09,1404.0,0.989,speculative_mom,bearish,speculative_mom,oil_energy,0.651,0.81,0.0,0.105,0.0216,0.0009,51.1,0.028,-0.0295,-0.0907,0.0,14.3,2.03,2.813,0.766,-7.853,False
2021-07-13,1438.0,0.384,macro_fx,bearish,macro_fx,speculative_mom,0.562,0.788,0.0,0.486,0.0003,0.0016,56.1,0.0279,0.0544,-0.0233,0.0,13.8,2.069,-1.513,-3.182,-9.668,True
2021-07-19,1428.0,-1.839,oil_energy,bearish,oil_energy,macro_fx,1.0,0.572,0.0,0.305,-0.0894,0.0057,60.2,0.0279,-0.0031,0.0229,0.0,13.9,0.501,-2.509,0.403,-6.565,True
2021-07-20,1443.5,1.085,oil_energy,bearish,oil_energy,macro_fx,0.759,0.543,0.0,0.105,-0.0958,0.0091,61.6,0.0279,0.0038,0.0201,0.0,14.1,-0.294,-0.641,0.277,-10.028,False
2021-07-21,1439.25,-0.294,oil_energy,bearish,oil_energy,speculative_mom,0.606,0.676,0.0,0.304,-0.0513,0.0056,48.0,0.0278,-0.0194,0.0321,0.0,14.2,-1.598,-1.702,-2.345,-11.221,False
2021-08-02,1418.75,0.283,oil_energy,bearish,oil_energy,macro_fx,0.585,0.674,0.0,0.278,-0.009,-0.0083,45.2,0.0209,0.0042,-0.0227,0.0,14.7,-1.868,2.315,-8.793,-10.026,True
2021-08-04,1403.5,0.808,oil_energy,bearish,oil_energy,speculative_mom,0.545,0.671,0.0,0.278,-0.0523,-0.0041,38.2,0.0209,-0.0199,0.0123,0.0,14.5,-0.071,0.664,-4.097,-7.659,False
2021-08-06,1422.25,1.408,macro_fx,bearish,macro_fx,oil_energy,0.603,0.564,0.0,0.078,-0.0568,0.0052,48.3,0.0209,0.0053,0.013,0.0,14.2,0.809,-3.744,-4.43,-11.232,True
2021-08-09,1433.75,0.809,oil_energy,bearish,oil_energy,macro_fx,0.736,0.599,0.0,0.075,-0.097,0.0119,47.1,0.02,0.0106,0.0009,0.0,14.6,0.959,-5.266,-8.997,-11.142,True
2021-08-10,1447.5,0.959,oil_energy,bearish,oil_energy,macro_fx,0.595,0.669,0.0,0.132,-0.0765,0.0097,52.3,0.0198,0.0397,0.0066,0.0,14.8,0.959,-5.266,-10.276,-11.382,True
2021-08-11,1405.5,-2.902,speculative_mom,bullish,speculative_mom,macro_fx,0.404,0.737,0.0,0.277,-0.0282,0.0093,47.3,0.0206,0.0014,-0.0424,0.0,14.9,0.959,-5.266,-9.089,-11.382,True
2021-08-13,1424.25,1.623,macro_fx,bearish,macro_fx,speculative_mom,0.553,0.662,0.0,0.2,0.0043,0.0027,52.9,0.0168,0.0014,-0.021,0.0,15.2,0.959,-7.67,-9.918,-8.313,True
2021-08-16,1376.0,-3.388,speculative_mom,bearish,speculative_mom,oil_energy,0.505,0.794,0.0,0.134,-0.0261,0.0042,41.2,0.0179,-0.0403,-0.0364,0.0,15.5,0.959,-7.67,-7.794,-8.313,True
2021-08-17,1369.0,-0.509,speculative_mom,bearish,speculative_mom,macro_fx,0.64,0.793,0.0,0.181,-0.0248,0.0036,36.5,0.014,-0.0542,-0.0516,0.0,15.6,-0.785,-7.67,-7.177,-6.227,False
2021-08-19,1323.0,-2.595,speculative_mom,bearish,speculative_mom,oil_energy,0.646,0.79,0.0,0.187,-0.0674,0.0055,32.2,0.0145,-0.056,-0.0658,0.0,15.8,-0.785,0.074,-3.609,-6.227,True
2021-08-20,1293.75,-2.211,speculative_mom,bearish,speculative_mom,oil_energy,0.99,0.789,0.0,0.242,-0.1001,0.0064,27.9,0.0148,-0.0916,-0.0766,0.0,15.9,0.019,0.386,-1.643,-4.483,False
2021-08-23,1294.0,0.019,oil_energy,bearish,oil_energy,speculative_mom,0.757,0.797,0.0,0.199,-0.0499,-0.0009,30.9,0.0142,-0.0596,-0.0841,0.0,15.3,0.019,-1.256,-1.352,-3.362,False
2021-08-24,1337.0,3.323,speculative_mom,bearish,speculative_mom,oil_energy,0.454,0.768,0.0,0.0,-0.0132,0.004,38.5,0.0156,-0.0234,-0.0573,0.0,15.1,0.019,-1.256,-3.179,-3.362,False
2021-08-30,1304.75,-4.01,speculative_mom,bullish,speculative_mom,oil_energy,0.551,0.81,0.0,0.225,0.0867,-0.0098,28.7,0.0166,0.0083,-0.0804,0.0,14.2,0.019,-6.511,-2.357,-9.638,False
2021-08-31,1298.75,-0.46,oil_energy,bullish,oil_energy,speculative_mom,0.532,0.801,0.0,0.0,0.0992,-0.0093,32.2,0.0164,-0.0286,-0.0672,0.0,14.2,-1.617,-1.809,-1.232,-7.969,False
2021-09-01,1277.75,-1.617,speculative_mom,bearish,speculative_mom,macro_fx,0.585,0.812,0.0,0.169,0.0449,-0.0055,30.5,0.0165,-0.0507,-0.0896,0.0,14.1,0.117,-0.411,0.509,-5.596,False
2021-09-02,1279.25,0.117,speculative_mom,bearish,speculative_mom,macro_fx,0.69,0.813,0.0,0.291,0.0363,-0.0071,25.5,0.0164,-0.0645,-0.0879,0.0,14.0,0.293,-0.215,0.449,-4.808,True
2021-09-03,1283.0,0.293,speculative_mom,bearish,speculative_mom,macro_fx,0.611,0.814,0.0,0.187,0.0136,-0.0085,31.5,0.0164,-0.0561,-0.0979,0.0,13.9,-1.111,0.896,0.351,-4.793,True
2021-09-07,1268.75,-1.111,speculative_mom,bearish,speculative_mom,macro_fx,0.683,0.821,0.0,0.0,0.0138,-0.0058,30.6,0.0163,-0.0276,-0.1151,0.0,13.4,0.158,2.148,0.65,-3.212,False
2021-09-08,1270.75,0.158,speculative_mom,bearish,speculative_mom,oil_energy,0.707,0.823,0.0,0.0,0.0081,-0.0004,32.5,0.0163,-0.0216,-0.1221,0.0,13.3,-0.944,1.043,1.023,-1.987,True
2021-09-09,1258.75,-0.944,speculative_mom,bearish,speculative_mom,oil_energy,0.618,0.824,0.0,0.0,-0.0155,-0.0018,35.8,0.0161,-0.0149,-0.1044,0.0,13.2,1.311,0.298,-0.218,-2.761,True
2021-09-10,1275.25,1.311,speculative_mom,bearish,speculative_mom,oil_energy,0.547,0.826,0.0,0.0,0.0178,-0.0005,45.7,0.0164,-0.0031,-0.0901,0.0,13.1,-0.216,-0.098,-2.254,-4.293,True
2021-09-13,1272.5,-0.216,speculative_mom,bearish,speculative_mom,oil_energy,0.615,0.829,0.0,0.0,0.0271,0.0018,45.0,0.0163,-0.0082,-0.1065,0.0,12.8,0.314,0.806,-2.888,-2.77,False
2021-09-29,1283.75,0.529,macro_fx,bearish,macro_fx,oil_energy,0.621,0.61,0.0,0.2,0.0646,0.0118,60.5,0.0139,0.0008,-0.0115,0.0,12.0,0.529,-3.174,-2.98,-6.251,True
2021-10-12,1198.25,-2.442,speculative_mom,bearish,speculative_mom,oil_energy,0.441,0.821,0.0,0.312,0.0627,0.0051,21.4,0.0098,-0.0418,-0.0613,0.0,10.5,-0.25,2.149,3.818,6.238,True
2021-10-28,1233.75,-0.444,macro_fx,bullish,macro_fx,oil_energy,0.568,0.609,0.0,0.2,-0.0018,-0.0047,46.9,0.0102,0.008,-0.0177,0.0,11.7,0.162,-4.519,2.553,2.756,False
2021-10-29,1235.75,0.162,macro_fx,bearish,macro_fx,oil_energy,0.854,0.578,0.0,0.2,-0.0036,0.006,52.8,0.0101,0.0125,-0.0086,0.0,12.0,0.081,-4.519,2.225,2.756,False
2021-11-03,1231.5,-1.005,oil_energy,bearish,oil_energy,macro_fx,0.659,0.55,0.0,0.0,-0.0346,0.0005,61.3,0.0096,-0.0063,-0.0085,0.0,13.9,-1.807,0.203,2.842,3.715,True
2021-11-04,1209.25,-1.807,oil_energy,bearish,oil_energy,macro_fx,0.685,0.627,0.0,0.0,-0.069,0.0043,46.5,0.0101,-0.0199,-0.0305,0.0,14.3,-1.406,0.203,3.597,6.285,True
2021-11-10,1203.5,0.333,macro_fx,bearish,macro_fx,oil_energy,0.99,0.656,0.0,0.2,-0.0322,0.0103,42.1,0.011,-0.0227,0.0069,0.0,13.0,0.727,4.965,3.386,10.677,False
2021-11-12,1234.0,1.794,macro_fx,bearish,macro_fx,speculative_mom,0.567,0.718,0.0,0.117,-0.0009,0.0135,48.8,0.011,0.035,0.0133,0.0,12.3,1.794,3.16,2.229,10.15,False
2021-11-15,1257.25,1.884,speculative_mom,bullish,speculative_mom,macro_fx,0.635,0.831,0.0,0.2,0.0263,0.0112,55.9,0.0114,0.0673,0.0293,0.0,12.6,1.794,3.16,-0.557,10.15,False
2021-11-16,1251.25,-0.477,macro_fx,bearish,macro_fx,speculative_mom,0.706,0.762,0.0,0.144,-0.0063,0.017,53.6,0.0112,0.0431,0.0189,0.0,12.8,1.794,0.12,0.779,6.114,True
2021-11-17,1277.0,2.058,macro_fx,bearish,macro_fx,speculative_mom,0.781,0.828,0.0,0.2,-0.0436,0.0189,61.5,0.0117,0.0611,0.0253,0.0,12.9,1.794,0.12,-0.979,6.114,True
2021-11-18,1265.25,-0.92,macro_fx,bearish,macro_fx,oil_energy,0.68,0.76,0.0,0.146,-0.0611,0.0168,57.5,0.0119,0.0437,0.0337,0.0,13.0,-0.158,-3.794,0.198,6.224,False
2021-11-19,1263.25,-0.158,oil_energy,bearish,oil_energy,macro_fx,0.676,0.629,0.0,0.0,-0.0644,0.0129,56.7,0.0119,0.0237,0.035,0.0,13.1,0.871,-2.771,-1.524,6.224,True
2021-11-22,1274.25,0.871,oil_energy,bearish,oil_energy,macro_fx,0.595,0.56,0.0,0.0,-0.0593,0.0139,57.5,0.0117,0.0135,0.0299,0.0,13.4,-0.098,-2.354,-1.158,8.633,False
2021-11-23,1273.0,-0.098,macro_fx,bearish,macro_fx,oil_energy,0.556,0.584,0.0,0.0,-0.0283,0.0143,60.9,0.0107,0.0174,0.0283,0.0,13.5,-0.511,-0.452,-0.825,8.189,False
2021-11-24,1266.5,-0.511,macro_fx,bearish,macro_fx,oil_energy,0.579,0.551,0.0,0.2,-0.0308,0.015,66.4,0.0107,-0.0082,0.022,0.0,13.6,-1.086,-0.395,0.849,8.189,True
2021-11-26,1252.75,-1.086,oil_energy,bearish,oil_energy,macro_fx,1.0,0.559,0.0,0.2,-0.1561,0.0018,67.6,0.0109,-0.0099,0.0154,0.0,13.8,-0.898,-0.2,2.594,9.739,True
2021-11-29,1241.5,-0.898,oil_energy,bearish,oil_energy,macro_fx,0.92,0.614,0.0,0.2,-0.1073,0.0053,68.8,0.0109,-0.0172,0.0047,0.0,13.2,-1.953,1.571,4.088,10.894,True
2021-11-30,1217.25,-1.953,oil_energy,bearish,oil_energy,speculative_mom,1.0,0.793,0.0,0.149,-0.1624,0.0047,55.2,0.0115,-0.0447,-0.0158,0.0,13.0,0.904,3.882,7.455,14.295,False
2021-12-01,1228.25,0.904,oil_energy,bearish,oil_energy,speculative_mom,1.0,0.733,0.0,0.117,-0.1384,-0.0002,56.9,0.0116,-0.0352,-0.0127,0.0,12.7,1.303,3.216,8.182,11.154,False
2021-12-02,1244.25,1.303,oil_energy,bearish,oil_energy,macro_fx,1.0,0.623,0.0,0.2,-0.1336,-0.0038,58.6,0.0115,-0.0176,0.0104,0.0,12.5,1.849,3.216,7.052,9.042,False
2021-12-03,1267.25,1.849,oil_energy,bearish,oil_energy,macro_fx,1.0,0.627,0.0,0.0,-0.1559,-0.0038,58.9,0.0115,0.0116,0.048,0.0,12.3,-0.454,-0.612,7.516,7.418,False
2021-12-06,1261.5,-0.454,oil_energy,bearish,oil_energy,macro_fx,0.853,0.661,0.0,0.0,-0.1135,-0.0057,51.3,0.0116,0.0161,0.0581,0.0,12.2,-0.892,0.079,7.749,10.285,True
2021-12-07,1250.25,-0.892,oil_energy,bullish,oil_energy,speculative_mom,0.537,0.672,0.0,0.0,0.0572,0.0029,49.7,0.0115,0.0271,0.0613,0.0,12.1,0.86,2.16,8.498,10.285,False
2021-12-08,1261.0,0.86,macro_fx,bullish,macro_fx,speculative_mom,0.531,0.664,0.0,0.0,0.0345,-0.0047,45.0,0.0116,0.0267,0.0513,0.0,12.1,0.278,1.923,5.293,12.153,False
2021-12-10,1267.75,0.257,oil_energy,bullish,oil_energy,macro_fx,0.532,0.624,0.0,0.0,0.093,0.0,51.5,0.0115,0.0004,0.0458,0.0,12.0,0.257,3.175,6.015,11.004,False
2021-12-14,1259.5,1.246,oil_energy,bullish,oil_energy,macro_fx,0.358,0.538,0.0,0.0,0.0675,0.0047,46.2,0.0123,0.0074,0.0018,0.0,12.1,0.238,5.756,9.905,14.986,False
2021-12-16,1277.25,1.168,macro_fx,bullish,macro_fx,oil_energy,0.52,0.556,0.0,0.0,0.0046,-0.0034,56.9,0.0122,0.0101,0.0002,0.0,12.2,0.626,6.42,9.728,16.696,False
2021-12-17,1285.25,0.626,macro_fx,bearish,macro_fx,oil_energy,0.532,0.579,0.0,0.0,-0.0207,0.0071,62.6,0.0117,0.0138,0.0158,0.0,12.2,0.545,5.544,6.964,16.696,False
2021-12-20,1292.25,0.545,oil_energy,bearish,oil_energy,speculative_mom,0.593,0.722,0.0,0.209,-0.0382,0.0029,74.0,0.0113,0.0388,0.023,0.0,13.6,1.219,2.747,6.539,19.578,False
2021-12-21,1308.0,1.219,oil_energy,bearish,oil_energy,speculative_mom,0.619,0.715,0.0,0.223,-0.0077,0.0046,74.7,0.0111,0.0385,0.0265,0.0,14.1,1.586,1.586,6.365,18.062,False
2021-12-27,1362.5,2.29,speculative_mom,bullish,speculative_mom,oil_energy,0.569,0.777,0.0,0.391,0.0663,-0.0044,79.5,0.0115,0.0601,0.0876,0.0,16.7,-0.239,1.596,-0.092,15.156,True
2021-12-30,1327.75,-2.119,oil_energy,bullish,oil_energy,macro_fx,0.755,0.654,0.0,0.2,0.1284,-0.006,67.5,0.0117,-0.0008,0.081,0.0,17.9,0.075,3.54,6.515,19.224,False
2022-01-03,1344.0,1.148,macro_fx,bearish,macro_fx,speculative_mom,0.584,0.588,0.0,0.39,0.0456,0.0017,79.5,0.0111,-0.0136,0.0606,0.0,18.3,1.148,3.516,4.706,15.42,False
2022-01-04,1378.75,2.586,speculative_mom,bullish,speculative_mom,oil_energy,0.404,0.692,0.0,0.232,0.0434,0.0028,81.6,0.0119,0.0143,0.0929,0.0,18.3,1.148,3.516,4.442,15.42,False
2022-01-07,1401.5,1.761,macro_fx,bullish,macro_fx,speculative_mom,0.571,0.756,0.0,0.364,0.0306,-0.002,79.1,0.0121,0.0548,0.1083,0.0,18.3,-0.506,-1.162,6.35,16.282,False
2022-01-11,1376.75,0.145,oil_energy,bullish,oil_energy,speculative_mom,0.554,0.753,0.0,0.2,0.0799,-0.0005,66.7,0.0123,-0.0015,0.1067,0.0,18.5,1.053,2.724,12.239,20.683,False
2022-01-12,1391.25,1.053,macro_fx,bullish,macro_fx,speculative_mom,0.69,0.753,0.0,0.0,0.0862,-0.0129,65.7,0.0116,0.0051,0.1046,0.0,18.5,-1.869,0.845,10.997,20.683,True
2022-01-13,1365.25,-1.869,macro_fx,bullish,macro_fx,speculative_mom,0.77,0.679,0.0,0.2,0.0666,-0.0156,57.5,0.0123,-0.0087,0.0814,0.0,18.6,-0.623,3.076,13.789,20.683,True
2022-01-14,1356.75,-0.623,macro_fx,bullish,macro_fx,oil_energy,0.54,0.635,0.0,0.306,0.0767,-0.0106,48.6,0.0123,-0.0319,0.0622,0.0,18.6,0.332,6.136,16.584,20.683,False
2022-01-18,1361.25,0.332,macro_fx,bullish,macro_fx,oil_energy,0.581,0.615,0.0,0.2,0.0751,-0.0054,50.5,0.012,-0.0098,0.0591,0.0,18.5,2.204,6.391,15.262,20.683,False
2022-01-19,1391.25,2.204,oil_energy,bullish,oil_energy,speculative_mom,0.58,0.681,0.0,0.0,0.1022,-0.0024,57.6,0.0124,0.0105,0.0766,0.0,18.4,2.204,5.66,14.627,20.773,False
2022-01-20,1425.75,2.48,oil_energy,bullish,oil_energy,speculative_mom,0.631,0.732,0.0,0.018,0.1108,-0.0026,70.9,0.0128,0.0248,0.09,0.0,18.4,2.204,5.66,10.416,20.773,False
2022-01-26,1440.0,2.327,macro_fx,bearish,macro_fx,speculative_mom,0.547,0.657,0.0,0.117,0.0421,0.0139,61.7,0.0129,0.035,0.0594,0.0,18.0,0.573,7.882,10.243,18.056,False
2022-01-27,1448.25,0.573,macro_fx,bearish,macro_fx,speculative_mom,0.786,0.662,0.0,0.0,0.0138,0.016,64.9,0.0128,0.0158,0.0676,0.0,17.9,1.502,9.218,9.926,16.744,False
2022-01-28,1470.0,1.502,macro_fx,bearish,macro_fx,speculative_mom,0.721,0.763,0.0,0.131,-0.0016,0.0184,64.5,0.0129,0.0394,0.1071,0.0,17.8,1.395,6.735,8.946,14.779,False
2022-01-31,1490.5,1.395,macro_fx,bearish,macro_fx,speculative_mom,0.785,0.748,0.0,0.303,0.0144,0.0084,75.1,0.013,0.0624,0.1217,0.0,18.9,1.395,6.994,9.695,11.288,False
2022-02-01,1528.5,2.549,speculative_mom,bullish,speculative_mom,macro_fx,0.858,0.743,0.0,0.37,0.0359,0.0078,78.5,0.0135,0.0862,0.1373,0.0,19.3,1.395,6.994,9.585,11.288,False
2022-02-02,1545.25,1.096,speculative_mom,bullish,speculative_mom,macro_fx,0.712,0.738,0.0,0.374,0.0594,0.0002,78.7,0.0135,0.0731,0.1208,0.0,19.7,-0.065,2.443,7.523,7.976,False
2022-02-03,1544.25,-0.065,speculative_mom,bullish,speculative_mom,macro_fx,0.635,0.733,0.0,0.5,0.0546,-0.0059,86.8,0.0135,0.0663,0.1156,0.0,20.0,0.599,1.667,2.979,8.014,False
2022-02-04,1553.5,0.599,speculative_mom,bullish,speculative_mom,macro_fx,0.643,0.728,0.0,0.489,0.0568,-0.0105,90.3,0.0134,0.0568,0.128,0.0,20.4,1.818,-0.145,5.842,8.851,True
2022-02-07,1581.75,1.818,macro_fx,bullish,macro_fx,speculative_mom,0.889,0.724,0.0,0.5,0.0544,-0.0191,91.1,0.0136,0.0612,0.1286,0.0,20.7,-0.806,0.364,7.824,7.255,True
2022-02-08,1569.0,-0.806,macro_fx,bullish,macro_fx,speculative_mom,0.773,0.723,0.0,0.3,0.0293,-0.0168,85.4,0.0134,0.0265,0.1413,0.0,20.8,1.641,1.466,6.915,9.544,False
2022-02-09,1594.75,1.641,speculative_mom,bullish,speculative_mom,macro_fx,0.776,0.721,0.0,0.405,0.0171,-0.0109,84.9,0.0135,0.032,0.1583,0.0,20.9,-1.285,0.423,5.361,6.647,True
2022-02-10,1574.25,-1.285,speculative_mom,bullish,speculative_mom,macro_fx,0.629,0.72,0.0,0.237,0.019,-0.0087,81.9,0.0139,0.0194,0.1315,0.0,21.0,0.556,3.859,6.479,8.639,False
2022-02-11,1583.0,0.556,speculative_mom,bullish,speculative_mom,macro_fx,0.763,0.719,0.0,0.3,0.0548,0.0015,86.2,0.013,0.019,0.1595,0.0,21.1,-0.821,5.812,5.764,8.639,True
2022-02-14,1570.0,-0.821,speculative_mom,bearish,speculative_mom,macro_fx,0.74,0.717,0.0,0.433,0.0575,0.0104,81.6,0.0132,-0.0074,0.1572,0.0,21.2,-1.194,5.828,8.567,4.65,True
2022-02-15,1551.25,-1.194,speculative_mom,bearish,speculative_mom,oil_energy,0.643,0.717,0.0,0.257,-0.0026,0.0053,72.9,0.0135,-0.0113,0.1396,0.0,21.2,2.337,5.828,8.719,7.268,False
2022-02-16,1587.5,2.337,speculative_mom,bearish,speculative_mom,macro_fx,0.643,0.716,0.0,0.313,0.0256,0.0031,75.7,0.0134,-0.0045,0.1411,0.0,21.3,0.283,5.828,7.087,7.268,False
2022-02-17,1592.0,0.283,speculative_mom,bullish,speculative_mom,oil_energy,0.517,0.716,0.0,0.08,0.0269,0.0017,74.0,0.0134,0.0113,0.1166,0.0,21.3,0.597,5.828,6.203,-0.581,False
2022-02-18,1601.5,0.597,speculative_mom,bullish,speculative_mom,macro_fx,0.588,0.715,0.0,0.057,0.0157,0.0058,72.8,0.0133,0.0117,0.1324,0.0,21.4,2.092,5.828,5.354,0.047,False
2022-02-22,1635.0,2.092,speculative_mom,bullish,speculative_mom,oil_energy,0.742,0.71,0.0,0.185,0.0275,0.005,72.3,0.0134,0.0414,0.1654,0.0,21.8,2.446,2.768,1.453,-0.245,False
2022-02-23,1675.0,2.446,speculative_mom,bullish,speculative_mom,oil_energy,0.852,0.708,0.0,0.296,-0.0107,0.0011,74.8,0.013,0.0798,0.1903,0.0,21.9,-0.806,0.075,-1.537,-3.313,True
2022-02-24,1661.5,-0.806,macro_fx,bearish,macro_fx,speculative_mom,0.963,0.707,0.0,0.183,-0.0278,0.008,71.4,0.0133,0.0466,0.1538,0.0,22.0,-0.806,0.767,0.421,-3.313,True
2022-02-25,1590.25,-4.288,macro_fx,bearish,macro_fx,speculative_mom,0.558,0.638,0.0,0.2,-0.0052,0.0066,55.5,0.016,-0.0011,0.098,0.0,22.1,-0.806,0.767,4.889,-3.313,True
2022-02-28,1644.25,3.396,oil_energy,bullish,oil_energy,speculative_mom,0.652,0.694,0.0,0.0,0.022,0.0106,58.6,0.0162,0.0267,0.1185,0.0,22.5,-0.806,0.767,2.843,-3.313,True
2022-03-01,1705.5,3.725,oil_energy,bullish,oil_energy,macro_fx,1.0,0.697,0.0,0.144,0.127,0.0168,66.6,0.017,0.0431,0.1442,0.0,22.7,-0.806,0.767,-0.528,-3.313,True
2022-03-02,1677.5,-1.642,oil_energy,bullish,oil_energy,macro_fx,1.0,0.619,0.0,0.0,0.2145,0.0141,60.0,0.0175,0.0015,0.0975,0.0,22.8,-0.806,0.767,2.459,-3.313,True
2022-03-03,1680.25,0.164,oil_energy,bullish,oil_energy,macro_fx,0.974,0.585,0.0,0.0,0.1659,0.0183,63.4,0.0173,0.0113,0.0874,0.0,23.0,-0.238,0.417,1.22,0.119,True
2022-03-04,1676.25,-0.238,oil_energy,bullish,oil_energy,macro_fx,1.0,0.679,0.0,0.18,0.256,0.0256,61.9,0.0171,0.0541,0.0855,0.0,23.1,-0.119,-1.044,2.028,2.297,False
2022-03-07,1674.25,-0.119,oil_energy,bullish,oil_energy,macro_fx,1.0,0.554,0.0,0.0,0.2865,0.0221,63.7,0.0169,0.0182,0.0777,0.0,23.0,-0.119,-1.493,-0.597,2.524,False
2022-03-08,1704.5,1.807,oil_energy,bullish,oil_energy,macro_fx,1.0,0.554,0.0,0.2,0.3506,0.0253,69.6,0.0168,-0.0006,0.0776,0.0,22.9,-0.119,-1.493,-3.608,2.524,False
2022-03-09,1686.5,-1.056,oil_energy,bullish,oil_energy,macro_fx,1.0,0.546,0.0,0.0,0.1356,0.013,63.3,0.0171,0.0054,0.0749,0.0,22.8,0.8,-1.097,-1.334,3.661,True
2022-03-10,1700.0,0.8,macro_fx,bearish,macro_fx,oil_energy,0.504,0.519,0.0,0.0,0.0252,0.0113,64.2,0.0168,0.0118,0.066,0.0,22.8,-0.544,-0.529,-4.809,0.941,False
2022-03-11,1690.75,-0.544,macro_fx,bearish,macro_fx,oil_energy,0.64,0.544,0.0,0.0,-0.0115,0.0178,61.7,0.017,0.0087,0.074,0.0,22.7,-0.207,0.34,-6.388,0.754,True
2022-03-14,1687.25,-0.207,oil_energy,bearish,oil_energy,macro_fx,0.806,0.518,0.0,0.0,-0.0433,0.013,57.4,0.0169,0.0078,0.0659,0.0,22.7,-1.689,1.867,-5.038,1.067,True
2022-03-15,1658.75,-1.689,oil_energy,bearish,oil_energy,speculative_mom,0.994,0.562,0.0,0.2,-0.1663,0.0043,47.6,0.0173,-0.0268,0.0565,0.0,22.7,-0.573,2.532,-1.673,4.084,True
2022-03-16,1649.25,-0.573,oil_energy,bearish,oil_energy,macro_fx,1.0,0.531,0.0,0.2,-0.204,-0.0092,48.2,0.0168,-0.0221,0.0632,0.0,22.7,1.167,3.699,-1.804,3.471,False
2022-03-17,1668.5,1.167,oil_energy,bearish,oil_energy,macro_fx,1.0,0.508,0.0,0.2,-0.1675,-0.0106,63.8,0.0168,-0.0185,0.051,0.0,22.7,-0.03,3.699,-1.378,2.382,False
2022-03-18,1668.0,-0.03,oil_energy,bearish,oil_energy,macro_fx,0.267,0.475,0.0,0.2,-0.0368,0.0027,55.2,0.0168,-0.0135,0.0477,0.0,22.7,1.379,-1.499,1.259,2.382,True
2022-03-21,1691.0,1.379,oil_energy,bullish,oil_energy,macro_fx,0.891,0.486,0.0,0.0,0.0575,-0.0001,46.2,0.017,0.0022,0.0559,0.0,22.7,0.325,-1.597,-2.114,-1.892,True
2022-03-22,1696.5,0.325,macro_fx,bullish,macro_fx,speculative_mom,0.336,0.485,0.0,0.0,0.0222,-0.0064,55.6,0.0167,0.0228,0.0376,0.0,22.7,1.312,-1.597,-1.547,-1.577,True
2022-03-23,1718.75,1.312,oil_energy,bullish,oil_energy,speculative_mom,0.517,0.607,0.0,0.14,0.1157,-0.0044,60.2,0.0167,0.0421,0.0261,0.0,22.7,-1.047,-7.913,-2.487,-2.342,False
2022-03-24,1700.75,-1.047,oil_energy,bullish,oil_energy,macro_fx,0.768,0.461,0.0,0.0,0.1649,-0.0028,56.0,0.0167,0.0193,0.0236,0.0,22.7,0.559,-5.792,-1.088,-2.661,True
2022-03-25,1710.25,0.559,oil_energy,bullish,oil_energy,speculative_mom,0.933,0.544,0.0,0.0,0.1984,0.0044,58.6,0.0164,0.0253,0.0755,0.0,22.7,0.559,-4.634,0.263,-5.219,True
2022-03-28,1664.25,-2.69,oil_energy,bullish,oil_energy,macro_fx,0.959,0.5,0.0,0.2,0.0289,0.011,41.1,0.0173,-0.0158,0.0122,0.0,22.1,0.559,-4.634,3.14,-5.219,True
2022-03-29,1643.0,-1.277,macro_fx,bearish,macro_fx,speculative_mom,0.691,0.603,0.0,0.105,-0.0044,0.0017,40.5,0.0174,-0.0315,-0.0366,0.0,21.9,1.278,-4.634,6.315,0.441,True
2022-03-30,1664.0,1.278,macro_fx,bullish,macro_fx,oil_energy,0.61,0.608,0.0,0.106,-0.0384,-0.0072,42.4,0.0173,-0.0319,-0.008,0.0,21.7,1.278,-4.634,5.063,-0.225,True
2022-03-31,1618.25,-2.749,oil_energy,bearish,oil_energy,speculative_mom,0.944,0.714,0.0,0.162,-0.1027,-0.0018,36.7,0.0177,-0.0485,-0.0369,0.0,21.5,1.278,-4.634,6.04,-0.225,True
2022-04-01,1582.75,-2.194,oil_energy,bearish,oil_energy,speculative_mom,0.785,0.717,0.0,0.2,-0.1363,0.0001,32.9,0.0182,-0.0746,-0.0558,0.0,21.3,1.232,5.528,7.629,-0.225,False
2022-04-05,1631.0,1.794,oil_energy,bearish,oil_energy,macro_fx,0.614,0.556,0.0,0.0,-0.1048,0.0067,47.1,0.0182,-0.0073,-0.0431,0.0,21.6,-0.705,3.142,5.855,1.947,True
2022-04-06,1619.5,-0.705,oil_energy,bearish,oil_energy,speculative_mom,0.755,0.565,0.0,0.0,-0.0918,0.0051,42.0,0.0176,-0.0267,-0.0397,0.0,21.7,-0.705,5.881,5.372,1.947,True
2022-04-08,1689.0,2.644,macro_fx,bearish,macro_fx,speculative_mom,0.763,0.708,0.0,0.4,-0.0887,0.0206,49.7,0.0166,0.0671,-0.001,0.0,21.9,-0.705,5.881,-0.888,1.947,True
2022-04-11,1655.25,-1.998,macro_fx,bearish,macro_fx,oil_energy,0.588,0.552,0.0,0.31,-0.0597,0.0165,44.6,0.0159,0.0331,-0.019,0.0,22.3,-0.705,5.881,0.227,1.947,True
2022-04-12,1670.25,0.906,oil_energy,bullish,oil_energy,macro_fx,0.82,0.493,0.0,0.0,0.0134,0.0168,43.5,0.0144,0.0241,0.0069,0.0,22.4,0.344,2.739,-0.03,0.644,False
2022-04-18,1714.75,1.932,oil_energy,bullish,oil_energy,macro_fx,0.535,0.429,0.0,0.0,0.1245,0.0118,57.3,0.0145,0.0152,0.028,0.0,23.0,0.102,0.685,-5.467,2.972,False
2022-04-19,1716.5,0.102,oil_energy,bullish,oil_energy,macro_fx,0.685,0.565,0.0,0.123,0.068,0.0121,61.3,0.0145,0.037,0.0151,0.0,23.0,1.762,-0.583,-5.039,-1.529,True
2022-04-20,1746.75,1.762,macro_fx,bearish,macro_fx,speculative_mom,0.57,0.62,0.0,0.153,0.0457,0.0059,62.3,0.0145,0.0458,0.0296,0.0,23.1,0.086,-2.204,-5.525,-1.529,False
2022-04-22,1716.0,-1.845,macro_fx,bearish,macro_fx,oil_energy,0.559,0.461,0.0,0.062,0.0146,0.0093,73.1,0.0147,0.0201,0.009,0.0,23.2,-0.728,-3.322,0.422,-0.976,False
2022-04-25,1703.5,-0.728,macro_fx,bearish,macro_fx,oil_energy,0.661,0.418,0.0,0.0,-0.0548,0.0187,68.0,0.0148,-0.0066,-0.0039,0.0,23.4,0.103,-1.981,-2.759,1.453,False
2022-04-26,1705.25,0.103,macro_fx,bearish,macro_fx,oil_energy,0.696,0.415,0.0,0.2,-0.0491,0.0197,64.6,0.0148,-0.0066,0.0246,0.0,23.5,1.246,-1.569,-1.598,2.038,True
2022-04-27,1726.5,1.246,macro_fx,bearish,macro_fx,oil_energy,0.761,0.464,0.0,0.205,-0.0572,0.0215,70.3,0.0145,-0.0116,0.0508,0.0,23.6,-1.158,-4.112,-3.692,2.462,False
2022-04-28,1706.5,-1.158,macro_fx,bearish,macro_fx,oil_energy,0.946,0.522,0.0,0.2,0.0273,0.0263,61.8,0.0147,-0.0239,0.0255,0.0,23.6,0.103,-5.01,-0.938,2.285,False
2022-04-29,1708.25,0.103,macro_fx,bearish,macro_fx,speculative_mom,0.899,0.479,0.0,0.2,0.0189,0.0256,54.5,0.0145,-0.0045,0.0556,0.0,23.7,0.103,-4.581,-0.176,2.285,False
2022-05-02,1674.0,-2.005,macro_fx,bearish,macro_fx,speculative_mom,1.0,0.491,0.0,0.2,0.0133,0.0314,54.3,0.015,-0.0173,0.0577,0.0,23.4,0.103,-4.581,0.777,2.285,False
2022-05-03,1659.0,-0.896,macro_fx,bearish,macro_fx,oil_energy,0.729,0.547,0.0,0.2,0.0033,0.0222,47.4,0.0149,-0.0271,0.0354,0.0,23.3,0.648,0.075,2.049,2.095,True
2022-05-04,1669.75,0.648,macro_fx,bearish,macro_fx,oil_energy,0.825,0.584,0.0,0.31,0.0941,0.0083,48.6,0.0149,-0.0329,0.0238,0.0,23.1,0.524,0.075,0.674,2.381,True
2022-05-05,1678.5,0.524,macro_fx,bearish,macro_fx,oil_energy,0.981,0.478,0.0,0.2,0.0645,0.0142,49.2,0.0148,-0.0164,0.0364,0.0,23.0,-1.37,0.075,2.86,1.4,True
2022-05-09,1621.0,-2.084,oil_energy,bearish,oil_energy,speculative_mom,0.777,0.587,0.0,0.106,-0.0215,0.0003,30.7,0.0152,-0.0317,-0.0403,0.0,22.0,0.555,2.576,3.84,1.959,False
2022-05-11,1650.25,1.242,oil_energy,bullish,oil_energy,speculative_mom,0.697,0.464,0.0,0.0,0.0051,0.0011,30.0,0.0145,-0.0117,-0.012,0.0,21.3,0.606,3.333,4.787,-2.394,False
2022-05-12,1660.25,0.606,macro_fx,bearish,macro_fx,speculative_mom,0.823,0.462,0.0,0.0,0.0363,0.0133,37.5,0.0144,-0.0109,-0.0094,0.0,21.0,0.606,1.611,2.259,-1.792,False
2022-05-13,1723.25,3.795,macro_fx,bearish,macro_fx,oil_energy,0.595,0.65,0.0,0.136,0.0249,0.0192,53.6,0.015,0.0409,0.0244,0.0,20.7,0.606,1.611,-1.393,-1.792,False
2022-05-16,1656.5,-3.873,oil_energy,bullish,oil_energy,macro_fx,0.374,0.52,0.0,0.2,0.0549,0.0042,42.8,0.0162,0.0219,-0.034,0.0,21.4,0.606,1.611,4.331,-1.792,False
2022-05-17,1678.0,1.298,macro_fx,bullish,macro_fx,speculative_mom,0.765,0.56,0.0,0.2,0.024,-0.0029,42.8,0.0162,0.0294,-0.0224,0.0,21.7,-0.909,1.611,3.695,-0.179,True
2022-05-19,1690.5,1.669,macro_fx,bullish,macro_fx,oil_energy,0.986,0.504,0.0,0.2,0.1248,-0.0115,47.5,0.0162,0.0182,-0.033,0.0,22.1,-0.909,4.18,3.253,-0.179,True
2022-05-20,1705.25,0.873,macro_fx,bullish,macro_fx,oil_energy,0.413,0.45,0.0,0.0,0.0711,-0.0067,54.6,0.016,-0.0104,-0.0063,0.0,22.4,-1.07,-0.88,0.132,-7.33,False
2022-05-23,1687.0,-1.07,macro_fx,bullish,macro_fx,oil_energy,1.0,0.468,0.0,0.2,0.0392,-0.0264,54.1,0.0155,0.0184,-0.0097,0.0,22.9,0.356,-0.88,0.682,-5.676,True
2022-05-24,1693.0,0.356,macro_fx,bullish,macro_fx,oil_energy,1.0,0.406,0.0,0.2,-0.0065,-0.0258,53.4,0.015,0.0089,-0.0072,0.0,23.1,-0.709,-0.88,0.044,-3.706,False
2022-05-25,1681.0,-0.709,macro_fx,bullish,macro_fx,oil_energy,0.903,0.467,0.0,0.2,-0.0339,-0.0204,50.4,0.015,0.011,-0.0264,0.0,23.2,-0.709,1.086,1.695,-2.38,True
2022-05-26,1726.5,2.707,macro_fx,bullish,macro_fx,oil_energy,0.681,0.477,0.0,0.0,0.015,-0.0148,59.7,0.0158,0.0213,0.0117,0.0,23.4,-0.709,1.086,-1.419,-2.38,True
2022-05-27,1732.25,0.333,macro_fx,bullish,macro_fx,oil_energy,0.885,0.438,0.0,0.0,0.05,-0.0206,66.6,0.0158,0.0158,0.014,0.0,23.6,-0.709,0.447,-2.959,-8.313,True
2022-05-31,1683.25,-2.829,macro_fx,bullish,macro_fx,oil_energy,0.469,0.389,0.0,0.2,0.0219,-0.0094,57.1,0.0162,-0.0022,0.0055,0.0,23.4,-0.709,0.447,-1.812,-8.313,True
2022-06-01,1690.25,0.416,macro_fx,bullish,macro_fx,speculative_mom,0.637,0.394,0.0,0.2,0.0179,-0.0058,55.5,0.0163,-0.0016,0.0188,0.0,23.3,-0.709,3.269,-5.739,-8.313,True
2022-06-02,1729.25,2.307,macro_fx,bullish,macro_fx,speculative_mom,0.699,0.53,0.0,0.0,0.0597,-0.003,58.8,0.0165,0.0287,0.0356,0.0,23.2,-0.709,3.269,-6.853,-8.313,True
2022-06-09,1769.0,1.667,macro_fx,bearish,macro_fx,speculative_mom,0.523,0.578,0.0,0.0,0.0596,0.0144,63.1,0.0169,0.023,0.072,0.0,22.3,-1.328,-4.975,-8.084,-17.557,False
2022-06-10,1745.5,-1.328,macro_fx,bearish,macro_fx,speculative_mom,0.721,0.541,0.0,0.0,0.0469,0.0156,56.5,0.0169,0.0281,0.0513,0.0,22.2,-1.328,-5.314,-9.754,-17.557,False
2022-06-13,1707.5,-2.177,macro_fx,bearish,macro_fx,speculative_mom,1.0,0.432,0.0,0.2,0.0347,0.0325,53.1,0.0174,0.0049,-0.0091,0.0,22.3,-1.328,-5.314,-7.452,-17.557,False
2022-06-14,1698.5,-0.527,macro_fx,bearish,macro_fx,oil_energy,1.0,0.504,0.0,0.2,0.0005,0.0331,50.8,0.017,-0.0172,0.0254,0.0,22.4,-0.28,-5.166,-6.314,-5.255,False
2022-06-15,1693.75,-0.28,macro_fx,bearish,macro_fx,oil_energy,0.777,0.569,0.0,0.2,-0.0269,0.0266,52.0,0.017,-0.0266,0.0094,0.0,22.4,0.93,-3.734,-3.749,-5.255,True
2022-06-16,1709.5,0.93,macro_fx,bearish,macro_fx,speculative_mom,1.0,0.619,0.0,0.312,-0.0152,0.0128,47.1,0.017,-0.0336,0.0281,0.0,22.5,-0.439,-2.676,-4.007,-5.255,False
2022-06-17,1702.0,-0.439,oil_energy,bearish,oil_energy,macro_fx,0.845,0.569,0.0,0.2,-0.1028,0.0211,44.9,0.017,-0.0249,0.0068,0.0,22.5,-1.234,-1.63,-6.419,-7.8,False
2022-06-21,1681.0,-1.234,oil_energy,bearish,oil_energy,macro_fx,0.506,0.51,0.0,0.0,-0.0894,0.0118,49.6,0.017,-0.0155,-0.0142,0.0,22.2,-1.681,-0.357,-5.518,-7.317,True
2022-06-22,1652.75,-1.681,oil_energy,bearish,oil_energy,speculative_mom,0.647,0.593,0.0,0.0,-0.12,0.0005,43.5,0.0168,-0.0269,-0.0203,0.0,22.2,-1.681,-0.357,-2.587,-7.317,True
2022-06-23,1593.25,-3.6,oil_energy,bearish,oil_energy,speculative_mom,0.724,0.705,0.0,0.236,-0.1378,-0.0062,28.1,0.0181,-0.0593,-0.0589,0.0,22.1,-1.681,-0.357,-7.987,-7.317,True
2022-06-24,1610.75,1.098,speculative_mom,bearish,speculative_mom,macro_fx,0.665,0.706,0.0,0.193,-0.0951,-0.0126,35.3,0.018,-0.0578,-0.0418,0.0,22.0,1.226,-1.894,-7.046,0.543,True
2022-06-27,1630.5,1.226,macro_fx,bullish,macro_fx,speculative_mom,0.521,0.701,0.0,0.14,-0.0498,-0.0116,39.1,0.0181,-0.042,-0.0556,0.0,21.9,2.039,-2.407,-9.399,0.543,True
2022-06-30,1675.0,0.045,speculative_mom,bullish,speculative_mom,oil_energy,0.506,0.711,0.0,0.371,-0.0442,0.0024,33.7,0.0154,0.0513,-0.009,0.0,21.7,0.045,-1.986,-14.358,-0.343,False
2022-07-01,1626.0,-2.925,speculative_mom,bullish,speculative_mom,macro_fx,0.392,0.639,0.0,0.2,0.0211,0.009,31.0,0.0163,0.0095,-0.0597,0.0,21.6,0.045,-1.986,-9.41,-0.343,False
2022-07-05,1575.25,-3.121,macro_fx,bearish,macro_fx,oil_energy,1.0,0.693,0.0,0.117,-0.0457,0.0198,29.8,0.0168,-0.0339,-0.0722,0.0,20.9,0.045,-1.986,-2.698,-0.343,False
2022-07-06,1580.25,0.317,macro_fx,bearish,macro_fx,speculative_mom,0.823,0.723,0.0,0.167,-0.0845,0.0279,31.7,0.0167,-0.0502,-0.07,0.0,20.7,0.696,-1.986,-0.095,-6.645,True
2022-07-07,1591.25,0.696,macro_fx,bearish,macro_fx,speculative_mom,0.904,0.726,0.0,0.165,-0.0624,0.0307,34.4,0.0168,-0.0496,-0.0793,0.0,20.6,2.451,-5.907,1.131,-6.017,True
2022-07-08,1630.25,2.451,macro_fx,bearish,macro_fx,speculative_mom,0.665,0.673,0.0,0.0,-0.0624,0.0239,38.8,0.0174,-0.0267,-0.0631,0.0,20.4,0.659,-9.385,0.414,-8.68,True
2022-07-11,1641.0,0.659,macro_fx,bearish,macro_fx,speculative_mom,0.781,0.721,0.0,0.2,-0.0518,0.0277,41.4,0.0174,0.0092,-0.0724,0.0,19.4,0.659,-9.385,-2.849,-8.68,True
2022-07-12,1592.75,-2.94,oil_energy,bearish,oil_energy,macro_fx,0.929,0.745,0.0,0.2,-0.0938,0.0323,38.5,0.0174,0.0111,-0.0875,0.0,19.1,0.659,-9.385,-1.475,-8.68,True
2022-07-13,1588.25,-0.283,macro_fx,bearish,macro_fx,oil_energy,0.726,0.72,0.0,0.2,-0.1119,0.0268,41.0,0.0173,0.0051,-0.0698,0.0,18.8,1.369,-9.68,-1.905,-1.731,True
2022-07-15,1466.0,-8.944,speculative_mom,bearish,speculative_mom,macro_fx,1.0,0.757,0.0,0.287,-0.0095,0.009,33.9,0.0233,-0.1008,-0.1345,0.0,18.2,1.369,-9.68,10.147,-3.571,True
2022-07-18,1497.25,2.132,speculative_mom,bearish,speculative_mom,oil_energy,0.969,0.764,0.0,0.287,-0.0013,0.0022,35.5,0.0232,-0.0876,-0.1242,0.0,17.7,-1.336,-9.68,8.165,-3.571,False
2022-07-19,1477.25,-1.336,speculative_mom,bearish,speculative_mom,macro_fx,0.79,0.766,0.0,0.304,-0.0054,-0.0031,29.1,0.0231,-0.0725,-0.1321,0.0,17.5,-1.336,8.936,14.622,2.42,True
2022-07-20,1449.0,-1.912,speculative_mom,bearish,speculative_mom,macro_fx,0.938,0.769,0.0,0.372,-0.0176,-0.0087,25.7,0.0233,-0.0877,-0.138,0.0,17.4,-1.336,8.936,16.546,2.42,True
2022-07-21,1418.5,-2.105,speculative_mom,bearish,speculative_mom,oil_energy,1.0,0.771,0.0,0.406,0.0053,-0.0107,24.0,0.0231,-0.1189,-0.1417,0.0,17.2,1.128,8.936,20.515,3.824,False
2022-07-22,1434.5,1.128,speculative_mom,bearish,speculative_mom,macro_fx,0.565,0.773,0.0,0.102,-0.0166,-0.0114,29.2,0.0232,-0.0215,-0.0996,0.0,17.0,1.128,9.394,16.365,3.824,False
2022-07-25,1473.0,2.684,macro_fx,bullish,macro_fx,speculative_mom,0.722,0.76,0.0,0.088,0.0096,-0.019,38.6,0.0236,-0.0162,-0.0855,0.0,17.4,1.128,9.394,1.426,3.824,False
2022-07-26,1532.75,4.056,macro_fx,bullish,macro_fx,speculative_mom,0.476,0.68,0.0,0.419,-0.0267,-0.0081,45.3,0.025,0.0376,-0.06,0.0,17.5,1.128,9.394,-5.122,3.824,False
2022-07-27,1578.75,3.001,speculative_mom,bullish,speculative_mom,macro_fx,0.891,0.765,0.0,0.496,-0.052,-0.0086,48.8,0.0255,0.0895,-0.0511,0.0,17.7,1.128,9.394,-6.556,3.824,False
2022-07-28,1609.25,1.932,speculative_mom,bullish,speculative_mom,oil_energy,1.0,0.763,0.0,0.497,-0.0748,-0.0031,48.0,0.0258,0.1345,-0.0388,0.0,17.8,1.128,0.637,-7.069,-7.457,False
2022-07-29,1637.0,1.724,speculative_mom,bullish,speculative_mom,macro_fx,1.0,0.761,0.0,0.498,-0.0356,-0.011,49.6,0.026,0.1412,-0.0227,0.0,17.9,1.128,0.637,-9.056,-7.457,False
2022-08-01,1594.25,-2.611,speculative_mom,bullish,speculative_mom,oil_energy,0.746,0.752,0.0,0.499,-0.0255,-0.0137,50.1,0.0264,0.0823,-0.0195,0.0,18.6,1.128,0.637,-4.218,-7.457,False
2022-08-02,1569.25,-1.568,macro_fx,bullish,macro_fx,speculative_mom,0.536,0.545,0.0,0.299,-0.003,-0.0046,48.3,0.0265,0.0238,-0.0038,0.0,18.8,-0.717,8.937,-0.159,-7.457,True
2022-08-04,1615.0,3.659,macro_fx,bullish,macro_fx,oil_energy,0.636,0.431,0.0,0.102,-0.0678,-0.014,66.0,0.0272,0.0036,0.0149,0.0,19.3,-0.717,7.141,-3.87,-7.457,True
2022-08-05,1614.75,-0.015,macro_fx,bearish,macro_fx,oil_energy,0.629,0.51,0.0,0.099,-0.0848,0.0016,63.6,0.0263,-0.0136,-0.0095,0.0,19.5,0.294,7.141,-0.588,-9.506,False
2022-08-09,1693.25,4.554,speculative_mom,bullish,speculative_mom,oil_energy,0.703,0.739,0.0,0.43,-0.0823,0.0044,76.3,0.0275,0.079,0.0631,0.0,19.6,0.294,-8.907,-10.645,-8.691,True
2022-08-10,1688.75,-0.266,macro_fx,bullish,macro_fx,speculative_mom,0.876,0.739,0.0,0.52,-0.0209,-0.0024,80.9,0.0272,0.0839,0.0633,0.0,19.6,1.229,-11.843,-10.733,-13.723,True
2022-08-11,1709.5,1.229,speculative_mom,bullish,speculative_mom,macro_fx,0.501,0.739,0.0,0.519,-0.0008,-0.0108,81.1,0.0273,0.0585,0.0618,0.0,19.6,-2.354,-11.843,-13.849,-16.598,False
2022-08-12,1669.25,-2.354,speculative_mom,bullish,speculative_mom,macro_fx,0.65,0.738,0.0,0.258,0.0158,-0.0083,72.1,0.0277,0.0338,0.1386,0.0,19.6,-2.354,-11.843,-9.51,-15.456,False
2022-08-15,1494.0,-10.499,speculative_mom,bearish,speculative_mom,macro_fx,0.738,0.741,0.0,0.325,0.0098,0.0081,46.5,0.0333,-0.0775,-0.0022,0.0,19.4,-2.354,-11.843,-0.268,-15.456,False
2022-08-16,1454.25,-2.661,speculative_mom,bearish,speculative_mom,oil_energy,1.0,0.742,0.0,0.325,-0.0279,-0.0011,38.8,0.0332,-0.1411,-0.0156,0.0,19.3,-2.354,-11.843,0.86,-15.456,False
2022-08-17,1475.25,1.444,speculative_mom,bearish,speculative_mom,oil_energy,1.0,0.743,0.0,0.525,-0.0292,0.0012,37.7,0.0333,-0.1264,0.0181,0.0,19.2,1.373,-11.843,-0.322,-4.372,True
2022-08-18,1495.5,1.373,speculative_mom,bearish,speculative_mom,macro_fx,1.0,0.744,0.0,0.525,0.0,0.0104,36.8,0.0334,-0.1252,0.0543,0.0,19.2,-0.451,-11.843,-0.418,-4.372,False
2022-08-19,1488.75,-0.451,speculative_mom,bearish,speculative_mom,macro_fx,0.932,0.745,0.0,0.524,-0.0126,0.0282,39.5,0.0331,-0.1081,0.0378,0.0,19.1,-0.451,1.629,4.097,-7.708,True
2022-08-22,1527.0,2.569,macro_fx,bearish,macro_fx,oil_energy,1.0,0.515,0.0,0.125,-0.0436,0.0377,45.9,0.0334,0.0221,0.0367,0.0,19.6,-0.451,1.629,0.475,-7.708,True
2022-08-23,1566.75,2.603,macro_fx,bearish,macro_fx,speculative_mom,0.723,0.736,0.0,0.325,0.0179,0.0283,50.8,0.0334,0.0774,0.0222,0.0,19.8,-0.451,1.629,-4.021,-7.708,True
2022-08-26,1605.25,3.398,speculative_mom,bullish,speculative_mom,macro_fx,0.622,0.729,0.0,0.51,0.0562,0.0209,48.7,0.0293,0.0783,-0.0194,0.0,20.3,-0.529,-4.026,-8.971,-11.948,False
2022-08-29,1534.75,-4.392,oil_energy,bullish,oil_energy,speculative_mom,0.46,0.567,0.0,0.314,0.0719,0.0127,35.4,0.0304,0.0051,-0.0373,0.0,20.2,-0.529,-4.026,-3.649,-11.948,False
2022-08-30,1513.0,-1.417,oil_energy,bullish,oil_energy,speculative_mom,0.643,0.61,0.0,0.228,0.0096,0.0055,34.3,0.0304,-0.0343,-0.0358,0.0,20.1,-0.364,-1.57,-3.42,-7.733,False
2022-09-01,1472.75,-2.305,macro_fx,bearish,macro_fx,speculative_mom,0.626,0.733,0.0,0.284,-0.0761,0.0099,31.8,0.0302,-0.0514,-0.0881,0.0,20.1,-2.305,4.176,-3.191,-6.043,True
2022-09-02,1510.5,2.563,speculative_mom,bearish,speculative_mom,oil_energy,0.522,0.733,0.0,0.311,-0.0845,0.0078,52.0,0.0305,-0.059,-0.0646,0.0,20.0,-2.305,4.176,-6.571,-6.043,True
2022-09-07,1466.75,-1.56,speculative_mom,bearish,speculative_mom,oil_energy,0.754,0.741,0.0,0.212,-0.1195,0.0096,48.9,0.0294,-0.0306,-0.1338,0.0,19.4,-2.305,4.176,-3.954,-7.919,True
2022-09-08,1470.5,0.256,speculative_mom,bearish,speculative_mom,oil_energy,0.729,0.742,0.0,0.108,-0.1389,0.008,46.6,0.0288,-0.0245,-0.1292,0.0,19.3,1.275,-0.629,-4.063,-5.372,True
2022-09-09,1489.25,1.275,speculative_mom,bullish,speculative_mom,macro_fx,0.726,0.744,0.0,0.308,-0.0529,0.0021,50.1,0.0287,0.0112,-0.1288,0.0,19.2,1.275,-0.705,-8.36,-6.295,True
2022-09-12,1549.75,4.062,macro_fx,bullish,macro_fx,speculative_mom,0.497,0.694,0.0,0.311,-0.0198,-0.0034,52.8,0.0295,0.026,-0.0716,0.0,19.5,1.275,-0.705,-11.341,-6.295,True
2022-09-13,1534.25,-1.0,macro_fx,bearish,macro_fx,speculative_mom,0.954,0.549,0.0,0.11,0.0081,0.0012,45.7,0.0292,0.0297,0.0269,0.0,19.6,1.275,-5.035,-9.826,-9.923,True
2022-09-15,1451.5,-3.475,oil_energy,bearish,oil_energy,macro_fx,0.437,0.507,0.0,0.112,-0.0205,-0.0043,38.7,0.0299,-0.0129,-0.0161,0.0,19.8,1.275,-5.035,-6.442,-9.923,True
2022-09-19,1461.25,0.88,speculative_mom,bearish,speculative_mom,macro_fx,0.508,0.742,0.0,0.3,0.0262,0.0003,39.2,0.0291,-0.0571,-0.0185,0.0,19.4,1.198,-3.593,-5.971,-3.713,True
2022-09-23,1425.75,-2.145,macro_fx,bearish,macro_fx,oil_energy,1.0,0.745,0.0,0.104,-0.1101,0.0322,36.4,0.0278,-0.0157,-0.0816,0.0,18.7,-1.017,-2.963,-2.946,-2.076,False
2022-09-26,1411.25,-1.017,macro_fx,bearish,macro_fx,speculative_mom,1.0,0.768,0.0,0.218,-0.0986,0.0397,37.1,0.0276,-0.0342,-0.1209,0.0,17.4,-0.23,-2.941,-1.842,2.037,False
2022-09-27,1408.0,-0.23,macro_fx,bearish,macro_fx,speculative_mom,0.983,0.767,0.0,0.235,-0.0777,0.0396,39.7,0.0202,-0.0478,-0.0826,0.0,17.0,0.053,-3.551,-2.557,2.557,False
2022-09-28,1408.75,0.053,macro_fx,bearish,macro_fx,oil_energy,0.977,0.726,0.0,0.12,-0.0418,0.0261,39.1,0.0196,-0.0359,-0.0689,0.0,16.6,0.142,-2.964,-2.573,3.62,False
2022-09-30,1364.75,-3.261,speculative_mom,bearish,speculative_mom,oil_energy,0.438,0.749,0.0,0.518,-0.0416,0.0134,13.1,0.02,-0.0428,-0.0733,0.0,15.7,0.142,-2.605,2.253,1.4,False
2022-10-03,1374.0,0.678,oil_energy,bullish,oil_energy,speculative_mom,0.559,0.8,0.0,0.33,0.0017,0.0036,17.3,0.0201,-0.0264,-0.0904,0.0,15.0,0.691,1.601,-0.146,4.931,False
2022-10-04,1383.5,0.691,macro_fx,bullish,macro_fx,speculative_mom,1.0,0.752,0.0,0.137,0.0988,-0.0276,23.1,0.0194,-0.0174,-0.0715,0.0,14.7,-0.994,0.885,-0.108,5.331,True
2022-10-05,1369.75,-0.994,macro_fx,bullish,macro_fx,oil_energy,0.864,0.737,0.0,0.041,0.144,-0.0266,27.9,0.0187,-0.0277,-0.0661,0.0,14.5,-0.858,1.022,0.876,5.331,True
2022-10-06,1358.0,-0.858,macro_fx,bullish,macro_fx,oil_energy,0.671,0.773,0.0,0.191,0.1268,-0.0162,26.7,0.0187,-0.0374,-0.0765,0.0,14.2,0.663,2.007,1.786,4.345,False
2022-10-07,1367.0,0.663,oil_energy,bullish,oil_energy,speculative_mom,0.541,0.793,0.0,0.295,0.1277,0.0018,25.2,0.0188,0.0016,-0.0821,0.0,14.0,0.512,0.366,1.518,4.481,False
2022-10-10,1374.0,0.512,speculative_mom,bearish,speculative_mom,oil_energy,0.623,0.822,0.0,0.183,0.1219,0.0079,20.9,0.0175,0.0,-0.1134,0.0,13.4,0.164,-0.109,2.402,4.567,False
2022-10-11,1376.25,0.164,speculative_mom,bearish,speculative_mom,oil_energy,0.565,0.824,0.0,0.117,0.124,0.0098,24.2,0.0159,-0.0052,-0.103,0.0,13.2,1.435,1.108,4.323,3.887,False
2022-10-13,1395.75,-0.018,macro_fx,bearish,macro_fx,speculative_mom,0.61,0.659,0.0,0.2,0.0299,0.0208,39.9,0.0161,0.0278,-0.0384,0.0,12.7,-0.86,-0.036,2.221,2.902,True
2022-10-14,1383.75,-0.86,macro_fx,bearish,macro_fx,oil_energy,0.511,0.683,0.0,0.2,-0.0245,0.0202,40.6,0.0157,0.0123,-0.0447,0.0,12.5,0.108,-0.126,4.896,5.312,False
2022-10-17,1385.25,0.108,macro_fx,bullish,macro_fx,speculative_mom,0.786,0.709,0.0,0.2,-0.0338,-0.002,42.1,0.0148,0.0082,-0.052,0.0,12.4,-0.957,-0.253,3.952,5.36,True
2022-10-21,1395.5,0.287,macro_fx,bullish,macro_fx,speculative_mom,0.549,0.608,0.0,0.2,-0.0254,-0.0116,58.7,0.0146,0.0085,-0.0212,0.0,12.3,0.287,2.884,4.3,3.028,False
2022-10-25,1382.0,0.729,macro_fx,bullish,macro_fx,speculative_mom,0.691,0.583,0.0,0.2,-0.0034,-0.0208,54.6,0.0125,0.0073,-0.0185,0.0,13.5,-0.018,3.238,5.445,6.512,False
2022-10-26,1381.75,-0.018,macro_fx,bullish,macro_fx,oil_energy,0.765,0.582,0.0,0.2,0.0287,-0.0209,59.7,0.0121,0.0067,-0.0192,0.0,13.8,0.036,3.238,3.438,7.563,False
2022-10-28,1387.75,0.398,macro_fx,bullish,macro_fx,oil_energy,0.662,0.522,0.0,0.2,0.0275,-0.0204,56.1,0.0105,-0.0056,0.0169,0.0,14.5,1.387,4.053,2.918,5.242,False
2022-11-03,1426.75,-0.92,macro_fx,bearish,macro_fx,speculative_mom,0.857,0.569,0.0,0.107,0.0334,0.0178,65.0,0.0111,0.0322,0.0506,0.0,19.2,-0.92,1.051,0.666,3.732,True
2022-11-04,1451.5,1.735,macro_fx,bearish,macro_fx,oil_energy,1.0,0.632,0.0,0.153,0.0535,0.0108,69.9,0.0109,0.0459,0.0618,0.0,20.0,-0.92,1.051,0.396,3.732,True
2022-11-10,1430.5,-2.004,macro_fx,bullish,macro_fx,oil_energy,1.0,0.446,0.0,0.0,-0.0215,-0.0293,59.2,0.0116,0.0026,0.0249,0.0,19.4,1.748,0.437,0.559,3.39,True
2022-11-11,1455.5,1.748,macro_fx,bullish,macro_fx,oil_energy,1.0,0.536,0.0,0.035,-0.0116,-0.0454,71.7,0.0102,0.0028,0.0519,0.0,19.3,-0.945,-1.769,-1.22,1.838,False
2022-11-14,1441.75,-0.945,macro_fx,bullish,macro_fx,oil_energy,1.0,0.505,0.0,0.0,-0.0261,-0.0555,65.3,0.0104,0.0012,0.0408,0.0,18.8,1.075,-0.399,0.919,4.491,True
2022-11-15,1457.25,1.075,macro_fx,bullish,macro_fx,oil_energy,1.0,0.577,0.0,0.0,-0.0614,-0.0404,67.9,0.0105,0.0092,0.0621,0.0,18.7,1.075,-1.441,1.012,3.534,True
2022-11-16,1429.25,-1.921,macro_fx,bullish,macro_fx,oil_energy,0.901,0.559,0.0,0.2,-0.0675,-0.0349,59.9,0.011,-0.0209,0.0413,0.0,18.5,1.075,-1.441,3.988,3.534,True
2022-11-17,1417.0,-0.857,macro_fx,bullish,macro_fx,oil_energy,0.698,0.496,0.0,0.2,-0.0818,-0.0267,56.0,0.011,-0.0094,0.0183,0.0,18.3,0.794,2.999,4.711,4.958,False
2022-11-18,1428.25,0.794,macro_fx,bullish,macro_fx,oil_energy,0.826,0.549,0.0,0.2,-0.067,-0.0327,54.5,0.011,-0.0187,0.0235,0.0,18.2,0.595,2.888,2.258,3.501,False
2022-11-23,1436.0,0.437,macro_fx,bullish,macro_fx,oil_energy,0.64,0.52,0.0,0.0,-0.0923,-0.0054,52.2,0.0108,0.0047,0.0393,0.0,17.2,0.017,0.122,2.611,4.701,False
2022-11-25,1436.25,0.017,oil_energy,bearish,oil_energy,macro_fx,0.544,0.524,0.0,0.0,-0.1224,-0.0041,45.9,0.0108,0.0136,0.0391,0.0,16.8,1.462,1.305,3.046,5.135,False
2022-12-01,1429.75,-2.705,macro_fx,bullish,macro_fx,speculative_mom,0.719,0.488,0.0,0.0,0.0187,-0.0288,49.8,0.012,-0.0044,-0.0071,0.0,18.7,0.685,0.97,2.658,4.678,False
2022-12-02,1438.5,0.612,macro_fx,bullish,macro_fx,oil_energy,0.622,0.433,0.0,0.0,-0.012,-0.0249,45.4,0.0118,0.0016,0.0082,0.0,19.1,-0.052,2.868,2.815,5.978,False
2022-12-05,1437.75,-0.052,oil_energy,bearish,oil_energy,macro_fx,0.432,0.501,0.0,0.0,-0.013,-0.0074,48.8,0.0118,-0.0134,-0.0095,0.0,19.7,1.2,3.095,3.095,5.356,False
2022-12-06,1455.0,1.2,oil_energy,bearish,oil_energy,macro_fx,0.393,0.439,0.0,0.2,-0.0266,-0.0036,49.4,0.0115,-0.0031,0.0104,0.0,20.0,1.168,1.271,3.54,3.54,False
2022-12-07,1472.0,1.168,macro_fx,bullish,macro_fx,oil_energy,0.391,0.415,0.0,0.0,-0.0677,-0.0148,63.2,0.0116,0.0017,0.0194,0.0,20.2,0.968,0.543,2.497,1.24,False
2022-12-08,1486.25,0.968,macro_fx,bullish,macro_fx,oil_energy,0.486,0.596,0.0,0.153,-0.0862,-0.0192,71.1,0.0116,0.0395,0.0182,0.0,20.4,-0.168,-1.716,2.22,0.151,False
2022-12-09,1483.75,-0.168,oil_energy,bearish,oil_energy,macro_fx,0.554,0.547,0.0,0.105,-0.1183,-0.0108,67.8,0.0117,0.0315,0.0372,0.0,20.6,-1.567,-0.354,0.236,1.264,True
2022-12-13,1479.75,1.318,macro_fx,bullish,macro_fx,oil_energy,0.642,0.453,0.0,0.0,-0.0574,-0.0055,63.7,0.0121,0.017,0.0264,0.0,21.6,0.169,-0.811,-0.879,2.01,False
2023-01-03,1487.25,-2.106,macro_fx,bearish,macro_fx,oil_energy,0.523,0.387,0.0,0.0,-0.0174,0.0035,57.7,0.0105,0.0056,0.0339,0.0,26.2,-0.605,2.841,1.025,2.589,True
2023-01-04,1478.25,-0.605,oil_energy,bearish,oil_energy,macro_fx,0.589,0.364,0.0,0.2,-0.06,-0.0017,49.5,0.0105,-0.0027,0.0282,0.0,26.5,-0.778,4.059,3.061,3.264,True
2023-01-06,1501.5,2.369,macro_fx,bullish,macro_fx,oil_energy,0.635,0.348,0.0,0.2,-0.0724,-0.0029,57.1,0.0113,-0.0048,0.02,0.0,27.2,-0.778,4.977,2.248,4.125,True
2023-01-12,1529.5,0.957,macro_fx,bullish,macro_fx,speculative_mom,0.526,0.56,0.0,0.143,0.019,-0.0217,63.5,0.0111,0.0428,0.0336,0.0,25.3,0.572,-2.681,0.163,-0.736,True
2023-01-17,1539.75,0.098,macro_fx,bullish,macro_fx,oil_energy,0.597,0.429,0.0,0.0,0.0884,-0.0252,68.3,0.0097,0.0241,0.045,0.0,27.0,-0.99,-1.055,-1.591,-2.306,False
2023-02-03,1532.0,-0.147,macro_fx,bearish,macro_fx,oil_energy,0.623,0.423,0.0,0.0,-0.0843,0.0126,48.1,0.0099,0.0149,0.0445,0.0,28.0,-0.702,0.359,-0.898,-3.003,True
2023-03-07,1525.25,-1.022,macro_fx,bearish,macro_fx,oil_energy,0.656,0.487,0.0,0.0,0.0165,0.0039,46.2,0.0089,0.0233,0.0026,0.0,24.5,0.098,-2.213,-3.77,-1.229,False
2023-03-13,1500.0,-0.859,macro_fx,bullish,macro_fx,oil_energy,0.533,0.509,0.0,0.0,-0.043,-0.0136,34.0,0.0084,-0.0266,-0.0276,0.0,23.4,-0.017,-3.433,1.467,-3.65,False
2023-03-14,1499.75,-0.017,oil_energy,bearish,oil_energy,macro_fx,0.538,0.47,0.0,0.0,-0.1048,-0.0088,36.2,0.0077,-0.0167,-0.0279,0.0,22.8,-0.7,-3.433,1.184,-4.251,False
2023-03-15,1489.25,-0.7,oil_energy,bearish,oil_energy,macro_fx,0.779,0.51,0.0,0.0,-0.1597,0.0029,34.9,0.0078,-0.0246,-0.0314,0.0,22.2,0.151,-4.096,1.46,-4.197,False
2023-03-16,1491.5,0.151,oil_energy,bearish,oil_energy,macro_fx,0.56,0.482,0.0,0.0,-0.119,-0.0114,37.2,0.0076,-0.0188,-0.0224,0.0,21.6,-1.006,-3.302,0.067,-3.168,False
2023-03-17,1476.5,-1.006,oil_energy,bearish,oil_energy,macro_fx,0.618,0.523,0.0,0.0,-0.1294,-0.0185,36.1,0.0075,-0.0241,-0.0328,0.0,21.0,0.643,-3.302,0.728,-1.473,True
2023-03-20,1486.0,0.643,oil_energy,bearish,oil_energy,macro_fx,0.509,0.495,0.0,0.0,-0.1067,-0.0193,48.3,0.0076,-0.0093,-0.027,0.0,20.3,-1.279,-0.589,0.757,-3.129,True
2023-03-27,1442.25,0.98,oil_energy,bullish,oil_energy,macro_fx,0.651,0.617,0.0,0.135,0.0653,-0.0149,23.2,0.0086,-0.0294,-0.0501,0.0,18.4,0.98,4.767,5.339,0.659,False
2023-03-28,1467.75,1.768,oil_energy,bullish,oil_energy,macro_fx,0.57,0.458,0.0,0.2,0.0968,-0.0123,33.5,0.0093,0.0005,-0.0153,0.0,18.1,0.98,4.767,2.64,0.659,False
2023-03-31,1505.5,2.102,speculative_mom,bullish,speculative_mom,oil_energy,0.51,0.77,0.0,0.38,0.0673,0.0016,51.4,0.0102,0.0541,-0.0163,0.0,17.3,1.096,-0.083,-2.674,-6.958,True
2023-04-03,1522.0,1.096,oil_energy,bullish,oil_energy,speculative_mom,0.854,0.747,0.0,0.384,0.1495,-0.0043,55.3,0.0104,0.0553,-0.0123,0.0,19.0,-0.296,-1.38,-5.043,-6.958,False
2023-04-04,1517.5,-0.296,oil_energy,bullish,oil_energy,macro_fx,0.925,0.618,0.0,0.313,0.1653,-0.0148,56.9,0.01,0.0339,-0.0051,0.0,19.5,-0.428,-1.12,-5.371,-11.895,False
2023-04-05,1511.0,-0.428,oil_energy,bullish,oil_energy,macro_fx,0.605,0.543,0.0,0.2,0.1071,-0.0098,54.6,0.01,0.0228,-0.0103,0.0,20.1,-1.224,0.397,-5.576,-11.764,True
2023-04-06,1492.5,-1.224,oil_energy,bullish,oil_energy,macro_fx,0.574,0.469,0.0,0.2,0.1025,-0.006,53.7,0.0102,0.0122,-0.0181,0.0,20.7,-0.352,1.792,-3.233,-11.764,True
2023-04-10,1487.25,-0.352,oil_energy,bullish,oil_energy,macro_fx,0.519,0.46,0.0,0.0,0.0928,-0.0006,50.3,0.0102,-0.0121,-0.017,0.0,20.7,0.672,1.294,-2.185,-11.764,False
2023-04-11,1497.25,0.672,oil_energy,bullish,oil_energy,macro_fx,0.533,0.487,0.0,0.0,0.0963,0.0006,57.6,0.0102,-0.0163,-0.0018,0.0,20.5,0.468,0.017,-3.857,-11.671,True
2023-04-12,1504.25,0.468,oil_energy,bullish,oil_energy,macro_fx,0.549,0.447,0.0,0.2,0.1003,-0.0099,64.8,0.0097,-0.0087,0.003,0.0,20.3,-0.216,-1.379,-3.739,-11.949,False
2023-05-02,1439.5,-1.048,oil_energy,bearish,oil_energy,speculative_mom,0.674,0.642,0.0,0.009,-0.0797,0.0014,29.5,0.0103,-0.004,-0.0542,0.0,18.0,0.59,0.261,-8.128,-3.56,True
2023-05-03,1448.0,0.59,oil_energy,bearish,oil_energy,macro_fx,0.648,0.602,0.0,0.2,-0.129,-0.0001,33.8,0.0101,0.0084,-0.0458,0.0,17.9,0.035,-0.898,-8.529,-3.56,False
2023-05-04,1448.5,0.035,oil_energy,bearish,oil_energy,speculative_mom,0.543,0.581,0.0,0.2,-0.1104,-0.0045,34.1,0.0098,0.0152,-0.0414,0.0,17.8,1.415,-3.297,-8.595,-3.56,True
2023-05-05,1469.0,1.415,oil_energy,bearish,oil_energy,speculative_mom,0.537,0.55,0.0,0.2,-0.0398,-0.0026,35.7,0.0094,0.0171,-0.0157,0.0,17.7,-0.017,-3.297,-8.969,0.562,False
2023-05-16,1364.0,-2.624,speculative_mom,bearish,speculative_mom,macro_fx,0.648,0.782,0.0,0.2,-0.0067,0.0133,32.0,0.0097,-0.0604,-0.1022,0.0,16.3,-2.387,-5.444,-0.238,4.181,False
2023-05-17,1337.0,-1.979,speculative_mom,bearish,speculative_mom,oil_energy,0.713,0.785,0.0,0.211,-0.0045,0.0149,29.4,0.0101,-0.0693,-0.1125,0.0,16.1,-0.28,0.019,1.963,4.181,True
2023-05-18,1333.25,-0.28,speculative_mom,bearish,speculative_mom,macro_fx,0.685,0.788,0.0,0.343,-0.0251,0.0191,22.9,0.0101,-0.0762,-0.1097,0.0,15.9,-0.28,0.019,3.994,17.157,True
2023-05-19,1307.25,-1.95,speculative_mom,bearish,speculative_mom,macro_fx,0.777,0.791,0.0,0.47,-0.0139,0.0169,16.5,0.0104,-0.089,-0.1188,0.0,15.7,-0.28,0.019,5.011,17.157,True
2023-05-22,1341.25,2.601,speculative_mom,bearish,speculative_mom,macro_fx,0.498,0.804,0.0,0.153,0.0158,0.0112,29.4,0.0118,-0.0425,-0.0846,0.0,14.6,-0.28,0.019,4.324,17.157,True
2023-05-30,1296.5,-3.047,speculative_mom,bearish,speculative_mom,oil_energy,0.644,0.835,0.0,0.292,-0.0334,0.0057,21.0,0.0126,-0.0334,-0.1088,0.0,12.4,1.001,1.757,16.834,11.311,False
2023-05-31,1299.75,0.251,speculative_mom,bearish,speculative_mom,oil_energy,0.558,0.837,0.0,0.136,-0.0484,0.0109,23.2,0.0126,-0.0172,-0.0971,0.0,12.2,1.001,6.674,15.445,15.08,False
2023-06-08,1363.25,0.184,macro_fx,bullish,macro_fx,speculative_mom,0.417,0.674,0.0,0.2,0.0263,-0.008,57.2,0.0139,0.0254,-0.051,0.0,12.5,1.705,8.362,14.231,11.737,False
2023-06-09,1386.5,1.705,speculative_mom,bullish,speculative_mom,oil_energy,0.258,0.671,0.0,0.2,0.0305,-0.0073,69.4,0.0143,0.0251,-0.0393,0.0,12.6,-0.992,8.362,12.658,9.304,True
2023-06-12,1372.75,-0.992,oil_energy,bearish,oil_energy,speculative_mom,0.548,0.606,0.0,0.2,-0.0425,0.0007,58.6,0.0142,0.0169,-0.0434,0.0,13.8,-0.992,9.306,12.712,12.639,True
2023-06-13,1399.25,1.93,oil_energy,bearish,oil_energy,speculative_mom,0.476,0.702,0.0,0.314,-0.0323,-0.0065,70.0,0.0146,0.034,-0.0011,0.0,14.2,-0.992,9.306,9.041,12.639,True
2023-06-14,1388.25,-0.786,speculative_mom,bullish,speculative_mom,macro_fx,0.238,0.631,0.0,0.0,-0.0538,-0.0095,65.9,0.0145,0.0202,0.0178,0.0,14.6,-0.992,9.562,7.005,12.639,True
2023-06-15,1428.25,2.881,speculative_mom,bullish,speculative_mom,macro_fx,0.576,0.801,0.0,0.193,-0.0156,-0.0193,71.7,0.0155,0.0477,0.0682,0.0,15.0,-0.992,9.562,5.584,12.639,True
2023-06-16,1466.5,2.678,speculative_mom,bullish,speculative_mom,macro_fx,0.784,0.795,0.0,0.28,-0.0103,-0.0173,74.4,0.0163,0.0577,0.0999,0.0,15.4,-0.992,9.562,3.682,12.639,True
2023-06-20,1477.25,0.733,speculative_mom,bullish,speculative_mom,oil_energy,0.973,0.777,0.0,0.5,-0.0111,-0.0077,88.4,0.0161,0.0761,0.13,0.0,16.7,-0.992,0.389,0.762,-3.215,True
2023-06-21,1514.75,2.539,speculative_mom,bullish,speculative_mom,oil_energy,0.951,0.772,0.0,0.5,0.0336,-0.0144,89.9,0.0168,0.0825,0.1294,0.0,17.1,-0.992,0.389,0.215,-3.215,True
2023-06-22,1500.5,-0.941,speculative_mom,bullish,speculative_mom,oil_energy,0.967,0.768,0.0,0.473,0.0356,-0.012,83.7,0.0167,0.0809,0.1346,0.0,17.4,-0.4,4.099,-0.317,-3.765,True
2023-06-23,1494.5,-0.4,speculative_mom,bullish,speculative_mom,macro_fx,0.908,0.763,0.0,0.354,-0.0037,-0.0043,80.0,0.0166,0.0464,0.1284,0.0,17.7,1.773,3.53,-0.703,-3.765,False
2023-06-26,1521.0,1.773,speculative_mom,bullish,speculative_mom,oil_energy,1.0,0.744,0.0,0.379,0.0161,-0.0031,82.8,0.0168,0.0372,0.1488,0.0,19.2,-1.709,0.312,-1.907,-5.983,True
2023-06-27,1495.0,-1.709,speculative_mom,bullish,speculative_mom,oil_energy,0.808,0.738,0.0,0.1,-0.0413,0.0036,75.0,0.0171,0.012,0.118,0.0,19.7,-1.709,0.312,-0.234,-4.247,True
2023-06-28,1451.0,-2.943,speculative_mom,bearish,speculative_mom,oil_energy,0.802,0.731,0.0,0.34,-0.0309,0.006,64.1,0.0175,-0.0421,0.1192,0.0,20.2,-1.709,0.312,3.032,-4.247,True
2023-06-29,1483.0,2.205,speculative_mom,bearish,speculative_mom,macro_fx,0.921,0.725,0.0,0.2,-0.0091,0.0078,67.1,0.0171,-0.0117,0.141,0.0,20.6,-1.709,2.529,1.214,-5.512,True
2023-06-30,1557.25,5.007,speculative_mom,bullish,speculative_mom,macro_fx,1.0,0.718,0.0,0.166,-0.0261,0.0082,71.3,0.0185,0.042,0.1713,0.0,21.1,-1.709,2.529,-2.183,-5.512,True
2023-07-03,1562.0,0.305,speculative_mom,bullish,speculative_mom,macro_fx,0.962,0.721,0.0,0.083,0.004,0.0059,74.2,0.0185,0.027,0.1549,0.0,20.9,-0.944,-2.817,-2.977,-5.512,False
2023-07-05,1547.25,-0.944,speculative_mom,bullish,speculative_mom,oil_energy,0.892,0.722,0.0,0.116,0.038,0.0046,69.5,0.0181,0.0349,0.1461,0.0,20.8,-1.39,-3.328,-0.065,-13.734,False
2023-07-06,1525.75,-1.39,speculative_mom,bullish,speculative_mom,oil_energy,0.772,0.723,0.0,0.172,0.035,0.0047,67.6,0.018,0.0515,0.1275,0.0,20.8,-1.39,-2.736,0.41,-12.387,False
2023-07-07,1485.5,-2.638,oil_energy,bullish,oil_energy,speculative_mom,0.566,0.725,0.0,0.0,0.091,-0.0021,57.3,0.0186,0.0017,0.0917,0.0,20.7,-1.39,-2.736,0.084,-12.387,False
2023-07-10,1508.0,1.515,speculative_mom,bearish,speculative_mom,oil_energy,0.636,0.729,0.0,0.305,0.0493,-0.0091,55.5,0.0187,-0.0316,0.1062,0.0,20.4,0.829,-1.094,-4.128,-9.151,True
2023-07-11,1520.5,0.829,speculative_mom,bearish,speculative_mom,oil_energy,0.577,0.73,0.0,0.2,0.0711,-0.0156,55.7,0.0187,-0.0266,0.0966,0.0,20.3,-2.105,-1.677,-4.85,-11.115,False
2023-07-12,1488.5,-2.105,macro_fx,bullish,macro_fx,speculative_mom,0.681,0.731,0.0,0.327,0.0723,-0.0232,46.5,0.0192,-0.038,0.0843,0.0,20.2,1.982,0.84,-3.947,-8.666,True
2023-07-13,1518.0,1.982,macro_fx,bullish,macro_fx,oil_energy,0.734,0.733,0.0,0.2,0.1017,-0.0313,52.3,0.0183,-0.0051,0.0849,0.0,20.1,-1.466,0.346,-5.879,-10.03,True
2023-07-14,1495.75,-1.466,macro_fx,bullish,macro_fx,speculative_mom,0.783,0.705,0.0,0.0,0.0506,-0.0335,50.2,0.0187,0.0069,0.0774,0.0,20.0,-0.786,1.32,-3.46,-7.672,True
2023-07-17,1484.0,-0.786,macro_fx,bullish,macro_fx,speculative_mom,0.746,0.562,0.0,0.2,0.0327,-0.0323,45.2,0.0185,-0.0159,0.039,0.0,20.0,0.539,4.195,-4.683,-5.98,False
2023-07-18,1492.0,0.539,macro_fx,bullish,macro_fx,oil_energy,0.508,0.504,0.0,0.2,0.0256,-0.0228,49.6,0.0183,-0.0187,0.0174,0.0,20.0,-0.034,2.681,-4.155,-7.373,False
2023-07-27,1532.0,-0.922,macro_fx,bearish,macro_fx,oil_energy,0.518,0.609,0.0,0.0,0.0573,0.0183,60.4,0.0183,0.0247,0.0558,0.0,20.9,-0.922,-6.613,-12.745,-11.913,False
2023-07-28,1486.75,-2.954,oil_energy,bullish,oil_energy,macro_fx,0.41,0.454,0.0,0.2,0.0694,0.0134,45.7,0.0192,-0.0095,0.0025,0.0,21.0,-0.922,-6.613,-8.34,-11.913,False
2023-07-31,1445.75,-2.758,speculative_mom,bearish,speculative_mom,oil_energy,0.483,0.718,0.0,0.17,0.0816,0.0097,36.4,0.0193,-0.0509,-0.0716,0.0,20.3,-0.922,-6.613,-5.239,-11.913,False
2023-08-02,1429.75,-1.175,speculative_mom,bearish,speculative_mom,oil_energy,0.735,0.736,0.0,0.2,0.0095,0.0122,30.9,0.0187,-0.0753,-0.0759,0.0,19.8,-0.07,-1.993,-4.913,-6.015,False
2023-08-03,1428.75,-0.07,speculative_mom,bearish,speculative_mom,oil_energy,0.653,0.74,0.0,0.2,0.0241,0.0117,34.0,0.018,-0.0674,-0.0636,0.0,19.5,1.067,-2.642,-4.409,-6.194,True
2023-08-15,1323.25,-4.871,speculative_mom,bearish,speculative_mom,macro_fx,0.723,0.796,0.0,0.5,-0.0221,0.0117,11.5,0.016,-0.0747,-0.1131,0.0,15.3,-0.731,-2.265,2.796,-6.344,False
2023-08-16,1334.75,0.869,speculative_mom,bearish,speculative_mom,macro_fx,0.643,0.8,0.0,0.488,-0.0312,0.0134,15.6,0.0162,-0.0676,-0.1051,0.0,15.0,0.15,3.465,0.768,-2.566,False
2023-08-17,1336.75,0.15,speculative_mom,bearish,speculative_mom,macro_fx,0.578,0.803,0.0,0.394,-0.0305,0.0089,19.2,0.0161,-0.0533,-0.1059,0.0,14.8,1.945,4.376,0.954,-4.619,False
2023-08-21,1370.0,0.532,speculative_mom,bearish,speculative_mom,macro_fx,0.538,0.806,0.0,0.0,-0.0254,0.0079,33.7,0.0158,-0.0151,-0.1006,0.0,14.6,-1.35,0.821,-2.792,-7.099,True
2023-08-22,1351.5,-1.35,speculative_mom,bullish,speculative_mom,oil_energy,0.576,0.805,0.0,0.2,-0.0341,0.007,33.4,0.0158,0.0213,-0.1082,0.0,14.6,0.592,0.821,-1.147,-5.808,False
2023-08-23,1359.5,0.592,speculative_mom,bullish,speculative_mom,oil_energy,0.641,0.805,0.0,0.2,-0.0439,0.0016,35.8,0.0155,0.0185,-0.1208,0.0,14.6,0.46,-0.239,-1.159,-5.793,True
2023-08-24,1365.75,0.46,speculative_mom,bullish,speculative_mom,macro_fx,0.565,0.805,0.0,0.2,-0.024,0.0075,33.3,0.015,0.0217,-0.1085,0.0,14.6,1.117,-1.226,-1.867,-7.304,True
2023-09-05,1349.0,-0.535,oil_energy,bullish,oil_energy,speculative_mom,0.549,0.692,0.0,0.11,0.0966,0.008,58.3,0.0149,-0.0331,-0.0463,0.0,16.4,0.834,-0.389,-3.428,-3.873,True
2023-09-06,1360.25,0.834,oil_energy,bullish,oil_energy,speculative_mom,0.543,0.6,0.0,0.0,0.0966,0.0075,58.2,0.0151,-0.0157,-0.0488,0.0,16.2,-1.121,-1.47,-4.19,-3.621,False
2023-09-21,1293.75,-1.989,speculative_mom,bearish,speculative_mom,macro_fx,0.426,0.792,0.0,0.208,0.0089,0.0062,25.8,0.013,-0.0372,-0.0484,0.0,11.9,0.193,-1.295,-0.29,0.792,False
2023-09-25,1297.75,0.116,speculative_mom,bearish,speculative_mom,macro_fx,0.304,0.724,0.0,0.0,-0.0053,0.0056,30.3,0.0128,-0.0144,-0.0603,0.0,10.9,0.385,-1.907,-0.886,3.294,True
2023-09-27,1303.25,0.038,oil_energy,bullish,oil_energy,macro_fx,0.55,0.716,0.0,0.0,0.024,0.014,30.8,0.0094,-0.0127,-0.057,0.0,10.6,-0.211,-2.858,0.595,3.51,False
2023-09-29,1275.0,-1.961,speculative_mom,bearish,speculative_mom,macro_fx,0.322,0.744,0.0,0.198,0.0056,0.0096,20.1,0.0098,-0.0164,-0.0625,0.0,10.3,0.157,-0.275,2.137,4.588,False
2023-10-04,1273.0,0.02,oil_energy,bearish,oil_energy,speculative_mom,0.884,0.769,0.0,0.285,-0.0609,0.0075,15.7,0.0087,-0.0232,-0.0641,0.0,9.0,0.609,0.57,1.198,8.798,False
2023-10-05,1280.75,0.609,oil_energy,bearish,oil_energy,macro_fx,0.539,0.71,0.0,0.153,-0.0894,0.0009,22.3,0.0087,-0.0152,-0.0478,0.0,8.8,-1.152,0.429,-0.098,6.207,True
2023-10-06,1266.0,-1.152,oil_energy,bearish,oil_energy,speculative_mom,0.688,0.768,0.0,0.114,-0.1162,-0.0059,24.3,0.0087,-0.0071,-0.0619,0.0,8.5,-0.138,2.429,2.468,5.865,False
2023-10-09,1264.25,-0.138,oil_energy,bearish,oil_energy,speculative_mom,0.675,0.783,0.0,0.116,-0.0581,-0.0013,24.2,0.0084,-0.01,-0.0652,0.0,8.4,0.573,3.698,1.463,5.865,False
2023-10-11,1252.5,-1.494,oil_energy,bearish,oil_energy,speculative_mom,0.449,0.775,0.0,0.035,-0.06,-0.0101,28.2,0.0083,-0.0161,-0.0625,0.0,8.3,-1.494,3.972,3.094,8.317,True
2023-10-12,1290.0,2.994,macro_fx,bullish,macro_fx,oil_energy,0.477,0.69,0.0,0.2,-0.0708,-0.004,47.6,0.0103,0.0072,-0.04,0.0,8.2,-1.494,3.972,1.085,8.317,True
2023-10-13,1280.25,-0.756,oil_energy,bullish,oil_energy,speculative_mom,0.899,0.711,0.0,0.2,0.0412,-0.0014,43.7,0.0101,0.0113,-0.0448,0.0,8.2,0.469,1.172,3.691,3.866,False
2023-10-18,1311.0,1.099,speculative_mom,bullish,speculative_mom,oil_energy,0.588,0.89,0.0,0.356,0.0225,0.0046,53.3,0.0104,0.0467,-0.0068,0.0,8.3,0.343,-1.049,2.899,2.422,True
2023-10-23,1286.75,-1.19,oil_energy,bullish,oil_energy,macro_fx,0.58,0.567,0.0,0.2,0.0311,-0.0097,54.3,0.0105,0.0004,-0.0085,0.0,8.6,0.661,0.35,6.314,1.457,False
2023-10-30,1282.75,-1.118,oil_energy,bearish,oil_energy,macro_fx,0.586,0.567,0.0,0.2,-0.079,-0.0012,53.0,0.0103,-0.0031,0.0045,0.0,10.0,0.331,5.165,6.587,3.196,False
2023-10-31,1287.0,0.331,oil_energy,bearish,oil_energy,macro_fx,0.522,0.59,0.0,0.2,-0.0871,0.0047,60.0,0.0104,-0.0064,0.0112,0.0,10.3,0.33,3.166,7.012,1.593,False
2023-11-03,1327.5,1.802,macro_fx,bullish,macro_fx,oil_energy,0.686,0.726,0.0,0.0,-0.0571,-0.0142,63.0,0.0104,0.0233,0.0486,0.0,11.2,0.979,3.107,0.169,-0.038,False
2023-11-06,1340.5,0.979,speculative_mom,bullish,speculative_mom,macro_fx,0.568,0.827,0.0,0.15,-0.0287,-0.0129,63.5,0.0105,0.045,0.0603,0.0,12.9,0.615,3.32,0.448,-2.089,False
2023-11-07,1348.75,0.615,oil_energy,bearish,oil_energy,speculative_mom,0.655,0.82,0.0,0.16,-0.0955,-0.0096,62.1,0.0105,0.048,0.0608,0.0,13.5,0.019,0.853,-0.13,-3.003,False
2023-11-08,1349.0,0.019,speculative_mom,bullish,speculative_mom,oil_energy,0.562,0.812,0.0,0.149,-0.0848,-0.005,61.1,0.0105,0.0447,0.077,0.0,14.1,-1.575,-0.649,-0.463,-3.836,True
2023-11-13,1368.0,2.587,speculative_mom,bullish,speculative_mom,oil_energy,0.403,0.719,0.0,0.014,-0.0509,-0.0043,70.7,0.0112,0.0205,0.0636,0.0,16.2,0.433,3.281,-4.569,-1.519,False
2023-11-14,1368.75,0.055,macro_fx,bullish,macro_fx,speculative_mom,1.0,0.681,0.0,0.075,-0.0279,-0.0087,73.7,0.0112,0.0148,0.0555,0.0,16.6,1.187,-2.776,-5.352,-4.639,True
2023-11-16,1360.25,-1.787,oil_energy,bearish,oil_energy,speculative_mom,0.762,0.642,0.0,0.0,-0.0578,-0.0111,67.1,0.0119,0.0245,0.034,0.0,17.2,-1.47,-1.011,-4.135,-6.341,False
2023-11-17,1340.25,-1.47,oil_energy,bullish,oil_energy,macro_fx,0.641,0.564,0.0,0.0,0.0074,-0.0168,65.2,0.012,0.0051,0.0292,0.0,17.6,-1.47,0.504,-0.317,-5.279,True
2023-11-20,1367.25,2.015,macro_fx,bullish,macro_fx,speculative_mom,0.7,0.703,0.0,0.2,0.0246,-0.023,68.9,0.0124,-0.0005,0.0626,0.0,17.0,-1.47,0.504,-3.182,-5.279,True
2023-11-21,1377.25,0.731,macro_fx,bullish,macro_fx,speculative_mom,0.653,0.707,0.0,0.0,0.0078,-0.0214,69.7,0.0125,0.0062,0.0633,0.0,16.9,-1.47,-3.794,-5.064,-9.258,False
2023-11-22,1356.5,-1.507,macro_fx,bullish,macro_fx,speculative_mom,0.503,0.668,0.0,0.2,-0.0148,-0.0165,61.6,0.0125,-0.0206,0.053,0.0,16.7,-1.47,-3.794,-3.133,-9.258,False
2023-11-24,1330.75,-1.898,macro_fx,bullish,macro_fx,oil_energy,0.363,0.621,0.0,0.2,-0.0348,-0.0068,50.7,0.012,-0.0217,0.0401,0.0,16.3,-0.075,-1.897,-1.127,-6.707,False
2023-11-30,1342.75,-0.316,macro_fx,bearish,macro_fx,oil_energy,0.548,0.633,0.0,0.2,-0.0211,0.0003,53.6,0.0119,-0.0101,0.0399,0.0,15.4,-1.322,-0.503,-3.389,-8.602,True
2023-12-06,1295.5,-0.766,oil_energy,bearish,oil_energy,speculative_mom,0.629,0.786,0.0,0.179,-0.0732,0.0092,27.4,0.0121,-0.0382,-0.0395,0.0,13.3,1.254,1.563,0.753,-5.5,False
2023-12-07,1311.75,1.254,oil_energy,bearish,oil_energy,macro_fx,0.552,0.668,0.0,0.0,-0.0925,0.0077,37.2,0.0122,-0.0231,-0.0276,0.0,12.9,-0.591,1.163,-1.391,-5.508,True
2023-12-08,1304.0,-0.591,oil_energy,bearish,oil_energy,macro_fx,0.504,0.614,0.0,0.0,-0.0852,0.0121,39.8,0.0122,-0.0158,-0.0179,0.0,12.6,2.454,0.652,-2.301,-4.889,True
2023-12-11,1336.0,2.454,oil_energy,bearish,oil_energy,speculative_mom,0.36,0.702,0.0,0.0,-0.0611,0.0058,41.4,0.0128,0.0228,0.0019,0.0,12.1,-0.917,-2.077,-4.978,-8.458,False
2023-12-12,1323.75,-0.917,oil_energy,bearish,oil_energy,macro_fx,0.597,0.635,0.0,0.2,-0.0737,0.0058,35.5,0.0127,0.014,-0.0323,0.0,11.9,-1.228,-2.002,-4.665,-8.65,False
2023-12-13,1307.5,-1.228,macro_fx,bullish,macro_fx,oil_energy,0.738,0.668,0.0,0.2,-0.0489,-0.0074,36.4,0.0129,0.0093,-0.0447,0.0,11.7,0.497,-0.593,-4.417,-8.662,True
2023-12-14,1314.0,0.497,macro_fx,bullish,macro_fx,oil_energy,0.668,0.695,0.0,0.2,-0.0102,-0.0201,44.8,0.0129,0.0017,-0.0513,0.0,11.5,0.133,-0.057,-5.67,-7.249,False
2023-12-19,1312.5,-1.093,macro_fx,bullish,macro_fx,oil_energy,0.559,0.659,0.0,0.0,0.031,-0.0177,39.9,0.0125,-0.0085,-0.04,0.0,10.8,-0.324,-1.448,-6.19,-9.448,False
2023-12-20,1308.25,-0.324,macro_fx,bullish,macro_fx,speculative_mom,0.507,0.699,0.0,0.2,0.0407,-0.0162,39.9,0.0125,0.0006,-0.0501,0.0,10.6,-0.841,-2.618,-7.835,-8.561,False
2023-12-21,1297.25,-0.841,macro_fx,bullish,macro_fx,oil_energy,0.609,0.675,0.0,0.0,0.077,-0.0195,41.5,0.0125,-0.0127,-0.0437,0.0,10.5,0.193,-2.139,-5.396,-7.535,False
2024-01-02,1274.0,-1.508,macro_fx,bullish,macro_fx,oil_energy,0.667,0.666,0.0,0.043,-0.0517,-0.0021,27.9,0.0111,-0.0198,-0.0385,0.0,10.8,-0.353,-3.356,-2.649,-8.124,False
2024-01-03,1269.5,-0.353,oil_energy,bearish,oil_energy,speculative_mom,0.518,0.774,0.0,0.121,-0.0161,0.0061,29.5,0.0108,-0.0333,-0.0281,0.0,10.8,-0.591,-5.022,-3.663,-8.448,False
2024-01-08,1239.5,-0.82,oil_energy,bearish,oil_energy,speculative_mom,0.657,0.843,0.0,0.293,-0.0451,0.0121,22.3,0.0097,-0.0417,-0.0551,0.0,10.2,0.161,-2.098,-1.674,-6.353,False
2024-01-12,1205.75,-2.071,speculative_mom,bearish,speculative_mom,oil_energy,0.401,0.807,0.0,0.373,-0.0003,-0.0006,17.2,0.0095,-0.0352,-0.0778,0.0,9.5,1.783,2.861,-0.788,-6.179,False
2024-01-16,1227.25,1.783,macro_fx,bearish,macro_fx,speculative_mom,0.744,0.771,0.0,0.057,0.0029,0.0092,27.1,0.0103,-0.0099,-0.066,0.0,8.6,1.783,-0.346,-2.261,-7.598,True
2024-01-30,1218.75,2.051,oil_energy,bullish,oil_energy,speculative_mom,0.374,0.755,0.0,0.0,0.0601,0.0011,44.0,0.0104,-0.0167,-0.0578,0.0,6.1,0.287,-2.072,-4.759,-3.036,True
2024-02-02,1188.5,-1.226,macro_fx,bearish,macro_fx,oil_energy,0.664,0.759,0.0,0.0,-0.0374,0.0066,45.4,0.0105,-0.0172,-0.0582,0.0,5.7,0.652,-0.189,-4.417,-0.063,True
2024-02-08,1193.5,0.378,oil_energy,bearish,oil_energy,macro_fx,0.5,0.639,0.0,0.0,-0.0206,0.0073,43.9,0.0105,-0.0081,-0.0287,0.0,5.7,-0.838,-1.215,-4.231,1.934,False
2024-02-13,1186.25,-0.566,macro_fx,bearish,macro_fx,oil_energy,0.609,0.652,0.0,0.0,0.0773,0.01,33.1,0.0106,-0.011,-0.0334,0.0,6.1,-1.328,-4.489,-3.878,0.527,False
2024-03-14,1180.75,-0.085,macro_fx,bullish,macro_fx,speculative_mom,0.471,0.764,0.0,0.099,0.0398,-0.0042,74.9,0.0091,0.0205,0.0088,0.0,7.8,1.482,2.414,0.36,-1.8,False
2024-03-15,1198.25,1.482,speculative_mom,bullish,speculative_mom,oil_energy,0.339,0.787,0.0,0.165,0.0241,0.0006,78.2,0.0091,0.0237,0.031,0.0,7.9,-0.876,0.063,-1.398,-3.13,True
2024-03-20,1209.5,2.024,oil_energy,bullish,oil_energy,speculative_mom,0.368,0.803,0.0,0.207,0.0481,0.0052,80.4,0.0096,0.0235,0.042,0.0,7.6,-0.189,0.506,-4.155,-2.509,False
2024-03-22,1192.5,-1.609,macro_fx,bearish,macro_fx,speculative_mom,0.539,0.841,0.0,0.2,0.0114,0.016,66.6,0.0099,-0.0048,0.0525,0.0,7.5,-0.189,-3.135,-2.872,-0.846,False
2024-04-01,1185.75,-0.483,macro_fx,bearish,macro_fx,speculative_mom,0.515,0.778,0.0,0.2,0.0249,0.0156,57.7,0.0098,-0.0057,0.0374,0.0,7.1,-0.991,-1.771,-2.087,1.666,False
2024-04-10,1164.75,-0.83,macro_fx,bearish,macro_fx,oil_energy,0.911,0.665,0.0,0.008,0.0299,0.0022,29.6,0.0091,-0.0148,-0.0146,0.0,6.5,-0.472,-1.223,-0.773,6.997,False
2024-04-12,1174.0,1.272,macro_fx,bearish,macro_fx,oil_energy,0.614,0.621,0.0,0.0,0.0027,0.0172,41.4,0.0093,-0.0093,-0.0057,0.0,6.4,-1.342,-0.554,2.364,6.303,True
2024-04-15,1158.25,-1.342,macro_fx,bearish,macro_fx,speculative_mom,0.656,0.713,0.0,0.077,-0.0136,0.0201,26.2,0.0094,-0.0197,-0.0334,0.0,5.9,-1.144,0.669,6.605,6.152,True
2024-04-16,1145.0,-1.144,macro_fx,bearish,macro_fx,speculative_mom,0.606,0.759,0.0,0.091,-0.0178,0.0188,25.5,0.0096,-0.0251,-0.036,0.0,5.8,0.393,1.55,7.62,6.026,False
2024-04-17,1149.5,0.393,macro_fx,bearish,macro_fx,oil_energy,0.552,0.661,0.0,0.0,-0.0433,0.0174,30.1,0.0096,-0.0131,-0.0304,0.0,5.6,-1.327,0.87,5.502,5.241,True
2024-04-18,1134.25,-1.327,macro_fx,bearish,macro_fx,speculative_mom,0.608,0.768,0.0,0.068,-0.0293,0.0192,26.6,0.0099,-0.0216,-0.0622,0.0,5.4,1.433,2.336,5.158,6.238,False
2024-04-30,1145.5,-1.314,macro_fx,bearish,macro_fx,speculative_mom,0.518,0.699,0.0,0.0,-0.0146,0.0007,42.4,0.0092,-0.0188,-0.0243,0.0,6.8,0.895,4.48,7.922,2.772,False
2024-05-01,1155.75,0.895,oil_energy,bearish,oil_energy,macro_fx,0.622,0.613,0.0,0.0,-0.0465,-0.003,48.7,0.0094,-0.0088,-0.0224,0.0,7.0,0.895,4.261,7.83,2.92,False
2024-05-02,1190.0,2.963,oil_energy,bearish,oil_energy,macro_fx,0.421,0.8,0.0,0.0,-0.0529,-0.0037,55.3,0.0102,0.0234,0.0085,0.0,7.1,0.895,4.261,4.139,2.92,False
2024-05-03,1201.75,0.987,speculative_mom,bullish,speculative_mom,oil_energy,0.504,0.903,0.0,0.121,-0.0568,-0.0078,64.8,0.0104,0.0364,0.0141,0.0,7.3,0.895,-0.229,3.849,-3.661,True
2024-05-06,1234.75,2.746,speculative_mom,bullish,speculative_mom,oil_energy,0.84,0.881,0.0,0.338,-0.0609,-0.0052,76.9,0.0111,0.0638,0.0451,0.0,8.9,0.895,-0.229,-0.425,-3.661,True
2024-05-07,1232.25,-0.202,speculative_mom,bullish,speculative_mom,oil_energy,0.976,0.874,0.0,0.302,-0.0652,-0.005,75.1,0.0108,0.0757,0.0492,0.0,9.5,-1.582,-1.298,-1.481,-6.249,False
2024-05-08,1212.75,-1.582,speculative_mom,bullish,speculative_mom,oil_energy,0.638,0.867,0.0,0.229,-0.0441,-0.0003,73.2,0.0111,0.0493,0.0412,0.0,10.0,-1.582,1.257,-0.247,-4.308,True
2024-05-15,1213.5,1.209,macro_fx,bullish,macro_fx,speculative_mom,0.563,0.8,0.0,0.0,0.0019,-0.0067,63.7,0.0116,0.0006,0.0557,0.0,10.0,0.227,2.843,-1.112,-5.192,False
2024-05-20,1248.0,1.629,speculative_mom,bullish,speculative_mom,macro_fx,0.498,0.871,0.0,0.231,0.0068,-0.0063,75.7,0.012,0.0353,0.0749,0.0,9.6,-0.942,-3.065,-5.609,-5.729,False
2024-06-03,1184.5,-1.701,oil_energy,bearish,oil_energy,speculative_mom,0.663,0.868,0.0,0.17,-0.0432,-0.0076,43.3,0.012,-0.0509,-0.0144,0.0,9.9,-0.393,-2.241,-1.794,-9.502,False
2024-06-04,1179.0,-0.464,speculative_mom,bearish,speculative_mom,oil_energy,0.501,0.87,0.0,0.137,-0.0471,-0.0095,43.6,0.012,-0.0411,-0.0452,0.0,9.7,-0.148,0.891,-1.378,-6.828,False
2024-06-06,1200.0,1.932,oil_energy,bearish,oil_energy,macro_fx,0.438,0.595,0.0,0.0,-0.0536,-0.0049,45.0,0.0124,-0.0081,-0.0105,0.0,9.3,-1.729,-3.521,-4.125,-6.854,False
2024-06-07,1179.25,-1.729,macro_fx,bullish,macro_fx,oil_energy,0.674,0.709,0.0,0.0,-0.0467,-0.002,35.8,0.0128,-0.0214,-0.0113,0.0,9.1,0.763,-0.445,-1.675,-5.236,True
2024-06-10,1188.25,0.763,oil_energy,bearish,oil_energy,macro_fx,0.522,0.591,0.0,0.2,-0.0022,0.0041,31.4,0.0129,0.0032,-0.0139,0.0,9.1,-0.863,-2.777,-1.957,-6.501,False
2024-06-13,1189.5,1.041,oil_energy,bullish,oil_energy,macro_fx,0.542,0.598,0.0,0.0,0.0733,0.0105,34.0,0.0128,-0.0088,-0.0198,0.0,9.1,-0.82,-2.207,-1.282,-5.263,False
2024-06-18,1174.0,1.404,oil_energy,bullish,oil_energy,speculative_mom,0.58,0.75,0.0,0.0,0.08,0.0035,37.5,0.0111,-0.0034,-0.0593,0.0,8.8,-1.597,-2.002,-2.662,-12.947,False
2024-07-02,1165.0,0.474,mixed,neutral,macro_fx,oil_energy,0.162,0.612,0.0,0.2,0.0258,-0.0008,45.3,0.0108,0.0015,-0.0165,0.0,8.5,0.987,-2.618,-4.635,-15.901,True
2024-07-03,1176.5,0.987,macro_fx,bullish,macro_fx,speculative_mom,0.283,0.715,0.0,0.2,0.0276,-0.0007,49.7,0.0105,0.0118,-0.0021,0.0,8.3,1.02,-2.618,-5.142,-15.901,True
2024-07-05,1188.5,1.02,speculative_mom,bullish,speculative_mom,macro_fx,0.524,0.894,0.0,0.105,0.0288,-0.0069,49.7,0.0106,0.0315,0.0096,0.0,8.0,-1.199,-8.246,-9.34,-21.014,False
2024-07-08,1174.25,-1.199,speculative_mom,bullish,speculative_mom,macro_fx,0.369,0.809,0.0,0.2,0.0177,-0.0098,48.2,0.0106,0.0206,-0.0215,0.0,7.8,-1.086,-6.557,-10.177,-18.565,False
2024-07-09,1161.5,-1.086,macro_fx,bullish,macro_fx,oil_energy,0.284,0.63,0.0,0.2,-0.004,-0.0075,51.3,0.0107,0.0017,-0.0151,0.0,7.7,-1.743,-5.424,-11.558,-17.585,False
2024-07-10,1141.25,-1.743,macro_fx,bullish,macro_fx,speculative_mom,0.293,0.714,0.0,0.0,0.0069,-0.0077,39.0,0.0109,-0.0204,-0.0396,0.0,7.6,0.131,-3.855,-9.88,-15.619,False
2024-07-11,1142.75,0.131,macro_fx,bullish,macro_fx,speculative_mom,0.54,0.796,0.0,0.0,-0.0091,-0.0138,45.2,0.0107,-0.0287,-0.0299,0.0,7.5,-0.722,-2.188,-10.567,-17.633,False
2024-07-12,1134.5,-0.722,speculative_mom,bearish,speculative_mom,macro_fx,0.589,0.901,0.0,0.151,-0.0072,-0.0154,40.3,0.0106,-0.0454,-0.0363,0.0,7.4,-0.722,-1.498,-9.277,-16.086,False
2024-07-15,1078.0,-4.98,speculative_mom,bearish,speculative_mom,macro_fx,1.0,0.902,0.0,0.352,-0.0235,-0.0115,22.4,0.0137,-0.082,-0.0937,0.0,7.4,-0.722,-1.498,-3.131,-16.086,False
2024-07-16,1090.5,1.16,speculative_mom,bearish,speculative_mom,oil_energy,0.794,0.902,0.0,0.212,-0.0289,-0.0058,29.4,0.014,-0.0611,-0.0757,0.0,7.3,0.619,2.338,-5.685,-11.279,False
2024-07-19,1097.25,-0.114,oil_energy,bearish,oil_energy,speculative_mom,0.631,0.822,0.0,0.109,-0.024,-0.0062,34.6,0.0138,-0.0328,-0.0502,0.0,7.2,1.868,2.338,-6.311,-10.504,False
2024-07-22,1117.75,1.868,speculative_mom,bullish,speculative_mom,oil_energy,0.598,0.904,0.0,0.323,-0.0344,-0.0012,38.7,0.0138,0.0369,-0.0368,0.0,7.2,-0.022,-7.985,-9.461,-10.803,False
2024-07-23,1117.5,-0.022,oil_energy,bearish,oil_energy,speculative_mom,0.678,0.853,0.0,0.2,-0.0639,0.0035,36.8,0.0135,0.0248,-0.0491,0.0,7.2,-0.582,-8.546,-11.499,-9.978,False
2024-07-26,1077.5,-3.45,oil_energy,bearish,oil_energy,speculative_mom,0.55,0.788,0.0,0.105,-0.0687,0.0055,24.8,0.0147,-0.018,-0.0649,0.0,7.1,0.45,-6.429,-12.877,-11.358,True
2024-07-29,1054.75,-2.111,speculative_mom,bearish,speculative_mom,oil_energy,0.703,0.909,0.0,0.317,-0.0846,0.0037,23.5,0.0148,-0.0564,-0.0832,0.0,6.8,0.45,-6.429,-9.339,-11.358,True
2024-07-30,1027.25,-2.607,speculative_mom,bearish,speculative_mom,oil_energy,1.0,0.91,0.0,0.345,-0.0674,0.0014,22.7,0.0154,-0.0808,-0.1141,0.0,6.7,0.45,-6.429,-6.814,-11.358,True
2024-07-31,1028.5,0.122,speculative_mom,bearish,speculative_mom,oil_energy,0.922,0.911,0.0,0.347,-0.0234,-0.002,22.6,0.0152,-0.0743,-0.1172,0.0,6.6,-0.632,-6.429,-6.368,-3.597,False
2024-08-01,1022.0,-0.632,speculative_mom,bearish,speculative_mom,oil_energy,1.0,0.913,0.0,0.343,-0.0084,-0.0003,22.8,0.0148,-0.0842,-0.1313,0.0,6.6,0.709,-0.978,-7.901,-3.449,True
2024-08-02,1029.25,0.709,macro_fx,bullish,macro_fx,speculative_mom,1.0,0.914,0.0,0.149,-0.0525,-0.0113,34.5,0.0148,-0.0448,-0.134,0.0,6.5,1.457,-3.911,-7.505,-2.405,True
2024-08-05,1044.25,1.457,macro_fx,bullish,macro_fx,speculative_mom,0.659,0.913,0.0,0.0,-0.0682,-0.016,35.6,0.0151,-0.01,-0.1107,0.0,6.5,1.457,-6.177,-8.092,-3.663,True
2024-08-06,1028.5,-1.508,speculative_mom,bullish,speculative_mom,macro_fx,0.653,0.913,0.0,0.206,-0.0513,-0.0129,29.7,0.0149,0.0012,-0.1145,0.0,6.6,1.457,-6.177,-5.931,-3.663,True
2024-08-07,1020.25,-0.802,speculative_mom,bearish,speculative_mom,macro_fx,0.586,0.912,0.0,0.044,-0.0077,-0.013,27.8,0.0149,-0.008,-0.106,0.0,6.6,-1.029,-7.988,-6.052,-0.686,False
2024-08-08,1009.75,-1.029,speculative_mom,bearish,speculative_mom,macro_fx,0.655,0.912,0.0,0.072,0.0195,-0.0128,26.4,0.0149,-0.012,-0.1164,0.0,6.6,-1.029,-5.298,-3.565,0.223,False
2024-08-09,1028.0,1.807,speculative_mom,bearish,speculative_mom,macro_fx,0.49,0.905,0.0,0.09,-0.0137,-0.0092,25.5,0.0154,-0.0012,-0.0939,0.0,6.6,-1.029,-5.298,-4.475,0.223,False
2024-08-12,1012.0,-1.556,oil_energy,bullish,oil_energy,macro_fx,0.784,0.8,0.0,0.233,0.0491,-0.0123,23.5,0.0156,-0.0309,-0.0612,0.0,6.8,-2.273,-4.842,-1.482,2.989,False
2024-08-13,989.0,-2.273,macro_fx,bullish,macro_fx,oil_energy,0.525,0.896,0.0,0.294,0.0657,-0.0063,21.7,0.0158,-0.0384,-0.0931,0.0,6.9,-0.935,-4.828,1.719,6.496,False
2024-08-14,979.75,-0.935,speculative_mom,bearish,speculative_mom,oil_energy,0.578,0.908,0.0,0.352,0.0554,-0.0012,19.0,0.0157,-0.0397,-0.1071,0.0,6.9,-0.935,-2.832,2.909,6.252,False
2024-08-15,951.5,-2.883,speculative_mom,bearish,speculative_mom,oil_energy,0.76,0.907,0.0,0.394,0.0678,0.0001,19.9,0.0159,-0.0577,-0.1338,0.0,7.0,-0.935,-2.832,3.967,6.252,False
2024-08-16,938.75,-1.34,speculative_mom,bearish,speculative_mom,macro_fx,1.0,0.906,0.0,0.381,0.0189,-0.0072,20.9,0.0156,-0.0868,-0.1445,0.0,7.1,1.864,3.063,6.525,12.597,False
2024-08-19,956.25,1.864,speculative_mom,bearish,speculative_mom,oil_energy,0.825,0.911,0.0,0.184,-0.0239,-0.0128,31.3,0.0163,-0.0551,-0.1445,0.0,6.7,0.105,0.235,2.222,10.562,False
2024-08-20,957.25,0.105,speculative_mom,bearish,speculative_mom,macro_fx,0.811,0.912,0.0,0.107,-0.0364,-0.0165,31.2,0.0164,-0.0321,-0.1434,0.0,6.6,0.601,1.724,2.35,10.316,False
2024-08-21,963.0,0.601,macro_fx,bullish,macro_fx,oil_energy,0.782,0.914,0.0,0.0,-0.1015,-0.0204,34.4,0.0164,-0.0171,-0.1332,0.0,6.5,-2.259,1.973,2.96,8.619,True
2024-08-22,941.25,-2.259,speculative_mom,bearish,speculative_mom,oil_energy,0.887,0.915,0.0,0.033,-0.0682,-0.0102,28.3,0.0166,-0.0108,-0.1566,0.0,6.3,1.142,5.923,4.834,10.252,False
2024-08-23,952.0,1.142,macro_fx,bullish,macro_fx,speculative_mom,0.702,0.917,0.0,0.264,-0.0279,-0.018,26.8,0.0169,0.0141,-0.1165,0.0,6.2,0.814,5.672,5.515,8.613,False
2024-08-26,959.75,0.814,macro_fx,bullish,macro_fx,oil_energy,0.77,0.871,0.0,0.2,-0.0095,-0.0207,32.0,0.0149,0.0037,-0.0901,0.0,6.3,0.808,5.053,4.819,5.887,False
2024-08-27,967.5,0.808,macro_fx,bullish,macro_fx,oil_energy,0.683,0.74,0.0,0.2,-0.0146,-0.0186,36.1,0.0148,0.0107,-0.0582,0.0,6.3,-0.93,2.248,4.806,5.452,True
2024-08-29,973.75,1.591,speculative_mom,bullish,speculative_mom,oil_energy,0.562,0.915,0.0,0.315,0.0253,-0.001,35.4,0.0151,0.0345,-0.0472,0.0,6.3,0.847,0.385,3.928,3.261,True
2024-08-30,982.0,0.847,oil_energy,bullish,oil_energy,speculative_mom,0.557,0.915,0.0,0.305,0.0225,0.0065,41.6,0.0153,0.0315,-0.0459,0.0,6.4,1.527,-0.229,5.83,1.426,True
2024-09-03,997.0,1.527,oil_energy,bearish,oil_energy,speculative_mom,0.776,0.916,0.0,0.329,-0.0366,0.0032,52.4,0.0151,0.0388,-0.0452,0.0,6.3,0.903,-0.552,4.539,-0.602,True
2024-09-04,1006.0,0.903,speculative_mom,bullish,speculative_mom,oil_energy,0.622,0.916,0.0,0.333,-0.0752,0.0064,57.7,0.0153,0.0398,-0.0219,0.0,6.3,0.224,-1.914,4.697,-2.584,True
2024-09-05,1008.25,0.224,oil_energy,bearish,oil_energy,speculative_mom,0.799,0.917,0.0,0.373,-0.1068,0.0026,69.7,0.0153,0.0519,-0.0118,0.0,6.2,-1.884,-0.372,3.248,-1.934,True
2024-09-06,989.25,-1.884,oil_energy,bearish,oil_energy,speculative_mom,0.771,0.777,0.0,0.2,-0.1041,0.0063,66.8,0.0155,0.0159,-0.0203,0.0,6.2,1.087,1.693,7.733,-1.934,False
2024-09-09,1000.0,1.087,oil_energy,bearish,oil_energy,macro_fx,0.566,0.798,0.0,0.2,-0.078,0.0046,65.3,0.0146,0.0183,-0.0272,0.0,6.1,-2.25,1.4,5.7,-1.9,True
2024-09-10,977.5,-2.25,oil_energy,bearish,oil_energy,speculative_mom,0.988,0.708,0.0,0.0,-0.1338,0.0029,56.1,0.0147,-0.0196,-0.0341,0.0,6.1,0.23,3.657,8.159,1.458,False
2024-09-11,979.75,0.23,oil_energy,bearish,oil_energy,speculative_mom,0.602,0.766,0.0,0.0,-0.0848,-0.0002,55.2,0.014,-0.0261,-0.0094,0.0,6.0,1.199,3.292,7.783,1.812,False
2024-09-16,1004.5,1.799,speculative_mom,bullish,speculative_mom,oil_energy,0.638,0.919,0.0,0.0,0.0136,-0.0035,64.4,0.0146,0.0045,0.07,0.0,6.1,0.149,4.853,2.937,-3.036,False
2024-09-17,1006.0,0.149,speculative_mom,bullish,speculative_mom,oil_energy,0.511,0.918,0.0,0.0,0.052,-0.0029,62.9,0.0143,0.0292,0.052,0.0,6.1,0.795,3.479,1.019,-4.051,False
2024-09-18,1014.0,0.795,speculative_mom,bullish,speculative_mom,macro_fx,0.556,0.917,0.0,0.117,0.032,-0.0094,68.8,0.0141,0.035,0.0593,0.0,6.2,-0.074,5.104,0.616,-3.698,False
2024-09-19,1013.25,-0.074,oil_energy,bullish,oil_energy,speculative_mom,0.763,0.917,0.0,0.0,0.0943,-0.01,64.8,0.014,0.0219,0.0522,0.0,6.2,-0.123,4.318,0.148,-3.035,False
2024-09-20,1012.0,-0.123,speculative_mom,bullish,speculative_mom,oil_energy,0.651,0.916,0.0,0.0,0.0685,-0.0094,61.9,0.0139,0.0256,0.0752,0.0,6.3,-0.123,4.471,-0.642,-2.915,False
2024-09-23,1039.25,2.693,speculative_mom,bullish,speculative_mom,oil_energy,0.751,0.909,0.0,0.115,0.0203,-0.0044,65.2,0.0144,0.0346,0.0916,0.0,6.8,-0.123,4.471,-4.162,-2.915,False
2024-09-24,1042.25,0.289,speculative_mom,bullish,speculative_mom,macro_fx,0.704,0.907,0.0,0.12,0.0424,-0.0073,63.7,0.0141,0.036,0.086,0.0,7.0,1.055,0.36,-4.917,-4.653,True
2024-09-25,1053.25,1.055,speculative_mom,bullish,speculative_mom,macro_fx,0.712,0.904,0.0,0.129,-0.0057,0.0016,65.9,0.0134,0.0387,0.0886,0.0,7.2,-1.163,-1.472,-6.955,-5.578,False
2024-09-26,1041.0,-1.163,speculative_mom,bullish,speculative_mom,oil_energy,0.686,0.902,0.0,0.0,-0.0494,-0.0033,69.2,0.0135,0.0274,0.0861,0.0,7.4,2.378,-0.672,-5.019,-5.578,True
2024-09-27,1065.75,2.378,speculative_mom,bullish,speculative_mom,oil_energy,0.737,0.9,0.0,0.219,-0.0385,-0.0018,72.1,0.0127,0.0531,0.0945,0.0,7.5,-0.821,-4.645,-8.984,-4.598,False
2024-09-30,1057.0,-0.821,speculative_mom,bullish,speculative_mom,macro_fx,0.607,0.886,0.0,0.189,-0.0525,0.0017,79.4,0.0125,0.0171,0.0764,0.0,8.5,0.024,-3.477,-7.19,-4.281,False
2024-10-01,1057.25,0.024,speculative_mom,bullish,speculative_mom,oil_energy,0.501,0.882,0.0,0.183,-0.0291,0.0047,79.1,0.0122,0.0144,0.0604,0.0,8.8,-0.118,-4.02,-6.195,-5.084,False
2024-10-03,1046.0,-0.947,oil_energy,bullish,oil_energy,macro_fx,0.91,0.773,0.0,0.064,0.03,0.0161,73.2,0.0125,0.0048,0.0374,0.0,9.5,-0.789,-4.78,-4.756,-5.76,False
2024-10-04,1037.75,-0.789,macro_fx,bearish,macro_fx,oil_energy,0.669,0.815,0.0,0.2,0.0673,0.0159,64.1,0.0117,-0.0263,0.049,0.0,9.8,-0.361,-4.505,-4.818,-3.782,False
2024-10-07,1034.0,-0.361,oil_energy,bullish,oil_energy,macro_fx,1.0,0.746,0.0,0.2,0.1399,0.0197,61.6,0.0117,-0.0218,0.034,0.0,10.2,-1.717,-5.222,-5.803,-2.345,False
2024-10-08,1016.25,-1.717,macro_fx,bearish,macro_fx,oil_energy,0.857,0.828,0.0,0.329,0.0791,0.0212,50.9,0.0122,-0.0388,0.0396,0.0,10.3,0.394,-2.706,-5.018,-1.747,True
2024-10-09,1020.25,0.394,macro_fx,bearish,macro_fx,oil_energy,0.847,0.783,0.0,0.313,0.0744,0.0213,52.6,0.0121,-0.0339,0.0413,0.0,10.4,-0.539,-2.706,-4.288,-2.916,False
2024-10-10,1014.75,-0.539,macro_fx,bearish,macro_fx,oil_energy,0.701,0.746,0.0,0.2,0.0862,0.0178,51.0,0.012,-0.0299,0.0234,0.0,10.5,-0.912,-3.326,-3.178,-3.646,False
2024-10-11,1005.5,-0.912,oil_energy,bullish,oil_energy,macro_fx,0.591,0.753,0.0,0.304,0.0779,0.0119,35.9,0.0119,-0.0311,0.019,0.0,10.6,-0.945,-1.367,-2.287,-2.188,False
2024-10-14,996.0,-0.945,macro_fx,bearish,macro_fx,speculative_mom,0.506,0.803,0.0,0.123,0.0016,0.0128,31.7,0.012,-0.0368,-0.0085,0.0,10.5,-0.502,0.151,-0.879,-1.029,True
2024-10-15,991.0,-0.502,oil_energy,bearish,oil_energy,macro_fx,0.755,0.701,0.0,0.118,-0.0511,0.0072,24.1,0.0117,-0.0248,-0.0149,0.0,10.4,-1.11,0.53,0.277,-0.757,True
2024-10-16,980.0,-1.11,oil_energy,bearish,oil_energy,speculative_mom,0.621,0.823,0.0,0.244,-0.0875,0.0102,24.4,0.0117,-0.0395,-0.0335,0.0,10.3,0.893,0.791,1.48,0.893,False
2024-10-18,970.0,-1.896,speculative_mom,bearish,speculative_mom,oil_energy,0.384,0.787,0.0,0.418,-0.0549,0.0054,11.5,0.0118,-0.0353,-0.0415,0.0,10.2,0.893,-1.492,4.82,0.076,True
2024-10-25,987.75,-0.853,oil_energy,bullish,oil_energy,speculative_mom,0.405,0.762,0.0,0.2,0.0197,0.0065,31.8,0.0112,0.0183,-0.0732,0.0,10.1,-1.392,0.607,1.088,0.228,True
2024-10-28,974.0,-1.392,oil_energy,bearish,oil_energy,speculative_mom,1.0,0.775,0.0,0.0,-0.0466,0.0047,32.8,0.0109,-0.0071,-0.0785,0.0,10.7,-0.898,2.105,3.67,2.13,True
2024-11-01,982.5,0.0,macro_fx,bullish,macro_fx,speculative_mom,0.276,0.654,0.0,0.0,-0.0181,-0.0014,44.4,0.0112,-0.0053,-0.0532,0.0,11.5,0.483,2.137,0.102,-0.051,False
2024-11-04,987.25,0.483,oil_energy,bullish,oil_energy,macro_fx,0.501,0.669,0.0,0.2,0.0182,-0.0016,48.4,0.01,0.0136,-0.0452,0.0,11.7,0.658,1.722,-0.152,-1.064,False
2024-11-06,994.5,0.075,macro_fx,bearish,macro_fx,oil_energy,1.0,0.708,0.0,0.2,0.064,0.0074,52.7,0.0098,0.0184,-0.0252,0.0,11.7,0.075,0.402,-0.578,-3.167,False
2024-11-07,1015.5,2.112,oil_energy,bullish,oil_energy,macro_fx,0.589,0.837,0.0,0.126,0.0766,0.0022,70.7,0.0105,0.0336,0.0007,0.0,11.8,0.075,0.402,-2.56,-3.167,False
2024-11-08,1016.75,0.123,speculative_mom,bullish,speculative_mom,oil_energy,0.51,0.842,0.0,0.116,0.0258,0.0097,67.8,0.0094,0.0349,0.0112,0.0,11.8,-0.492,-1.795,-3.098,-4.647,False
2024-11-11,1011.75,-0.492,oil_energy,bearish,oil_energy,macro_fx,0.581,0.76,0.0,0.0,-0.0176,0.015,60.6,0.0094,0.0248,0.0158,0.0,12.2,-0.815,-2.1,-1.977,-3.608,False
2024-11-12,1003.5,-0.815,macro_fx,bearish,macro_fx,speculative_mom,0.612,0.639,0.0,0.0,-0.0197,0.0167,53.1,0.0094,0.0098,0.0126,0.0,12.3,0.075,-2.566,-1.968,-1.545,False
2024-11-13,1004.25,0.075,macro_fx,bearish,macro_fx,oil_energy,0.902,0.688,0.0,0.0,-0.0425,0.0249,54.1,0.0095,0.0098,0.0247,0.0,12.5,-1.842,-2.066,-1.046,-2.415,False
2024-11-14,985.75,-1.842,macro_fx,bearish,macro_fx,oil_energy,1.0,0.702,0.0,0.0,-0.0457,0.0314,49.1,0.0098,-0.0293,-0.003,0.0,12.6,1.293,0.0,0.812,-0.38,True
2024-11-15,998.5,1.293,macro_fx,bearish,macro_fx,oil_energy,0.525,0.707,0.0,0.2,-0.0651,0.0152,61.6,0.0101,-0.0179,0.0294,0.0,12.7,1.127,-1.502,-0.851,-0.025,True
2024-11-18,1009.75,1.127,macro_fx,bearish,macro_fx,oil_energy,0.579,0.71,0.0,0.212,-0.0442,0.0169,70.6,0.0104,-0.002,0.0293,0.0,12.6,-1.114,-2.08,-1.486,-1.015,False
2024-11-19,998.5,-1.114,macro_fx,bearish,macro_fx,speculative_mom,0.387,0.616,0.0,0.2,-0.0141,0.0115,60.2,0.0101,-0.005,0.0068,0.0,12.5,-0.801,-0.901,-0.3,-1.753,False
2024-11-20,990.5,-0.801,macro_fx,bearish,macro_fx,oil_energy,0.401,0.567,0.0,0.0,0.0122,0.0108,53.6,0.0102,-0.0137,-0.007,0.0,12.5,-1.287,-0.53,0.53,0.202,True
2024-11-21,977.75,-1.287,oil_energy,bullish,oil_energy,macro_fx,0.323,0.52,0.0,0.0,0.0291,0.009,48.1,0.0104,-0.0081,-0.0186,0.0,12.5,0.588,1.432,1.074,1.483,False
2024-11-22,983.5,0.588,macro_fx,bearish,macro_fx,oil_energy,0.437,0.579,0.0,0.0,0.0411,0.0095,48.5,0.0103,-0.015,-0.0043,0.0,12.4,0.229,0.025,-0.153,0.407,True
2024-11-25,985.75,0.229,macro_fx,bearish,macro_fx,oil_energy,0.588,0.658,0.0,0.2,0.0035,0.0014,46.7,0.0102,-0.0238,0.0121,0.0,12.1,-0.228,0.812,-0.913,0.659,True
2024-11-27,988.75,0.534,macro_fx,bullish,macro_fx,speculative_mom,0.814,0.655,0.0,0.2,-0.0064,-0.0019,37.3,0.01,-0.0018,0.0125,0.0,11.9,0.076,0.126,-2.604,3.05,False
2024-12-02,985.25,-0.43,macro_fx,bullish,macro_fx,speculative_mom,0.601,0.617,0.0,0.0,-0.0112,-0.0022,37.3,0.0093,0.0018,0.0028,0.0,11.8,0.66,1.04,-1.599,5.836,False
2024-12-05,993.75,1.017,macro_fx,bullish,macro_fx,speculative_mom,0.552,0.602,0.0,0.2,-0.0093,-0.0104,54.0,0.0091,0.0051,-0.0008,0.0,11.8,0.0,-1.182,-1.384,5.108,False
2024-12-18,951.75,-2.56,macro_fx,bearish,macro_fx,speculative_mom,0.93,0.843,0.0,0.192,0.0323,0.0177,27.7,0.0095,-0.0439,-0.0468,0.0,11.6,-0.535,0.333,6.488,6.68,True
2024-12-19,963.0,1.182,macro_fx,bearish,macro_fx,speculative_mom,0.644,0.747,0.0,0.11,0.0192,0.0189,35.8,0.0098,-0.0329,-0.0278,0.0,11.5,1.194,3.66,8.152,11.63,False
2024-12-20,974.5,1.194,macro_fx,bearish,macro_fx,speculative_mom,0.702,0.595,0.0,0.0,-0.0118,0.0085,44.7,0.0092,-0.0139,-0.0033,0.0,11.4,-0.513,2.565,7.029,11.63,True
2024-12-26,988.0,1.307,speculative_mom,bullish,speculative_mom,macro_fx,0.561,0.835,0.0,0.127,-0.0154,0.0119,47.1,0.0095,0.0381,0.0046,0.0,12.4,-0.81,0.43,4.656,6.225,True
2024-12-31,998.25,1.655,speculative_mom,bullish,speculative_mom,macro_fx,0.446,0.785,0.0,0.0,0.0259,0.0007,51.5,0.0092,0.0297,0.0132,0.0,13.4,0.125,1.528,6.737,3.181,False
2025-01-02,999.5,0.125,macro_fx,bearish,macro_fx,oil_energy,0.746,0.736,0.0,0.0,0.0528,0.0164,51.7,0.009,0.0249,0.0078,0.0,13.9,-1.851,1.528,5.628,3.652,True
2025-01-03,981.0,-1.851,oil_energy,bullish,oil_energy,macro_fx,0.536,0.557,0.0,0.0,0.0682,0.0084,44.6,0.0094,-0.0071,-0.0028,0.0,14.1,1.172,6.32,6.524,5.861,False
2025-01-06,992.5,1.172,macro_fx,bullish,macro_fx,oil_energy,0.612,0.632,0.0,0.2,0.0494,0.0,51.5,0.0095,0.0128,-0.0013,0.0,13.9,-0.025,5.063,5.29,3.955,False
2025-01-07,992.25,-0.025,oil_energy,bullish,oil_energy,macro_fx,0.514,0.611,0.0,0.2,0.0665,0.0038,53.8,0.0092,0.0104,-0.0015,0.0,13.8,-0.479,5.063,6.878,5.367,True
2025-01-10,1013.5,2.142,oil_energy,bullish,oil_energy,speculative_mom,0.666,0.806,0.0,0.119,0.0676,0.0107,70.4,0.01,0.0331,0.0181,0.0,13.6,2.142,4.193,4.415,1.751,False
2025-01-13,1041.5,2.763,speculative_mom,bullish,speculative_mom,oil_energy,0.685,0.801,0.0,0.243,0.0778,0.0052,73.9,0.0111,0.0494,0.0459,0.0,15.0,2.142,4.193,3.217,1.751,False
2025-01-14,1043.0,0.144,speculative_mom,bullish,speculative_mom,macro_fx,0.699,0.794,0.0,0.309,0.0479,0.0029,76.9,0.0111,0.0511,0.0554,0.0,15.4,-0.024,1.222,1.342,-1.942,False
2025-01-15,1042.75,-0.024,speculative_mom,bullish,speculative_mom,oil_energy,0.752,0.788,0.0,0.302,0.0881,0.0077,75.8,0.011,0.0559,0.0619,0.0,15.9,-0.024,0.216,1.702,-2.997,False
2025-01-16,1019.0,-2.278,oil_energy,bullish,oil_energy,speculative_mom,0.435,0.713,0.0,0.0,0.0597,0.0039,60.9,0.0119,0.027,0.0433,0.0,16.3,-0.024,0.216,2.993,-2.997,False
2025-01-17,1034.0,1.472,speculative_mom,bullish,speculative_mom,oil_energy,0.672,0.776,0.0,0.0,0.0622,0.0024,68.1,0.012,0.0202,0.0864,0.0,16.8,-0.024,2.563,1.499,-4.836,False
2025-01-21,1067.25,3.216,macro_fx,bullish,macro_fx,speculative_mom,1.0,0.775,0.0,0.073,0.0267,-0.0103,73.6,0.0132,0.0247,0.1083,0.0,16.9,-0.024,2.563,-2.225,-4.836,False
2025-01-22,1056.0,-1.054,speculative_mom,bullish,speculative_mom,macro_fx,0.636,0.775,0.0,0.0,-0.0148,-0.0135,66.5,0.0134,0.0125,0.0836,0.0,16.9,0.9,-1.326,-2.675,-3.977,True
2025-01-23,1065.5,0.9,speculative_mom,bullish,speculative_mom,macro_fx,0.726,0.775,0.0,0.0,-0.0533,-0.0174,68.0,0.0134,0.0218,0.099,0.0,16.9,-0.915,-0.68,-3.332,-5.185,False
2025-01-24,1055.75,-0.915,macro_fx,bullish,macro_fx,speculative_mom,0.671,0.774,0.0,0.148,-0.0366,-0.0167,71.4,0.0135,0.0361,0.0825,0.0,16.9,-1.018,1.823,-1.871,-5.304,True
2025-01-27,1045.0,-1.018,oil_energy,bearish,oil_energy,macro_fx,0.665,0.746,0.0,0.0,-0.0858,-0.016,65.1,0.0137,0.0106,0.0577,0.0,16.6,0.0,1.823,-0.622,-4.522,False
2025-01-28,1045.0,0.0,speculative_mom,bearish,speculative_mom,oil_energy,0.501,0.779,0.0,0.2,-0.0624,-0.01,65.2,0.0137,-0.0208,0.0663,0.0,16.6,1.483,1.483,-1.268,-5.502,False
2025-01-29,1060.5,1.483,speculative_mom,bullish,speculative_mom,oil_energy,0.581,0.78,0.0,0.0,-0.0675,-0.0123,69.8,0.0138,0.0043,0.0799,0.0,16.5,-1.556,-1.037,-1.414,-6.011,False
2025-02-03,1058.25,1.56,speculative_mom,bullish,speculative_mom,macro_fx,0.562,0.789,0.0,0.0,-0.0196,0.0087,55.1,0.0132,0.0127,0.0787,0.0,15.8,1.583,-2.882,-2.551,-4.3,True
2025-02-04,1075.0,1.583,macro_fx,bearish,macro_fx,speculative_mom,0.865,0.791,0.0,0.0,-0.0263,0.0048,58.9,0.0133,0.0287,0.0831,0.0,15.7,1.583,-4.186,-4.698,-6.209,True
2025-02-06,1060.5,0.331,speculative_mom,bullish,speculative_mom,oil_energy,0.517,0.795,0.0,0.0,-0.0428,-0.0017,61.7,0.0137,0.0158,0.0739,0.0,15.4,-1.037,-2.074,-4.62,-4.785,False
2025-02-13,1030.0,0.219,macro_fx,bullish,macro_fx,speculative_mom,0.533,0.704,0.0,0.0,-0.0194,-0.006,40.4,0.0138,-0.0288,-0.0122,0.0,13.6,0.583,0.121,-1.917,-0.68,True
2025-02-14,1036.0,0.583,macro_fx,bullish,macro_fx,speculative_mom,0.624,0.595,0.0,0.2,-0.0041,-0.0094,46.5,0.0138,-0.0129,0.0167,0.0,13.3,0.241,-1.11,-3.499,-2.051,True
2025-02-20,1045.5,1.333,macro_fx,bullish,macro_fx,speculative_mom,0.697,0.657,0.0,0.2,0.0035,-0.0183,50.6,0.0134,0.0173,-0.0099,0.0,12.8,-0.574,-4.519,-4.663,-0.218,False
2025-02-21,1039.5,-0.574,oil_energy,bearish,oil_energy,macro_fx,0.555,0.59,0.0,0.2,-0.0398,-0.0125,49.0,0.0134,0.0092,-0.0244,0.0,12.8,-1.01,-5.339,-3.872,-0.218,False
2025-02-27,1022.75,-0.171,macro_fx,bearish,macro_fx,oil_energy,0.667,0.655,0.0,0.014,-0.0209,0.0018,29.3,0.012,-0.0218,-0.0356,0.0,13.3,-1.1,-2.249,-0.953,0.611,False
2025-03-03,998.25,-1.31,macro_fx,bearish,macro_fx,oil_energy,0.708,0.729,0.0,0.089,-0.0579,0.0039,25.5,0.0117,-0.0299,-0.042,0.0,12.9,-1.427,-1.077,0.902,4.358,False
2025-03-04,984.0,-1.427,macro_fx,bullish,macro_fx,speculative_mom,0.825,0.83,0.0,0.279,-0.0304,-0.0082,23.7,0.0116,-0.0458,-0.0702,0.0,12.7,1.397,1.296,1.804,5.285,False
2025-03-05,997.75,1.397,oil_energy,bearish,oil_energy,speculative_mom,0.522,0.761,0.0,0.0,-0.0621,-0.0081,36.5,0.0102,-0.0261,-0.0719,0.0,12.6,1.629,0.15,0.326,4.109,True
2025-03-06,1014.0,1.629,macro_fx,bullish,macro_fx,oil_energy,1.0,0.634,0.0,0.0,-0.0373,-0.0212,43.6,0.0106,-0.0086,-0.0407,0.0,12.4,-0.37,0.148,0.271,2.219,True
2025-03-07,1010.25,-0.37,macro_fx,bullish,macro_fx,speculative_mom,0.872,0.664,0.0,0.0,-0.023,-0.0242,39.5,0.0104,-0.0012,-0.0474,0.0,12.2,-1.039,0.247,1.262,1.905,True
2025-03-10,999.75,-1.039,macro_fx,bullish,macro_fx,oil_energy,1.0,0.662,0.0,0.2,-0.0614,-0.0311,35.2,0.0104,0.0015,-0.0474,0.0,12.4,-0.2,0.85,1.5,3.526,True
2025-03-11,997.75,-0.2,macro_fx,bullish,macro_fx,oil_energy,1.0,0.669,0.0,0.2,-0.0503,-0.0388,36.5,0.0103,0.014,-0.0493,0.0,12.4,-1.027,1.528,3.658,4.26,True
2025-03-12,987.5,-1.027,macro_fx,bullish,macro_fx,oil_energy,0.983,0.685,0.0,0.073,-0.0101,-0.0294,26.3,0.0104,-0.0103,-0.0537,0.0,12.5,0.937,2.253,4.253,6.633,False
2025-03-13,996.75,0.937,macro_fx,bullish,macro_fx,oil_energy,0.598,0.62,0.0,0.0,-0.0251,-0.0181,33.0,0.0102,-0.017,-0.0302,0.0,12.5,0.251,1.053,1.48,5.317,False
2025-03-14,999.25,0.251,macro_fx,bullish,macro_fx,oil_energy,0.628,0.586,0.0,0.0,0.0131,-0.0191,37.4,0.0099,-0.0109,-0.0299,0.0,12.6,1.626,0.25,-2.227,5.279,True
2025-03-31,1014.75,-0.806,oil_energy,bullish,oil_energy,speculative_mom,0.577,0.632,0.0,0.0,0.0472,0.0035,59.2,0.0091,0.0074,0.0165,0.0,11.2,1.922,-0.197,1.996,5.174,True
2025-04-01,1034.25,1.922,speculative_mom,bullish,speculative_mom,oil_energy,0.447,0.813,0.0,0.168,0.0428,0.0016,73.0,0.0098,0.0324,0.0511,0.0,11.4,-0.459,-0.508,0.58,3.167,False
2025-04-02,1029.5,-0.459,speculative_mom,bullish,speculative_mom,macro_fx,0.393,0.774,0.0,0.0,0.0376,-0.0043,66.8,0.0097,0.0285,0.0318,0.0,11.6,-0.459,1.287,2.283,2.113,True
2025-04-03,1011.5,-1.748,macro_fx,bullish,macro_fx,oil_energy,1.0,0.545,0.0,0.0,-0.0297,-0.0203,55.4,0.0099,-0.0052,-0.0025,0.0,11.8,-0.459,1.287,3.782,2.113,True
2025-04-04,977.0,-3.411,oil_energy,bearish,oil_energy,macro_fx,1.0,0.84,0.0,0.15,-0.11,-0.0146,35.3,0.0116,-0.045,-0.0329,0.0,12.0,-0.459,1.287,7.677,2.113,True
2025-04-07,983.0,0.614,oil_energy,bearish,oil_energy,speculative_mom,0.969,0.749,0.0,0.104,-0.1319,-0.0078,38.9,0.0116,-0.0313,-0.0168,0.0,11.6,0.992,5.671,5.9,7.121,False
2025-04-08,992.75,0.992,oil_energy,bearish,oil_energy,speculative_mom,1.0,0.823,0.0,0.134,-0.141,-0.0104,44.4,0.0117,-0.0401,-0.005,0.0,11.5,2.015,4.407,4.231,7.051,False
2025-04-09,1012.75,2.015,oil_energy,bearish,oil_energy,macro_fx,0.902,0.67,0.0,0.2,-0.1277,-0.0126,49.9,0.0123,-0.0163,0.0256,0.0,11.4,1.605,1.654,2.715,5.406,False
2025-04-10,1029.0,1.605,macro_fx,bullish,macro_fx,oil_energy,1.0,0.699,0.0,0.0,-0.1563,-0.0325,55.7,0.0127,0.0173,0.0324,0.0,11.3,1.336,0.583,1.919,3.037,True
2025-04-11,1042.75,1.336,macro_fx,bullish,macro_fx,oil_energy,1.0,0.851,0.0,0.2,-0.1424,-0.0388,59.9,0.0127,0.0673,0.0435,0.0,11.2,-0.096,-0.24,-0.456,1.894,False
2025-04-14,1041.75,-0.096,speculative_mom,bullish,speculative_mom,macro_fx,0.763,0.828,0.0,0.199,-0.081,-0.0238,61.5,0.0124,0.0598,0.0258,0.0,12.9,-0.552,1.08,-0.672,0.648,True
2025-04-15,1036.0,-0.552,macro_fx,bullish,macro_fx,speculative_mom,0.809,0.821,0.0,0.145,-0.0106,-0.0272,59.7,0.0121,0.0436,0.023,0.0,13.4,0.265,1.327,-0.531,1.52,False
2025-04-16,1038.75,0.265,macro_fx,bullish,macro_fx,oil_energy,1.0,0.703,0.0,0.0,0.0292,-0.0376,56.6,0.0119,0.0257,0.0303,0.0,14.0,-0.217,1.276,-0.193,0.289,True
2025-04-17,1036.5,-0.217,macro_fx,bullish,macro_fx,oil_energy,1.0,0.612,0.0,0.0,0.0856,-0.0348,54.2,0.0116,0.0073,0.0232,0.0,14.6,-0.675,0.434,0.724,-0.289,True
2025-04-21,1029.5,-0.675,macro_fx,bullish,macro_fx,oil_energy,1.0,0.579,0.0,0.2,0.0117,-0.0449,54.6,0.0116,-0.0127,0.0196,0.0,15.8,0.534,0.51,3.545,1.093,False
2025-04-22,1035.0,0.534,oil_energy,bullish,oil_energy,macro_fx,0.544,0.608,0.0,0.2,0.0706,-0.0193,50.3,0.0115,-0.0065,0.0276,0.0,16.1,0.507,0.507,3.116,0.966,False
2025-04-23,1040.25,0.507,macro_fx,bearish,macro_fx,oil_energy,0.718,0.649,0.0,0.0,0.0125,0.0006,53.6,0.0115,0.0041,0.0384,0.0,16.3,1.226,0.817,2.571,1.106,False
2025-04-30,1034.75,-0.6,oil_energy,bearish,oil_energy,macro_fx,0.599,0.469,0.0,0.2,-0.0772,0.0121,61.6,0.0113,-0.0053,0.0005,0.0,17.6,0.532,0.894,2.706,0.725,False
2025-05-01,1040.25,0.532,macro_fx,bearish,macro_fx,oil_energy,0.599,0.514,0.0,0.2,-0.0788,0.0134,56.7,0.0113,-0.0121,0.0104,0.0,17.7,0.817,0.894,2.62,0.725,False
2025-05-05,1038.0,-1.025,oil_energy,bearish,oil_energy,speculative_mom,0.567,0.727,0.0,0.2,-0.0901,0.0054,47.9,0.0115,-0.0133,0.0624,0.0,17.2,-0.313,2.794,2.36,3.468,True
2025-05-06,1034.75,-0.313,oil_energy,bearish,oil_energy,macro_fx,0.595,0.688,0.0,0.2,-0.0624,-0.0023,49.3,0.0115,-0.006,0.0526,0.0,16.9,-0.411,1.595,1.329,3.866,True
2025-05-08,1036.75,0.607,macro_fx,bearish,macro_fx,oil_energy,0.779,0.575,0.0,0.2,-0.0084,0.0141,50.1,0.0115,-0.0034,0.0237,0.0,16.5,0.699,1.35,0.482,2.122,False
2025-05-12,1066.0,2.107,macro_fx,bearish,macro_fx,speculative_mom,1.0,0.698,0.0,0.0,0.0457,0.0154,64.3,0.0118,0.027,0.0223,0.0,16.4,0.699,0.862,-2.369,0.263,False
2025-05-13,1067.25,0.117,oil_energy,bullish,oil_energy,macro_fx,0.674,0.733,0.0,0.105,0.0923,0.01,62.9,0.0117,0.0314,0.0245,0.0,16.5,-0.023,0.023,-2.085,-4.17,False
2025-05-14,1067.0,-0.023,oil_energy,bullish,oil_energy,speculative_mom,0.755,0.764,0.0,0.118,0.1054,0.0121,57.6,0.0112,0.0354,0.0299,0.0,16.5,-1.476,-0.633,-1.429,-3.679,True
2025-05-15,1051.25,-1.476,macro_fx,bearish,macro_fx,oil_energy,0.503,0.582,0.0,0.0,0.0428,0.0165,50.7,0.0115,0.014,0.012,0.0,16.6,-0.119,1.07,0.571,-2.568,False
2025-05-16,1050.0,-0.119,oil_energy,bullish,oil_energy,macro_fx,0.546,0.532,0.0,0.0,0.0761,0.0149,49.0,0.011,0.0057,0.013,0.0,16.6,0.071,-0.143,0.571,-2.405,False
2025-05-21,1062.75,0.926,macro_fx,bullish,macro_fx,oil_energy,0.59,0.587,0.0,0.2,-0.0061,-0.0219,62.0,0.0087,-0.004,0.0216,0.0,15.4,0.447,-2.752,-1.929,-2.917,True
2025-05-23,1060.25,-0.679,macro_fx,bullish,macro_fx,speculative_mom,0.592,0.572,0.0,0.0,-0.0257,-0.0191,62.9,0.0077,0.0098,0.01,0.0,14.9,0.212,-1.438,0.896,-4.527,True
2025-06-09,1056.0,-0.118,oil_energy,bullish,oil_energy,speculative_mom,0.5,0.67,0.0,0.0,0.0714,-0.0034,53.0,0.0078,0.0218,0.0115,0.0,15.2,0.166,1.776,-2.959,-4.759,False
2025-06-11,1050.5,-0.685,oil_energy,bullish,oil_energy,macro_fx,0.816,0.528,0.0,0.2,0.0901,-0.0007,42.7,0.0076,0.0053,-0.0157,0.0,15.0,-0.785,0.785,0.547,-4.926,True
2025-06-13,1069.75,2.639,oil_energy,bullish,oil_energy,macro_fx,1.0,0.586,0.0,0.0,0.1612,-0.0062,54.4,0.009,0.0118,0.0176,0.0,14.9,-0.785,0.432,-4.253,-5.133,True
2025-06-16,1069.75,0.0,oil_energy,bullish,oil_energy,speculative_mom,0.863,0.588,0.0,0.0,0.1326,-0.0075,53.4,0.0089,0.013,0.0188,0.0,15.5,0.397,-4.394,-5.375,-9.535,True
2025-06-17,1074.0,0.397,oil_energy,bullish,oil_energy,macro_fx,1.0,0.605,0.0,0.0,0.1589,-0.0037,63.4,0.0087,0.0154,0.0221,0.0,15.7,0.07,-4.306,-5.726,-10.452,False
2025-06-18,1074.75,0.07,oil_energy,bullish,oil_energy,speculative_mom,0.952,0.668,0.0,0.0,0.1509,-0.0003,62.4,0.0087,0.0231,0.0207,0.0,15.8,-0.628,-4.699,-6.583,-10.514,False
2025-06-20,1068.0,-0.628,oil_energy,bullish,oil_energy,speculative_mom,0.951,0.675,0.0,0.0,0.1531,-0.0034,64.6,0.0087,0.0247,0.0049,0.0,16.2,-0.866,-4.05,-6.648,-9.27,False
2025-06-23,1058.75,-0.866,oil_energy,bullish,oil_energy,macro_fx,1.0,0.528,0.0,0.0,0.0053,-0.0021,63.9,0.0088,-0.0103,-0.0082,0.0,16.0,-1.133,-4.05,-6.021,-8.477,False
2025-06-24,1046.75,-1.133,oil_energy,bearish,oil_energy,macro_fx,0.927,0.625,0.0,0.0,-0.0539,-0.0006,53.1,0.009,-0.0215,-0.0127,0.0,15.9,-2.054,0.908,-3.176,-8.144,True
2025-06-25,1025.25,-2.054,oil_energy,bearish,oil_energy,speculative_mom,0.664,0.789,0.0,0.151,-0.1104,-0.0051,41.2,0.0089,-0.0454,-0.0351,0.0,15.8,-0.244,0.634,-0.366,-5.218,True
2025-06-26,1022.75,-0.244,speculative_mom,bearish,speculative_mom,oil_energy,0.594,0.79,0.0,0.161,-0.091,-0.0087,36.6,0.0089,-0.0484,-0.0246,0.0,15.7,0.489,0.147,0.489,-5.475,True
2025-06-27,1027.75,0.489,oil_energy,bearish,oil_energy,speculative_mom,0.735,0.76,0.0,0.126,-0.1245,-0.0144,36.3,0.009,-0.0377,-0.0228,0.0,15.7,-0.341,-1.508,-1.241,-5.475,False
2025-06-30,1024.25,-0.341,oil_energy,bearish,oil_energy,macro_fx,0.778,0.722,0.0,0.109,-0.1335,-0.0205,35.6,0.0086,-0.0326,-0.0168,0.0,15.1,0.049,-1.147,-1.367,-1.22,False
2025-07-01,1024.75,0.049,oil_energy,bearish,oil_energy,macro_fx,0.726,0.626,0.0,0.0,-0.1265,-0.0191,34.9,0.0086,-0.021,-0.0085,0.0,15.0,0.049,-2.025,-1.854,-0.122,False
2025-07-02,1050.5,2.513,oil_energy,bearish,oil_energy,macro_fx,0.476,0.693,0.0,0.0,-0.0155,-0.0167,50.0,0.0098,0.0246,0.0094,0.0,14.8,0.049,-2.025,-4.403,-0.122,False
2025-07-07,1031.75,-2.32,oil_energy,bullish,oil_energy,macro_fx,0.297,0.526,0.0,0.2,0.0464,-0.002,34.4,0.0106,0.0039,-0.019,0.0,14.3,-0.727,-1.769,-4.168,-1.066,False
2025-07-11,1004.0,-0.84,speculative_mom,bearish,speculative_mom,oil_energy,0.59,0.811,0.0,0.227,0.0458,0.0106,26.9,0.0106,-0.0495,-0.0443,0.0,14.2,-0.697,0.623,-4.208,3.237,True
2025-07-16,1013.5,1.859,macro_fx,bearish,macro_fx,speculative_mom,0.308,0.678,0.0,0.2,-0.0228,0.0093,45.2,0.011,0.0012,-0.0526,0.0,13.6,0.789,-1.455,-5.131,1.357,True
2025-07-28,988.75,-1.001,macro_fx,bullish,macro_fx,oil_energy,0.734,0.705,0.0,0.0,-0.0123,-0.0007,32.5,0.0112,-0.0259,-0.0379,0.0,12.9,-0.708,-2.756,3.236,2.301,False
2025-07-29,981.75,-0.708,oil_energy,bullish,oil_energy,speculative_mom,0.577,0.725,0.0,0.0,0.0278,0.0044,34.2,0.0099,-0.0282,-0.0415,0.0,12.8,-1.426,-1.019,3.183,2.419,False
2025-07-30,967.75,-1.426,macro_fx,bearish,macro_fx,speculative_mom,0.728,0.808,0.0,0.132,0.0417,0.0214,29.7,0.0101,-0.0378,-0.0556,0.0,12.7,-0.62,-0.103,4.882,4.908,True
2025-07-31,961.75,-0.62,macro_fx,bearish,macro_fx,speculative_mom,0.782,0.832,0.0,0.141,0.0461,0.0271,30.4,0.01,-0.0423,-0.0845,0.0,12.6,0.0,-0.103,7.564,6.655,False
2025-08-01,961.75,0.0,macro_fx,bearish,macro_fx,speculative_mom,0.899,0.833,0.0,0.123,0.0319,0.0152,32.5,0.01,-0.037,-0.0895,0.0,12.5,0.754,5.199,7.772,8.422,False
2025-08-08,966.75,-0.515,oil_energy,bearish,oil_energy,macro_fx,0.506,0.655,0.0,0.38,-0.0874,-0.0176,21.0,0.0098,0.0052,-0.0371,0.0,11.7,-0.515,4.784,7.241,4.577,True
2025-08-11,989.5,2.353,oil_energy,bearish,oil_energy,macro_fx,0.438,0.715,0.0,0.2,-0.0765,-0.0151,39.8,0.0108,0.0212,-0.0075,0.0,11.5,-0.515,4.784,3.663,4.577,True
2025-08-12,1011.75,2.249,speculative_mom,bullish,speculative_mom,oil_energy,0.616,0.847,0.0,0.147,-0.0618,-0.006,52.5,0.0116,0.0441,0.0168,0.0,11.5,1.161,2.249,0.42,-0.272,False
2025-08-13,1023.5,1.161,speculative_mom,bullish,speculative_mom,oil_energy,0.886,0.848,0.0,0.2,-0.0549,-0.0095,57.4,0.0118,0.0645,0.0099,0.0,11.4,-1.466,1.27,-1.124,-1.099,True
2025-08-14,1008.5,-1.466,speculative_mom,bullish,speculative_mom,oil_energy,0.512,0.848,0.0,0.326,-0.0184,-0.0054,53.5,0.0111,0.0378,-0.0127,0.0,11.4,1.363,1.686,-0.198,0.521,False
2025-08-15,1022.25,1.363,speculative_mom,bullish,speculative_mom,oil_energy,0.772,0.849,0.0,0.391,-0.0241,-0.0034,61.8,0.0114,0.0574,-0.0054,0.0,11.3,-0.147,0.636,-0.856,-1.149,False
2025-08-21,1034.5,1.921,speculative_mom,bullish,speculative_mom,macro_fx,0.342,0.749,0.0,0.097,0.0055,0.0053,74.9,0.0109,0.0258,0.0301,0.0,10.9,0.193,-0.846,-0.846,-1.595,False
2025-08-22,1036.5,0.193,macro_fx,bullish,macro_fx,speculative_mom,0.613,0.724,0.0,0.079,0.0161,-0.0012,73.9,0.0108,0.0139,0.0378,0.0,10.9,-1.061,-1.978,0.603,-1.809,False
2025-08-28,1028.25,0.097,speculative_mom,bearish,speculative_mom,macro_fx,0.56,0.841,0.0,0.256,0.0361,-0.0047,72.8,0.0103,-0.006,0.0691,0.0,11.9,0.827,-1.629,-0.267,-2.091,True
2025-08-29,1036.75,0.827,speculative_mom,bullish,speculative_mom,oil_energy,0.628,0.839,0.0,0.0,0.0127,-0.0046,69.6,0.0103,0.0002,0.078,0.0,12.1,-1.061,-3.014,-2.484,-2.797,False
2025-09-15,1042.75,1.657,speculative_mom,bullish,speculative_mom,macro_fx,0.405,0.787,0.0,0.0,-0.0028,-0.0107,58.9,0.0103,0.0289,0.0201,0.0,11.2,0.671,-3.237,-2.398,2.35,True
2025-09-16,1049.75,0.671,speculative_mom,bullish,speculative_mom,macro_fx,0.531,0.849,0.0,0.126,0.0428,-0.0117,60.4,0.0103,0.0378,0.0284,0.0,11.3,-0.572,-3.572,-2.643,2.715,False
2025-09-17,1043.75,-0.572,speculative_mom,bullish,speculative_mom,oil_energy,0.529,0.847,0.0,0.127,0.0288,-0.006,57.9,0.0104,0.038,0.0304,0.0,11.5,-0.599,-2.874,-1.365,3.497,False
2025-09-23,1012.0,0.099,speculative_mom,bearish,speculative_mom,oil_energy,0.526,0.851,0.0,0.12,0.0115,-0.003,48.2,0.01,-0.036,-0.0132,0.0,11.2,-0.296,1.161,-0.543,9.511,True
2025-09-25,1012.25,0.322,macro_fx,bearish,macro_fx,speculative_mom,0.571,0.755,0.0,0.0,0.0071,0.0199,52.7,0.0089,-0.0243,-0.0146,0.0,10.9,0.148,0.543,-0.148,10.976,False
2025-09-29,1010.5,-0.321,oil_energy,bearish,oil_energy,speculative_mom,0.555,0.684,0.0,0.0,-0.0019,0.0058,49.5,0.0081,-0.0005,-0.0253,0.0,10.7,-0.866,1.88,2.103,10.44,True
2025-10-09,1022.25,-0.704,macro_fx,bearish,macro_fx,oil_energy,0.524,0.543,0.0,0.2,-0.0138,0.0181,48.0,0.0079,-0.0015,0.0069,0.0,12.2,-1.516,0.929,6.75,9.807,True
2025-10-10,1006.75,-1.516,oil_energy,bearish,oil_energy,macro_fx,0.691,0.613,0.0,0.0,-0.0466,0.013,47.4,0.0084,-0.0111,-0.0185,0.0,12.5,0.099,2.384,9.238,11.746,False
2025-10-23,1044.75,0.966,oil_energy,bullish,oil_energy,speculative_mom,0.945,0.816,0.0,0.112,0.0526,-0.0011,67.3,0.008,0.0336,0.0321,0.0,13.2,-0.287,6.282,8.351,5.791,True
2025-10-27,1067.25,2.448,speculative_mom,bullish,speculative_mom,oil_energy,0.505,0.787,0.0,0.162,0.067,0.004,72.3,0.0085,0.0344,0.0562,0.0,16.0,1.031,4.919,8.433,1.874,False
2025-10-28,1078.25,1.031,speculative_mom,bullish,speculative_mom,oil_energy,0.685,0.775,0.0,0.219,0.0454,0.0026,73.3,0.0086,0.0461,0.0764,0.0,16.9,0.185,4.919,6.979,1.206,False
2025-10-29,1080.25,0.185,speculative_mom,bullish,speculative_mom,macro_fx,0.628,0.764,0.0,0.329,0.0515,0.0064,79.1,0.0086,0.044,0.0664,0.0,17.7,1.018,1.99,5.184,1.227,False
2025-10-30,1091.25,1.018,speculative_mom,bullish,speculative_mom,oil_energy,0.629,0.752,0.0,0.448,0.0476,0.0061,94.5,0.0086,0.0445,0.0659,0.0,18.6,0.779,2.268,2.864,-1.329,False
2025-10-31,1099.75,0.779,speculative_mom,bullish,speculative_mom,macro_fx,0.786,0.741,0.0,0.486,0.0424,0.0091,94.9,0.0083,0.0557,0.0803,0.0,19.5,0.779,1.228,2.296,-2.546,False
2025-11-03,1119.75,1.819,speculative_mom,bullish,speculative_mom,macro_fx,0.89,0.709,0.0,0.464,-0.012,0.0094,96.7,0.0082,0.0492,0.1002,0.0,21.8,0.779,1.228,0.313,-2.546,False
2025-11-04,1108.25,-1.027,speculative_mom,bullish,speculative_mom,macro_fx,0.732,0.699,0.0,0.3,-0.0153,0.0128,88.3,0.0085,0.0278,0.0844,0.0,22.6,1.038,2.143,1.489,-4.512,False
2025-11-05,1119.75,1.038,speculative_mom,bullish,speculative_mom,macro_fx,0.754,0.688,0.0,0.422,-0.0279,0.0144,88.9,0.0086,0.0366,0.0877,0.0,23.4,1.038,-0.625,1.049,-6.028,True
2025-11-06,1091.75,-2.501,speculative_mom,bullish,speculative_mom,macro_fx,0.566,0.678,0.0,0.054,-0.012,0.0105,72.7,0.01,0.0005,0.068,0.0,24.2,1.038,-0.625,4.213,-6.028,True
2025-11-07,1101.75,0.916,speculative_mom,bullish,speculative_mom,macro_fx,0.798,0.667,0.0,0.046,-0.0121,0.0038,72.3,0.0101,0.0018,0.0944,0.0,24.9,1.293,4.697,2.383,-4.402,False
2025-11-10,1116.0,1.293,speculative_mom,bearish,speculative_mom,oil_energy,0.902,0.663,0.0,0.301,-0.0073,0.0009,75.0,0.0102,-0.0033,0.1074,0.0,25.3,-0.246,1.815,0.784,-5.78,True
2025-11-11,1113.25,-0.246,speculative_mom,bullish,speculative_mom,oil_energy,0.874,0.661,0.0,0.064,0.001,-0.0034,73.2,0.01,0.0045,0.1061,0.0,25.4,0.651,0.831,0.225,-4.491,False
2025-11-12,1120.5,0.651,speculative_mom,bullish,speculative_mom,oil_energy,0.922,0.66,0.0,0.056,-0.0419,-0.0039,72.8,0.0099,0.0007,0.1133,0.0,25.5,1.026,0.402,-0.089,-5.511,True
2025-11-13,1132.0,1.026,speculative_mom,bullish,speculative_mom,macro_fx,0.962,0.658,0.0,0.239,-0.0309,-0.0104,75.8,0.0099,0.0369,0.12,0.0,25.6,-1.701,-0.773,-2.363,-7.288,True
2025-11-14,1112.75,-1.701,speculative_mom,bullish,speculative_mom,oil_energy,0.703,0.654,0.0,0.0,0.0082,-0.0093,63.5,0.0105,0.01,0.0915,0.0,26.0,-1.701,1.078,-1.707,-5.976,True
2025-11-17,1157.25,3.999,speculative_mom,bullish,speculative_mom,macro_fx,0.947,0.641,0.0,0.123,0.0081,-0.0014,69.6,0.0124,0.037,0.1216,0.0,27.0,-1.701,1.078,-6.049,-5.976,True
2025-11-18,1153.5,-0.324,speculative_mom,bullish,speculative_mom,oil_energy,0.907,0.636,0.0,0.121,0.0166,-0.0005,68.0,0.0125,0.0362,0.1191,0.0,27.3,-1.495,-1.365,-5.397,-10.75,False
2025-11-19,1136.25,-1.495,speculative_mom,bullish,speculative_mom,macro_fx,0.722,0.632,0.0,0.0,-0.0115,0.0061,60.7,0.013,0.0141,0.0981,0.0,27.6,-1.21,-0.726,-3.762,-7.833,False
2025-11-20,1122.5,-1.21,speculative_mom,bearish,speculative_mom,macro_fx,0.523,0.627,0.0,0.2,-0.0311,0.007,55.3,0.0131,-0.0084,0.0744,0.0,27.9,0.223,0.2,-4.076,-7.171,False
2025-11-21,1125.0,0.223,speculative_mom,bullish,speculative_mom,oil_energy,0.562,0.623,0.0,0.0,-0.0074,0.007,51.3,0.0127,0.011,0.0799,0.0,28.3,-0.156,-0.822,-4.733,-6.422,False
2025-12-09,1087.25,-0.594,speculative_mom,bearish,speculative_mom,oil_energy,0.512,0.67,0.0,0.326,-0.0051,-0.0024,19.3,0.0127,-0.0333,-0.0258,0.0,24.7,0.368,-3.219,-5.22,-1.794,True
2025-12-16,1062.75,-0.84,speculative_mom,bearish,speculative_mom,oil_energy,0.723,0.694,0.0,0.174,-0.0801,-0.0085,21.3,0.0122,-0.0225,-0.0817,0.0,23.0,-0.423,-0.376,-1.482,0.141,False
2025-12-17,1058.25,-0.423,speculative_mom,bearish,speculative_mom,oil_energy,0.721,0.697,0.0,0.393,-0.0499,-0.0073,15.4,0.0121,-0.0302,-0.0826,0.0,22.7,-0.567,-0.827,-0.921,0.189,False
2025-12-18,1052.25,-0.567,speculative_mom,bearish,speculative_mom,oil_energy,0.646,0.7,0.0,0.426,-0.0361,-0.008,9.5,0.0119,-0.0377,-0.0739,0.0,22.5,-0.285,-0.57,-1.829,1.283,False
2025-12-19,1049.25,-0.285,speculative_mom,bearish,speculative_mom,oil_energy,0.575,0.703,0.0,0.3,-0.0308,-0.0019,10.1,0.0111,-0.0255,-0.0653,0.0,22.3,0.381,-0.57,-2.478,1.283,True
2025-12-22,1053.25,0.381,speculative_mom,bearish,speculative_mom,oil_energy,0.561,0.72,0.0,0.3,0.0071,-0.0006,14.1,0.011,-0.0173,-0.0638,0.0,21.0,-0.166,-2.255,-2.16,5.602,False
2025-12-23,1051.5,-0.166,speculative_mom,bearish,speculative_mom,macro_fx,0.559,0.726,0.0,0.296,0.0164,-0.0047,15.2,0.0106,-0.0106,-0.0639,0.0,20.6,1.117,-0.404,0.143,6.063,True
2025-12-26,1058.75,-0.423,speculative_mom,bullish,speculative_mom,oil_energy,0.554,0.743,0.0,0.314,0.0266,-0.0013,24.3,0.0108,0.0062,-0.0643,0.0,19.3,-0.874,-0.567,-0.543,6.021,False
2025-12-29,1049.5,-0.874,speculative_mom,bullish,speculative_mom,oil_energy,0.649,0.747,0.0,0.301,0.0383,-0.0034,24.9,0.0106,0.0002,-0.0776,0.0,19.0,-0.31,-0.238,1.429,7.099,False
2025-12-30,1046.25,-0.31,speculative_mom,bearish,speculative_mom,oil_energy,0.604,0.749,0.0,0.082,0.0321,-0.0019,25.9,0.0102,-0.0066,-0.0725,0.0,18.9,-0.31,0.215,1.697,8.698,True
2025-12-31,1030.5,-1.505,speculative_mom,bearish,speculative_mom,oil_energy,0.682,0.75,0.0,0.228,0.0134,-0.0032,18.6,0.0068,-0.02,-0.0838,0.0,18.8,-0.31,0.215,3.615,8.698,True
2026-01-02,1029.5,-0.097,speculative_mom,bearish,speculative_mom,macro_fx,0.627,0.753,0.0,0.376,-0.0119,0.0013,16.5,0.0068,-0.0317,-0.0773,0.0,18.5,1.724,-0.607,3.133,10.151,True
2026-01-05,1047.25,1.724,speculative_mom,bearish,speculative_mom,oil_energy,0.527,0.753,0.0,0.0,-0.001,0.0034,34.7,0.0075,-0.0109,-0.0645,0.0,18.5,-0.501,-1.599,1.91,8.236,False
2026-01-08,1047.0,-0.546,oil_energy,bearish,oil_energy,macro_fx,0.548,0.631,0.0,0.2,-0.0055,0.0091,44.4,0.0077,0.016,-0.037,0.0,18.5,0.143,0.573,1.648,8.333,False
2026-01-15,1053.0,2.183,oil_energy,bullish,oil_energy,macro_fx,0.756,0.491,0.0,0.2,0.0361,0.0075,46.1,0.0091,0.0057,-0.0092,0.0,18.5,0.709,3.033,5.912,12.3,False
2026-01-16,1057.75,0.451,oil_energy,bullish,oil_energy,macro_fx,0.436,0.497,0.0,0.2,0.0616,0.0072,49.6,0.0091,0.0088,-0.0005,0.0,18.5,-0.449,1.631,5.011,9.265,True
2026-01-20,1053.0,-0.449,macro_fx,bullish,macro_fx,oil_energy,0.519,0.602,0.0,0.0,0.0447,-0.0029,51.4,0.0091,0.0194,0.0007,0.0,18.5,1.092,1.828,6.6,9.639,False
2026-01-21,1064.5,1.092,speculative_mom,bullish,speculative_mom,oil_energy,0.578,0.753,0.0,0.134,0.0254,-0.0037,56.8,0.0092,0.0403,0.0145,0.0,18.5,-0.047,-0.023,5.589,9.324,False
2026-01-22,1064.0,-0.047,speculative_mom,bullish,speculative_mom,oil_energy,0.462,0.727,0.0,0.108,-0.0024,-0.0051,64.1,0.009,0.0325,0.0102,0.0,18.5,0.352,-0.352,6.884,11.372,True
2026-01-23,1067.75,0.352,macro_fx,bullish,macro_fx,oil_energy,0.536,0.549,0.0,0.0,-0.0013,-0.0154,65.8,0.009,0.014,0.0155,0.0,18.5,-0.562,-0.187,6.111,10.56,True
2026-01-26,1061.75,-0.562,macro_fx,bullish,macro_fx,oil_energy,0.556,0.45,0.0,0.2,-0.0224,-0.0211,56.6,0.009,0.0038,-0.0014,0.0,18.5,0.518,-0.187,6.805,11.82,True
2026-01-27,1067.25,0.518,macro_fx,bullish,macro_fx,oil_energy,0.859,0.545,0.0,0.0,0.0541,-0.0312,61.5,0.009,0.0135,0.008,0.0,18.5,0.726,4.216,6.208,12.485,False
2026-01-28,1075.0,0.726,macro_fx,bullish,macro_fx,oil_energy,0.801,0.523,0.0,0.0,0.0634,-0.0296,60.4,0.0087,0.0099,0.0243,0.0,18.5,-0.256,3.744,6.14,12.837,True
2026-01-29,1072.25,-0.256,macro_fx,bullish,macro_fx,oil_energy,0.625,0.527,0.0,0.0,0.0842,-0.0239,62.2,0.0087,0.0078,0.0249,0.0,18.5,-0.746,3.591,6.085,12.94,True
2026-01-30,1064.25,-0.746,macro_fx,bullish,macro_fx,oil_energy,0.564,0.568,0.0,0.2,0.0757,-0.0179,57.1,0.0087,-0.0033,0.0328,0.0,18.5,-0.376,5.473,6.577,12.94,True
2026-02-02,1060.25,-0.376,oil_energy,bullish,oil_energy,macro_fx,0.778,0.555,0.0,0.2,0.0468,-0.0076,63.8,0.0086,-0.0014,0.0299,0.0,18.5,0.519,6.013,7.475,9.125,False
2026-02-04,1092.25,2.487,oil_energy,bullish,oil_energy,speculative_mom,0.507,0.649,0.0,0.143,0.0744,0.006,77.1,0.0097,0.016,0.0482,0.0,18.5,0.519,6.709,5.081,9.008,False
2026-02-05,1112.25,1.831,macro_fx,bearish,macro_fx,speculative_mom,0.574,0.753,0.0,0.257,0.0144,0.0166,76.6,0.0102,0.0373,0.0565,0.0,18.5,0.27,1.955,4.046,4.405,False
2026-02-06,1115.25,0.27,speculative_mom,bullish,speculative_mom,macro_fx,0.687,0.753,0.0,0.285,0.0054,0.0122,76.3,0.0101,0.0479,0.0652,0.0,18.5,-0.403,1.636,3.116,4.326,True
2026-02-09,1110.75,-0.403,speculative_mom,bullish,speculative_mom,macro_fx,0.674,0.753,0.0,0.287,-0.0162,0.0056,76.4,0.01,0.0476,0.0594,0.0,18.5,1.058,2.723,4.051,3.984,False
2026-02-10,1122.5,1.058,speculative_mom,bullish,speculative_mom,oil_energy,0.748,0.753,0.0,0.307,-0.0192,-0.002,76.5,0.0101,0.0532,0.0866,0.0,18.5,0.134,1.336,2.851,4.388,False
2026-02-11,1124.0,0.134,speculative_mom,bullish,speculative_mom,oil_energy,0.73,0.753,0.0,0.143,0.0401,-0.008,77.1,0.0099,0.0291,0.0985,0.0,18.5,1.179,0.912,3.536,4.426,False
2026-02-12,1137.25,1.179,speculative_mom,bullish,speculative_mom,oil_energy,0.761,0.753,0.0,0.179,-0.0059,-0.0052,79.0,0.01,0.0225,0.1036,0.0,18.5,-0.374,0.198,4.199,1.934,True
2026-02-13,1133.0,-0.374,speculative_mom,bullish,speculative_mom,oil_energy,0.544,0.753,0.0,0.203,-0.0345,-0.0076,80.1,0.0095,0.0159,0.076,0.0,18.5,0.088,1.346,4.192,2.361,False
2026-02-17,1134.0,0.088,speculative_mom,bullish,speculative_mom,macro_fx,0.509,0.753,0.0,0.187,-0.0152,-0.0067,79.3,0.0095,0.0209,0.0721,0.0,18.5,-0.044,1.213,4.696,3.263,False
2026-02-18,1133.5,-0.044,oil_energy,bullish,oil_energy,speculative_mom,0.755,0.753,0.0,0.149,0.0258,0.0007,77.5,0.0091,0.0098,0.0764,0.0,18.5,0.662,2.095,5.911,3.088,False
2026-02-25,1148.25,0.768,speculative_mom,bullish,speculative_mom,macro_fx,0.512,0.753,0.0,0.236,0.0402,0.0085,81.8,0.0083,0.013,0.0759,0.0,18.5,-0.044,3.201,1.176,1.481,False
2026-02-27,1157.25,0.828,speculative_mom,bullish,speculative_mom,oil_energy,0.527,0.753,0.0,0.16,0.0281,-0.0009,78.0,0.008,0.0174,0.0793,0.0,18.5,-0.626,2.592,0.346,0.432,True
2026-03-02,1150.0,-0.626,oil_energy,bullish,oil_energy,macro_fx,1.0,0.753,0.0,0.105,0.0723,0.0046,75.2,0.0075,0.0139,0.0806,0.0,18.5,0.5,4.391,1.174,0.696,False
2026-03-03,1155.75,0.5,oil_energy,bullish,oil_energy,speculative_mom,0.795,0.753,0.0,0.063,0.1231,0.0128,73.2,0.0075,0.0143,0.0901,0.0,18.5,-0.108,4.953,-0.065,0.973,False
2026-03-04,1154.5,-0.108,oil_energy,bullish,oil_energy,speculative_mom,0.801,0.753,0.0,0.027,0.1259,0.011,71.3,0.0074,0.0054,0.0833,0.0,18.5,0.801,4.894,1.494,0.801,False
2026-03-05,1163.75,0.801,oil_energy,bullish,oil_energy,macro_fx,1.0,0.691,0.0,0.0,0.2343,0.0147,69.6,0.0073,0.0139,0.0655,0.0,18.5,1.826,4.894,0.859,0.301,False
2026-03-06,1185.0,1.826,oil_energy,bullish,oil_energy,macro_fx,1.0,0.689,0.0,0.215,0.3895,0.0132,80.8,0.0078,0.024,0.0654,0.0,18.5,-0.38,-2.363,-2.173,-1.624,False
2026-03-09,1180.5,-0.38,oil_energy,bullish,oil_energy,macro_fx,1.0,0.655,0.0,0.128,0.4533,0.0142,76.4,0.0079,0.0265,0.0585,0.0,18.5,0.572,-1.588,-1.758,-0.508,True
2026-03-10,1187.25,0.572,oil_energy,bullish,oil_energy,speculative_mom,1.0,0.702,0.0,0.17,0.2452,0.0125,78.5,0.0077,0.0273,0.0689,0.0,18.5,1.116,-1.579,-1.369,-1.916,True
2026-03-11,1200.5,1.116,oil_energy,bullish,oil_energy,speculative_mom,1.0,0.753,0.0,0.328,0.2249,0.0086,79.8,0.0078,0.0398,0.0695,0.0,18.5,1.041,-3.269,-2.666,-3.394,True
2026-03-12,1213.0,1.041,oil_energy,bullish,oil_energy,speculative_mom,1.0,0.753,0.0,0.434,0.2839,0.007,84.6,0.0079,0.0423,0.0792,0.0,18.5,-0.165,-4.081,-4.081,-4.06,False
2026-03-13,1211.0,-0.165,oil_energy,bullish,oil_energy,macro_fx,1.0,0.676,0.0,0.3,0.3221,0.0161,85.6,0.0079,0.0219,0.0648,0.0,18.5,-0.165,-4.624,-3.654,-2.787,False
2026-03-16,1155.25,-4.604,oil_energy,bullish,oil_energy,macro_fx,0.722,0.66,0.0,0.2,0.1542,0.0039,55.0,0.0119,-0.0214,0.0196,0.0,18.5,-0.165,-4.624,0.26,-2.787,False
2026-03-18,1161.75,0.411,speculative_mom,bearish,speculative_mom,macro_fx,0.514,0.753,0.0,0.308,0.0164,0.0092,54.5,0.0119,-0.0323,0.0249,0.0,18.5,0.581,-0.215,0.301,1.743,True
2026-03-19,1168.5,0.581,oil_energy,bullish,oil_energy,macro_fx,0.63,0.753,0.0,0.322,0.1521,0.004,53.7,0.0111,-0.0367,0.0241,0.0,18.5,-0.62,-0.749,0.62,1.647,False
2026-03-20,1161.25,-0.62,speculative_mom,bearish,speculative_mom,oil_energy,0.628,0.753,0.0,0.337,0.1269,0.0042,53.7,0.0108,-0.0411,0.0209,0.0,18.5,0.194,0.84,0.086,3.983,False
2026-03-23,1163.5,0.194,oil_energy,bearish,oil_energy,macro_fx,1.0,0.483,0.0,0.0,-0.0794,-0.0079,52.6,0.0108,0.0071,0.0258,0.0,18.5,-0.731,0.43,-0.473,2.772,True
2026-03-24,1155.0,-0.731,oil_energy,bearish,oil_energy,macro_fx,0.589,0.464,0.0,0.2,-0.0644,-0.0093,50.2,0.0109,-0.0017,0.0136,0.0,18.5,1.45,0.736,1.039,2.078,False
2026-03-26,1173.75,0.171,oil_energy,bearish,oil_energy,macro_fx,0.561,0.466,0.0,0.0,-0.018,0.0032,46.1,0.011,0.0045,0.0227,0.0,18.5,-1.235,-1.321,-0.554,1.747,False
2026-03-27,1159.25,-1.235,oil_energy,bullish,oil_energy,macro_fx,0.663,0.475,0.0,0.2,0.0345,0.0006,43.1,0.0111,-0.0017,0.0017,0.0,18.5,0.043,0.237,0.561,3.494,False
2026-04-01,1168.5,-0.213,oil_energy,bullish,oil_energy,macro_fx,0.549,0.475,0.0,0.2,0.136,0.0071,33.7,0.0112,-0.0028,0.0121,0.0,18.5,-0.428,-0.535,-0.749,3.779,False
2026-04-02,1163.5,-0.428,oil_energy,bullish,oil_energy,macro_fx,1.0,0.531,0.0,0.0,0.2078,0.006,33.0,0.0112,-0.0087,-0.0002,0.0,18.5,0.279,-0.473,0.021,1.16,True
2026-04-06,1166.75,0.279,oil_energy,bullish,oil_energy,speculative_mom,1.0,0.558,0.0,0.2,0.2446,0.0038,56.6,0.0112,0.0065,-0.0154,0.0,18.5,-0.729,0.021,0.9,1.16,True
2026-04-07,1158.25,-0.729,oil_energy,bullish,oil_energy,macro_fx,0.775,0.573,0.0,0.0,0.1955,-0.0026,50.7,0.0113,-0.0013,-0.0188,0.0,18.5,0.324,0.475,1.273,4.425,False
2026-04-08,1162.0,0.324,oil_energy,bearish,oil_energy,macro_fx,1.0,0.585,0.0,0.0,-0.0525,-0.0102,50.1,0.0113,-0.0077,-0.0213,0.0,18.5,0.28,0.452,1.743,3.249,False
2026-04-14,1158.0,-0.366,oil_energy,bearish,oil_energy,macro_fx,0.933,0.468,0.0,0.2,-0.1816,-0.0191,51.5,0.0114,-0.0002,0.0024,0.0,18.5,0.777,0.151,3.26,2.353,True
2026-04-15,1167.0,0.777,oil_energy,bearish,oil_energy,macro_fx,0.875,0.438,0.0,0.0,-0.1879,-0.0192,47.4,0.0114,0.0043,0.0086,0.0,18.5,-0.278,-0.278,1.028,2.356,False
2026-04-16,1163.75,-0.278,oil_energy,bearish,oil_energy,macro_fx,0.757,0.47,0.0,0.2,-0.1617,-0.0143,44.6,0.0114,-0.0013,0.0017,0.0,18.5,0.301,1.16,1.139,1.976,False
2026-04-17,1167.25,0.301,oil_energy,bearish,oil_energy,macro_fx,1.0,0.519,0.0,0.0,-0.1119,-0.0104,54.9,0.0114,-0.0072,-0.0011,0.0,18.5,-0.129,0.493,2.313,1.157,False
2026-04-20,1165.75,-0.129,oil_energy,bearish,oil_energy,macro_fx,0.738,0.459,0.0,0.0,-0.0844,-0.0078,53.6,0.0108,0.003,0.0039,0.525,18.5,0.751,1.415,2.917,-0.043,False
2026-04-21,1174.5,0.751,macro_fx,bullish,macro_fx,oil_energy,0.299,0.536,0.0,0.0,-0.046,-0.0024,52.2,0.0109,0.0142,0.0095,0.5061,18.5,-0.851,0.639,3.321,-1.745,True
2026-04-22,1164.5,-0.851,oil_energy,bearish,oil_energy,macro_fx,0.318,0.466,0.0,0.2,-0.0618,0.0022,47.7,0.011,-0.0021,0.0082,0.7766,18.5,-0.408,1.997,4.358,-3.006,True
2026-04-23,1159.75,-0.408,oil_energy,bullish,oil_energy,macro_fx,0.318,0.526,0.0,0.0,0.0501,0.0069,47.9,0.0108,-0.0034,-0.0102,0.7523,18.5,0.345,4.117,1.272,-3.298,False
2026-04-24,1163.75,0.345,macro_fx,bearish,macro_fx,oil_energy,0.24,0.517,0.0,0.0,0.0341,0.0046,48.3,0.0106,-0.003,-0.0085,0.0951,18.5,1.16,2.75,1.139,-4.125,False
2026-04-27,1177.25,1.16,oil_energy,bullish,oil_energy,speculative_mom,0.205,0.492,0.2,0.0,0.0177,0.0026,60.2,0.0108,0.0099,0.0155,-0.5031,18.5,-0.361,0.149,3.037,-5.394,True
2026-04-28,1173.0,-0.361,oil_energy,bullish,oil_energy,supply_surprise,0.75,0.458,0.2,0.2,0.1918,0.0053,55.9,0.0067,-0.0013,0.0114,-0.6739,18.5,0.789,0.341,3.112,-4.263,True
2026-04-29,1182.25,0.789,oil_energy,bullish,oil_energy,macro_fx,0.744,0.547,0.2,0.0,0.1927,0.0089,58.5,0.0069,0.0152,0.0096,-0.0918,18.5,-0.021,1.015,1.48,-5.688,False
2026-04-30,1182.0,-0.021,macro_fx,bullish,macro_fx,oil_energy,0.705,0.587,0.24,0.0,0.1405,-0.0034,53.5,0.0068,0.0192,0.0116,-0.0816,18.5,0.486,1.502,1.036,-5.52,False
2026-05-01,1187.75,0.486,weather,bearish,weather,geopolitical,0.453,0.6,0.229,0.0,0.0966,-0.0039,65.5,0.0068,0.0206,0.0208,-0.6788,18.5,1.663,2.168,0.737,-5.52,False
2026-05-04,1207.5,1.663,weather,bearish,weather,oil_energy,0.453,0.65,0.24,0.108,0.1103,-0.0033,75.4,0.0073,0.0257,0.0349,-0.7166,18.5,-0.973,0.642,-1.781,-5.52,True
2026-05-05,1195.75,-0.973,weather,bearish,weather,oil_energy,0.453,0.585,0.236,0.0,0.0834,-0.0003,64.3,0.0076,0.0194,0.0324,-0.6923,18.5,-1.401,0.642,-0.878,-5.52,True
2026-05-06,1179.0,-1.401,oil_energy,bearish,oil_energy,weather,0.787,0.476,0.248,0.2,-0.0134,-0.0047,56.7,0.0079,-0.0027,0.0146,-0.2476,18.5,-0.17,-0.17,1.315,-5.52,False
2026-05-07,1177.0,-0.17,geopolitical,bearish,geopolitical,oil_energy,0.288,0.491,0.2,0.2,-0.0512,-0.0038,54.3,0.0075,-0.0042,0.0101,-0.2386,18.5,1.466,-0.17,0.828,-5.52,True
2026-05-08,1194.25,1.466,oil_energy,bearish,oil_energy,macro_fx,0.518,0.445,0.223,0.0,-0.1072,-0.0109,61.1,0.0079,0.0055,0.0157,-0.2476,18.5,0.461,1.277,-1.13,-5.52,False
2026-05-11,1199.75,0.461,oil_energy,bearish,oil_energy,china_demand,0.349,0.523,0.223,0.2,-0.0666,-0.0014,60.1,0.0076,-0.0064,0.0323,-0.2476,18.5,1.146,0.0,-2.876,-5.52,True
2026-05-12,1213.5,1.146,oil_energy,bullish,oil_energy,macro_fx,0.422,0.599,0.223,0.0,0.0024,0.0008,69.1,0.0078,0.0148,0.0479,-0.2476,18.5,0.144,-1.586,-4.903,-5.52,False
2026-05-13,1215.25,0.144,speculative_mom,bullish,speculative_mom,oil_energy,0.414,0.696,0.223,0.145,-0.0507,0.0001,72.1,0.0076,0.0307,0.0413,-0.2476,18.5,0.144,-1.543,-7.056,-5.52,False
2026-05-14,1174.5,-3.353,macro_fx,bearish,macro_fx,oil_energy,0.361,0.471,0.223,0.2,-0.0108,0.0041,53.3,0.0099,-0.0021,0.0092,-0.2476,18.5,0.144,-1.543,-4.513,-5.52,False
2026-05-15,1177.0,0.213,macro_fx,bearish,macro_fx,oil_energy,0.471,0.593,0.223,0.2,0.1088,0.0128,49.9,0.0099,-0.0144,0.0084,-0.2476,18.5,0.144,0.701,-5.204,-5.52,False
2026-05-18,1213.0,3.059,oil_energy,bullish,oil_energy,supply_surprise,0.532,0.563,0.15,0.0,0.1461,0.0073,60.9,0.0113,0.011,0.0405,-0.2476,18.5,0.144,0.701,-8.182,-5.52,False
2026-05-19,1209.5,-0.289,macro_fx,bearish,macro_fx,oil_energy,0.552,0.51,0.15,0.2,0.1294,0.0149,57.7,0.0112,-0.0033,0.0298,-0.2476,18.5,-0.806,-1.881,-7.152,-5.52,False
2026-05-20,1199.75,-0.806,oil_energy,bullish,oil_energy,macro_fx,0.969,0.574,0.15,0.2,0.0019,0.0119,54.8,0.0114,-0.0128,0.0303,-0.2476,18.5,-0.458,-1.584,-7.064,-5.52,False
2026-05-21,1194.25,-0.458,macro_fx,bearish,macro_fx,oil_energy,0.344,0.561,0.15,0.0,-0.0571,0.0092,51.7,0.0114,0.0168,0.0297,-0.2476,18.5,0.188,-2.428,-6.489,-5.52,False
2026-05-22,1196.5,0.188,macro_fx,bearish,macro_fx,oil_energy,0.319,0.558,0.15,0.0,-0.0438,0.0085,46.7,0.0113,0.0166,0.0281,-0.2476,18.5,-0.878,-3.552,,-5.52,False
2026-05-26,1186.0,-0.878,speculative_mom,bearish,speculative_mom,oil_energy,0.378,0.671,0.15,0.2,-0.072,0.0029,47.1,0.0112,-0.0223,0.0074,-0.2476,18.5,-0.063,-4.764,,-5.52,False
2026-05-27,1185.25,-0.063,oil_energy,bearish,oil_energy,speculative_mom,0.714,0.647,0.15,0.2,-0.1588,-0.0006,52.1,0.0112,-0.02,0.0104,-0.2476,18.5,0.78,-5.379,,-5.52,True
2026-05-28,1194.5,0.78,oil_energy,bearish,oil_energy,supply_surprise,0.799,0.489,0.15,0.2,-0.1819,0.0005,55.5,0.0112,-0.0044,0.0104,-0.2476,18.5,-0.649,-6.593,,-5.52,False
2026-05-29,1186.75,-0.649,oil_energy,bearish,oil_energy,supply_surprise,0.817,0.508,0.15,0.2,-0.1894,-0.0039,47.5,0.0112,-0.0063,0.004,-0.2476,18.5,-0.506,-6.151,,-5.52,False
2026-06-01,1180.75,-0.506,oil_energy,bearish,oil_energy,supply_surprise,0.552,0.576,0.15,0.0,-0.0621,0.0009,43.7,0.0113,-0.0132,-0.0059,-0.2476,18.5,-1.313,-4.891,,-5.52,False
2026-06-02,1165.25,-1.313,speculative_mom,bearish,speculative_mom,oil_energy,0.335,0.643,0.15,0.0,-0.0269,0.0003,34.1,0.0116,-0.0175,-0.035,-0.2476,18.5,-0.965,-4.312,,-5.52,False
2026-06-03,1154.0,-0.965,speculative_mom,bearish,speculative_mom,oil_energy,0.433,0.708,0.15,0.0,-0.006,0.0021,31.0,0.0116,-0.0264,-0.0349,-0.2476,18.5,-2.123,-3.228,,-5.52,False
2026-06-04,1129.5,-2.123,speculative_mom,bearish,speculative_mom,oil_energy,0.854,0.753,0.15,0.181,-0.0091,0.0024,34.5,0.0121,-0.0544,-0.042,-0.2476,18.5,-0.708,-3.228,,-5.52,False
2026-06-05,1121.5,-0.708,speculative_mom,bearish,speculative_mom,macro_fx,0.851,0.753,0.15,0.183,0.021,0.0087,31.6,0.0122,-0.055,-0.0472,-0.2476,18.5,-0.513,-3.228,,-5.52,False
2026-06-08,1115.75,-0.513,speculative_mom,bearish,speculative_mom,macro_fx,0.838,0.753,0.15,0.483,0.027,0.0104,9.6,0.0121,-0.055,-0.0657,-0.2476,18.5,-0.179,-3.228,,-5.52,False
2026-06-09,1113.75,-0.179,speculative_mom,bearish,speculative_mom,oil_energy,0.668,0.753,0.15,0.447,0.0096,0.0101,9.7,0.0119,-0.0442,-0.0717,-0.2476,18.5,0.831,-3.228,,-5.52,True
2026-06-10,1123.0,0.831,speculative_mom,bearish,speculative_mom,oil_energy,0.6,0.753,0.15,0.249,-0.0231,0.0076,17.5,0.012,-0.0269,-0.0746,-0.2476,18.5,-0.712,-3.228,,-5.52,False
2026-06-11,1115.0,-0.712,speculative_mom,bearish,speculative_mom,oil_energy,0.65,0.753,0.15,0.256,-0.0645,0.0065,17.2,0.0119,-0.0128,-0.0825,-0.2476,18.5,0.157,-3.228,,-5.52,False
2026-06-12,1116.75,0.157,oil_energy,bearish,oil_energy,speculative_mom,0.516,0.692,0.15,0.263,-0.1177,0.0022,16.8,0.012,-0.0042,-0.0492,-0.2476,18.5,0.157,-3.228,,-5.52,False
