Date,Soybeans,shock_type,shock_direction,window_active,is_strong,ret_5d_at_shock,ret_10d_at_shock,ret_active_at_shock,oil_5d_at_shock,oil_10d_at_shock,oil_active_at_shock,soyoil_5d_at_shock,soyoil_10d_at_shock,ok,spike_size_pct,peak_day,peak_gain_pct,half_fade_day,full_fade_day,ret_30d_pct,persistence_30d_pct,survived_30d
2016-07-11,1082.75,oil_collapse,down,5d,True,-0.07358288770053478,,-0.07358288770053478,-0.08634421743228604,,-0.08634421743228604,-0.025136985800364497,,True,-7.36,10,-15.83,,,-11.42,72.2,True
2016-07-14,1111.5,soyoil_driven,up,5d,True,0.05430400758833298,,0.05430400758833298,0.011962802898290992,,0.011962802898290992,0.04675416476284666,,True,5.43,0,5.43,1.0,3.0,-5.31,-97.8,False
2016-07-18,1078.25,oil_collapse,down,10d,True,-0.004156084045255137,-0.07743315508021387,-0.07743315508021387,0.01072393599046828,-0.07654623130270855,-0.07654623130270855,0.022809935010169147,-0.002900423802653207,True,-0.42,30,-9.19,,,-9.19,100.0,True
2016-07-19,1044.0,speculative_down,down,10d,True,-0.05712350417701517,-0.06535362578334825,-0.06535362578334825,-0.04594012278271742,-0.04184542944406089,-0.04184542944406089,-0.0016281093634361588,-0.005191429234146949,True,-5.71,30,-12.8,,,-12.8,100.0,True
2016-07-20,1027.0,speculative_down,down,5d,True,-0.08953900709219853,-0.0716384180790961,-0.08953900709219853,0.004245779367798352,-0.052498453772834686,0.004245779367798352,0.001957568244343566,0.015206581304881173,True,-8.95,30,-14.89,,,-14.89,100.0,True
2016-07-21,1032.5,speculative_down,down,5d,True,-0.07107512370670266,-0.020630780175480146,-0.07107512370670266,-0.02035902580916593,-0.008639773923831084,-0.02035902580916593,-0.0019280646424459924,0.04473595506843431,True,-7.11,30,-13.72,,,-13.72,100.0,True
2016-07-22,1006.5,speculative_down,down,10d,True,-0.06153846153846154,-0.07639366827253957,-0.07639366827253957,-0.038302548574710604,-0.02686635597451248,-0.02686635597451248,-0.022013606947614894,-0.0019822058930833997,True,-6.15,29,-10.58,,,-9.7,91.6,True
2016-07-25,983.75,speculative_down,down,10d,True,-0.08764201252028747,-0.09143384899561302,-0.09143384899561302,-0.046640153228727055,-0.03641638325606922,-0.03641638325606922,-0.047834564448563266,-0.026115732744705578,True,-8.76,28,-11.06,,,-9.65,87.2,True
2016-07-26,993.5,oil_collapse,down,10d,True,-0.048371647509578564,-0.10273199367803121,-0.10273199367803121,-0.038745874531065594,-0.08290600708050211,-0.08290600708050211,-0.03587737726497653,-0.03744707433455208,True,-4.84,27,-8.14,,,-5.0,61.5,True
2016-07-27,1010.5,oil_collapse,down,10d,True,-0.01606621226874394,-0.10416666666666663,-0.10416666666666663,-0.06720072430017388,-0.0632402643811103,-0.0632402643811103,-0.038423915109257356,-0.03654156430095501,True,-1.61,26,-6.62,,,-3.41,51.5,True
2016-07-28,1003.5,oil_collapse,down,10d,True,-0.028087167070217967,-0.09716599190283404,-0.09716599190283404,-0.08067040470059361,-0.09938705965842431,-0.09938705965842431,-0.05054731879650354,-0.05237792494080751,True,-2.81,25,-7.12,30.0,,-3.41,48.0,True
2016-07-29,1032.5,oil_collapse,down,10d,False,0.025832091405861846,-0.037296037296037254,-0.037296037296037254,-0.058610550646690074,-0.0946681657582652,-0.0946681657582652,0.0046342701502770645,-0.017481353798915023,True,2.58,16,2.86,19.0,19.0,-2.19,-76.5,False
2016-08-01,996.0,oil_collapse,down,10d,True,0.012452350698856307,-0.07628101089728723,-0.07628101089728723,-0.07118014418723906,-0.11450044458423048,-0.11450044458423048,0.009843887458916845,-0.038461555058724284,True,1.25,15,5.24,18.0,20.0,-1.58,-30.1,False
2016-08-02,985.25,oil_collapse,down,10d,False,-0.008303975842979372,-0.05627394636015326,-0.05627394636015326,-0.07945013962930247,-0.1151176490188155,-0.1151176490188155,0.016914749967302134,-0.019569484163594053,True,-0.83,22,-3.47,25.0,27.0,-2.16,62.3,True
2016-08-04,990.5,oil_collapse,down,10d,False,-0.012954658694569021,-0.04067796610169494,-0.04067796610169494,0.01920274495011598,-0.06301675295696574,-0.06301675295696574,0.035605329011820785,-0.01674174370109771,True,-1.3,29,-5.28,,,-3.74,70.8,True
2016-08-05,1003.75,speculative_down,down,5d,False,-0.02784503631961255,-0.002732240437158473,-0.02784503631961255,0.004807710823929057,-0.05408462240150158,0.004807710823929057,0.005601320400567156,0.010261548582778612,True,-2.78,28,-7.94,,,-5.81,73.2,True
2016-08-09,1022.0,oil_driven,up,5d,False,0.03730017761989335,0.028686462003019608,0.03730017761989335,0.08251081434376428,-0.003494821006077564,0.08251081434376428,0.036926168665078585,0.05446551554260104,True,3.73,9,5.07,12.0,14.0,-0.99,-19.5,False
2016-08-11,1022.25,oil_driven,up,5d,False,0.032054517920242276,0.0186846038863977,0.032054517920242276,0.0372048977328161,0.05712207884499043,0.0372048977328161,0.038310351469257986,0.07527973314970016,True,3.21,7,4.52,10.0,12.0,-3.58,-79.3,False
2016-08-17,1030.5,oil_driven,up,10d,False,0.01327433628318575,0.040383644623927406,0.040383644623927406,0.12179338150467167,0.1459710707125066,0.1459710707125066,0.07968248639787956,0.12244221709203473,True,1.33,3,1.79,6.0,6.0,-6.56,-365.8,False
2016-08-18,1032.25,oil_driven,up,10d,False,0.009782342871117677,0.04215042907622424,0.04215042907622424,0.1087606199053861,0.15001194537913976,0.15001194537913976,0.07820875477258227,0.11951531112515079,True,0.98,2,1.27,5.0,5.0,-6.68,-525.0,False
2016-08-25,998.25,speculative_down,down,5d,False,-0.032937757326229056,-0.023477622890682337,-0.032937757326229056,-0.0184570586295697,0.08829616013763442,-0.0184570586295697,-0.03743781312400962,0.037842976902735304,True,-3.29,21,-8.43,,,-7.31,86.8,True
2016-08-26,990.75,speculative_down,down,5d,False,-0.0352969814995131,-0.01245950660353845,-0.0352969814995131,-0.018136872625985845,0.07080237339496986,-0.018136872625985845,-0.034856433742931014,0.03291539677007527,True,-3.53,20,-7.96,,,-7.08,89.0,True
2016-08-29,983.25,speculative_down,down,5d,True,-0.050229413185221006,-0.03956043956043953,-0.050229413185221006,-0.0014877724964782457,0.0271097030666112,-0.0014877724964782457,-0.031867749655000055,-0.012044496302580754,True,-5.02,19,-8.69,,,-8.67,99.7,True
2016-08-30,965.5,oil_collapse,down,5d,True,-0.06647328982354361,-0.0529671407552722,-0.06647328982354361,-0.03638253753670162,-0.004937813393993018,-0.03638253753670162,-0.034228382068558716,-0.01947278325583368,True,-6.65,18,-8.61,,,-7.54,87.6,True
2016-08-31,960.0,oil_collapse,down,5d,True,-0.06863934028619934,-0.06841339155749637,-0.06863934028619934,-0.04425913351644206,-0.044667666417897434,-0.04425913351644206,-0.03276730664643679,-0.04528071675484435,True,-6.86,17,-8.29,,,-6.62,79.8,True
2016-09-01,959.0,oil_collapse,down,10d,True,-0.03931880791384923,-0.07096149188665535,-0.07096149188665535,-0.08810483461478569,-0.10493573714632176,-0.10493573714632176,-0.021573961949698628,-0.058204093117890876,True,-3.93,16,-5.31,21.0,,-2.0,37.7,True
2016-09-02,968.5,oil_collapse,down,10d,False,-0.022457734039868837,-0.05696202531645567,-0.05696202531645567,-0.0671704618794512,-0.0840890723941008,-0.0840890723941008,-0.00880124154211015,-0.04335089539237302,True,-2.25,15,-4.59,20.0,,-1.84,40.1,True
2016-09-06,974.25,oil_collapse,down,10d,False,-0.009153318077803174,-0.05892296546727849,-0.05892296546727849,-0.04576410668647901,-0.0471837926037032,-0.0471837926037032,-0.0015240185816790541,-0.033343201194048655,True,-0.92,14,-3.86,19.0,,-0.18,4.6,True
2016-09-07,991.75,oil_collapse,down,10d,False,0.027187985499740996,-0.04109257916364517,-0.04109257916364517,-0.018338694759519214,-0.05405402404575843,-0.05405402404575843,0.002444296736132001,-0.031867749655000055,True,2.72,2,3.29,4.0,6.0,1.04,31.5,True
2016-09-08,992.0,speculative_down,down,10d,False,0.03333333333333344,-0.03759398496240607,-0.03759398496240607,0.06532434270932419,0.018174010387036477,0.018174010387036477,0.014474819474481038,-0.01876678802032783,True,3.33,1,3.88,3.0,5.0,2.4,61.7,True
2016-09-09,997.25,oil_driven,up,5d,False,0.03988529718456735,-0.0010017530678687603,0.03988529718456735,0.0630213445393748,-0.030635975213253896,0.0630213445393748,0.025776335300982556,0.003646275674297872,True,3.99,0,3.99,2.0,4.0,3.44,86.3,True
2016-09-15,950.5,oil_collapse,down,5d,True,-0.04183467741935487,-0.009895833333333326,-0.04183467741935487,-0.07790842435295742,-0.01767339825600922,-0.07790842435295742,-0.02732233602620393,-0.013243002433323325,True,-4.18,7,-4.71,12.0,26.0,0.93,-19.8,False
2016-09-16,966.0,oil_collapse,down,5d,False,-0.03133617447981951,0.007299270072992803,-0.03133617447981951,-0.06211861862398671,-0.0030120729512240763,-0.06211861862398671,-0.03178926054695119,-0.006832335884797147,True,-3.13,6,-5.21,11.0,27.0,0.5,-9.6,False
2016-09-22,976.5,oil_driven,up,5d,False,0.02735402419779054,-0.015625,0.02735402419779054,0.05488498874486214,-0.027299438601837367,0.05488498874486214,0.0599250347716076,0.030965406808991736,True,2.74,24,6.71,28.0,,3.26,48.6,True
2016-09-23,955.0,speculative_down,down,10d,False,-0.011387163561076608,-0.04236650789671592,-0.04236650789671592,0.03369743909072764,-0.03051441790074083,-0.03051441790074083,0.04158855065955014,0.008477220839912425,True,-1.14,1,-2.15,6.0,6.0,2.41,-112.0,False
2016-09-26,945.25,speculative_down,down,10d,False,-0.028020565552699273,-0.039867953275774526,-0.039867953275774526,0.06073905576109606,-0.007777070711415868,-0.007777070711415868,0.008833295298685151,0.025069561255522954,True,-2.8,0,-2.8,5.0,5.0,3.01,-107.3,False
2016-09-27,952.5,speculative_down,down,5d,False,-0.03763576660772927,-0.016266460108443015,-0.03763576660772927,0.028314907484368046,-0.005122569022654178,0.028314907484368046,-0.020987373950366317,0.0497622736224983,True,-3.76,1,-4.47,4.0,18.0,-0.78,17.5,True
2016-09-28,945.5,speculative_down,down,5d,False,-0.0307534597642235,-0.02726337448559668,-0.0307534597642235,0.03771502158618878,0.07962361771938187,0.03771502158618878,-0.02275455393741843,0.03619045681423616,True,-3.08,0,-3.08,3.0,12.0,1.38,-45.0,False
2016-09-29,950.25,speculative_down,down,5d,False,-0.026881720430107503,-0.0002630194634403171,-0.026881720430107503,0.03259935548745685,0.08927355949133786,0.03259935548745685,-0.025618343796792065,0.03277151083200169,True,-2.69,8,-3.17,10.0,11.0,-0.56,17.7,True
2016-10-03,973.0,oil_driven,up,5d,False,0.0293573128801905,0.0005141388174807471,0.0293573128801905,0.06270413779619965,0.12725178367935053,0.06270413779619965,-0.002113517423964373,0.006701108551195878,True,2.94,17,7.3,21.0,,4.28,58.7,True
2016-10-19,981.5,soyoil_driven,up,5d,False,0.03807509254362773,0.018681888946548986,0.03807509254362773,0.028298090081893434,0.059765864232656174,0.028298090081893434,0.06819559981453716,0.07631505572543262,True,3.81,26,11.69,,,8.67,74.2,True
2016-10-25,990.75,soyoil_driven,up,10d,False,0.01876606683804627,0.03824993450353675,0.03824993450353675,-0.006561977034142297,-0.016341835323750553,-0.016341835323750553,0.020815498961753942,0.0796139747224538,True,1.88,22,8.59,,,5.6,65.3,True
2016-10-26,1010.0,soyoil_driven,up,10d,True,0.029037187977585255,0.06821787414066627,0.06821787414066627,-0.04689919070751536,-0.019928258149031097,-0.019928258149031097,0.009039539012174469,0.07785159561169364,True,2.9,21,7.59,,,5.71,75.2,True
2016-10-27,1014.25,soyoil_driven,up,10d,False,0.039723218862121934,0.06065359477124188,0.06065359477124188,-0.01407890303740067,-0.01427433436971981,-0.01427433436971981,0.0017118794464214826,0.05880581338698754,True,3.97,20,8.25,,,5.69,68.9,True
2016-10-28,1001.25,soyoil_driven,up,10d,False,0.018565615462868834,0.04025974025974022,0.04025974025974022,-0.042281175529942705,-0.03277056129464828,-0.03277056129464828,0.008257429508748082,0.03689599605371541,True,1.86,19,7.43,,,4.58,61.6,True
2016-11-02,976.75,oil_collapse,down,5d,False,-0.03292079207920795,-0.0048395313295975795,-0.03292079207920795,-0.07808052315493297,-0.12131780051646257,-0.07808052315493297,-0.020716731611921002,-0.011864462303357248,True,-3.29,7,-3.86,11.0,12.0,2.65,-68.6,False
2016-11-03,979.75,oil_collapse,down,5d,False,-0.034015282228247457,0.004356740133264925,-0.034015282228247457,-0.10176993662631006,-0.11441603059382655,-0.10176993662631006,-0.00028487997882631344,0.0014265117874148192,True,-3.4,6,-4.26,10.0,11.0,0.71,-16.8,False
2016-11-21,1020.25,oil_driven,up,5d,True,0.0507209062821834,0.03948038716250646,0.0507209062821834,0.09626043428021536,0.07760385766565459,0.09626043428021536,0.020323964983888887,-0.002016701142914523,True,5.07,4,8.75,20.0,,3.35,38.2,True
2016-11-22,1030.0,oil_driven,up,10d,False,0.0409297625063163,0.041192822845590005,0.041192822845590005,0.048460976630753994,0.06994875099892561,0.06994875099892561,0.007892442706501468,-0.008910645735357159,True,4.09,3,6.72,18.0,22.0,-0.35,-5.3,False
2016-11-23,1034.25,oil_driven,up,5d,True,0.0492011159015977,0.03244322435737468,0.0492011159015977,0.052446772123193375,0.06625165790493392,0.052446772123193375,0.08064516489896634,0.04361362336266983,True,4.92,2,7.13,18.0,,1.09,15.3,True
2016-11-25,1046.0,soyoil_driven,up,10d,False,0.05709954522486105,0.06517311608961296,0.06517311608961296,0.014090780056069896,0.017450870500087756,0.017450870500087756,0.08783379873770869,0.06849310347012905,True,5.71,1,6.72,16.0,20.0,1.62,24.1,True
2016-11-28,1056.0,oil_driven,up,10d,True,0.0626415094339623,0.06774519716885741,0.06774519716885741,0.03042248295304506,0.054187236719903664,0.054187236719903664,0.07812040842917045,0.055795185538336955,True,6.26,0,6.26,12.0,19.0,0.93,14.9,True
2016-11-29,1042.5,soyoil_driven,up,10d,True,0.021808380298946384,0.07363542739443862,0.07363542739443862,-0.04758900939890287,0.04409048616960898,0.04409048616960898,0.04965361579126126,0.07098673912381526,True,2.18,6,2.82,7.0,15.0,1.15,40.9,True
2016-11-30,1032.25,oil_driven,up,10d,False,0.0021844660194174637,0.043203638201111616,0.043203638201111616,0.0293566496616251,0.07924027820558832,0.07924027820558832,0.06699540034684093,0.07541660041217901,True,0.22,5,1.84,6.0,6.0,1.21,65.8,True
2016-12-01,1029.75,oil_driven,up,10d,False,-0.00435097897026826,0.04463606391072794,0.04463606391072794,0.06463724662209192,0.12047403368954468,0.12047403368954468,0.021438288961725505,0.10381234820916174,True,-0.44,24,-4.67,28.0,29.0,3.38,-72.5,False
2016-12-02,1027.5,oil_driven,up,10d,False,-0.017686424474187334,0.03840323395654366,0.03840323395654366,0.12201473652459893,0.13782479939663617,0.13782479939663617,0.02318599229839058,0.11305630481717022,True,-1.77,23,-5.74,27.0,29.0,2.77,-48.3,False
2016-12-05,1043.5,oil_driven,up,10d,False,-0.011837121212121215,0.05006289308176104,0.05006289308176104,0.10004245754650487,0.13350848045883912,0.13350848045883912,0.021247687644973645,0.10102797411114461,True,-1.18,22,-6.63,26.0,28.0,1.35,-20.4,False
2016-12-20,1005.25,speculative_down,down,10d,False,-0.02213035019455256,-0.040563111429253174,-0.040563111429253174,-0.014156285513028166,0.025525215575709304,0.025525215575709304,-0.01394581147905738,-0.041467240906048475,True,-2.21,11,-4.09,15.0,15.0,-0.1,2.4,True
2016-12-21,1006.75,speculative_down,down,10d,False,-0.016605616605616658,-0.04027645376549094,-0.04027645376549094,0.028409105347377395,0.05465142044777349,0.05465142044777349,-0.018785696577957922,-0.04453871290581213,True,-1.66,10,-3.69,12.0,14.0,1.2,-32.5,False
2016-12-22,994.5,speculative_down,down,5d,False,-0.03352769679300294,-0.03164556962025311,-0.03352769679300294,0.04027503291956225,0.04150276561799249,0.04027503291956225,-0.0530756851892672,-0.06099860642568011,True,-3.35,9,-4.18,13.0,13.0,1.34,-32.0,False
2016-12-23,989.0,speculative_down,down,10d,False,-0.04605739088497707,-0.046746987951807206,-0.046746987951807206,0.021579940249641494,0.029514571995411076,0.029514571995411076,-0.058247226635265825,-0.058247226635265825,True,-4.61,8,-4.9,12.0,13.0,2.12,-43.3,False
2017-01-03,986.75,speculative_down,down,10d,False,-0.0022750252780586733,-0.04822763443453104,-0.04822763443453104,-0.013013930983622801,0.008285169412979076,0.008285169412979076,-0.0008670167809201601,-0.05906374209325116,True,-0.23,3,-0.3,4.0,4.0,7.31,-2408.3,False
2017-01-12,1032.0,soyoil_driven,up,5d,False,0.0284005979073243,0.02508070523963246,0.0284005979073243,-0.013950893292710376,-0.019422919442924402,-0.013950893292710376,0.024285670689174088,0.028399249754331723,True,2.84,3,7.13,11.0,,0.75,10.5,True
2017-01-13,1042.5,speculative_up,up,5d,True,0.05730223123732259,0.0391228507351109,0.05730223123732259,-0.03000560652377504,-0.026036851663756355,-0.03000560652377504,0.017256211280466616,0.024623362191466214,True,5.73,2,9.03,10.0,,3.96,43.8,True
2017-01-17,1069.25,speculative_up,up,5d,True,0.07300551931761157,0.07300551931761157,0.07300551931761157,0.010007707215665906,-0.023082681502041957,0.010007707215665906,0.008222311079202349,0.033120373764989,True,7.3,1,7.88,9.0,,4.49,57.0,True
2017-01-18,1075.0,speculative_up,up,10d,True,0.06911984087518652,0.08943501393463382,0.08943501393463382,0.005116138091141087,-0.02388687093945796,-0.02388687093945796,0.004233743284980829,0.029216145361484758,True,6.91,0,6.91,8.0,,2.11,30.6,True
2017-01-19,1070.25,speculative_up,up,5d,True,0.06704885343968092,0.06360248447204975,0.06704885343968092,-0.016842125705554767,-0.035486283312260336,-0.016842125705554767,-0.009779331653118617,0.013150345640148942,True,6.7,0,6.7,7.0,,2.39,35.7,True
2017-01-20,1067.5,speculative_up,up,10d,False,0.0343992248062015,0.06377678126557051,0.06377678126557051,-0.011129978707209776,-0.024925598854625752,-0.024925598854625752,-0.01952571765790989,0.004285757882254382,True,3.44,0,3.44,4.0,6.0,-0.51,-14.8,False
2017-01-23,1057.75,speculative_up,up,10d,True,0.014628297362110354,0.07276876267748489,0.07276876267748489,0.0072560831748247345,-0.022967246525598006,-0.022967246525598006,-0.006785351173793308,0.010353770653206196,True,1.46,17,1.8,18.0,19.0,-2.66,-148.0,False
2017-01-24,1058.5,speculative_up,up,10d,False,-0.010053776011222815,0.062217762167586566,0.062217762167586566,0.013338429288210829,0.02347962359890987,0.02347962359890987,-0.007874088390909084,0.00028347948407825285,True,-1.01,23,-5.45,25.0,,-5.45,100.0,True
2017-01-25,1055.25,speculative_up,up,10d,False,-0.01837209302325582,0.049477871705619014,0.049477871705619014,0.03269377660691508,0.037977180573897984,0.037977180573897984,-0.01995511137242889,-0.015805852906222162,True,-1.84,30,-6.95,,,-6.95,100.0,True
2017-01-26,1049.5,speculative_up,up,10d,False,-0.019387993459472064,0.04636091724825531,0.04636091724825531,0.04691453956632774,0.0292822732879785,0.0292822732879785,-0.027370131026890898,-0.03688180109130823,True,-1.94,30,-6.91,,,-6.91,100.0,True
2017-01-30,1022.75,speculative_down,down,5d,False,-0.033089104230678346,-0.01894484412470021,-0.033089104230678346,-0.0022748612679576175,0.004964715324295543,-0.0022748612679576175,-0.04326787394103604,-0.04975963739559597,True,-3.31,30,-6.67,,,-6.67,100.0,True
2017-01-31,1024.5,speculative_down,down,10d,False,-0.03212092583845061,-0.04185176525602052,-0.04185176525602052,-0.006957482695778672,0.006288144701470433,0.006288144701470433,-0.04053288987115666,-0.0480878187044812,True,-3.21,29,-6.73,,,-5.72,84.9,True
2017-02-03,1027.0,speculative_down,down,10d,False,-0.02120562306409335,-0.03793911007025763,-0.03793911007025763,0.012413084160963095,0.026898201285033396,0.026898201285033396,-0.01196381213701525,-0.036699882205626366,True,-2.12,26,-5.91,,,-4.74,80.2,True
2017-02-10,1059.0,speculative_up,up,5d,False,0.031158714703018564,0.00929235167977116,0.031158714703018564,0.0005572873541974666,0.012977289169990192,0.0005572873541974666,0.022150029134102134,0.009921218209697047,True,3.12,3,3.33,4.0,6.0,-5.4,-162.0,False
2017-02-21,1026.25,speculative_down,down,5d,False,-0.026559165283376762,-0.009411196911196962,-0.026559165283376762,0.02134897150198456,0.019807641671463427,0.02134897150198456,-0.043898158629790185,-0.051393743563944216,True,-2.66,30,-11.05,,,-11.05,100.0,True
2017-02-23,1011.5,speculative_down,down,5d,True,-0.04687868080094226,-0.044628099173553704,-0.04687868080094226,0.02523065594404672,0.040313347424536294,0.02523065594404672,-0.047731260973296386,-0.06831937231787677,True,-4.69,28,-11.64,,,-11.28,97.0,True
2017-02-24,1013.5,speculative_down,down,5d,False,-0.028982035928143746,-0.03522132317943838,-0.028982035928143746,0.011806616583752705,0.018679276952203727,0.011806616583752705,-0.03371124858840835,-0.065762875676732,True,-2.9,27,-10.16,,,-9.75,96.0,True
2017-02-27,1011.0,speculative_down,down,10d,False,-0.020823244552058084,-0.04532577903682722,-0.04532577903682722,0.01217224143461193,0.003527638777495179,0.003527638777495179,-0.016418392385172842,-0.06529910708971565,True,-2.08,26,-9.18,,,-8.79,95.8,True
2017-03-08,1011.0,oil_collapse,down,5d,False,-0.02905162064825928,-0.011488633585920338,-0.02905162064825928,-0.06594841038459331,-0.06176528016171623,-0.06594841038459331,-0.03479271396175809,0.01742052792050508,True,-2.91,19,-9.94,,,-9.08,91.3,True
2017-03-10,996.25,oil_collapse,down,5d,False,-0.029941577409931863,-0.017020226936359184,-0.029941577409931863,-0.0907556719746726,-0.10187071363240208,-0.0907556719746726,-0.0495166243339229,0.0015436627972436057,True,-2.99,17,-8.69,,,-6.4,73.7,True
2017-03-13,996.25,oil_collapse,down,5d,False,-0.02970538105673237,-0.014589515331355107,-0.02970538105673237,-0.0902255482748856,-0.10453279909220792,-0.0902255482748856,-0.06319810669019621,-0.014837640109061412,True,-2.97,16,-8.67,,,-7.04,81.2,True
2017-03-14,987.25,oil_collapse,down,10d,False,-0.027100271002710064,-0.03682926829268296,-0.03682926829268296,-0.1019946976138113,-0.11645986477141446,-0.11645986477141446,-0.04840157693903324,-0.0546155630822891,True,-2.71,15,-7.59,,,-6.8,89.6,True
2017-03-15,998.0,oil_collapse,down,10d,False,-0.01285855588526208,-0.04153661464585834,-0.04153661464585834,-0.028241809932780138,-0.09232771784592275,-0.09232771784592275,-0.03214177426847542,-0.0658161886718871,True,-1.29,14,-7.25,,,-6.45,89.1,True
2017-03-27,971.5,speculative_down,down,5d,False,-0.028014007003501762,-0.024843161856963558,-0.028014007003501762,-0.010161793157657861,-0.01384301575454161,-0.010161793157657861,-0.013744677454779142,0.013178539856732785,True,-2.8,6,-6.18,,,-3.43,55.5,True
2017-03-28,972.0,speculative_down,down,5d,False,-0.029455816275586577,-0.015446948594580956,-0.029455816275586577,0.021757473087810508,0.013621074906838837,0.021757473087810508,-0.020217205228874935,0.019466274154084973,True,-2.95,5,-6.37,,,-3.97,62.4,True
2017-03-29,969.0,speculative_down,down,5d,False,-0.030757689422355572,-0.029058116232464903,-0.030757689422355572,0.03059944583662011,0.013303268584976768,0.03059944583662011,-0.03908118602031829,-0.0003104325217728743,True,-3.08,4,-6.2,,,-4.38,70.6,True
2017-03-30,963.0,speculative_down,down,10d,False,-0.028254288597376442,-0.03844233649525708,-0.03844233649525708,0.05555550668335729,0.03282048152043249,0.03282048152043249,-0.0364239269929898,-0.007749535431101573,True,-2.83,3,-5.37,23.0,,-3.73,69.5,True
2017-03-31,946.0,speculative_down,down,10d,False,-0.030489367153471725,-0.05400000000000005,-0.05400000000000005,0.054825874223302984,0.03731036778124408,0.03731036778124408,-0.013962111758677231,-0.01609902670890473,True,-3.05,2,-3.89,15.0,,-1.08,27.6,True
2017-04-03,938.25,speculative_down,down,10d,False,-0.034225424601132315,-0.06128064032016012,-0.06128064032016012,0.05258751645303006,0.04189133983050142,0.04189133983050142,-0.026943351333726384,-0.04031770111487265,True,-3.42,1,-3.47,8.0,30.0,0.49,-14.1,False
2017-04-04,937.75,speculative_down,down,10d,True,-0.03523662551440332,-0.06365451822266599,-0.06365451822266599,0.054992762169748355,0.0779467388004913,0.0779467388004913,-0.03202959274495598,-0.051599249123908786,True,-3.52,0,-3.52,7.0,29.0,0.39,-10.9,False
2017-04-05,944.25,speculative_down,down,10d,False,-0.025541795665634637,-0.05551387846961742,-0.05551387846961742,0.033124687132789044,0.06473773003918404,0.06473773003918404,-0.011797552672076606,-0.05041767634183292,True,-2.55,4,-3.07,6.0,28.0,-2.5,81.5,True
2017-04-06,941.5,speculative_down,down,10d,False,-0.022326064382139132,-0.049949545913218985,-0.049949545913218985,0.02681236007409704,0.08385744100674741,0.08385744100674741,-0.019993674347345336,-0.05568935320558577,True,-2.23,3,-2.47,5.0,18.0,-1.04,42.1,True
2017-05-23,948.25,speculative_down,down,5d,False,-0.028681177976952577,-0.017612017612017583,-0.028681177976952577,0.05774766506581597,0.12183958200630296,0.05774766506581597,-0.020296825295754606,-0.009494681739763533,True,-2.87,21,-7.4,27.0,29.0,0.46,-6.2,False
2017-05-24,948.25,speculative_down,down,5d,False,-0.02818344862925959,-0.014036911879386493,-0.02818344862925959,0.04666804421783777,0.08514681224146226,0.04666804421783777,-0.026244425536537386,0.006548147379825231,True,-2.82,20,-7.35,26.0,28.0,2.08,-28.2,False
2017-05-26,926.5,speculative_down,down,5d,False,-0.027806925498426005,-0.028825995807127858,-0.027806925498426005,-0.010530549865132688,0.0409698803975993,-0.010530549865132688,-0.043583550065244725,-0.03156606352832714,True,-2.78,18,-5.14,24.0,25.0,7.58,-147.4,False
2017-05-30,912.75,speculative_down,down,10d,False,-0.04573967590172501,-0.0543900543900544,-0.0543900543900544,-0.02109205015729143,0.01658140017589016,0.01658140017589016,-0.04614446307786324,-0.048455492407285305,True,-4.57,17,-5.49,23.0,24.0,6.3,-114.8,False
2017-05-31,916.0,speculative_down,down,10d,False,-0.03401001845504881,-0.06171574903969268,-0.06171574903969268,-0.06120072763106643,-0.006987261686273394,-0.006987261686273394,-0.030921459346993196,-0.05059067718449206,True,-3.4,16,-4.67,22.0,23.0,2.56,-54.8,False
2017-06-01,912.25,speculative_down,down,10d,True,-0.03796467176377538,-0.06507814501665388,-0.06507814501665388,-0.05841121425912432,-0.01446910717114891,-0.01446910717114891,-0.03190826574496264,-0.05731527717715634,True,-3.8,15,-4.67,21.0,22.0,3.9,-83.6,False
2017-06-08,938.0,speculative_up,up,5d,False,0.028226911482597927,-0.01080938571051937,0.028226911482597927,-0.05624485497051257,-0.11137073895498095,-0.05624485497051257,0.01920001220703127,-0.0133208926297399,True,2.82,22,12.39,,,10.61,85.6,True
2017-06-22,904.0,oil_collapse,down,10d,False,-0.03289649638940895,-0.03624733475479747,-0.03624733475479747,-0.03868640219128017,-0.06354070442514914,-0.06354070442514914,-0.036347048882068855,-0.00941918809469533,True,-3.29,0,-3.29,6.0,6.0,1.55,-47.2,False
2017-06-23,904.5,oil_collapse,down,10d,False,-0.036741214057507965,-0.03929899097185341,-0.03929899097185341,-0.038667932320758935,-0.061531821882028215,-0.061531821882028215,-0.04530353284049904,-0.021059160294070844,True,-3.67,0,-3.67,5.0,5.0,2.21,-60.1,False
2017-06-26,906.75,speculative_down,down,5d,False,-0.03305785123966942,-0.026308724832214803,-0.03305785123966942,-0.01855202897443764,-0.05859376422853879,-0.01855202897443764,-0.039609971028292223,-0.01314965777305166,True,-3.31,0,-3.31,4.0,4.0,2.69,-81.5,False
2017-06-30,942.25,oil_driven,up,5d,False,0.04173576561636261,0.0034611288604899926,0.04173576561636261,0.07044879591351094,0.029056754320289535,0.07044879591351094,0.04175892658451752,-0.005436433157887222,True,4.17,6,13.35,21.0,,2.32,17.4,True
2017-07-03,964.75,oil_driven,up,5d,True,0.06396470912599939,0.028792322047453967,0.06396470912599939,0.08506220691223487,0.06493210141053174,0.08506220691223487,0.05107869882517724,0.009445502016256935,True,6.4,5,13.07,20.0,,1.65,12.7,True
2017-07-05,976.25,soyoil_driven,up,5d,True,0.07133058984910834,0.05227701428186471,0.07133058984910834,0.02011752612752793,0.04395099574365191,0.02011752612752793,0.03335410329647859,0.03529047632606308,True,7.13,4,12.51,19.0,,1.15,9.2,True
2017-07-06,980.75,speculative_up,up,5d,True,0.07303063457330405,0.0674829931972789,0.07303063457330405,0.017434035539437343,0.07030335679017918,0.017434035539437343,0.022104698716696403,0.030769275913576477,True,7.3,3,12.17,18.0,,1.78,14.6,True
2017-07-07,996.0,soyoil_driven,up,10d,True,0.08793009284543962,0.10176991150442483,0.10176991150442483,-0.01557980766046907,0.03486190466202577,0.03486190466202577,0.011104276085259102,0.03898572335911488,True,8.79,2,11.99,17.0,,2.4,20.0,True
2017-07-10,1020.25,soyoil_driven,up,10d,True,0.08278057840275932,0.1279712548369265,0.1279712548369265,-0.03562118499209965,0.03231814132970534,0.03231814132970534,0.020953495909944886,0.06358741799185474,True,8.28,1,8.81,3.0,23.0,-1.03,-11.7,False
2017-07-11,1025.25,soyoil_driven,up,10d,True,0.06271054677377563,0.13068651778329188,0.13068651778329188,-0.04312723162222776,0.03826647779020509,0.03826647779020509,0.018110427249534267,0.07011418313378592,True,6.27,0,6.27,2.0,15.0,-3.21,-51.2,False
2017-07-12,1016.75,soyoil_driven,up,10d,True,0.041485275288092094,0.11577503429355285,0.11577503429355285,0.007976968797501538,0.028254971803231665,0.028254971803231665,0.008446418292870739,0.04208224429757501,True,4.15,0,4.15,1.0,1.0,-4.23,-101.9,False
2017-07-13,972.5,speculative_up,up,10d,False,-0.008411929645679272,0.0640043763676148,0.0640043763676148,0.012302314755260557,0.029950829287358482,0.029950829287358482,0.0054826829253555864,0.02770857469627619,True,-0.84,23,-6.02,,,-4.03,66.9,True
2017-07-14,985.25,speculative_up,up,10d,True,-0.010793172690763075,0.07618787547788086,0.07618787547788086,0.05222702684147973,0.035833532148142444,0.035833532148142444,0.008541873228225416,0.019741000632096162,True,-1.08,22,-7.45,,,-5.72,76.8,True
2017-07-17,985.0,speculative_up,up,10d,False,-0.03455035530507233,0.04537012470151236,0.04537012470151236,0.036486461175919915,-0.0004344147994342906,-0.0004344147994342906,-0.01814398065828149,0.002429335427149848,True,-3.46,21,-9.65,,,-8.33,86.3,True
2017-07-18,989.5,speculative_down,down,5d,False,-0.03486954401365516,0.02565431458927181,-0.03486954401365516,0.03019539482031197,-0.014234080588256037,0.03019539482031197,-0.016602472009813907,0.0012072773782241253,True,-3.49,20,-10.1,,,-9.22,91.3,True
2017-07-20,1013.25,soyoil_driven,up,5d,False,0.041902313624678555,0.03313790466479727,0.041902313624678555,0.015407965630638731,0.027899834028825676,0.015407965630638731,0.029082185640212144,0.034724316968209434,True,4.19,0,4.19,3.0,8.0,-3.73,-89.0,False
2017-07-25,981.5,speculative_down,down,10d,False,-0.008084891359272373,-0.04267251889782975,-0.04267251889782975,0.03211202187005324,0.06327705186921007,0.06327705186921007,0.009948804620786733,-0.006818842139274972,True,-0.81,15,-6.85,29.0,,-2.53,36.9,True
2017-08-03,950.5,speculative_down,down,10d,False,-0.04448353857753207,-0.06192943498642978,-0.06192943498642978,-0.00020395872846112884,0.047873430646294235,0.047873430646294235,-0.013884709813655638,-0.017368269984880502,True,-4.45,8,-7.34,22.0,,-2.61,35.6,True
2017-08-04,949.25,speculative_down,down,10d,False,-0.051461403947039686,-0.05921704658077309,-0.05921704658077309,-0.0026151127703113453,0.08324232762039996,0.08324232762039996,-0.029182378457641045,-0.005917182469050486,True,-5.15,7,-7.89,22.0,,-3.3,41.8,True
2017-08-07,959.75,speculative_down,down,10d,False,-0.03494218200100552,-0.037844611528822014,-0.037844611528822014,-0.015547115961022429,0.0658178512519969,0.0658178512519969,-0.034572192295915904,-0.002975373014053484,True,-3.49,6,-7.32,20.0,,-2.92,39.9,True
2017-08-10,930.75,speculative_down,down,10d,True,-0.020778537611783277,-0.06433777330987689,-0.06433777330987689,-0.00897406970556125,-0.009176198094176025,-0.009176198094176025,0.010784919078251187,-0.003249536207169723,True,-2.08,3,-3.02,6.0,17.0,3.55,-117.4,False
2017-08-11,935.5,speculative_down,down,10d,True,-0.014485119831445847,-0.06520109917561834,-0.06520109917561834,-0.015328804117841655,-0.017903830336750803,-0.017903830336750803,-0.0020833243453309835,-0.03120490644347662,True,-1.45,2,-2.9,5.0,16.0,2.32,-80.0,False
2017-08-14,925.5,oil_collapse,down,10d,True,-0.035686376660588714,-0.06938159879336347,-0.06938159879336347,-0.03644460942102801,-0.05142511681322748,-0.05142511681322748,-0.015816138640517452,-0.04984153234997446,True,-3.57,1,-3.96,8.0,15.0,0.39,-9.9,False
2017-08-15,921.75,speculative_down,down,5d,True,-0.04283489096573212,-0.039343408025013016,-0.04283489096573212,-0.03294689835697251,-0.03275021593467964,-0.03294689835697251,-0.03224852595241312,-0.0339634230699728,True,-4.28,0,-4.28,14.0,15.0,0.26,-6.1,False
2017-08-16,921.75,oil_collapse,down,10d,False,-0.04283489096573212,-0.04630108639420594,-0.04630108639420594,-0.05609367467637594,-0.05666467764962013,-0.05666467764962013,-0.0375037372966841,-0.03806743758920972,True,-4.28,0,-4.28,13.0,14.0,-0.36,8.5,True
2017-09-05,960.5,oil_driven,up,5d,False,0.02699812884255537,0.03002680965147464,0.02699812884255537,0.04487868083065871,0.027232445527015647,0.04487868083065871,0.014744097117185051,0.038461516757525294,True,2.7,28,6.95,,,5.29,76.2,True
2017-09-06,964.5,oil_driven,up,5d,False,0.036261079774375427,0.032931726907630576,0.036261079774375427,0.058570226122676594,0.03190597139457463,0.058570226122676594,0.027129531455451827,0.03376387741673548,True,3.63,27,7.47,,,5.75,77.0,True
2017-09-07,963.25,oil_driven,up,5d,False,0.04360780065005421,0.030213903743315562,0.04360780065005421,0.06810272259497685,0.014046690917561167,0.06810272259497685,0.021846780075658323,0.010368680809172748,True,4.36,26,8.37,,,6.88,82.2,True
2017-09-14,967.25,oil_driven,up,10d,False,0.004152608357124388,0.04794149512459378,0.04794149512459378,0.0162965824928476,0.08550914672458099,0.08550914672458099,-0.01197268990079614,0.00961252545168545,True,0.42,21,3.84,26.0,,0.83,21.6,True
2017-10-13,1000.25,oil_driven,up,5d,False,0.028799177166366707,0.033049315775884436,0.028799177166366707,0.04382227241411285,-0.004257739767795865,0.04382227241411285,0.023845998649520084,0.02824691410079372,True,2.88,0,2.88,2.0,9.0,2.44,84.8,True
2017-11-14,959.0,speculative_down,down,5d,False,-0.02738336713995948,-0.015147625160462086,-0.02738336713995948,-0.02622377587400082,0.02427362392234622,-0.02622377587400082,-0.02884072310189134,-0.021295012329979768,True,-2.74,30,-4.08,,,-4.08,100.0,True
2017-11-20,990.0,speculative_up,up,5d,False,0.0275038920601971,0.0060975609756097615,0.0275038920601971,-0.011804055474947672,-0.021970328771704573,-0.011804055474947672,-0.011069066351505064,-0.02245893433854762,True,2.75,10,4.67,14.0,19.0,-0.44,-9.4,False
2017-11-21,989.0,speculative_up,up,5d,False,0.031282586027111536,0.0030425963488844854,0.031282586027111536,0.02028727204016656,-0.006468512708910579,0.02028727204016656,0.004704494422477223,-0.024271909700387284,True,3.13,9,5.16,13.0,19.0,0.26,5.1,True
2017-12-12,975.75,speculative_down,down,5d,False,-0.03247397124442242,-0.017371601208459264,-0.03247397124442242,-0.008330433029055673,-0.014657738648315766,-0.008330433029055673,-0.0014965350879646566,-0.018823511460248188,True,-3.25,20,-6.74,25.0,,-2.28,33.8,True
2017-12-18,961.5,speculative_down,down,10d,False,-0.021374045801526687,-0.03705558337506254,-0.03705558337506254,-0.014312843714968992,-0.0053941424518247905,-0.0053941424518247905,-0.01137727696870916,-0.010191850910290068,True,-2.14,16,-4.27,18.0,22.0,0.25,-6.0,False
2017-12-19,956.0,speculative_down,down,10d,False,-0.02024084037919549,-0.05205751115518098,-0.05205751115518098,0.005600274732977972,-0.0027768110096851872,-0.0027768110096851872,-0.004196624313160147,-0.005686879005589174,True,-2.02,15,-3.61,17.0,20.0,0.31,-8.5,False
2017-12-20,954.0,speculative_down,down,10d,False,-0.025785039571100343,-0.04861630516080773,-0.04861630516080773,0.026325118703811823,0.0380629217827535,0.0380629217827535,-0.004530399369186644,-0.003928711620301062,True,-2.58,14,-3.96,16.0,20.0,-0.97,24.5,True
2017-12-21,948.75,speculative_down,down,10d,False,-0.01963316972358564,-0.04359879032258063,-0.04359879032258063,0.023141649257317765,0.02945849398655276,0.02945849398655276,-0.010599705753064792,-0.01744366409187026,True,-1.96,13,-2.82,15.0,15.0,1.91,-67.9,False
2017-12-22,949.5,speculative_down,down,10d,False,-0.018350995089170374,-0.04066683505935842,-0.04066683505935842,0.02041888305795725,0.01935147486995059,0.01935147486995059,-0.012665807324425904,-0.02385209347714079,True,-1.84,12,-2.77,14.0,14.0,1.63,-58.9,False
2018-01-18,973.0,speculative_up,up,5d,False,0.02745512143611406,0.013805678562125445,0.02745512143611406,0.005977679250267043,0.03764399893908954,0.005977679250267043,-0.03184143418862462,-0.045319871308198256,True,2.75,30,12.01,,,12.01,100.0,True
2018-01-19,977.25,speculative_up,up,5d,False,0.03907496012759171,0.018764659890539548,0.03907496012759171,-0.006739816776141883,0.021931956896688032,-0.006739816776141883,-0.020928189743983694,-0.04327216439060555,True,3.91,30,13.42,,,13.42,100.0,True
2018-01-22,984.25,speculative_up,up,5d,False,0.04263771186440679,0.023660946437857433,0.04263771186440679,-0.01259722138176278,0.03336593583299097,-0.01259722138176278,-0.023382947179707347,-0.04427939408326309,True,4.26,29,13.0,,,12.76,98.2,True
2018-01-24,992.25,speculative_up,up,10d,False,0.024258064516128997,0.03818990321736848,0.03818990321736848,0.025637007321451577,0.04209024085790469,0.04209024085790469,0.0052292215447447,-0.025931414356747062,True,2.43,27,10.12,,,8.77,86.7,True
2018-01-25,992.25,speculative_up,up,10d,False,0.019784172661870603,0.04778247096092936,0.04778247096092936,0.024394079041123007,0.030517578271503476,0.030517578271503476,0.008377302562782907,-0.02373087695407261,True,1.98,26,9.64,,,5.78,60.0,True
2018-01-26,985.5,speculative_up,up,10d,False,0.008442056792018482,0.04784688995215314,0.04784688995215314,0.043711543387290996,0.0366771188177164,0.0366771188177164,0.01579932328118816,-0.005459517698250815,True,0.84,25,9.16,,,5.73,62.6,True
2018-01-29,991.5,speculative_up,up,10d,False,0.007366014732029358,0.05031779661016955,0.05031779661016955,0.032603493863649025,0.01959555905186683,0.01959555905186683,0.022077086064718587,-0.0018220884523217906,True,0.74,24,8.38,,,5.72,68.2,True
2018-02-12,1001.75,speculative_up,up,5d,False,0.032998195411188425,0.010337871911245688,0.032998195411188425,-0.07575994535855124,-0.09563753625009896,-0.07575994535855124,-0.01999998826246996,-0.031031292472164185,True,3.3,14,10.0,,,5.13,51.3,True
2018-02-14,1017.25,speculative_up,up,5d,False,0.03484231943031535,0.02159176500125537,0.03484231943031535,-0.019258818963817426,-0.06380356355056671,-0.019258818963817426,-0.023341587966083432,-0.03840340095202477,True,3.48,12,8.52,22.0,,6.28,73.7,True
2018-02-15,1024.25,speculative_up,up,10d,False,0.03695267021007331,0.03984771573604062,0.03984771573604062,0.003107091119672001,-0.06778119593188647,-0.06778119593188647,-0.015833540392090728,-0.03647418563174054,True,3.7,11,8.0,21.0,,4.83,60.4,True
2018-02-16,1021.5,speculative_up,up,10d,False,0.03916581892166837,0.04367816091954024,0.04367816091954024,0.041891883619516124,-0.057601173702845454,-0.057601173702845454,-0.013141369867853414,-0.029836894988806373,True,3.92,10,8.52,20.0,,5.6,65.7,True
2018-02-20,1026.5,speculative_up,up,10d,False,0.024706763164462187,0.05852023717452948,0.05852023717452948,0.04402092376537703,-0.03507404437227213,-0.03507404437227213,0.0003139789250254932,-0.019692288912259714,True,2.47,9,6.49,13.0,,1.35,20.8,True
2018-02-21,1034.25,speculative_up,up,10d,False,0.02223869532987388,0.048669201520912475,0.048669201520912475,0.04206794621115617,-0.026975849517864137,-0.026975849517864137,0.01583782086896801,-0.03287093358273818,True,2.22,8,5.44,12.0,,1.93,35.5,True
2018-02-22,1032.0,speculative_up,up,10d,False,0.014499877119685367,0.04984740590030512,0.04984740590030512,0.03580861449310557,0.01586016390542011,0.01586016390542011,0.007547222774366924,-0.01597052935600396,True,1.45,7,4.87,11.0,28.0,1.62,33.3,True
2018-02-23,1036.25,speculative_up,up,10d,False,0.011715889675372182,0.049101493292837306,0.049101493292837306,0.03602867751834227,0.03924771302198504,0.03924771302198504,0.020820183959860294,0.004656986344070413,True,1.17,6,4.15,10.0,16.0,2.22,53.5,True
2018-02-26,1034.25,oil_driven,up,10d,False,0.012481644640234935,0.05213631739572744,0.05213631739572744,0.03615433740601337,0.0795607943204828,0.0795607943204828,0.03424216819935899,0.020650809334120446,True,1.25,5,4.43,9.0,21.0,2.79,63.0,True
2018-03-01,1057.5,speculative_up,up,10d,False,0.024709302325581328,0.039567461292700834,0.039567461292700834,-0.02835747596488536,0.006435696603396046,0.006435696603396046,0.0024968169185866085,0.010062883726465133,True,2.47,2,3.37,6.0,6.0,2.16,64.0,True
2018-03-05,1066.75,speculative_up,up,10d,False,0.03142373700749346,0.04429760156632412,0.04429760156632412,-0.02096698726000934,0.014429302614217931,0.014429302614217931,-0.01870020325951971,0.014901629434464603,True,3.14,0,3.14,4.0,4.0,1.14,36.2,True
2018-03-09,1029.25,speculative_down,down,5d,False,-0.029695969832665536,-0.006755126658624877,-0.029695969832665536,0.012897974131058643,-0.023760792126848895,0.012897974131058643,-0.019962609781116636,-0.029048223619529967,True,-2.97,17,-4.29,20.0,23.0,-3.77,87.9,True
2018-03-12,1033.25,speculative_down,down,5d,False,-0.03140379657839232,-0.0009668842156151936,-0.03140379657839232,-0.01933832652028522,-0.039899847334513905,-0.01933832652028522,-0.01405807182714236,-0.03249538628605764,True,-3.14,16,-4.83,19.0,,-4.17,86.4,True
2018-03-19,1022.5,speculative_down,down,10d,False,-0.010404064843939076,-0.04148113428638389,-0.04148113428638389,0.01140809576232904,-0.008150844238782873,-0.008150844238782873,0.015842899740483363,0.0015621072908389433,True,-1.04,11,-1.74,12.0,13.0,0.9,-51.4,False
2018-04-11,1047.75,oil_driven,up,5d,False,0.032011819748830384,0.027709661598823043,0.032011819748830384,0.054442178019409315,0.024061298004968812,0.054442178019409315,-0.00473483639789507,-0.0015832564021955875,True,3.2,1,4.48,6.0,18.0,2.36,52.7,True
2018-04-12,1060.75,speculative_up,up,10d,False,0.028606060606060524,0.04199410609037324,0.04199410609037324,0.05555553554350423,0.04178320217718623,0.04178320217718623,-0.004719997565699852,0.0003162024436380584,True,2.86,0,2.86,2.0,6.0,0.44,15.3,True
2018-05-07,1002.25,speculative_down,down,5d,False,-0.034208624427848666,-0.01812392848395783,-0.034208624427848666,0.03150070981074271,0.03044877601791396,0.03150070981074271,0.010543647143398172,-0.01192012977835677,True,-3.42,30,-14.33,,,-14.33,100.0,True
2018-05-08,1011.25,speculative_down,down,5d,False,-0.029976019184652314,-0.010760577158229423,-0.029976019184652314,0.0269144618378252,0.020088636213548172,0.0269144618378252,0.01363031411077209,-0.016768798901180326,True,-3.0,29,-14.72,,,-14.68,99.7,True
2018-05-10,1013.25,speculative_down,down,5d,False,-0.02875629043853345,-0.014348249027237303,-0.02875629043853345,0.04281748198317881,0.04648772628611075,0.04281748198317881,0.01308043229327116,0.0055176916339081394,True,-2.88,29,-15.6,,,-14.26,91.4,True
2018-05-11,994.75,speculative_down,down,10d,False,-0.03163786809442681,-0.04808612440191384,-0.04808612440191384,0.01405616337321658,0.038179126760320425,0.038179126760320425,0.019960753305358514,0.024318099365654655,True,-3.16,30,-14.87,,,-14.87,100.0,True
2018-05-17,995.0,speculative_down,down,10d,False,-0.01801134961756723,-0.04624970045530796,-0.04624970045530796,0.0018217103742443896,0.04471719340855107,0.04471719340855107,-0.0012911235884357497,0.011772420250154791,True,-1.8,30,-15.27,,,-15.27,100.0,True
2018-05-23,1039.25,soyoil_driven,up,5d,False,0.039509877469367405,0.03176966989327368,0.039509877469367405,0.004895768423270219,0.009839709787009765,0.004895768423270219,0.036286387865795966,0.026886942051883134,True,3.95,2,4.18,5.0,9.0,-12.58,-301.2,False
2018-05-24,1035.75,soyoil_driven,up,5d,False,0.04095477386934676,0.022205773501110304,0.04095477386934676,-0.010910600120358493,-0.009108765699542554,-0.010910600120358493,0.024886830546995364,0.023563574984599045,True,4.1,1,4.67,6.0,8.0,-14.4,-308.1,False
2018-05-25,1041.5,speculative_up,up,10d,False,0.04306459689534292,0.04699673284744921,0.04699673284744921,-0.04769923658958353,-0.039886843232662006,-0.039886843232662006,0.011620420131406295,0.005453964577408987,True,4.31,0,4.31,3.0,7.0,-14.65,-340.1,False
2018-06-04,1001.75,oil_collapse,down,5d,False,-0.03816610657705233,0.003254882323485253,-0.03816610657705233,-0.046110745139435916,-0.0916105343872915,-0.046110745139435916,-0.013082317977533675,-0.001613919877318959,True,-3.82,28,-21.84,,,-19.4,88.8,True
2018-06-05,1001.25,speculative_down,down,5d,False,-0.028384279475982543,-0.023408924652523755,-0.028384279475982543,-0.018132873565058216,-0.0930232754626561,-0.018132873565058216,-0.01345716697422994,-0.020050896220141334,True,-2.84,27,-21.01,,,-18.27,87.0,True
2018-06-06,994.25,oil_collapse,down,5d,False,-0.028103616813294208,-0.0351770984958758,-0.028103616813294208,-0.051018850230878376,-0.10259246053324533,-0.051018850230878376,-0.02636594459261188,-0.027292942053465663,True,-2.81,26,-20.43,,,-17.3,84.7,True
2018-06-07,974.25,oil_collapse,down,10d,True,-0.04344624447717227,-0.06254510464277119,-0.06254510464277119,-0.016259008836509437,-0.08198774624020788,-0.08198774624020788,-0.01670952582713625,-0.03470032665600875,True,-4.34,25,-20.08,,,-16.57,82.5,True
2018-06-08,969.25,oil_collapse,down,10d,True,-0.050917992656058786,-0.06420468259715184,-0.06420468259715184,-0.001063663537776205,-0.07028710627991641,-0.07028710627991641,-0.021481246066743287,-0.03752755159465415,True,-5.09,24,-20.29,,,-16.99,83.7,True
2018-06-11,953.75,speculative_down,down,10d,True,-0.04791614674319944,-0.08425348055688908,-0.08425348055688908,0.02084939728372337,-0.026222729100173092,-0.026222729100173092,-0.011315886777122364,-0.024250166725639954,True,-4.79,23,-18.74,,,-14.35,76.6,True
2018-06-12,954.0,speculative_down,down,10d,True,-0.04719101123595504,-0.07423580786026196,-0.07423580786026196,0.012820574028128418,-0.005544773384813406,-0.005544773384813406,-0.02403383099912848,-0.03716757069657284,True,-4.72,22,-18.7,,,-14.03,75.0,True
2018-06-13,936.0,speculative_down,down,10d,True,-0.05858687452853906,-0.08504398826979476,-0.08504398826979476,0.02950712086608065,-0.02301714874500871,-0.02301714874500871,-0.018597053896197036,-0.044472669596196,True,-5.86,21,-18.13,,,-13.38,73.8,True
2018-06-14,927.25,speculative_down,down,10d,True,-0.04824223761868107,-0.08959253804614631,-0.08959253804614631,0.01425325981658454,-0.002237492897231852,-0.002237492897231852,-0.01503271196361966,-0.03149104830194782,True,-4.82,20,-16.45,,,-10.65,64.7,True
2018-06-15,905.5,speculative_down,down,10d,True,-0.06577250451379935,-0.11334149326805387,-0.11334149326805387,-0.010343783499733639,-0.011396444732158506,-0.011396444732158506,-0.033420722230173006,-0.05418404953896161,True,-6.58,19,-16.02,,,-9.72,60.7,True
2018-06-18,908.5,speculative_down,down,10d,True,-0.04744429882044565,-0.09308709757923639,-0.09308709757923639,-0.003782148347520442,0.016988393422719517,0.016988393422719517,-0.03302813052327269,-0.043970274714933755,True,-4.74,18,-14.65,30.0,,-5.24,35.8,True
2018-06-19,889.0,speculative_down,down,10d,True,-0.06813417190775684,-0.11210986267166045,-0.11210986267166045,-0.019439434955733192,-0.006868085642519728,-0.006868085642519728,-0.03993340718993654,-0.06300748542944268,True,-6.81,17,-14.68,29.0,,-7.05,48.0,True
2018-06-20,889.5,speculative_down,down,10d,True,-0.049679487179487225,-0.10535579582599952,-0.10535579582599952,-0.006302493589316449,0.02301865883666654,0.02301865883666654,-0.023603693027708483,-0.04176178777251993,True,-4.97,16,-13.03,27.0,,-5.72,43.9,True
2018-06-21,880.5,speculative_down,down,10d,True,-0.05041790239956867,-0.09622786759045421,-0.09622786759045421,-0.020182366369254523,-0.006216771064244453,-0.006216771064244453,-0.03151953798370344,-0.04607842581158772,True,-5.04,15,-12.21,26.0,,-4.42,36.2,True
2018-06-22,894.5,speculative_down,down,10d,True,-0.012147984538928736,-0.07712148568480781,-0.07712148568480781,0.05410397178836024,0.04320054851797206,0.04320054851797206,-0.009830539509401492,-0.042922718009258065,True,-1.21,14,-10.1,22.0,,-3.12,30.9,True
2018-06-25,874.5,speculative_down,down,10d,True,-0.03742432581177768,-0.08309305373525555,-0.08309305373525555,0.03386489610641341,0.02995466569804517,0.02995466569804517,-0.021305348909992472,-0.05362980358862213,True,-3.74,13,-10.4,22.0,,-2.12,20.4,True
2018-06-26,867.25,speculative_down,down,10d,True,-0.024465691788526422,-0.09093291404612158,-0.09093291404612158,0.08390962210050468,0.06283903150378856,0.06283903150378856,0.0031195893032187616,-0.03693839371662855,True,-2.45,12,-8.44,19.0,24.0,0.53,-6.3,False
2018-06-27,867.5,speculative_down,down,10d,True,-0.02473299606520518,-0.07318376068376065,-0.07318376068376065,0.09876171541782863,0.09183677675022128,0.09183677675022128,-0.012257425947045153,-0.035571798455389825,True,-2.47,11,-8.49,18.0,23.0,-0.2,2.3,True
2018-06-28,861.25,speculative_down,down,10d,True,-0.021862578080635964,-0.07117821515233214,-0.07117821515233214,0.12068959295422976,0.0980714250030168,0.0980714250030168,-0.006166505717112303,-0.03749167828963851,True,-2.19,10,-7.55,15.0,22.0,-3.92,51.9,True
2018-06-29,858.5,speculative_down,down,10d,False,-0.040245947456679754,-0.05190502484815018,-0.05190502484815018,0.08121900767144608,0.13971725035954075,0.13971725035954075,-0.003081076619653067,-0.012881327483613592,True,-4.02,9,-9.0,16.0,21.0,-4.58,50.9,True
2018-07-02,848.5,speculative_down,down,10d,True,-0.029731275014293845,-0.06604292790313704,-0.06604292790313704,0.08607521229058679,0.12285503651855834,0.12285503651855834,-0.005874225057248439,-0.02705442155282045,True,-2.97,8,-6.92,12.0,19.0,-1.14,16.5,True
2018-07-03,844.0,speculative_down,down,10d,False,-0.02680887863937731,-0.0506186726659168,-0.0506186726659168,0.051183902918359836,0.13938834697037294,0.13938834697037294,-0.011057349306114572,-0.007972254391513167,True,-2.68,7,-6.14,10.0,17.0,-1.12,18.3,True
2018-07-05,835.5,speculative_down,down,10d,False,-0.036887608069164246,-0.06070826306914001,-0.06070826306914001,0.0024738908726082975,0.1014799319967723,0.1014799319967723,-0.018614302353218704,-0.030643564867613438,True,-3.69,6,-6.17,9.0,16.0,2.07,-33.6,False
2018-07-09,851.75,speculative_down,down,10d,False,-0.007862550960978432,-0.04779206260480717,-0.04779206260480717,-0.004045894073961831,0.0768445100956534,0.0768445100956534,-0.013049486853147996,-0.016090357003959443,True,-0.79,4,-5.18,6.0,12.0,2.71,-52.2,False
2018-07-11,829.75,speculative_down,down,10d,False,-0.016883886255924185,-0.043240126837705395,-0.043240126837705395,-0.05071489300221721,-0.0021267762437979787,-0.0021267762437979787,-0.010132805975665904,-0.021078113306656543,True,-1.69,2,-3.55,3.0,6.0,1.69,-47.5,False
2018-07-12,830.0,speculative_down,down,10d,False,-0.006582884500299202,-0.043227665706051854,-0.043227665706051854,-0.03578284237717444,-0.033397474351719025,-0.033397474351719025,-0.010537381253810651,-0.028955537606359827,True,-0.66,1,-2.57,2.0,3.0,0.78,-30.2,False
2018-07-13,814.0,oil_collapse,down,5d,True,-0.06864988558352403,-0.05486211901306237,-0.06864988558352403,-0.03780488889100242,-0.03321980821498338,-0.03780488889100242,-0.03806229743907763,-0.04170978911667289,True,-6.86,0,-6.86,4.0,11.0,-3.66,53.3,True
2018-07-20,849.75,speculative_up,up,5d,False,0.04391891891891886,-0.027745995423340997,0.04391891891891886,-0.007745430716966428,-0.04525750446030097,-0.007745430716966428,0.015107916828070778,-0.023529422635001795,True,4.39,7,11.03,15.0,,2.33,21.2,True
2018-07-26,861.25,speculative_up,up,10d,False,0.018026004728132428,0.03765060240963858,0.03765060240963858,0.002159538264555394,-0.01023746910220047,-0.01023746910220047,0.01149837210569471,-0.0007099913989883078,True,1.8,3,6.83,11.0,11.0,-1.65,-24.2,False
2018-07-27,870.5,speculative_up,up,10d,True,0.02441894674904388,0.0694103194103195,0.0694103194103195,-0.025120588505038177,-0.03267144944416944,-0.03267144944416944,0.01204819847132299,0.02733813847982658,True,2.44,2,6.35,10.0,10.0,-1.91,-30.1,False
2018-07-30,875.0,speculative_up,up,10d,False,0.032143910350928895,0.05485232067510548,0.05485232067510548,0.03299451883794058,0.030414336895062677,0.030414336895062677,0.0121558870552263,0.024240234844030706,True,3.21,1,6.61,9.0,9.0,-3.24,-49.1,False
2018-07-31,903.75,soyoil_driven,up,10d,True,0.053321678321678334,0.07653365098272791,0.07653365098272791,0.0035027073106015383,0.009988253332648966,0.009988253332648966,0.017351266823284472,0.036062027281207554,True,5.33,0,5.33,4.0,8.0,-3.38,-63.4,False
2018-08-01,886.75,speculative_up,up,10d,False,0.030206215509729795,0.05283466904125844,0.05283466904125844,-0.02366521381569897,-0.015997650377347683,-0.015997650377347683,0.001407987178535297,0.01353762280892723,True,3.02,5,3.83,7.0,7.0,-4.41,-115.2,False
2018-08-02,882.5,speculative_up,up,10d,False,0.02467343976777947,0.04314420803782504,0.04314420803782504,-0.009337760669150819,-0.007198387656065619,-0.007198387656065619,-0.001065676010778005,0.010420442555600484,True,2.47,4,3.77,6.0,6.0,-4.62,-122.3,False
2018-08-03,886.25,speculative_up,up,10d,False,0.018093049971280806,0.04295380994410114,0.04295380994410114,-0.002911698508197391,-0.027959143433160416,-0.027959143433160416,-0.007352909257686724,0.004606699903558109,True,1.81,3,2.67,5.0,5.0,-5.4,-202.2,False
2018-08-08,893.75,speculative_up,up,10d,False,0.007893994925288972,0.03833865814696491,0.03833865814696491,-0.010641459972405176,-0.034054841362545996,-0.034054841362545996,0.0,0.001407987178535297,True,0.79,0,0.79,1.0,2.0,-4.12,-521.4,False
2018-08-10,846.0,speculative_down,down,5d,True,-0.045416078984485186,-0.028144744399770216,-0.045416078984485186,-0.01255658690575745,-0.015431724418593307,-0.01255658690575745,-0.01269843405670179,-0.01995797288105483,True,-4.54,26,-8.15,28.0,,-5.11,62.6,True
2018-08-13,853.5,speculative_down,down,5d,False,-0.0270732402393844,-0.024571428571428577,-0.0270732402393844,-0.02622815725197647,-0.0417795582479219,-0.02622815725197647,-0.0017674493740201802,-0.0024726137811634796,True,-2.71,25,-7.21,27.0,,-3.59,49.8,True
2018-08-14,864.5,speculative_down,down,10d,False,-0.027832443070002766,-0.04343015214384505,-0.04343015214384505,-0.030793657796773788,-0.025014560315099743,-0.025014560315099743,-0.017488632295608486,-0.022276345278306242,True,-2.78,24,-8.46,,,-4.41,52.2,True
2018-08-15,857.5,speculative_down,down,5d,False,-0.04055944055944061,-0.032985621652100394,-0.04055944055944061,-0.02883179316978879,-0.039166440769245026,-0.02883179316978879,-0.02003520516299484,-0.02003520516299484,True,-4.06,23,-8.92,30.0,,-4.34,48.6,True
2018-08-17,881.5,speculative_up,up,5d,False,0.04196217494089827,-0.005359661495063506,0.04196217494089827,-0.025432406641442973,-0.037669649322984555,-0.025432406641442973,0.008574482782447657,-0.004232833778437417,True,4.2,1,4.23,3.0,4.0,1.39,32.9,True
2018-08-20,881.75,speculative_up,up,5d,False,0.0330990041007615,0.005129666571672908,0.0330990041007615,-0.011458283899320132,-0.037385911479347445,-0.011458283899320132,0.010623270072261048,0.008837044606201605,True,3.31,0,3.31,2.0,3.0,1.46,44.2,True
2018-08-22,858.25,speculative_down,down,10d,False,0.0008746355685131935,-0.039720279720279694,-0.039720279720279694,0.04383938440963031,0.013743623175852093,0.013743623175852093,0.012195127791335914,-0.008084409258947267,True,0.09,28,0.99,29.0,,0.2,20.6,True
2018-08-23,842.0,speculative_down,down,10d,False,-0.04912478825522304,-0.05153477893551117,-0.05153477893551117,0.036205358688191636,0.015267240079845479,0.015267240079845479,-0.004262839556337994,-0.013722708958531893,True,-4.91,17,-8.07,19.0,,-1.86,23.1,True
2018-08-24,842.0,speculative_down,down,5d,True,-0.04480998298355077,-0.004728132387706863,-0.04480998298355077,0.04263385529455177,0.016117167108565367,0.04263385529455177,-0.0028338620263298475,0.005716321854965178,True,-4.48,16,-7.66,18.0,,-1.33,17.4,True
2018-08-27,834.75,speculative_down,down,5d,True,-0.05330309044513748,-0.02196836555360282,-0.05330309044513748,0.036730429477600746,0.02485127788958219,0.036730429477600746,-0.005956554689578009,0.004603437293515533,True,-5.33,15,-7.68,17.0,,-2.13,27.7,True
2018-08-28,820.5,speculative_down,down,5d,True,-0.061749571183533414,-0.05089647194910352,-0.061749571183533414,0.017520420666812475,0.022225504824306075,0.017520420666812475,-0.014340673145291971,0.003203992598753924,True,-6.17,14,-6.92,16.0,,-2.54,36.8,True
2018-08-29,823.25,speculative_down,down,5d,False,-0.04078065831634137,-0.0399416909620991,-0.04078065831634137,0.024314787961071893,0.06922011770696623,0.024314787961071893,-0.006732765107441696,0.005380255753020036,True,-4.08,13,-5.16,15.0,23.0,0.0,-0.0,False
2018-08-30,819.5,speculative_down,down,10d,True,-0.026722090261282694,-0.07453416149068326,-0.07453416149068326,0.035677400908418644,0.07317447269356214,0.07317447269356214,0.008919015122218932,0.004618155235414534,True,-2.67,12,-3.33,13.0,14.0,3.03,-91.1,False
2018-08-31,833.0,speculative_down,down,10d,False,-0.0106888361045131,-0.05501985252410668,-0.05501985252410668,0.015715975143628436,0.05901986304826656,0.05901986304826656,0.007815318780974412,0.004959309219527475,True,-1.07,11,-3.33,12.0,13.0,5.88,-176.8,False
2018-09-04,832.0,speculative_down,down,10d,False,-0.0032943995208145616,-0.05642188829033168,-0.05642188829033168,0.014520109773766832,0.0517838691194199,0.0517838691194199,0.0007049189222223529,-0.005255834655467528,True,-0.33,10,-2.49,11.0,12.0,5.99,-241.0,False
2018-09-05,825.5,speculative_down,down,10d,False,0.006093845216331495,-0.05603201829616922,-0.05603201829616922,0.0027725440652370814,0.020341540870389974,0.020341540870389974,0.0,-0.014340673145291971,True,0.61,28,8.65,,,7.95,91.9,True
2018-09-06,826.75,speculative_down,down,10d,False,0.004251442453689691,-0.03670259248470731,-0.03670259248470731,-0.025032447700891747,-0.0013263183978137194,-0.0013263183978137194,0.004637857923012412,-0.0021261327924265716,True,0.43,27,8.29,,,4.89,59.0,True
2018-09-20,850.25,speculative_up,up,5d,False,0.03342449103615919,0.028424553976413636,0.03342449103615919,0.032220539901768985,0.04471014547410945,0.032220539901768985,0.00583089811581905,-0.019886344779005638,True,3.34,17,8.36,21.0,,5.62,67.3,True
2018-09-21,847.25,soyoil_driven,up,5d,False,0.03134510042604988,0.018329326923076872,0.03134510042604988,0.025945803318648597,0.044723229214713944,0.025945803318648597,0.02406124097955531,0.0053686333451365975,True,3.13,16,8.52,23.0,,6.54,76.8,True
2018-09-25,845.75,oil_driven,up,5d,False,0.039004914004914015,0.031088082901554515,0.039004914004914015,0.034788838343011275,0.04375449500789719,0.034788838343011275,0.0460914440014204,0.023079744232316513,True,3.9,14,9.52,21.0,,7.13,74.8,True
2018-09-27,855.0,oil_driven,up,10d,False,0.005586592178770999,0.03919781221513219,0.03919781221513219,0.01864406268258545,0.05146532434994966,0.05146532434994966,0.04565218157488804,0.0517492729102349,True,0.56,12,4.85,15.0,19.0,2.03,41.8,True
2018-10-01,857.75,oil_driven,up,10d,False,0.01991676575505341,0.041590771098967805,0.041590771098967805,0.044672601816109214,0.09272963358093711,0.09272963358093711,0.026539277916689308,0.05760116318365216,True,1.99,10,6.0,13.0,20.0,3.66,60.9,True
2018-10-02,866.0,oil_driven,up,10d,False,0.02394324563996464,0.06388206388206386,0.06388206388206386,0.040813567064996725,0.07702226199483375,0.07702226199483375,0.03489600781925506,0.0825958592109497,True,2.39,9,5.41,12.0,17.0,2.54,47.0,True
2018-10-03,861.5,oil_driven,up,10d,False,0.01352941176470579,0.03795180722891556,0.03795180722891556,0.06762615604195932,0.07438133733454588,0.07438133733454588,0.0365168866658514,0.08330276909224477,True,1.35,8,4.88,11.0,16.0,2.41,49.4,True
2018-10-05,869.0,speculative_up,up,5d,False,0.027794204612655138,0.025671289465919234,0.027794204612655138,0.014880496080418082,0.0502966603559063,0.014880496080418082,0.01394698794539706,0.035243850684954614,True,2.78,30,5.53,,,5.53,100.0,True
2018-10-15,891.5,speculative_up,up,10d,False,0.025007185972980794,0.039347129116875657,0.039347129116875657,-0.03378654065551179,-0.04674640278621833,-0.04674640278621833,0.014660767347232095,0.02585315388082332,True,2.5,24,2.59,25.0,29.0,0.66,25.6,True
2018-10-17,885.75,soyoil_driven,up,5d,False,0.03930771487239659,0.028148578061520713,0.03930771487239659,-0.04674044354967366,-0.08716141006301215,-0.04674044354967366,0.031762647802045185,0.001354979930841882,True,3.93,22,4.69,27.0,,4.11,87.5,True
2018-10-22,858.5,oil_collapse,down,5d,False,-0.03701626472237807,-0.01293475136533484,-0.03701626472237807,-0.03636111249286267,-0.06891913694285468,-0.03636111249286267,-0.02049733217943872,-0.006137071450528331,True,-3.7,6,-6.51,8.0,19.0,2.27,-34.9,False
2018-10-23,857.5,oil_collapse,down,5d,False,-0.03079966092116415,-0.006373117033603659,-0.03079966092116415,-0.076334788703319,-0.11379400858429034,-0.076334788703319,-0.030343884799743037,-0.007248846719020929,True,-3.08,5,-5.79,7.0,17.0,2.8,-48.3,False
2018-10-24,850.25,oil_collapse,down,5d,False,-0.04007902907140837,-0.0023467292461132327,-0.04007902907140837,-0.04200717283406141,-0.08678418249320319,-0.04200717283406141,-0.03213798622308395,-0.0013961259585095753,True,-4.01,4,-5.9,6.0,16.0,3.5,-59.3,False
2018-10-29,839.0,oil_collapse,down,10d,False,-0.022714036109493296,-0.05888951205832871,-0.05888951205832871,-0.030793657796773788,-0.06603507863442126,-0.06603507863442126,-0.043224708245995,-0.06283604922215613,True,-2.27,1,-2.91,3.0,3.0,7.16,-246.0,False
2018-10-30,833.5,oil_collapse,down,10d,False,-0.02798833819241986,-0.05792596778751058,-0.05792596778751058,-0.0037633599104548443,-0.07981087333019476,-0.07981087333019476,-0.02642559884678375,-0.055967628319355756,True,-2.8,0,-2.8,2.0,2.0,5.77,-206.2,False
2018-10-31,839.0,oil_collapse,down,10d,False,-0.013231402528668057,-0.052780129833474465,-0.052780129833474465,-0.022598056616684348,-0.06365594898073479,-0.06365594898073479,-0.020622164977319724,-0.05209739634647237,True,-1.32,0,-1.32,1.0,1.0,5.91,-446.7,False
2018-11-01,869.0,speculative_up,up,5d,False,0.03237303237303246,0.006369426751592355,0.03237303237303246,-0.05406212840271796,-0.07225058687435226,-0.05406212840271796,-0.0024656462250487454,-0.024121321567801113,True,3.24,27,9.3,,,7.48,80.5,True
2018-11-02,875.25,speculative_up,up,5d,False,0.0357988165680474,0.021593230230522398,0.0357988165680474,-0.0658381001531071,-0.08651624883260445,-0.0658381001531071,0.0014204870647760437,-0.03225801806443784,True,3.58,26,8.88,,,7.43,83.7,True
2018-11-05,873.0,speculative_up,up,5d,False,0.040524433849821184,0.016889924286546343,0.040524433849821184,-0.05877091866944917,-0.08775480490831389,-0.05877091866944917,0.00035855966657161176,-0.04288164721639964,True,4.05,25,9.65,,,7.27,75.3,True
2018-11-06,872.0,speculative_up,up,5d,True,0.04619076184763049,0.016909620991253593,0.04619076184763049,-0.05998792992439195,-0.06352553366425817,-0.05998792992439195,-0.0035714421953472186,-0.029902663543372232,True,4.62,24,10.38,,,7.2,69.4,True
2018-11-07,867.75,speculative_up,up,5d,False,0.034266984505363585,0.02058218171126147,0.034266984505363585,-0.055734183520413705,-0.07707275590241913,-0.055734183520413705,0.006423993655785498,-0.01433064797851702,True,3.43,23,9.65,,,5.45,56.5,True
2018-11-12,871.75,speculative_up,up,10d,False,-0.001431844215349365,0.039034564958283724,0.039034564958283724,-0.05023769010462653,-0.10605609357479573,-0.10605609357479573,-0.006810055077256294,-0.006453937221762462,True,-0.14,9,-1.23,10.0,10.0,-0.46,37.2,True
2018-11-13,867.25,speculative_up,up,10d,False,-0.00544724770642202,0.040491901619676085,0.040491901619676085,-0.10480631013851027,-0.15850712647467913,-0.15850712647467913,-0.01254481671165586,-0.016071455819266167,True,-0.54,8,-1.12,9.0,9.0,1.23,-110.3,False
2018-11-26,862.25,oil_collapse,down,5d,False,-0.03362286354721211,-0.014852899171665213,-0.03362286354721211,-0.0855472563704972,-0.14221627768563017,-0.0855472563704972,-0.01497996865871587,-0.023895790539703032,True,-3.36,0,-3.36,2.0,4.0,0.36,-10.8,False
2018-12-03,905.75,soyoil_driven,up,5d,True,0.05044940562481881,0.015130288596245434,0.05044940562481881,0.025566524646837507,-0.06216787776212529,0.025566524646837507,0.05007419982618799,0.03434412122346542,True,5.04,6,6.7,13.0,,5.28,78.8,True
2018-12-04,911.75,soyoil_driven,up,10d,False,0.041404911479154816,0.04349070100143071,0.04349070100143071,0.032777319272617955,-0.061839295724602006,-0.061839295724602006,0.054491883304533584,0.0483162411994571,True,4.14,5,5.08,11.0,14.0,4.71,92.7,True
2018-12-07,916.75,speculative_up,up,10d,False,0.033248802479571626,0.03822197055492649,0.03822197055492649,0.022546158021589102,-0.036976028157953755,-0.036976028157953755,0.02962426610489932,0.02517988425000639,True,3.32,3,3.69,5.0,10.0,3.13,84.7,True
2018-12-11,915.0,soyoil_driven,up,10d,False,0.010212531051614793,0.06117715279791236,0.06117715279791236,-0.024551448882517035,0.0003873805413501241,0.0003873805413501241,0.014129269730700056,0.06491098143278107,True,1.02,30,2.15,,,2.15,100.0,True
2018-12-12,920.0,soyoil_driven,up,10d,False,0.0090485330408554,0.05082809822958301,0.05082809822958301,-0.03943659106330688,-0.007951897526994545,-0.007951897526994545,0.005586586970037999,0.06038289391981344,True,0.9,29,1.48,,,1.26,85.2,True
2018-12-26,870.0,oil_collapse,down,10d,False,-0.041586339851280685,-0.049180327868852514,-0.049180327868852514,-0.00043253583558988673,-0.10513069012118259,-0.10513069012118259,-0.03695879066173935,-0.04702189192514539,True,-4.16,1,-4.27,4.0,6.0,0.74,-17.4,False
2018-12-27,869.0,oil_collapse,down,10d,False,-0.0344444444444445,-0.05543478260869561,-0.05543478260869561,-0.0548728837017628,-0.12785925162130218,-0.12785925162130218,-0.040407577495590874,-0.051736104534363836,True,-3.44,0,-3.44,3.0,4.0,0.56,-16.1,False
2019-01-03,900.25,soyoil_driven,up,5d,False,0.034770114942528796,-0.008262186725420007,0.034770114942528796,0.018822996731014063,0.018382319274804937,0.018822996731014063,0.029970748411240145,-0.008095724867005938,True,3.48,15,6.35,,,4.31,67.9,True
2019-01-04,909.5,oil_driven,up,5d,True,0.046605293440736384,0.010555555555555651,0.046605293440736384,0.07509523488649639,0.01610165909425021,0.07509523488649639,0.040278301097790514,-0.0017568249707999861,True,4.66,14,6.47,,,3.65,56.4,True
2019-01-07,912.25,oil_driven,up,5d,False,0.033418295100538176,0.020984890878567475,0.033418295100538176,0.07037278839295302,0.05754139773730582,0.07037278839295302,0.02688952611951745,0.0021276405786923025,True,3.34,13,4.81,27.0,,2.24,46.5,True
2019-03-11,877.75,speculative_down,down,10d,False,-0.02823138665928593,-0.037290924047162055,-0.037290924047162055,0.0035342067927226495,0.02361213742068835,0.02361213742068835,-0.012760277345649551,-0.03162058539267487,True,-2.82,30,-4.57,,,-4.57,100.0,True
2019-03-15,909.25,oil_driven,up,5d,False,0.028854314002828785,0.011120378092855265,0.028854314002828785,0.04369539461876637,0.048745542256147356,0.04369539461876637,0.0013610383245339364,-0.017362285292731205,True,2.89,4,3.03,8.0,23.0,-4.1,-135.5,False
2019-03-18,905.75,oil_driven,up,5d,False,0.03189974366277415,0.0027677830058123742,0.03189974366277415,0.040500073956358795,0.04417741638556394,0.040500073956358795,0.001360575375726425,-0.011417063289066998,True,3.19,3,3.73,7.0,24.0,-4.16,-111.5,False
2019-04-23,862.0,speculative_down,down,5d,False,-0.0408901251738526,-0.0408901251738526,-0.0408901251738526,0.045741347887746864,0.029503128584793537,0.045741347887746864,-0.02603262804244788,-0.028393342058616988,True,-4.09,14,-11.99,24.0,,-3.23,26.9,True
2019-04-24,855.25,speculative_down,down,10d,False,-0.03688063063063063,-0.0484005563282337,-0.0484005563282337,0.02872749805185415,0.029853076915876242,0.029853076915876242,-0.027855127304566185,-0.03856752079627335,True,-3.69,13,-10.92,16.0,25.0,-2.17,19.8,True
2019-04-25,859.25,speculative_down,down,10d,False,-0.022468714448236615,-0.04739467849223944,-0.04739467849223944,0.02274154330474243,0.009286464455240395,0.009286464455240395,-0.028812358440011177,-0.04919161748152279,True,-2.25,12,-10.01,14.0,24.0,-2.59,25.9,True
2019-04-26,853.75,speculative_down,down,10d,False,-0.030380465644520127,-0.04635576654565765,-0.04635576654565765,-0.010937511920928955,-0.004403941269743417,-0.004403941269743417,-0.04444440323629384,-0.05037954132279432,True,-3.04,11,-10.16,14.0,23.0,-2.5,24.6,True
2019-04-29,847.5,speculative_down,down,10d,False,-0.033637400228050174,-0.05333705668807598,-0.05333705668807598,-0.03348549544036239,-0.006104232170514368,-0.006104232170514368,-0.028571483636743555,-0.0369603307072317,True,-3.36,10,-9.81,12.0,22.0,-2.02,20.6,True
2019-04-30,841.25,speculative_down,down,10d,True,-0.024071925754060364,-0.06397774687065372,-0.06397774687065372,-0.036048312131749416,0.008044137370013082,0.008044137370013082,-0.017106185009694186,-0.04269349410055945,True,-2.41,9,-8.24,11.0,20.0,1.86,-22.5,False
2019-05-01,839.5,speculative_down,down,10d,False,-0.01841566793335281,-0.05461711711711714,-0.05461711711711714,-0.03475490873789744,-0.0070258322591035816,-0.0070258322591035816,-0.019341006950277295,-0.04665738804404507,True,-1.84,8,-7.51,10.0,18.0,3.83,-51.0,False
2019-05-02,830.5,speculative_down,down,10d,False,-0.033459412278149525,-0.05517633674630262,-0.05517633674630262,-0.05213920808030226,-0.030583390833992974,-0.030583390833992974,-0.014833569336678898,-0.04321853766001693,True,-3.35,7,-7.94,9.0,18.0,4.36,-54.9,False
2019-05-03,829.5,speculative_down,down,10d,False,-0.028404099560761398,-0.05792163543441231,-0.05792163543441231,-0.02148500200226422,-0.03218752145767223,-0.03218752145767223,-0.016351771637144075,-0.060069430141168945,True,-2.84,6,-7.35,8.0,16.0,6.91,-94.0,False
2019-05-06,817.5,oil_collapse,down,10d,True,-0.03539823008849563,-0.0678449258836944,-0.0678449258836944,-0.019685039370078705,-0.05251137151437102,-0.05251137151437102,-0.03730269151665622,-0.0648083819131251,True,-3.54,5,-6.67,7.0,15.0,7.79,-116.8,False
2019-05-07,817.75,oil_collapse,down,10d,False,-0.027934621099554247,-0.05133410672853833,-0.05133410672853833,-0.039273952863807415,-0.07390650528407472,-0.07390650528407472,-0.027918798400786926,-0.0445473992797889,True,-2.79,4,-5.97,5.0,14.0,7.37,-123.4,False
2019-05-08,814.25,oil_collapse,down,10d,False,-0.03007742703990468,-0.04793919906460098,-0.04793919906460098,-0.023270433612329944,-0.05721658055373957,-0.05721658055373957,-0.024470419898843687,-0.043338144287781155,True,-3.01,3,-5.78,4.0,6.0,9.05,-156.7,False
2019-05-09,800.25,oil_collapse,down,10d,True,-0.03642384105960261,-0.06866453302298514,-0.06866453302298514,-0.0017796571413618567,-0.05382607530765904,-0.05382607530765904,-0.03268451724606025,-0.0470332585299339,True,-3.64,2,-4.76,3.0,4.0,8.7,-182.9,False
2019-05-10,797.0,speculative_down,down,10d,True,-0.03918022905364682,-0.0664714494875549,-0.0664714494875549,-0.004520484105663636,-0.025908363497866516,-0.025908363497866516,-0.021056509096791798,-0.03706396950570978,True,-3.92,1,-4.64,2.0,3.0,9.58,-206.5,False
2019-05-13,791.0,speculative_down,down,10d,True,-0.0324159021406728,-0.06666666666666665,-0.06666666666666665,-0.019437736296749497,-0.03874014306256146,-0.03874014306256146,-0.01825632519867626,-0.054878006648218514,True,-3.24,0,-3.24,1.0,1.0,10.52,-324.5,False
2019-05-16,839.75,soyoil_driven,up,5d,True,0.049359575132771116,0.01113786875376288,0.049359575132771116,0.018962692941295378,0.017149288708021126,0.018962692941295378,0.05239176737935636,0.017994850508834093,True,4.94,24,14.4,,,12.43,86.3,True
2019-05-17,821.75,soyoil_driven,up,5d,False,0.03105395232120456,-0.009342977697408106,0.03105395232120456,0.017839741758728822,0.013238613383995679,0.017839741758728822,0.027169785409603353,0.005541175479176319,True,3.11,23,14.87,,,11.1,74.7,True
2019-05-20,831.75,oil_driven,up,5d,True,0.05151706700379277,0.017431192660550376,0.05151706700379277,0.03374832122700244,0.013654593961784478,0.03374832122700244,0.043643248648261634,0.02459015810953602,True,5.15,22,15.74,,,10.78,68.5,True
2019-05-24,829.75,speculative_up,up,10d,False,0.00973532096136287,0.04109159347553315,0.04109159347553315,-0.06580620401324888,-0.04914042794023854,-0.04914042794023854,-0.007714882063557638,0.019245291655918484,True,0.97,18,11.41,,,7.42,65.1,True
2019-05-28,856.0,soyoil_driven,up,10d,True,0.02915539525097688,0.08217446270543616,0.08217446270543616,-0.06275751474220315,-0.031127154282128866,-0.031127154282128866,-0.007636330344460207,0.03567364403981799,True,2.92,17,10.07,27.0,,7.36,73.1,True
2019-05-29,872.0,soyoil_driven,up,10d,True,0.06082725060827254,0.0663405686334455,0.0663405686334455,-0.06635974271778311,-0.0480737692568739,-0.0480737692568739,0.021739136545924964,0.03741114916294297,True,6.08,16,11.37,,,9.03,79.4,True
2019-05-30,889.0,speculative_up,up,5d,True,0.07302353651176818,0.06403351286654702,0.07302353651176818,-0.07863884989172021,-0.08755240672520914,-0.07863884989172021,0.017209858289790603,0.019823822322491136,True,7.3,15,10.5,,,9.44,89.9,True
2019-05-31,877.75,soyoil_driven,up,5d,True,0.0684723067559343,0.04525156296516819,0.0684723067559343,-0.07615264823056611,-0.14903768237751214,-0.07615264823056611,0.03024643185861864,-0.004689724530547501,True,6.85,14,11.44,,,9.77,85.4,True
2019-06-03,879.0,speculative_up,up,10d,True,0.059355227478156136,0.0696683906297535,0.0696683906297535,-0.09176191318613225,-0.15152961401960852,-0.15152961401960852,0.012217694221015929,0.004408554087454553,True,5.94,13,10.33,23.0,,6.99,67.6,True
2019-06-04,881.75,speculative_up,up,10d,False,0.03008177570093462,0.060114217012323445,0.060114217012323445,-0.09570510493449225,-0.15245640514286485,-0.15245640514286485,0.0073286496475353236,-0.00036364468661220783,True,3.01,12,6.95,19.0,,3.1,44.5,True
2019-06-05,869.75,speculative_up,up,10d,False,-0.0025802752293577758,0.05809002433090016,0.05809002433090016,-0.12123790004455559,-0.1795523269077377,-0.1795523269077377,-0.018391642167359,0.0029476759581859024,True,-0.26,2,-1.81,5.0,5.0,1.06,-58.7,False
2019-06-06,868.75,speculative_up,up,10d,False,-0.02277840269966258,0.04858177429088717,0.04858177429088717,-0.07068386621690226,-0.1437642181634251,-0.1437642181634251,-0.0007199588649859923,0.01647750903476375,True,-2.28,1,-3.68,4.0,6.0,1.41,-38.2,False
2019-06-07,856.25,speculative_up,up,10d,False,-0.024494446026772976,0.0423006695069994,0.0423006695069994,0.009158909877884147,-0.06769121359478802,-0.06769121359478802,-0.0076114893316371335,0.022404722133569477,True,-2.45,0,-2.45,3.0,3.0,1.2,-48.8,False
2019-06-14,896.75,speculative_up,up,5d,True,0.047299270072992616,0.021646254628310935,0.047299270072992616,-0.02741254511803204,-0.0185047042704074,-0.02741254511803204,0.008400345384762975,0.0007249169138476841,True,4.73,4,6.92,11.0,,3.45,49.8,True
2019-06-17,912.75,soyoil_driven,up,5d,True,0.06319161327897493,0.03839590443686003,0.06319161327897493,-0.02497179981734432,-0.024788726663365623,-0.02497179981734432,0.027757496427204487,0.029261127746732063,True,6.32,3,6.64,10.0,,2.36,35.5,True
2019-06-18,913.5,soyoil_driven,up,5d,True,0.06313645621181263,0.03600793875815134,0.06313645621181263,0.011826563970367188,0.007853440299880221,0.011826563970367188,0.04077886254049168,0.03055657182909166,True,6.31,2,6.55,9.0,,0.55,8.4,True
2019-06-19,903.25,soyoil_driven,up,10d,False,0.02875854214122997,0.038516815176774966,0.038516815176774966,0.051231892122687306,0.04024763939773246,0.04024763939773246,0.029390471298520238,0.04224840392684004,True,2.88,1,4.27,5.0,9.0,-3.53,-82.7,False
2019-06-20,915.5,oil_driven,up,10d,False,0.03096846846846857,0.05381294964028771,0.05381294964028771,0.08358842480142847,0.07720101467029994,0.07720101467029994,0.02034260119600706,0.02989913245182585,True,3.1,0,3.1,4.0,5.0,-4.25,-137.3,False
2019-06-21,902.75,oil_driven,up,10d,False,0.006690827989963788,0.05430656934306577,0.05430656934306577,0.09369647954502014,0.06371547545405964,0.06371547545405964,0.030061568466422717,0.0387144414091114,True,0.67,1,1.37,3.0,3.0,-5.19,-379.6,False
2019-06-24,909.0,oil_driven,up,10d,False,-0.004108463434675413,0.05882352941176472,0.05882352941176472,0.11496247228229084,0.08711985262060606,0.08711985262060606,0.007462721974988318,0.0354273648807506,True,-0.41,27,-7.2,,,-7.12,98.9,True
2019-06-25,903.5,oil_driven,up,10d,False,-0.010946907498631586,0.05149839976723891,0.05149839976723891,0.0729128050819976,0.08560167700592602,0.08560167700592602,-0.01164842656529319,0.028655426389479377,True,-1.09,26,-7.28,,,-7.09,97.4,True
2019-06-27,887.75,speculative_down,down,5d,False,-0.03031130529765158,-0.00028153153153154253,-0.03031130529765158,0.049073233970292396,0.13676361309920937,0.049073233970292396,-0.027282290398130793,-0.007494681955406701,True,-3.03,24,-7.48,,,-4.56,60.9,True
2019-07-02,876.25,speculative_down,down,10d,False,-0.030160486995019387,-0.04077723043240289,-0.04077723043240289,-0.027321490247752767,0.04359922834126073,0.04359922834126073,-0.012142862592424697,-0.02364984391451752,True,-3.02,21,-6.25,,,-4.7,75.2,True
2019-07-05,872.25,speculative_down,down,10d,False,-0.01745987045902564,-0.047241944292736204,-0.047241944292736204,-0.03230694891104291,0.015180878596471548,0.015180878596471548,-0.013304528550526773,-0.04022384093713194,True,-1.75,19,-4.59,25.0,,-2.31,50.3,True
2019-07-08,875.25,speculative_down,down,5d,False,-0.027229786051681026,-0.030462475768485153,-0.027229786051681026,-0.013853281278951135,0.00400486750851714,-0.013853281278951135,-0.013456061042721457,-0.020393808467460972,True,-2.72,18,-5.86,24.0,,-5.08,86.7,True
2019-07-12,906.75,oil_driven,up,5d,False,0.039552880481513286,0.02140242185299912,0.039552880481513286,0.0469483714439356,0.013124663895196731,0.0469483714439356,0.024416911926162577,0.010787527873798552,True,3.96,0,3.96,2.0,13.0,-3.32,-84.1,False
2019-07-15,901.75,oil_driven,up,5d,False,0.030277063696086737,0.0022228396776882153,0.030277063696086737,0.033298681732978785,0.018984104449762285,0.033298681732978785,0.01507537929262992,0.0014164630259045907,True,3.03,0,3.03,1.0,12.0,-2.46,-81.1,False
2019-07-31,864.0,speculative_down,down,5d,False,-0.030303030303030276,-0.020963172804532526,-0.030303030303030276,0.04831783663798195,0.031701357704398525,0.04831783663798195,-0.01943460254021101,0.0025288906810860823,True,-3.03,17,-5.36,30.0,,-0.9,16.8,True
2019-08-01,847.0,oil_collapse,down,5d,False,-0.040226628895184136,-0.038865248226950366,-0.040226628895184136,-0.03695108314725737,-0.024412269308249135,-0.03695108314725737,-0.02087018546283259,0.001447211158127626,True,-4.02,16,-4.45,29.0,29.0,0.25,-5.7,False
2019-08-02,850.25,speculative_down,down,10d,False,-0.037362015284460814,-0.0568496949528563,-0.0568496949528563,-0.00960855708534869,0.0005392554147203299,0.0005392554147203299,-0.009834871304880255,0.0032028523617828597,True,-3.74,15,-4.53,28.0,29.0,1.9,-41.9,False
2019-08-05,850.25,speculative_down,down,10d,False,-0.04007902907140837,-0.04278074866310155,-0.04278074866310155,-0.03833304635343593,-0.02721455995683475,-0.02721455995683475,-0.023566657372563138,0.0010818855802654515,True,-4.01,14,-4.8,27.0,29.0,0.9,-18.8,False
2019-08-06,847.75,oil_collapse,down,10d,False,-0.03527738264580371,-0.04290149590742309,-0.04290149590742309,-0.0761412269945988,-0.055310892448989235,-0.055310892448989235,-0.02931825995632975,-0.01892183799766678,True,-3.53,13,-4.04,20.0,26.0,1.14,-28.2,False
2019-08-07,848.75,oil_collapse,down,10d,False,-0.01765046296296291,-0.047418630751964064,-0.047418630751964064,-0.12785936231391792,-0.0857194134568563,-0.0857194134568563,0.007567534575591228,-0.012014139991305739,True,-1.77,12,-2.4,13.0,25.0,3.36,-139.8,False
2019-08-09,873.75,soyoil_driven,up,5d,False,0.02763892972655091,-0.010755731672799307,0.02763892972655091,-0.02084081657549708,-0.030249123485074803,-0.02084081657549708,0.04682510357633629,0.03652971340394506,True,2.76,25,5.85,,,4.97,84.9,True
2019-08-13,872.0,oil_driven,up,5d,False,0.028605131229725744,-0.007681365576102439,0.028605131229725744,0.06470254217594773,-0.016365215769597374,0.06470254217594773,0.061499292656832516,0.03037798045125939,True,2.86,23,6.16,,,4.9,79.4,True
2019-08-23,843.25,speculative_down,down,5d,False,-0.02767368117613145,-0.03490701001430618,-0.02767368117613145,-0.012757440797628417,-0.006055079468893387,-0.012757440797628417,-0.027119774491539017,-0.03964757937036045,True,-2.77,0,-2.77,4.0,13.0,5.53,-200.0,False
2019-09-12,883.0,speculative_up,up,5d,False,0.03912915563401009,0.035473468191146384,0.03912915563401009,-0.02149199113445377,-0.012370000749535537,-0.02149199113445377,0.019318621625368015,0.03237281492896882,True,3.91,22,10.68,,,9.83,92.0,True
2019-09-13,884.75,speculative_up,up,5d,True,0.047041420118343114,0.033284671532846755,0.047041420118343114,-0.029547097843542036,-0.03279845953763805,-0.029547097843542036,0.016151720478053466,0.020091634753706344,True,4.7,21,11.3,,,8.91,78.8,True
2019-09-16,900.0,oil_driven,up,5d,True,0.06508875739644981,0.05017502917152861,0.06508875739644981,0.08729478279963843,0.14156085785412964,0.08729478279963843,0.06652509361430337,0.05237430279213462,True,6.51,20,11.3,,,8.96,79.3,True
2019-09-17,893.75,oil_driven,up,10d,False,0.04015129473377943,0.04349095154699367,0.04349095154699367,0.033797884584277016,0.10011126554246963,0.10011126554246963,0.05179708471363531,0.03394525506575463,True,4.02,19,9.46,,,6.87,72.6,True
2019-09-18,888.75,oil_driven,up,5d,False,0.04069086651053855,0.0304347826086957,0.04069086651053855,0.04233184951303248,0.03288308467848422,0.04233184951303248,0.03967982301291517,0.037513021513089884,True,4.07,18,10.13,,,7.26,71.7,True
2019-09-19,893.0,soyoil_driven,up,10d,False,0.011325028312570762,0.05089732274198289,0.05089732274198289,0.055182445218863174,0.03250447346098806,0.03250447346098806,0.027222570493356635,0.047067094657755604,True,1.13,17,6.51,,,3.82,58.7,True
2019-09-20,882.75,speculative_up,up,10d,False,-0.002260525572195582,0.044674556213017746,0.044674556213017746,0.059070223675493416,0.027777772153371627,0.027777772153371627,0.011748450114496878,0.028089928274849907,True,-0.23,0,-0.23,1.0,1.0,4.46,-1975.0,False
2019-09-23,892.5,speculative_up,up,10d,False,-0.008333333333333304,0.056213017751479244,0.056213017751479244,-0.06772658239885387,0.013656023100514947,0.013656023100514947,-0.03151953798370344,0.03290871541555451,True,-0.83,4,-1.89,5.0,5.0,2.86,-151.5,False
2019-09-24,894.25,speculative_up,up,10d,False,0.0005594405594404606,0.04073319755600813,0.04073319755600813,-0.034546667202378534,-0.0019163868889788827,-0.0019163868889788827,-0.021775531330772813,0.028893644341837943,True,0.06,14,5.23,26.0,,3.13,59.9,True
2019-09-25,889.25,speculative_up,up,10d,False,0.0005625879043600346,0.04127634660421542,0.04127634660421542,-0.027878143432615632,0.013273572707924508,0.013273572707924508,-0.02778707400020808,0.010790162834332095,True,0.06,13,5.82,,,2.95,50.7,True
2019-10-01,919.5,speculative_up,up,5d,False,0.028235951915012603,0.028811188811188826,0.028235951915012603,-0.06406007898400812,-0.09639368395676806,-0.06406007898400812,-0.012671261286506752,-0.03417086917013479,True,2.82,9,5.17,21.0,,1.29,24.9,True
2019-10-02,913.75,speculative_up,up,5d,False,0.02755130728141686,0.02812939521800284,0.02755130728141686,-0.0681536940064551,-0.0941318389820962,-0.0681536940064551,0.0006886552956113512,-0.02711755442025643,True,2.76,8,5.76,28.0,,1.49,25.9,True
2019-10-04,916.25,speculative_up,up,10d,False,0.03765571913929788,0.037949589351458535,0.037949589351458535,-0.055446225766079715,-0.09089341995916056,-0.09089341995916056,0.040880504611658264,0.01741804019541715,True,3.77,6,6.51,26.0,,3.99,61.3,True
2019-10-09,923.75,speculative_up,up,10d,False,0.010943912448700521,0.03879673882485246,0.03879673882485246,-0.0009498335417986725,-0.06903879288368886,-0.06903879288368886,0.019614580361305478,0.020316743341553867,True,1.09,3,2.93,12.0,23.0,-0.96,-32.7,False
2019-10-10,923.5,speculative_up,up,10d,False,0.012887304633945718,0.039392234102419765,0.039392234102419765,0.020972325226319866,-0.050700241412653835,-0.050700241412653835,-0.003355653579907858,0.023784919979789043,True,1.29,2,3.15,11.0,22.0,-1.18,-37.4,False
2019-10-11,936.0,soyoil_driven,up,10d,False,0.02155525238744893,0.060022650056625215,0.060022650056625215,0.03578866389888624,-0.021641908205597415,-0.021641908205597415,0.0013426991255263143,0.042278093954977836,True,2.16,1,2.65,3.0,13.0,-2.1,-79.4,False
2019-10-14,940.5,speculative_up,up,10d,False,0.02758809068560497,0.038079470198675525,0.038079470198675525,0.015924173508775175,-0.008877372756528334,-0.008877372756528334,-0.0036654651620328105,0.031390129513513054,True,2.76,0,2.76,9.0,17.0,-2.49,-90.1,False
2019-11-14,900.25,speculative_down,down,5d,False,-0.026756756756756706,-0.01799836378511044,-0.026756756756756706,-0.006649187366043363,0.047803620118113344,-0.006649187366043363,-0.02068086580397621,0.000975632086032796,True,-2.68,11,-5.89,17.0,22.0,1.57,-26.6,False
2019-11-26,884.25,speculative_down,down,5d,False,-0.029895776193088364,-0.023737234336185464,-0.029895776193088364,0.057960529179567066,0.02834508154889348,0.057960529179567066,-0.02390180209951298,-0.02610381422387853,True,-2.99,3,-4.5,8.0,13.0,2.58,-57.3,False
2019-11-29,876.75,oil_collapse,down,5d,False,-0.026914539400665904,-0.0261038600388781,-0.026914539400665904,-0.05821105420829209,-0.02818394003728686,-0.05821105420829209,-0.00879766872157739,-0.011695926001319301,True,-2.69,1,-3.39,5.0,7.0,3.05,-90.2,False
2019-12-02,870.5,speculative_down,down,10d,False,-0.029542920847268728,-0.05200108902804246,-0.05200108902804246,-0.031331164253916355,-0.030492066857392697,-0.030492066857392697,-0.029792749394333407,-0.015445324219177992,True,-2.95,0,-2.95,3.0,5.0,3.54,-119.8,False
2019-12-03,871.0,speculative_down,down,10d,False,-0.024089635854341762,-0.04312002197198572,-0.04312002197198572,-0.03292535601924207,-0.016652073192707895,-0.016652073192707895,-0.014783204830629781,-0.02121408718924045,True,-2.41,0,-2.41,2.0,4.0,3.53,-146.5,False
2019-12-04,878.0,speculative_down,down,10d,False,-0.007068136839129213,-0.036752605595172794,-0.036752605595172794,0.0003424149600397275,0.058322790691889725,0.058322790691889725,0.0016545713284343844,-0.022286778007530317,True,-0.71,0,-0.71,1.0,1.0,5.15,-728.0,False
2019-12-09,897.25,oil_driven,up,5d,False,0.030729465824238966,0.0002787068004459492,0.030729465824238966,0.05468194108923918,0.02163752795733287,0.05468194108923918,0.04672902432111492,0.015544088815740764,True,3.07,16,8.47,,,4.48,52.9,True
2019-12-10,901.25,oil_driven,up,5d,False,0.03473019517795639,0.009803921568627416,0.03473019517795639,0.05597153814173805,0.021203299302234635,0.05597153814173805,0.049349768373844194,0.03383701580899978,True,3.47,15,8.41,30.0,,3.56,42.3,True
2019-12-16,922.0,oil_driven,up,10d,False,0.027584285316244017,0.05916140149339455,0.05916140149339455,0.02016263330191914,0.07594710631757784,0.07594710631757784,0.05676016405144213,0.10614153545898719,True,2.76,11,5.24,23.0,27.0,-2.34,-44.7,False
2019-12-17,928.75,oil_driven,up,10d,True,0.030513176144244092,0.06630309988518945,0.06630309988518945,0.028696774140371417,0.08627451487045201,0.08627451487045201,0.07467430672845587,0.1277092348428268,True,3.05,10,4.77,22.0,26.0,-3.19,-66.9,False
2019-12-18,928.5,soyoil_driven,up,10d,False,0.039171796306659123,0.05751708428246016,0.05751708428246016,0.036929919088295016,0.042786239721763986,0.042786239721763986,0.07044511031657597,0.1043937826106518,True,3.92,9,5.68,21.0,27.0,-1.85,-32.5,False
2019-12-19,924.5,oil_driven,up,10d,False,0.029223490119677065,0.04551880124399199,0.04551880124399199,0.03447112039553213,0.047749459198277666,0.047749459198277666,0.0549485545834012,0.1155496828726017,True,2.92,8,5.12,20.0,24.0,-2.09,-40.8,False
2019-12-20,928.25,soyoil_driven,up,10d,False,0.02286501377410466,0.043563799887577304,0.043563799887577304,0.006159462856075937,0.020945909591031375,0.020945909591031375,0.0471025855655971,0.08964852196474005,True,2.29,7,4.05,17.0,22.0,-3.03,-74.8,False
2019-12-23,934.0,soyoil_driven,up,10d,False,0.013015184381778733,0.0409584842574533,0.0409584842574533,0.005148669290894636,0.02541511332371882,0.02541511332371882,0.019311991594313183,0.07716830745680858,True,1.3,6,2.41,7.0,18.0,-4.45,-184.3,False
2019-12-24,936.5,soyoil_driven,up,10d,False,0.008344549125168133,0.039112343966712926,0.039112343966712926,0.0027896617570331017,0.03156649019077418,0.03156649019077418,0.00177413878865873,0.07658092810119776,True,0.83,5,1.67,6.0,13.0,-5.03,-301.6,False
2019-12-26,937.75,oil_driven,up,10d,False,0.009962304792676457,0.04952434247341908,0.04952434247341908,0.012309207225398522,0.04969370434056852,0.04969370434056852,0.028417611554504507,0.10086460365197114,True,1.0,4,1.7,5.0,12.0,-4.77,-281.0,False
2020-01-27,897.25,oil_collapse,down,10d,False,-0.03495563323474049,-0.04037433155080217,-0.04037433155080217,-0.0922446436868195,-0.09993227361768597,-0.09993227361768597,-0.05487250674921207,-0.07484588376582613,True,-3.5,29,-7.13,,,-6.1,85.7,True
2020-01-28,895.0,oil_collapse,down,10d,False,-0.022925764192139764,-0.03685768092547759,-0.03685768092547759,-0.08330477541378578,-0.07920113883947555,-0.07920113883947555,-0.039389340932132644,-0.06480381524164358,True,-2.29,28,-5.73,,,-5.27,91.9,True
2020-01-29,893.0,oil_collapse,down,10d,False,-0.02270861833105331,-0.038233710285406564,-0.038233710285406564,-0.06009869133835832,-0.08414902541133451,-0.08414902541133451,-0.04542701330118604,-0.06329869157590184,True,-2.27,30,-6.43,,,-6.43,100.0,True
2020-01-30,876.25,oil_collapse,down,10d,False,-0.03655854865310615,-0.05652759084791381,-0.05652759084791381,-0.062061535410498525,-0.09807994895260796,-0.09807994895260796,-0.05695814062632676,-0.08018018430830542,True,-3.66,30,-6.9,,,-6.9,100.0,True
2020-01-31,872.5,oil_collapse,down,10d,False,-0.03270509977827052,-0.05573593073593075,-0.05573593073593075,-0.04853289020239426,-0.11893368130603443,-0.11893368130603443,-0.06495939706339793,-0.09355126731570029,True,-3.27,30,-8.9,,,-8.9,100.0,True
2020-02-03,877.0,oil_collapse,down,10d,False,-0.02256896071329062,-0.0567356816348481,-0.0567356816348481,-0.05701917226380537,-0.14400410272183273,-0.14400410272183273,-0.039022827549907824,-0.09175405393101421,True,-2.26,29,-8.41,,,-8.14,96.7,True
2020-02-04,879.5,oil_collapse,down,10d,False,-0.017318435754189898,-0.03984716157205237,-0.03984716157205237,-0.07236348102113199,-0.1496400329002926,-0.1496400329002926,-0.023204054783225514,-0.06167940329049382,True,-1.73,28,-8.18,,,-7.77,94.9,True
2020-02-05,880.0,oil_collapse,down,10d,False,-0.014557670772676334,-0.0369357045143639,-0.0369357045143639,-0.04837805629986536,-0.10556928976510838,-0.10556928976510838,-0.006345201777755438,-0.051483971513384685,True,-1.46,27,-7.98,,,-5.57,69.8,True
2020-03-09,863.5,oil_collapse,down,5d,False,-0.030320044918585087,-0.01229625393194167,-0.030320044918585087,-0.3341176650103401,-0.39471127793025196,-0.3341176650103401,-0.044102213592606354,-0.07392337477434718,True,-3.03,5,-7.72,9.0,,-6.71,86.9,True
2020-03-11,867.75,oil_collapse,down,5d,False,-0.03449235048678723,-0.015039727582292883,-0.03449235048678723,-0.29499785372307297,-0.32320952489131083,-0.29499785372307297,-0.07269026012827051,-0.060887529286036135,True,-3.45,3,-8.57,7.0,,-6.62,77.3,True
2020-03-12,855.0,oil_collapse,down,5d,False,-0.038245219347581516,-0.035260930888575404,-0.038245219347581516,-0.31372551301027807,-0.33106816950670837,-0.31372551301027807,-0.10137459533567394,-0.09295873438321067,True,-3.82,2,-7.56,6.0,,-6.38,84.4,True
2020-03-13,846.75,oil_collapse,down,10d,False,-0.04132465326917634,-0.041595925297113756,-0.041595925297113756,-0.23134688758397337,-0.2911081159050979,-0.2911081159050979,-0.08321625596833382,-0.07771101720568652,True,-4.13,1,-6.96,5.0,6.0,-6.14,88.2,True
2020-03-16,821.75,oil_collapse,down,10d,True,-0.04834973943254195,-0.07720381807973054,-0.07720381807973054,-0.07805970007508689,-0.3860962403649315,-0.3860962403649315,-0.08495055804440543,-0.12530626398132627,True,-4.83,0,-4.83,3.0,5.0,-4.34,89.8,True
2020-03-17,824.25,oil_collapse,down,10d,True,-0.05584192439862545,-0.07698768197088468,-0.07698768197088468,-0.21565773328827342,-0.4287833703133114,-0.4287833703133114,-0.08017495335719416,-0.12482664224766615,True,-5.58,0,-5.58,3.0,4.0,-4.73,84.6,True
2020-03-18,825.5,oil_collapse,down,10d,True,-0.048689138576779034,-0.08150208623087618,-0.08150208623087618,-0.38235290715676773,-0.5645574739038168,-0.5645574739038168,-0.08278382361510062,-0.14945650607037664,True,-4.87,0,-4.87,2.0,3.0,-2.02,41.4,True
2020-03-19,843.25,oil_collapse,down,10d,False,-0.013742690058479501,-0.05146231721034866,-0.05146231721034866,-0.1993651011633496,-0.4505446955348098,-0.4505446955348098,-0.02562141820526742,-0.12439865263845629,True,-1.37,27,-3.39,29.0,,-0.91,26.7,True
2020-03-23,884.0,soyoil_driven,up,5d,True,0.07575296623060535,0.023740590619571567,0.07575296623060535,-0.18606271814053332,-0.2495984182424148,-0.18606271814053332,0.04601839251952988,-0.042841453649716144,True,7.58,1,7.91,9.0,,2.01,25.4,True
2020-03-24,886.75,soyoil_driven,up,5d,True,0.07582650894752807,0.015750286368843014,0.07582650894752807,-0.10909092581921498,-0.3012223573229973,-0.10909092581921498,0.0519017225761389,-0.03243444896775527,True,7.58,0,7.58,8.0,,0.76,10.0,True
2020-03-25,881.5,oil_driven,up,5d,True,0.06783767413688668,0.01584557764333039,0.06783767413688668,0.2022581621081474,-0.25742874132685534,0.2022581621081474,0.06389770030435327,-0.02417581926215351,True,6.78,4,7.33,7.0,,1.94,26.4,True
2020-03-26,880.25,soyoil_driven,up,5d,False,0.04387785354284013,0.029532163742689965,0.04387785354284013,-0.1038857653932378,-0.28253967042953254,-0.1038857653932378,0.040031415859050234,0.013384336006708963,True,4.39,3,5.07,4.0,13.0,0.65,12.9,True
2020-03-27,881.5,speculative_up,up,10d,False,0.022028985507246412,0.04103926778860356,0.04103926778860356,-0.04101649860796697,-0.32209263979819724,-0.32209263979819724,0.047191927481472495,0.028341622130211297,True,2.2,2,2.72,3.0,4.0,-1.19,-43.6,False
2020-03-30,882.25,soyoil_driven,up,10d,True,-0.0019796380090497667,0.07362336477030729,0.07362336477030729,-0.13998289265089436,-0.30000001329162773,-0.30000001329162773,0.02792660545638892,0.07523013546754886,True,-0.2,20,-6.56,,,-3.93,59.9,True
2020-03-31,886.0,soyoil_driven,up,10d,True,-0.0008457851705666597,0.07491659084015767,0.07491659084015767,-0.14702210133256233,-0.2400742500015216,-0.2400742500015216,0.01732583823125644,0.07012680165667295,True,-0.08,19,-6.85,,,-5.72,83.5,True
2020-04-01,862.75,soyoil_driven,up,10d,False,-0.021270561542824695,0.04512416717141132,0.04512416717141132,-0.17068192504049706,-0.0029455753961212805,-0.0029455753961212805,-0.022147153382336526,0.04033539475259773,True,-2.13,18,-6.3,,,-5.25,83.3,True
2020-04-03,854.25,speculative_down,down,5d,False,-0.030913216108905295,-0.009565217391304337,-0.030913216108905295,0.3175267248270548,0.26348639175222677,0.3175267248270548,-0.015642460719807127,0.030811268889744392,True,-3.09,16,-6.3,,,-4.14,65.8,True
2020-04-06,855.5,speculative_down,down,5d,False,-0.030320204023802755,-0.03223981900452488,-0.030320204023802755,0.29815827404792516,0.11643832372800422,0.29815827404792516,-0.0014886830769629267,0.026396348514486023,True,-3.03,15,-6.38,,,-4.51,70.7,True
2020-04-07,854.75,speculative_down,down,5d,False,-0.03527088036117376,-0.03608683394417822,-0.03527088036117376,0.15380857856143804,-0.015826783194201388,0.15380857856143804,0.01740093703708734,0.03502826108852064,True,-3.53,14,-6.77,,,-4.43,65.4,True
2020-04-14,847.0,speculative_down,down,10d,False,-0.009935710111046214,-0.03995466137716064,-0.03995466137716064,-0.22891101728600527,0.0009955429373698088,0.0009955429373698088,-0.003354459666187526,-0.004838149015813142,True,-0.99,10,-3.45,12.0,,-0.82,23.7,True
2020-04-15,842.0,speculative_down,down,10d,False,-0.014916642293068105,-0.04966139954853277,-0.04966139954853277,-0.15911969763316836,-0.029785093585813605,-0.029785093585813605,-0.03384280642895887,-0.017030765935700076,True,-1.49,9,-3.36,11.0,,-0.91,27.0,True
2020-04-17,832.5,oil_collapse,down,5d,False,-0.03590040532715688,-0.03056768558951961,-0.03590040532715688,-0.19727591063116412,-0.27843599218137716,-0.19727591063116412,-0.04086096089455138,0.0019055314346541063,True,-3.59,7,-4.34,9.0,,-2.66,61.3,True
2020-04-20,826.5,oil_collapse,down,5d,False,-0.032484635645302906,-0.032484635645302906,-0.032484635645302906,-2.6791611478953543,-2.3278052528407986,-2.6791611478953543,-0.0342007468156319,-0.017026135366760786,True,-3.25,6,-3.31,8.0,,-0.44,13.3,True
2020-04-24,832.25,oil_collapse,down,10d,False,-0.0003003003003002602,-0.036189924724956524,-0.036189924724956524,-0.0727969288660244,-0.25571175906399146,-0.25571175906399146,-0.047166285100219585,-0.0860999862637496,True,-0.03,2,-0.78,3.0,4.0,3.87,-496.2,False
2020-06-05,867.75,oil_driven,up,10d,False,0.03211418376449604,0.03922155688622753,0.03922155688622753,0.11439834788898051,0.1659788140339482,0.1659788140339482,0.027757496427204487,0.03799331450046495,True,3.21,30,7.4,,,7.4,100.0,True
2020-06-08,864.75,oil_driven,up,10d,False,0.028851873884592427,0.03780378037803778,0.03780378037803778,0.07759593980140522,0.14857138726944297,0.14857138726944297,0.01811594177859832,0.05480484329097246,True,2.89,29,7.44,,,6.66,89.6,True
2020-07-06,898.5,oil_driven,up,5d,False,0.03872832369942203,0.02509982886480322,0.03872832369942203,0.05559883856398118,0.022138391650697642,0.05559883856398118,0.04485291467406016,-0.003506324679686479,True,3.87,30,5.49,,,5.49,100.0,True
2020-07-07,895.25,soyoil_driven,up,5d,False,0.033179457587997785,0.021683309557774644,0.033179457587997785,0.023173756958819514,0.003954519303820625,0.023173756958819514,0.04127441546015831,0.014462075551861409,True,3.32,29,5.31,,,5.25,98.9,True
2020-07-20,903.0,soyoil_driven,up,5d,False,0.03023388476896738,0.005008347245408995,0.03023388476896738,0.01770580863308857,0.004430231367063442,0.01770580863308857,0.07007511762381324,0.05313160537748818,True,3.02,30,8.53,,,8.53,100.0,True
2020-08-07,870.25,speculative_down,down,10d,False,-0.030362116991643484,-0.038132080685272185,-0.038132080685272185,0.023590781031548325,-0.001695318316108252,-0.001695318316108252,0.014234892792937215,0.052013462553432976,True,-3.04,0,-3.04,3.0,4.0,13.93,-458.7,False
2020-08-13,907.25,speculative_up,up,5d,False,0.030087993187624118,0.01738155312587608,0.030087993187624118,0.006913013355259512,0.05811632304448011,0.006913013355259512,0.002538068608636479,0.054036052834194104,True,3.01,25,18.48,,,13.82,74.8,True
2020-08-14,903.5,speculative_up,up,5d,False,0.038207411663315094,0.006685236768802172,0.038207411663315094,0.019165382761640926,0.043208290141304895,0.019165382761640926,0.005741636458868271,0.020058260831253616,True,3.82,24,19.91,,,14.48,72.7,True
2020-08-17,912.5,speculative_up,up,5d,False,0.04107244723331438,0.01671309192200554,0.04107244723331438,0.022651425704493633,0.04584250536601697,0.022651425704493633,0.003526729756955893,-0.011683007210042784,True,4.11,23,19.05,,,13.29,69.8,True
2020-08-18,912.0,speculative_up,up,5d,False,0.03872437357630987,0.031966053748232026,0.03872437357630987,0.030761806309092865,0.02853713680903791,0.030761806309092865,0.016741805109618646,0.0015857670780743405,True,3.87,22,18.85,,,16.57,87.9,True
2020-08-25,913.75,speculative_up,up,10d,False,0.0019188596491228616,0.040717539863325714,0.040717539863325714,0.010725089555111422,0.041816818991746274,0.041816818991746274,0.012666232409646483,0.029620093113740475,True,0.19,30,15.24,,,15.24,100.0,True
2020-08-27,937.25,soyoil_driven,up,5d,False,0.0379291251384275,0.0330669605952052,0.0379291251384275,0.010803172021875529,0.018939375124797264,0.010803172021875529,0.064217322211642,0.05411395478412828,True,3.79,30,18.0,,,18.0,100.0,True
2020-08-28,950.5,soyoil_driven,up,5d,True,0.05523175131834579,0.05201992252351961,0.05523175131834579,0.014879571701577499,0.022851771900163298,0.014879571701577499,0.06303723501607927,0.05899139430690625,True,5.52,29,18.29,,,14.77,80.7,True
2020-08-31,951.25,soyoil_driven,up,5d,True,0.057238121700472266,0.042465753424657526,0.057238121700472266,-0.00023459225208288803,-0.006528299913299951,-0.00023459225208288803,0.04106125215811729,0.05303514018769051,True,5.72,28,18.42,,,16.03,87.0,True
2020-09-01,955.0,soyoil_driven,up,10d,False,0.045143638850889234,0.04714912280701755,0.04714912280701755,-0.013610153941299385,-0.0030310345060674537,-0.0030310345060674537,0.035647260974560835,0.04876500987647847,True,4.51,27,16.61,,,15.6,93.9,True
2020-09-02,962.5,soyoil_driven,up,10d,False,0.04676454594888524,0.0547945205479452,0.0547945205479452,-0.043327980976274105,-0.03307714823079977,-0.03307714823079977,0.04435472754437275,0.06315118685927734,True,4.68,26,15.88,,,15.52,97.8,True
2020-09-03,968.75,soyoil_driven,up,10d,True,0.03360896238997069,0.07281284606866012,0.07281284606866012,-0.0388011605046249,-0.02841716409432926,-0.02841716409432926,0.004803357574773459,0.06932913854749234,True,3.36,25,13.68,,,12.03,87.9,True
2020-09-04,969.5,soyoil_driven,up,10d,True,0.019989479221462325,0.07632528448515119,0.07632528448515119,-0.07447057649599687,-0.0606990950770494,-0.0606990950770494,-0.00928414388320875,0.0531678443729815,True,2.0,24,12.1,,,10.92,90.2,True
2020-09-08,973.0,soyoil_driven,up,10d,True,0.02286465177398167,0.08141150319533197,0.08141150319533197,-0.13729176730866266,-0.13749415197586023,-0.13749415197586023,0.018507300585421715,0.06032848567964333,True,2.29,23,12.01,,,11.85,98.7,True
2020-09-09,979.75,soyoil_driven,up,10d,True,0.025916230366492155,0.07222982216142282,0.07222982216142282,-0.11014965550409717,-0.12226065567740474,-0.12226065567740474,0.0027173959991058094,0.038461524698018,True,2.59,30,12.25,,,12.25,100.0,True
2020-09-10,985.0,speculative_up,up,10d,True,0.023376623376623273,0.07123436650353443,0.07123436650353443,-0.10142132629980694,-0.14035492597957455,-0.14035492597957455,-0.016037930804764122,0.02760543868838794,True,2.34,30,11.56,,,11.56,100.0,True
2020-09-11,1005.5,speculative_up,up,10d,True,0.03793548387096779,0.07281941851160312,0.07281941851160312,-0.09765523821941324,-0.13266726215176927,-0.13266726215176927,0.00806693898764066,0.012909044954905635,True,3.79,30,11.87,,,11.87,100.0,True
2020-09-14,1019.25,speculative_up,up,10d,True,0.051315110881897885,0.07233035244608099,0.07233035244608099,-0.06311295215840207,-0.1328834707227986,-0.1328834707227986,0.03627560102235727,0.026654669239807083,True,5.13,30,12.2,,,12.2,100.0,True
2020-09-15,991.5,speculative_up,up,10d,False,0.01901336073997939,0.042312746386333755,0.042312746386333755,0.041349307050247974,-0.10161937970033164,-0.10161937970033164,0.015192199608780488,0.03398066679891576,True,1.9,29,11.79,,,11.23,95.2,True
2020-09-16,1011.25,soyoil_driven,up,10d,False,0.032151058943608035,0.05890052356020936,0.05890052356020936,0.05545336800681011,-0.06080445687977909,-0.06080445687977909,0.05209273080182619,0.054951683379195426,True,3.22,28,11.02,,,7.91,71.8,True
2020-09-17,1028.5,soyoil_driven,up,10d,True,0.04416243654822338,0.0685714285714285,0.0685714285714285,0.09839147610480747,-0.013008844198144853,-0.013008844198144853,0.05372770063113497,0.03682808868134968,True,4.42,27,10.43,,,6.78,65.0,True
2020-09-18,1043.5,soyoil_driven,up,10d,True,0.03779214321233226,0.07716129032258068,0.07716129032258068,0.10125900331867399,-0.006284706991684708,-0.006284706991684708,0.04416116744654652,0.052584351877601465,True,3.78,26,8.18,,,5.07,62.0,True
2020-09-21,1022.5,soyoil_driven,up,10d,False,0.0031886190826588834,0.054667354306343396,0.054667354306343396,0.05501887128569938,-0.011566484263966337,-0.011566484263966337,-0.000291666332824958,0.035973354318010964,True,0.32,25,6.72,28.0,,3.09,46.0,True
2020-09-22,1019.75,oil_driven,up,10d,False,0.028492183560262285,0.04804727646454254,0.04804727646454254,0.03448275174810367,0.0772578966883215,0.0772578966883215,-0.01203062324180304,0.002978804737269858,True,2.85,24,9.71,,,6.81,70.1,True
2020-09-24,1000.0,speculative_down,down,5d,False,-0.0277102576567817,0.015228426395939021,-0.0277102576567817,-0.016109344099277112,0.08069710986052225,-0.016109344099277112,-0.07304495125197141,-0.0232417878943183,True,-2.77,3,-3.45,4.0,8.0,7.12,-206.3,False
2020-09-25,1002.5,speculative_down,down,5d,False,-0.03929084810733108,-0.002983590253605173,-0.03929084810733108,-0.020919498846589946,0.07822121686895223,-0.020919498846589946,-0.06783989272503765,-0.02667461414067729,True,-3.93,2,-4.84,3.0,7.0,5.27,-108.9,False
2020-10-06,1044.0,oil_driven,up,5d,True,0.051359516616314105,0.023780338318215355,0.051359516616314105,0.035123370355346406,0.027020195354893195,0.035123370355346406,0.012777669525117163,-0.011285930326199067,True,5.14,30,17.8,,,17.8,100.0,True
2020-10-08,1050.0,speculative_up,up,10d,False,0.025891548607718695,0.050000000000000044,0.050000000000000044,0.06379125330928903,0.0218307423328703,0.0218307423328703,0.018070447933065115,0.027194099243426306,True,2.59,30,15.05,,,15.05,100.0,True
2020-10-09,1065.5,soyoil_driven,up,10d,False,0.04384031349497919,0.06284289276807975,0.06284289276807975,0.09581644561842606,0.008695614263877882,0.008695614263877882,0.06919226533715195,0.03989041922059133,True,4.38,30,15.7,,,15.7,100.0,True
2020-10-13,1044.0,speculative_up,up,10d,False,0.0,0.051359516616314105,0.051359516616314105,-0.011556366539616336,0.023161105273797,0.023161105273797,0.012916800641336712,0.02585951677637066,True,0.0,0,0.0,1.0,1.0,14.1,0.0,False
2020-10-15,1062.25,oil_driven,up,10d,False,0.011666666666666714,0.0378602833414754,0.0378602833414754,-0.005583868655124946,0.057851182674339086,0.057851182674339086,-0.002106001985157313,0.01592638954868808,True,1.17,30,13.5,,,13.5,100.0,True
2020-10-23,1083.75,soyoil_driven,up,5d,False,0.03214285714285725,0.017128108869075565,0.03214285714285725,-0.025195757511794925,-0.018472907098212255,-0.025195757511794925,0.03394964761750252,-0.0011713298313333897,True,3.21,24,13.5,,,10.33,76.5,True
2020-10-26,1087.75,soyoil_driven,up,10d,False,0.03177614417832575,0.05223700120918995,0.05223700120918995,-0.05559638393249211,-0.02206439069620203,-0.02206439069620203,0.05932986097755699,0.03983101144040857,True,3.18,23,13.04,,,8.68,66.5,True
2020-11-02,1050.75,oil_collapse,down,5d,False,-0.03401516892668355,-0.003319895660422123,-0.03401516892668355,-0.04538381581106876,-0.09845702369540721,-0.04538381581106876,-0.03685433811679706,0.02028896010387049,True,-3.4,0,-3.4,2.0,3.0,8.87,-260.8,False
2020-11-05,1101.75,oil_driven,up,5d,True,0.04753981459472301,0.026076833527357346,0.04753981459472301,0.07243579981243964,-0.045521616680740284,0.07243579981243964,0.07289775400188381,0.05283474819090617,True,4.75,30,16.0,,,16.0,100.0,True
2020-11-06,1098.5,oil_driven,up,5d,False,0.03975390440132509,0.013610149942329786,0.03975390440132509,0.037719989929796416,-0.06800499845018926,0.037719989929796416,0.0514727614049344,0.03605979244289581,True,3.98,30,17.68,,,17.68,100.0,True
2020-11-09,1105.0,oil_driven,up,5d,True,0.05162978824649067,0.015858423350953776,0.05162978824649067,0.09453951133947469,0.04486513175890683,0.09453951133947469,0.06899671618800585,0.02959954976386725,True,5.16,30,18.7,,,18.7,100.0,True
2020-11-10,1138.25,oil_driven,up,5d,True,0.07483474976392834,0.05174405174405172,0.07483474976392834,0.0982474980863206,0.045236313604558376,0.0982474980863206,0.0674956387325718,0.057168007271969135,True,7.48,30,18.86,,,18.86,100.0,True
2020-11-11,1143.25,oil_driven,up,10d,True,0.059545875810935955,0.0813431071175219,0.0813431071175219,0.058748381798662264,0.10858522170543394,0.10858522170543394,0.07967437415225875,0.11101146326864098,True,5.95,30,17.1,,,17.1,100.0,True
2020-11-12,1137.0,oil_driven,up,10d,True,0.03199455411844787,0.08105538388400291,0.08105538388400291,0.060066975028730596,0.13685377421969025,0.13685377421969025,0.044544628192321856,0.12068958554227494,True,3.2,29,14.68,,,13.93,94.9,True
2020-11-13,1141.5,oil_driven,up,10d,True,0.03914428766499767,0.08045433033601523,0.08045433033601523,0.0805062393000513,0.12126292376553138,0.12126292376553138,0.05065084628745442,0.10473074661830095,True,3.91,30,17.93,,,17.93,100.0,True
2020-11-16,1153.5,oil_driven,up,10d,True,0.04389140271493219,0.09778729478943604,0.09778729478943604,0.026061037805930942,0.12306434692457802,0.12306434692457802,0.05496056336241262,0.12774937794226782,True,4.39,30,17.99,,,17.99,100.0,True
2020-11-17,1169.75,oil_driven,up,10d,True,0.027674061058642563,0.1045797922568461,0.1045797922568461,0.001692449076190261,0.10010622604988506,0.10010622604988506,0.039933404655263516,0.11012437404180853,True,2.77,30,15.55,,,15.55,100.0,True
2020-11-18,1175.75,oil_driven,up,10d,True,0.028427727968510785,0.08966635773864695,0.08966635773864695,0.008926391437261039,0.06819918428816396,0.06819918428816396,0.035820037115472436,0.11834835030701707,True,2.84,30,15.15,,,15.15,100.0,True
2020-11-19,1177.5,oil_driven,up,10d,True,0.03562005277044844,0.06875425459496265,0.06875425459496265,0.015077888197639888,0.07605054636022435,0.07605054636022435,0.04750343245540378,0.0941640833843107,True,3.56,30,18.73,,,18.73,100.0,True
2020-11-20,1181.0,oil_driven,up,10d,True,0.03460359176522121,0.07510241238051885,0.07510241238051885,0.050336416745541346,0.1348950516576164,0.1348950516576164,0.04120653744367209,0.09394452972522416,True,3.46,30,19.6,,,19.6,100.0,True
2020-11-23,1191.5,oil_driven,up,10d,True,0.03294321629822283,0.07828054298642528,0.07828054298642528,0.04160622192439578,0.06875156105286018,0.06875156105286018,0.029922493260837513,0.08652761371007367,True,3.29,29,18.36,,,17.95,97.8,True
2020-11-24,1191.25,oil_driven,up,10d,False,0.018379995725582354,0.04656270590819234,0.04656270590819234,0.08399709188033921,0.08583170175708488,0.08583170175708488,0.014933369954427178,0.055463114914947376,True,1.84,30,17.61,,,17.61,100.0,True
2020-11-27,1191.75,oil_driven,up,10d,False,0.012101910828025586,0.04815303430079165,0.04815303430079165,0.09080011855354808,0.1072470807870709,0.1072470807870709,-0.0028343366776396595,0.04453445505684206,True,1.21,30,20.76,,,20.76,100.0,True
2020-12-02,1153.0,speculative_down,down,5d,False,-0.03210912906610708,-0.014319298995511875,-0.03210912906610708,0.008238675865996248,0.09292779256002381,0.008238675865996248,-0.015501842651060138,-0.0007999674479166607,True,-3.21,4,-3.82,8.0,11.0,18.93,-495.6,False
2020-12-08,1145.75,speculative_down,down,10d,False,-0.013984509466437145,-0.03839697859840541,-0.03839697859840541,0.02356900684718899,0.058987390149169094,0.058987390149169094,0.0235293373667127,-0.0070039030637411015,True,-1.4,0,-1.4,1.0,4.0,12.89,-921.5,False
2020-12-15,1184.25,oil_driven,up,5d,False,0.033602443814095606,0.01914802065404464,0.033602443814095606,0.04429825713503188,0.0689113299079549,0.04429825713503188,0.02377220157865456,0.04786088309626102,True,3.36,20,25.38,,,19.57,77.1,True
2020-12-17,1201.25,oil_driven,up,5d,False,0.04207330297115597,0.028247378557671787,0.04207330297115597,0.033775157594786664,0.05959687241626144,0.033775157594786664,0.02489736251276553,0.03231644235102915,True,4.21,18,24.62,,,17.52,71.2,True
2020-12-18,1220.0,oil_driven,up,5d,True,0.05127100387763894,0.04901117798796206,0.05127100387763894,0.054326793984884825,0.06139213695703738,0.054326793984884825,0.012379935348691085,0.022454735875277576,True,5.13,17,23.78,,,18.16,76.4,True
2020-12-21,1243.25,speculative_up,up,10d,True,0.063061137238136,0.07315494173500214,0.07315494173500214,0.015960842162380473,0.04326930571590215,0.04326930571590215,-0.0037397537670491587,0.028042196617962034,True,6.31,16,22.83,,,17.36,76.0,True
2020-12-22,1247.25,soyoil_driven,up,10d,True,0.05319822672577579,0.08858826096443373,0.08858826096443373,-0.012599716244835024,0.031140395420154787,0.031140395420154787,0.03470274707855414,0.059299909356093305,True,5.32,15,21.3,,,15.41,72.3,True
2020-12-23,1258.75,oil_driven,up,10d,True,0.06335797254487852,0.08653431160984026,0.08653431160984026,0.006273509807090516,0.05711771634390761,0.05711771634390761,0.05889882924447587,0.06682147225865598,True,6.34,14,21.35,,,17.23,80.7,True
2020-12-24,1263.5,soyoil_driven,up,10d,True,0.051821019771071786,0.09607460420733038,0.09607460420733038,-0.0026881940958330963,0.03099616931972138,0.03099616931972138,0.04783370480376714,0.07392200040536046,True,5.18,13,19.58,18.0,,16.69,85.2,True
2020-12-28,1255.25,soyoil_driven,up,10d,True,0.028893442622950793,0.08164584230934935,0.08164584230934935,-0.030142557805096004,0.022546687651733954,0.022546687651733954,0.04117797700138337,0.05406769304314141,True,2.89,12,17.75,17.0,,10.98,61.9,True
2020-12-29,1295.5,soyoil_driven,up,10d,True,0.04202694550573094,0.10773834972210339,0.10773834972210339,0.005446131386511288,0.021493898392347388,0.021493898392347388,0.0630630759634545,0.05908748182050938,True,4.2,11,15.54,16.0,,9.99,64.3,True
2020-12-30,1303.75,soyoil_driven,up,10d,True,0.04529965925035073,0.10090774751952702,0.10090774751952702,0.029349235531267892,0.016379727246736087,0.016379727246736087,0.052281109044934215,0.08879815422766124,True,4.53,10,15.17,15.0,,10.0,65.9,True
2020-12-31,1315.25,soyoil_driven,up,10d,True,0.0448857994041707,0.11108764519535375,0.11108764519535375,0.008312583847832622,0.014638242731214834,0.014638242731214834,0.0478840007254846,0.10960314155223316,True,4.49,9,14.12,14.0,,10.01,70.9,True
2021-01-04,1316.5,soyoil_driven,up,10d,True,0.04194697269489511,0.09594172736732576,0.09594172736732576,-0.012647742403923634,-0.01530193691330095,-0.01530193691330095,0.026051628790935144,0.07513147951594523,True,4.19,8,13.69,13.0,,9.52,69.5,True
2021-01-05,1350.0,soyoil_driven,up,10d,True,0.07548297151961769,0.10655737704918034,0.10655737704918034,0.048509059745994954,0.01690431480343446,0.01690431480343446,0.06327898639510021,0.10706266404293174,True,7.55,7,14.44,12.0,,9.54,66.1,True
2021-01-06,1365.25,oil_driven,up,10d,True,0.05384021613276735,0.09812990146792688,0.09812990146792688,0.05479168891906738,0.06053622304232076,0.06053622304232076,0.044962332109092173,0.11086087103783626,True,5.38,6,10.88,11.0,,6.31,58.0,True
2021-01-07,1360.5,oil_driven,up,10d,True,0.04352828379674012,0.09079975947083585,0.09079975947083585,0.050206616292697515,0.081029377630768,0.081029377630768,0.03937193290995866,0.09371145027266836,True,4.35,5,10.18,8.0,,6.14,60.3,True
2021-01-08,1375.75,oil_driven,up,10d,True,0.04599885953240834,0.0929493545183715,0.0929493545183715,0.07666943910978241,0.08561934409878136,0.08561934409878136,0.009923758880857836,0.05828294888379304,True,4.6,4,9.22,7.0,9.0,6.9,74.8,True
2021-01-11,1374.5,oil_driven,up,10d,True,0.04405620964679069,0.08785120696478033,0.08785120696478033,0.09722808004968564,0.08335062193486542,0.08335062193486542,0.004658764535702575,0.03083176173094615,True,4.41,3,9.12,6.0,8.0,8.15,89.4,True
2021-01-12,1422.0,oil_driven,up,10d,True,0.05333333333333323,0.13284206333399728,0.13284206333399728,0.06569194390645472,0.11738765808423857,0.11738765808423857,-0.02772767189613845,0.033796735526278265,True,5.33,2,6.41,4.0,7.0,4.15,64.7,True
2021-01-13,1411.0,oil_driven,up,10d,True,0.03351034609045955,0.089154766499421,0.089154766499421,0.04503256431358693,0.1022916634877522,0.1022916634877522,-0.038522169587400845,0.004708115939139779,True,3.35,1,5.22,3.0,6.0,2.93,56.1,True
2021-01-14,1436.5,oil_driven,up,10d,True,0.05586181550900404,0.10182166826462136,0.10182166826462136,0.05390513014098541,0.10681814061887951,0.10681814061887951,-0.024351703574186367,0.014061455696406266,True,5.59,0,5.59,2.0,5.0,2.35,42.1,True
2021-01-15,1416.75,oil_driven,up,10d,True,0.029801926222060793,0.07717164037255264,0.07717164037255264,0.002297069832105869,0.07914262399751171,0.07914262399751171,-0.04364716454918727,-0.03415654960514869,True,2.98,26,3.49,29.0,,2.78,79.7,True
2021-01-19,1385.75,oil_driven,up,10d,False,0.008184794470716517,0.05260159513862517,0.05260159513862517,0.013971283105001397,0.11255776418681696,0.11255776418681696,-0.03315558241970318,-0.02865128193553812,True,0.82,25,3.58,28.0,,2.64,73.6,True
2021-01-20,1369.5,speculative_down,down,5d,False,-0.03691983122362874,0.014444444444444482,-0.03691983122362874,0.0005638525561053598,0.06629283703304711,0.0005638525561053598,-0.013679576581881014,-0.04102794566687895,True,-3.69,2,-7.75,4.0,24.0,-0.47,6.1,True
2021-01-21,1370.25,speculative_down,down,5d,False,-0.028880226789510965,0.0036623329060612164,-0.028880226789510965,0.00415802724130776,0.04937783818405639,0.00415802724130776,0.01757263342636506,-0.021626472125983454,True,-2.89,1,-7.03,3.0,23.0,1.65,-23.4,False
2021-01-22,1311.75,speculative_down,down,5d,True,-0.08684302123216148,-0.03583241455347297,-0.08684302123216148,-0.02426729969136343,0.02832969850158884,-0.02426729969136343,-0.02311070000972404,-0.046899618667881726,True,-8.68,0,-8.68,3.0,30.0,0.09,-1.0,False
2021-01-25,1343.5,speculative_down,down,5d,True,-0.05170284100935241,-0.02344175904052337,-0.05170284100935241,0.00783040188374362,0.010145458695789866,0.00783040188374362,0.026045404834648123,-0.018738567785107185,True,-5.17,0,-5.17,10.0,21.0,1.73,-33.4,False
2021-01-28,1353.25,speculative_down,down,10d,False,-0.012406495165115827,-0.04092841956059534,-0.04092841956059534,-0.014869205715138722,-0.010773005036251115,-0.010773005036251115,0.02809120912112295,0.046157479067876706,True,-1.24,0,-1.24,1.0,4.0,3.32,-267.6,False
2021-01-29,1370.0,speculative_down,down,10d,False,0.04440632742519535,-0.04629307344239475,-0.04629307344239475,-0.001339194455924675,-0.025573995514081238,-0.025573995514081238,0.055594947922208426,0.03119940974899782,True,4.44,26,9.87,,,8.21,83.2,True
2021-02-01,1365.25,speculative_down,down,10d,False,0.016189058429475267,-0.03635080289394743,-0.03635080289394743,0.014781102378825572,0.02272724623448008,0.02272724623448008,0.04727532973723636,0.07455203967358237,True,1.62,25,7.28,,,5.94,81.6,True
2021-02-05,1366.75,oil_driven,up,10d,False,-0.0023722627737226,0.04192872117400426,0.04192872117400426,0.08908041462104732,0.08762192416773074,0.08762192416773074,0.0008964795267791814,0.056541267181592136,True,-0.24,3,-1.17,4.0,5.0,3.47,-296.9,False
2021-02-09,1401.75,oil_driven,up,5d,False,0.034692747739435426,0.02298850574712641,0.034692747739435426,0.06574146090509903,0.10929480960448101,0.06574146090509903,0.049639006725813895,0.059439777258514015,True,3.47,19,6.38,26.0,,5.76,90.2,True
2021-02-24,1423.75,oil_driven,up,5d,False,0.028906955736224038,0.015694667380060645,0.028906955736224038,0.0340203116097324,0.08327622617415664,0.0340203116097324,0.09343593947216555,0.09931209988012246,True,2.89,9,4.16,10.0,24.0,2.28,54.8,True
2021-02-25,1406.0,oil_driven,up,10d,False,0.022545454545454646,0.03840472673559825,0.03840472673559825,0.049735596476636834,0.08265164364174882,0.08265164364174882,0.08633552014995316,0.11534253920250714,True,2.25,8,4.82,15.0,23.0,2.04,42.3,True
2021-03-05,1434.25,oil_driven,up,10d,False,0.020636897349226135,0.041386821564712184,0.041386821564712184,0.07463408679496952,0.11563123675456843,0.11563123675456843,0.03973511705228372,0.12260782175808682,True,2.06,30,3.17,,,3.17,100.0,True
2021-03-08,1437.75,oil_driven,up,10d,False,0.032495511669658805,0.039024390243902474,0.039024390243902474,0.07272433552930058,0.057895613532528145,0.057895613532528145,0.06480206590236981,0.12860124532739414,True,3.25,30,5.71,,,5.71,100.0,True
2021-03-30,1366.75,speculative_down,down,5d,False,-0.039697874582821036,-0.039697874582821036,-0.039697874582821036,0.04830334135392822,-0.0655864755330745,0.04830334135392822,-0.11504737496714323,-0.08404431031568504,True,-3.97,0,-3.97,1.0,1.0,16.67,-419.9,False
2021-04-07,1408.75,soyoil_driven,up,5d,False,0.030729833546734975,-0.010187950114175282,0.030729833546734975,-0.012881895774153329,0.034799206970910435,-0.012881895774153329,0.04736423767363629,-0.07313226850517873,True,3.07,25,21.49,,,12.55,58.4,True
2021-04-19,1449.75,oil_driven,up,5d,True,0.0490231548480462,0.02619005485754733,0.0490231548480462,0.06164154536259647,0.08064790143524969,0.06164154536259647,0.09368318024003153,0.06551787529819242,True,4.9,17,20.15,26.0,,12.05,59.8,True
2021-04-20,1472.0,oil_driven,up,5d,True,0.05937387549478235,0.03753303964757704,0.05937387549478235,0.03755397657149606,0.05241861957985727,0.03755397657149606,0.09975487530262916,0.08160240495729543,True,5.94,16,19.5,24.0,,12.45,63.8,True
2021-04-21,1497.25,soyoil_driven,up,10d,False,0.06187943262411344,0.06282165039929022,0.06282165039929022,-0.028503610582181538,0.026434632830125482,0.026434632830125482,0.10969758045941069,0.1388836398203881,True,6.19,15,17.77,21.0,,9.88,55.6,True
2021-04-22,1533.25,soyoil_driven,up,10d,True,0.08108584523179974,0.08337749514220105,0.08337749514220105,-0.031988635496113194,0.030704729495073746,0.030704729495073746,0.13900530429873093,0.17122516310903402,True,8.11,14,17.08,19.0,,11.67,68.3,True
2021-04-23,1539.75,oil_driven,up,10d,True,0.07430664573521706,0.09746970776906627,0.09746970776906627,-0.015681952506204078,0.04753876785792133,0.04753876785792133,0.1132610872719817,0.1865657690639233,True,7.43,13,15.86,18.0,,8.86,55.9,True
2021-04-26,1569.0,soyoil_driven,up,10d,True,0.08225556130367306,0.13531114327062221,0.13531114327062221,-0.023193455284472142,0.037018409652091355,0.037018409652091355,0.15887681809100673,0.2674440839162209,True,8.23,12,14.54,17.0,,8.98,61.8,True
2021-04-27,1549.75,soyoil_driven,up,10d,True,0.052819293478260976,0.11532925512774383,0.11532925512774383,0.008007687556004006,0.04586238463837011,0.04586238463837011,0.13940324581550856,0.2530642745212457,True,5.28,11,12.81,16.0,,6.15,48.0,True
2021-04-28,1557.75,soyoil_driven,up,10d,True,0.04040741359158462,0.1047872340425533,0.1047872340425533,0.04091283127397727,0.01124305728134778,0.01124305728134778,0.14553910153515126,0.27120196929520457,True,4.04,10,10.9,14.0,,3.12,28.6,True
2021-04-29,1542.5,soyoil_driven,up,10d,True,0.006032936572639924,0.0876079675656618,0.0876079675656618,0.05827774398941443,0.024424882983288043,0.024424882983288043,0.055502197386419816,0.20222260152209826,True,0.6,9,8.3,12.0,15.0,-1.61,-19.4,False
2021-04-30,1571.0,soyoil_driven,up,10d,True,0.02029550251664225,0.0961102389673818,0.0961102389673818,0.02317351875684337,0.007128160230092773,0.007128160230092773,0.0916919165036909,0.21533812993293222,True,2.03,8,7.84,11.0,13.0,-4.38,-55.9,False
2021-05-03,1560.25,soyoil_driven,up,10d,True,-0.005576800509878854,0.07622003793757548,0.07622003793757548,0.04167336492838425,0.0175133603178923,0.0175133603178923,0.047538698323019046,0.2139683135397754,True,-0.56,30,-6.58,,,-6.58,100.0,True
2021-05-04,1577.0,oil_driven,up,10d,True,0.017583481206646212,0.07133152173913038,0.07133152173913038,0.043692467027323545,0.052050030207833275,0.052050030207833275,0.02257336446784719,0.16512341055915014,True,1.76,6,7.15,8.0,11.0,-6.53,-91.4,False
2021-05-05,1582.0,oil_driven,up,10d,False,0.015567324666987625,0.05660377358490565,0.05660377358490565,0.02771682784449414,0.06976363301952304,0.06976363301952304,-0.03205219988815389,0.10882205327305039,True,1.56,5,6.6,7.0,10.0,-14.64,-221.9,False
2021-05-06,1605.5,oil_driven,up,10d,False,0.04084278768233385,0.047122126202510994,0.047122126202510994,-0.004614721456694393,0.053394086977084365,0.053394086977084365,0.003940023407293047,0.05966090075057151,True,4.08,4,7.65,7.0,9.0,-9.5,-124.2,False
2021-05-07,1621.0,soyoil_driven,up,10d,False,0.031826861871419476,0.05276830654327003,0.05276830654327003,0.020761240276962134,0.04441587002477898,0.04441587002477898,-0.030382732381988187,0.058523333160979574,True,3.18,3,5.7,4.0,8.0,-9.93,-174.3,False
2021-05-10,1620.0,speculative_up,up,5d,False,0.0382951450088127,0.03250478011472269,0.0382951450088127,0.0066677053716783785,0.04861893601925149,0.0066677053716783785,-0.03235249836712406,0.013648204296024202,True,3.83,2,6.43,4.0,7.0,-10.62,-165.3,False
2021-05-11,1637.5,speculative_up,up,10d,False,0.03836398224476856,0.0566220358122278,0.0566220358122278,-0.0062414925692092504,0.037178268249832946,0.037178268249832946,-0.013097857683884162,0.009179844068716747,True,3.84,1,5.29,2.0,5.0,-12.18,-229.9,False
2021-05-12,1660.5,speculative_up,up,10d,False,0.04962073324905192,0.06596051998074137,0.06596051998074137,0.006856690484065009,0.03476356403828884,0.03476356403828884,0.028768442610066947,-0.004205849151095675,True,4.96,0,4.96,1.0,4.0,-13.32,-268.5,False
2021-05-13,1612.25,speculative_up,up,10d,False,0.004204297726564832,0.04521880064829831,0.04521880064829831,-0.013753660983469196,-0.018304913125715028,-0.018304913125715028,0.027018881743809064,0.031065360177611412,True,0.42,0,0.42,1.0,1.0,-17.18,-4085.2,False
2021-05-18,1574.25,speculative_down,down,5d,False,-0.038625954198473256,-0.0017438173747622576,-0.038625954198473256,0.003216897800238039,-0.0030446730126874044,0.003216897800238039,0.02400836070631862,0.010596044930679671,True,-3.86,21,-18.79,,,-11.45,60.9,True
2021-05-19,1538.25,oil_collapse,down,5d,True,-0.07362240289069555,-0.027654867256637128,-0.07362240289069555,-0.04116224493542375,-0.03458779122451028,-0.04116224493542375,-0.03189633446837148,-0.00404549972592938,True,-7.36,20,-19.92,,,-12.87,64.6,True
2021-05-20,1533.25,speculative_down,down,5d,True,-0.048999844937199555,-0.04500155714730614,-0.048999844937199555,-0.027734259890747404,-0.04110647326605177,-0.027734259890747404,-0.03350968178450686,-0.007396194170106174,True,-4.9,19,-17.52,,,-9.96,56.8,True
2021-05-21,1526.25,speculative_down,down,10d,False,-0.04832424006235381,-0.05845157310302285,-0.05845157310302285,-0.02738260425759176,-0.020338977870406838,-0.020338977870406838,-0.042683900628953775,-0.013407644267454555,True,-4.83,18,-17.08,,,-14.96,87.6,True
2021-05-24,1522.75,speculative_down,down,10d,False,-0.040787401574803095,-0.0600308641975309,-0.0600308641975309,-0.003319655989926895,0.01740611390456026,0.01740611390456026,-0.055676437571708814,-0.014674754055900463,True,-4.08,17,-16.24,,,-12.66,78.0,True
2021-05-25,1511.75,speculative_down,down,10d,True,-0.039701445132602875,-0.07679389312977103,-0.07679389312977103,0.008856342189248467,0.012101729937193051,0.012101729937193051,-0.028833490320879007,-0.005517374450606183,True,-3.97,16,-15.53,,,-11.69,75.3,True
2021-05-26,1503.5,speculative_down,down,10d,True,-0.022590606208353625,-0.09454983438723275,-0.09454983438723275,0.0449810360900702,0.001967270729657855,0.001967270729657855,-0.011885074485018743,-0.04340231864243449,True,-2.26,15,-13.55,24.0,,-8.73,64.4,True
2021-05-27,1537.0,speculative_down,down,10d,False,0.0024457850970160955,-0.04667390293068696,-0.04667390293068696,0.0773569588409222,0.04747726094932281,0.04747726094932281,0.015967083154712736,-0.018077650505335274,True,0.24,5,3.29,9.0,10.0,-6.57,-199.5,False
2021-05-28,1530.5,speculative_down,down,10d,False,0.0027846027846027965,-0.04567420109119247,-0.04567420109119247,0.043095278151300986,0.014532612946721368,0.014532612946721368,0.004580898786741061,-0.03829853247081738,True,0.28,4,3.77,8.0,9.0,-5.78,-153.5,False
2021-06-02,1562.5,oil_driven,up,5d,False,0.03357036547048131,-0.007463871684929346,0.03357036547048131,0.041773908717706254,0.05100021493714113,0.041773908717706254,0.05533055445984947,0.024901691132503512,True,3.36,2,4.76,6.0,7.0,-4.25,-89.2,False
2021-06-03,1549.25,oil_driven,up,5d,False,0.030428999002327872,0.0071509832601983625,0.030428999002327872,0.039268970096252964,0.0860163651474426,0.039268970096252964,0.04826428371218361,0.03580558462027961,True,3.04,1,5.34,6.0,7.0,-3.24,-60.7,False
2021-06-04,1583.75,oil_driven,up,5d,False,0.030416395575797006,0.03293657263981742,0.030416395575797006,0.041436115717089494,0.12199844645606617,0.041436115717089494,0.06780420513148466,0.084853923667771,True,3.04,0,3.04,1.0,5.0,-7.09,-233.2,False
2021-06-11,1508.5,speculative_down,down,5d,True,-0.04751381215469608,-0.01854261548471048,-0.04751381215469608,0.018529170707202836,0.06073306328585759,0.018529170707202836,-0.06111568832028824,0.0025446161435755954,True,-4.75,4,-16.04,22.0,,-10.8,67.3,True
2021-06-14,1472.25,speculative_down,down,5d,True,-0.0564012177535651,-0.038059457693564225,-0.0564012177535651,0.023833508832541872,0.0687575027077334,0.023833508832541872,-0.06875621376091545,0.0025839514603986924,True,-5.64,3,-14.77,12.0,,-9.1,61.6,True
2021-06-15,1465.75,speculative_down,down,5d,True,-0.07231012658227853,-0.05343881175330967,-0.07231012658227853,0.029550315555229245,0.06497344132554073,0.029550315555229245,-0.09031634254795096,-0.027006970044635148,True,-7.23,2,-15.84,20.0,,-9.37,59.1,True
2021-06-16,1448.5,speculative_down,down,5d,True,-0.07296000000000002,-0.07296000000000002,-0.07296000000000002,0.03130363736514563,0.048234775628413606,0.03130363736514563,-0.13297942631724557,-0.11807328620192836,True,-7.3,1,-14.9,10.0,,-8.21,55.1,True
2021-06-17,1329.75,speculative_down,down,10d,True,-0.1387629533678757,-0.14168145877037275,-0.14168145877037275,0.010670080953638417,0.03240813015629995,0.03240813015629995,-0.1971331190764859,-0.17835873713072925,True,-13.88,0,-13.88,9.0,,-8.37,60.3,True
2021-06-18,1396.0,speculative_down,down,10d,True,-0.07457739476300962,-0.11854775059194944,-0.11854775059194944,0.010294679027482934,0.02901460159976188,0.02901460159976188,-0.13227835146311118,-0.18530975728385846,True,-7.46,5,-11.85,8.0,,-5.95,50.2,True
2021-06-21,1415.0,speculative_down,down,10d,True,-0.0388860587536084,-0.0930940554398334,-0.0930940554398334,0.03922131089751635,0.06398960118975783,0.06398960118975783,-0.08535472000549649,-0.14824226639221094,True,-3.89,4,-9.68,7.0,,-5.43,56.1,True
2021-06-22,1394.5,speculative_down,down,10d,True,-0.048609926658707114,-0.1174050632911392,-0.1174050632911392,0.013033760069515177,0.042969227347669614,0.042969227347669614,-0.07472932055337023,-0.15829638418784742,True,-4.86,3,-9.28,6.0,15.0,-4.25,45.8,True
2021-06-23,1385.0,speculative_down,down,10d,True,-0.04383845357266136,-0.11360000000000003,-0.11360000000000003,0.012889816846950453,0.04459695236437633,0.04459695236437633,0.0009666726854522523,-0.13214130121094136,True,-4.38,2,-8.2,5.0,5.0,-3.18,38.7,True
2021-06-24,1371.25,speculative_down,down,10d,True,0.03120887384846771,-0.11188471502590669,-0.11188471502590669,0.031813092723883996,0.04282262195227182,0.04282262195227182,0.10836134172148659,-0.11013338663586902,True,3.12,13,10.38,27.0,,6.96,67.0,True
2021-06-25,1329.75,speculative_down,down,10d,True,-0.047457020057306565,-0.11849519390122643,-0.11849519390122643,0.03364047574877005,0.04428147267641869,0.04428147267641869,0.027357195144675384,-0.10853992099282816,True,-4.75,0,-4.75,3.0,3.0,2.7,-57.0,False
2021-06-28,1357.0,speculative_down,down,10d,True,-0.040989399293286266,-0.07828154185770075,-0.07828154185770075,-0.010181916409349845,0.028640046379142747,0.028640046379142747,0.03281948420590175,-0.05533653368471425,True,-4.1,0,-4.1,2.0,2.0,2.3,-56.0,False
2021-06-29,1359.75,speculative_down,down,10d,True,-0.024919325923269953,-0.07231792597646258,-0.07231792597646258,-0.0010949110913397453,0.011924578169713484,0.011924578169713484,0.05735954280471489,-0.021656217409703582,True,-2.49,0,-2.49,1.0,1.0,0.79,-31.7,False
2021-06-30,1450.0,soyoil_driven,up,5d,True,0.04693140794223827,0.0010355540214015413,0.04693140794223827,0.00533660892004395,0.018295213678557687,0.00533660892004395,0.04876875168040384,0.04978256778600909,True,4.69,9,5.97,15.0,,1.19,19.9,True
2021-07-01,1446.75,oil_driven,up,10d,True,0.05505925250683674,0.08798646362098128,0.08798646362098128,0.026330153135368795,0.058980889462382224,0.058980889462382224,0.037320576142177764,0.14972602556824954,True,5.51,8,7.04,14.0,,3.87,54.9,True
2021-07-02,1451.75,soyoil_driven,up,5d,True,0.0917465689039294,0.03993553008595985,0.0917465689039294,0.01498987933296525,0.04913462175391303,0.01498987933296525,0.11907554378443264,0.14969031181737713,True,9.17,7,10.38,21.0,,3.48,33.5,True
2021-07-06,1363.75,speculative_down,down,10d,False,0.004974207811348608,-0.03621908127208484,-0.03621908127208484,0.006309135391138643,-0.003937020107379063,-0.003937020107379063,0.024394165049965943,0.05801425317044151,True,0.5,6,8.16,13.0,,0.88,10.8,True
2021-07-08,1390.25,speculative_down,down,5d,False,-0.04120689655172416,0.003790613718411606,-0.04120689655172416,-0.007213812038804335,-0.0019157004124341626,-0.007213812038804335,-0.013965678498550238,0.0341219844751095,True,-4.12,30,-8.76,,,-8.76,100.0,True
2021-07-09,1404.0,speculative_down,down,5d,False,-0.029548989113530322,0.023883318140382803,-0.029548989113530322,-0.008906098211387214,0.017189555994236994,-0.008906098211387214,-0.040436670219777926,-0.004625213907473502,True,-2.95,30,-10.58,,,-10.58,100.0,True
2021-07-12,1432.5,soyoil_driven,up,10d,True,-0.013259858791114132,0.07727016356457983,0.07727016356457983,-0.01410331474641302,0.0006751576003087845,0.0006751576003087845,-0.027387037405156356,0.08842738000761274,True,-1.33,29,-10.88,,,-10.87,99.8,True
2021-07-13,1438.0,soyoil_driven,up,10d,False,0.05444546287809349,0.05969049373618285,0.05969049373618285,0.02562351346655145,0.03209431107334715,0.03209431107334715,0.04386644747049062,0.06933069788020751,True,5.44,1,7.63,8.0,26.0,-1.96,-25.7,False
2021-07-14,1467.75,soyoil_driven,up,10d,True,0.05860079336458712,0.07942636514065082,0.07942636514065082,0.012880891197855071,0.002055273904973287,0.002055273904973287,0.02887577293857624,0.03865932452922238,True,5.86,0,5.86,6.0,23.0,-2.92,-49.8,False
2021-07-15,1447.5,soyoil_driven,up,5d,False,0.041179643948930034,-0.0017241379310344307,0.041179643948930034,-0.017685781085127084,-0.024772011223423762,-0.017685781085127084,0.04762642114542803,0.03299560736112417,True,4.12,1,4.64,5.0,22.0,-1.64,-35.3,False
2021-07-16,1454.75,soyoil_driven,up,5d,False,0.036146723646723666,0.005529635389666554,0.036146723646723666,-0.036883048418005715,-0.045460662577846866,-0.036883048418005715,0.0945360955873531,0.050276700446443945,True,3.61,0,3.61,1.0,5.0,-3.19,-88.2,False
2021-07-20,1443.5,soyoil_driven,up,10d,False,0.0038247566063978056,0.058478460128322585,0.058478460128322585,-0.10405318047913203,-0.0810958750838251,-0.0810958750838251,0.005853210351564719,0.04997641736647607,True,0.38,15,0.66,16.0,16.0,-9.68,-1465.8,False
2021-07-21,1439.25,speculative_up,up,10d,False,-0.01941747572815533,0.038045438153624156,0.038045438153624156,-0.038698130834783906,-0.02631570604977196,-0.02631570604977196,-0.01755963105469427,0.010809093964661454,True,-1.94,30,-12.94,,,-12.94,100.0,True
2021-07-23,1401.0,speculative_down,down,5d,False,-0.0369479291974566,-0.002136752136752129,-0.0369479291974566,0.003620695516920458,-0.033395895189142655,0.003620695516920458,-0.03879364648214645,0.052075049233188286,True,-3.69,28,-12.17,,,-11.81,97.0,True
2021-08-10,1447.5,soyoil_driven,up,5d,False,0.039683964805171446,0.02062400846113177,0.039683964805171446,-0.032171155351605196,-0.04689463417719508,-0.032171155351605196,0.033823347382054836,-0.012828228897027505,True,3.97,0,3.97,1.0,4.0,-7.86,-198.2,False
2021-08-16,1376.0,speculative_down,down,5d,False,-0.04027898866608548,-0.030132158590308378,-0.04027898866608548,0.012184078184305225,-0.05571149455080737,0.012184078184305225,-0.0369750496049942,-0.020581890661170443,True,-4.03,17,-12.21,,,-10.93,89.6,True
2021-08-17,1369.0,speculative_down,down,5d,True,-0.05423143350604487,-0.01669958699946128,-0.05423143350604487,-0.024893901813525687,-0.05626419158258045,-0.024893901813525687,-0.043877122548527936,-0.01153784632455701,True,-5.42,16,-13.04,,,-11.31,86.8,True
2021-08-18,1358.25,oil_collapse,down,5d,False,-0.03361792956243326,-0.03224082650516569,-0.03361792956243326,-0.054729255097867746,-0.03947178842519561,-0.054729255097867746,-0.02518492845686171,-0.013382191277075184,True,-3.36,30,-10.64,,,-10.64,100.0,True
2021-08-19,1323.0,oil_collapse,down,10d,False,-0.05601141633963613,-0.056684491978609586,-0.056684491978609586,-0.078158894158461,-0.078158894158461,-0.078158894158461,-0.045819554783793404,-0.02993441187835777,True,-5.6,30,-11.06,,,-11.06,100.0,True
2021-08-20,1293.75,oil_collapse,down,5d,True,-0.09162717219589256,-0.09034979785551067,-0.09162717219589256,-0.08942142794079488,-0.08728762728507522,-0.08942142794079488,-0.09478817197551892,-0.09336064001247457,True,-9.16,30,-13.24,,,-13.24,100.0,True
2021-08-23,1294.0,speculative_down,down,10d,True,-0.05959302325581395,-0.09747166521360073,-0.09747166521360073,-0.024520753506159676,-0.012635438099711682,-0.012635438099711682,-0.06383316253888982,-0.09844797779256498,True,-5.96,29,-10.19,,,-9.12,89.5,True
2021-08-24,1337.0,speculative_down,down,10d,True,-0.023374726077428742,-0.07633851468048358,-0.07633851468048358,0.014266475895511554,-0.010982574168182047,-0.010982574168182047,-0.023185173356456534,-0.06604499721231438,True,-2.34,28,-9.73,,,-9.28,95.3,True
2021-08-25,1346.0,speculative_down,down,10d,False,-0.00901895821829557,-0.042333689078619674,-0.042333689078619674,0.0443018876632828,-0.012851976745825833,-0.012851976745825833,-0.0006459053016345528,-0.025814566679684625,True,-0.9,27,-9.02,,,-8.17,90.6,True
2021-08-26,1367.5,oil_driven,up,5d,False,0.0336356764928194,-0.024259721726721417,0.0336356764928194,0.05856491792531027,-0.02417134545467392,0.05856491792531027,0.012046260318725022,-0.034325248749682014,True,3.36,0,3.36,2.0,2.0,-6.05,-179.8,False
2021-08-27,1359.25,oil_driven,up,5d,True,0.05062801932367145,-0.04563805511672814,0.05062801932367145,0.10301665918458758,0.004383334477816803,0.10301665918458758,0.06627235079766591,-0.03479765616248409,True,5.06,0,5.06,1.0,3.0,-5.06,-100.0,False
2021-08-30,1304.75,speculative_down,down,10d,False,0.008307573415765157,-0.05178052325581395,-0.05178052325581395,0.054387564412244904,0.028533186845332237,0.028533186845332237,0.017383945642141407,-0.04755888912449047,True,0.83,0,0.83,1.0,2.0,-7.4,-890.7,False
2021-08-31,1298.75,speculative_down,down,10d,False,-0.028608825729244614,-0.05131482834185541,-0.05131482834185541,0.014213785482078078,0.028683042005553494,0.028683042005553494,-0.02831886622876434,-0.0508474617624487,True,-2.86,30,-10.6,,,-10.6,100.0,True
2021-09-01,1277.75,speculative_down,down,10d,False,-0.0507057949479941,-0.05926743972022819,-0.05926743972022819,0.0033644781375885557,0.04781541853336835,0.04781541853336835,-0.057844531453593806,-0.05845307466569194,True,-5.07,29,-11.2,,,-10.38,92.7,True
2021-09-02,1279.25,speculative_down,down,5d,True,-0.0645338208409506,-0.033068783068783025,-0.0645338208409506,0.0381192489561355,0.09891661756793613,0.0381192489561355,-0.03782819892802847,-0.026237626940978975,True,-6.45,28,-12.6,,,-10.95,86.9,True
2021-09-03,1283.0,speculative_down,down,5d,True,-0.05609711237814974,-0.00830917874396131,-0.05609711237814974,0.008001208449959885,0.1118421253985018,0.008001208449959885,-0.037520379538112936,0.02626540750474149,True,-5.61,27,-12.07,,,-10.13,84.0,True
2021-09-07,1268.75,speculative_down,down,5d,False,-0.027591492623107894,-0.019513137557959803,-0.027591492623107894,-0.012425958990432973,0.04128578777683578,-0.012425958990432973,-0.041804918858577844,-0.025147707653448093,True,-2.76,26,-8.39,,,-5.88,70.1,True
2021-09-08,1270.75,speculative_down,down,10d,False,-0.0215591915303176,-0.049551234106207875,-0.049551234106207875,0.011678876667997162,0.026058663197705778,0.026058663197705778,-0.03217654696383265,-0.05958420986342461,True,-2.16,25,-7.97,,,-4.1,51.4,True
2021-09-09,1258.75,speculative_down,down,10d,True,-0.014869888475836479,-0.06482169390787518,-0.06482169390787518,-0.006560678995015445,-0.0032182741184734187,-0.0032182741184734187,-0.03927286677403996,-0.09484567765024998,True,-1.49,24,-6.46,29.0,,-4.21,65.2,True
2021-09-10,1275.25,speculative_down,down,10d,True,-0.0031268321282000855,-0.06745886654478972,-0.06745886654478972,-0.003857646110976276,0.03411455227267024,0.03411455227267024,-0.05541428124177994,-0.09114625771554064,True,-0.31,23,-6.57,28.0,,-4.59,69.9,True
2021-09-13,1272.5,speculative_down,down,10d,True,-0.008183943881527656,-0.06382196064005885,-0.06382196064005885,0.016741175023637478,0.024876333104658643,0.024876333104658643,-0.05423730106677038,-0.08972267648373522,True,-0.82,22,-6.84,27.0,,-3.57,52.1,True
2021-09-16,1296.0,oil_driven,up,5d,False,0.029592850049652508,0.014282919193895571,0.029592850049652508,0.06560025331291963,0.058609192113926456,0.06560025331291963,0.014459146138381618,-0.025381572755617254,True,2.96,0,2.96,2.0,10.0,-1.99,-67.1,False
2021-10-01,1246.5,speculative_down,down,5d,False,-0.02996108949416343,-0.029205607476635476,-0.02996108949416343,0.025682533255877438,0.0543281362567225,0.025682533255877438,0.011040182442153768,0.04121512981152309,True,-3.0,26,-8.33,30.0,,-3.97,47.7,True
2021-10-04,1235.75,speculative_down,down,5d,False,-0.0401941747572816,-0.021188118811881207,-0.0401941747572816,0.02876084673440671,0.10428228390356242,0.02876084673440671,0.004631225751235313,0.06665452299367658,True,-4.02,25,-8.5,29.0,,-2.35,27.6,True
2021-10-06,1242.0,speculative_down,down,5d,False,-0.03252190847127556,-0.0317676866107971,-0.03252190847127556,0.03474540171723062,0.07199220139234597,0.03474540171723062,0.03963310771733464,0.06525980395472963,True,-3.25,23,-8.24,27.0,,-0.53,6.4,True
2021-10-11,1228.25,speculative_down,down,10d,False,-0.006069188751770205,-0.04601941747572813,-0.04601941747572813,0.03736142481149396,0.06719681775868303,0.06719681775868303,0.029366590911133583,0.03413381997442255,True,-0.61,20,-4.67,23.0,25.0,3.12,-66.7,False
2021-10-12,1198.25,speculative_down,down,10d,False,-0.04178328668532583,-0.061667971808927136,-0.061667971808927136,0.02166475456557837,0.07105855238497871,0.07105855238497871,-0.03728034949117742,0.014713492597988376,True,-4.18,19,-5.8,23.0,24.0,1.8,-31.0,False
2021-10-13,1195.25,speculative_down,down,10d,True,-0.0376409017713365,-0.06893865628042839,-0.06893865628042839,0.0388738489521776,0.0749699381675466,0.0749699381675466,-0.011819528684529512,0.027345134379282987,True,-3.76,18,-5.15,21.0,23.0,1.97,-38.3,False
2021-10-14,1206.25,speculative_down,down,10d,False,-0.03287231910202448,-0.03960987261146498,-0.03960987261146498,0.038441818512398696,0.08369983848420004,0.08369983848420004,-0.03166402020766512,0.019561110618691924,True,-3.29,17,-5.55,21.0,22.0,0.44,-7.9,False
2021-10-20,1245.5,oil_driven,up,5d,False,0.04204141393014016,0.0028180354267310914,0.04204141393014016,0.042640479874105575,0.08317192840015752,0.042640479874105575,0.08995950611495451,0.07707669846745313,True,4.2,20,6.84,28.0,,4.1,59.9,True
2021-11-05,1192.25,speculative_down,down,5d,False,-0.03520129476026701,-0.023146251536255602,-0.03520129476026701,-0.027521874598023466,-0.02972785852027826,-0.027521874598023466,-0.04063981817958806,-0.053309733695548256,True,-3.52,1,-4.67,4.0,6.0,4.57,-97.8,False
2021-11-08,1178.0,speculative_down,down,10d,False,-0.04750353749747327,-0.04788846231561927,-0.04788846231561927,-0.025223113261239716,-0.021848158839326448,-0.021848158839326448,-0.06325644515774143,-0.0806145106397067,True,-4.75,0,-4.75,3.0,5.0,5.76,-121.3,False
2021-11-09,1199.5,speculative_down,down,5d,False,-0.03577170418006426,-0.03109854604200324,-0.03577170418006426,0.0028601817816140684,-0.005906674435760539,0.0028601817816140684,-0.05678335800055967,-0.06162734822589644,True,-3.58,0,-3.58,3.0,4.0,6.81,-190.4,False
2021-11-12,1234.0,speculative_up,up,5d,False,0.03501782344306981,-0.0014161440420796811,0.03501782344306981,-0.005906186137144553,-0.03326551142094891,-0.005906186137144553,0.0032324335718285635,-0.03753875012039609,True,3.5,29,14.28,,,14.01,98.1,True
2021-11-15,1257.25,speculative_up,up,5d,True,0.06727504244482163,0.016575702445926765,0.06727504244482163,-0.01281585558216436,-0.037715713066515444,-0.01281585558216436,0.002584005647723542,-0.06083589452156046,True,6.73,28,15.66,,,15.15,96.7,True
2021-11-16,1251.25,speculative_up,up,5d,False,0.043142976240100106,0.005827974276527259,0.043142976240100106,-0.040285197007464135,-0.0375402382123996,-0.040285197007464135,0.011971898984574292,-0.04549126364197309,True,4.31,27,13.59,,,10.69,78.7,True
2021-11-17,1277.0,speculative_up,up,5d,True,0.061071873701703305,0.036946812829882214,0.061071873701703305,-0.03663629040699734,-0.030917635185869097,-0.03663629040699734,0.0015218152437730392,-0.029493679715936083,True,6.11,26,13.21,,,10.41,78.8,True
2021-11-18,1265.25,speculative_up,up,10d,False,0.043720354712311726,0.04630969609261948,0.04630969609261948,-0.03162145259788418,0.002537807179704865,0.002537807179704865,0.0005072502469813944,-0.006881565114280841,True,4.37,25,12.39,,,10.87,87.7,True
2021-11-19,1263.25,speculative_up,up,10d,False,0.02370340356564027,0.059551268609771446,0.059551268609771446,-0.058051768637928824,-0.06361509022390732,-0.06361509022390732,-0.013735820866943471,-0.010547787423621835,True,2.37,30,11.73,,,11.73,100.0,True
2021-11-22,1274.25,speculative_up,up,10d,True,0.01352157486577843,0.08170628183361628,0.08170628183361628,-0.05106327143505729,-0.06322470750495701,-0.06322470750495701,0.020790362003623164,0.023428090064182117,True,1.35,30,10.1,,,10.1,100.0,True
2021-11-23,1273.0,speculative_up,up,10d,False,0.017382617382617482,0.061275531471446376,0.061275531471446376,-0.02798417628095362,-0.06714202523384794,-0.06714202523384794,0.01639346376069728,0.028561623637421762,True,1.74,29,10.63,,,10.07,94.7,True
2021-11-24,1266.5,speculative_up,up,10d,False,-0.008222396241190255,0.05234732031574585,0.05234732031574585,0.0003828328109138912,-0.036267483170121406,-0.036267483170121406,0.028870489577722536,0.030436240372630152,True,-0.82,3,-4.68,6.0,15.0,9.75,-208.4,False
2021-11-30,1217.25,oil_collapse,down,5d,True,-0.044732195409064146,-0.03181547027241993,-0.044732195409064146,-0.13771986573060868,-0.18175071027986422,-0.13771986573060868,-0.07237837482081488,-0.05309278543095031,True,-4.47,0,-4.47,3.0,12.0,9.18,-205.3,False
2021-12-01,1228.25,oil_collapse,down,5d,False,-0.03515318146111546,-0.018381618381618336,-0.03515318146111546,-0.16471337968376787,-0.18808818771181934,-0.16471337968376787,-0.08463585308023802,-0.06962986410986738,True,-3.52,0,-3.52,2.0,11.0,7.25,-206.1,False
2021-12-07,1250.25,oil_driven,up,5d,False,0.0271102895871842,-0.018834608593290225,0.0271102895871842,0.08869753278201409,-0.061237745253969855,0.08869753278201409,0.03502087250591068,-0.03989225615168901,True,2.71,30,17.13,,,17.13,100.0,True
2021-12-20,1292.25,speculative_up,up,5d,False,0.0387861736334405,0.024375743162901253,0.0387861736334405,-0.04292323634866535,-0.018132026846598426,-0.04292323634866535,-0.005634918149883483,-0.08392459269740626,True,3.88,30,24.22,,,24.22,100.0,True
2021-12-21,1308.0,speculative_up,up,10d,False,0.0385073441842001,0.04619076184763049,0.04619076184763049,0.005513917307204519,-0.01290770667292973,-0.01290770667292973,0.03633922832801173,-0.055049076775061434,True,3.85,29,22.69,,,22.61,99.7,True
2021-12-22,1328.75,speculative_up,up,10d,False,0.05247524752475252,0.05372720063441716,0.05372720063441716,0.026668538399902797,0.005527937016375439,0.005527937016375439,0.025434834099554493,-0.011359489069922346,True,5.25,30,23.05,,,23.05,100.0,True
2021-12-23,1332.0,speculative_up,up,10d,False,0.042865531415149816,0.053380782918149405,0.053380782918149405,0.019480570815340714,0.04017477270986958,0.04017477270986958,0.014455573262079024,0.011863436764379065,True,4.29,30,23.84,,,23.84,100.0,True
2021-12-27,1362.5,oil_driven,up,10d,True,0.060105037930363814,0.07473871031354773,0.07473871031354773,0.06646908049538736,0.05441609635158029,0.05441609635158029,0.05270972710259514,0.05840643887298236,True,6.01,29,23.07,,,22.08,95.7,True
2021-12-28,1359.25,oil_driven,up,10d,True,0.05184755271812724,0.092644694533762,0.092644694533762,0.11358639335626597,0.06578766139957715,0.06578766139957715,0.06819041752921917,0.062171251957952034,True,5.18,30,23.41,,,23.41,100.0,True
2021-12-29,1356.5,oil_driven,up,10d,True,0.037079510703363905,0.0770146883684002,0.0770146883684002,0.0764903627942164,0.08242604163666623,0.08242604163666623,0.051948036322711166,0.09017501620384571,True,3.71,29,21.92,,,20.36,92.9,True
2021-12-30,1327.75,oil_driven,up,10d,False,-0.0007525870178739513,0.05168316831683173,0.05168316831683173,0.05813627822081613,0.08635522618887803,0.08635522618887803,0.018602892741263588,0.044510888331463994,True,-0.08,0,-0.08,1.0,1.0,19.13,-25425.0,False
2021-12-31,1328.75,speculative_up,up,10d,False,-0.0024399399399399613,0.04032100215306311,0.04032100215306311,0.01924377491973317,0.03909922545515232,0.03909922545515232,0.01551227690574386,0.03019208902309556,True,-0.24,0,-0.24,1.0,1.0,17.87,-7323.1,False
2022-01-03,1344.0,oil_driven,up,10d,False,-0.013577981651376136,0.045710951176813897,0.045710951176813897,0.006748738100966323,0.07366640101242905,0.07366640101242905,-0.008991574845811479,0.043244208800438555,True,-1.36,0,-1.36,1.0,1.0,13.85,-1020.3,False
2022-01-04,1378.75,oil_driven,up,10d,True,0.014346146772116875,0.0669375120913136,0.0669375120913136,0.013292898949888832,0.12838918475512195,0.12838918475512195,0.02811671395294857,0.09822442194616876,True,1.43,25,17.33,,,16.79,96.9,True
2022-01-05,1384.25,oil_driven,up,10d,False,0.020457058606708545,0.05829510703363905,0.05829510703363905,0.016849542276174523,0.09462873267201188,0.09462873267201188,0.04620809341500509,0.1005565494528422,True,2.05,24,17.56,,,17.36,98.8,True
2022-01-06,1377.25,soyoil_driven,up,5d,False,0.03728111466767081,0.036500470366886084,0.03728111466767081,0.03208210532845679,0.09208351775055768,0.03208210532845679,0.05246195855374025,0.07204079548297582,True,3.73,30,20.62,,,20.62,100.0,True
2022-01-07,1401.5,oil_driven,up,5d,True,0.05475070555032935,0.05217717717717707,0.05475070555032935,0.04906265770940643,0.06925058337106327,0.04906265770940643,0.04138546825274059,0.057539728001894774,True,5.48,30,23.05,,,23.05,100.0,True
2022-01-14,1356.75,speculative_down,down,5d,False,-0.03193007491972888,0.021072436500470415,-0.03193007491972888,0.06235739003543084,0.11447946702779732,0.06235739003543084,-0.008186927059385063,0.032859721383451834,True,-3.19,0,-3.19,2.0,3.0,21.69,-679.3,False
2022-01-21,1414.25,oil_driven,up,5d,False,0.03589086247939943,0.026865129787620345,0.03589086247939943,0.03677540845177463,0.07148251158595498,0.03677540845177463,0.08284633326815949,0.07179314917218838,True,3.59,26,24.92,,,22.63,90.8,True
2022-01-24,1403.0,soyoil_driven,up,5d,False,0.0340888151833425,0.001070281840884757,0.0340888151833425,-0.0060844922224685405,0.055893484758278156,-0.0060844922224685405,0.06569216843655923,0.05696742438581137,True,3.41,25,25.7,,,25.63,99.7,True
2022-01-25,1407.25,soyoil_driven,up,5d,False,0.033792470156106535,0.023640661938534313,0.033792470156106535,0.001989911838207181,0.09420931613106331,0.001989911838207181,0.05805681083570269,0.07980651201580224,True,3.38,24,25.29,,,23.89,94.5,True
2022-01-26,1440.0,oil_driven,up,10d,False,0.03504043126684642,0.045941528963137745,0.045941528963137745,0.004484813635630358,0.07547398622613444,0.07547398622613444,0.05217251598440442,0.08558330731470964,True,3.5,23,22.59,,,22.19,98.2,True
2022-01-27,1448.25,oil_driven,up,10d,False,0.015781167806417695,0.04097035040431263,0.04097035040431263,-0.003337179636768828,0.04803970534879287,0.04803970534879287,0.023218753895914324,0.08535758540468974,True,1.58,22,19.62,,,18.59,94.7,True
2022-01-28,1470.0,oil_driven,up,10d,True,0.039420187378469196,0.07672587438198142,0.07672587438198142,0.019732209504573328,0.05723327802053446,0.05723327802053446,0.03603169274708584,0.12186311964078644,True,3.94,21,20.59,,,19.3,93.7,True
2022-01-31,1490.5,oil_driven,up,10d,True,0.06236635780470423,0.09858116823290963,0.09858116823290963,0.058096316278020144,0.05165833747100401,0.05165833747100401,0.045989969630159555,0.11470331889805574,True,6.24,20,21.56,,,18.23,84.5,True
2022-02-01,1528.5,soyoil_driven,up,10d,True,0.08616095221176057,0.12286501377410475,0.12286501377410475,0.030373814491446938,0.03242416754268218,0.03242416754268218,0.05311155972912296,0.11425185834120843,True,8.62,19,21.19,,,17.2,81.1,True
2022-02-02,1545.25,soyoil_driven,up,10d,True,0.07309027777777777,0.11069182389937104,0.11069182389937104,0.010417901293712895,0.014949437275119992,0.014949437275119992,0.032066370123133625,0.08591186931534911,True,7.31,18,18.44,,,15.87,86.1,True
2022-02-03,1544.25,soyoil_driven,up,10d,True,0.06628689798032106,0.0831141504471331,0.0831141504471331,0.04225835361877839,0.038780150264829505,0.038780150264829505,0.021914885644452653,0.04564247587680259,True,6.63,17,17.76,,,15.17,85.4,True
2022-02-04,1553.5,oil_driven,up,10d,True,0.056802721088435426,0.09846208237581755,0.09846208237581755,0.0632342534331618,0.08421421447434341,0.08421421447434341,0.0013789485508532984,0.0374603271484375,True,5.68,16,16.02,,,15.03,93.8,True
2022-02-07,1581.75,oil_driven,up,10d,True,0.061221066756122156,0.12740555951532428,0.12740555951532428,0.035961407987209926,0.09614694959745806,0.09614694959745806,0.008022163614850086,0.054381072306024736,True,6.12,15,14.42,,,13.82,95.8,True
2022-02-08,1569.0,speculative_up,up,10d,True,0.026496565260058835,0.11494048676496704,0.11494048676496704,0.013151969413220055,0.0439252593838213,0.0439252593838213,-0.037672843505279774,0.013437852745846746,True,2.65,30,12.45,,,12.45,100.0,True
2022-02-09,1594.75,speculative_up,up,10d,True,0.03203365151270021,0.10746527777777781,0.10746527777777781,0.015862242148124928,0.02644539471483398,0.02644539471483398,-0.02849355542833476,0.0026591298003098007,True,3.2,29,11.23,,,10.06,89.6,True
2022-02-10,1574.25,speculative_up,up,10d,True,0.01942690626517729,0.0870015535991715,0.0870015535991715,-0.004320365615947952,0.03775541646486924,0.03775541646486924,-0.01885928309915641,0.0026423035128420036,True,1.94,28,11.3,,,10.75,95.1,True
2022-02-11,1583.0,oil_driven,up,10d,True,0.01898937882201479,0.07687074829931984,0.07687074829931984,0.008558129524658176,0.07233354988909602,0.07233354988909602,0.0055079652232217224,0.006894508974737645,True,1.9,27,10.64,,,7.13,67.0,True
2022-02-14,1570.0,oil_driven,up,10d,False,-0.007428481112691676,0.053337806105333785,0.053337806105333785,0.04533507888177413,0.08292680013678377,0.08292680013678377,0.007193162642260109,0.015273030984734426,True,-0.74,1,-1.93,2.0,2.0,3.87,-200.8,False
2022-02-22,1635.0,soyoil_driven,up,5d,False,0.04140127388535042,0.03366524419155992,0.04140127388535042,-0.032579097424875525,0.011279005505244744,-0.032579097424875525,0.06594748713401866,0.07361502077708204,True,4.14,21,9.47,25.0,,3.89,41.0,True
2022-02-23,1675.0,soyoil_driven,up,5d,True,0.0797743755036262,0.06755895474824736,0.0797743755036262,0.00032582577817219516,0.03066246469398659,0.00032582577817219516,0.07755605942860333,0.11633785199841373,True,7.98,20,10.8,26.0,,4.4,40.7,True
2022-02-24,1661.5,soyoil_driven,up,5d,True,0.04661417322834649,0.04185609029628479,0.04661417322834649,-0.009075443842412323,0.03513265411359323,-0.009075443842412323,0.07510823783204446,0.1232449565356597,True,4.66,19,8.27,23.0,26.0,3.65,44.2,True
2022-02-28,1644.25,soyoil_driven,up,10d,False,0.026693724633156446,0.03869235628553369,0.03869235628553369,0.051059641390809984,0.028141812991654414,0.028141812991654414,0.07873316144519271,0.10909917887656118,True,2.67,17,7.32,21.0,24.0,3.36,45.8,True
2022-03-01,1705.5,oil_driven,up,10d,True,0.0431192660550459,0.08630573248407636,0.08630573248407636,0.11976183400899121,0.08328100412615491,0.08328100412615491,0.09479688355282034,0.1669959869452835,True,4.31,16,5.12,19.0,22.0,2.16,42.1,True
2022-03-02,1677.5,oil_driven,up,10d,True,0.0014925373134329067,0.08138597904915401,0.08138597904915401,0.20086862439197817,0.20125989834600322,0.20125989834600322,0.12471718810211474,0.21194582118293392,True,0.15,15,2.61,18.0,18.0,0.06,2.3,True
2022-03-03,1680.25,oil_driven,up,10d,False,0.011284983448691,0.05842519685039371,0.05842519685039371,0.16011206767859232,0.1495835357574704,0.1495835357574704,0.08750004238552522,0.1691802542113756,True,1.13,14,3.45,17.0,18.0,1.25,36.2,True
2022-03-04,1676.25,oil_driven,up,5d,True,0.05407954724099984,0.05292085427135684,0.05407954724099984,0.2630200341794222,0.2606800088499641,0.2630200341794222,0.11709095348011367,0.14952860138039403,True,5.41,13,8.08,17.0,20.0,7.83,96.9,True
2022-03-07,1674.25,oil_driven,up,10d,False,0.018245400638589038,0.04542616297221347,0.04542616297221347,0.24738821566222535,0.3110794106290611,0.3110794106290611,0.07216356400432988,0.15657839098473603,True,1.82,12,4.53,15.0,16.0,4.39,97.0,True
2022-03-08,1704.5,oil_driven,up,10d,False,-0.0005863383172090009,0.04250764525993889,0.04250764525993889,0.19620919222119038,0.33946939894001416,0.33946939894001416,0.037499962747098436,0.13585172590169048,True,-0.06,18,-7.2,22.0,28.0,2.42,-33.6,False
2022-03-11,1690.75,oil_driven,up,10d,False,0.008650260999254256,0.06319761043861027,0.06319761043861027,-0.05489279441017603,0.19368933510727793,0.19368933510727793,0.07005204478692839,0.19534545898437505,True,0.87,28,4.3,30.0,,1.63,37.8,True
2022-03-15,1658.75,oil_collapse,down,5d,False,-0.026840715752420086,-0.027411316329522095,-0.026840715752420086,-0.2203718284507471,-0.06740161467818451,-0.2203718284507471,-0.07530120453087219,-0.040625034148493055,True,-2.68,13,-7.14,17.0,23.0,1.29,-18.1,False
2022-03-23,1718.75,oil_driven,up,5d,False,0.04214036683340905,0.019122442929143224,0.04214036683340905,0.20928029459224118,0.05731373994334166,0.20928029459224118,0.03290276095899469,-0.051205176592327595,True,4.21,20,6.0,27.0,,1.77,29.5,True
2022-03-29,1643.0,oil_collapse,down,5d,False,-0.031535514294135036,-0.009495101733232869,-0.031535514294135036,-0.06728708060773314,0.08087925368005155,-0.06728708060773314,-0.038636936115438614,-0.027415806659877417,True,-3.15,3,-6.7,7.0,13.0,-2.73,40.7,True
2022-03-30,1664.0,oil_collapse,down,5d,False,-0.03185454545454547,0.008943459148097688,-0.03185454545454547,-0.06186374829437258,0.13446968283024208,-0.06186374829437258,-0.04936158930820267,-0.01808296092277184,True,-3.19,2,-7.91,7.0,14.0,-3.4,43.0,True
2022-03-31,1618.25,oil_collapse,down,5d,True,-0.04850801117154202,-0.030116871441414395,-0.04850801117154202,-0.10735266113344255,-0.0262187268364944,-0.10735266113344255,-0.05855429291308434,-0.0628432933755323,True,-4.85,1,-6.94,5.0,11.0,1.32,-19.1,False
2022-04-01,1582.75,oil_collapse,down,5d,True,-0.07455050431223509,-0.051109112709832094,-0.07455050431223509,-0.12844604641632473,-0.051862468609813694,-0.12844604641632473,-0.04749167962217804,-0.015078212110674283,True,-7.46,0,-7.46,5.0,10.0,-3.14,42.2,True
2022-04-04,1602.25,oil_collapse,down,10d,False,-0.03725401832657349,-0.052483737433471345,-0.052483737433471345,-0.025292566330047395,-0.07884412906469229,-0.07884412906469229,-0.0015182969632164811,-0.01858638941254076,True,-3.73,0,-3.73,3.0,4.0,0.83,-22.2,False
2022-04-05,1631.0,oil_collapse,down,10d,False,-0.0073037127206330155,-0.038608900677866154,-0.038608900677866154,-0.021872590426148864,-0.0876879282787778,-0.0876879282787778,0.010466089333966533,-0.02857522440644711,True,-0.73,1,-1.43,2.0,2.0,1.2,-84.0,False
2022-04-06,1619.5,oil_collapse,down,10d,False,-0.026742788461538436,-0.057745454545454544,-0.057745454545454544,-0.10749393777309568,-0.16270770815790248,-0.16270770815790248,-0.005400157616400558,-0.054495186562142806,True,-2.67,0,-2.67,1.0,2.0,1.59,-59.6,False
2022-04-08,1689.0,soyoil_driven,up,5d,True,0.06712999526141217,-0.012425084052039126,0.06712999526141217,-0.010174217195427548,-0.1373134256376186,-0.010174217195427548,0.05505626357244697,0.004949869519492056,True,6.71,8,10.46,16.0,,6.59,63.0,True
2022-04-11,1655.25,soyoil_driven,up,5d,False,0.03307848338274311,-0.00540784136998651,0.03307848338274311,-0.08704490675857401,-0.11013588401073726,-0.08704490675857401,0.027094371206659362,0.02553493694191955,True,3.31,7,9.11,14.0,,5.66,62.2,True
2022-04-13,1676.0,oil_driven,up,5d,False,0.03488731089842534,0.007211538461538547,0.03488731089842534,0.0833419553496102,-0.033110737385724454,0.0833419553496102,0.08742863175846116,0.08155634575037873,True,3.49,5,7.95,12.0,,6.61,83.1,True
2022-04-14,1682.25,oil_driven,up,10d,False,0.022333637192342826,0.03954889541171025,0.03954889541171025,0.11371444660790275,0.06651374401813781,0.06651374401813781,0.08066293193403284,0.12825280108072534,True,2.23,4,6.24,11.0,16.0,5.27,84.4,True
2022-04-18,1714.75,oil_driven,up,10d,True,0.015245707519242258,0.08339914705417795,0.08339914705417795,0.10126192481094409,0.09005744679886285,0.09005744679886285,0.06482953859328888,0.12345507432980796,True,1.52,3,3.51,4.0,10.0,-0.34,-9.7,False
2022-04-19,1716.5,soyoil_driven,up,10d,True,0.037003473795499175,0.0713059759712904,0.0713059759712904,0.0877080980248941,-0.006971351948228732,-0.006971351948228732,0.07954233903056385,0.10879185989756324,True,3.7,2,5.62,9.0,14.0,2.11,37.6,True
2022-04-20,1746.75,soyoil_driven,up,10d,True,0.04580152671755733,0.07096873083997557,0.07096873083997557,0.02137178487564273,0.007748145572979537,0.007748145572979537,0.07132437003382597,0.11600598635074943,True,4.58,1,4.67,3.0,9.0,3.53,75.6,True
2022-04-21,1748.25,oil_driven,up,10d,True,0.04310859188544147,0.0794998456313678,0.0794998456313678,-0.0044124612419439435,0.0785617509598584,0.0785617509598584,0.04340032471077948,0.13462338747657698,True,4.31,0,4.31,2.0,7.0,1.3,30.1,True
2022-04-22,1716.0,oil_driven,up,10d,False,0.020062416406598338,0.042844120328167756,0.042844120328167756,-0.04562877412497379,0.06289702168391065,0.06289702168391065,0.05512607112208068,0.14023563357882463,True,2.01,25,2.97,26.0,,1.01,34.0,True
2022-05-03,1659.0,speculative_down,down,5d,False,-0.02712212285588622,-0.03349839790270903,-0.02712212285588622,0.0069813838266732375,-0.0014624990254966663,0.0069813838266732375,-0.01160743174044565,0.05099119827912979,True,-2.71,4,-4.94,8.0,8.0,-0.67,13.6,True
2022-05-04,1669.75,speculative_down,down,10d,False,-0.03286996814364318,-0.04408186632317157,-0.04408186632317157,0.056753588571313296,0.04924571833181268,0.04924571833181268,-0.008200469199057814,0.07758946246613463,True,-3.29,3,-6.11,7.0,16.0,-0.98,16.1,True
2022-05-05,1678.5,speculative_down,down,10d,False,-0.016407852329329065,-0.039897039897039854,-0.039897039897039854,0.02752469161996185,0.04306774430362692,0.04306774430362692,-0.04525384705488944,0.06134969325153383,True,-1.64,2,-5.01,6.0,6.0,-0.26,5.3,True
2022-05-06,1655.5,speculative_down,down,5d,False,-0.030879555100248757,-0.03525641025641024,-0.030879555100248757,0.0485241578297162,0.07543839493743665,0.0485241578297162,-0.008635153738677182,0.06173431729245382,True,-3.09,1,-5.11,5.0,5.0,-1.6,31.2,True
2022-05-09,1621.0,speculative_down,down,10d,False,-0.03166069295101548,-0.04842970355151155,-0.04842970355151155,-0.019777520844997842,0.04617409559660679,0.04617409559660679,0.054171747548399596,0.05366210485908729,True,-3.17,0,-3.17,2.0,4.0,-1.27,40.1,True
2022-05-10,1630.0,speculative_down,down,10d,False,-0.01748040988547317,-0.04412842691687435,-0.04412842691687435,-0.025876393234222306,-0.019075662440767194,-0.019075662440767194,0.043416321473531916,0.03130493774516108,True,-1.75,30,-3.96,,,-3.96,100.0,True
2022-05-11,1650.25,speculative_down,down,10d,False,-0.011678394969306782,-0.04416449464233996,-0.04416449464233996,-0.019478698837552377,0.036169403674029876,0.036169403674029876,0.027216296134048745,0.018792640536831273,True,-1.17,29,-4.58,,,-3.53,77.1,True
2022-05-13,1723.25,speculative_up,up,5d,False,0.040924192086982725,0.008780916142250739,0.040924192086982725,0.0065591804930476005,0.05540161703224222,0.0065591804930476005,-0.0006787917076077621,-0.009308083975533177,True,4.09,18,6.86,20.0,26.0,0.5,7.3,True
2022-05-17,1678.0,oil_driven,up,5d,False,0.02944785276073625,0.01145268233875818,0.02944785276073625,0.1267040809841551,0.09754904312600599,0.1267040809841551,-0.05081856829500808,-0.009608602119396847,True,2.94,16,8.53,19.0,25.0,2.76,32.4,True
2022-05-23,1687.0,oil_driven,up,10d,False,0.018412315122245726,0.04071560764959892,0.04071560764959892,-0.03423814480911891,0.06984193261621408,0.06984193261621408,-0.030365064561190258,-0.07696718353962073,True,1.84,12,6.79,14.0,20.0,-3.94,-58.0,False
2022-05-24,1693.0,oil_driven,up,10d,False,0.008939213349225206,0.03865030674846626,0.03865030674846626,-0.02339861963620138,0.10034076075065079,0.10034076075065079,-0.040364058011910786,-0.08913138266817688,True,0.89,11,5.42,13.0,19.0,-2.85,-52.5,False
2022-05-26,1726.5,oil_driven,up,10d,False,0.021295474711623852,0.03990362897154043,0.03990362897154043,0.016754275632804294,0.07500234891616664,0.07500234891616664,0.012448106110461099,-0.09037505991169315,True,2.13,9,4.64,11.0,16.0,-5.78,-124.5,False
2022-06-02,1729.25,oil_driven,up,10d,False,0.028703152885187322,0.03999398586678704,0.03999398586678704,0.059276722622935374,0.06642947944122124,0.06642947944122124,0.03193112431485767,0.011049029868770655,True,2.87,5,5.23,7.0,12.0,-10.93,-208.8,False
2022-06-08,1740.0,oil_driven,up,5d,False,0.02943351575210773,0.027761370348493797,0.02943351575210773,0.05943083764673873,0.11241691122038144,0.05943083764673873,0.06183589544633272,0.035197199178135685,True,2.94,1,4.66,3.0,8.0,-15.13,-324.8,False
2022-06-09,1769.0,oil_driven,up,10d,False,0.022986844007517604,0.05234979179060084,0.05234979179060084,0.03970222709508864,0.10133236762105224,0.10133236762105224,0.014611920141675894,0.04700961949505622,True,2.3,0,2.3,1.0,2.0,-14.82,-644.7,False
2022-06-10,1745.5,speculative_up,up,5d,False,0.02812546016786932,0.011004923255140353,0.02812546016786932,0.015142553888895627,0.05767378422528191,0.015142553888895627,-0.012706181245148884,0.0036016011875021903,True,2.81,0,2.81,1.0,3.0,-9.72,-345.5,False
2022-06-15,1693.75,oil_collapse,down,5d,False,-0.026580459770114917,0.0020706996006507605,-0.026580459770114917,-0.05568751959519147,0.00043376211553591837,-0.05568751959519147,-0.06353995800981538,-0.005633112763641979,True,-2.66,24,-18.48,29.0,,-5.92,32.0,True
2022-06-16,1709.5,speculative_down,down,5d,False,-0.0336348219332957,-0.011421136330779236,-0.0336348219332957,-0.03226076643423115,0.006160636385624141,-0.03226076643423115,-0.07612248728795834,-0.06262286285151986,True,-3.36,23,-19.81,28.0,,-9.88,49.9,True
2022-06-22,1652.75,oil_collapse,down,10d,False,-0.0269355313511922,-0.04368580934471289,-0.04368580934471289,-0.10712181813737964,-0.11071100255646382,-0.11071100255646382,-0.09734281088418717,-0.1323673680763059,True,-2.69,20,-16.49,24.0,,-4.92,29.8,True
2022-06-23,1593.25,oil_collapse,down,10d,True,-0.0593357933579336,-0.08433908045977012,-0.08433908045977012,-0.09574192307061213,-0.14609781244872766,-0.14609781244872766,-0.12823483094216104,-0.18362675317851573,True,-5.93,19,-16.25,23.0,,-4.66,28.7,True
2022-06-24,1610.75,oil_collapse,down,10d,True,-0.057765428487861925,-0.08945732052006783,-0.08945732052006783,-0.08478606940900113,-0.11431157226115196,-0.11431157226115196,-0.08632429465574576,-0.15587556192113017,True,-5.78,18,-17.02,22.0,,-5.26,30.9,True
2022-06-27,1630.5,oil_collapse,down,10d,True,-0.04200940070505288,-0.06588370094528784,-0.06588370094528784,9.129368796401138e-05,-0.09198639796596697,-0.09198639796596697,-0.04024937232489123,-0.12362329124593752,True,-4.2,17,-16.66,21.0,,-0.51,3.1,True
2022-06-30,1675.0,soyoil_driven,up,5d,True,0.051310214969402246,-0.011070110701106972,0.051310214969402246,0.014289877636273651,-0.08282018579967909,0.014289877636273651,0.032786903717625604,-0.09965235027988195,True,5.13,29,7.3,,,4.77,65.4,True
2022-07-01,1626.0,oil_collapse,down,10d,False,0.009467639298463393,-0.048844691430242726,-0.048844691430242726,0.0075264591890140675,-0.07789774911119074,-0.07789774911119074,-0.05835125010500675,-0.13963841425315682,True,0.95,28,6.13,30.0,30.0,-7.25,-118.2,False
2022-07-05,1575.25,oil_collapse,down,10d,True,-0.033885311254216455,-0.07447121034077553,-0.07447121034077553,-0.09190471591559102,-0.09182181254808419,-0.09182181254808419,-0.14543913133924102,-0.1798346699162504,True,-3.39,12,-13.0,15.0,18.0,-10.81,83.1,True
2022-07-06,1580.25,oil_collapse,down,10d,False,-0.05018782870022542,-0.05993456276026177,-0.05993456276026177,-0.11837869634976228,-0.10953459177085867,-0.10953459177085867,-0.16465523262828374,-0.1792285816220922,True,-5.02,11,-14.74,15.0,24.0,-11.33,76.9,True
2022-07-07,1591.25,oil_collapse,down,5d,True,-0.04957443631476777,-0.03721070942368776,-0.04957443631476777,-0.06421930680229537,-0.032583096383125176,-0.06421930680229537,-0.12988981409603184,-0.10600063833821305,True,-4.96,10,-15.28,14.0,23.0,-10.68,69.9,True
2022-07-08,1630.25,speculative_down,down,5d,False,-0.026716417910447765,0.023222971912757018,-0.026716417910447765,-0.009171720887956036,0.004987093979114565,-0.009171720887956036,-0.08379809216042344,-0.053758668422182354,True,-2.67,9,-15.31,13.0,22.0,-11.12,72.6,True
2022-07-13,1588.25,oil_collapse,down,10d,False,0.0050624901123239585,-0.04537941397445533,-0.04537941397445533,-0.02263265761866262,-0.13833212946459716,-0.13833212946459716,-0.0001660932585141328,-0.16479397776267912,True,0.51,21,8.18,23.0,23.0,-1.23,-15.1,False
2022-07-14,1610.0,oil_collapse,down,10d,False,0.01178318931657496,-0.03837539196655215,-0.03837539196655215,-0.06765311350656777,-0.1275277842564544,-0.1275277842564544,-0.05334809291701825,-0.1763085331416807,True,1.18,20,7.43,22.0,22.0,-2.44,-32.8,False
2022-07-15,1466.0,oil_collapse,down,10d,True,-0.10075141849409597,-0.12477611940298505,-0.12477611940298505,-0.06870888934756991,-0.07725043147990862,-0.07725043147990862,-0.06227560297759538,-0.14085511842035636,True,-10.08,4,-12.99,7.0,10.0,-1.53,11.8,True
2022-07-18,1497.25,speculative_down,down,5d,True,-0.08759902498476535,-0.07918204182041821,-0.08759902498476535,-0.014314515478824563,-0.053767424279684284,-0.014314515478824563,-0.030823468022587508,-0.03775882354922733,True,-8.76,3,-13.56,6.0,16.0,-6.47,47.8,True
2022-07-19,1477.25,speculative_down,down,5d,True,-0.072516088526134,-0.062212347246468847,-0.072516088526134,0.0874374499480175,0.04743719819802128,0.0874374499480175,0.007816309126021936,0.022637126925352247,True,-7.25,2,-10.94,5.0,7.0,-5.01,45.8,True
2022-07-20,1449.0,speculative_down,down,5d,True,-0.08767511411931372,-0.0830564784053156,-0.08767511411931372,0.061889915842156196,0.03785652494819036,0.061889915842156196,-0.0029895417358043463,-0.0031551384515901004,True,-8.77,1,-10.69,4.0,6.0,-5.08,47.6,True
2022-07-21,1418.5,speculative_down,down,5d,True,-0.11894409937888195,-0.1085624509033778,-0.11894409937888195,0.005951134914270018,-0.062104591398145725,0.005951134914270018,-0.02006690264630928,-0.07234446457639543,True,-11.89,0,-11.89,3.0,6.0,-8.52,71.7,True
2022-07-22,1434.5,oil_collapse,down,10d,True,-0.021487039563437893,-0.12007360834227876,-0.12007360834227876,-0.029613684784270733,-0.09628785074082435,-0.09628785074082435,0.003994638090131897,-0.058529733383203664,True,-2.15,0,-2.15,1.0,1.0,3.04,-141.3,False
2022-07-25,1473.0,oil_collapse,down,10d,True,-0.01619635999332114,-0.10237659963436929,-0.10237659963436929,-0.05750488902168016,-0.07099624987649589,-0.07099624987649589,-0.05047472156482746,-0.07974238362131247,True,-1.62,16,-2.87,18.0,20.0,-0.48,16.9,True
2022-07-26,1532.75,speculative_down,down,10d,False,0.03756980876628879,-0.0376706953382514,-0.0376706953382514,-0.08865858525756787,-0.008973215920470845,-0.008973215920470845,-0.02375183769914524,-0.01612118027889098,True,3.76,12,15.72,14.0,15.0,-0.71,-4.5,False
2022-07-27,1578.75,speculative_up,up,5d,True,0.08954451345755698,-0.005981426097906528,0.08954451345755698,-0.048894972575289186,0.009968837529077845,-0.048894972575289186,0.019157113930768688,0.01611030120333079,True,8.95,11,17.98,13.0,,1.48,8.3,True
2022-07-28,1609.25,soyoil_driven,up,5d,True,0.13447303489601703,-0.00046583850931680715,0.13447303489601703,0.0007265147476160916,0.006681973249166306,0.0007265147476160916,0.12354945481725332,0.10100329728912172,True,13.45,10,20.51,12.0,,4.99,24.3,True
2022-07-29,1637.0,oil_driven,up,5d,True,0.14116416869989545,0.11664392905866294,0.14116416869989545,0.04139393795843849,0.010554426143486895,0.04139393795843849,0.13726788496663977,0.1418108585786113,True,14.12,9,19.17,11.0,,8.03,41.9,True
2022-08-01,1594.25,soyoil_driven,up,5d,True,0.0823150033944331,0.06478543997328434,0.0823150033944331,-0.029058920861163906,-0.08489277986363308,-0.029058920861163906,0.10364947857644724,0.04794307844013401,True,8.23,8,16.06,10.0,11.0,4.16,25.9,True
2022-08-02,1569.25,soyoil_driven,up,10d,False,0.02381340727450665,0.06227788119817235,0.06227788119817235,-0.005896032514168037,-0.09403188387039707,-0.09403188387039707,0.07911285872487328,0.053481945245379636,True,2.38,7,11.53,9.0,9.0,-1.89,-16.4,False
2022-08-03,1558.0,soyoil_driven,up,10d,True,-0.013143309580364249,0.07522429261559704,0.07522429261559704,-0.0678593289035363,-0.11343632145310956,-0.11343632145310956,0.06374634695039338,0.08412465691236104,True,-1.31,30,-8.06,,,-8.06,100.0,True
2022-08-04,1615.0,soyoil_driven,up,10d,True,0.003573093055771359,0.1385266126189637,0.1385266126189637,-0.08172575609896604,-0.08105861631841604,-0.08105861631841604,0.003037736767333543,0.12696250230606942,True,0.36,5,6.23,7.0,7.0,-9.99,-160.3,False
2022-08-05,1614.75,soyoil_driven,up,10d,True,-0.013591936469150911,0.125653537818055,0.125653537818055,-0.09744474085085786,-0.06008442444957596,-0.06008442444957596,-0.00014580373838113392,0.13710206705747074,True,-1.36,29,-11.51,,,-10.74,93.2,True
2022-08-08,1619.5,soyoil_driven,up,10d,True,0.01583816841775132,0.09945689069925323,0.09945689069925323,-0.033336854550699235,-0.061427042393714326,-0.061427042393714326,0.0448436273708519,0.15314112454176443,True,1.58,3,7.23,5.0,5.0,-7.24,-100.2,False
2022-08-09,1693.25,soyoil_driven,up,10d,True,0.07901863947745746,0.10471374979611814,0.10471374979611814,-0.041516609245546565,-0.04716785848172489,-0.04716785848172489,0.06886511814913687,0.15342609323721468,True,7.9,2,8.94,4.0,4.0,-6.88,-77.0,False
2022-08-10,1688.75,soyoil_driven,up,5d,True,0.08392169448010267,0.06967537608867769,0.08392169448010267,0.014008345375759124,-0.05480158044402528,0.014008345375759124,0.08420398852730426,0.1533180321449661,True,8.39,1,9.72,3.0,3.0,-6.48,-66.7,False
2022-08-11,1709.5,soyoil_driven,up,10d,False,0.05851393188854481,0.062296100668012944,0.062296100668012944,0.06550706304935372,-0.021572307307143546,-0.021572307307143546,0.08979406757975261,0.09310457508766157,True,5.85,0,5.85,2.0,2.0,-11.72,-200.3,False
2022-08-12,1669.25,oil_driven,up,5d,False,0.033751354698869696,0.01970067196090408,0.033751354698869696,0.034602787638924104,-0.06621381288612604,0.034602787638924104,0.04927839427431646,0.04912540556182865,True,3.38,0,3.38,1.0,1.0,-12.6,-373.4,False
2022-08-15,1494.0,speculative_down,down,5d,True,-0.07749305341154678,-0.06288223302493334,-0.07749305341154678,-0.014874376843829973,-0.04771536645715424,-0.014874376843829973,-0.0037571462182346416,0.04091799708762878,True,-7.75,30,-13.06,,,-13.06,100.0,True
2022-08-16,1454.25,oil_collapse,down,5d,True,-0.14114867857670166,-0.0732834156444161,-0.14114867857670166,-0.04386741680334949,-0.08356279964685986,-0.04386741680334949,-0.026546219525118597,0.040490790080008,True,-14.11,29,-16.85,,,-16.8,99.7,True
2022-08-17,1475.25,oil_collapse,down,5d,True,-0.12642487046632123,-0.05311296534017973,-0.12642487046632123,-0.04155335235660984,-0.028127100692182827,-0.04155335235660984,-0.04464277218644441,0.03580211686384538,True,-12.64,28,-16.62,,,-16.46,99.0,True
2022-08-18,1495.5,oil_collapse,down,5d,True,-0.12518280198888565,-0.07399380804953559,-0.12518280198888565,-0.040703799946495534,0.022136876713414688,-0.040703799946495534,-0.07933859924445996,0.0033313327930526437,True,-12.52,30,-20.17,,,-20.17,100.0,True
2022-08-19,1488.75,speculative_down,down,5d,True,-0.10813239478807846,-0.07803065490013938,-0.10813239478807846,-0.014333801143622149,0.01977299701827051,-0.014333801143622149,-0.05655133563695747,-0.010059700376898073,True,-10.81,29,-18.24,,,-17.69,97.0,True
2022-08-22,1527.0,speculative_down,down,10d,False,0.02208835341365467,-0.057116393948749566,-0.057116393948749566,0.009171229853910834,-0.005839563318887575,-0.005839563318887575,-0.002465996407301163,-0.006213877516459965,True,2.21,4,7.45,5.0,8.0,-7.4,-99.3,False
2022-08-23,1566.75,oil_driven,up,5d,True,0.07735946364105217,-0.07470840100398646,0.07735946364105217,0.08332369335705692,0.03580108136761906,0.08332369335705692,0.02579599195854576,-0.0014350136319726259,True,7.74,3,10.38,5.0,16.0,-5.81,-56.0,False
2022-08-24,1560.75,speculative_down,down,10d,True,0.05795627859684793,-0.07579570688378978,-0.07579570688378978,0.07694925357315596,0.03219840176924271,0.03219840176924271,0.020174942991754596,-0.025368494578545175,True,5.8,2,8.81,3.0,6.0,-7.95,-90.2,False
2022-08-25,1552.5,speculative_down,down,10d,True,0.03811434302908734,-0.09183971921614509,-0.09183971921614509,0.02232040489576148,-0.019291920346335978,-0.019291920346335978,0.04271044537308777,-0.04001674078037987,True,3.81,1,7.34,2.0,5.0,-8.59,-117.1,False
2022-08-26,1605.25,soyoil_driven,up,5d,True,0.07825356842989084,-0.0383405721132245,0.07825356842989084,0.025228610776887983,0.010533187743260175,0.025228610776887983,0.04300439032880443,-0.015978901019499947,True,7.83,0,7.83,1.0,4.0,-7.71,-98.5,False
2022-08-30,1513.0,oil_driven,up,10d,False,-0.03430668581458429,0.040398831012549374,0.040398831012549374,-0.02240237382096988,0.05905467100935846,0.05905467100935846,0.017243923563527108,0.04348473963565147,True,-3.43,26,-13.32,,,-10.9,81.8,True
2022-08-31,1507.5,oil_collapse,down,5d,False,-0.034118212397885594,0.02186070157600417,-0.034118212397885594,-0.056275649407087736,0.01634323494984824,-0.056275649407087736,0.057728681321717046,0.07906829716812647,True,-3.41,25,-12.99,,,-10.57,81.4,True
2022-09-01,1472.75,oil_collapse,down,5d,True,-0.05136876006441227,-0.015212303577398889,-0.05136876006441227,-0.06387803985245544,-0.04298341867014843,-0.06387803985245544,-0.008250104574279993,0.03410797515806574,True,-5.14,24,-12.53,,,-10.87,86.8,True
2022-09-02,1510.5,oil_collapse,down,5d,True,-0.059025073976016196,0.014609571788413156,-0.059025073976016196,-0.06651617208687655,-0.04296567192593681,-0.06651617208687655,0.00960181174959085,0.053019122138738384,True,-5.9,23,-15.4,,,-13.71,89.0,True
2022-09-06,1490.0,oil_collapse,down,5d,False,-0.029157843296953923,-0.024230517354289494,-0.029157843296953923,-0.10442227254656711,-0.037127407501733156,-0.10442227254656711,-0.028458779612943186,0.0027628682664100346,True,-2.92,22,-11.52,,,-10.6,92.1,True
2022-09-07,1466.75,oil_collapse,down,10d,True,-0.030568407138136133,-0.0638263922131802,-0.0638263922131802,-0.10584894165045022,-0.12588004791201257,-0.12588004791201257,-0.04322640936599509,-0.02672787870150084,True,-3.06,21,-10.24,,,-9.29,90.6,True
2022-09-08,1470.5,oil_collapse,down,10d,False,-0.024543946932006677,-0.05782476373538359,-0.05782476373538359,-0.0671133660683052,-0.11961216721600343,-0.11961216721600343,-0.053340629191171884,0.001308767946468059,True,-2.45,20,-9.92,,,-7.69,77.6,True
2022-09-09,1489.25,oil_collapse,down,10d,False,0.011203530809709816,-0.040740740740740744,-0.040740740740740744,0.002078285462501883,-0.061932511191551964,-0.061932511191551964,0.025248152972708215,0.016789748496095935,True,1.12,1,5.23,3.0,4.0,-5.25,-100.3,False
2022-09-13,1534.25,soyoil_driven,up,5d,False,0.029697986577181146,-0.0003257859586252021,0.029697986577181146,0.004949359101860118,-0.0999897367697723,0.004949359101860118,0.043503480855983545,0.013806645268964024,True,2.97,0,2.97,1.0,2.0,-7.25,-244.1,False
2022-09-15,1451.5,oil_collapse,down,10d,False,-0.012920775246514804,-0.037147595356550545,-0.037147595356550545,0.0186736598216124,-0.04969295841413557,-0.04969295841413557,-0.030060988621499418,-0.08179814576549183,True,-1.29,15,-7.65,,,-6.0,78.4,True
2022-09-16,1448.5,speculative_down,down,5d,False,-0.02736276649320124,-0.016465795280937057,-0.02736276649320124,-0.019357072098788453,-0.01731901615782605,-0.019357072098788453,-0.02263339982762458,0.0020433016039433927,True,-2.74,14,-8.81,,,-6.82,77.3,True
2022-09-19,1461.25,speculative_down,down,5d,True,-0.057105984836263946,-0.03260509764978481,-0.057105984836263946,-0.0233537873191082,-0.013123050001207615,-0.0233537873191082,-0.05450498148980698,-0.04895104895104896,True,-5.71,13,-12.37,,,-9.21,74.4,True
2022-09-20,1478.75,speculative_down,down,5d,False,-0.036174026397262526,-0.007550335570469802,-0.036174026397262526,-0.03275685133804085,-0.02796961765649897,-0.03275685133804085,-0.04683161186016749,-0.0053654691341975536,True,-3.62,12,-11.49,,,-6.42,55.9,True
2022-09-21,1461.25,oil_collapse,down,5d,False,-0.02826267664172899,-0.003749786943923694,-0.02826267664172899,-0.06261302786324108,0.012204051381559111,-0.06261302786324108,-0.009925562457633763,0.0014764280107015804,True,-2.83,11,-9.69,29.0,,-4.24,43.7,True
2022-09-23,1425.75,oil_collapse,down,10d,False,-0.015705902657921933,-0.04263891220412963,-0.04263891220412963,-0.07484435085067165,-0.09275265545385669,-0.09275265545385669,-0.024177156620593943,-0.0462633451957295,True,-1.57,9,-6.25,26.0,30.0,0.21,-3.3,False
2022-09-26,1411.25,oil_collapse,down,10d,True,-0.03421727972626176,-0.08936925310533961,-0.08936925310533961,-0.1052140898082844,-0.12611072965103642,-0.12611072965103642,-0.0277941086713005,-0.08078417278245253,True,-3.42,8,-7.07,26.0,,-1.45,20.6,True
2022-09-27,1408.0,oil_collapse,down,10d,True,-0.04784446322907865,-0.08228776275052962,-0.08228776275052962,-0.0704558574689923,-0.10090479675802722,-0.10090479675802722,-0.04271749281553261,-0.0875485756325236,True,-4.78,7,-8.17,25.0,,-2.35,28.8,True
2022-09-28,1408.75,oil_collapse,down,10d,True,-0.0359281437125748,-0.06317539484621781,-0.06317539484621781,-0.009524968558874192,-0.07154160930034192,-0.07154160930034192,-0.03405580312000944,-0.04364334257673075,True,-3.59,6,-7.07,24.0,,-0.1,1.5,True
2022-09-29,1410.75,speculative_down,down,5d,False,-0.0317433081674674,-0.02807440578711673,-0.0317433081674674,-0.02706904497139362,-0.04547585413135302,-0.02706904497139362,-0.028085797777201216,0.010330924269321917,True,-3.17,5,-6.79,23.0,29.0,-1.82,26.8,True
2022-09-30,1364.75,oil_collapse,down,10d,False,-0.04278449938628792,-0.05781843286158095,-0.05781843286158095,0.009525019308453508,-0.0660322254291994,-0.0660322254291994,-0.024626888445953843,-0.048208636927512094,True,-4.28,4,-4.75,8.0,22.0,2.09,-43.9,False
2022-10-03,1374.0,speculative_down,down,10d,False,-0.02639503985828162,-0.05970915312232683,-0.05970915312232683,0.0902098585782154,-0.02449557939211,-0.02449557939211,0.0116472036901758,-0.016470628626206296,True,-2.64,3,-3.77,7.0,21.0,2.16,-57.3,False
2022-10-04,1383.5,speculative_down,down,10d,True,-0.017400568181818232,-0.06441251056635677,-0.06441251056635677,0.10216556233205609,0.024511542565156974,0.024511542565156974,0.045232918453559146,0.0005831887689611293,True,-1.74,2,-3.55,6.0,20.0,3.5,-98.5,False
2022-10-05,1369.75,speculative_down,down,10d,True,-0.027684117125110874,-0.06261762189905906,-0.06261762189905906,0.06828972009920542,0.058114294103492004,0.058114294103492004,0.05341880615572925,0.017543782690374377,True,-2.77,1,-3.6,5.0,19.0,1.46,-40.4,False
2022-10-06,1358.0,speculative_down,down,10d,True,-0.037391458444089976,-0.0679478380233356,-0.0679478380233356,0.0888833348877649,0.059408302927086876,0.059408302927086876,0.032453981966002576,0.0034566882142392785,True,-3.74,0,-3.74,4.0,18.0,0.44,-11.8,False
2022-10-07,1367.0,speculative_down,down,10d,False,0.0016486535995603457,-0.04120638260564613,-0.04120638260564613,0.16542963742954764,0.17653037722870812,0.17653037722870812,0.07237954808532554,0.0459701765829057,True,0.16,23,6.96,,,4.65,66.8,True
2022-10-13,1395.75,speculative_up,up,5d,False,0.027798232695139813,-0.01063264221158955,0.027798232695139813,0.00746188450968055,0.09700845657721313,0.00746188450968055,0.004880206347367411,0.03749257044215781,True,2.78,19,7.49,,,5.76,76.9,True
2022-11-01,1435.75,oil_driven,up,10d,False,0.038892908827785844,0.04646501457725938,0.04646501457725938,0.035747808985785,0.06701283593586704,0.06701283593586704,0.015080298639924328,0.0673553247992289,True,3.89,26,7.54,,,7.25,96.2,True
2022-11-02,1440.0,oil_driven,up,10d,False,0.04215668536276462,0.049180327868852514,0.049180327868852514,0.023774271992112794,0.05201632717125615,0.05201632717125615,0.02982841863284813,0.07035675628037197,True,4.22,25,7.56,,,6.64,87.8,True
2022-11-03,1426.75,soyoil_driven,up,5d,False,0.03219388677880275,0.025332375134746732,0.03219388677880275,-0.01021557749667823,0.025470978442746484,-0.01021557749667823,0.04135543205481018,0.06915653043469772,True,3.22,24,7.52,,,7.07,94.0,True
2022-11-04,1451.5,oil_driven,up,5d,True,0.04593766888848849,0.04012898602651371,0.04593766888848849,0.05358360640171278,0.08888885699384463,0.05358360640171278,0.07494076033998676,0.07930067369154292,True,4.59,23,7.1,,,5.26,74.1,True
2022-11-07,1440.0,oil_driven,up,10d,False,0.023454157782516027,0.04956268221574334,0.04956268221574334,0.060788191499304256,0.08524472603907429,0.08524472603907429,0.04261716685697592,0.06205647577611595,True,2.35,22,5.63,,,5.08,90.2,True
2022-11-08,1444.0,soyoil_driven,up,10d,False,0.0057461257182656045,0.04486251808972508,0.04486251808972508,0.0061106812124460674,0.042076933662986704,0.042076933662986704,0.022624996191541902,0.038046486530761925,True,0.57,21,3.52,23.0,,3.15,89.6,True
2022-11-09,1459.75,speculative_up,up,10d,False,0.013715277777777812,0.056450153790483126,0.056450153790483126,-0.04633331298828125,-0.023660581781447476,-0.023660581781447476,-0.0009257994214939558,0.028875004078639854,True,1.37,20,3.21,22.0,,1.93,60.0,True
2022-11-11,1455.5,soyoil_driven,up,10d,False,0.0027557698932139107,0.04882003242658972,0.04882003242658972,-0.03941260664964219,0.012059130150090747,0.012059130150090747,-0.002591641220521246,0.07215489955587118,True,0.28,18,2.39,20.0,,2.12,88.5,True
2022-11-30,1469.5,speculative_up,up,5d,False,0.027802063297779345,0.008406244638874627,0.027802063297779345,-0.0049412465912769266,-0.07328572539550937,-0.0049412465912769266,0.018824581364851545,-0.02273317645734263,True,2.78,30,7.59,,,7.59,100.0,True
2022-12-08,1486.25,speculative_up,up,5d,False,0.039517398146529104,0.03499303621169925,0.039517398146529104,-0.12016747093747426,-0.08314091806457324,-0.12016747093747426,-0.07163744761065549,-0.15231615410907706,True,3.95,25,7.69,,,4.11,53.4,True
2022-12-09,1483.75,speculative_up,up,5d,False,0.031456378171706545,0.0330722367275893,0.031456378171706545,-0.11202808624401528,-0.06895650524915953,-0.11202808624401528,-0.07974546333759103,-0.16532469719687315,True,3.15,24,7.04,29.0,,4.45,63.2,True
2022-12-30,1519.25,oil_driven,up,5d,False,0.03508771929824572,0.031048523922633242,0.03508771929824572,0.035746604062768306,0.05452636306134084,0.035746604062768306,-0.03024318520018121,-0.00015666439330952464,True,3.51,29,5.11,,,4.75,93.0,True
2023-01-05,1466.75,oil_collapse,down,5d,False,-0.02638566213076665,-0.00794724382820422,-0.02638566213076665,-0.06699595968672711,-0.03180441957440627,-0.06699595968672711,-0.04346511082680615,-0.04708560607653245,True,-2.64,0,-2.64,1.0,3.0,1.38,-52.2,False
2023-01-12,1529.5,oil_driven,up,5d,False,0.04278166013294693,0.01526717557251911,0.04278166013294693,0.06406951728000432,-0.0072188412035620875,0.06406951728000432,0.004925347633539134,-0.038753843974019264,True,4.28,26,5.59,,,3.51,62.8,True
2023-01-23,1490.25,speculative_down,down,5d,False,-0.031204290589956107,-0.007492507492507516,-0.031204290589956107,0.02203859407436992,0.10641190810266155,0.02203859407436992,-0.019130420307868046,-0.026518101974705943,True,-3.12,1,-3.23,3.0,14.0,-0.85,26.1,True
2023-01-24,1488.5,speculative_down,down,5d,False,-0.03328462412729338,-0.009976720984369858,-0.03328462412729338,-0.0006236349659203277,0.07369690744224311,-0.0006236349659203277,-0.04479950820043388,-0.04584572542906096,True,-3.33,0,-3.33,2.0,13.0,-0.84,25.4,True
2023-01-30,1535.25,speculative_up,up,5d,False,0.03019627579265216,-0.0019502681618722706,0.03019627579265216,-0.04557707786721321,-0.024542938511054824,-0.04557707786721321,-0.011605435365538819,-0.03051383881700842,True,3.02,15,3.93,19.0,,0.64,16.2,True
2023-01-31,1538.0,speculative_up,up,5d,False,0.033254954652334634,-0.0011365481409320033,0.033254954652334634,-0.01572437975819585,-0.01633820845108158,-0.01572437975819585,0.022138443734872615,-0.023652855857206556,True,3.33,14,4.05,18.0,,0.05,1.2,True
2023-02-28,1490.5,speculative_down,down,5d,False,-0.037610976594027457,-0.033868092691622054,-0.037610976594027457,0.011685915793767432,-0.03855747892967609,0.011685915793767432,-0.04811216243013661,-0.0064848585568088035,True,-3.76,17,-8.35,23.0,,-2.87,34.4,True
2023-03-13,1500.0,oil_collapse,down,5d,False,-0.026606099935107097,-0.012020418244689579,-0.026606099935107097,-0.07034546479142478,-0.011627870637809568,-0.07034546479142478,-0.07581831721016441,-0.07828115741623776,True,-2.66,8,-7.88,14.0,,-6.21,78.8,True
2023-03-21,1467.0,oil_collapse,down,10d,False,-0.021836972828804813,-0.03819046058023279,-0.03819046058023279,-0.028038692677129107,-0.10634183817069187,-0.10634183817069187,0.007163351088572023,-0.033012348245918144,True,-2.18,2,-5.35,5.0,8.0,-3.45,64.5,True
2023-03-22,1448.5,oil_collapse,down,10d,False,-0.02736276649320124,-0.05125266088095626,-0.05125266088095626,0.04866145371730135,-0.07513699270898233,-0.07513699270898233,-0.03017395737194306,-0.06582325488692442,True,-2.74,1,-4.68,4.0,7.0,-2.74,58.4,True
2023-03-23,1419.5,oil_collapse,down,10d,True,-0.04827355011733159,-0.06611842105263155,-0.06611842105263155,0.02355523988725694,-0.07606975757226464,-0.07606975757226464,-0.09631043508363824,-0.07777976930555786,True,-4.83,0,-4.83,3.0,6.0,-1.51,31.2,True
2023-03-24,1428.25,oil_collapse,down,10d,False,-0.032678631899762944,-0.05601454064771971,-0.05601454064771971,0.037758530912823884,-0.09676575560008804,-0.09676575560008804,-0.07292026963921838,-0.05044559881160948,True,-3.27,23,-3.37,25.0,,-0.52,15.6,True
2023-03-27,1442.25,speculative_down,down,10d,False,-0.029441453566621756,-0.03849999999999998,-0.03849999999999998,0.0764340363039171,-0.026604350427460233,-0.026604350427460233,-0.05932061289599189,-0.014275405011729081,True,-2.94,22,-3.99,28.0,,-2.3,57.8,True
2023-03-30,1474.5,oil_driven,up,5d,False,0.03874603733709048,-0.011397921555481028,0.03874603733709048,0.06303607375386822,0.08807614347994841,0.06303607375386822,0.0421698455080457,-0.058201985743882134,True,3.87,2,7.22,16.0,,1.09,15.1,True
2023-03-31,1505.5,oil_driven,up,5d,True,0.054087169613163066,0.019641043007111447,0.054087169613163066,0.09254975216585692,0.13380282575680935,0.09254975216585692,0.04167451101231556,-0.0342846752070034,True,5.41,1,6.56,15.0,18.0,-1.93,-29.3,False
2023-04-03,1522.0,oil_driven,up,5d,True,0.05529554515513957,0.024226110363391617,0.05529554515513957,0.10451862196846551,0.18894143841835565,0.10451862196846551,0.0390467662310825,-0.022590124769343745,True,5.53,0,5.53,14.0,16.0,-5.43,-98.1,False
2023-04-04,1517.5,oil_driven,up,5d,False,0.033895418157043,0.03442399454669398,0.033895418157043,0.10259566187605995,0.16414246290010293,0.10259566187605995,0.012534104468101992,-0.008890469151451641,True,3.39,9,3.51,12.0,13.0,-8.91,-253.9,False
2023-04-05,1511.0,oil_driven,up,10d,False,0.022846505330851308,0.043148084225060446,0.043148084225060446,0.1047005517588071,0.1369534397108363,0.1369534397108363,-0.0028891268386815883,0.010614967744025483,True,2.28,8,2.84,10.0,12.0,-9.75,-342.9,False
2023-04-06,1492.5,oil_driven,up,10d,False,0.012207527975584886,0.05142655864741097,0.05142655864741097,0.08511488460246253,0.15351626649968364,0.15351626649968364,0.0029427965892103725,0.04523673937478456,True,1.22,7,3.03,10.0,11.0,-11.34,-373.7,False
2023-04-10,1487.25,oil_driven,up,10d,False,-0.0121222185320492,0.04130929459128296,0.04130929459128296,0.05378617408893405,0.15131382333667132,0.15131382333667132,-0.018201515690752013,0.0227144560554684,True,-1.21,29,-13.17,,,-10.91,82.8,True
2023-04-11,1497.25,oil_driven,up,10d,False,-0.016261498028909305,0.03813485872768241,0.03813485872768241,0.01380254458623198,0.11976378949450894,0.11976378949450894,-0.031580820499111595,0.006232816816556408,True,-1.63,28,-14.11,,,-13.11,92.9,True
2023-04-24,1465.25,speculative_down,down,5d,False,-0.03411338167435729,-0.014792402084383927,-0.03411338167435729,-0.025609299120774365,-0.01228988906186479,-0.025609299120774365,-0.03683339440670452,-0.035242257435351254,True,-3.41,25,-14.54,,,-10.79,74.3,True
2023-04-25,1445.25,oil_collapse,down,5d,True,-0.04870824419944053,-0.03473033895475042,-0.04870824419944053,-0.046871146264153674,-0.054703779605663305,-0.046871146264153674,-0.0659321077607865,-0.05793405612198799,True,-4.87,24,-14.66,,,-10.43,71.2,True
2023-04-26,1436.0,oil_collapse,down,5d,True,-0.04679721208098242,-0.045371447565231815,-0.04679721208098242,-0.061394648629581106,-0.10761468717971279,-0.061394648629581106,-0.05343508909938821,-0.03555552164713538,True,-4.68,23,-13.94,,,-9.51,68.2,True
2023-04-27,1426.75,oil_collapse,down,10d,False,-0.04724540901502505,-0.04946702198534314,-0.04946702198534314,-0.03273384330868345,-0.09006817424585445,-0.09006817424585445,-0.06705863504343612,-0.05472826460534774,True,-4.72,22,-13.42,,,-7.41,55.2,True
2023-04-28,1444.25,oil_collapse,down,10d,False,-0.026457701381867205,-0.03748750416527824,-0.03748750416527824,-0.013997738908940738,-0.06955887175562347,-0.06955887175562347,-0.03352061543780793,-0.038203489431418824,True,-2.65,21,-12.61,,,-7.47,59.2,True
2023-05-01,1454.75,oil_collapse,down,10d,False,-0.007166012625831719,-0.04103493737640074,-0.04103493737640074,-0.03936006081816823,-0.06396137636803834,-0.06396137636803834,-0.019216174083734217,-0.055341771571424614,True,-0.72,20,-11.52,28.0,,-4.5,39.1,True
2023-05-02,1439.5,oil_collapse,down,10d,False,-0.00397855042380213,-0.05249300641764032,-0.05249300641764032,-0.07019587458332588,-0.11377685974274432,-0.11377685974274432,-0.006188352359114746,-0.07171244900529838,True,-0.4,19,-10.29,27.0,,-3.94,38.3,True
2023-05-03,1448.0,oil_collapse,down,10d,False,0.008356545961002881,-0.03883172917358113,-0.03883172917358113,-0.07671607460993057,-0.13340076679459423,-0.13340076679459423,0.005568300511409774,-0.04816433122193797,True,0.84,2,2.3,4.0,7.0,-0.54,-23.5,False
2023-05-15,1400.75,speculative_down,down,5d,True,-0.04629787234042548,-0.03711978003093319,-0.04629787234042548,-0.028020816691395778,-0.06013749446904215,-0.028020816691395778,-0.06842897479260368,-0.03608148667079647,True,-4.63,10,-11.73,18.0,24.0,-1.21,10.3,True
2023-05-16,1364.0,oil_collapse,down,5d,True,-0.06044429137248153,-0.052448766932962854,-0.06044429137248153,-0.038665018444172805,-0.011163871209524112,-0.038665018444172805,-0.09996207010128344,-0.07666858675819765,True,-6.04,9,-10.69,17.0,22.0,2.15,-20.1,False
2023-05-17,1337.0,speculative_down,down,10d,True,-0.0692655760529064,-0.0766574585635359,-0.0766574585635359,0.0037211174413684933,0.06166185788661993,0.06166185788661993,-0.10491800938864326,-0.11380559874031215,True,-6.93,8,-9.75,16.0,21.0,8.41,-86.3,False
2023-05-18,1333.25,speculative_down,down,10d,True,-0.07621687164385937,-0.07956506731101143,-0.07956506731101143,0.01396920876819463,0.04813306839658971,0.04813306839658971,-0.07110585234206757,-0.09527452647069279,True,-7.62,7,-10.17,15.0,20.0,8.23,-80.9,False
2023-05-19,1307.25,speculative_down,down,10d,True,-0.08902439024390241,-0.11010891763104147,-0.11010891763104147,0.02155913929886477,0.0029437443881061842,0.0029437443881061842,-0.052515513408252,-0.1260861467107598,True,-8.9,6,-9.65,14.0,19.0,7.82,-81.0,False
2023-05-22,1341.25,speculative_down,down,10d,True,-0.04247724433339284,-0.08680851063829786,-0.08680851063829786,0.012375154631764529,-0.015992423999095617,-0.015992423999095617,-0.018514755370727554,-0.08567678443477655,True,-4.25,5,-7.44,8.0,17.0,8.92,-119.9,False
2023-05-23,1322.5,speculative_down,down,10d,True,-0.030425219941348947,-0.0890304804546237,-0.0890304804546237,0.028930327887385587,-0.010853282218148963,-0.010853282218148963,0.006533141277331067,-0.09408199515029847,True,-3.04,4,-4.95,7.0,12.0,8.91,-180.0,False
2023-05-24,1324.5,speculative_down,down,10d,True,-0.009349289454001486,-0.07796728158719113,-0.07796728158719113,0.020733138389021466,0.024531406273263556,0.024531406273263556,0.034259861189733565,-0.07425262463686788,True,-0.93,3,-3.03,5.0,6.0,12.79,-422.2,False
2023-05-25,1324.0,speculative_down,down,10d,True,-0.0069379336208512665,-0.08262601766845656,-0.08262601766845656,-0.0004174614394945042,0.013545915722699142,0.013545915722699142,0.0260097170315865,-0.046945578409188116,True,-0.69,2,-2.76,4.0,5.0,14.04,-509.5,False
2023-05-26,1337.25,speculative_down,down,10d,True,0.02294893861158931,-0.06811846689895473,-0.06811846689895473,0.015653320327286613,0.0375499317395771,0.0375499317395771,0.03279033683203547,-0.02144717794978024,True,2.29,24,19.49,,,13.86,71.1,True
2023-05-30,1296.5,speculative_down,down,10d,True,-0.03336439888164022,-0.07442441549170087,-0.07442441549170087,-0.035143754054341336,-0.02320350881333999,-0.02320350881333999,-0.052696322958822206,-0.07023541880103024,True,-3.34,0,-3.34,2.0,3.0,13.18,-395.0,False
2023-05-31,1299.75,speculative_down,down,10d,False,-0.01720226843100192,-0.04710410557184752,-0.04710410557184752,-0.06610899852037255,-0.03909122563648815,-0.03909122563648815,-0.03266326661260377,-0.026343519070632038,True,-1.72,0,-1.72,1.0,1.0,13.1,-761.5,False
2023-06-06,1353.25,soyoil_driven,up,5d,False,0.04377169301966832,0.008946877912395124,0.04377169301966832,0.032824630137470834,-0.003472704645346547,0.032824630137470834,0.10216444433031535,0.044084430818154496,True,4.38,18,20.48,,,15.31,74.8,True
2023-06-07,1360.75,oil_driven,up,5d,True,0.04693210232737055,0.028922495274102067,0.04693210232737055,0.06520785255110195,-0.005211971797087989,0.06520785255110195,0.0924242508062676,0.056742106248108604,True,4.69,17,20.18,,,15.48,76.7,True
2023-06-09,1386.5,soyoil_driven,up,10d,False,0.025138632162661656,0.047205438066465266,0.047205438066465266,-0.02188457961492507,-0.02311017151320327,-0.02311017151320327,0.10282828591086646,0.12510304281856133,True,2.51,15,15.49,,,12.05,77.8,True
2023-06-13,1399.25,soyoil_driven,up,10d,True,0.03399224090153341,0.07925183185499418,0.07925183185499418,-0.03233899866054879,-0.0005758841931267078,-0.0005758841931267078,0.08857035150054249,0.19978353657605163,True,3.4,13,15.43,,,13.21,85.6,True
2023-06-14,1388.25,soyoil_driven,up,10d,True,0.020209443321697496,0.06809001731102127,0.06809001731102127,-0.05873434727599158,0.0026435646182523254,0.0026435646182523254,0.10877744662144972,0.21125537143632345,True,2.02,12,14.79,,,9.26,62.6,True
2023-06-15,1428.25,soyoil_driven,up,10d,True,0.04768017604988084,0.07427604362542306,0.07427604362542306,-0.009398206765899753,0.00741803543195374,0.00741803543195374,0.11295238676525288,0.22085247722579537,True,4.77,11,14.58,30.0,,6.05,41.5,True
2023-06-16,1466.5,soyoil_driven,up,10d,True,0.057699242697439646,0.08428835489833642,0.08428835489833642,0.022944287478463776,0.0005575817775085312,0.0005575817775085312,0.09342367576233301,0.20585855811533293,True,5.77,10,12.66,29.0,,4.35,34.3,True
2023-06-20,1477.25,soyoil_driven,up,10d,True,0.0761245674740485,0.09425925925925926,0.09425925925925926,0.05035752555284412,-0.02286904353407504,-0.02286904353407504,0.10466842485721206,0.2105156942737645,True,7.61,9,13.79,28.0,,4.15,30.1,True
2023-06-21,1514.75,soyoil_driven,up,10d,True,0.08254422011792029,0.1193423240347311,0.1193423240347311,0.04479977949268821,0.01101200082313225,0.01101200082313225,0.0036081681731612303,0.09249809639707385,True,8.25,8,11.63,27.0,,2.11,18.1,True
2023-06-22,1500.5,soyoil_driven,up,10d,True,0.08085719430938232,0.10270071651662693,0.10270071651662693,0.018163256981645004,-0.04163789733756951,-0.04163789733756951,-0.003395257859496681,0.10501286128137544,True,8.09,7,12.52,26.0,,4.02,32.1,True
2023-06-23,1494.5,soyoil_driven,up,10d,True,0.046385436723262785,0.0962772785622592,0.0962772785622592,-0.020674016251625238,-0.02987792433811065,-0.02987792433811065,-0.008386131711578981,0.10361902146112345,True,4.64,6,9.36,9.0,30.0,-0.96,-10.3,False
2023-06-26,1521.0,soyoil_driven,up,10d,True,0.03716331401295592,0.0970068517850704,0.0970068517850704,-0.033574757226242036,-0.011400818629596743,-0.011400818629596743,-0.0030155856813042226,0.09012636298210519,True,3.72,5,6.51,8.0,24.0,-2.49,-38.2,False
2023-06-27,1495.0,soyoil_driven,up,10d,True,0.01201556947029947,0.08905481697322881,0.08905481697322881,-0.039716355344082466,0.008641152829656162,0.008641152829656162,0.015428444616232717,0.12171174046942257,True,1.2,4,5.74,7.0,23.0,-3.1,-54.0,False
2023-06-28,1451.0,oil_collapse,down,5d,True,-0.0420861528305001,0.036984098624263106,-0.0420861528305001,-0.0409485905237722,0.002016701142914634,-0.0409485905237722,0.0717238502096027,0.07559081009634672,True,-4.21,30,-6.78,,,-6.78,100.0,True
2023-06-29,1483.0,soyoil_driven,up,10d,True,-0.011662779073642104,0.06825139564199523,0.06825139564199523,0.0050352246204099504,0.02328993768079579,0.02328993768079579,0.09072980691694821,0.08702649796742623,True,-1.17,30,-6.61,,,-6.61,100.0,True
2023-06-30,1557.25,soyoil_driven,up,10d,True,0.04198728671796581,0.09032032207246621,0.09032032207246621,0.02139959006899117,0.00028315834450132193,0.00028315834450132193,0.12202284565230181,0.11261341428526106,True,4.2,1,4.52,3.0,4.0,-6.93,-153.3,False
2023-07-03,1562.0,soyoil_driven,up,10d,False,0.0269559500328731,0.06512103648141832,0.06512103648141832,0.006054463778524255,-0.027723570599216818,-0.027723570599216818,0.1261972531230231,0.12280110881218098,True,2.7,0,2.7,2.0,3.0,-13.0,-482.3,False
2023-07-05,1547.25,soyoil_driven,up,10d,False,0.034949832775919676,0.04738534438991371,0.04738534438991371,0.06041365068911353,0.018297885326628904,0.018297885326628904,0.13261771585752968,0.1500922455580016,True,3.49,0,3.49,2.0,2.0,-10.72,-306.7,False
2023-07-06,1525.75,soyoil_driven,up,5d,True,0.05151619572708488,0.007261924409968534,0.05151619572708488,0.03220249528153296,-0.010064742035366447,0.03220249528153296,0.10617239399130773,0.18551133708393786,True,5.15,14,6.56,16.0,17.0,-7.87,-119.9,False
2023-07-10,1508.0,speculative_down,down,5d,False,-0.03162626424787285,0.009033121445299441,-0.03162626424787285,0.03326724935483871,0.055378744922746304,0.03326724935483871,0.06475925159409268,0.19468420540821918,True,-3.16,26,-15.03,,,-12.02,80.0,True
2023-07-11,1520.5,speculative_down,down,5d,False,-0.02656850192061455,-0.00032873109796183186,-0.02656850192061455,0.07221666212080557,0.07870835906434603,0.07221666212080557,0.022530620887261543,0.15157117647741325,True,-2.66,25,-15.28,,,-13.48,88.2,True
2023-07-12,1488.5,speculative_down,down,5d,False,-0.03797059298755856,-0.004347826086956497,-0.03797059298755856,0.0551608724609467,0.11890699283062278,0.0551608724609467,0.0014581287758994588,0.13426921834111516,True,-3.8,24,-14.48,,,-12.13,83.8,True
2023-07-13,1518.0,oil_driven,up,10d,False,-0.0050794691135507275,0.046175051688490676,0.046175051688490676,0.07089131088506284,0.1053766832708738,0.1053766832708738,0.056406389580618166,0.1685675849901065,True,-0.51,23,-13.27,,,-10.49,79.0,True
2023-07-17,1484.0,speculative_down,down,10d,False,-0.01591511936339518,-0.047038047840744945,-0.047038047840744945,0.01589263866364865,0.04968859239181733,0.04968859239181733,-0.06443223065327985,-0.003845562094831445,True,-1.59,21,-12.25,,,-7.48,61.0,True
2023-07-18,1492.0,speculative_down,down,10d,False,-0.018743834265044446,-0.04481434058898848,-0.04481434058898848,0.012294509507328577,0.08539904006716581,0.08539904006716581,-0.06537276823784921,-0.04431503640810541,True,-1.87,20,-12.97,,,-9.11,70.2,True
2023-07-26,1546.25,speculative_up,up,10d,False,0.036708012068387585,0.03879744709439037,0.03879744709439037,0.04552090742714232,0.03999998388510728,0.03999998388510728,0.06389089169309714,0.02315079107200879,True,3.67,0,3.67,2.0,2.0,-9.82,-267.6,False
2023-07-31,1445.75,speculative_down,down,5d,True,-0.05087805678647628,-0.025774932614555213,-0.05087805678647628,0.038862144666075515,0.10316926997242204,0.038862144666075515,-0.0890400919978469,0.012662131991584058,True,-5.09,11,-13.13,,,-12.57,95.7,True
2023-08-01,1446.75,speculative_down,down,5d,True,-0.04536456614978557,-0.03032841823056298,-0.04536456614978557,0.021851130895139903,0.07419145540042282,0.021851130895139903,-0.07538590690119551,0.04746281251034823,True,-4.54,10,-12.69,,,-11.84,93.4,True
2023-08-02,1429.75,speculative_down,down,5d,True,-0.07534357316087303,-0.04140127388535031,-0.07534357316087303,0.009012428223840407,0.05494358956185397,0.009012428223840407,-0.04212322791913381,0.019076373181218242,True,-7.53,9,-14.42,,,-13.1,90.8,True
2023-08-03,1428.75,speculative_down,down,5d,True,-0.0673955613577023,-0.044314381270903036,-0.0673955613577023,0.01822957648427881,0.07827589598480778,0.01822957648427881,-0.023611758230149493,-0.00960972104885005,True,-6.74,8,-13.63,,,-12.52,91.9,True
2023-08-04,1444.0,speculative_down,down,10d,False,-0.028753993610223683,-0.03797468354430378,-0.03797468354430378,0.027798434014260076,0.07460749997104443,0.07460749997104443,0.005917182469050486,-0.020172932206015237,True,-2.88,30,-11.43,,,-11.43,100.0,True
2023-08-07,1414.5,speculative_down,down,10d,True,-0.021615078678886346,-0.0713934022648941,-0.0713934022648941,0.0017114839171810114,0.04064014051883946,0.04064014051883946,0.016468462959744246,-0.0740379824951014,True,-2.16,30,-9.01,,,-9.01,100.0,True
2023-08-08,1430.0,speculative_down,down,10d,False,-0.011577674097114188,-0.05641702408446059,-0.05641702408446059,0.019048732580120076,0.04131609982425477,0.04131609982425477,-0.007601647558115987,-0.0824144973641997,True,-1.16,29,-9.07,,,-8.76,96.6,True
2023-08-09,1431.5,speculative_down,down,10d,True,0.001223990208078396,-0.0742118027485853,-0.0742118027485853,0.06176882367671177,0.07133793899040963,0.07133793899040963,-0.007725399820639467,-0.049523208962362175,True,0.12,0,0.12,1.0,1.0,-9.51,-7771.4,False
2023-08-10,1412.0,speculative_down,down,10d,True,-0.011723534558180204,-0.07832898172323755,-0.07832898172323755,0.015573226186887723,0.034086695989047344,0.034086695989047344,-0.0058217555170182456,-0.029296051863424877,True,-1.17,29,-9.45,,,-9.27,98.1,True
2023-08-11,1401.25,speculative_down,down,10d,False,-0.02960526315789469,-0.057507987220447254,-0.057507987220447254,0.004467553102456279,0.03239017809684008,0.03239017809684008,-0.024411818560431953,-0.018639085276204947,True,-2.96,28,-10.41,,,-10.13,97.3,True
2023-08-14,1391.0,speculative_down,down,10d,False,-0.0166136443973135,-0.03786961784540899,-0.03786961784540899,0.006956305563107668,0.00867969508538291,0.00867969508538291,-0.005100569286023315,0.011283895137360611,True,-1.66,27,-8.54,,,-7.9,92.5,True
2023-08-15,1323.25,speculative_down,down,10d,True,-0.07465034965034967,-0.0853637463279765,-0.0853637463279765,-0.0232754504075543,-0.00467008565792959,-0.00467008565792959,-0.01021328156315271,-0.01773729135441382,True,-7.47,26,-9.53,,,-8.86,93.0,True
2023-08-16,1334.75,oil_collapse,down,5d,True,-0.06758644778204681,-0.06644518272425248,-0.06758644778204681,-0.059478722532033235,-0.0013838295799187827,-0.059478722532033235,-0.00029950998932071204,-0.008022595975542446,True,-6.76,25,-9.62,,,-9.15,95.1,True
2023-08-17,1336.75,speculative_down,down,10d,True,-0.05329320113314451,-0.06439195100612427,-0.06439195100612427,-0.029340742744866755,-0.014224446581236116,-0.014224446581236116,0.017417472803098022,0.011494317017695987,True,-5.33,30,-9.7,,,-9.7,100.0,True
2023-08-18,1362.75,speculative_down,down,10d,False,-0.027475468331846553,-0.056267313019390586,-0.056267313019390586,-0.023320139253183325,-0.01895677011119734,-0.01895677011119734,0.029394101375959103,0.004264719345990375,True,-2.75,29,-9.01,,,-8.87,98.4,True
2023-08-22,1351.5,speculative_down,down,10d,False,0.02134895144530513,-0.05489510489510485,-0.05489510489510485,-0.007902202821698512,-0.030993725899365998,-0.030993725899365998,-0.010470446516382625,-0.020576790461171557,True,2.13,4,5.44,8.0,18.0,-3.8,-69.8,False
2023-08-23,1359.5,oil_collapse,down,10d,False,0.01854279827683092,-0.050296891372686,-0.050296891372686,-0.0061728128083102796,-0.06528438432007588,-0.06528438432007588,-0.009285534646674032,-0.009582263525611867,True,1.85,3,4.53,6.0,13.0,-4.05,-89.3,False
2023-08-29,1382.0,speculative_up,up,10d,False,0.022567517573066853,0.04439826185528051,0.04439826185528051,0.010080960838464215,0.002099096219582597,0.002099096219582597,0.020702323157102187,0.010015114073338216,True,2.26,0,2.26,2.0,4.0,-7.33,-324.6,False
2023-09-05,1349.0,speculative_down,down,5d,False,-0.033148181329510806,-0.01532846715328462,-0.033148181329510806,0.08227221089666159,0.07395937971284283,0.08227221089666159,-0.013452937299721301,-0.029268979648401472,True,-3.31,26,-10.23,,,-7.06,69.0,True
2023-09-12,1331.75,speculative_down,down,10d,False,-0.012787249814677493,-0.04551155706862564,-0.04551155706862564,0.024800944006635017,0.10911358339904687,0.10911358339904687,-0.049696951201467776,-0.06248131853268846,True,-1.28,21,-7.15,26.0,,-3.98,55.7,True
2023-09-18,1316.75,speculative_down,down,5d,False,-0.026432532347504645,-0.02912442396313364,-0.026432532347504645,0.04800094395073984,0.06931619045750503,0.04800094395073984,-0.012034871225126142,-0.06250944359647925,True,-2.64,17,-7.39,22.0,,-5.16,69.7,True
2023-09-21,1293.75,speculative_down,down,10d,False,-0.037209302325581395,-0.03810408921933084,-0.03810408921933084,-0.005878509174397362,0.03177154851586028,0.03177154851586028,-0.07418902307397457,-0.06592544698144309,True,-3.72,14,-6.79,19.0,,-2.96,43.6,True
2023-09-22,1296.25,speculative_down,down,10d,False,-0.03282969595224772,-0.03945905891070767,-0.03945905891070767,-0.00815245005108256,0.028796669884014303,0.028796669884014303,-0.03991799544583663,-0.03642126676458235,True,-3.28,13,-6.55,17.0,,-0.95,14.5,True
2023-09-25,1297.75,speculative_down,down,10d,False,-0.014429466489462639,-0.04048059149722738,-0.04048059149722738,-0.019676464644788227,0.027379990429388323,0.027379990429388323,-0.05834267391020964,-0.06967539856789684,True,-1.44,12,-4.88,13.0,29.0,1.8,-37.0,False
2023-09-29,1275.0,speculative_down,down,10d,False,-0.016393442622950838,-0.0486849468382764,-0.0486849468382764,0.008441654410032529,0.00022038419302350398,0.00022038419302350398,-0.05603944014661477,-0.09372045347589164,True,-1.64,8,-3.38,9.0,12.0,2.87,-85.1,False
2023-10-11,1252.5,oil_collapse,down,10d,False,-0.01610369206598583,-0.03894110876654522,-0.03894110876654522,-0.008667814608795621,-0.10877457737202056,-0.10877457737202056,-0.08403217220207981,-0.1021640679455107,True,-1.61,0,-1.61,1.0,1.0,6.56,-407.3,False
2023-10-18,1311.0,oil_driven,up,5d,True,0.04670658682634721,0.029850746268656803,0.04670658682634721,0.05785126308106747,0.04868200444900039,0.05785126308106747,0.025037371844669032,-0.06109874509974944,True,4.67,20,10.58,,,7.21,68.1,True
2023-10-26,1279.5,oil_collapse,down,5d,False,-0.027366020524515422,-0.008139534883720878,-0.027366020524515422,-0.06892697183390173,0.0036183260054585276,-0.06892697183390173,-0.02579549832687711,-0.050119322215081974,True,-2.74,0,-2.74,5.0,6.0,-0.87,31.9,True
2023-11-06,1340.5,speculative_up,up,5d,False,0.045020463847203374,0.04177190596463953,0.045020463847203374,-0.018102270780762098,-0.05462625202526117,-0.018102270780762098,-0.030349306568269507,-0.021948390831535547,True,4.5,7,7.97,13.0,,2.32,29.1,True
2023-11-07,1348.75,speculative_up,up,5d,True,0.04797979797979801,0.04130476741941713,0.04797979797979801,-0.04505053132209347,-0.07606872796379072,-0.04505053132209347,-0.037533966534524676,-0.035658574186273495,True,4.8,6,7.61,12.0,,1.65,21.7,True
2023-11-08,1349.0,speculative_up,up,10d,False,0.04472410454985476,0.047156995924704015,0.047156995924704015,-0.06352561480929553,-0.11781236246048377,-0.11781236246048377,0.0010019886880086037,-0.05038018608470907,True,4.47,5,7.26,11.0,,0.46,6.4,True
2023-11-09,1327.75,speculative_up,up,10d,False,0.01821319018404899,0.03771004298554126,0.03771004298554126,-0.08149407343333948,-0.08977287949636648,-0.08977287949636648,0.002583487060883405,-0.024932370964035333,True,1.82,4,6.21,6.0,18.0,-0.33,-5.2,False
2023-11-13,1368.0,speculative_up,up,10d,True,0.02051473330846698,0.06645877996491922,0.06645877996491922,-0.031675297800795366,-0.04920417376370623,-0.04920417376370623,0.014566962393317118,-0.01622444138239565,True,2.05,2,3.32,3.0,4.0,-1.77,-53.4,False
2023-11-14,1368.75,speculative_up,up,10d,False,0.014828544949026856,0.06351981351981362,0.06351981351981362,0.011503158304951189,-0.034065596410662535,-0.034065596410662535,0.06587185716244659,0.025865458545619502,True,1.48,1,2.69,2.0,3.0,-3.23,-120.0,False
2023-11-15,1385.0,soyoil_driven,up,10d,True,0.026686434395848835,0.0726040658276863,0.0726040658276863,0.01765567235797416,-0.04699152989273325,-0.04699152989273325,0.06206203056599646,0.06312620470658703,True,2.67,0,2.67,1.0,2.0,-4.11,-154.2,False
2023-11-16,1360.25,speculative_up,up,10d,False,0.024477499529278912,0.04313650306748462,0.04313650306748462,-0.03749665194074614,-0.11593497046732215,-0.11593497046732215,0.023389500244420436,0.026033413776545666,True,2.45,3,3.73,5.0,10.0,-4.05,-108.6,False
2023-12-05,1305.5,oil_collapse,down,10d,False,-0.03044931303379128,-0.0451636496617297,-0.0451636496617297,-0.053527074614097,-0.06804122272061264,-0.06804122272061264,-0.05849266822196275,-0.05441535222059768,True,-3.04,26,-10.45,,,-9.9,94.7,True
2023-12-06,1295.5,oil_collapse,down,10d,False,-0.03823311061618406,-0.05935741513886372,-0.05935741513886372,-0.10891347663059447,-0.10788221360166983,-0.10788221360166983,-0.06435078530770955,-0.09042254724779675,True,-3.82,25,-10.49,,,-9.11,86.9,True
2024-01-03,1269.5,speculative_down,down,10d,False,-0.033314296592423354,-0.04333082140165789,-0.04333082140165789,-0.03797807010946164,0.003173668051124068,0.003173668051124068,0.003965740499146442,-0.050157996566772556,True,-3.33,30,-11.5,,,-11.5,100.0,True
2024-01-04,1262.0,speculative_down,down,5d,False,-0.041579646857793806,-0.03847619047619044,-0.041579646857793806,-0.025907409973454087,-0.01702069660192762,-0.025907409973454087,-0.0074626989599019256,-0.05617974570940554,True,-4.16,29,-11.73,,,-10.97,93.5,True
2024-01-05,1249.75,speculative_down,down,10d,False,-0.04252058992530172,-0.044716223963309765,-0.044716223963309765,0.028424146731856226,-0.005524166738965386,-0.005524166738965386,-0.006738334348524222,-0.06704911218884013,True,-4.25,28,-10.96,,,-9.67,88.3,True
2024-01-08,1239.5,speculative_down,down,10d,False,-0.04174719752609202,-0.04451724802466761,-0.04451724802466761,-0.012281993915864153,-0.04222496646845453,-0.04222496646845453,-0.008361235882171636,-0.03262647346957459,True,-4.17,30,-10.26,,,-10.26,100.0,True
2024-01-09,1241.5,speculative_down,down,10d,False,-0.025510204081632626,-0.04481631082900561,-0.04481631082900561,0.026427972192926363,-0.017944531520311502,-0.017944531520311502,0.00690516865527413,-0.008448379512159043,True,-2.55,30,-9.91,,,-9.91,100.0,True
2024-01-10,1228.75,oil_collapse,down,10d,True,-0.032099251673887386,-0.06434418427565203,-0.06434418427565203,-0.018294281396009304,-0.05557757000401109,-0.05557757000401109,-0.0049895607356130744,-0.0010436075395489075,True,-3.21,30,-10.75,,,-10.75,100.0,True
2024-01-11,1231.25,speculative_down,down,10d,True,-0.024366085578446883,-0.0649325992025821,-0.0649325992025821,-0.002354977041008288,-0.02820137565878289,-0.02820137565878289,0.010233873284013706,0.002694802008599284,True,-2.44,29,-10.22,,,-9.98,97.7,True
2024-01-12,1205.75,speculative_down,down,10d,True,-0.03520704140828168,-0.0762306071633787,-0.0762306071633787,-0.015309541942755467,0.01267944412252242,0.01267944412252242,0.01229599011170901,0.005474801270666019,True,-3.52,30,-9.48,,,-9.48,100.0,True
2024-01-16,1227.25,speculative_down,down,10d,False,-0.00988301734570396,-0.05121762659451101,-0.05121762659451101,0.023032428431974505,0.010467550370241163,0.010467550370241163,-0.0040050301899040575,-0.012332779069942679,True,-0.99,29,-8.73,,,-8.51,97.5,True
2024-01-17,1205.75,speculative_down,down,10d,False,-0.028795811518324554,-0.0535714285714286,-0.0535714285714286,0.004429674754803825,0.030974714268973802,0.030974714268973802,-0.008728141693016944,-0.001883242328180157,True,-2.88,30,-9.12,,,-9.12,100.0,True
2024-01-18,1213.5,speculative_down,down,10d,False,-0.012410986775178046,-0.044111855061047645,-0.044111855061047645,0.037971122042620875,0.018982186255041666,0.018982186255041666,-0.005014660998873599,-0.009979200778864272,True,-1.24,29,-8.18,,,-6.98,85.3,True
2024-01-19,1213.25,speculative_down,down,10d,False,-0.014619289340101482,-0.038629160063391454,-0.038629160063391454,0.01930029274969125,0.016899863962372752,0.016899863962372752,-0.030390685103713344,-0.02046782624006538,True,-1.46,28,-8.37,,,-6.84,81.8,True
2024-01-24,1240.25,oil_driven,up,5d,False,0.028612896537424826,-0.001006846556584784,0.028612896537424826,0.03486768004993168,0.0394518072868113,0.03486768004993168,-0.007966479287993544,-0.01662508842099042,True,2.86,0,2.86,1.0,3.0,-4.04,-141.3,False
2024-02-07,1189.0,speculative_down,down,10d,False,-0.027203927183473087,-0.04132231404958675,-0.04132231404958675,-0.026235964453558802,-0.016380287488686474,-0.016380287488686474,0.016079918652949443,-0.011834348624314761,True,-2.72,15,-7.69,23.0,,-0.84,10.9,True
2024-02-14,1170.5,speculative_down,down,10d,False,-0.015559293523969675,-0.04233994681939046,-0.04233994681939046,0.03763875922453286,0.010415305621883197,0.010415305621883197,-0.008768174981377386,0.007170752131136604,True,-1.56,10,-5.11,16.0,21.0,0.21,-4.1,False
2024-02-23,1133.0,speculative_down,down,10d,False,-0.025166702516670303,-0.05069124423963134,-0.05069124423963134,-0.019736011016521227,0.0035423332293658127,0.0035423332293658127,-0.043043468309485355,-0.08176884191150857,True,-2.52,4,-2.93,6.0,10.0,1.66,-56.6,False
2024-02-26,1136.0,speculative_down,down,10d,False,-0.030923437833226708,-0.040135192226447014,-0.040135192226447014,-0.02033085693541714,0.009630472780217447,0.009630472780217447,-0.026102185188113802,-0.0605162271948535,True,-3.09,3,-3.75,8.0,11.0,0.19,-5.1,False
2024-02-27,1131.25,speculative_down,down,10d,False,-0.04050042408821031,-0.05176026823134949,-0.05176026823134949,0.008825817839764882,0.025351074155693265,0.025351074155693265,-0.011010790611762022,-0.04243073803246544,True,-4.05,2,-4.3,7.0,10.0,-1.21,28.1,True
2024-02-28,1134.0,speculative_down,down,10d,False,-0.02304544475554593,-0.04404636459430977,-0.04404636459430977,0.008086217735917778,0.008604059911564876,0.008604059911564876,-0.003792147595336748,-0.05581394148480112,True,-2.3,1,-2.8,3.0,7.0,-0.13,4.6,True
2024-03-12,1182.0,soyoil_driven,up,10d,False,0.0361604207758055,0.04486187845303857,0.04486187845303857,-0.007549634750675938,-0.016609675952433678,-0.016609675952433678,0.06110989268196021,0.05165886668240338,True,3.62,7,6.25,14.0,26.0,2.21,35.4,True
2024-03-13,1181.75,soyoil_driven,up,10d,False,0.036395527296645414,0.04210758377425039,0.04210758377425039,0.007456135318640866,0.015024195205254998,0.015024195205254998,0.07168385410171108,0.07456340892145463,True,3.64,6,6.29,13.0,25.0,1.97,31.4,True
2024-03-14,1180.75,soyoil_driven,up,10d,False,0.02052722558340525,0.046532240194992136,0.046532240194992136,0.02951985077975361,0.03833375821761131,0.03833375821761131,0.04603964022154017,0.07344377049940665,True,2.05,5,4.75,12.0,22.0,0.22,4.5,True
2024-03-15,1198.25,soyoil_driven,up,10d,False,0.02370781717214876,0.048337707786526574,0.048337707786526574,0.038841157496772416,0.013380013486197218,0.013380013486197218,0.08377192593530802,0.10757506391669902,True,2.37,4,3.55,10.0,17.0,-0.83,-23.5,False
2024-03-19,1185.5,oil_driven,up,10d,False,0.0029610829103214886,0.03922857769011623,0.03922857769011623,0.07619912130147477,0.06807421101665034,0.06807421101665034,0.019267411734745554,0.08155473388007528,True,0.3,2,2.54,3.0,9.0,-2.22,-87.5,False
2024-03-20,1209.5,soyoil_driven,up,10d,False,0.023482123968690427,0.06073229554922177,0.06073229554922177,0.024586039318369224,0.03222549147311726,0.03222549147311726,0.021046015549242902,0.09423852915900821,True,2.35,1,2.56,2.0,8.0,0.7,27.3,True
2024-03-21,1212.0,soyoil_driven,up,10d,False,0.02646622909167906,0.04753673292999139,0.04753673292999139,-0.0023382037461396887,0.027112623607935094,0.027112623607935094,0.017730544705205853,0.06458649282590567,True,2.65,0,2.65,1.0,7.0,1.78,67.2,True
2024-03-25,1209.25,oil_driven,up,10d,False,0.01810145232582605,0.03798283261802582,0.03798283261802582,-0.009308562150603827,0.05158471227157713,0.05158471227157713,0.006570835519734475,0.06449514158325753,True,1.81,29,3.96,,,3.75,94.7,True
2024-04-02,1174.0,speculative_down,down,5d,False,-0.02915029977258632,-0.011576510208377133,-0.02915029977258632,0.03904825743505236,0.02937621215324171,0.03904825743505236,-0.008567971842523003,-0.002053435056503461,True,-2.92,12,-6.2,22.0,24.0,-0.85,13.7,True
2024-04-18,1134.25,speculative_down,down,10d,False,-0.021565667457407844,-0.03877118644067801,-0.03877118644067801,-0.02693476095684566,-0.0445778166555707,-0.0445778166555707,-0.0412864299647866,-0.08369683211387147,True,-2.16,0,-2.16,1.0,2.0,3.95,-183.0,False
2024-05-02,1190.0,speculative_up,up,10d,False,0.023435820253708828,0.04915142164425834,0.04915142164425834,-0.055283029358059954,-0.045690877013298326,-0.045690877013298326,-0.05020080355466461,-0.03513144321362138,True,2.34,12,7.33,20.0,,1.46,19.9,True
2024-05-03,1201.75,speculative_up,up,10d,False,0.03643811987925827,0.04454584963059549,0.04454584963059549,-0.06845555120124525,-0.060500346598789445,-0.060500346598789445,-0.055864725554905625,-0.04416410211801647,True,3.64,11,7.63,20.0,30.0,-0.15,-2.0,False
2024-05-06,1234.75,speculative_up,up,5d,True,0.06375188455739833,0.06352282515073204,0.06375188455739833,-0.05022381743226689,-0.05274586840882689,-0.05022381743226689,-0.011902047931074411,-0.04151871022581077,True,6.38,10,7.52,19.0,29.0,1.14,15.2,True
2024-05-07,1232.25,soyoil_driven,up,5d,True,0.07573112178088182,0.05546038543897214,0.07573112178088182,-0.043329708757898655,-0.059740922750367464,-0.043329708757898655,0.0368880946990231,-0.03222253045506551,True,7.57,9,8.95,18.0,,0.85,9.5,True
2024-05-08,1212.75,speculative_up,up,5d,True,0.04931862426995459,0.04009433962264142,0.04931862426995459,-0.00012660931937302777,-0.046129692156086644,-0.00012660931937302777,0.013624661386248738,-0.033810979101933425,True,4.93,8,7.98,17.0,29.0,0.41,5.1,True
2024-05-10,1205.0,speculative_up,up,10d,False,0.0027043894320781803,0.039241052177662716,0.039241052177662716,0.0019203882307872178,-0.06666662420531688,-0.06666662420531688,0.032767639423504136,-0.02492764131487768,True,0.27,6,3.85,12.0,15.0,-3.2,-83.2,False
2024-05-13,1205.5,speculative_up,up,10d,False,-0.023689005871633917,0.03855265991815626,0.03855265991815626,0.008154935808777575,-0.042478453630721225,-0.042478453630721225,0.0312717708148873,0.018997524768684437,True,-2.37,26,-6.44,,,-5.83,90.6,True
2024-05-14,1199.0,speculative_up,up,10d,False,-0.026983160884560764,0.046704495853339134,0.046704495853339134,-0.004593016368546254,-0.04772371106487561,-0.04772371106487561,-0.026681829182635064,0.009222023674755775,True,-2.7,30,-6.49,,,-6.49,100.0,True
2024-05-15,1213.5,speculative_up,up,10d,False,0.000618429189857661,0.0499675535366646,0.0499675535366646,-0.0045575467791812985,-0.004683579070658639,-0.004683579070658639,0.009269935041410049,0.023020896153670423,True,0.06,3,2.91,8.0,10.0,-5.13,-176.6,False
2024-05-20,1248.0,soyoil_driven,up,5d,False,0.03525508087930329,0.010730917189714528,0.03525508087930329,0.008594543498106288,0.016819567257416512,0.008594543498106288,0.040431249293634064,0.0729673768701915,True,3.53,0,3.53,6.0,8.0,-2.41,-68.2,False
2024-05-21,1236.25,soyoil_driven,up,5d,False,0.031067556296914045,0.0032460945425034637,0.031067556296914045,0.015893431767716626,0.011227416606908847,0.015893431767716626,0.07333648185882646,0.044697901194378886,True,3.11,3,4.09,5.0,8.0,-0.88,-21.4,False
2024-05-22,1246.25,soyoil_driven,up,5d,False,0.02698805109188296,0.027623170480313375,0.02698805109188296,-0.01348082914434634,-0.017976936414080158,-0.01348082914434634,0.053501765140603785,0.06326765806946799,True,2.7,2,2.84,3.0,5.0,-3.23,-113.8,False
2024-05-23,1239.25,soyoil_driven,up,10d,False,0.01891058581706062,0.03898553762313983,0.03898553762313983,-0.029786703399717007,-0.030153915281765364,-0.030153915281765364,0.015049374709259933,0.07569627308330062,True,1.89,1,2.61,2.0,3.0,-4.5,-172.4,False
2024-05-30,1209.75,speculative_down,down,5d,False,-0.02928786359077229,-0.0030902348578492056,-0.02928786359077229,0.0043831889728349616,-0.009156729193161683,0.0043831889728349616,-0.0034873549190761466,0.04982783057768536,True,-2.93,30,-13.5,,,-13.5,100.0,True
2024-05-31,1205.0,speculative_down,down,5d,False,-0.027637684083114733,-0.009249743062692661,-0.027637684083114733,0.001561013567061842,-0.02827218728078007,0.001561013567061842,0.007302541294162523,0.02246181468368813,True,-2.76,29,-13.01,,,-12.0,92.2,True
2024-06-03,1184.5,oil_collapse,down,5d,True,-0.05088141025641024,-0.0354234527687296,-0.05088141025641024,-0.04503345271522807,-0.07294524751410947,-0.04503345271522807,-0.01802005249260974,-0.0249613663947168,True,-5.09,28,-13.62,,,-12.08,88.7,True
2024-06-04,1179.0,oil_collapse,down,10d,False,-0.041073607157381065,-0.055288461538461564,-0.055288461538461564,-0.08242517449742814,-0.08208023560487232,-0.08208023560487232,-0.041739927653160924,-0.05829017229551381,True,-4.11,27,-12.32,,,-10.65,86.5,True
2024-06-05,1177.25,oil_collapse,down,10d,False,-0.030271828665568323,-0.04772497472194137,-0.04772497472194137,-0.06512688935356215,-0.06548072547974171,-0.06548072547974171,-0.05993896983387692,-0.05850251527690031,True,-3.03,26,-11.2,,,-9.62,85.8,True
2024-06-06,1200.0,speculative_down,down,10d,False,-0.008059516429014257,-0.03711133400200606,-0.03711133400200606,-0.030291368237983063,-0.026040952056381017,-0.026040952056381017,-0.02996506364837248,-0.03334791975533402,True,-0.81,25,-10.89,,,-7.6,69.8,True
2024-06-07,1179.25,speculative_down,down,10d,False,-0.021369294605809164,-0.048416380875529574,-0.048416380875529574,-0.018963490388141824,-0.017432079086854735,-0.017432079086854735,-0.04152019707034271,-0.03452085872982802,True,-2.14,24,-10.54,,,-7.26,68.9,True
2024-06-10,1188.25,speculative_down,down,10d,False,0.003165892781764379,-0.04787660256410253,-0.04787660256410253,0.04742652364824451,0.00025729082285552707,0.00025729082285552707,-0.010874480037915357,-0.02869857382941199,True,0.32,3,0.42,4.0,4.0,-6.21,-1470.0,False
2024-06-11,1178.0,speculative_down,down,10d,False,-0.0008481764206954567,-0.041886945912972706,-0.041886945912972706,0.0634812495000534,-0.024176378064731385,-0.024176378064731385,0.001146245719506389,-0.040641526147059404,True,-0.08,22,-8.57,,,-5.34,62.4,True
2024-07-05,1188.5,soyoil_driven,up,5d,False,0.031460186591451444,0.028781648993724263,0.031460186591451444,0.017372227005761243,0.012048259890776292,0.017372227005761243,0.14095187438112045,0.12849664667558303,True,3.15,0,3.15,2.0,3.0,-18.53,-589.0,False
2024-07-11,1142.75,speculative_down,down,5d,False,-0.028686782830429247,-0.017200602021070766,-0.028686782830429247,-0.015021394230966045,0.021260830510033024,-0.015021394230966045,-0.030658393221204117,0.08423474759829919,True,-2.87,26,-20.21,,,-20.0,98.9,True
2024-07-12,1134.5,speculative_down,down,5d,True,-0.04543542280185109,-0.015404643089607317,-0.04543542280185109,-0.01142381596682851,0.005749953914685024,-0.01142381596682851,-0.041717044324522945,0.09335473446541576,True,-4.54,25,-21.01,,,-19.9,94.7,True
2024-07-15,1078.0,speculative_down,down,5d,True,-0.08196721311475408,-0.06301607996523251,-0.08196721311475408,-0.005101398756278019,0.004537683865926567,-0.005101398756278019,-0.05265309859295275,0.06054369850278585,True,-8.2,24,-20.06,,,-18.27,91.1,True
2024-07-16,1090.5,speculative_down,down,5d,True,-0.06112785191562631,-0.05950840879689523,-0.06112785191562631,-0.007984295499810168,-0.03142234592817883,-0.007984295499810168,-0.003414422648914006,0.018983174713627093,True,-6.11,23,-19.18,,,-16.7,87.1,True
2024-07-17,1097.25,speculative_down,down,10d,False,-0.03855421686746985,-0.058154506437768205,-0.058154506437768205,0.009135201144204741,0.0004830445200658673,0.0004830445200658673,-0.0010808309311431952,-0.015342024632881146,True,-3.86,22,-17.74,,,-16.01,90.2,True
2024-07-18,1098.5,speculative_down,down,10d,True,-0.03872238022314589,-0.06629834254143652,-0.06629834254143652,0.0024206843572207593,-0.01263707192778385,-0.01263707192778385,-0.014009760960756346,-0.04423863742149048,True,-3.87,21,-17.85,,,-14.79,82.8,True
2024-07-19,1097.25,speculative_down,down,10d,True,-0.03283384750991625,-0.07677745056794283,-0.07677745056794283,-0.02530108082007687,-0.036435861895854904,-0.036435861895854904,-0.020820144682524577,-0.061668634108483666,True,-3.28,20,-17.25,,,-13.44,77.9,True
2024-07-22,1117.75,speculative_down,down,10d,False,0.03687384044526909,-0.04811581860762193,-0.04811581860762193,-0.026004209346627283,-0.03097295026168645,-0.03097295026168645,0.01249465432858865,-0.04081632653061229,True,3.69,0,3.69,4.0,4.0,-7.51,-203.8,False
2024-07-23,1117.5,oil_collapse,down,10d,False,0.024759284731774356,-0.03788204907447268,-0.03788204907447268,-0.04705303307629627,-0.05466164325586298,-0.05466164325586298,-0.000856550639696918,-0.004268048662706803,True,2.48,0,2.48,3.0,3.0,-7.75,-313.0,False
2024-07-26,1077.5,oil_collapse,down,10d,False,-0.017999544315333793,-0.050242397531952365,-0.050242397531952365,-0.03706469104093113,-0.06142799511741015,-0.06142799511741015,-0.062285254302902215,-0.0818086109792524,True,-1.8,15,-14.45,,,-8.86,61.4,True
2024-07-29,1054.75,oil_collapse,down,5d,True,-0.056363229702527384,-0.021567717996289426,-0.056363229702527384,-0.04976186113621939,-0.07447205262838263,-0.04976186113621939,-0.0885106350513215,-0.07712189051210294,True,-5.64,14,-16.01,,,-12.55,78.4,True
2024-07-30,1027.25,speculative_down,down,5d,True,-0.08076062639821024,-0.05800091701054566,-0.08076062639821024,-0.02897603630544976,-0.0746656589870458,-0.02897603630544976,-0.08379768238745433,-0.08458245606869719,True,-8.08,13,-16.0,,,-12.33,77.1,True
2024-07-31,1028.5,speculative_down,down,5d,True,-0.07425742574257421,-0.06265664160401008,-0.07425742574257421,0.0041243374058839155,-0.059625768292014714,0.0041243374058839155,-0.05910476300841183,-0.0629733803303606,True,-7.43,12,-15.5,,,-10.76,69.4,True
2024-08-01,1022.0,speculative_down,down,5d,True,-0.08422939068100355,-0.06964041875284477,-0.08422939068100355,-0.025166086502598994,-0.07860422796689903,-0.025166086502598994,-0.06417817841674167,-0.07707215871374162,True,-8.42,11,-15.88,,,-11.58,72.9,True
2024-08-02,1029.25,oil_collapse,down,10d,False,-0.0447795823665893,-0.06197311460469357,-0.06197311460469357,-0.04717479064649721,-0.08249096264719524,-0.08249096264719524,-0.044663325005829924,-0.10416671275273082,True,-4.48,10,-12.88,23.0,,-6.77,52.6,True
2024-08-05,1044.25,oil_collapse,down,10d,True,-0.009954965631666313,-0.06575710131961532,-0.06575710131961532,-0.03785773921136548,-0.08573572878601776,-0.08573572878601776,-0.042016788763989066,-0.12680849115899273,True,-1.0,9,-11.0,20.0,,-4.62,42.0,True
2024-08-06,1028.5,oil_collapse,down,10d,True,0.0012168410805548646,-0.07964205816554815,-0.07964205816554815,-0.020473790177468865,-0.04885657719542624,-0.04885657719542624,-0.04397663317228617,-0.12408917562069977,True,0.12,0,0.12,1.0,1.0,-1.29,-1060.0,False
2024-08-07,1020.25,speculative_down,down,10d,True,-0.008021390374331583,-0.08168316831683164,-0.08168316831683164,-0.034398667426570384,-0.03041620173146653,-0.03041620173146653,-0.024249405440216476,-0.08192091308698946,True,-0.8,7,-8.73,18.0,,-1.48,17.0,True
2024-08-08,1009.75,speculative_down,down,10d,True,-0.011986301369863006,-0.0952060931899642,-0.0952060931899642,-0.001572469152490319,-0.026698982760374967,-0.026698982760374967,-0.011896392214600482,-0.07531108184927793,True,-1.2,6,-8.15,16.0,,-0.98,12.0,True
2024-08-09,1028.0,speculative_down,down,10d,False,-0.0012144765606023622,-0.04593967517401387,-0.04593967517401387,0.04515777810685373,-0.00414732126789541,-0.00414732126789541,0.024694380642592106,-0.02107187751169548,True,-0.12,5,-8.79,16.0,30.0,0.97,-11.0,False
2024-08-12,1012.0,speculative_down,down,10d,False,-0.030883409145319618,-0.04053093150035558,-0.04053093150035558,0.09761440744270744,0.05606120745110377,0.05606120745110377,0.013888881142996246,-0.028711473806146248,True,-3.09,4,-10.1,15.0,,-0.19,1.9,True
2024-08-13,989.0,speculative_down,down,5d,False,-0.038405444822557144,-0.03723533706497928,-0.038405444822557144,0.07035521503532771,0.048440986947334785,0.07035521503532771,-0.004648853234022421,-0.04842104549296422,True,-3.84,3,-8.73,14.0,28.0,2.41,-27.6,False
2024-08-14,979.75,speculative_down,down,10d,False,-0.0396961529037001,-0.04739912493923193,-0.04739912493923193,0.02326199550592878,-0.011936853567728334,-0.011936853567728334,-0.05207102397489827,-0.07505773804306026,True,-3.97,2,-7.99,12.0,27.0,2.03,-25.5,False
2024-08-15,951.5,speculative_down,down,10d,True,-0.05768754642238183,-0.0689823874755382,-0.0689823874755382,0.02585642679586675,0.024243299209846247,0.024243299209846247,-0.0682247249293525,-0.07930948905746005,True,-5.77,1,-7.03,11.0,23.0,5.55,-78.9,False
2024-08-16,938.75,speculative_down,down,10d,True,-0.08681906614785995,-0.08792810298761233,-0.08792810298761233,-0.002472603085198588,0.04257351776018736,0.04257351776018736,-0.06527844655965465,-0.04219607672416359,True,-8.68,0,-8.68,11.0,25.0,2.82,-32.5,False
2024-08-19,956.25,speculative_down,down,10d,True,-0.0550889328063241,-0.08427100790040698,-0.08427100790040698,-0.07107163359388524,0.01960515844956978,0.01960515844956978,-0.027397245203712672,-0.013888881142996357,True,-5.51,3,-6.99,9.0,21.0,4.47,-64.0,False
2024-08-20,957.25,speculative_down,down,10d,True,-0.032103134479272044,-0.0692756441419543,-0.0692756441419543,-0.055009542342458806,0.011475464512370248,0.011475464512370248,0.0007374331138600976,-0.003914848338478549,True,-3.21,2,-4.83,5.0,9.0,6.77,-140.3,False
2024-08-21,963.0,speculative_down,down,10d,False,-0.017096198009696306,-0.056113697623131564,-0.056113697623131564,-0.06560149170613094,-0.043865517805452336,-0.043865517805452336,0.023720369064585745,-0.029585798816568087,True,-1.71,1,-3.93,4.0,7.0,6.76,-172.1,False
2024-08-22,941.25,speculative_down,down,10d,True,-0.01077246452968994,-0.06783857390443182,-0.06783857390443182,-0.06589049749975306,-0.04173776352903191,-0.04173776352903191,0.024575560577815736,-0.04532582521194284,True,-1.08,0,-1.08,1.0,1.0,9.06,-841.5,False
2024-08-23,952.0,speculative_down,down,10d,True,0.014114513981358101,-0.07392996108949412,-0.07392996108949412,-0.02374428778334392,-0.026158180669313635,-0.026158180669313635,0.038047570181118484,-0.029714562655329124,True,1.41,24,13.53,,,10.15,75.0,True
2024-08-26,959.75,speculative_down,down,10d,False,0.003660130718954324,-0.05163043478260865,-0.05163043478260865,0.04101109734735697,-0.032975261930482724,-0.032975261930482724,0.030392871389564036,0.0021629452359464008,True,0.37,23,11.45,,,6.27,54.8,True
2024-08-29,973.75,oil_driven,up,5d,False,0.03452855245683928,0.023384130320546426,0.03452855245683928,0.039720605958451394,-0.028787102028895672,0.039720605958451394,0.06750740937051569,0.09374200237676789,True,3.45,20,13.23,,,6.83,51.6,True
2024-08-30,982.0,soyoil_driven,up,10d,False,0.03151260504201692,0.046071904127829466,0.046071904127829466,-0.017105422263476,-0.040443553977940305,-0.040443553977940305,0.040270029413734365,0.07984977636516755,True,3.15,19,11.95,29.0,,4.62,38.7,True
2024-09-03,997.0,soyoil_driven,up,10d,False,0.0388121906746548,0.042614379084967347,0.042614379084967347,-0.09144926373680307,-0.05418860104690015,-0.05418860104690015,0.008872875902045552,0.03953541946775596,True,3.88,18,11.04,28.0,,3.26,29.5,True
2024-09-04,1006.0,speculative_up,up,10d,False,0.03979328165374674,0.05092713502219892,0.05092713502219892,-0.08380778410378809,-0.06537012300698297,-0.06537012300698297,0.004860192972688138,0.015720938443659627,True,3.98,17,10.16,24.0,,1.29,12.7,True
2024-09-05,1008.25,speculative_up,up,5d,True,0.05190401669274913,0.046988577362409245,0.05190401669274913,-0.07206112934905962,-0.03864866908803333,-0.07206112934905962,0.012440202565904057,0.032195114507907796,True,5.19,16,11.19,26.0,,3.16,28.2,True
2024-09-06,989.25,speculative_up,up,10d,False,0.015917843388960184,0.050996015936255024,0.050996015936255024,-0.1085496653358361,-0.0731407178611112,-0.0731407178611112,-0.055594111952223746,0.00816028294414295,True,1.59,15,9.45,22.0,30.0,-0.39,-4.1,False
2024-09-09,1000.0,speculative_up,up,10d,False,0.018329938900203624,0.050420168067226934,0.050420168067226934,-0.06580562564870596,-0.08178541489814861,-0.08178541489814861,-0.035465897101148336,0.0033759195931382102,True,1.83,14,8.53,21.0,27.0,-0.1,-1.2,False
2024-09-17,1006.0,oil_driven,up,5d,False,0.029156010230179108,0.009027081243731194,0.029156010230179108,0.08273767971720525,0.012084250039372524,0.08273767971720525,-0.007343922846180573,-0.03613027023507853,True,2.92,8,9.03,15.0,23.0,-1.25,-13.9,False
2024-09-18,1014.0,oil_driven,up,5d,False,0.03495789742281197,0.007952286282306265,0.03495789742281197,0.05348397317028275,0.02471108076993378,0.05348397317028275,0.0166171128153203,-0.008706089696220776,True,3.5,7,8.78,14.0,22.0,-0.33,-3.8,False
2024-09-23,1039.25,speculative_up,up,10d,False,0.03459432553509201,0.03925000000000001,0.03925000000000001,0.0039949553905174184,0.024159564608180917,0.024159564608180917,0.07220123099081177,0.02427297060125344,True,3.46,4,6.1,10.0,15.0,-1.72,-28.2,False
2024-09-24,1042.25,oil_driven,up,10d,True,0.03603379721669975,0.06624040920716112,0.06624040920716112,0.005197290412962463,0.08836498187975295,0.08836498187975295,0.08384714154991868,0.07588745176532252,True,3.6,3,5.94,9.0,13.0,-1.22,-20.5,False
2024-09-25,1053.25,soyoil_driven,up,10d,True,0.03870808678500981,0.07501913753508549,0.07501913753508549,-0.017204923955673523,0.03535886152336709,0.03535886152336709,0.08270308003986493,0.1006944792663822,True,3.87,2,5.1,7.0,12.0,-1.92,-37.7,False
2024-09-26,1041.0,soyoil_driven,up,10d,False,0.02738712065136939,0.04992435703479581,0.04992435703479581,-0.05948573955292491,-0.018848818743642193,-0.018848818743642193,0.028023908238210993,0.0517029337086774,True,2.74,1,5.18,6.0,11.0,0.22,4.3,True
2024-09-27,1065.75,soyoil_driven,up,10d,True,0.05311264822134398,0.08006080567519636,0.08006080567519636,-0.0520021963151891,-0.006846339552169511,-0.006846339552169511,0.00047439416119687827,0.03661837622891362,True,5.31,0,5.31,5.0,10.0,0.47,8.8,True
2024-09-30,1057.0,soyoil_driven,up,10d,False,0.017079624729372078,0.05226480836236935,0.05226480836236935,-0.03126338626928038,-0.027393326712265242,-0.027393326712265242,0.02088220112512995,0.0945911527429737,True,1.71,1,1.73,3.0,4.0,-2.65,-152.8,False
2024-10-01,1057.25,soyoil_driven,up,10d,False,0.014391940513312607,0.05094433399602383,0.05094433399602383,-0.024175458168825825,-0.01910381463283317,-0.01910381463283317,-0.023663274117717847,0.05819976953771788,True,1.44,0,1.44,2.0,3.0,-3.72,-258.3,False
2024-10-02,1056.0,soyoil_driven,up,10d,False,0.0026109660574411553,0.041420118343195256,0.041420118343195256,0.005883139881643018,-0.011423003048314673,-0.011423003048314673,-0.014871559971328718,0.06660159625390971,True,0.26,0,0.26,1.0,1.0,-4.65,-1781.8,False
2024-10-08,1016.25,speculative_down,down,5d,False,-0.038779853393237196,-0.024946030223075066,-0.038779853393237196,0.053558610421033714,0.02808834830639384,0.053558610421033714,0.010720090564167117,-0.013196855995137313,True,-3.88,15,-8.7,22.0,,-5.56,63.9,True
2024-10-09,1020.25,speculative_down,down,5d,False,-0.03385416666666663,-0.031331592689295085,-0.03385416666666663,0.044793144907237625,0.050939809126108626,0.044793144907237625,-0.01052156647589686,-0.02523665434038702,True,-3.39,14,-8.59,21.0,,-6.2,72.2,True
2024-10-10,1014.75,speculative_down,down,5d,False,-0.02987571701720837,-0.025216138328530313,-0.02987571701720837,0.02903268777952328,0.12088075257152431,0.02903268777952328,-0.018348617588324068,0.0221342218888263,True,-2.99,13,-7.72,20.0,,-6.52,84.5,True
2024-10-11,1005.5,speculative_down,down,10d,False,-0.031076848952059755,-0.0565329580107905,-0.0565329580107905,0.01586448438758925,0.10824284570819698,0.10824284570819698,-0.013624029889763745,0.029871937231318313,True,-3.11,12,-6.99,19.0,,-5.23,74.8,True
2024-10-14,996.0,speculative_down,down,10d,False,-0.03675048355899424,-0.057710501419110716,-0.057710501419110716,-0.04290896531998056,0.08302778075601847,0.08302778075601847,-0.05385999667669339,-0.031027316161788443,True,-3.68,11,-6.65,18.0,,-4.67,70.2,True
2024-10-15,991.0,speculative_down,down,10d,True,-0.02484624846248462,-0.06266256798297465,-0.06266256798297465,-0.040641536987526816,0.01074036918707999,0.01074036918707999,-0.02121277822464851,-0.010720090564167117,True,-2.48,10,-5.02,15.0,18.0,-3.22,64.2,True
2024-10-16,980.0,speculative_down,down,10d,True,-0.03945111492281306,-0.07196969696969702,-0.07196969696969702,-0.03891314250748956,0.0041369603686141065,0.0041369603686141065,-0.03652330276607885,-0.04666058688400321,True,-3.95,9,-5.39,14.0,,-3.09,57.3,True
2024-10-17,988.75,speculative_down,down,10d,False,-0.025622074402562256,-0.05473231357552577,-0.05473231357552577,-0.06829268832408908,-0.041242720842303404,-0.041242720842303404,-0.02917708708596689,-0.04699034546100933,True,-2.56,8,-4.88,13.0,15.0,-2.49,51.0,True
2024-10-18,970.0,oil_collapse,down,10d,True,-0.03530581800099453,-0.06528547337990842,-0.06528547337990842,-0.0839067832549123,-0.0693734367202834,-0.0693734367202834,-0.037292794270226026,-0.050408746016179395,True,-3.53,7,-4.0,11.0,14.0,-2.01,50.3,True
2024-10-21,981.0,oil_collapse,down,10d,False,-0.015060240963855387,-0.05125725338491294,-0.05125725338491294,-0.04429099541326975,-0.08529947994707487,-0.08529947994707487,0.0054553971316118055,-0.04869842721646023,True,-1.51,6,-3.09,8.0,13.0,-0.43,13.8,True
2024-10-29,965.25,oil_collapse,down,5d,False,-0.026720443660196658,-0.02598385469223008,-0.026720443660196658,-0.06769312666552374,-0.04774727485341679,-0.06769312666552374,-0.020370780902344676,0.008244958017213033,True,-2.67,0,-2.67,2.0,5.0,0.38,-14.2,False
2024-11-05,993.75,oil_driven,up,5d,False,0.029526029526029562,0.0020166372573733327,0.029526029526029562,0.07112035179898091,-0.0013871338493678387,0.07112035179898091,0.05116828225337744,0.02975516348409979,True,2.95,3,5.34,7.0,30.0,-1.4,-26.2,False
2024-11-07,1015.5,oil_driven,up,5d,False,0.03358778625954195,0.019322459222082866,0.03358778625954195,0.044758856172478545,0.030916057749916792,0.044758856172478545,0.07044750439019776,0.09000671551911377,True,3.36,1,3.49,5.0,10.0,-0.81,-23.4,False
2024-11-08,1016.75,soyoil_driven,up,5d,False,0.03486005089058519,0.029359655783345984,0.03486005089058519,0.01280758982599517,-0.01950406171200303,0.01280758982599517,0.053347759425577346,0.10464323379868312,True,3.49,0,3.49,4.0,9.0,-1.32,-38.0,False
2024-11-11,1011.75,soyoil_driven,up,10d,False,0.024816409217523372,0.03875770020533875,0.03875770020533875,-0.04799216799484529,0.009795246200843266,0.009795246200843266,0.05662857635184171,0.12766458042305184,True,2.48,0,2.48,3.0,3.0,-1.22,-49.0,False
2024-11-12,1003.5,soyoil_driven,up,10d,False,0.009811320754717023,0.03962703962703973,0.03962703962703973,-0.05375740008370189,0.013539706509527516,0.013539706509527516,0.027561631862819347,0.08014019547471718,True,0.98,4,1.61,5.0,6.0,-0.58,-35.9,False
2024-11-14,985.75,oil_collapse,down,5d,False,-0.029295913343180713,0.00330788804071247,-0.029295913343180713,-0.05058048136038551,-0.008085549678251258,-0.05058048136038551,-0.0802980358572073,-0.015507327700584495,True,-2.93,23,-6.28,28.0,,-3.3,52.5,True
2024-11-21,977.75,speculative_down,down,10d,False,-0.008115647983768737,-0.03717380600689313,-0.03717380600689313,0.020378480175678115,-0.031232754521386186,-0.031232754521386186,-0.05085504931080065,-0.12706952459492915,True,-0.81,18,-3.45,20.0,23.0,0.66,-19.1,False
2024-12-18,951.75,speculative_down,down,5d,True,-0.043947764942240064,-0.03252858958068616,-0.043947764942240064,0.004125777660408003,0.02976365462909114,0.004125777660408003,-0.06412681476827697,-0.04074703671666979,True,-4.39,0,-4.39,2.0,8.0,6.3,-143.4,False
2024-12-19,963.0,speculative_down,down,5d,False,-0.032889781571679655,-0.030943396226415065,-0.032889781571679655,-0.0015708795519904228,0.02357248226082076,-0.0015708795519904228,-0.057923306533147145,-0.05009498252276301,True,-3.29,0,-3.29,4.0,7.0,7.96,-242.0,False
2024-12-26,988.0,speculative_up,up,5d,False,0.038087733123194134,-0.007533902561526862,0.038087733123194134,-0.013601573527450173,-0.009531912935248021,-0.013601573527450173,-0.002022705888764187,-0.0660198109711817,True,3.81,26,12.95,,,10.27,79.3,True
2024-12-31,998.25,oil_driven,up,5d,False,0.029654461062403215,0.016547861507128392,0.029654461062403215,0.03581749615031793,0.014283724357341487,0.03581749615031793,-0.011185701418340854,-0.04650053654465225,True,2.97,23,10.88,,,6.24,57.3,True
2025-01-10,1013.5,oil_driven,up,5d,False,0.033129459734964284,0.02580971659919018,0.033129459734964284,0.03528935428150248,0.09982758796405533,0.03528935428150248,0.1434009515829735,0.14137314020224956,True,3.31,16,9.58,22.0,,5.12,53.5,True
2025-01-13,1041.5,oil_driven,up,10d,False,0.04937027707808572,0.06275510204081636,0.06275510204081636,0.07150628481248456,0.11643061470767901,0.11643061470767901,0.14361174899943352,0.1505566977231798,True,4.94,15,8.31,21.0,,3.22,38.8,True
2025-01-14,1043.0,oil_driven,up,10d,False,0.051146384479717755,0.062118126272912466,0.062118126272912466,0.04377104377104368,0.091703089620079,0.091703089620079,0.12303531854969552,0.15130911724143226,True,5.11,14,8.34,20.0,,3.07,36.9,True
2025-01-15,1042.75,oil_driven,up,5d,True,0.05594936708860754,0.04457801152016039,0.05594936708860754,0.09165304485370185,0.11600668646422885,0.09165304485370185,0.12551690028709972,0.1631473574062665,True,5.59,13,8.86,19.0,,2.43,27.4,True
2025-01-17,1034.0,oil_driven,up,10d,False,0.020226936359151404,0.05402650356778804,0.05402650356778804,0.017108496327737255,0.053001598397373284,0.053001598397373284,0.01420642398417482,0.15964459028507005,True,2.02,11,6.07,16.0,28.0,-2.91,-48.0,False
2025-01-21,1067.25,soyoil_driven,up,10d,True,0.024723955832933298,0.07531486146095712,0.07531486146095712,-0.03717331028317905,0.03167484921677355,0.03167484921677355,0.006597739806612379,0.15115700175911662,True,2.47,10,3.22,11.0,16.0,-4.2,-130.6,False
2025-01-22,1056.0,soyoil_driven,up,10d,False,0.012464046021092967,0.0642479213907785,0.0642479213907785,-0.02658061365927422,0.016026968907828287,0.016026968907828287,-0.028646433116210623,0.0908643624097194,True,1.25,9,3.07,10.0,15.0,-2.78,-90.6,False
2025-01-23,1065.5,soyoil_driven,up,10d,True,0.021817309997602452,0.07898734177215183,0.07898734177215183,-0.06771611827772805,0.01773053815014647,0.01773053815014647,-0.026583089044036168,0.09559718430620023,True,2.18,8,3.09,9.0,14.0,-3.12,-100.8,False
2025-01-24,1055.75,soyoil_driven,up,10d,False,0.03606476938174685,0.0639959687578735,0.0639959687578735,-0.05109299221497288,0.01001089707108438,0.01001089707108438,0.004219463614411723,0.06953648359247033,True,3.61,7,5.5,12.0,24.0,-1.89,-34.4,False
2025-02-04,1075.0,speculative_up,up,5d,False,0.028708133971291794,0.007261653783087407,0.028708133971291794,-0.014504537664565387,-0.04203455616105034,-0.014504537664565387,0.013959610868767847,-0.00021853039393560092,True,2.87,0,2.87,1.0,5.0,-3.52,-122.5,False
2025-02-11,1043.5,speculative_down,down,5d,False,-0.02930232558139534,-0.0014354066985645675,-0.02930232558139534,0.008528236211941431,-0.0060999995759724035,0.008528236211941431,0.008085724653707382,0.022158209092232983,True,-2.93,14,-8.47,,,-6.88,81.3,True
2025-02-12,1027.75,speculative_down,down,5d,False,-0.027672658467360445,-0.03088165959453093,-0.027672658467360445,0.004786765776831903,-0.01721288836027801,0.004786765776831903,0.012641377087941885,0.01534353142048217,True,-2.77,13,-6.91,,,-3.81,55.1,True
2025-02-13,1030.0,speculative_down,down,5d,False,-0.02876001885902879,-0.013409961685823757,-0.02876001885902879,0.009630368209855078,-0.019799290182061724,0.009630368209855078,0.01872243272143015,0.028234781473733372,True,-2.88,12,-7.21,30.0,,-3.54,49.0,True
2025-02-19,1031.75,speculative_down,down,10d,False,-0.011260182079540049,-0.04023255813953486,-0.04023255813953486,-0.014593558364400128,-0.006189779465363032,-0.006189779465363032,0.003685197593954026,0.011800719740700627,True,-1.13,9,-5.7,11.0,,-1.34,23.5,True
2025-02-28,1011.5,speculative_down,down,5d,False,-0.026936026936026924,-0.017961165048543726,-0.026936026936026924,-0.009090900224102638,-0.021461618174332675,-0.009090900224102638,-0.07007055111657501,-0.05881083720439173,True,-2.69,25,-6.01,28.0,30.0,0.31,-5.2,False
2025-03-03,998.25,speculative_down,down,10d,False,-0.02988338192419826,-0.036438223938223935,-0.036438223938223935,-0.03295607216738483,-0.03350290060443051,-0.03350290060443051,-0.06126912889093894,-0.06880829585291814,True,-2.99,24,-5.05,27.0,28.0,1.24,-24.5,False
2025-03-04,984.0,oil_collapse,down,10d,False,-0.04581818181818187,-0.05247953779489645,-0.05247953779489645,-0.009719979195981554,-0.04996515538109114,-0.04996515538109114,-0.06976228575592491,-0.10634247062219326,True,-4.58,23,-5.26,26.0,28.0,0.46,-8.8,False
2025-03-12,987.5,speculative_down,down,10d,False,-0.010273114507642234,-0.036115178135675885,-0.036115178135675885,0.02066057603714211,-0.013698665167323543,-0.013698665167323543,-0.029688934078811124,-0.08427842589834122,True,-1.03,17,-2.08,19.0,20.0,5.54,-266.3,False
2025-04-01,1034.25,soyoil_driven,up,5d,False,0.03244322435737468,0.021229326092322864,0.03244322435737468,0.03188401374264038,0.06427496747813843,0.03188401374264038,0.12151299012660721,0.11518565128646019,True,3.24,29,6.54,,,6.51,99.6,True
2025-04-02,1029.5,soyoil_driven,up,5d,False,0.02847152847152845,0.021076121993553132,0.02847152847152845,0.029576417996607596,0.06774858806224748,0.029576417996607596,0.13742965980844213,0.14494804771433367,True,2.85,28,6.62,,,5.02,75.8,True
2025-04-04,977.0,oil_collapse,down,5d,True,-0.04496578690127073,-0.03243377073533049,-0.04496578690127073,-0.10625719243123588,-0.09212063874168175,-0.10625719243123588,0.015057579882050254,0.09116881656935294,True,-4.5,0,-4.5,3.0,4.0,2.71,-60.3,False
2025-04-07,983.0,oil_collapse,down,5d,False,-0.03128849470312889,-0.024075452965996558,-0.03128849470312889,-0.1508114449878306,-0.12169005604309646,-0.1508114449878306,0.005791983510038179,0.07117437464760434,True,-3.13,0,-3.13,2.0,3.0,3.77,-120.5,False
2025-04-08,992.75,oil_collapse,down,5d,False,-0.04012569494802998,-0.008984277514349936,-0.04012569494802998,-0.16320218560731803,-0.13652171259341028,-0.16320218560731803,-0.05269814655079874,0.06241133421429068,True,-4.01,0,-4.01,2.0,3.0,2.76,-68.7,False
2025-04-11,1042.75,soyoil_driven,up,5d,True,0.06729785056294779,0.019305962854349934,0.06729785056294779,-0.007904527588309618,-0.11332180711051643,-0.007904527588309618,0.03294062645084761,0.048494212447046214,True,6.73,28,9.26,,,8.75,94.5,True
2025-04-14,1041.75,soyoil_driven,up,5d,True,0.05976602238046791,0.026607538802660757,0.05976602238046791,0.0136737727500027,-0.13919983366469102,0.0136737727500027,0.025913579831768008,0.03185565436887794,True,5.98,27,8.6,,,6.66,77.5,True
2025-04-15,1036.0,soyoil_driven,up,5d,False,0.043565852430118346,0.0016920473773265332,0.043565852430118346,0.02937227167199996,-0.1386235328684403,0.02937227167199996,0.05318209339964852,-0.0023186509030032054,True,4.36,26,7.53,,,5.94,78.9,True
2025-04-21,1029.5,soyoil_driven,up,10d,False,-0.012706784943658622,0.05373592630501545,0.05373592630501545,0.025691086683816033,0.017583483192040728,0.017583483192040728,0.009926108465663663,0.04319370714758919,True,-1.27,0,-1.27,2.0,3.0,-0.19,15.1,True
2025-04-22,1035.0,oil_driven,up,10d,False,-0.006479481641468721,0.0528992878942014,0.0528992878942014,0.04518119347391014,0.05947276359604903,0.05947276359604903,0.027202118837044376,0.053820602946889506,True,-0.65,11,-1.08,12.0,13.0,0.31,-28.9,False
2025-04-23,1040.25,soyoil_driven,up,10d,False,0.004102316602316636,0.04784688995215314,0.04784688995215314,0.015326897091873404,0.045149354549144816,0.045149354549144816,0.012254341726580353,0.0660881466724832,True,0.41,21,3.04,24.0,27.0,1.52,50.0,True
2025-04-24,1053.0,soyoil_driven,up,10d,False,0.013718411552346543,0.039743273265860246,0.039743273265860246,0.005122453794961235,0.007056975977134616,0.007056975977134616,0.045703496305054214,0.07490805373545117,True,1.37,20,2.77,23.0,26.0,1.78,64.3,True
2025-05-12,1066.0,oil_driven,up,5d,False,0.026974951830443183,0.013307984790874583,0.026974951830443183,0.08436897610202054,-0.0016115789742244813,0.08436897610202054,0.023154905340379228,-0.008415110603673726,True,2.7,26,3.54,29.0,30.0,-1.23,-34.7,False
2025-05-13,1067.25,oil_driven,up,5d,False,0.03140855279052901,0.025216138328530313,0.03140855279052901,0.07750885098206983,0.05379013734678395,0.07750885098206983,0.06502707298148791,0.0460593668430096,True,3.14,25,3.87,28.0,29.0,-1.16,-30.0,False
2025-05-14,1067.0,oil_driven,up,5d,False,0.03541969917515764,0.03116694853829438,0.03541969917515764,0.08748065882127887,0.08486518672225829,0.08748065882127887,0.09946747802039724,0.06257713022330025,True,3.54,24,4.29,27.0,28.0,-0.27,-6.2,False
2025-06-25,1025.25,oil_collapse,down,5d,True,-0.045391061452513926,-0.030725596785629916,-0.045391061452513926,-0.13254942082249854,-0.0009234408262288607,-0.13254942082249854,-0.054206993449080865,0.08432723795967734,True,-4.54,29,-10.47,,,-9.52,90.9,True
2025-06-26,1022.75,oil_collapse,down,5d,True,-0.04838334496394514,-0.026415992384578812,-0.04838334496394514,-0.13175408046706438,-0.04269997941239001,-0.13175408046706438,-0.04108088335210269,0.09371095287593767,True,-4.84,28,-10.54,,,-10.05,95.4,True
2025-06-27,1027.75,oil_collapse,down,5d,False,-0.03768726591760296,-0.013912209162868838,-0.03768726591760296,-0.12558392664866147,-0.0370370993320468,-0.12558392664866147,-0.037084641316216915,0.10165931717160182,True,-3.77,27,-9.97,,,-7.35,73.7,True
2025-06-30,1024.25,oil_collapse,down,10d,False,-0.03258559622195989,-0.04253330217340501,-0.04253330217340501,-0.04962781228816904,-0.10783779644529612,-0.10783779644529612,-0.013711557737024815,0.03754194207207773,True,-3.26,26,-9.19,30.0,,-4.44,48.3,True
2025-07-01,1024.75,oil_collapse,down,10d,False,-0.021017434917602107,-0.04206590324842252,-0.04206590324842252,0.01677791138074025,-0.08805907747572372,-0.08805907747572372,0.030477289790942663,-0.024496502882723314,True,-2.1,25,-8.14,29.0,,-2.22,27.3,True
2025-07-03,1056.25,soyoil_driven,up,5d,False,0.03275482767049631,-0.0172133054198651,0.03275482767049631,0.026977348158496284,-0.10833110800863055,0.026977348158496284,0.04150800240241681,-0.0012780663545584048,True,3.28,0,3.28,1.0,3.0,-0.05,-1.5,False
2025-07-10,1012.5,speculative_down,down,5d,False,-0.036173250832936654,-0.012435991221653286,-0.036173250832936654,-0.01304666113021824,0.025415920708823814,-0.01304666113021824,-0.025245244636335595,0.03570047250127395,True,-3.62,19,-8.47,23.0,,-1.52,18.0,True
2025-07-11,1004.0,speculative_down,down,5d,True,-0.049467455621301726,-0.01833292593497926,-0.049467455621301726,0.021641745496151943,0.049202930557655566,0.021641745496151943,-0.005301662001508167,0.03598627900181306,True,-4.95,18,-8.97,22.0,,-1.87,20.8,True
2025-07-14,997.0,speculative_down,down,5d,False,-0.03368063968984736,-0.029919727560204334,-0.03368063968984736,-0.01398493955504665,0.022283375895467028,-0.01398493955504665,0.006288147854760062,0.037368904784794044,True,-3.37,17,-6.81,21.0,28.0,-0.61,8.9,True
2025-07-15,995.0,speculative_down,down,5d,False,-0.028557481083719805,-0.028557481083719805,-0.028557481083719805,-0.02648917224477032,0.021655598517851482,-0.02648917224477032,0.008316406539706556,0.039040242187879715,True,-2.86,16,-6.13,20.0,27.0,0.44,-7.2,False
2025-07-25,998.75,speculative_down,down,5d,False,-0.028216978837265927,-0.005229083665338696,-0.028216978837265927,-0.03237292536879188,-0.04806418455534056,-0.03237292536879188,0.012002901958179324,0.03822830062282412,True,-2.82,8,-6.45,12.0,19.0,-1.39,21.5,True
2025-07-29,981.75,speculative_down,down,5d,False,-0.02821083890126208,-0.013316582914572828,-0.02821083890126208,0.045310376702656585,0.0404390044671874,0.045310376702656585,0.0343339890479859,0.05461875856357912,True,-2.82,6,-4.83,9.0,10.0,-0.47,9.7,True
2025-07-30,967.75,speculative_down,down,10d,False,-0.03778274919214519,-0.04514060187469171,-0.04514060187469171,0.07279693486590033,0.054534541975981066,0.054534541975981066,0.006412551020047674,0.030645755463847513,True,-3.78,5,-4.4,8.0,9.0,0.94,-21.5,False
2025-07-31,961.75,speculative_down,down,10d,False,-0.042320139407518,-0.058492413117963826,-0.058492413117963826,0.04891721061104026,0.025466408015811792,0.025466408015811792,-0.01923409869612336,-0.011383838060337048,True,-4.23,4,-4.26,7.0,8.0,2.14,-50.3,False
2025-08-01,961.75,speculative_down,down,10d,True,-0.03704630788485608,-0.06421795183653611,-0.06421795183653611,0.0333026096836635,-0.00014841858300362887,-0.00014841858300362887,-0.03133298646083016,-0.019706171267197092,True,-3.7,3,-3.73,6.0,7.0,4.41,-118.1,False
2025-08-04,969.0,speculative_down,down,10d,False,-0.019974715549936795,-0.04532019704433499,-0.04532019704433499,-0.00629588029844641,-0.013541608244651115,-0.013541608244651115,-0.03625109221428713,-0.028000708103608996,True,-2.0,2,-2.76,5.0,5.0,6.17,-223.9,False
2025-08-05,969.0,speculative_down,down,10d,False,-0.012987012987012991,-0.04083147735708981,-0.04083147735708981,-0.05851748989940242,-0.015858562707781743,-0.015858562707781743,-0.06430310573632603,-0.0321768988164427,True,-1.3,1,-2.06,2.0,4.0,6.32,-306.2,False
2025-08-06,961.5,speculative_down,down,10d,False,-0.006458279514337417,-0.0439970171513796,-0.0439970171513796,-0.08071430751255582,-0.013793126833393177,-0.013793126833393177,-0.047964585565887674,-0.0418596098979368,True,-0.65,0,-0.65,1.0,1.0,7.21,-1116.0,False
2025-08-12,1011.75,speculative_up,up,5d,False,0.044117647058823595,0.030557677616501078,0.044117647058823595,-0.03054029130328695,-0.08727064001482443,-0.03054029130328695,-0.01002973465818957,-0.07368789730628278,True,4.41,24,8.33,30.0,,4.13,49.5,True
2025-08-13,1023.5,speculative_up,up,5d,True,0.06448257930317203,0.05760785326788942,0.06448257930317203,-0.026417979620090515,-0.1049999782017299,-0.026417979620090515,-0.008180004348712355,-0.05575223939608698,True,6.45,23,9.18,,,5.28,57.5,True
2025-08-14,1008.5,speculative_up,up,10d,False,0.03781836892204793,0.04860930595269042,0.04860930595269042,0.0012523170792080318,-0.0765232874427727,-0.0765232874427727,-0.02895030277466848,-0.06459158032236734,True,3.78,22,8.03,28.0,,4.32,53.8,True
2025-08-15,1022.25,speculative_up,up,10d,False,0.057408844065166775,0.06290616064465815,0.06290616064465815,-0.016906728443900287,-0.0672805951403489,-0.0672805951403489,0.007960614044810521,-0.028143290957104217,True,5.74,21,8.59,,,4.53,52.7,True
2025-08-18,1020.75,speculative_up,up,10d,False,0.03158160687215772,0.05340557275541791,0.05340557275541791,-0.008442791170371278,-0.04329465540721966,-0.04329465540721966,-0.0003753135188602208,-0.022568798940116097,True,3.16,20,6.09,24.0,,1.24,20.3,True
2025-08-19,1013.0,speculative_up,up,10d,False,0.0012354830738818823,0.04540763673890602,0.04540763673890602,-0.012980840883217604,-0.04312469352456938,-0.04312469352456938,-0.030393976643030562,-0.040118867780283396,True,0.12,19,3.76,22.0,23.0,0.12,3.3,True
2025-08-20,1015.0,speculative_up,up,10d,False,-0.00830483634587198,0.05564222568902766,0.05564222568902766,0.008938508299356274,-0.01771560865082067,-0.01771560865082067,-0.04029986452997836,-0.048150215811583075,True,-0.83,28,-2.13,29.0,30.0,0.02,-1.1,False
2025-08-21,1034.5,speculative_up,up,10d,False,0.02578086266732771,0.06457422176485728,0.06457422176485728,-0.006879278189605209,-0.0056355761479667255,-0.0056355761479667255,0.03173682742666717,0.001867733888889278,True,2.58,17,4.09,20.0,27.0,0.94,23.0,True
2025-08-22,1036.5,soyoil_driven,up,10d,True,0.013939838591342735,0.07214895267649335,0.07214895267649335,0.013694277401265387,-0.0034439764718935395,-0.0034439764718935395,0.031214739335955644,0.039423841873129195,True,1.39,16,2.69,19.0,20.0,-0.44,-16.4,False
2025-09-15,1042.75,speculative_up,up,5d,False,0.028860384805130757,0.005787316132143783,0.028860384805130757,0.01670415906785605,-0.011092061794637065,0.01670415906785605,0.0203035440289987,0.0056342936458573245,True,2.89,30,5.3,,,5.3,100.0,True
2025-09-16,1049.75,soyoil_driven,up,5d,False,0.037815126050420256,0.023397514014136034,0.037815126050420256,0.030177160190300034,-0.01631345867610745,0.030177160190300034,0.060160921888740004,0.01385409638433921,True,3.78,30,6.6,,,6.6,100.0,True
2025-09-17,1043.75,speculative_up,up,5d,False,0.03804077573346598,0.02731299212598426,0.03804077573346598,0.005968350773376319,0.0012506148120690064,0.005968350773376319,0.02031064183533271,0.0015637574529574483,True,3.8,30,7.43,,,7.43,100.0,True
2025-09-22,1011.0,speculative_down,down,5d,False,-0.030448333732917776,-0.0024666995559941007,-0.030448333732917776,-0.010426537999477459,0.00610345451910832,-0.010426537999477459,-0.05003864444698791,-0.03075106223867008,True,-3.04,6,-3.93,8.0,23.0,7.38,-187.8,False
2025-09-23,1012.0,speculative_down,down,5d,False,-0.03596094308168607,0.0004943153732082095,-0.03596094308168607,-0.01720391899266449,0.012454075778292939,-0.01720391899266449,-0.06338964205049002,-0.00704229946570456,True,-3.6,5,-4.57,11.0,24.0,5.57,-121.9,False
2025-09-24,1009.0,speculative_down,down,5d,False,-0.03329341317365264,0.00348085529587272,-0.03329341317365264,0.014675952649871427,0.02073189465659575,0.014675952649871427,-0.03805621973191553,-0.018518524145164528,True,-3.33,4,-4.02,6.0,21.0,7.28,-181.0,False
2025-09-30,1001.75,speculative_down,down,10d,False,-0.010128458498023685,-0.04572517266015719,-0.04572517266015719,-0.01640121302680919,-0.03332296687917902,-0.03332296687917902,-0.009726434793874028,-0.07249952162435291,True,-1.01,0,-1.01,1.0,1.0,10.0,-987.8,False
2025-10-22,1034.75,speculative_up,up,5d,False,0.02806756085444606,0.005099562894609111,0.02806756085444606,0.003947134725063917,-0.06474819003132681,0.003947134725063917,-0.014370069944878328,-0.017657475070126938,True,2.81,18,14.98,,,11.23,75.0,True
2025-10-23,1044.75,oil_driven,up,5d,False,0.033638387336136555,0.022010271460014774,0.033638387336136555,0.07535680299418557,0.004552147644850679,0.07535680299418557,0.0,0.009726039169928535,True,3.36,17,14.49,,,9.35,64.5,True
2025-10-27,1067.25,speculative_up,up,10d,False,0.03440755997092326,0.05904242123542547,0.05904242123542547,0.06589014056615494,0.030593371045121165,0.030593371045121165,-0.010524281837350213,0.014588319921669202,True,3.44,15,12.16,29.0,,5.38,44.2,True
2025-10-28,1078.25,speculative_up,up,10d,True,0.04608294930875578,0.07128663686040726,0.07128663686040726,0.04029750680305266,0.0247018866114721,0.0247018866114721,-0.007699964315824093,0.006810900742368231,True,4.61,14,12.27,28.0,,5.87,47.8,True
2025-10-29,1080.25,speculative_up,up,10d,True,0.04397197390674079,0.07327372081470451,0.07327372081470451,0.033846146021133894,0.03792687604446732,0.03792687604446732,0.0017974865815146845,-0.012598413371264994,True,4.4,13,11.84,27.0,,5.68,48.0,True
2025-10-30,1091.25,oil_driven,up,10d,True,0.044508255563531884,0.07964382883997034,0.07964382883997034,-0.01974431465652471,0.05412461990783379,0.05412461990783379,-0.023982650513506898,-0.023982650513506898,True,4.45,12,10.77,26.0,,3.06,28.4,True
2025-10-31,1099.75,oil_driven,up,10d,True,0.0556755459563234,0.07871505640019616,0.07871505640019616,-0.008455291996157244,0.05978447292274347,0.05978447292274347,-0.03162920505488742,-0.04791708804534478,True,5.57,11,11.09,25.0,,2.88,26.0,True
2025-11-03,1119.75,oil_driven,up,10d,True,0.049191848208011146,0.08529197964623214,0.08529197964623214,-0.004240778509323806,0.06136993656474177,0.06136993656474177,-0.018317910119962755,-0.028649409108539303,True,4.92,10,8.43,23.0,30.0,-0.42,-5.0,False
2025-11-04,1108.25,oil_driven,up,10d,True,0.0278228611175515,0.07518796992481214,0.07518796992481214,0.006816289892124239,0.04738847618347641,0.04738847618347641,-0.014524464118884861,-0.02211259057928705,True,2.78,9,7.33,20.0,27.0,-1.85,-25.3,False
2025-11-05,1119.75,speculative_up,up,10d,True,0.03656560981254331,0.08214544575984539,0.08214544575984539,-0.014550282321028951,0.01880339272001863,0.01880339272001863,-0.009370040313654071,-0.00758939625387145,True,3.66,8,7.13,19.0,26.0,-2.59,-36.4,False
2025-11-06,1091.75,speculative_up,up,10d,False,0.00045819014891179677,0.04498683895668831,0.04498683895668831,-0.018821188631206964,-0.038193891817187464,-0.038193891817187464,-0.006042357352223804,-0.029880096121074562,True,0.05,7,6.05,10.0,22.0,-3.85,-63.6,False
2025-11-07,1101.75,speculative_up,up,10d,False,0.001818595135258061,0.057595392368610554,0.057595392368610554,-0.020170540365196277,-0.028455284552845517,-0.028455284552845517,0.02054231704459708,-0.011736625168396464,True,0.18,6,5.23,9.0,20.0,-4.23,-80.9,False
2025-11-10,1116.0,speculative_up,up,10d,False,-0.0033489618218351946,0.04567814476458176,0.04567814476458176,-0.015069585265233276,-0.019246457001219963,-0.019246457001219963,0.014847545670169326,-0.0037423404568815988,True,-0.33,28,-6.3,,,-6.1,96.8,True
2025-11-13,1132.0,speculative_up,up,5d,False,0.03686741470116783,0.03734249713631166,0.03686741470116783,-0.012451651937857355,-0.03103848567917178,-0.012451651937857355,0.018237113550284567,0.01208456104091682,True,3.69,2,6.0,5.0,17.0,-3.87,-64.5,False
2025-11-17,1157.25,speculative_up,up,5d,False,0.03696236559139776,0.03348961821835239,0.03696236559139776,-0.003658759634045383,-0.018673208909008476,-0.003658759634045383,0.011071521121415406,0.026083451707073158,True,3.7,0,3.7,2.0,11.0,-7.66,-207.3,False
2025-11-18,1153.5,soyoil_driven,up,10d,False,0.03615540085335733,0.040830137604331185,0.040830137604331185,-0.004914797387957304,0.0029722638886062747,0.0029722638886062747,0.020939329291097986,0.05330101866975867,True,3.62,0,3.62,2.0,12.0,-7.52,-208.1,False
2025-11-24,1123.25,speculative_down,down,5d,False,-0.029379995679412407,0.006496415770609332,-0.029379995679412407,-0.017860118470196196,-0.021453532223723593,-0.017860118470196196,-0.018771980757335993,-0.007908294017366257,True,-2.94,26,-11.04,,,-9.53,86.3,True
2025-12-05,1105.25,speculative_down,down,5d,False,-0.028565150516369986,-0.015367483296213846,-0.028565150516369986,0.026131556173030424,0.015894529102257415,0.026131556173030424,-0.007727931301250268,0.013817622681560504,True,-2.86,25,-10.06,,,-6.44,64.0,True
2025-12-08,1093.75,speculative_down,down,5d,False,-0.030363475177304977,-0.02777777777777779,-0.030363475177304977,-0.007417374055505466,0.01412331511244913,-0.007417374055505466,-0.022281978809305936,0.01273384850216952,True,-3.04,24,-9.29,,,-5.67,61.1,True
2025-12-09,1087.25,speculative_down,down,5d,False,-0.0333407423871972,-0.03204985533051419,-0.0333407423871972,-0.006650740001837074,-0.010027194953396656,-0.006650740001837074,-0.03094553923789689,0.010960526777912705,True,-3.33,23,-9.02,,,-5.07,56.2,True
2025-12-12,1076.75,speculative_down,down,10d,False,-0.0257860212621579,-0.05361459019995607,-0.05361459019995607,-0.043941463446845686,-0.018958166094201534,-0.018958166094201534,-0.03173678054409346,-0.03921945218557621,True,-2.58,20,-7.42,25.0,,-2.74,36.9,True
2025-12-15,1071.75,speculative_down,down,10d,False,-0.02011428571428575,-0.0498670212765957,-0.0498670212765957,-0.03498643573236193,-0.04214430230717159,-0.04214430230717159,-0.027897877034848695,-0.04955823593923947,True,-2.01,19,-6.45,24.0,,-1.97,30.5,True
2025-12-16,1062.75,oil_collapse,down,10d,False,-0.022533915842722463,-0.05512336074683266,-0.05512336074683266,-0.051158790424657985,-0.057469286612572223,-0.057469286612572223,-0.04671789775814161,-0.07621772645785185,True,-2.25,18,-5.89,21.0,,-2.12,35.9,True
2025-12-17,1058.25,oil_collapse,down,10d,False,-0.030240549828178698,-0.05153484203450598,-0.05153484203450598,-0.04310640604223015,-0.05106025610304654,-0.05106025610304654,-0.04506988493669106,-0.055111939638784024,True,-3.02,17,-6.23,20.0,,-2.84,45.6,True
2025-12-18,1052.25,oil_collapse,down,10d,False,-0.037722908093278495,-0.0600714604734256,-0.0600714604734256,-0.02517355879607608,-0.05899106336655391,-0.05899106336655391,-0.048457292254618034,-0.0663690714139773,True,-3.77,16,-6.42,21.0,,-2.54,39.5,True
2025-12-19,1049.25,oil_collapse,down,10d,False,-0.025539818899465994,-0.0506672698484506,-0.0506672698484506,-0.013579366259493186,-0.056924132480215994,-0.056924132480215994,-0.03679867350095556,-0.06736758261983544,True,-2.55,15,-4.97,17.0,30.0,1.44,-29.0,False
2025-12-22,1053.25,speculative_down,down,10d,False,-0.01726148822020057,-0.03702857142857141,-0.03702857142857141,0.02094330575678227,-0.014775861596462492,-0.014775861596462492,-0.01879547925989633,-0.04616900232554133,True,-1.73,14,-4.53,16.0,24.0,3.78,-83.5,False
2026-01-02,1029.5,speculative_down,down,5d,False,-0.03174229955325647,-0.02716749350342551,-0.03174229955325647,-0.01765207894141907,0.02466930822297786,-0.01765207894141907,-0.003263305147779838,0.007213488681348412,True,-3.17,7,-3.76,9.0,12.0,6.65,-176.9,False
2026-01-21,1064.5,soyoil_driven,up,5d,False,0.04031272904959682,0.021593090211132537,0.04031272904959682,-0.008667253978233203,0.061088706433043205,-0.008667253978233203,0.06360771208905969,0.10224486370475927,True,4.03,30,13.73,,,13.73,100.0,True
2026-01-22,1064.0,soyoil_driven,up,5d,False,0.032508491023774955,0.010686297791498545,0.032508491023774955,-0.04288938774232354,0.06018929864009692,-0.04288938774232354,0.05949567686416857,0.1015976877402256,True,3.25,30,14.99,,,14.99,100.0,True
2026-01-28,1075.0,soyoil_driven,up,10d,False,0.009863785814936632,0.05057415098949436,0.05057415098949436,0.042725176480093996,0.03368761254604302,0.03368761254604302,0.005554583615645203,0.06951561006010354,True,0.99,30,13.95,,,13.95,100.0,True
2026-01-29,1072.25,oil_driven,up,10d,False,0.007753759398496207,0.04051431344007761,0.04051431344007761,0.10208890660855174,0.05482098816650405,0.05482098816650405,0.0046485683464954075,0.06442081493088803,True,0.78,29,14.0,,,13.82,98.7,True
2026-02-05,1112.25,oil_driven,up,10d,False,0.0373047330380043,0.045347744360902276,0.045347744360902276,-0.03255880943190048,0.0662062039212723,0.0662062039212723,0.029983394099256877,0.034771342302482466,True,3.73,24,13.13,,,8.3,63.2,True
2026-02-06,1115.25,soyoil_driven,up,5d,True,0.047921071176885155,0.04448606883633799,0.047921071176885155,-0.025456216388866304,0.040609129763046425,-0.025456216388866304,0.034012400796302966,0.024819413056664796,True,4.79,23,13.98,,,9.33,66.7,True
2026-02-09,1110.75,oil_driven,up,5d,True,0.047630275878330686,0.04615022368730859,0.047630275878330686,0.035725800490962634,0.06152069068984245,0.035725800490962634,0.06560146266390188,0.051957678025106535,True,4.76,22,14.41,,,8.94,62.0,True
2026-02-10,1122.5,soyoil_driven,up,5d,True,0.053248885761201015,0.05176856406652619,0.053248885761201015,0.01186521137261387,0.025164284503658818,0.01186521137261387,0.05101851153723613,0.052563878301271405,True,5.32,21,13.82,,,9.95,72.0,True
2026-02-11,1124.0,soyoil_driven,up,10d,False,0.02906843671320658,0.04558139534883732,0.04558139534883732,-0.007829323626176055,0.022464771231014424,0.022464771231014424,0.024973039767499428,0.050451073365596066,True,2.91,20,11.06,,,7.46,67.5,True
2026-02-12,1137.25,soyoil_driven,up,10d,False,0.022476961114857197,0.06062019118675677,0.06062019118675677,-0.007110139934111692,-0.03943745167486323,-0.03943745167486323,0.03396225225204219,0.06496394994507049,True,2.25,19,9.06,21.0,,4.23,46.7,True
2026-02-13,1133.0,soyoil_driven,up,10d,False,0.01591571396547864,0.06459948320413433,0.06459948320413433,-0.010385520933684278,-0.035577361254351514,-0.035577361254351514,0.031628410303391474,0.06671656926748337,True,1.59,18,8.76,20.0,,3.99,45.5,True
2026-02-17,1134.0,soyoil_driven,up,10d,True,0.020931802835921776,0.06955906625795794,0.06955906625795794,-0.03154131075272815,0.0030576511630591163,0.0030576511630591163,0.01058391785770274,0.0768797010137845,True,2.09,17,9.21,19.0,,5.42,58.9,True
2026-02-18,1133.5,soyoil_driven,up,10d,False,0.009799554565701474,0.06357025568848229,0.06357025568848229,0.019230821990930957,0.03132421113133632,0.03132421113133632,0.02304871109260276,0.07524313356263512,True,0.98,16,8.06,18.0,,4.1,50.8,True
2026-02-19,1141.0,soyoil_driven,up,10d,False,0.015124555160142439,0.0446326390478371,0.0446326390478371,0.027850891664127575,0.019803514393835542,0.019803514393835542,0.046099931696524044,0.07222422689155983,True,1.51,15,7.92,17.0,,3.51,44.4,True
2026-03-06,1185.0,oil_driven,up,10d,False,0.023979261179520428,0.04175824175824183,0.04175824175824183,0.356311639494584,0.3691821413098564,0.3691821413098564,0.08027407563146038,0.12372710695991929,True,2.4,4,4.82,6.0,6.0,0.73,15.2,True
2026-03-09,1180.5,oil_driven,up,10d,False,0.026521739130434874,0.040775843068106665,0.040775843068106665,0.3304786210408259,0.4291962016636246,0.4291962016636246,0.057584074899377224,0.10708874685491399,True,2.65,3,5.48,5.0,,2.13,38.9,True
2026-03-10,1187.25,oil_driven,up,10d,False,0.027255029201816994,0.04190434401053089,0.04190434401053089,0.11923282833616167,0.2715221764525697,0.2715221764525697,0.049140859977454765,0.08828924137152683,True,2.73,2,4.95,4.0,4.0,0.76,15.3,True
2026-03-11,1200.5,oil_driven,up,10d,False,0.039844088349935136,0.0455040278684955,0.0455040278684955,0.1686310704573426,0.3336900403861114,0.3336900403861114,0.06324301266154198,0.11317629770136306,True,3.98,1,5.07,3.0,,0.45,9.0,True
2026-03-12,1213.0,oil_driven,up,10d,False,0.04232008592910841,0.05685035939882388,0.05685035939882388,0.181705972503855,0.4680264484120833,0.4680264484120833,0.03092462725817291,0.09871096968495174,True,4.23,0,4.23,2.0,2.0,0.0,0.0,False
2026-03-13,1211.0,oil_driven,up,10d,False,0.021940928270042237,0.04644631669907118,0.04644631669907118,0.08591856355877248,0.47284398729800237,0.47284398729800237,0.017066867075111736,0.09871096968495174,True,2.19,0,2.19,1.0,1.0,-0.65,-29.8,False
2026-03-18,1161.75,speculative_down,down,5d,False,-0.032278217409412724,0.0062797747942833215,-0.032278217409412724,0.10395415123007701,0.2901151214878319,0.10395415123007701,-0.02310678308658365,0.03867488699964605,True,-3.23,4,-3.79,29.0,,-1.54,40.7,True
2026-03-19,1168.5,speculative_down,down,5d,False,-0.03668590272052763,0.004081632653061273,-0.03668590272052763,0.004282837337695966,0.18676702696507297,0.004282837337695966,-0.028660421454393403,0.0013778929532402007,True,-3.67,3,-4.78,30.0,,-2.08,43.5,True
2026-03-20,1161.25,speculative_down,down,5d,False,-0.04108175061932284,-0.020042194092827037,-0.04108175061932284,-0.003950961333863301,0.08162814130242735,-0.003950961333863301,-0.02717544254795956,-0.010572375138521162,True,-4.11,2,-4.62,29.0,,-0.29,6.2,True
2026-03-27,1159.25,speculative_down,down,10d,False,-0.0017222820236814096,-0.04273327828241125,-0.04273327828241125,0.013425546164782087,0.00942154101713566,0.00942154101713566,0.029003227963995126,0.0010396098607947657,True,-0.17,11,-0.28,12.0,12.0,3.32,-1184.6,False
2026-05-13,1215.25,oil_driven,up,5d,False,0.030746395250212055,0.02791287798688935,0.030746395250212055,0.06247365058497123,-0.054827851430957475,0.06247365058497123,-0.016337733173426128,-0.0006638616914624862,True,3.07,0,3.07,1.0,1.0,-4.47,-145.5,False
