Date,expected_return,signal,confidence,expected_vol
2016-10-05,0.44334375858306885,BUY,0.8866875171661377,0.14402854442596436
2016-10-06,0.43931323289871216,BUY,0.8786264657974243,0.14402854442596436
2016-10-07,0.43521130084991455,BUY,0.8704226016998291,0.14402854442596436
2016-10-11,0.43521130084991455,BUY,0.8704226016998291,0.14402854442596436
2016-10-12,0.43521130084991455,BUY,0.8704226016998291,0.14402854442596436
2016-10-13,0.42912232875823975,BUY,0.8582446575164795,0.14402854442596436
2016-10-14,0.4366472363471985,BUY,0.873294472694397,0.14402854442596436
2016-10-17,0.44609421491622925,BUY,0.8921884298324585,0.14402854442596436
2016-10-18,0.4493566155433655,BUY,0.898713231086731,0.14402854442596436
2016-10-19,0.4377043843269348,BUY,0.8754087686538696,0.14402854442596436
2016-10-20,0.44446468353271484,BUY,0.8889293670654297,0.14916665852069855
2016-10-21,0.44069552421569824,BUY,0.8813910484313965,0.14916665852069855
2016-10-24,0.3313104510307312,BUY,0.6626209020614624,0.14916665852069855
2016-10-25,0.38107043504714966,BUY,0.7621408700942993,0.14916665852069855
2016-10-26,0.2819374203681946,BUY,0.5638748407363892,0.14916665852069855
2016-10-27,0.1686885952949524,BUY,0.3373771905899048,0.14916665852069855
2016-10-28,0.18226492404937744,BUY,0.3645298480987549,0.1665276437997818
2016-10-31,0.19276922941207886,BUY,0.3855384588241577,0.15688185393810272
2016-11-01,0.22644883394241333,BUY,0.45289766788482666,0.1766921877861023
2016-11-02,0.3819410800933838,BUY,0.7638821601867676,0.17582735419273376
2016-11-03,0.4049990177154541,BUY,0.8099980354309082,0.17582735419273376
2016-11-04,0.3700113892555237,BUY,0.7400227785110474,0.17243477702140808
2016-11-07,0.1246832013130188,BUY,0.2493664026260376,0.17243477702140808
2016-11-08,0.20454782247543335,BUY,0.4090956449508667,0.1766921877861023
2016-11-09,0.22759592533111572,BUY,0.45519185066223145,0.17582735419273376
2016-11-10,0.11651462316513062,BUY,0.23302924633026123,0.1766921877861023
2016-11-14,0.09436953067779541,BUY,0.18873906135559082,0.1766921877861023
2016-11-15,0.03367006778717041,HOLD,0.06734013557434082,0.19887244701385498
2016-11-16,0.004241645336151123,HOLD,0.008483290672302246,0.18433699011802673
2016-11-17,0.0539853572845459,HOLD,0.1079707145690918,0.1810230016708374
2016-11-18,-0.05767717957496643,HOLD,0.11535435914993286,0.18288639187812805
2016-11-21,-0.15182188153266907,HOLD,0.30364376306533813,0.21315602958202362
2016-11-22,-0.19067871570587158,HOLD,0.38135743141174316,0.21438272297382355
2016-11-23,-0.1836620271205902,HOLD,0.3673240542411804,0.2117941975593567
2016-11-25,-0.17985475063323975,HOLD,0.3597095012664795,0.18288639187812805
2016-11-28,-0.17466619610786438,HOLD,0.34933239221572876,0.18288639187812805
2016-11-29,-0.17429408431053162,HOLD,0.34858816862106323,0.1799037903547287
2016-11-30,-0.07968181371688843,HOLD,0.15936362743377686,0.1811441034078598
2016-12-01,-0.04560798406600952,HOLD,0.09121596813201904,0.1811441034078598
2016-12-02,-0.06412851810455322,HOLD,0.12825703620910645,0.17991741001605988
2016-12-05,-0.10521957278251648,HOLD,0.21043914556503296,0.18213045597076416
2016-12-06,-0.15747728943824768,HOLD,0.31495457887649536,0.16133376955986023
2016-12-07,-0.132767915725708,HOLD,0.265535831451416,0.15225674211978912
2016-12-08,-0.14756116271018982,HOLD,0.29512232542037964,0.18331611156463623
2016-12-09,-0.15207326412200928,HOLD,0.30414652824401855,0.18076862394809723
2016-12-12,-0.23723360896110535,HOLD,0.4744672179222107,0.17894956469535828
2016-12-13,-0.2303745448589325,HOLD,0.460749089717865,0.16867265105247498
2016-12-14,-0.2307785451412201,HOLD,0.4615570902824402,0.16704759001731873
2016-12-15,-0.231364905834198,HOLD,0.462729811668396,0.16483454406261444
2016-12-16,-0.26527491211891174,HOLD,0.5305498242378235,0.1664596050977707
2016-12-19,-0.20806854963302612,HOLD,0.41613709926605225,0.16606123745441437
2016-12-20,-0.19150057435035706,HOLD,0.3830011487007141,0.17413614690303802
2016-12-21,-0.17518961429595947,HOLD,0.35037922859191895,0.1737745702266693
2016-12-22,-0.16240569949150085,HOLD,0.3248113989830017,0.16095829010009766
2016-12-23,-0.16447940468788147,HOLD,0.32895880937576294,0.14987121522426605
2016-12-27,-0.17030346393585205,HOLD,0.3406069278717041,0.19096091389656067
2016-12-28,-0.22278892993927002,HOLD,0.44557785987854004,0.1897752583026886
2016-12-29,-0.17439690232276917,HOLD,0.34879380464553833,0.18756221234798431
2016-12-30,0.010975658893585205,HOLD,0.02195131778717041,0.18756221234798431
2017-01-03,-0.009534955024719238,HOLD,0.019069910049438477,0.1811441034078598
2017-01-04,-0.11912181973457336,HOLD,0.23824363946914673,0.2028479427099228
2017-01-05,0.05454045534133911,HOLD,0.10908091068267822,0.18850819766521454
2017-01-06,0.09632575511932373,BUY,0.19265151023864746,0.20073583722114563
2017-01-09,-0.1509077250957489,HOLD,0.3018154501914978,0.20073583722114563
2017-01-10,-0.1712125539779663,HOLD,0.3424251079559326,0.20792479813098907
2017-01-11,-0.10529312491416931,HOLD,0.21058624982833862,0.17769074440002441
2017-01-12,-0.4069706052541733,HOLD,0.8139412105083466,0.21385739743709564
2017-01-13,-0.38357845693826675,HOLD,0.7671569138765335,0.21385739743709564
2017-01-17,-0.33070845901966095,HOLD,0.6614169180393219,0.21855293214321136
2017-01-18,-0.3109007626771927,HOLD,0.6218015253543854,0.21468353271484375
2017-01-19,-0.31740519404411316,HOLD,0.6348103880882263,0.21468353271484375
2017-01-20,-0.1998283863067627,HOLD,0.3996567726135254,0.21468353271484375
2017-01-23,-0.2669600695371628,HOLD,0.5339201390743256,0.19096091389656067
2017-01-24,-0.33586500585079193,HOLD,0.6717300117015839,0.19096091389656067
2017-01-25,-0.34577594697475433,HOLD,0.6915518939495087,0.19326873123645782
2017-01-26,-0.3462759107351303,HOLD,0.6925518214702606,0.19326873123645782
2017-01-27,-0.35880613327026367,HOLD,0.7176122665405273,0.1682332456111908
2017-01-30,-0.3627711981534958,HOLD,0.7255423963069916,0.18959908187389374
2017-01-31,-0.36870233714580536,HOLD,0.7374046742916107,0.15442875027656555
2017-02-01,-0.31927382946014404,HOLD,0.6385476589202881,0.16214394569396973
2017-02-02,-0.3258519768714905,HOLD,0.651703953742981,0.16214394569396973
2017-02-03,-0.3192712664604187,HOLD,0.6385425329208374,0.1682332456111908
2017-02-06,-0.3447960317134857,HOLD,0.6895920634269714,0.1717897355556488
2017-02-07,-0.3287166953086853,HOLD,0.6574333906173706,0.17905870079994202
2017-02-08,-0.3742590695619583,HOLD,0.7485181391239166,0.1819542795419693
2017-02-09,-0.32051943242549896,HOLD,0.6410388648509979,0.1819542795419693
2017-02-10,-0.29845936596393585,HOLD,0.5969187319278717,0.1862850934267044
2017-02-13,-0.3156065046787262,HOLD,0.6312130093574524,0.15442875027656555
2017-02-14,-0.32797279953956604,HOLD,0.6559455990791321,0.16214394569396973
2017-02-15,-0.3322058320045471,HOLD,0.6644116640090942,0.1682332456111908
2017-02-16,-0.3237614780664444,HOLD,0.6475229561328888,0.1819542795419693
2017-02-17,-0.27025169134140015,HOLD,0.5405033826828003,0.1819542795419693
2017-02-21,-0.2586849331855774,HOLD,0.5173698663711548,0.18076862394809723
2017-02-22,-0.2521975636482239,HOLD,0.5043951272964478,0.1799037903547287
2017-02-23,-0.3191987872123718,HOLD,0.6383975744247437,0.16095829010009766
2017-02-24,-0.3071926534175873,HOLD,0.6143853068351746,0.16704759001731873
2017-02-27,-0.1877935230731964,HOLD,0.3755870461463928,0.1510300487279892
2017-02-28,-0.16847437620162964,HOLD,0.3369487524032593,0.17156152427196503
2017-03-01,-0.13234931230545044,HOLD,0.2646986246109009,0.1766921877861023
2017-03-02,-0.13024786114692688,HOLD,0.26049572229385376,0.1771068423986435
2017-03-03,-0.12112125754356384,HOLD,0.24224251508712769,0.16425064206123352
2017-03-06,-0.09766972064971924,HOLD,0.19533944129943848,0.15816134214401245
2017-03-07,-0.10129889845848083,HOLD,0.20259779691696167,0.16483454406261444
2017-03-08,-0.12424728274345398,HOLD,0.24849456548690796,0.16619637608528137
2017-03-09,-0.057024240493774414,HOLD,0.11404848098754883,0.16619637608528137
2017-03-10,-0.12405654788017273,HOLD,0.24811309576034546,0.16483454406261444
2017-03-13,0.1413102149963379,BUY,0.2826204299926758,0.16483454406261444
2017-03-14,0.227556049823761,BUY,0.455112099647522,0.14916665852069855
2017-03-15,0.2121371030807495,BUY,0.424274206161499,0.14402854442596436
2017-03-16,0.23347598314285278,BUY,0.46695196628570557,0.14402854442596436
2017-03-17,0.24821650981903076,BUY,0.4964330196380615,0.14402854442596436
2017-03-20,0.3175986409187317,BUY,0.6351972818374634,0.14402854442596436
2017-03-21,0.30805420875549316,BUY,0.6161084175109863,0.14402854442596436
2017-03-22,0.360586941242218,BUY,0.721173882484436,0.14402854442596436
2017-03-23,0.3908349871635437,BUY,0.7816699743270874,0.14402854442596436
2017-03-24,0.40578365325927734,BUY,0.8115673065185547,0.14402854442596436
2017-03-27,0.450439453125,BUY,0.90087890625,0.14402854442596436
2017-03-28,0.4615780711174011,BUY,0.9231561422348022,0.14402854442596436
2017-03-29,0.45627152919769287,BUY,0.9125430583953857,0.14402854442596436
2017-03-30,0.4675126075744629,BUY,0.9350252151489258,0.14402854442596436
2017-03-31,0.4714430570602417,BUY,0.9428861141204834,0.14402854442596436
2017-04-03,0.4624204635620117,BUY,0.9248409271240234,0.14402854442596436
2017-04-04,0.46083277463912964,BUY,0.9216655492782593,0.14402854442596436
2017-04-05,0.46083277463912964,BUY,0.9216655492782593,0.14402854442596436
2017-04-06,0.459564745426178,BUY,0.919129490852356,0.14402854442596436
2017-04-07,0.46160244941711426,BUY,0.9232048988342285,0.14402854442596436
2017-04-10,0.46098148822784424,BUY,0.9219629764556885,0.14402854442596436
2017-04-11,0.4530656933784485,BUY,0.906131386756897,0.14402854442596436
2017-04-12,0.4571723937988281,BUY,0.9143447875976562,0.14402854442596436
2017-04-13,0.45464080572128296,BUY,0.9092816114425659,0.14916665852069855
2017-04-17,0.46419793367385864,BUY,0.9283958673477173,0.14402854442596436
2017-04-18,0.46574515104293823,BUY,0.9314903020858765,0.14402854442596436
2017-04-19,0.45434755086898804,BUY,0.9086951017379761,0.14402854442596436
2017-04-20,0.45286035537719727,BUY,0.9057207107543945,0.14402854442596436
2017-04-21,0.43939799070358276,BUY,0.8787959814071655,0.14402854442596436
2017-04-24,0.4250941872596741,BUY,0.8501883745193481,0.14402854442596436
2017-04-25,0.4293597340583801,BUY,0.8587194681167603,0.14402854442596436
2017-04-26,0.45061951875686646,BUY,0.9012390375137329,0.14402854442596436
2017-04-27,0.4451441764831543,BUY,0.8902883529663086,0.14402854442596436
2017-04-28,0.4400392770767212,BUY,0.8800785541534424,0.14402854442596436
2017-05-01,0.44092077016830444,BUY,0.8818415403366089,0.1480078250169754
2017-05-02,0.4355424642562866,BUY,0.8710849285125732,0.14402854442596436
2017-05-03,0.4423404335975647,BUY,0.8846808671951294,0.14402854442596436
2017-05-04,0.4659714102745056,BUY,0.9319428205490112,0.14402854442596436
2017-05-05,0.4698336124420166,BUY,0.9396672248840332,0.14402854442596436
2017-05-08,0.45478856563568115,BUY,0.9095771312713623,0.14402854442596436
2017-05-09,0.46092188358306885,BUY,0.9218437671661377,0.14402854442596436
2017-05-10,0.46163177490234375,BUY,0.9232635498046875,0.14402854442596436
2017-05-11,0.46124178171157837,BUY,0.9224835634231567,0.14402854442596436
2017-05-12,0.46066296100616455,BUY,0.9213259220123291,0.14402854442596436
2017-05-15,0.4611237049102783,BUY,0.9222474098205566,0.14402854442596436
2017-05-16,0.46124178171157837,BUY,0.9224835634231567,0.14402854442596436
2017-05-17,0.4591193199157715,BUY,0.918238639831543,0.14402854442596436
2017-05-18,0.4647396206855774,BUY,0.9294792413711548,0.18433699011802673
2017-05-19,0.46290743350982666,BUY,0.9258148670196533,0.1866448074579239
2017-05-22,0.4674144983291626,BUY,0.9348289966583252,0.1866448074579239
2017-05-23,0.46567243337631226,BUY,0.9313448667526245,0.18569092452526093
2017-05-24,0.4493475556373596,BUY,0.8986951112747192,0.18569092452526093
2017-05-25,0.4482443928718567,BUY,0.8964887857437134,0.1866448074579239
2017-05-26,0.43690699338912964,BUY,0.8738139867782593,0.19169916212558746
2017-05-30,0.3291715383529663,BUY,0.6583430767059326,0.1866448074579239
2017-05-31,0.3291715383529663,BUY,0.6583430767059326,0.1766921877861023
2017-06-01,0.3428763747215271,BUY,0.6857527494430542,0.1766921877861023
2017-06-02,0.32792913913726807,BUY,0.6558582782745361,0.14916665852069855
2017-06-05,0.3215603232383728,BUY,0.6431206464767456,0.14916665852069855
2017-06-06,0.3308333158493042,BUY,0.6616666316986084,0.1480078250169754
2017-06-07,0.3382072448730469,BUY,0.6764144897460938,0.14916665852069855
2017-06-08,0.3449862003326416,BUY,0.6899724006652832,0.14916665852069855
2017-06-09,0.32879841327667236,BUY,0.6575968265533447,0.14916665852069855
2017-06-12,0.32879841327667236,BUY,0.6575968265533447,0.14916665852069855
2017-06-13,0.32879841327667236,BUY,0.6575968265533447,0.14402854442596436
2017-06-14,0.33630162477493286,BUY,0.6726032495498657,0.14402854442596436
2017-06-15,0.34791630506515503,BUY,0.6958326101303101,0.14402854442596436
2017-06-16,0.3571438789367676,BUY,0.7142877578735352,0.14402854442596436
2017-06-19,0.3382664918899536,BUY,0.6765329837799072,0.14402854442596436
2017-06-20,0.32896822690963745,BUY,0.6579364538192749,0.14402854442596436
2017-06-21,0.3336220979690552,BUY,0.6672441959381104,0.14402854442596436
2017-06-22,0.30923205614089966,BUY,0.6184641122817993,0.14402854442596436
2017-06-23,0.3505898118019104,BUY,0.7011796236038208,0.14402854442596436
2017-06-26,0.36087119579315186,BUY,0.7217423915863037,0.14402854442596436
2017-06-27,0.36087119579315186,BUY,0.7217423915863037,0.14402854442596436
2017-06-28,0.414359986782074,BUY,0.828719973564148,0.14402854442596436
2017-06-29,0.43444716930389404,BUY,0.8688943386077881,0.14402854442596436
2017-06-30,0.4344410300254822,BUY,0.8688820600509644,0.1810230016708374
2017-07-03,0.35328584909439087,BUY,0.7065716981887817,0.2072334736585617
2017-07-05,0.31830650568008423,BUY,0.6366130113601685,0.20081107318401337
2017-07-06,0.34103822708129883,BUY,0.6820764541625977,0.18561647832393646
2017-07-07,0.23085248470306396,BUY,0.46170496940612793,0.16619637608528137
2017-07-10,-0.016313225030899048,HOLD,0.032626450061798096,0.16839103400707245
2017-07-11,0.15130865573883057,BUY,0.30261731147766113,0.1664596050977707
2017-07-12,0.18594235181808472,BUY,0.37188470363616943,0.17855557799339294
2017-07-13,0.404507040977478,BUY,0.809014081954956,0.2901783585548401
2017-07-14,0.3583528995513916,BUY,0.7167057991027832,0.2901783585548401
2017-07-17,0.3786659240722656,BUY,0.7573318481445312,0.28221696615219116
2017-07-18,0.3724919557571411,BUY,0.7449839115142822,0.2626432776451111
2017-07-19,0.35152530670166016,BUY,0.7030506134033203,0.2626432776451111
2017-07-20,0.15269964933395386,BUY,0.3053992986679077,0.2603187561035156
2017-07-21,0.20829594135284424,BUY,0.4165918827056885,0.2626432776451111
2017-07-24,0.0983579158782959,BUY,0.1967158317565918,0.24185770750045776
2017-07-25,0.270366907119751,BUY,0.540733814239502,0.2438673973083496
2017-07-26,0.261946439743042,BUY,0.523892879486084,0.25077176094055176
2017-07-27,0.15803194046020508,BUY,0.31606388092041016,0.18039444088935852
2017-07-28,0.04523974657058716,HOLD,0.09047949314117432,0.17282643914222717
2017-07-31,0.10531038045883179,BUY,0.21062076091766357,0.18039444088935852
2017-08-01,0.3765720725059509,BUY,0.7531441450119019,0.2377578765153885
2017-08-02,0.424862265586853,BUY,0.849724531173706,0.2377578765153885
2017-08-03,0.3996250629425049,BUY,0.7992501258850098,0.22669951617717743
2017-08-04,0.39775824546813965,BUY,0.7955164909362793,0.23388847708702087
2017-08-07,0.26452815532684326,BUY,0.5290563106536865,0.2377578765153885
2017-08-08,0.22432148456573486,BUY,0.4486429691314697,0.23506054282188416
2017-08-09,0.2265504002571106,BUY,0.4531008005142212,0.22669951617717743
2017-08-10,0.21494871377944946,BUY,0.4298974275588989,0.25248682498931885
2017-08-11,0.21494871377944946,BUY,0.4298974275588989,0.2554229199886322
2017-08-14,0.12303203344345093,BUY,0.24606406688690186,0.24990558624267578
2017-08-15,0.1365882158279419,BUY,0.2731764316558838,0.21211598813533783
2017-08-16,0.16227996349334717,BUY,0.32455992698669434,0.21211598813533783
2017-08-17,0.29858213663101196,BUY,0.5971642732620239,0.21116210520267487
2017-08-18,0.3049941062927246,BUY,0.6099882125854492,0.21211598813533783
2017-08-21,0.3263978362083435,BUY,0.652795672416687,0.19844628870487213
2017-08-22,0.3399176597595215,BUY,0.679835319519043,0.19844628870487213
2017-08-23,0.3416058421134949,BUY,0.6832116842269897,0.19844628870487213
2017-08-24,0.2900152802467346,BUY,0.5800305604934692,0.14929063618183136
2017-08-25,0.29786747694015503,BUY,0.5957349538803101,0.1481049805879593
2017-08-28,0.325447678565979,BUY,0.650895357131958,0.1481049805879593
2017-08-29,0.316836416721344,BUY,0.633672833442688,0.1481049805879593
2017-08-30,0.2892243266105652,BUY,0.5784486532211304,0.14711862802505493
2017-08-31,0.3166855573654175,BUY,0.633371114730835,0.1481049805879593
2017-09-01,0.28393787145614624,BUY,0.5678757429122925,0.1481049805879593
2017-09-05,0.24119341373443604,BUY,0.48238682746887207,0.15442875027656555
2017-09-06,0.21200031042099,BUY,0.42400062084198,0.15579058229923248
2017-09-07,0.1985492706298828,BUY,0.3970985412597656,0.1546049267053604
2017-09-08,0.23118740320205688,BUY,0.46237480640411377,0.1623201221227646
2017-09-11,0.22518813610076904,BUY,0.4503762722015381,0.16095829010009766
2017-09-12,0.22590935230255127,BUY,0.45181870460510254,0.16840942203998566
2017-09-13,0.20534968376159668,BUY,0.41069936752319336,0.16425064206123352
2017-09-14,0.10551977157592773,BUY,0.21103954315185547,0.16619637608528137
2017-09-15,0.1226685643196106,BUY,0.2453371286392212,0.15688185393810272
2017-09-18,0.2824605703353882,BUY,0.5649211406707764,0.15688185393810272
2017-09-19,0.2968077063560486,BUY,0.5936154127120972,0.14402854442596436
2017-09-20,0.31202536821365356,BUY,0.6240507364273071,0.14402854442596436
2017-09-21,0.25609636306762695,BUY,0.5121927261352539,0.14402854442596436
2017-09-22,0.1543034315109253,BUY,0.3086068630218506,0.1480078250169754
2017-09-25,0.17301326990127563,BUY,0.34602653980255127,0.15688185393810272
2017-09-26,0.3381962180137634,BUY,0.6763924360275269,0.14916665852069855
2017-09-27,0.3735477924346924,BUY,0.7470955848693848,0.14916665852069855
2017-09-28,0.4112433195114136,BUY,0.8224866390228271,0.14402854442596436
2017-09-29,0.38023245334625244,BUY,0.7604649066925049,0.14916665852069855
2017-10-02,0.3582170009613037,BUY,0.7164340019226074,0.14916665852069855
2017-10-03,0.35426533222198486,BUY,0.7085306644439697,0.14916665852069855
2017-10-04,0.3918823003768921,BUY,0.7837646007537842,0.14916665852069855
2017-10-05,0.3848833441734314,BUY,0.7697666883468628,0.15688185393810272
2017-10-06,0.3977750539779663,BUY,0.7955501079559326,0.14916665852069855
2017-10-09,0.40337157249450684,BUY,0.8067431449890137,0.14402854442596436
2017-10-10,0.39746832847595215,BUY,0.7949366569519043,0.14402854442596436
2017-10-11,0.40485239028930664,BUY,0.8097047805786133,0.14402854442596436
2017-10-12,0.19376462697982788,BUY,0.38752925395965576,0.17243477702140808
2017-10-13,0.2015252709388733,BUY,0.4030505418777466,0.17243477702140808
2017-10-16,0.29986679553985596,BUY,0.5997335910797119,0.1665276437997818
2017-10-17,0.38323265314102173,BUY,0.7664653062820435,0.17243477702140808
2017-10-18,0.3866119384765625,BUY,0.773223876953125,0.17243477702140808
2017-10-19,0.3730018734931946,BUY,0.7460037469863892,0.1665276437997818
2017-10-20,0.4062514901161194,BUY,0.8125029802322388,0.17368747293949127
2017-10-23,0.4266934394836426,BUY,0.8533868789672852,0.17243477702140808
2017-10-24,0.41503530740737915,BUY,0.8300706148147583,0.17243477702140808
2017-10-25,0.4459671974182129,BUY,0.8919343948364258,0.17243477702140808
2017-10-26,0.4226260185241699,BUY,0.8452520370483398,0.14402854442596436
2017-10-27,0.4292926788330078,BUY,0.8585853576660156,0.14402854442596436
2017-10-30,0.43265730142593384,BUY,0.8653146028518677,0.14402854442596436
2017-10-31,0.4292371869087219,BUY,0.8584743738174438,0.14402854442596436
2017-11-01,0.4217127561569214,BUY,0.8434255123138428,0.14402854442596436
2017-11-02,0.36614739894866943,BUY,0.7322947978973389,0.14402854442596436
2017-11-03,0.3467690944671631,BUY,0.6935381889343262,0.14402854442596436
2017-11-06,0.280168354511261,BUY,0.560336709022522,0.14402854442596436
2017-11-07,0.2048894762992859,BUY,0.4097789525985718,0.14402854442596436
2017-11-08,0.2048894762992859,BUY,0.4097789525985718,0.14402854442596436
2017-11-09,0.15369677543640137,BUY,0.30739355087280273,0.14402854442596436
2017-11-10,0.3159152865409851,BUY,0.6318305730819702,0.14402854442596436
2017-11-13,0.39135557413101196,BUY,0.7827111482620239,0.14916665852069855
2017-11-14,0.4026753306388855,BUY,0.805350661277771,0.14916665852069855
2017-11-15,0.17374998331069946,BUY,0.3474999666213989,0.1665276437997818
2017-11-16,0.13495105504989624,BUY,0.2699021100997925,0.1629711538553238
2017-11-17,-0.09381881356239319,HOLD,0.18763762712478638,0.1766921877861023
2017-11-20,-0.1867455244064331,HOLD,0.3734910488128662,0.17582735419273376
2017-11-21,-0.16144776344299316,HOLD,0.32289552688598633,0.17582735419273376
2017-11-22,-0.201381653547287,HOLD,0.402763307094574,0.1766921877861023
2017-11-24,-0.03737911581993103,HOLD,0.07475823163986206,0.1665276437997818
2017-11-27,-0.05030199885368347,HOLD,0.10060399770736694,0.1665276437997818
2017-11-28,-0.07209083437919617,HOLD,0.14418166875839233,0.14916665852069855
2017-11-29,0.01305609941482544,HOLD,0.02611219882965088,0.14916665852069855
2017-11-30,0.19920247793197632,BUY,0.39840495586395264,0.14402854442596436
2017-12-01,0.11542612314224243,BUY,0.23085224628448486,0.14402854442596436
2017-12-04,0.13198721408843994,BUY,0.2639744281768799,0.14402854442596436
2017-12-05,0.12419325113296509,BUY,0.24838650226593018,0.14402854442596436
2017-12-06,0.06525540351867676,HOLD,0.13051080703735352,0.14402854442596436
2017-12-07,0.12546277046203613,BUY,0.25092554092407227,0.14402854442596436
2017-12-08,0.20693689584732056,BUY,0.4138737916946411,0.14402854442596436
2017-12-11,0.11376911401748657,BUY,0.22753822803497314,0.14402854442596436
2017-12-12,0.25083285570144653,BUY,0.5016657114028931,0.14402854442596436
2017-12-13,0.3480963110923767,BUY,0.6961926221847534,0.14402854442596436
2017-12-14,0.2875903844833374,BUY,0.5751807689666748,0.1480078250169754
2017-12-15,0.3966107964515686,BUY,0.7932215929031372,0.14402854442596436
2017-12-18,0.3288354277610779,BUY,0.6576708555221558,0.14402854442596436
2017-12-19,0.33477532863616943,BUY,0.6695506572723389,0.14402854442596436
2017-12-20,0.3292906880378723,BUY,0.6585813760757446,0.14402854442596436
2017-12-21,0.4196445941925049,BUY,0.8392891883850098,0.14402854442596436
2017-12-22,0.3997175097465515,BUY,0.799435019493103,0.14402854442596436
2017-12-26,0.40113961696624756,BUY,0.8022792339324951,0.14402854442596436
2017-12-27,0.3863561153411865,BUY,0.772712230682373,0.14402854442596436
2017-12-28,0.3945692181587219,BUY,0.7891384363174438,0.14402854442596436
2017-12-29,0.39425814151763916,BUY,0.7885162830352783,0.14402854442596436
2018-01-02,0.36548155546188354,BUY,0.7309631109237671,0.14402854442596436
2018-01-03,0.44225364923477173,BUY,0.8845072984695435,0.14402854442596436
2018-01-04,0.44256913661956787,BUY,0.8851382732391357,0.14402854442596436
2018-01-05,0.44364553689956665,BUY,0.8872910737991333,0.14402854442596436
2018-01-08,0.4414985179901123,BUY,0.8829970359802246,0.14402854442596436
2018-01-09,0.4366908669471741,BUY,0.8733817338943481,0.14402854442596436
2018-01-10,0.44346123933792114,BUY,0.8869224786758423,0.14402854442596436
2018-01-11,0.4404003620147705,BUY,0.880800724029541,0.14402854442596436
2018-01-12,0.42492908239364624,BUY,0.8498581647872925,0.14402854442596436
2018-01-16,0.4096097946166992,BUY,0.8192195892333984,0.15688185393810272
2018-01-17,0.3345341682434082,BUY,0.6690683364868164,0.15688185393810272
2018-01-18,0.3389052748680115,BUY,0.677810549736023,0.15688185393810272
2018-01-19,0.35760635137557983,BUY,0.7152127027511597,0.15688185393810272
2018-01-22,0.32683056592941284,BUY,0.6536611318588257,0.1629711538553238
2018-01-23,0.25419753789901733,BUY,0.5083950757980347,0.15688185393810272
2018-01-24,0.2592562437057495,BUY,0.518512487411499,0.15688185393810272
2018-01-25,0.2592562437057495,BUY,0.518512487411499,0.14916665852069855
2018-01-26,0.20436173677444458,BUY,0.40872347354888916,0.14916665852069855
2018-01-29,0.2865082621574402,BUY,0.5730165243148804,0.14916665852069855
2018-01-30,0.23543548583984375,BUY,0.4708709716796875,0.14402854442596436
2018-01-31,0.2583457827568054,BUY,0.5166915655136108,0.14402854442596436
2018-02-01,0.2925812005996704,BUY,0.5851624011993408,0.14402854442596436
2018-02-02,0.3376292586326599,BUY,0.6752585172653198,0.14402854442596436
2018-02-05,0.3044053316116333,BUY,0.6088106632232666,0.14402854442596436
2018-02-06,0.16284286975860596,BUY,0.3256857395172119,0.14916665852069855
2018-02-07,0.1703748106956482,BUY,0.3407496213912964,0.14916665852069855
2018-02-08,0.1936914324760437,BUY,0.3873828649520874,0.14916665852069855
2018-02-09,0.27750521898269653,BUY,0.5550104379653931,0.14916665852069855
2018-02-12,0.07466554641723633,HOLD,0.14933109283447266,0.17243477702140808
2018-02-13,0.11789822578430176,BUY,0.23579645156860352,0.17368747293949127
2018-02-14,0.11395436525344849,BUY,0.22790873050689697,0.17243477702140808
2018-02-15,-0.19518238306045532,HOLD,0.39036476612091064,0.1629711538553238
2018-02-16,-0.2040599286556244,HOLD,0.4081198573112488,0.15688185393810272
2018-02-20,-0.17365801334381104,HOLD,0.34731602668762207,0.14916665852069855
2018-02-21,-0.17127734422683716,HOLD,0.3425546884536743,0.14402854442596436
2018-02-22,-0.19385337829589844,HOLD,0.3877067565917969,0.14402854442596436
2018-02-23,-0.20136317610740662,HOLD,0.40272635221481323,0.14402854442596436
2018-02-26,-0.25227484107017517,HOLD,0.5045496821403503,0.14402854442596436
2018-02-27,-0.1728106439113617,HOLD,0.3456212878227234,0.14402854442596436
2018-02-28,-0.14979615807533264,HOLD,0.2995923161506653,0.14402854442596436
2018-03-01,-0.19207781553268433,HOLD,0.38415563106536865,0.14402854442596436
2018-03-02,-0.27403658628463745,HOLD,0.5480731725692749,0.14402854442596436
2018-03-05,-0.30406953394412994,HOLD,0.6081390678882599,0.14402854442596436
2018-03-06,-0.24320873618125916,HOLD,0.4864174723625183,0.14402854442596436
2018-03-07,-0.1688518226146698,HOLD,0.3377036452293396,0.14402854442596436
2018-03-08,-0.2385118305683136,HOLD,0.4770236611366272,0.14402854442596436
2018-03-09,-0.38228996843099594,HOLD,0.7645799368619919,0.1629711538553238
2018-03-12,-0.3964204266667366,HOLD,0.7928408533334732,0.1629711538553238
2018-03-13,-0.3632296472787857,HOLD,0.7264592945575714,0.1629711538553238
2018-03-14,-0.421280138194561,HOLD,0.842560276389122,0.1665276437997818
2018-03-15,-0.435352586209774,HOLD,0.870705172419548,0.1665276437997818
2018-03-16,-0.38990219682455063,HOLD,0.7798043936491013,0.1749066561460495
2018-03-19,-0.4021064341068268,HOLD,0.8042128682136536,0.18786399066448212
2018-03-20,-0.41374222189188004,HOLD,0.8274844437837601,0.1929183453321457
2018-03-21,-0.39844677597284317,HOLD,0.7968935519456863,0.18786399066448212
2018-03-22,-0.41262349486351013,HOLD,0.8252469897270203,0.18786399066448212
2018-03-23,-0.40479618310928345,HOLD,0.8095923662185669,0.177046537399292
2018-03-26,-0.41508547216653824,HOLD,0.8301709443330765,0.177046537399292
2018-03-27,-0.38467051833868027,HOLD,0.7693410366773605,0.1736539602279663
2018-03-28,-0.36002175509929657,HOLD,0.7200435101985931,0.16581539809703827
2018-03-29,-0.4002576097846031,HOLD,0.8005152195692062,0.18786399066448212
2018-04-02,-0.40009283274412155,HOLD,0.8001856654882431,0.18786399066448212
2018-04-03,-0.3570720702409744,HOLD,0.7141441404819489,0.15810103714466095
2018-04-04,-0.38198306411504745,HOLD,0.7639661282300949,0.1811365932226181
2018-04-05,-0.32973411679267883,HOLD,0.6594682335853577,0.1910892128944397
2018-04-06,-0.3065216392278671,HOLD,0.6130432784557343,0.18972738087177277
2018-04-09,-0.3640297055244446,HOLD,0.7280594110488892,0.20066842436790466
2018-04-10,-0.32663218677043915,HOLD,0.6532643735408783,0.19478173553943634
2018-04-11,-0.2657461017370224,HOLD,0.5314922034740448,0.19478173553943634
2018-04-12,-0.31364208459854126,HOLD,0.6272841691970825,0.20066842436790466
2018-04-13,-0.2859814465045929,HOLD,0.5719628930091858,0.17977476119995117
2018-04-16,-0.26531854271888733,HOLD,0.5306370854377747,0.1810014545917511
2018-04-17,-0.23503240942955017,HOLD,0.47006481885910034,0.17977476119995117
2018-04-18,-0.12953299283981323,HOLD,0.25906598567962646,0.15347592532634735
2018-04-19,-0.19304955005645752,HOLD,0.38609910011291504,0.14711111783981323
2018-04-20,-0.21421444416046143,HOLD,0.42842888832092285,0.15347592532634735
2018-04-23,0.041684865951538086,HOLD,0.08336973190307617,0.14711111783981323
2018-04-24,-0.18531888723373413,HOLD,0.37063777446746826,0.14711111783981323
2018-04-25,-0.0903281569480896,HOLD,0.1806563138961792,0.14711111783981323
2018-04-26,0.022482752799987793,HOLD,0.044965505599975586,0.14711111783981323
2018-04-27,-0.13972985744476318,HOLD,0.27945971488952637,0.15224923193454742
2018-04-30,-0.07425391674041748,HOLD,0.14850783348083496,0.14711111783981323
2018-05-01,-0.013879835605621338,HOLD,0.027759671211242676,0.14524772763252258
2018-05-02,0.023388564586639404,HOLD,0.04677712917327881,0.15038584172725677
2018-05-03,-0.008499175310134888,HOLD,0.016998350620269775,0.15038584172725677
2018-05-04,0.03997695446014404,HOLD,0.07995390892028809,0.16605372726917267
2018-05-07,-0.01050904393196106,HOLD,0.02101808786392212,0.1854674071073532
2018-05-08,-0.07218927145004272,HOLD,0.14437854290008545,0.19013532996177673
2018-05-09,0.06423360109329224,HOLD,0.12846720218658447,0.18878139555454254
2018-05-10,0.20321500301361084,BUY,0.4064300060272217,0.18972738087177277
2018-05-11,0.31531935930252075,BUY,0.6306387186050415,0.17977476119995117
2018-05-14,0.14928507804870605,BUY,0.2985701560974121,0.2091439813375473
2018-05-15,0.18175989389419556,BUY,0.3635197877883911,0.21167787909507751
2018-05-16,0.23254114389419556,BUY,0.4650822877883911,0.21301338076591492
2018-05-17,0.3351990580558777,BUY,0.6703981161117554,0.21031604707241058
2018-05-18,0.3148406744003296,BUY,0.6296813488006592,0.20195502042770386
2018-05-21,0.24952751398086548,BUY,0.49905502796173096,0.21560190618038177
2018-05-22,0.21950769424438477,BUY,0.43901538848876953,0.21290457248687744
2018-05-23,-0.013774126768112183,HOLD,0.027548253536224365,0.2138909250497818
2018-05-24,-0.0012462139129638672,HOLD,0.0024924278259277344,0.21437521278858185
2018-05-25,0.05800008773803711,HOLD,0.11600017547607422,0.1854674071073532
2018-05-29,0.010015010833740234,HOLD,0.02003002166748047,0.1854674071073532
2018-05-30,0.06382793188095093,HOLD,0.12765586376190186,0.1854674071073532
2018-05-31,0.041756629943847656,HOLD,0.08351325988769531,0.1768791824579239
2018-06-01,0.032376646995544434,HOLD,0.06475329399108887,0.1709720492362976
2018-06-04,0.19838953018188477,BUY,0.39677906036376953,0.1896326094865799
2018-06-05,0.17845791578292847,BUY,0.35691583156585693,0.1544622778892517
2018-06-06,0.17845791578292847,BUY,0.35691583156585693,0.1544622778892517
2018-06-07,0.2899166941642761,BUY,0.5798333883285522,0.15564793348312378
2018-06-08,0.3170822858810425,BUY,0.634164571762085,0.15564793348312378
2018-06-11,0.36927545070648193,BUY,0.7385509014129639,0.1505098193883896
2018-06-12,0.268321692943573,BUY,0.536643385887146,0.15564793348312378
2018-06-13,0.2818259000778198,BUY,0.5636518001556396,0.15564793348312378
2018-06-14,0.2854236960411072,BUY,0.5708473920822144,0.15810047090053558
2018-06-15,0.406460165977478,BUY,0.812920331954956,0.15810047090053558
2018-06-18,0.3764621615409851,BUY,0.7529243230819702,0.16581566631793976
2018-06-19,0.4456061124801636,BUY,0.8912122249603271,0.16581566631793976
2018-06-20,0.45693904161453247,BUY,0.9138780832290649,0.17190496623516083
2018-06-21,0.45476073026657104,BUY,0.9095214605331421,0.1682332456111908
2018-06-22,0.4562419056892395,BUY,0.912483811378479,0.18959908187389374
2018-06-25,0.40499716997146606,BUY,0.8099943399429321,0.1919068992137909
2018-06-26,0.4224592447280884,BUY,0.8449184894561768,0.1919068992137909
2018-06-27,0.4271755814552307,BUY,0.8543511629104614,0.1919068992137909
2018-06-28,0.4686288833618164,BUY,0.9372577667236328,0.18976736068725586
2018-06-29,0.47294461727142334,BUY,0.9458892345428467,0.18076862394809723
2018-07-02,0.46890634298324585,BUY,0.9378126859664917,0.17891743779182434
2018-07-03,0.4728218913078308,BUY,0.9456437826156616,0.1629711538553238
2018-07-05,0.48714733123779297,BUY,0.9742946624755859,0.1629711538553238
2018-07-06,0.4818879961967468,BUY,0.9637759923934937,0.2603187561035156
2018-07-09,0.4809761047363281,BUY,0.9619522094726562,0.2798923850059509
2018-07-10,0.4798698425292969,BUY,0.9597396850585938,0.2603187561035156
2018-07-11,0.47751468420028687,BUY,0.9550293684005737,0.2798923850059509
2018-07-12,0.4836958646774292,BUY,0.9673917293548584,0.2798923850059509
2018-07-13,0.4828096628189087,BUY,0.9656193256378174,0.2868611812591553
2018-07-16,0.4828096628189087,BUY,0.9656193256378174,0.3048599064350128
2018-07-17,0.48237085342407227,BUY,0.9647417068481445,0.3048599064350128
2018-07-18,0.4833614230155945,BUY,0.966722846031189,0.3048599064350128
2018-07-19,0.48296046257019043,BUY,0.9659209251403809,0.3048599064350128
2018-07-20,0.4732758402824402,BUY,0.9465516805648804,0.2538292407989502
2018-07-23,0.47618722915649414,BUY,0.9523744583129883,0.22309204936027527
2018-07-24,0.45921701192855835,BUY,0.9184340238571167,0.23781198263168335
2018-07-25,0.46575844287872314,BUY,0.9315168857574463,0.19592233002185822
2018-07-26,0.4638972878456116,BUY,0.9277945756912231,0.19592233002185822
2018-07-27,0.43285590410232544,BUY,0.8657118082046509,0.1719445139169693
2018-07-30,0.42601513862609863,BUY,0.8520302772521973,0.16259442269802094
2018-07-31,0.39197754859924316,BUY,0.7839550971984863,0.1923658400774002
2018-08-01,0.37941908836364746,BUY,0.7588381767272949,0.2108747363090515
2018-08-02,0.38559281826019287,BUY,0.7711856365203857,0.2108747363090515
2018-08-03,0.376819908618927,BUY,0.753639817237854,0.2108747363090515
2018-08-06,0.37057143449783325,BUY,0.7411428689956665,0.2254582643508911
2018-08-07,0.3636622428894043,BUY,0.7273244857788086,0.23264722526073456
2018-08-08,0.38147109746932983,BUY,0.7629421949386597,0.23264722526073456
2018-08-09,0.34475183486938477,BUY,0.6895036697387695,0.23651662468910217
2018-08-10,0.41735321283340454,BUY,0.8347064256668091,0.3023267984390259
2018-08-13,0.39687055349349976,BUY,0.7937411069869995,0.3023267984390259
2018-08-14,0.3868083953857422,BUY,0.7736167907714844,0.275784432888031
2018-08-15,0.34137582778930664,BUY,0.6827516555786133,0.26309555768966675
2018-08-16,0.16483557224273682,BUY,0.32967114448547363,0.3023267984390259
2018-08-17,0.18643343448638916,BUY,0.3728668689727783,0.29599234461784363
2018-08-20,0.16990327835083008,BUY,0.33980655670166016,0.29599234461784363
2018-08-21,0.21888107061386108,BUY,0.43776214122772217,0.2900363504886627
2018-08-22,0.21858477592468262,BUY,0.43716955184936523,0.29366782307624817
2018-08-23,0.25075584650039673,BUY,0.5015116930007935,0.29366782307624817
2018-08-24,0.251628041267395,BUY,0.50325608253479,0.2474053055047989
2018-08-27,0.2088121771812439,BUY,0.4176243543624878,0.24587856233119965
2018-08-28,0.20868021249771118,BUY,0.41736042499542236,0.23651662468910217
2018-08-29,0.25653618574142456,BUY,0.5130723714828491,0.23651662468910217
2018-08-30,0.2297428846359253,BUY,0.4594857692718506,0.1719178855419159
2018-08-31,0.09434205293655396,BUY,0.1886841058731079,0.2000572830438614
2018-09-04,0.15755128860473633,BUY,0.31510257720947266,0.19825805723667145
2018-09-05,0.1153414249420166,BUY,0.2306828498840332,0.19825805723667145
2018-09-06,0.11097085475921631,BUY,0.22194170951843262,0.18895834684371948
2018-09-07,0.22079288959503174,BUY,0.4415857791900635,0.17552633583545685
2018-09-10,0.24141371250152588,BUY,0.48282742500305176,0.17783385515213013
2018-09-11,0.24141371250152588,BUY,0.48282742500305176,0.18540185689926147
2018-09-12,0.24331867694854736,BUY,0.4866373538970947,0.17102721333503723
2018-09-13,0.2134333848953247,BUY,0.4268667697906494,0.17102721333503723
2018-09-14,0.32550185918807983,BUY,0.6510037183761597,0.17102721333503723
2018-09-17,0.35342293977737427,BUY,0.7068458795547485,0.15817390382289886
2018-09-18,0.35342293977737427,BUY,0.7068458795547485,0.16331201791763306
2018-09-19,0.381672739982605,BUY,0.76334547996521,0.1844981163740158
2018-09-20,0.32375776767730713,BUY,0.6475155353546143,0.20907551050186157
2018-09-21,0.20739495754241943,BUY,0.41478991508483887,0.20907551050186157
2018-09-24,0.22204488515853882,BUY,0.44408977031707764,0.1919068992137909
2018-09-25,0.2217787504196167,BUY,0.4435575008392334,0.1819542795419693
2018-09-26,0.2016482949256897,BUY,0.4032965898513794,0.1819542795419693
2018-09-27,0.20132917165756226,BUY,0.4026583433151245,0.18108944594860077
2018-09-28,0.21375924348831177,BUY,0.42751848697662354,0.17855557799339294
2018-10-01,0.23752844333648682,BUY,0.47505688667297363,0.18620038032531738
2018-10-02,0.2404680848121643,BUY,0.4809361696243286,0.17855557799339294
2018-10-03,0.2024737000465393,BUY,0.4049474000930786,0.17555086314678192
2018-10-04,0.24476945400238037,BUY,0.48953890800476074,0.1510300487279892
2018-10-05,0.2738221287727356,BUY,0.5476442575454712,0.1510300487279892
2018-10-08,0.32395464181900024,BUY,0.6479092836380005,0.14987121522426605
2018-10-09,0.29340028762817383,BUY,0.5868005752563477,0.1510300487279892
2018-10-10,0.3786206841468811,BUY,0.7572413682937622,0.1629711538553238
2018-10-11,0.3759714961051941,BUY,0.7519429922103882,0.1629711538553238
2018-10-12,0.38787657022476196,BUY,0.7757531404495239,0.15688185393810272
2018-10-15,0.29409849643707275,BUY,0.5881969928741455,0.17991741001605988
2018-10-16,0.33203190565109253,BUY,0.6640638113021851,0.17991741001605988
2018-10-17,0.33688682317733765,BUY,0.6737736463546753,0.17991741001605988
2018-10-18,0.39795416593551636,BUY,0.7959083318710327,0.21655473113059998
2018-10-19,0.39678704738616943,BUY,0.7935740947723389,0.21655473113059998
2018-10-22,0.4108946919441223,BUY,0.8217893838882446,0.21655473113059998
2018-10-23,0.41328710317611694,BUY,0.8265742063522339,0.2116853892803192
2018-10-24,0.3105112910270691,BUY,0.6210225820541382,0.21051332354545593
2018-10-25,0.2598709464073181,BUY,0.5197418928146362,0.21013784408569336
2018-10-26,0.3028354048728943,BUY,0.6056708097457886,0.1957755982875824
2018-10-29,0.30795520544052124,BUY,0.6159104108810425,0.15324309468269348
2018-10-30,0.3119972348213196,BUY,0.6239944696426392,0.15324309468269348
2018-10-31,0.2694607377052307,BUY,0.5389214754104614,0.1510300487279892
2018-11-01,0.3751574158668518,BUY,0.7503148317337036,0.20420977473258972
2018-11-02,0.39015406370162964,BUY,0.7803081274032593,0.1983230859041214
2018-11-05,0.284262478351593,BUY,0.568524956703186,0.1983230859041214
2018-11-06,0.3107328414916992,BUY,0.6214656829833984,0.1983230859041214
2018-11-07,0.31741589307785034,BUY,0.6348317861557007,0.19326873123645782
2018-11-08,0.2855285406112671,BUY,0.5710570812225342,0.19096091389656067
2018-11-09,0.37060117721557617,BUY,0.7412023544311523,0.19096091389656067
2018-11-12,0.33865678310394287,BUY,0.6773135662078857,0.18509943783283234
2018-11-13,0.3636094331741333,BUY,0.7272188663482666,0.18411308526992798
2018-11-14,0.3505324721336365,BUY,0.701064944267273,0.18411308526992798
2018-11-15,0.331531822681427,BUY,0.663063645362854,0.15442875027656555
2018-11-16,0.33457469940185547,BUY,0.6691493988037109,0.15442875027656555
2018-11-19,0.3297918438911438,BUY,0.6595836877822876,0.17769686877727509
2018-11-20,0.31088000535964966,BUY,0.6217600107192993,0.18108944594860077
2018-11-21,0.28662681579589844,BUY,0.5732536315917969,0.17894956469535828
2018-11-23,0.23263180255889893,BUY,0.46526360511779785,0.17894956469535828
2018-11-26,0.06077003479003906,HOLD,0.12154006958007812,0.18959908187389374
2018-11-27,0.06530892848968506,HOLD,0.13061785697937012,0.2028479427099228
2018-11-28,0.08411258459091187,BUY,0.16822516918182373,0.21519289910793304
2018-11-29,0.1705605387687683,BUY,0.3411210775375366,0.21519289910793304
2018-11-30,0.16317099332809448,BUY,0.32634198665618896,0.18973489105701447
2018-12-03,0.20581179857254028,BUY,0.41162359714508057,0.20166228711605072
2018-12-04,0.21126675605773926,BUY,0.4225335121154785,0.18076862394809723
2018-12-06,0.22563594579696655,BUY,0.4512718915939331,0.18076862394809723
2018-12-07,0.19559353590011597,BUY,0.39118707180023193,0.17978227138519287
2018-12-10,0.18407678604125977,BUY,0.36815357208251953,0.17855557799339294
2018-12-11,0.18382197618484497,BUY,0.36764395236968994,0.15225674211978912
2018-12-12,0.12110394239425659,BUY,0.24220788478851318,0.145891934633255
2018-12-13,0.10688138008117676,BUY,0.21376276016235352,0.15324309468269348
2018-12-14,0.012494564056396484,HOLD,0.02498912811279297,0.15324309468269348
2018-12-17,0.011887311935424805,HOLD,0.02377462387084961,0.14916665852069855
2018-12-18,0.04335659742355347,HOLD,0.08671319484710693,0.14402854442596436
2018-12-19,0.016354918479919434,HOLD,0.03270983695983887,0.14402854442596436
2018-12-20,0.0019776225090026855,HOLD,0.003955245018005371,0.1480078250169754
2018-12-21,-0.12208479642868042,HOLD,0.24416959285736084,0.145891934633255
2018-12-24,-0.12208479642868042,HOLD,0.24416959285736084,0.145891934633255
2018-12-26,-0.06983289122581482,HOLD,0.13966578245162964,0.145891934633255
2018-12-27,-0.06983289122581482,HOLD,0.13966578245162964,0.145891934633255
2018-12-28,-0.07727479934692383,HOLD,0.15454959869384766,0.1510300487279892
2018-12-31,-0.07727479934692383,HOLD,0.15454959869384766,0.1510300487279892
2019-01-02,-0.14425501227378845,HOLD,0.2885100245475769,0.16619637608528137
2019-01-03,-0.0641392171382904,HOLD,0.1282784342765808,0.16782143712043762
2019-01-04,-0.08538314700126648,HOLD,0.17076629400253296,0.1665276437997818
2019-01-07,-0.11626958847045898,HOLD,0.23253917694091797,0.1629711538553238
2019-01-08,-0.11626958847045898,HOLD,0.23253917694091797,0.15688185393810272
2019-01-09,-0.08748111128807068,HOLD,0.17496222257614136,0.15688185393810272
2019-01-10,0.03989750146865845,HOLD,0.0797950029373169,0.1629711538553238
2019-01-11,0.1475197672843933,BUY,0.2950395345687866,0.1629711538553238
2019-01-14,0.22117316722869873,BUY,0.44234633445739746,0.15688185393810272
2019-01-15,0.3029667139053345,BUY,0.605933427810669,0.15688185393810272
2019-01-16,0.22197026014328003,BUY,0.44394052028656006,0.14916665852069855
2019-01-17,0.18764472007751465,BUY,0.3752894401550293,0.15688185393810272
2019-01-18,0.2319008708000183,BUY,0.4638017416000366,0.15688185393810272
2019-01-22,0.18335825204849243,BUY,0.36671650409698486,0.1629711538553238
2019-01-23,0.20186465978622437,BUY,0.40372931957244873,0.1629711538553238
2019-01-24,0.22727811336517334,BUY,0.4545562267303467,0.1629711538553238
2019-01-25,0.2731744050979614,BUY,0.5463488101959229,0.14402854442596436
2019-01-28,0.28679656982421875,BUY,0.5735931396484375,0.1453164964914322
2019-01-29,0.32915806770324707,BUY,0.6583161354064941,0.14402854442596436
2019-01-30,0.37247228622436523,BUY,0.7449445724487305,0.14402854442596436
2019-01-31,0.37832289934158325,BUY,0.7566457986831665,0.14402854442596436
2019-02-01,0.40564966201782227,BUY,0.8112993240356445,0.14402854442596436
2019-02-04,0.39766645431518555,BUY,0.7953329086303711,0.14402854442596436
2019-02-05,0.39766645431518555,BUY,0.7953329086303711,0.14402854442596436
2019-02-06,0.3966076374053955,BUY,0.793215274810791,0.14402854442596436
2019-02-07,0.39765840768814087,BUY,0.7953168153762817,0.14402854442596436
2019-02-08,0.3967265486717224,BUY,0.7934530973434448,0.14402854442596436
2019-02-11,0.38677269220352173,BUY,0.7735453844070435,0.14402854442596436
2019-02-12,0.38947588205337524,BUY,0.7789517641067505,0.14402854442596436
2019-02-13,0.38513821363449097,BUY,0.7702764272689819,0.14402854442596436
2019-02-14,0.4363057017326355,BUY,0.872611403465271,0.14916665852069855
2019-02-15,0.43207603693008423,BUY,0.8641520738601685,0.14916665852069855
2019-02-19,0.32469403743743896,BUY,0.6493880748748779,0.14916665852069855
2019-02-20,0.3875243663787842,BUY,0.7750487327575684,0.14916665852069855
2019-02-21,0.33758580684661865,BUY,0.6751716136932373,0.14916665852069855
2019-02-22,0.35494816303253174,BUY,0.7098963260650635,0.14916665852069855
2019-02-25,0.3192882537841797,BUY,0.6385765075683594,0.14916665852069855
2019-02-26,0.3281030058860779,BUY,0.6562060117721558,0.14916665852069855
2019-02-27,0.40735042095184326,BUY,0.8147008419036865,0.14402854442596436
2019-02-28,0.420004665851593,BUY,0.840009331703186,0.14402854442596436
2019-03-01,0.424355149269104,BUY,0.848710298538208,0.14402854442596436
2019-03-04,0.42513447999954224,BUY,0.8502689599990845,0.14402854442596436
2019-03-05,0.42355960607528687,BUY,0.8471192121505737,0.14402854442596436
2019-03-06,0.4304918050765991,BUY,0.8609836101531982,0.14402854442596436
2019-03-07,0.4309470057487488,BUY,0.8618940114974976,0.14402854442596436
2019-03-08,0.41954153776168823,BUY,0.8390830755233765,0.14402854442596436
2019-03-11,0.4117254614830017,BUY,0.8234509229660034,0.14402854442596436
2019-03-12,0.41907912492752075,BUY,0.8381582498550415,0.14402854442596436
2019-03-13,0.44348829984664917,BUY,0.8869765996932983,0.14402854442596436
2019-03-14,0.4446123242378235,BUY,0.889224648475647,0.14402854442596436
2019-03-15,0.4189905524253845,BUY,0.837981104850769,0.1629711538553238
2019-03-18,0.4305382966995239,BUY,0.8610765933990479,0.1629711538553238
2019-03-19,0.4327739477157593,BUY,0.8655478954315186,0.1629711538553238
2019-03-20,0.4350108504295349,BUY,0.8700217008590698,0.14916665852069855
2019-03-21,0.41577988862991333,BUY,0.8315597772598267,0.14916665852069855
2019-03-22,0.42786943912506104,BUY,0.8557388782501221,0.14916665852069855
2019-03-25,0.3590240478515625,BUY,0.718048095703125,0.14916665852069855
2019-03-26,0.3812762498855591,BUY,0.7625524997711182,0.14916665852069855
2019-03-27,0.43621665239334106,BUY,0.8724333047866821,0.1629711538553238
2019-03-28,0.44227492809295654,BUY,0.8845498561859131,0.1629711538553238
2019-03-29,0.44368094205856323,BUY,0.8873618841171265,0.14402854442596436
2019-04-01,0.4375249147415161,BUY,0.8750498294830322,0.14402854442596436
2019-04-02,0.4348878860473633,BUY,0.8697757720947266,0.1480078250169754
2019-04-03,0.4335947036743164,BUY,0.8671894073486328,0.1480078250169754
2019-04-04,0.4471951127052307,BUY,0.8943902254104614,0.14916665852069855
2019-04-05,0.44403076171875,BUY,0.8880615234375,0.14916665852069855
2019-04-08,0.4463534951210022,BUY,0.8927069902420044,0.14916665852069855
2019-04-09,0.4463534951210022,BUY,0.8927069902420044,0.14916665852069855
2019-04-10,0.4439559578895569,BUY,0.8879119157791138,0.14402854442596436
2019-04-11,0.4480983018875122,BUY,0.8961966037750244,0.14402854442596436
2019-04-12,0.4480983018875122,BUY,0.8961966037750244,0.14402854442596436
2019-04-15,0.44438445568084717,BUY,0.8887689113616943,0.14402854442596436
2019-04-16,0.4482606053352356,BUY,0.8965212106704712,0.14402854442596436
2019-04-17,0.4513823986053467,BUY,0.9027647972106934,0.14402854442596436
2019-04-18,0.4454668164253235,BUY,0.890933632850647,0.14402854442596436
2019-04-22,0.4278537631034851,BUY,0.8557075262069702,0.14402854442596436
2019-04-23,0.43732374906539917,BUY,0.8746474981307983,0.14402854442596436
2019-04-24,0.447462797164917,BUY,0.894925594329834,0.14402854442596436
2019-04-25,0.45039236545562744,BUY,0.9007847309112549,0.14402854442596436
2019-04-26,0.4473916292190552,BUY,0.8947832584381104,0.14402854442596436
2019-04-29,0.41495537757873535,BUY,0.8299107551574707,0.14402854442596436
2019-04-30,0.3891258239746094,BUY,0.7782516479492188,0.14402854442596436
2019-05-01,0.35772430896759033,BUY,0.7154486179351807,0.14402854442596436
2019-05-02,0.3310498595237732,BUY,0.6620997190475464,0.14402854442596436
2019-05-03,0.32654404640197754,BUY,0.6530880928039551,0.14402854442596436
2019-05-06,0.3031734824180603,BUY,0.6063469648361206,0.14402854442596436
2019-05-07,0.31765347719192505,BUY,0.6353069543838501,0.14402854442596436
2019-05-08,0.3124435544013977,BUY,0.6248871088027954,0.14402854442596436
2019-05-09,0.395452618598938,BUY,0.790905237197876,0.14402854442596436
2019-05-10,0.4469754695892334,BUY,0.8939509391784668,0.14402854442596436
2019-05-13,0.45294421911239624,BUY,0.9058884382247925,0.14402854442596436
2019-05-14,0.40573012828826904,BUY,0.8114602565765381,0.20606140792369843
2019-05-15,0.39512908458709717,BUY,0.7902581691741943,0.2253037542104721
2019-05-16,0.2625989317893982,BUY,0.5251978635787964,0.2253037542104721
2019-05-17,0.3055585026741028,BUY,0.6111170053482056,0.22731344401836395
2019-05-20,0.3232806921005249,BUY,0.6465613842010498,0.2253037542104721
2019-05-21,0.3323848247528076,BUY,0.6647696495056152,0.23421762883663177
2019-05-22,0.342836856842041,BUY,0.685673713684082,0.2354443222284317
2019-05-23,0.33955568075180054,BUY,0.6791113615036011,0.22653044760227203
2019-05-24,0.3082088232040405,BUY,0.616417646408081,0.22615496814250946
2019-05-28,0.32747334241867065,BUY,0.6549466848373413,0.2523525059223175
2019-05-29,0.3155716061592102,BUY,0.6311432123184204,0.24185770750045776
2019-05-30,0.42012274265289307,BUY,0.8402454853057861,0.24185770750045776
2019-05-31,0.42247456312179565,BUY,0.8449491262435913,0.2438673973083496
2019-06-03,0.4037540555000305,BUY,0.807508111000061,0.22970998287200928
2019-06-04,0.383250892162323,BUY,0.766501784324646,0.22970998287200928
2019-06-05,0.27050846815109253,BUY,0.5410169363021851,0.22970998287200928
2019-06-06,0.24865186214447021,BUY,0.49730372428894043,0.22970998287200928
2019-06-07,0.24039465188980103,BUY,0.48078930377960205,0.24185770750045776
2019-06-10,0.22808539867401123,BUY,0.45617079734802246,0.24185770750045776
2019-06-11,0.23314690589904785,BUY,0.4662938117980957,0.19411547482013702
2019-06-12,0.24854809045791626,BUY,0.4970961809158325,0.20176027715206146
2019-06-13,0.23333710432052612,BUY,0.46667420864105225,0.19411547482013702
2019-06-14,0.22838515043258667,BUY,0.45677030086517334,0.191110759973526
2019-06-17,0.23824858665466309,BUY,0.47649717330932617,0.19549675285816193
2019-06-18,0.24603790044784546,BUY,0.4920758008956909,0.19411547482013702
2019-06-19,0.22790634632110596,BUY,0.4558126926422119,0.19411547482013702
2019-06-20,0.22538995742797852,BUY,0.45077991485595703,0.19549675285816193
2019-06-21,0.24736827611923218,BUY,0.49473655223846436,0.19411547482013702
2019-06-24,0.24736827611923218,BUY,0.49473655223846436,0.19411547482013702
2019-06-25,0.2512916326522827,BUY,0.5025832653045654,0.19844628870487213
2019-06-26,0.21508300304412842,BUY,0.43016600608825684,0.19411547482013702
2019-06-27,0.23817718029022217,BUY,0.47635436058044434,0.1819542795419693
2019-06-28,0.3792630434036255,BUY,0.758526086807251,0.1819542795419693
2019-07-01,0.3674716353416443,BUY,0.7349432706832886,0.18108944594860077
2019-07-02,0.3161688446998596,BUY,0.6323376893997192,0.18108944594860077
2019-07-03,0.2668260931968689,BUY,0.5336521863937378,0.1819542795419693
2019-07-05,0.2667292356491089,BUY,0.5334584712982178,0.17894956469535828
2019-07-08,0.2731558680534363,BUY,0.5463117361068726,0.17769686877727509
2019-07-09,0.2800368070602417,BUY,0.5600736141204834,0.17894956469535828
2019-07-10,0.308458149433136,BUY,0.616916298866272,0.1819542795419693
2019-07-11,0.29146653413772583,BUY,0.5829330682754517,0.17855557799339294
2019-07-12,0.291467547416687,BUY,0.582935094833374,0.17855557799339294
2019-07-15,0.309116005897522,BUY,0.618232011795044,0.17555086314678192
2019-07-16,0.29752713441848755,BUY,0.5950542688369751,0.17555086314678192
2019-07-17,0.29794377088546753,BUY,0.5958875417709351,0.16975286602973938
2019-07-18,0.3316977024078369,BUY,0.6633954048156738,0.16619637608528137
2019-07-19,0.3236287832260132,BUY,0.6472575664520264,0.18126562237739563
2019-07-22,0.30861300230026245,BUY,0.6172260046005249,0.18646126985549927
2019-07-23,0.3416025638580322,BUY,0.6832051277160645,0.18509943783283234
2019-07-24,0.3476479649543762,BUY,0.6952959299087524,0.18076862394809723
2019-07-25,0.3814627528190613,BUY,0.7629255056381226,0.17855557799339294
2019-07-26,0.39109206199645996,BUY,0.7821841239929199,0.17769074440002441
2019-07-29,0.39544713497161865,BUY,0.7908942699432373,0.17855557799339294
2019-07-30,0.3776547908782959,BUY,0.7553095817565918,0.16839103400707245
2019-07-31,0.3633437752723694,BUY,0.7266875505447388,0.17855557799339294
2019-08-01,0.339052677154541,BUY,0.678105354309082,0.18755431473255157
2019-08-02,0.3350195288658142,BUY,0.6700390577316284,0.15874524414539337
2019-08-05,0.2952480912208557,BUY,0.5904961824417114,0.1510300487279892
2019-08-06,0.2846326231956482,BUY,0.5692652463912964,0.1510300487279892
2019-08-07,0.1404033899307251,BUY,0.2808067798614502,0.1510300487279892
2019-08-08,0.044596195220947266,HOLD,0.08919239044189453,0.17905257642269135
2019-08-09,0.1410900354385376,BUY,0.2821800708770752,0.17991741001605988
2019-08-12,0.2560439109802246,BUY,0.5120878219604492,0.18424822390079498
2019-08-13,0.09027796983718872,BUY,0.18055593967437744,0.18850819766521454
2019-08-14,0.1704573631286621,BUY,0.3409147262573242,0.18288639187812805
2019-08-15,0.1704573631286621,BUY,0.3409147262573242,0.16839103400707245
2019-08-16,0.19652831554412842,BUY,0.39305663108825684,0.17555086314678192
2019-08-19,0.17474639415740967,BUY,0.34949278831481934,0.18288639187812805
2019-08-20,0.17285335063934326,BUY,0.3457067012786865,0.18288639187812805
2019-08-21,0.29843348264694214,BUY,0.5968669652938843,0.18288639187812805
2019-08-22,0.29843348264694214,BUY,0.5968669652938843,0.17429816722869873
2019-08-23,0.22301512956619263,BUY,0.44603025913238525,0.17429816722869873
2019-08-26,0.19174593687057495,BUY,0.3834918737411499,0.17769074440002441
2019-08-27,0.25219231843948364,BUY,0.5043846368789673,0.1664596050977707
2019-08-28,0.2598412036895752,BUY,0.5196824073791504,0.16483454406261444
2019-08-29,0.35877740383148193,BUY,0.7175548076629639,0.1664596050977707
2019-08-30,0.36047470569610596,BUY,0.7209494113922119,0.15688185393810272
2019-09-03,0.38294512033462524,BUY,0.7658902406692505,0.14916665852069855
2019-09-04,0.3897021412849426,BUY,0.7794042825698853,0.14916665852069855
2019-09-05,0.3980250358581543,BUY,0.7960500717163086,0.15816134214401245
2019-09-06,0.3851202130317688,BUY,0.7702404260635376,0.15688185393810272
2019-09-09,0.39238572120666504,BUY,0.7847714424133301,0.14916665852069855
2019-09-10,0.39238572120666504,BUY,0.7847714424133301,0.1510300487279892
2019-09-11,0.4079774022102356,BUY,0.8159548044204712,0.1510300487279892
2019-09-12,0.37512272596359253,BUY,0.7502454519271851,0.20420977473258972
2019-09-13,0.39618825912475586,BUY,0.7923765182495117,0.20081107318401337
2019-09-16,0.31478655338287354,BUY,0.6295731067657471,0.21267174184322357
2019-09-17,0.2876068353652954,BUY,0.5752136707305908,0.2153690755367279
2019-09-18,0.27909326553344727,BUY,0.5581865310668945,0.21400724351406097
2019-09-19,0.28258925676345825,BUY,0.5651785135269165,0.19713743031024933
2019-09-20,0.23339474201202393,BUY,0.46678948402404785,0.2116853892803192
2019-09-23,0.18985509872436523,BUY,0.37971019744873047,0.2116853892803192
2019-09-24,0.16028285026550293,BUY,0.32056570053100586,0.19944924116134644
2019-09-25,0.20444488525390625,BUY,0.4088897705078125,0.19944924116134644
2019-09-26,0.24146324396133423,BUY,0.48292648792266846,0.1510300487279892
2019-09-27,0.24146324396133423,BUY,0.48292648792266846,0.1510300487279892
2019-09-30,0.2346540093421936,BUY,0.4693080186843872,0.1799037903547287
2019-10-01,0.2470855712890625,BUY,0.494171142578125,0.17978227138519287
2019-10-02,0.24863648414611816,BUY,0.49727296829223633,0.17978227138519287
2019-10-03,0.3737887740135193,BUY,0.7475775480270386,0.18076862394809723
2019-10-04,0.3786274790763855,BUY,0.757254958152771,0.17552486062049866
2019-10-07,0.3981891870498657,BUY,0.7963783740997314,0.16839103400707245
2019-10-08,0.3967769145965576,BUY,0.7935538291931152,0.16839103400707245
2019-10-09,0.33091121912002563,BUY,0.6618224382400513,0.16483454406261444
2019-10-10,0.3716645836830139,BUY,0.7433291673660278,0.16483454406261444
2019-10-11,0.36759841442108154,BUY,0.7351968288421631,0.16483454406261444
2019-10-14,0.3908799886703491,BUY,0.7817599773406982,0.145891934633255
2019-10-15,0.3618471026420593,BUY,0.7236942052841187,0.145891934633255
2019-10-16,0.3766389489173889,BUY,0.7532778978347778,0.145891934633255
2019-10-17,0.35490888357162476,BUY,0.7098177671432495,0.145891934633255
2019-10-18,0.3601638674736023,BUY,0.7203277349472046,0.145891934633255
2019-10-21,0.40183424949645996,BUY,0.8036684989929199,0.145891934633255
2019-10-22,0.40183424949645996,BUY,0.8036684989929199,0.145891934633255
2019-10-23,0.39942115545272827,BUY,0.7988423109054565,0.14402854442596436
2019-10-24,0.42814427614212036,BUY,0.8562885522842407,0.14402854442596436
2019-10-25,0.4115247130393982,BUY,0.8230494260787964,0.14402854442596436
2019-10-28,0.4187561869621277,BUY,0.8375123739242554,0.14402854442596436
2019-10-29,0.397940456867218,BUY,0.795880913734436,0.14402854442596436
2019-10-30,0.34424054622650146,BUY,0.6884810924530029,0.14402854442596436
2019-10-31,0.3375657796859741,BUY,0.6751315593719482,0.14402854442596436
2019-11-01,0.1308807134628296,BUY,0.2617614269256592,0.14402854442596436
2019-11-04,0.15806704759597778,BUY,0.31613409519195557,0.14402854442596436
2019-11-05,0.19228559732437134,BUY,0.3845711946487427,0.14402854442596436
2019-11-06,0.1898360252380371,BUY,0.3796720504760742,0.14402854442596436
2019-11-07,0.17432749271392822,BUY,0.34865498542785645,0.14402854442596436
2019-11-08,0.21680974960327148,BUY,0.43361949920654297,0.14402854442596436
2019-11-11,0.2790284752845764,BUY,0.5580569505691528,0.14402854442596436
2019-11-12,0.2820333242416382,BUY,0.5640666484832764,0.14402854442596436
2019-11-13,0.28979963064193726,BUY,0.5795992612838745,0.14402854442596436
2019-11-14,0.3095916509628296,BUY,0.6191833019256592,0.14402854442596436
2019-11-15,0.2620522379875183,BUY,0.5241044759750366,0.1629711538553238
2019-11-18,0.2545262575149536,BUY,0.5090525150299072,0.16459621489048004
2019-11-19,0.2774515151977539,BUY,0.5549030303955078,0.16459621489048004
2019-11-20,0.293836772441864,BUY,0.587673544883728,0.16459621489048004
2019-11-21,0.33218294382095337,BUY,0.6643658876419067,0.15688185393810272
2019-11-22,0.3377516269683838,BUY,0.6755032539367676,0.15688185393810272
2019-11-25,0.2831926941871643,BUY,0.5663853883743286,0.14916665852069855
2019-11-26,0.2957642674446106,BUY,0.5915285348892212,0.14916665852069855
2019-11-27,0.37255793809890747,BUY,0.7451158761978149,0.14916665852069855
2019-11-29,0.2720302939414978,BUY,0.5440605878829956,0.14916665852069855
2019-12-02,0.3078466057777405,BUY,0.615693211555481,0.14402854442596436
2019-12-03,0.3064457178115845,BUY,0.612891435623169,0.14402854442596436
2019-12-04,0.360582172870636,BUY,0.721164345741272,0.14402854442596436
2019-12-05,0.34313589334487915,BUY,0.6862717866897583,0.14402854442596436
2019-12-06,0.3919617533683777,BUY,0.7839235067367554,0.14402854442596436
2019-12-09,0.40115612745285034,BUY,0.8023122549057007,0.14402854442596436
2019-12-10,0.3252377510070801,BUY,0.6504755020141602,0.14402854442596436
2019-12-11,0.3179470896720886,BUY,0.6358941793441772,0.14402854442596436
2019-12-12,0.40931981801986694,BUY,0.8186396360397339,0.14402854442596436
2019-12-13,0.4157344102859497,BUY,0.8314688205718994,0.14402854442596436
2019-12-16,0.3267863988876343,BUY,0.6535727977752686,0.14402854442596436
2019-12-17,0.3270798921585083,BUY,0.6541597843170166,0.14402854442596436
2019-12-18,0.31678760051727295,BUY,0.6335752010345459,0.14402854442596436
2019-12-19,0.32042229175567627,BUY,0.6408445835113525,0.14402854442596436
2019-12-20,0.32042229175567627,BUY,0.6408445835113525,0.14402854442596436
2019-12-23,0.32042229175567627,BUY,0.6408445835113525,0.14402854442596436
2019-12-24,0.33195406198501587,BUY,0.6639081239700317,0.14402854442596436
2019-12-26,0.3652690649032593,BUY,0.7305381298065186,0.14524772763252258
2019-12-27,0.35321158170700073,BUY,0.7064231634140015,0.14524772763252258
2019-12-30,0.34326595067977905,BUY,0.6865319013595581,0.14524772763252258
2019-12-31,0.4050416350364685,BUY,0.810083270072937,0.14524772763252258
2020-01-02,0.3010396957397461,BUY,0.6020793914794922,0.14524772763252258
2020-01-03,0.41126835346221924,BUY,0.8225367069244385,0.14524772763252258
2020-01-06,0.4278775453567505,BUY,0.855755090713501,0.14524772763252258
2020-01-07,0.4246106743812561,BUY,0.8492213487625122,0.14524772763252258
2020-01-08,0.4348422884941101,BUY,0.8696845769882202,0.14524772763252258
2020-01-09,0.417569637298584,BUY,0.835139274597168,0.14524772763252258
2020-01-10,0.43118011951446533,BUY,0.8623602390289307,0.14524772763252258
2020-01-13,0.4166935682296753,BUY,0.8333871364593506,0.14524772763252258
2020-01-14,0.33396434783935547,BUY,0.6679286956787109,0.14524772763252258
2020-01-15,0.33396434783935547,BUY,0.6679286956787109,0.14524772763252258
2020-01-16,0.3984813094139099,BUY,0.7969626188278198,0.14524772763252258
2020-01-17,0.39813441038131714,BUY,0.7962688207626343,0.14524772763252258
2020-01-21,0.3455043435096741,BUY,0.6910086870193481,0.14524772763252258
2020-01-22,0.35672110319137573,BUY,0.7134422063827515,0.14524772763252258
2020-01-23,0.3594585657119751,BUY,0.7189171314239502,0.14402854442596436
2020-01-24,0.37894850969314575,BUY,0.7578970193862915,0.14402854442596436
2020-01-27,0.3969144821166992,BUY,0.7938289642333984,0.14402854442596436
2020-01-28,0.37084758281707764,BUY,0.7416951656341553,0.14402854442596436
2020-01-29,0.3929138779640198,BUY,0.7858277559280396,0.14402854442596436
2020-01-30,0.37601786851882935,BUY,0.7520357370376587,0.14402854442596436
2020-01-31,0.43461811542510986,BUY,0.8692362308502197,0.14402854442596436
2020-02-03,0.39794617891311646,BUY,0.7958923578262329,0.14402854442596436
2020-02-04,0.44177281856536865,BUY,0.8835456371307373,0.14402854442596436
2020-02-05,0.44606512784957886,BUY,0.8921302556991577,0.14402854442596436
2020-02-06,0.44139236211776733,BUY,0.8827847242355347,0.14402854442596436
2020-02-07,0.45265811681747437,BUY,0.9053162336349487,0.14402854442596436
2020-02-10,0.44873082637786865,BUY,0.8974616527557373,0.14402854442596436
2020-02-11,0.4507133960723877,BUY,0.9014267921447754,0.14402854442596436
2020-02-12,0.4502111077308655,BUY,0.900422215461731,0.14402854442596436
2020-02-13,0.44917160272598267,BUY,0.8983432054519653,0.14402854442596436
2020-02-14,0.4261319637298584,BUY,0.8522639274597168,0.14402854442596436
2020-02-18,0.384943425655365,BUY,0.76988685131073,0.14402854442596436
2020-02-19,0.4152179956436157,BUY,0.8304359912872314,0.14402854442596436
2020-02-20,0.4212039113044739,BUY,0.8424078226089478,0.14402854442596436
2020-02-21,0.4199700355529785,BUY,0.839940071105957,0.14402854442596436
2020-02-24,0.4180254340171814,BUY,0.8360508680343628,0.14402854442596436
2020-02-25,0.43112826347351074,BUY,0.8622565269470215,0.14402854442596436
2020-02-26,0.4339333176612854,BUY,0.8678666353225708,0.14402854442596436
2020-02-27,0.43814361095428467,BUY,0.8762872219085693,0.14402854442596436
2020-02-28,0.43227553367614746,BUY,0.8645510673522949,0.14402854442596436
2020-03-02,0.45664656162261963,BUY,0.9132931232452393,0.14402854442596436
2020-03-03,0.4567074775695801,BUY,0.9134149551391602,0.14402854442596436
2020-03-04,0.4574558734893799,BUY,0.9149117469787598,0.14402854442596436
2020-03-05,0.4574558734893799,BUY,0.9149117469787598,0.14916665852069855
2020-03-06,0.4577330946922302,BUY,0.9154661893844604,0.14916665852069855
2020-03-09,0.45341068506240845,BUY,0.9068213701248169,0.1629711538553238
2020-03-10,0.4532563090324402,BUY,0.9065126180648804,0.1629711538553238
2020-03-11,0.4604896306991577,BUY,0.9209792613983154,0.1665276437997818
2020-03-12,0.4605981707572937,BUY,0.9211963415145874,0.17243477702140808
2020-03-13,0.4620799422264099,BUY,0.9241598844528198,0.17368747293949127
2020-03-16,0.3129402995109558,BUY,0.6258805990219116,0.18433699011802673
2020-03-17,0.3740321397781372,BUY,0.7480642795562744,0.18433699011802673
2020-03-18,0.4120314121246338,BUY,0.8240628242492676,0.1766921877861023
2020-03-19,0.40676349401474,BUY,0.81352698802948,0.21315602958202362
2020-03-20,0.37337952852249146,BUY,0.7467590570449829,0.23421762883663177
2020-03-23,0.3830530047416687,BUY,0.7661060094833374,0.23761633038520813
2020-03-24,0.3792073726654053,BUY,0.7584147453308105,0.23761633038520813
2020-03-25,0.37567412853240967,BUY,0.7513482570648193,0.23761633038520813
2020-03-26,0.3520148992538452,BUY,0.7040297985076904,0.22870245575904846
2020-03-27,0.3618673086166382,BUY,0.7237346172332764,0.22870245575904846
2020-03-30,0.3784902095794678,BUY,0.7569804191589355,0.18331611156463623
2020-03-31,0.3784902095794678,BUY,0.7569804191589355,0.18331611156463623
2020-04-01,0.3911718726158142,BUY,0.7823437452316284,0.22944161295890808
2020-04-02,0.38188666105270386,BUY,0.7637733221054077,0.21719110012054443
2020-04-03,0.3883456587791443,BUY,0.7766913175582886,0.18959908187389374
2020-04-06,0.3904722332954407,BUY,0.7809444665908813,0.15442875027656555
2020-04-07,0.39102327823638916,BUY,0.7820465564727783,0.15442875027656555
2020-04-08,0.3965245485305786,BUY,0.7930490970611572,0.15442875027656555
2020-04-09,0.39021414518356323,BUY,0.7804282903671265,0.1682332456111908
2020-04-13,0.3958365321159363,BUY,0.7916730642318726,0.1682332456111908
2020-04-14,0.4083518981933594,BUY,0.8167037963867188,0.1682332456111908
2020-04-15,0.42027896642684937,BUY,0.8405579328536987,0.16214394569396973
2020-04-16,0.4232689142227173,BUY,0.8465378284454346,0.14929063618183136
2020-04-17,0.430380642414093,BUY,0.860761284828186,0.14929063618183136
2020-04-20,0.4338555932044983,BUY,0.8677111864089966,0.14929063618183136
2020-04-21,0.4144973158836365,BUY,0.828994631767273,0.14929063618183136
2020-04-22,0.418843150138855,BUY,0.83768630027771,0.14929063618183136
2020-04-23,0.40139448642730713,BUY,0.8027889728546143,0.14929063618183136
2020-04-24,0.4230507016181946,BUY,0.8461014032363892,0.1481049805879593
2020-04-27,0.39468109607696533,BUY,0.7893621921539307,0.1481049805879593
2020-04-28,0.40080034732818604,BUY,0.8016006946563721,0.145891934633255
2020-04-29,0.412290096282959,BUY,0.824580192565918,0.145891934633255
2020-04-30,0.3675117492675781,BUY,0.7350234985351562,0.15874524414539337
2020-05-01,0.3175964951515198,BUY,0.6351929903030396,0.1510300487279892
2020-05-04,0.4084170460700989,BUY,0.8168340921401978,0.1665276437997818
2020-05-05,0.42270946502685547,BUY,0.8454189300537109,0.1665276437997818
2020-05-06,0.44425612688064575,BUY,0.8885122537612915,0.17243477702140808
2020-05-07,0.4061778783798218,BUY,0.8123557567596436,0.1766921877861023
2020-05-08,0.4204319715499878,BUY,0.8408639430999756,0.1766921877861023
2020-05-11,0.3528284430503845,BUY,0.705656886100769,0.17582735419273376
2020-05-12,0.2470245361328125,BUY,0.494049072265625,0.17582735419273376
2020-05-13,0.40951740741729736,BUY,0.8190348148345947,0.1810230016708374
2020-05-14,0.4565553665161133,BUY,0.9131107330322266,0.1629711538553238
2020-05-15,0.44971686601638794,BUY,0.8994337320327759,0.1629711538553238
2020-05-18,0.4275241494178772,BUY,0.8550482988357544,0.14916665852069855
2020-05-19,0.421782910823822,BUY,0.843565821647644,0.14916665852069855
2020-05-20,0.4229062795639038,BUY,0.8458125591278076,0.14916665852069855
2020-05-21,0.41085636615753174,BUY,0.8217127323150635,0.14916665852069855
2020-05-22,0.4152342677116394,BUY,0.8304685354232788,0.14402854442596436
2020-05-26,0.4262869954109192,BUY,0.8525739908218384,0.15688185393810272
2020-05-27,0.4160865545272827,BUY,0.8321731090545654,0.15688185393810272
2020-05-28,0.4086343050003052,BUY,0.8172686100006104,0.1480078250169754
2020-05-29,0.41571491956710815,BUY,0.8314298391342163,0.14916665852069855
2020-06-01,0.40876835584640503,BUY,0.8175367116928101,0.14916665852069855
2020-06-02,0.3520798683166504,BUY,0.7041597366333008,0.14916665852069855
2020-06-03,0.33721399307250977,BUY,0.6744279861450195,0.14916665852069855
2020-06-04,0.41481804847717285,BUY,0.8296360969543457,0.15688185393810272
2020-06-05,0.39600348472595215,BUY,0.7920069694519043,0.14402854442596436
2020-06-08,0.408008337020874,BUY,0.816016674041748,0.14402854442596436
2020-06-09,0.3769206404685974,BUY,0.7538412809371948,0.14402854442596436
2020-06-10,0.3208380937576294,BUY,0.6416761875152588,0.14402854442596436
2020-06-11,0.317891001701355,BUY,0.63578200340271,0.14402854442596436
2020-06-12,0.31218546628952026,BUY,0.6243709325790405,0.14402854442596436
2020-06-15,0.42029088735580444,BUY,0.8405817747116089,0.14402854442596436
2020-06-16,0.44542962312698364,BUY,0.8908592462539673,0.14402854442596436
2020-06-17,0.4426425099372864,BUY,0.8852850198745728,0.14402854442596436
2020-06-18,0.4472850561141968,BUY,0.8945701122283936,0.14402854442596436
2020-06-19,0.43826478719711304,BUY,0.8765295743942261,0.14402854442596436
2020-06-22,0.41567325592041016,BUY,0.8313465118408203,0.14402854442596436
2020-06-23,0.41452157497406006,BUY,0.8290431499481201,0.14402854442596436
2020-06-24,0.4130750894546509,BUY,0.8261501789093018,0.14402854442596436
2020-06-25,0.38994383811950684,BUY,0.7798876762390137,0.14402854442596436
2020-06-26,0.2971617579460144,BUY,0.5943235158920288,0.14402854442596436
2020-06-29,0.42440444231033325,BUY,0.8488088846206665,0.14402854442596436
2020-06-30,0.42318010330200195,BUY,0.8463602066040039,0.14402854442596436
2020-07-01,0.43805599212646484,BUY,0.8761119842529297,0.14402854442596436
2020-07-02,0.4014068841934204,BUY,0.8028137683868408,0.1453164964914322
2020-07-06,0.4136275053024292,BUY,0.8272550106048584,0.1480078250169754
2020-07-07,0.4025038480758667,BUY,0.8050076961517334,0.14916665852069855
2020-07-08,0.398750364780426,BUY,0.797500729560852,0.14916665852069855
2020-07-09,0.40072309970855713,BUY,0.8014461994171143,0.14402854442596436
2020-07-10,0.3950653672218323,BUY,0.7901307344436646,0.14916665852069855
2020-07-13,0.38475239276885986,BUY,0.7695047855377197,0.1629711538553238
2020-07-14,0.41984111070632935,BUY,0.8396822214126587,0.1665276437997818
2020-07-15,0.37305378913879395,BUY,0.7461075782775879,0.14916665852069855
2020-07-16,0.35152387619018555,BUY,0.7030477523803711,0.14402854442596436
2020-07-17,0.3500670790672302,BUY,0.7001341581344604,0.1480078250169754
2020-07-20,0.2945582866668701,BUY,0.5891165733337402,0.14402854442596436
2020-07-21,0.28000420331954956,BUY,0.5600084066390991,0.14916665852069855
2020-07-22,0.2549077868461609,BUY,0.5098155736923218,0.14916665852069855
2020-07-23,0.2562359571456909,BUY,0.5124719142913818,0.14916665852069855
2020-07-24,0.2734687328338623,BUY,0.5469374656677246,0.1480078250169754
2020-07-27,0.27671462297439575,BUY,0.5534292459487915,0.14402854442596436
2020-07-28,0.27671462297439575,BUY,0.5534292459487915,0.14402854442596436
2020-07-29,0.27627259492874146,BUY,0.5525451898574829,0.14402854442596436
2020-07-30,0.2832571864128113,BUY,0.5665143728256226,0.14402854442596436
2020-07-31,0.3008546233177185,BUY,0.601709246635437,0.14402854442596436
2020-08-03,0.26742035150527954,BUY,0.5348407030105591,0.14402854442596436
2020-08-04,0.04192507266998291,HOLD,0.08385014533996582,0.14402854442596436
2020-08-05,0.2382153868675232,BUY,0.4764307737350464,0.14402854442596436
2020-08-06,0.2382153868675232,BUY,0.4764307737350464,0.14402854442596436
2020-08-07,0.023883283138275146,HOLD,0.04776656627655029,0.14402854442596436
2020-08-10,-0.06329116225242615,HOLD,0.1265823245048523,0.14402854442596436
2020-08-11,-0.11655709147453308,HOLD,0.23311418294906616,0.14402854442596436
2020-08-12,-0.1593245565891266,HOLD,0.3186491131782532,0.14916665852069855
2020-08-13,0.09364449977874756,BUY,0.18728899955749512,0.17125055193901062
2020-08-14,0.07871663570404053,HOLD,0.15743327140808105,0.17125055193901062
2020-08-17,-0.08763611316680908,HOLD,0.17527222633361816,0.17368747293949127
2020-08-18,-0.10654547810554504,HOLD,0.2130909562110901,0.15688185393810272
2020-08-19,-0.15117859840393066,HOLD,0.30235719680786133,0.14916665852069855
2020-08-20,-0.15488359332084656,HOLD,0.3097671866416931,0.1629711538553238
2020-08-21,-0.23611688613891602,HOLD,0.47223377227783203,0.14916665852069855
2020-08-24,-0.19536060094833374,HOLD,0.3907212018966675,0.14916665852069855
2020-08-25,-0.053286999464035034,HOLD,0.10657399892807007,0.1629711538553238
2020-08-26,-0.14624273777008057,HOLD,0.29248547554016113,0.15688185393810272
2020-08-27,-0.24095430970191956,HOLD,0.4819086194038391,0.15688185393810272
2020-08-28,-0.2769218385219574,HOLD,0.5538436770439148,0.15688185393810272
2020-08-31,-0.2441025972366333,HOLD,0.4882051944732666,0.15688185393810272
2020-09-01,-0.007199198007583618,HOLD,0.014398396015167236,0.15688185393810272
2020-09-02,-0.006772041320800781,HOLD,0.013544082641601562,0.15457433462142944
2020-09-03,0.12262094020843506,BUY,0.24524188041687012,0.14402854442596436
2020-09-04,0.02617257833480835,HOLD,0.0523451566696167,0.14402854442596436
2020-09-08,-0.006683975458145142,HOLD,0.013367950916290283,0.14402854442596436
2020-09-09,0.08131235837936401,BUY,0.16262471675872803,0.14402854442596436
2020-09-10,0.09178173542022705,BUY,0.1835634708404541,0.14402854442596436
2020-09-11,-0.26847511529922485,HOLD,0.5369502305984497,0.14402854442596436
2020-09-14,-0.209634929895401,HOLD,0.419269859790802,0.14402854442596436
2020-09-15,-0.20286649465560913,HOLD,0.40573298931121826,0.18288639187812805
2020-09-16,-0.3433913439512253,HOLD,0.6867826879024506,0.1935625523328781
2020-09-17,-0.35761912167072296,HOLD,0.7152382433414459,0.20073583722114563
2020-09-18,-0.34300166368484497,HOLD,0.6860033273696899,0.209286630153656
2020-09-21,-0.4000474587082863,HOLD,0.8000949174165726,0.2253037542104721
2020-09-22,-0.3741532415151596,HOLD,0.7483064830303192,0.22652293741703033
2020-09-23,-0.38830139487981796,HOLD,0.7766027897596359,0.22774963080883026
2020-09-24,-0.4040948450565338,HOLD,0.8081896901130676,0.23883551359176636
2020-09-25,-0.4061340242624283,HOLD,0.8122680485248566,0.22774963080883026
2020-09-28,-0.4145447909832001,HOLD,0.8290895819664001,0.22873598337173462
2020-09-29,-0.37234310805797577,HOLD,0.7446862161159515,0.19194042682647705
2020-09-30,-0.38279271125793457,HOLD,0.7655854225158691,0.22913405299186707
2020-10-01,-0.34470202028751373,HOLD,0.6894040405750275,0.21707478165626526
2020-10-02,-0.3244364410638809,HOLD,0.6488728821277618,0.19448791444301605
2020-10-05,-0.34713999927043915,HOLD,0.6942799985408783,0.18453529477119446
2020-10-06,-0.40328897535800934,HOLD,0.8065779507160187,0.20742715895175934
2020-10-07,-0.41871263831853867,HOLD,0.8374252766370773,0.20017863810062408
2020-10-08,-0.4263266324996948,HOLD,0.8526532649993896,0.18317346274852753
2020-10-09,-0.41093945503234863,HOLD,0.8218789100646973,0.18750427663326263
2020-10-12,-0.3423570990562439,HOLD,0.6847141981124878,0.24127766489982605
2020-10-13,-0.3652319312095642,HOLD,0.7304638624191284,0.24127766489982605
2020-10-14,-0.3697275072336197,HOLD,0.7394550144672394,0.22526054084300995
2020-10-15,-0.3222852945327759,HOLD,0.6445705890655518,0.22526054084300995
2020-10-16,-0.33844226598739624,HOLD,0.6768845319747925,0.22912994027137756
2020-10-19,-0.33844226598739624,HOLD,0.6768845319747925,0.22912994027137756
2020-10-20,-0.3320477604866028,HOLD,0.6640955209732056,0.21054060757160187
2020-10-21,-0.28224100172519684,HOLD,0.5644820034503937,0.21054060757160187
2020-10-22,-0.2758365273475647,HOLD,0.5516730546951294,0.21054060757160187
2020-10-23,-0.18063122034072876,HOLD,0.3612624406814575,0.2034880518913269
2020-10-26,-0.08055412769317627,HOLD,0.16110825538635254,0.1593930870294571
2020-10-27,0.10265523195266724,BUY,0.20531046390533447,0.1505098193883896
2020-10-28,-0.22047749161720276,HOLD,0.4409549832344055,0.17437075078487396
2020-10-29,-0.26020024716854095,HOLD,0.5204004943370819,0.17437075078487396
2020-10-30,-0.3010625094175339,HOLD,0.6021250188350677,0.17081426084041595
2020-11-02,-0.30287109315395355,HOLD,0.6057421863079071,0.17081426084041595
2020-11-03,-0.30731622874736786,HOLD,0.6146324574947357,0.17081426084041595
2020-11-04,-0.2696569561958313,HOLD,0.5393139123916626,0.18453529477119446
2020-11-05,-0.29850223660469055,HOLD,0.5970044732093811,0.19448791444301605
2020-11-06,-0.3382614850997925,HOLD,0.676522970199585,0.19448791444301605
2020-11-09,-0.24603840708732605,HOLD,0.4920768141746521,0.19448791444301605
2020-11-10,-0.2742272615432739,HOLD,0.5484545230865479,0.2324971854686737
2020-11-11,-0.2204364538192749,HOLD,0.4408729076385498,0.18317346274852753
2020-11-12,-0.3318869173526764,HOLD,0.6637738347053528,0.18317346274852753
2020-11-13,-0.3320886939764023,HOLD,0.6641773879528046,0.18317346274852753
2020-11-16,-0.30372239649295807,HOLD,0.6074447929859161,0.182308629155159
2020-11-17,-0.1903073489665985,HOLD,0.380614697933197,0.182308629155159
2020-11-18,-0.18127155303955078,HOLD,0.36254310607910156,0.1789160519838333
2020-11-19,-0.19164034724235535,HOLD,0.3832806944847107,0.16945242881774902
2020-11-20,-0.19304969906806946,HOLD,0.3860993981361389,0.16217747330665588
2020-11-23,-0.1396048665046692,HOLD,0.2792097330093384,0.15810103714466095
2020-11-24,-0.11348676681518555,HOLD,0.2269735336303711,0.14524772763252258
2020-11-25,-0.13088446855545044,HOLD,0.2617689371109009,0.14524772763252258
2020-11-27,-0.11573880910873413,HOLD,0.23147761821746826,0.14524772763252258
2020-11-30,-0.23184338212013245,HOLD,0.4636867642402649,0.1599644273519516
2020-12-01,-0.22307661175727844,HOLD,0.4461532235145569,0.16132625937461853
2020-12-02,-0.2351393699645996,HOLD,0.4702787399291992,0.15361106395721436
2020-12-03,-0.2950586676597595,HOLD,0.590117335319519,0.16132625937461853
2020-12-04,-0.2572801411151886,HOLD,0.5145602822303772,0.1599644273519516
2020-12-07,-0.07491868734359741,HOLD,0.14983737468719482,0.1599644273519516
2020-12-08,0.14388960599899292,BUY,0.28777921199798584,0.15224923193454742
2020-12-09,0.15090405941009521,BUY,0.30180811882019043,0.16605372726917267
2020-12-10,0.1033126711845398,BUY,0.2066253423690796,0.16605372726917267
2020-12-11,0.16750061511993408,BUY,0.33500123023986816,0.16605372726917267
2020-12-14,0.20014464855194092,BUY,0.40028929710388184,0.15224923193454742
2020-12-15,0.2163119912147522,BUY,0.4326239824295044,0.1599644273519516
2020-12-16,-0.10381031036376953,HOLD,0.20762062072753906,0.15361106395721436
2020-12-17,-0.07585367560386658,HOLD,0.15170735120773315,0.1516653299331665
2020-12-18,-0.09335249662399292,HOLD,0.18670499324798584,0.15810103714466095
2020-12-21,-0.021121859550476074,HOLD,0.04224371910095215,0.16605372726917267
2020-12-22,-0.14326173067092896,HOLD,0.2865234613418579,0.14711111783981323
2020-12-23,0.04717111587524414,HOLD,0.09434223175048828,0.14524772763252258
2020-12-24,0.020677626132965088,HOLD,0.041355252265930176,0.14524772763252258
2020-12-28,-0.16626808047294617,HOLD,0.33253616094589233,0.14922700822353363
2020-12-29,-0.1382427215576172,HOLD,0.2764854431152344,0.18027175962924957
2020-12-30,-0.18851128220558167,HOLD,0.37702256441116333,0.18027175962924957
2020-12-31,-0.006447136402130127,HOLD,0.012894272804260254,0.16961021721363068
2021-01-04,0.12084341049194336,BUY,0.24168682098388672,0.17551735043525696
2021-01-05,0.07761460542678833,HOLD,0.15522921085357666,0.1811365932226181
2021-01-06,0.03255993127822876,HOLD,0.06511986255645752,0.1811365932226181
2021-01-07,0.1109049916267395,BUY,0.221809983253479,0.17977476119995117
2021-01-08,0.058435142040252686,HOLD,0.11687028408050537,0.17977476119995117
2021-01-11,0.11571401357650757,BUY,0.23142802715301514,0.18410557508468628
2021-01-12,-0.3146533966064453,HOLD,0.6293067932128906,0.19954226911067963
2021-01-13,-0.2267765998840332,HOLD,0.4535531997680664,0.19330225884914398
2021-01-14,-0.26271702349185944,HOLD,0.5254340469837189,0.19835661351680756
2021-01-15,-0.2777208983898163,HOLD,0.5554417967796326,0.22713585197925568
2021-01-19,-0.2538600265979767,HOLD,0.5077200531959534,0.24083371460437775
2021-01-20,-0.24019122123718262,HOLD,0.48038244247436523,0.23576591908931732
2021-01-21,-0.1418294906616211,HOLD,0.2836589813232422,0.23191983997821808
2021-01-22,0.10113227367401123,BUY,0.20226454734802246,0.32103314995765686
2021-01-25,0.030172765254974365,HOLD,0.06034553050994873,0.3520883023738861
2021-01-26,0.030665576457977295,HOLD,0.06133115291595459,0.3823915421962738
2021-01-27,0.04227548837661743,HOLD,0.08455097675323486,0.3444767892360687
2021-01-28,0.05101203918457031,HOLD,0.10202407836914062,0.3293807804584503
2021-01-29,0.009424746036529541,HOLD,0.018849492073059082,0.30375996232032776
2021-02-01,-0.08786696195602417,HOLD,0.17573392391204834,0.3001284897327423
2021-02-02,0.10249334573745728,BUY,0.20498669147491455,0.29446664452552795
2021-02-03,0.05383121967315674,HOLD,0.10766243934631348,0.29446664452552795
2021-02-04,0.07288306951522827,HOLD,0.14576613903045654,0.29446664452552795
2021-02-05,0.14422357082366943,BUY,0.28844714164733887,0.20798687636852264
2021-02-08,0.11971336603164673,BUY,0.23942673206329346,0.2003420740365982
2021-02-09,0.1260300874710083,BUY,0.2520601749420166,0.1866210401058197
2021-02-10,0.17319494485855103,BUY,0.34638988971710205,0.2508157789707184
2021-02-11,0.20413607358932495,BUY,0.4082721471786499,0.24145373702049255
2021-02-12,-0.005768686532974243,HOLD,0.011537373065948486,0.23875640332698822
2021-02-16,-0.021235764026641846,HOLD,0.04247152805328369,0.24145373702049255
2021-02-17,-0.012958616018295288,HOLD,0.025917232036590576,0.23875640332698822
2021-02-18,-0.03781324625015259,HOLD,0.07562649250030518,0.2248782217502594
2021-02-19,-0.08166062831878662,HOLD,0.16332125663757324,0.2248782217502594
2021-02-22,-0.08910730481147766,HOLD,0.17821460962295532,0.2248782217502594
2021-02-23,-0.10550388693809509,HOLD,0.21100777387619019,0.23206718266010284
2021-02-24,-0.07364892959594727,HOLD,0.14729785919189453,0.23323924839496613
2021-02-25,-0.187435120344162,HOLD,0.374870240688324,0.17133784294128418
2021-02-26,-0.1974029242992401,HOLD,0.3948058485984802,0.17133784294128418
2021-03-01,-0.21122121810913086,HOLD,0.4224424362182617,0.17905303835868835
2021-03-02,-0.23647648096084595,HOLD,0.4729529619216919,0.1866210401058197
2021-03-03,-0.10445579886436462,HOLD,0.20891159772872925,0.1811956763267517
2021-03-04,-0.2244289517402649,HOLD,0.4488579034805298,0.1798143982887268
2021-03-05,-0.18747198581695557,HOLD,0.37494397163391113,0.18282073736190796
2021-03-08,-0.17839401960372925,HOLD,0.3567880392074585,0.1724393218755722
2021-03-09,-0.1580778956413269,HOLD,0.3161557912826538,0.16132625937461853
2021-03-10,-0.14673084020614624,HOLD,0.2934616804122925,0.18248480558395386
2021-03-11,-0.21929898858070374,HOLD,0.43859797716140747,0.1731850951910019
2021-03-12,-0.18699458241462708,HOLD,0.37398916482925415,0.1709720492362976
2021-03-15,-0.21314451098442078,HOLD,0.42628902196884155,0.1674155592918396
2021-03-16,-0.19400179386138916,HOLD,0.3880035877227783,0.15361106395721436
2021-03-17,-0.17724096775054932,HOLD,0.35448193550109863,0.15224923193454742
2021-03-18,-0.16797906160354614,HOLD,0.3359581232070923,0.16961021721363068
2021-03-19,-0.22062209248542786,HOLD,0.4412441849708557,0.17898309230804443
2021-03-22,-0.1243150532245636,HOLD,0.2486301064491272,0.17898309230804443
2021-03-23,-0.18383261561393738,HOLD,0.36766523122787476,0.17810702323913574
2021-03-24,-0.16535621881484985,HOLD,0.3307124376296997,0.15361106395721436
2021-03-25,-0.1610344648361206,HOLD,0.3220689296722412,0.16419033706188202
2021-03-26,-0.20584887266159058,HOLD,0.41169774532318115,0.16774682700634003
2021-03-29,-0.17832359671592712,HOLD,0.35664719343185425,0.16774682700634003
2021-03-30,-0.1864398717880249,HOLD,0.3728797435760498,0.17791137099266052
2021-03-31,-0.19805321097373962,HOLD,0.39610642194747925,0.2886056900024414
2021-04-01,-0.2322464883327484,HOLD,0.4644929766654968,0.29040491580963135
2021-04-05,-0.17565175890922546,HOLD,0.3513035178184509,0.29178619384765625
2021-04-06,-0.13885581493377686,HOLD,0.2777116298675537,0.29178619384765625
2021-04-07,-0.12602967023849487,HOLD,0.25205934047698975,0.29040491580963135
2021-04-08,-0.14672330021858215,HOLD,0.2934466004371643,0.29040491580963135
2021-04-09,-0.10238602757453918,HOLD,0.20477205514907837,0.2880803346633911
2021-04-12,-0.14391189813613892,HOLD,0.28782379627227783,0.2880803346633911
2021-04-13,-0.10851380228996277,HOLD,0.21702760457992554,0.2880803346633911
2021-04-14,-0.14648285508155823,HOLD,0.29296571016311646,0.2880803346633911
2021-04-15,-0.09017688035964966,HOLD,0.18035376071929932,0.19533465802669525
2021-04-16,-0.16115805506706238,HOLD,0.32231611013412476,0.1740456223487854
2021-04-19,-0.12541359663009644,HOLD,0.25082719326019287,0.1839381903409958
2021-04-20,-0.08121791481971741,HOLD,0.16243582963943481,0.1888759583234787
2021-04-21,-0.042359352111816406,HOLD,0.08471870422363281,0.1901378184556961
2021-04-22,0.19488173723220825,BUY,0.3897634744644165,0.19795595109462738
2021-04-23,0.16263508796691895,BUY,0.3252701759338379,0.1901378184556961
2021-04-26,0.09811931848526001,BUY,0.19623863697052002,0.16799895465373993
2021-04-27,0.19597876071929932,BUY,0.39195752143859863,0.19035950303077698
2021-04-28,0.19808053970336914,BUY,0.3961610794067383,0.19035950303077698
2021-04-29,0.1674293875694275,BUY,0.334858775138855,0.20640510320663452
2021-04-30,0.10421532392501831,BUY,0.20843064785003662,0.21073591709136963
2021-05-03,0.08029729127883911,BUY,0.16059458255767822,0.21441848576068878
2021-05-04,0.059366583824157715,HOLD,0.11873316764831543,0.21209391951560974
2021-05-05,0.04320591688156128,HOLD,0.08641183376312256,0.20978610217571259
2021-05-06,0.050412774085998535,HOLD,0.10082554817199707,0.20214129984378815
2021-05-07,-0.11499342322349548,HOLD,0.22998684644699097,0.19958090782165527
2021-05-10,-0.12433063983917236,HOLD,0.24866127967834473,0.1901378184556961
2021-05-11,-0.22544416785240173,HOLD,0.45088833570480347,0.17311938107013702
2021-05-12,-0.21748048067092896,HOLD,0.4349609613418579,0.1740456223487854
2021-05-13,-0.2257373034954071,HOLD,0.4514746069908142,0.21708835661411285
2021-05-14,-0.16744449734687805,HOLD,0.3348889946937561,0.2007279098033905
2021-05-17,-0.12515830993652344,HOLD,0.2503166198730469,0.20661459863185883
2021-05-18,0.10104703903198242,BUY,0.20209407806396484,0.20661459863185883
2021-05-19,0.20338410139083862,BUY,0.40676820278167725,0.23215608298778534
2021-05-20,0.21281737089157104,BUY,0.4256347417831421,0.22773821651935577
2021-05-21,0.20941221714019775,BUY,0.4188244342803955,0.19431172311306
2021-05-24,0.2253131866455078,BUY,0.4506263732910156,0.19431172311306
2021-05-25,0.12715423107147217,BUY,0.25430846214294434,0.1843591034412384
2021-05-26,0.12715423107147217,BUY,0.25430846214294434,0.1581954061985016
2021-05-27,0.15234136581420898,BUY,0.30468273162841797,0.19366957247257233
2021-05-28,0.13475936651229858,BUY,0.26951873302459717,0.1913450062274933
2021-06-01,0.04960411787033081,HOLD,0.09920823574066162,0.19453440606594086
2021-06-02,0.017872750759124756,HOLD,0.03574550151824951,0.19005174934864044
2021-06-03,0.05005323886871338,HOLD,0.10010647773742676,0.17199990153312683
2021-06-04,0.010009348392486572,HOLD,0.020018696784973145,0.18572093546390533
2021-06-07,-0.013330072164535522,HOLD,0.026660144329071045,0.19567355513572693
2021-06-08,-0.03444790840148926,HOLD,0.06889581680297852,0.2027261108160019
2021-06-09,-0.08791527152061462,HOLD,0.17583054304122925,0.2098993957042694
2021-06-10,-0.09991857409477234,HOLD,0.19983714818954468,0.22095775604248047
2021-06-11,-0.09574612975120544,HOLD,0.1914922595024109,0.23443937301635742
2021-06-14,-0.09639722108840942,HOLD,0.19279444217681885,0.24540145695209503
2021-06-15,0.014668166637420654,HOLD,0.02933633327484131,0.24261566996574402
2021-06-16,0.09091389179229736,BUY,0.18182778358459473,0.23325373232364655
2021-06-17,0.35291749238967896,BUY,0.7058349847793579,0.41677603125572205
2021-06-18,0.30111199617385864,BUY,0.6022239923477173,0.43660977482795715
2021-06-21,0.249658465385437,BUY,0.499316930770874,0.43960100412368774
2021-06-22,0.20513755083084106,BUY,0.41027510166168213,0.43660977482795715
2021-06-23,0.350810170173645,BUY,0.70162034034729,0.43660977482795715
2021-06-24,0.28057146072387695,BUY,0.5611429214477539,0.4198460280895233
2021-06-25,0.35195034742355347,BUY,0.7039006948471069,0.4155949354171753
2021-06-28,0.3128652572631836,BUY,0.6257305145263672,0.4066319763660431
2021-06-29,0.3220256567001343,BUY,0.6440513134002686,0.3657681941986084
2021-06-30,0.2839335799217224,BUY,0.5678671598434448,0.3766944706439972
2021-07-01,0.17026197910308838,BUY,0.34052395820617676,0.38228628039360046
2021-07-02,0.19981461763381958,BUY,0.39962923526763916,0.4103597104549408
2021-07-06,0.21049952507019043,BUY,0.42099905014038086,0.4103597104549408
2021-07-07,0.1085548996925354,BUY,0.2171097993850708,0.4103597104549408
2021-07-08,0.12738460302352905,BUY,0.2547692060470581,0.40746957063674927
2021-07-09,0.253234326839447,BUY,0.506468653678894,0.4103597104549408
2021-07-12,0.01709604263305664,HOLD,0.03419208526611328,0.3817136883735657
2021-07-13,0.010274648666381836,HOLD,0.020549297332763672,0.36936092376708984
2021-07-14,0.038938701152801514,HOLD,0.07787740230560303,0.36936092376708984
2021-07-15,-0.0004394948482513428,HOLD,0.0008789896965026855,0.3703535199165344
2021-07-16,0.0047057271003723145,HOLD,0.009411454200744629,0.3703535199165344
2021-07-19,-0.08854749798774719,HOLD,0.17709499597549438,0.380374014377594
2021-07-20,-0.15780767798423767,HOLD,0.31561535596847534,0.24704609811306
2021-07-21,-0.1252155601978302,HOLD,0.2504311203956604,0.24704609811306
2021-07-22,-0.09930881857872009,HOLD,0.19861763715744019,0.2699908912181854
2021-07-23,-0.11077892780303955,HOLD,0.2215578556060791,0.27268821001052856
2021-07-26,-0.0028733909130096436,HOLD,0.005746781826019287,0.2416553944349289
2021-07-27,0.03623443841934204,HOLD,0.07246887683868408,0.2416553944349289
2021-07-28,-0.18692195415496826,HOLD,0.3738439083099365,0.2317027598619461
2021-07-29,-0.20902928709983826,HOLD,0.4180585741996765,0.2274453490972519
2021-07-30,-0.12820306420326233,HOLD,0.25640612840652466,0.23083792626857758
2021-08-02,0.061651408672332764,HOLD,0.12330281734466553,0.21281698346138
2021-08-03,0.1792166829109192,BUY,0.3584333658218384,0.216373473405838
2021-08-04,0.17270076274871826,BUY,0.3454015254974365,0.22567318379878998
2021-08-05,0.14990359544754028,BUY,0.29980719089508057,0.21281698346138
2021-08-06,0.09887886047363281,BUY,0.19775772094726562,0.216373473405838
2021-08-09,0.07448828220367432,HOLD,0.14897656440734863,0.20174308121204376
2021-08-10,0.07279986143112183,HOLD,0.14559972286224365,0.20765021443367004
2021-08-11,0.09182697534561157,BUY,0.18365395069122314,0.25826331973075867
2021-08-12,0.10981225967407227,BUY,0.21962451934814453,0.23864351212978363
2021-08-13,3.4928321838378906e-05,HOLD,6.985664367675781e-05,0.24276940524578094
2021-08-16,0.1435982584953308,BUY,0.2871965169906616,0.27103108167648315
2021-08-17,0.1435982584953308,BUY,0.2871965169906616,0.25180307030677795
2021-08-18,0.15540385246276855,BUY,0.3108077049255371,0.24785399436950684
2021-08-19,0.16224485635757446,BUY,0.3244897127151489,0.2659296989440918
2021-08-20,0.2453373670578003,BUY,0.4906747341156006,0.25900399684906006
2021-08-23,0.4114360809326172,BUY,0.8228721618652344,0.24746866524219513
2021-08-24,0.37656545639038086,BUY,0.7531309127807617,0.29966410994529724
2021-08-25,0.37641292810440063,BUY,0.7528258562088013,0.2926953136920929
2021-08-26,0.33127886056900024,BUY,0.6625577211380005,0.29966410994529724
2021-08-27,0.18407928943634033,BUY,0.36815857887268066,0.2926953136920929
2021-08-30,0.2556006908416748,BUY,0.5112013816833496,0.3016033470630646
2021-08-31,0.28345054388046265,BUY,0.5669010877609253,0.29966410994529724
2021-09-01,0.30676162242889404,BUY,0.6135232448577881,0.2978648841381073
2021-09-02,0.331373929977417,BUY,0.662747859954834,0.29423341155052185
2021-09-03,0.3674471974372864,BUY,0.7348943948745728,0.29089614748954773
2021-09-07,0.3586217164993286,BUY,0.7172434329986572,0.29089614748954773
2021-09-08,0.25557994842529297,BUY,0.5111598968505859,0.24775105714797974
2021-09-09,0.3802160620689392,BUY,0.7604321241378784,0.23838911950588226
2021-09-10,0.3624259829521179,BUY,0.7248519659042358,0.23569178581237793
2021-09-13,0.3994000554084778,BUY,0.7988001108169556,0.23838911950588226
2021-09-14,0.41221344470977783,BUY,0.8244268894195557,0.17379038035869598
2021-09-15,0.339901864528656,BUY,0.679803729057312,0.1890735775232315
2021-09-16,0.3350854516029358,BUY,0.6701709032058716,0.17379038035869598
2021-09-17,0.34526920318603516,BUY,0.6905384063720703,0.17379038035869598
2021-09-20,0.3142635226249695,BUY,0.628527045249939,0.19069863855838776
2021-09-21,0.30733346939086914,BUY,0.6146669387817383,0.1890735775232315
2021-09-22,0.2936456799507141,BUY,0.5872913599014282,0.19263006746768951
2021-09-23,0.3032025694847107,BUY,0.6064051389694214,0.1890735775232315
2021-09-24,0.28870290517807007,BUY,0.5774058103561401,0.17379038035869598
2021-09-27,0.2633489966392517,BUY,0.5266979932785034,0.16755826771259308
2021-09-28,0.24772614240646362,BUY,0.49545228481292725,0.17102721333503723
2021-09-29,0.19765692949295044,BUY,0.3953138589859009,0.16331201791763306
2021-09-30,0.16295099258422852,BUY,0.32590198516845703,0.1821517050266266
2021-10-01,0.271828293800354,BUY,0.543656587600708,0.18022027611732483
2021-10-04,0.23971045017242432,BUY,0.47942090034484863,0.16999468207359314
2021-10-05,0.08062469959259033,BUY,0.16124939918518066,0.17859521508216858
2021-10-06,0.08497881889343262,BUY,0.16995763778686523,0.16095829010009766
2021-10-07,-0.11453351378440857,HOLD,0.22906702756881714,0.1623201221227646
2021-10-08,-0.08357042074203491,HOLD,0.16714084148406982,0.1601070761680603
2021-10-11,0.12060034275054932,BUY,0.24120068550109863,0.16619637608528137
2021-10-12,0.18146675825119019,BUY,0.36293351650238037,0.1766921877861023
2021-10-13,0.14745956659317017,BUY,0.29491913318634033,0.17368747293949127
2021-10-14,0.13040828704833984,BUY,0.2608165740966797,0.17243477702140808
2021-10-15,0.012248635292053223,HOLD,0.024497270584106445,0.1766921877861023
2021-10-18,0.04162722826004028,HOLD,0.08325445652008057,0.1766921877861023
2021-10-19,-0.00983920693397522,HOLD,0.01967841386795044,0.16969813406467438
2021-10-20,-0.01513323187828064,HOLD,0.03026646375656128,0.17991741001605988
2021-10-21,-0.021842151880264282,HOLD,0.043684303760528564,0.18756221234798431
2021-10-22,0.0025139451026916504,HOLD,0.005027890205383301,0.18756221234798431
2021-10-25,-0.03757071495056152,HOLD,0.07514142990112305,0.18850819766521454
2021-10-26,0.10068106651306152,BUY,0.20136213302612305,0.15874524414539337
2021-10-27,0.2861788868904114,BUY,0.5723577737808228,0.15816134214401245
2021-10-28,0.3517076373100281,BUY,0.7034152746200562,0.15874524414539337
2021-10-29,0.3669102191925049,BUY,0.7338204383850098,0.14916665852069855
2021-11-01,0.39741814136505127,BUY,0.7948362827301025,0.14916665852069855
2021-11-02,0.4046972393989563,BUY,0.8093944787979126,0.14916665852069855
2021-11-03,0.39208918809890747,BUY,0.7841783761978149,0.14916665852069855
2021-11-04,0.3994638919830322,BUY,0.7989277839660645,0.14916665852069855
2021-11-05,0.4149019718170166,BUY,0.8298039436340332,0.1601070761680603
2021-11-08,0.4342837929725647,BUY,0.8685675859451294,0.15239188075065613
2021-11-09,0.4063163995742798,BUY,0.8126327991485596,0.17691269516944885
2021-11-10,0.40413451194763184,BUY,0.8082690238952637,0.17824967205524445
2021-11-11,0.3848956227302551,BUY,0.7697912454605103,0.17991741001605988
2021-11-12,0.30229079723358154,BUY,0.6045815944671631,0.18987002968788147
2021-11-15,0.26652419567108154,BUY,0.5330483913421631,0.2104586958885193
2021-11-16,0.12288880348205566,BUY,0.24577760696411133,0.21315602958202362
2021-11-17,0.02181631326675415,HOLD,0.0436326265335083,0.2153690755367279
2021-11-18,0.012583673000335693,HOLD,0.025167346000671387,0.20549637079238892
2021-11-19,0.15817439556121826,BUY,0.3163487911224365,0.19096091389656067
2021-11-22,0.15833395719528198,BUY,0.31666791439056396,0.17912574112415314
2021-11-23,0.09982752799987793,BUY,0.19965505599975586,0.16975286602973938
2021-11-24,0.056551456451416016,HOLD,0.11310291290283203,0.17905257642269135
2021-11-26,0.39393889904022217,BUY,0.7878777980804443,0.17991741001605988
2021-11-29,0.41365259885787964,BUY,0.8273051977157593,0.17855557799339294
2021-11-30,0.41287118196487427,BUY,0.8257423639297485,0.18027926981449127
2021-12-01,0.4160963296890259,BUY,0.8321926593780518,0.18213045597076416
2021-12-02,0.41189777851104736,BUY,0.8237955570220947,0.1709795594215393
2021-12-03,0.419413685798645,BUY,0.83882737159729,0.1811441034078598
2021-12-06,0.4150267243385315,BUY,0.830053448677063,0.1811441034078598
2021-12-07,0.4256663918495178,BUY,0.8513327836990356,0.1811441034078598
2021-12-08,0.42008012533187866,BUY,0.8401602506637573,0.1854749172925949
2021-12-09,0.41326338052749634,BUY,0.8265267610549927,0.1854749172925949
2021-12-10,0.4029685854911804,BUY,0.8059371709823608,0.17978227138519287
2021-12-13,0.39312028884887695,BUY,0.7862405776977539,0.19326873123645782
2021-12-14,0.3771964907646179,BUY,0.7543929815292358,0.1819542795419693
2021-12-15,0.40363603830337524,BUY,0.8072720766067505,0.1819542795419693
2021-12-16,0.4039691090583801,BUY,0.8079382181167603,0.18108944594860077
2021-12-17,0.41740095615386963,BUY,0.8348019123077393,0.16704759001731873
2021-12-20,0.4166221618652344,BUY,0.8332443237304688,0.1601070761680603
2021-12-21,0.42872124910354614,BUY,0.8574424982070923,0.15239188075065613
2021-12-22,0.40646642446517944,BUY,0.8129328489303589,0.16483454406261444
2021-12-23,0.40644556283950806,BUY,0.8128911256790161,0.16483454406261444
2021-12-27,0.3691459894180298,BUY,0.7382919788360596,0.17891743779182434
2021-12-28,0.3746563792228699,BUY,0.7493127584457397,0.145891934633255
2021-12-29,0.37054353952407837,BUY,0.7410870790481567,0.1510300487279892
2021-12-30,0.39398401975631714,BUY,0.7879680395126343,0.18646126985549927
2021-12-31,0.3940240740776062,BUY,0.7880481481552124,0.17991741001605988
2022-01-03,0.3907371759414673,BUY,0.7814743518829346,0.18424822390079498
2022-01-04,0.4003368616104126,BUY,0.8006737232208252,0.21268533170223236
2022-01-05,0.39176541566848755,BUY,0.7835308313369751,0.20431071519851685
2022-01-06,0.36987507343292236,BUY,0.7397501468658447,0.20420977473258972
2022-01-07,0.362545371055603,BUY,0.725090742111206,0.21655473113059998
2022-01-10,0.36971336603164673,BUY,0.7394267320632935,0.21855293214321136
2022-01-11,0.35978806018829346,BUY,0.7195761203765869,0.21655473113059998
2022-01-12,0.3675679564476013,BUY,0.7351359128952026,0.2153690755367279
2022-01-13,0.3703082799911499,BUY,0.7406165599822998,0.21655473113059998
2022-01-14,0.33719468116760254,BUY,0.6743893623352051,0.21655473113059998
2022-01-18,0.3639075756072998,BUY,0.7278151512145996,0.21655473113059998
2022-01-19,0.37827783823013306,BUY,0.7565556764602661,0.20549637079238892
2022-01-20,0.39675188064575195,BUY,0.7935037612915039,0.23070065677165985
2022-01-21,0.4022185802459717,BUY,0.8044371604919434,0.23070065677165985
2022-01-24,0.4141619801521301,BUY,0.8283239603042603,0.22791486978530884
2022-01-25,0.3855959177017212,BUY,0.7711918354034424,0.2062079757452011
2022-01-26,0.32985973358154297,BUY,0.6597194671630859,0.21855293214321136
2022-01-27,0.31548410654067993,BUY,0.6309682130813599,0.21855293214321136
2022-01-28,0.35801857709884644,BUY,0.7160371541976929,0.19326873123645782
2022-01-31,0.3619075417518616,BUY,0.7238150835037231,0.18764692544937134
2022-02-01,0.36828625202178955,BUY,0.7365725040435791,0.20459343492984772
2022-02-02,0.42365390062332153,BUY,0.8473078012466431,0.1966470628976822
2022-02-03,0.4398304224014282,BUY,0.8796608448028564,0.19231624901294708
2022-02-04,0.42296963930130005,BUY,0.8459392786026001,0.1821517050266266
2022-02-07,0.41714608669281006,BUY,0.8342921733856201,0.16331201791763306
2022-02-08,0.41416823863983154,BUY,0.8283364772796631,0.1821517050266266
2022-02-09,0.4110701084136963,BUY,0.8221402168273926,0.17859521508216858
2022-02-10,0.40456825494766235,BUY,0.8091365098953247,0.1966470628976822
2022-02-11,0.3769395351409912,BUY,0.7538790702819824,0.18331611156463623
2022-02-14,0.34381794929504395,BUY,0.6876358985900879,0.19231484830379486
2022-02-15,0.36752820014953613,BUY,0.7350564002990723,0.19464081525802612
2022-02-16,0.3380846381187439,BUY,0.6761692762374878,0.20226886868476868
2022-02-17,0.31507986783981323,BUY,0.6301597356796265,0.20226886868476868
2022-02-18,0.28578412532806396,BUY,0.5715682506561279,0.1997576355934143
2022-02-22,0.2011684775352478,BUY,0.4023369550704956,0.21164599061012268
2022-02-23,0.0942603349685669,BUY,0.1885206699371338,0.21973857283592224
2022-02-24,-0.16057699918746948,HOLD,0.32115399837493896,0.23038843274116516
2022-02-25,-0.02936577796936035,HOLD,0.0587315559387207,0.29537874460220337
2022-02-28,-0.16732093691825867,HOLD,0.33464187383651733,0.30651307106018066
2022-03-01,-0.12236577272415161,HOLD,0.24473154544830322,0.3420394957065582
2022-03-02,-0.17085036635398865,HOLD,0.3417007327079773,0.3422986567020416
2022-03-03,0.17308539152145386,BUY,0.3461707830429077,0.3422986567020416
2022-03-04,0.15967833995819092,BUY,0.31935667991638184,0.3422986567020416
2022-03-07,0.10433083772659302,BUY,0.20866167545318604,0.3422986567020416
2022-03-08,-0.10699832439422607,HOLD,0.21399664878845215,0.33936259150505066
2022-03-09,-0.35214146971702576,HOLD,0.7042829394340515,0.3422986567020416
2022-03-10,-0.3419797122478485,HOLD,0.683959424495697,0.3338961899280548
2022-03-11,-0.4075858071446419,HOLD,0.8151716142892838,0.27499404549598694
2022-03-14,-0.4159494787454605,HOLD,0.831898957490921,0.2557399272918701
2022-03-15,-0.2952500730752945,HOLD,0.590500146150589,0.20278745889663696
2022-03-16,-0.2733800411224365,HOLD,0.546760082244873,0.19038774073123932
2022-03-17,-0.2567337602376938,HOLD,0.5134675204753876,0.19629064202308655
2022-03-18,-0.2654925286769867,HOLD,0.5309850573539734,0.19394423067569733
2022-03-21,-0.2910076975822449,HOLD,0.5820153951644897,0.20704486966133118
2022-03-22,-0.3358765244483948,HOLD,0.6717530488967896,0.19013124704360962
2022-03-23,-0.4020005390048027,HOLD,0.8040010780096054,0.19013124704360962
2022-03-24,-0.44106972962617874,HOLD,0.8821394592523575,0.19368773698806763
2022-03-25,-0.45079654082655907,HOLD,0.9015930816531181,0.1913631707429886
2022-03-28,-0.3706423193216324,HOLD,0.7412846386432648,0.23261898756027222
2022-03-29,-0.0034941136837005615,HOLD,0.006988227367401123,0.2193220555782318
2022-03-30,0.005089163780212402,HOLD,0.010178327560424805,0.23261898756027222
2022-03-31,0.24217307567596436,BUY,0.4843461513519287,0.2571118175983429
2022-04-01,0.23144888877868652,BUY,0.46289777755737305,0.25891104340553284
2022-04-04,0.18245214223861694,BUY,0.3649042844772339,0.25891104340553284
2022-04-05,0.19972234964370728,BUY,0.39944469928741455,0.2678249776363373
2022-04-06,0.18820345401763916,BUY,0.3764069080352783,0.2609207332134247
2022-04-07,0.18251943588256836,BUY,0.3650388717651367,0.28051379323005676
2022-04-08,0.10218006372451782,BUY,0.20436012744903564,0.2983971834182739
2022-04-11,0.03506278991699219,HOLD,0.07012557983398438,0.2914283871650696
2022-04-12,-0.07973024249076843,HOLD,0.15946048498153687,0.2846217453479767
2022-04-13,-0.17931294441223145,HOLD,0.3586258888244629,0.26272353529930115
2022-04-14,-0.2034434974193573,HOLD,0.4068869948387146,0.24426253139972687
2022-04-18,-0.20112445950508118,HOLD,0.40224891901016235,0.22115112841129303
2022-04-19,-0.33237192034721375,HOLD,0.6647438406944275,0.22243772447109222
2022-04-20,-0.36915938556194305,HOLD,0.7383187711238861,0.22105644643306732
2022-04-21,-0.40595462918281555,HOLD,0.8119092583656311,0.20647291839122772
2022-04-22,-0.4050604775547981,HOLD,0.8101209551095963,0.23349608480930328
2022-04-25,-0.4012634828686714,HOLD,0.8025269657373428,0.21017876267433167
2022-04-26,-0.3894125893712044,HOLD,0.7788251787424088,0.19936130940914154
2022-04-27,-0.38368889689445496,HOLD,0.7673777937889099,0.20022614300251007
2022-04-28,-0.35636182129383087,HOLD,0.7127236425876617,0.20455695688724518
2022-04-29,-0.31206485629081726,HOLD,0.6241297125816345,0.20223239064216614
2022-05-02,-0.21568989753723145,HOLD,0.4313797950744629,0.20509736239910126
2022-05-03,0.22385036945343018,BUY,0.44770073890686035,0.20347240567207336
2022-05-04,0.2686835527420044,BUY,0.5373671054840088,0.19488418102264404
2022-05-05,0.3090798854827881,BUY,0.6181597709655762,0.19489686191082
2022-05-06,0.3416116237640381,BUY,0.6832232475280762,0.18897704780101776
2022-05-09,0.3440525531768799,BUY,0.6881051063537598,0.20332694053649902
2022-05-10,0.35737037658691406,BUY,0.7147407531738281,0.19652029871940613
2022-05-11,0.3260709047317505,BUY,0.652141809463501,0.19652029871940613
2022-05-12,0.37114864587783813,BUY,0.7422972917556763,0.20085111260414124
2022-05-13,0.3380924463272095,BUY,0.676184892654419,0.25974735617637634
2022-05-16,0.25282013416290283,BUY,0.5056402683258057,0.2983971834182739
2022-05-17,0.34475481510162354,BUY,0.6895096302032471,0.2983971834182739
2022-05-18,0.36494094133377075,BUY,0.7298818826675415,0.2983971834182739
2022-05-19,0.33551621437072754,BUY,0.6710324287414551,0.3044244647026062
2022-05-20,0.2416943907737732,BUY,0.4833887815475464,0.2983971834182739
2022-05-23,0.19602298736572266,BUY,0.3920459747314453,0.2947657108306885
2022-05-24,0.27050185203552246,BUY,0.5410037040710449,0.28654345870018005
2022-05-25,0.2521372437477112,BUY,0.5042744874954224,0.28825584053993225
2022-05-26,0.1375516653060913,BUY,0.2751033306121826,0.3030925393104553
2022-05-27,-0.21767130494117737,HOLD,0.43534260988235474,0.2695302367210388
2022-05-31,-0.1855587661266327,HOLD,0.3711175322532654,0.25339385867118835
2022-06-01,-0.33147482573986053,HOLD,0.6629496514797211,0.25339385867118835
2022-06-02,-0.3307604491710663,HOLD,0.6615208983421326,0.25339385867118835
2022-06-03,-0.3974064067006111,HOLD,0.7948128134012222,0.25798463821411133
2022-06-06,-0.38846366852521896,HOLD,0.7769273370504379,0.25339385867118835
2022-06-07,-0.45234276354312897,HOLD,0.9046855270862579,0.25307899713516235
2022-06-08,-0.4598402678966522,HOLD,0.9196805357933044,0.2556600570678711
2022-06-09,-0.46064429357647896,HOLD,0.9212885871529579,0.26488885283470154
2022-06-10,-0.4628216587007046,HOLD,0.9256433174014091,0.256586492061615
2022-06-13,-0.4509595073759556,HOLD,0.9019190147519112,0.2678249776363373
2022-06-14,-0.4525477960705757,HOLD,0.9050955921411514,0.25765201449394226
2022-06-15,-0.4517524354159832,HOLD,0.9035048708319664,0.25765201449394226
2022-06-16,-0.4662122465670109,HOLD,0.9324244931340218,0.23570480942726135
2022-06-17,-0.4678623378276825,HOLD,0.935724675655365,0.2188134640455246
2022-06-21,-0.4343779757618904,HOLD,0.8687559515237808,0.2187967151403427
2022-06-22,-0.4129397124052048,HOLD,0.8258794248104095,0.21023881435394287
2022-06-23,-0.34940677881240845,HOLD,0.6988135576248169,0.2467631697654724
2022-06-24,-0.39129306375980377,HOLD,0.7825861275196075,0.2428937703371048
2022-06-27,-0.41611557453870773,HOLD,0.8322311490774155,0.26085028052330017
2022-06-28,-0.42169350385665894,HOLD,0.8433870077133179,0.26085028052330017
2022-06-29,-0.4137882739305496,HOLD,0.8275765478610992,0.2553330957889557
2022-06-30,-0.38827959448099136,HOLD,0.7765591889619827,0.2553330957889557
2022-07-01,-0.42196106165647507,HOLD,0.8439221233129501,0.2730960249900818
2022-07-05,-0.3985646888613701,HOLD,0.7971293777227402,0.2985880672931671
2022-07-06,-0.42392750084400177,HOLD,0.8478550016880035,0.29963845014572144
2022-07-07,-0.414693646132946,HOLD,0.829387292265892,0.3041587173938751
2022-07-08,-0.4264746233820915,HOLD,0.852949246764183,0.2817550599575043
2022-07-11,-0.4393007792532444,HOLD,0.8786015585064888,0.2836942970752716
2022-07-12,-0.42948970198631287,HOLD,0.8589794039726257,0.30829742550849915
2022-07-13,-0.4257678911089897,HOLD,0.8515357822179794,0.2836942970752716
2022-07-14,-0.4006287083029747,HOLD,0.8012574166059494,0.31479427218437195
2022-07-15,-0.1479283571243286,HOLD,0.2958567142486572,0.4421650469303131
2022-07-18,-0.046342700719833374,HOLD,0.09268540143966675,0.452297568321228
2022-07-19,0.30517828464508057,BUY,0.6103565692901611,0.4648236632347107
2022-07-20,0.3506971597671509,BUY,0.7013943195343018,0.4617985188961029
2022-07-21,0.37006068229675293,BUY,0.7401213645935059,0.4725456237792969
2022-07-22,0.3646247386932373,BUY,0.7292494773864746,0.4725456237792969
2022-07-25,0.3262355327606201,BUY,0.6524710655212402,0.47184422612190247
2022-07-26,0.2453405261039734,BUY,0.4906810522079468,0.48193395137786865
2022-07-27,0.10681939125061035,BUY,0.2136387825012207,0.47536468505859375
2022-07-28,-0.28070956468582153,HOLD,0.5614191293716431,0.4743312895298004
2022-07-29,-0.37966732680797577,HOLD,0.7593346536159515,0.410707950592041
2022-08-01,-0.4153926968574524,HOLD,0.8307853937149048,0.46330392360687256
2022-08-02,-0.42097052931785583,HOLD,0.8419410586357117,0.4602935314178467
2022-08-03,-0.42951733618974686,HOLD,0.8590346723794937,0.4474674165248871
2022-08-04,-0.4307556375861168,HOLD,0.8615112751722336,0.39950239658355713
2022-08-05,-0.4293498694896698,HOLD,0.8586997389793396,0.3833143711090088
2022-08-08,-0.3913734704256058,HOLD,0.7827469408512115,0.3442632257938385
2022-08-09,-0.455722913146019,HOLD,0.911445826292038,0.40785616636276245
2022-08-10,-0.4464792534708977,HOLD,0.8929585069417953,0.3904573321342468
2022-08-11,-0.4410039894282818,HOLD,0.8820079788565636,0.42471766471862793
2022-08-12,-0.44132182747125626,HOLD,0.8826436549425125,0.490831196308136
2022-08-15,-0.4435872659087181,HOLD,0.8871745318174362,0.5115639567375183
2022-08-16,-0.4132133796811104,HOLD,0.8264267593622208,0.5146167278289795
2022-08-17,-0.4292622432112694,HOLD,0.8585244864225388,0.5146167278289795
2022-08-18,-0.4485110975801945,HOLD,0.897022195160389,0.5192809104919434
2022-08-19,-0.4512152187526226,HOLD,0.9024304375052452,0.5192809104919434
2022-08-22,-0.45302825048565865,HOLD,0.9060565009713173,0.5192809104919434
2022-08-23,-0.4505298063158989,HOLD,0.9010596126317978,0.5192809104919434
2022-08-24,-0.4517074376344681,HOLD,0.9034148752689362,0.5192809104919434
2022-08-25,-0.4414236582815647,HOLD,0.8828473165631294,0.5192809104919434
2022-08-26,-0.45447462797164917,HOLD,0.9089492559432983,0.5123322606086731
2022-08-29,-0.4570879563689232,HOLD,0.9141759127378464,0.4961816370487213
2022-08-30,-0.45888303220272064,HOLD,0.9177660644054413,0.47708621621131897
2022-08-31,-0.46693816781044006,HOLD,0.9338763356208801,0.45146533846855164
2022-09-01,-0.434929683804512,HOLD,0.869859367609024,0.38634830713272095
2022-09-02,-0.4313514679670334,HOLD,0.8627029359340668,0.37977904081344604
2022-09-06,-0.36313675343990326,HOLD,0.7262735068798065,0.37977904081344604
2022-09-07,-0.38596637547016144,HOLD,0.7719327509403229,0.3436005115509033
2022-09-08,-0.35109496116638184,HOLD,0.7021899223327637,0.3424714207649231
2022-09-09,-0.42623254656791687,HOLD,0.8524650931358337,0.3652295172214508
2022-09-12,-0.4328461289405823,HOLD,0.8656922578811646,0.3642936646938324
2022-09-13,-0.44032571464776993,HOLD,0.8806514292955399,0.32823362946510315
2022-09-14,-0.4375193938612938,HOLD,0.8750387877225876,0.32518234848976135
2022-09-15,-0.404255747795105,HOLD,0.80851149559021,0.358485609292984
2022-09-16,-0.40650202333927155,HOLD,0.8130040466785431,0.32845285534858704
2022-09-19,-0.4343138411641121,HOLD,0.8686276823282242,0.32242557406425476
2022-09-20,-0.431021548807621,HOLD,0.862043097615242,0.32518234848976135
2022-09-21,-0.428859606385231,HOLD,0.857719212770462,0.32242557406425476
2022-09-22,-0.41656141728162766,HOLD,0.8331228345632553,0.32242557406425476
2022-09-23,-0.3990589901804924,HOLD,0.7981179803609848,0.32242557406425476
2022-09-26,-0.37455786764621735,HOLD,0.7491157352924347,0.25826331973075867
2022-09-27,-0.33503134548664093,HOLD,0.6700626909732819,0.25943538546562195
2022-09-28,-0.3089236617088318,HOLD,0.6178473234176636,0.2346445471048355
2022-09-29,-0.23826143145561218,HOLD,0.47652286291122437,0.1963873654603958
2022-09-30,-0.2600070834159851,HOLD,0.5200141668319702,0.22968623042106628
2022-10-03,0.19125407934188843,BUY,0.38250815868377686,0.22344185411930084
2022-10-04,0.35861724615097046,BUY,0.7172344923019409,0.21408148109912872
2022-10-05,0.29648858308792114,BUY,0.5929771661758423,0.2122848480939865
2022-10-06,0.3262465000152588,BUY,0.6524930000305176,0.2122848480939865
2022-10-07,0.4461992383003235,BUY,0.892398476600647,0.20464004576206207
2022-10-10,0.412805438041687,BUY,0.825610876083374,0.20897085964679718
2022-10-11,0.4042532444000244,BUY,0.8085064888000488,0.20345370471477509
2022-10-12,0.4304885268211365,BUY,0.860977053642273,0.20907551050186157
2022-10-13,0.43379467725753784,BUY,0.8675893545150757,0.20907551050186157
2022-10-14,0.43457043170928955,BUY,0.8691408634185791,0.17011865973472595
2022-10-17,0.4374760389328003,BUY,0.8749520778656006,0.16477447748184204
2022-10-18,0.43457043170928955,BUY,0.8691408634185791,0.16469329595565796
2022-10-19,0.44146865606307983,BUY,0.8829373121261597,0.15817390382289886
2022-10-20,0.46439313888549805,BUY,0.9287862777709961,0.16353446245193481
2022-10-21,0.46962881088256836,BUY,0.9392576217651367,0.15955518186092377
2022-10-24,0.4839845299720764,BUY,0.9679690599441528,0.1682332456111908
2022-10-25,0.47271817922592163,BUY,0.9454363584518433,0.1682332456111908
2022-10-26,0.4697380065917969,BUY,0.9394760131835938,0.15442875027656555
2022-10-27,0.46279484033584595,BUY,0.9255896806716919,0.1510300487279892
2022-10-28,0.46124333143234253,BUY,0.9224866628646851,0.1510300487279892
2022-10-31,0.43291497230529785,BUY,0.8658299446105957,0.15874524414539337
2022-11-01,0.43675917387008667,BUY,0.8735183477401733,0.16975286602973938
2022-11-02,0.37980830669403076,BUY,0.7596166133880615,0.16619637608528137
2022-11-03,0.42903846502304077,BUY,0.8580769300460815,0.17292335629463196
2022-11-04,0.426117479801178,BUY,0.852234959602356,0.17991741001605988
2022-11-07,0.38706040382385254,BUY,0.7741208076477051,0.16619637608528137
2022-11-08,0.3919631838798523,BUY,0.7839263677597046,0.16619637608528137
2022-11-09,0.3672294616699219,BUY,0.7344589233398438,0.16619637608528137
2022-11-10,0.15721160173416138,BUY,0.31442320346832275,0.19208307564258575
2022-11-11,-0.052104830741882324,HOLD,0.10420966148376465,0.20081107318401337
2022-11-14,0.03597128391265869,HOLD,0.07194256782531738,0.20209766924381256
2022-11-15,0.123943030834198,BUY,0.247886061668396,0.18850819766521454
2022-11-16,0.12649750709533691,BUY,0.25299501419067383,0.2104586958885193
2022-11-17,0.37955987453460693,BUY,0.7591197490692139,0.2104586958885193
2022-11-18,0.41006118059158325,BUY,0.8201223611831665,0.18987002968788147
2022-11-21,0.41888612508773804,BUY,0.8377722501754761,0.18987002968788147
2022-11-22,0.41888612508773804,BUY,0.8377722501754761,0.18850819766521454
2022-11-23,0.42841488122940063,BUY,0.8568297624588013,0.18987002968788147
2022-11-25,0.4322015643119812,BUY,0.8644031286239624,0.17905257642269135
2022-11-28,0.4191815257072449,BUY,0.8383630514144897,0.1744757741689682
2022-11-29,0.38236725330352783,BUY,0.7647345066070557,0.16483454406261444
2022-11-30,0.3512919545173645,BUY,0.702583909034729,0.16483454406261444
2022-12-01,0.3527715802192688,BUY,0.7055431604385376,0.18331611156463623
2022-12-02,0.2993413805961609,BUY,0.5986827611923218,0.18213045597076416
2022-12-05,0.27212923765182495,BUY,0.5442584753036499,0.18126562237739563
2022-12-06,0.28778642416000366,BUY,0.5755728483200073,0.1811441034078598
2022-12-07,0.2935958504676819,BUY,0.5871917009353638,0.1811441034078598
2022-12-08,0.32054293155670166,BUY,0.6410858631134033,0.18213045597076416
2022-12-09,0.32054293155670166,BUY,0.6410858631134033,0.18213045597076416
2022-12-12,0.31829220056533813,BUY,0.6365844011306763,0.19096091389656067
2022-12-13,0.24393457174301147,BUY,0.48786914348602295,0.19326873123645782
2022-12-14,0.20989996194839478,BUY,0.41979992389678955,0.1910967230796814
2022-12-15,0.23170405626296997,BUY,0.46340811252593994,0.1623201221227646
2022-12-16,0.27970969676971436,BUY,0.5594193935394287,0.16133376955986023
2022-12-19,0.3208649158477783,BUY,0.6417298316955566,0.17073744535446167
2022-12-20,0.3326972723007202,BUY,0.6653945446014404,0.1719641387462616
2022-12-21,0.3420788645744324,BUY,0.6841577291488647,0.16483454406261444
2022-12-22,0.2882760167121887,BUY,0.5765520334243774,0.16483454406261444
2022-12-23,0.30297547578811646,BUY,0.6059509515762329,0.16483454406261444
2022-12-27,0.3113517761230469,BUY,0.6227035522460938,0.1510300487279892
2022-12-28,0.2477208375930786,BUY,0.4954416751861572,0.15779955685138702
2022-12-29,0.20103996992111206,BUY,0.4020799398422241,0.1564377248287201
2022-12-30,0.16756349802017212,BUY,0.33512699604034424,0.14916665852069855
2023-01-03,0.2806176543235779,BUY,0.5612353086471558,0.17991741001605988
2023-01-04,0.30862343311309814,BUY,0.6172468662261963,0.17691269516944885
2023-01-05,0.2607755661010742,BUY,0.5215511322021484,0.17292335629463196
2023-01-06,0.3109152913093567,BUY,0.6218305826187134,0.18987002968788147
2023-01-09,0.3088548183441162,BUY,0.6177096366882324,0.18756221234798431
2023-01-10,0.247857928276062,BUY,0.495715856552124,0.18424822390079498
2023-01-11,0.24250030517578125,BUY,0.4850006103515625,0.18424822390079498
2023-01-12,0.2092529535293579,BUY,0.4185059070587158,0.17991741001605988
2023-01-13,0.10140174627304077,BUY,0.20280349254608154,0.17991741001605988
2023-01-17,0.02213078737258911,HOLD,0.04426157474517822,0.1766921877861023
2023-01-18,0.02338540554046631,HOLD,0.04677081108093262,0.1629711538553238
2023-01-19,0.23520112037658691,BUY,0.47040224075317383,0.1629711538553238
2023-01-20,0.271803081035614,BUY,0.543606162071228,0.15688185393810272
2023-01-23,0.2944486737251282,BUY,0.5888973474502563,0.14402854442596436
2023-01-24,0.3285368084907532,BUY,0.6570736169815063,0.14402854442596436
2023-01-25,0.2903803586959839,BUY,0.5807607173919678,0.14402854442596436
2023-01-26,0.28010571002960205,BUY,0.5602114200592041,0.14916665852069855
2023-01-27,0.29335838556289673,BUY,0.5867167711257935,0.14916665852069855
2023-01-30,0.24727994203567505,BUY,0.4945598840713501,0.16587570309638977
2023-01-31,0.2732059955596924,BUY,0.5464119911193848,0.16459621489048004
2023-02-01,0.1871458888053894,BUY,0.3742917776107788,0.16975286602973938
2023-02-02,-0.08359619975090027,HOLD,0.16719239950180054,0.17125055193901062
2023-02-03,-0.11814573407173157,HOLD,0.23629146814346313,0.1665276437997818
2023-02-06,-0.19904965162277222,HOLD,0.39809930324554443,0.1629711538553238
2023-02-07,-0.24143192172050476,HOLD,0.4828638434410095,0.1629711538553238
2023-02-08,-0.39161740988492966,HOLD,0.7832348197698593,0.1629711538553238
2023-02-09,-0.3441427946090698,HOLD,0.6882855892181396,0.14916665852069855
2023-02-10,-0.3303571790456772,HOLD,0.6607143580913544,0.15688185393810272
2023-02-13,-0.3733913153409958,HOLD,0.7467826306819916,0.14402854442596436
2023-02-14,-0.3694436103105545,HOLD,0.738887220621109,0.14402854442596436
2023-02-15,-0.306289479136467,HOLD,0.612578958272934,0.14402854442596436
2023-02-16,-0.348783403635025,HOLD,0.69756680727005,0.14402854442596436
2023-02-17,-0.33286339044570923,HOLD,0.6657267808914185,0.14402854442596436
2023-02-21,-0.3627074062824249,HOLD,0.7254148125648499,0.14402854442596436
2023-02-22,-0.3104688376188278,HOLD,0.6209376752376556,0.14402854442596436
2023-02-23,-0.3368188440799713,HOLD,0.6736376881599426,0.14402854442596436
2023-02-24,-0.3306688219308853,HOLD,0.6613376438617706,0.14402854442596436
2023-02-27,-0.34166091680526733,HOLD,0.6833218336105347,0.14402854442596436
2023-02-28,-0.284390926361084,HOLD,0.568781852722168,0.14916665852069855
2023-03-01,-0.3588968515396118,HOLD,0.7177937030792236,0.14916665852069855
2023-03-02,-0.3927024081349373,HOLD,0.7854048162698746,0.15688185393810272
2023-03-03,-0.38170652091503143,HOLD,0.7634130418300629,0.1629711538553238
2023-03-06,-0.3613881468772888,HOLD,0.7227762937545776,0.1629711538553238
2023-03-07,-0.37847258150577545,HOLD,0.7569451630115509,0.15688185393810272
2023-03-08,-0.36013922095298767,HOLD,0.7202784419059753,0.15688185393810272
2023-03-09,-0.36044707894325256,HOLD,0.7208941578865051,0.15688185393810272
2023-03-10,-0.34991970658302307,HOLD,0.6998394131660461,0.15688185393810272
2023-03-13,0.059858620166778564,HOLD,0.11971724033355713,0.15688185393810272
2023-03-14,0.22889173030853271,BUY,0.45778346061706543,0.14402854442596436
2023-03-15,0.2492019534111023,BUY,0.4984039068222046,0.14402854442596436
2023-03-16,0.25717276334762573,BUY,0.5143455266952515,0.14402854442596436
2023-03-17,0.2137070894241333,BUY,0.4274141788482666,0.14402854442596436
2023-03-20,0.24571651220321655,BUY,0.4914330244064331,0.14402854442596436
2023-03-21,0.1721940040588379,BUY,0.3443880081176758,0.14402854442596436
2023-03-22,0.18777382373809814,BUY,0.3755476474761963,0.14402854442596436
2023-03-23,0.16398465633392334,BUY,0.3279693126678467,0.14402854442596436
2023-03-24,0.19394713640213013,BUY,0.38789427280426025,0.14916665852069855
2023-03-27,0.27069705724716187,BUY,0.5413941144943237,0.1629711538553238
2023-03-28,0.08256566524505615,BUY,0.1651313304901123,0.1766921877861023
2023-03-29,0.008910000324249268,HOLD,0.017820000648498535,0.1810230016708374
2023-03-30,0.047067999839782715,HOLD,0.09413599967956543,0.1810230016708374
2023-03-31,-0.13511210680007935,HOLD,0.2702242136001587,0.1929786503314972
2023-04-03,-0.3323732614517212,HOLD,0.6647465229034424,0.20209766924381256
2023-04-04,-0.34925051033496857,HOLD,0.6985010206699371,0.1866448074579239
2023-04-05,-0.3754407688975334,HOLD,0.7508815377950668,0.1766921877861023
2023-04-06,-0.3529853969812393,HOLD,0.7059707939624786,0.16975286602973938
2023-04-10,-0.32756245136260986,HOLD,0.6551249027252197,0.17565999925136566
2023-04-11,-0.34279419481754303,HOLD,0.6855883896350861,0.1744757741689682
2023-04-12,-0.35807545483112335,HOLD,0.7161509096622467,0.15688185393810272
2023-04-13,-0.37349042296409607,HOLD,0.7469808459281921,0.15688185393810272
2023-04-14,-0.3484763205051422,HOLD,0.6969526410102844,0.15688185393810272
2023-04-17,-0.36383600533008575,HOLD,0.7276720106601715,0.14402854442596436
2023-04-18,-0.3560275435447693,HOLD,0.7120550870895386,0.14402854442596436
2023-04-19,-0.34098704159259796,HOLD,0.6819740831851959,0.14402854442596436
2023-04-20,-0.3522546887397766,HOLD,0.7045093774795532,0.14402854442596436
2023-04-21,-0.20017126202583313,HOLD,0.40034252405166626,0.14402854442596436
2023-04-24,-0.23769089579582214,HOLD,0.4753817915916443,0.14402854442596436
2023-04-25,-0.19096633791923523,HOLD,0.38193267583847046,0.1453164964914322
2023-04-26,-0.2798421233892441,HOLD,0.5596842467784882,0.14402854442596436
2023-04-27,-0.22472217679023743,HOLD,0.44944435358047485,0.14402854442596436
2023-04-28,-0.27407076954841614,HOLD,0.5481415390968323,0.15239188075065613
2023-05-01,-0.27721938490867615,HOLD,0.5544387698173523,0.15239188075065613
2023-05-02,-0.29190298914909363,HOLD,0.5838059782981873,0.15239188075065613
2023-05-03,-0.311806857585907,HOLD,0.623613715171814,0.14916665852069855
2023-05-04,-0.32238827645778656,HOLD,0.6447765529155731,0.14916665852069855
2023-05-05,-0.30587127804756165,HOLD,0.6117425560951233,0.1665276437997818
2023-05-08,-0.29295261204242706,HOLD,0.5859052240848541,0.15688185393810272
2023-05-09,-0.3427712321281433,HOLD,0.6855424642562866,0.15688185393810272
2023-05-10,-0.3341081142425537,HOLD,0.6682162284851074,0.1629711538553238
2023-05-11,-0.18039405345916748,HOLD,0.36078810691833496,0.15688185393810272
2023-05-12,-0.2390766739845276,HOLD,0.4781533479690552,0.14916665852069855
2023-05-15,-0.18602770566940308,HOLD,0.37205541133880615,0.17368747293949127
2023-05-16,-0.19680947065353394,HOLD,0.39361894130706787,0.1866448074579239
2023-05-17,0.1321616768836975,BUY,0.264323353767395,0.1866448074579239
2023-05-18,0.13208502531051636,BUY,0.2641700506210327,0.18792429566383362
2023-05-19,0.353656530380249,BUY,0.707313060760498,0.1744757741689682
2023-05-22,0.3890088200569153,BUY,0.7780176401138306,0.2275168001651764
2023-05-23,0.3989315629005432,BUY,0.7978631258010864,0.2275168001651764
2023-05-24,0.3878330588340759,BUY,0.7756661176681519,0.2275168001651764
2023-05-25,0.32994788885116577,BUY,0.6598957777023315,0.2275168001651764
2023-05-26,0.368887722492218,BUY,0.737775444984436,0.22870245575904846
2023-05-30,0.3990774154663086,BUY,0.7981548309326172,0.23961453139781952
2023-05-31,0.44899100065231323,BUY,0.8979820013046265,0.23070065677165985
2023-06-01,0.4495701193809509,BUY,0.8991402387619019,0.25077176094055176
2023-06-02,0.43971264362335205,BUY,0.8794252872467041,0.2603187561035156
2023-06-05,0.4366346001625061,BUY,0.8732692003250122,0.24619196355342865
2023-06-06,0.433938205242157,BUY,0.867876410484314,0.23203454911708832
2023-06-07,0.46620529890060425,BUY,0.9324105978012085,0.22933721542358398
2023-06-08,0.447623610496521,BUY,0.895247220993042,0.22701264917850494
2023-06-09,0.410941481590271,BUY,0.821882963180542,0.22970998287200928
2023-06-12,0.4516957402229309,BUY,0.9033914804458618,0.23907192051410675
2023-06-13,0.41267573833465576,BUY,0.8253514766693115,0.1912393420934677
2023-06-14,0.41151344776153564,BUY,0.8230268955230713,0.19549675285816193
2023-06-15,0.30169248580932617,BUY,0.6033849716186523,0.2108747363090515
2023-06-16,0.33808332681655884,BUY,0.6761666536331177,0.2254582643508911
2023-06-20,0.32990026473999023,BUY,0.6598005294799805,0.21792729198932648
2023-06-21,0.22315675020217896,BUY,0.4463135004043579,0.2390340119600296
2023-06-22,0.21834641695022583,BUY,0.43669283390045166,0.25098907947540283
2023-06-23,0.27834510803222656,BUY,0.5566902160644531,0.25098907947540283
2023-06-26,0.14526355266571045,BUY,0.2905271053314209,0.2547231614589691
2023-06-27,0.153403639793396,BUY,0.306807279586792,0.26336169242858887
2023-06-28,0.1520485281944275,BUY,0.304097056388855,0.30752938985824585
2023-06-29,0.2852290868759155,BUY,0.570458173751831,0.3056439757347107
2023-06-30,0.038140177726745605,HOLD,0.07628035545349121,0.33894723653793335
2023-07-03,-0.28551754355430603,HOLD,0.5710350871086121,0.34018850326538086
2023-07-05,-0.2690131962299347,HOLD,0.5380263924598694,0.3421277403831482
2023-07-06,0.047080039978027344,HOLD,0.09416007995605469,0.3421277403831482
2023-07-07,0.2151769995689392,BUY,0.4303539991378784,0.3421277403831482
2023-07-10,0.19940894842147827,BUY,0.39881789684295654,0.3421277403831482
2023-07-11,0.14053529500961304,BUY,0.2810705900192261,0.3421277403831482
2023-07-12,-0.2811262905597687,HOLD,0.5622525811195374,0.3439243733882904
2023-07-13,-0.23168790340423584,HOLD,0.4633758068084717,0.3421277403831482
2023-07-14,-0.26766689121723175,HOLD,0.5353337824344635,0.3469431400299072
2023-07-17,-0.47185144759714603,HOLD,0.9437028951942921,0.2608397603034973
2023-07-18,-0.46111810579895973,HOLD,0.9222362115979195,0.262752890586853
2023-07-19,-0.4668976105749607,HOLD,0.9337952211499214,0.262752890586853
2023-07-20,-0.4489721544086933,HOLD,0.8979443088173866,0.24521426856517792
2023-07-21,-0.4595394395291805,HOLD,0.919078879058361,0.2172645628452301
2023-07-24,-0.43697719275951385,HOLD,0.8739543855190277,0.2172645628452301
2023-07-25,-0.4444708041846752,HOLD,0.8889416083693504,0.2172645628452301
2023-07-26,-0.4823283739387989,HOLD,0.9646567478775978,0.20961976051330566
2023-07-27,-0.485694894567132,HOLD,0.971389789134264,0.20661504566669464
2023-07-28,-0.475380489602685,HOLD,0.95076097920537,0.2382771074771881
2023-07-31,-0.4769191350787878,HOLD,0.9538382701575756,0.261483371257782
2023-08-01,-0.45795245841145515,HOLD,0.9159049168229103,0.25844547152519226
2023-08-02,-0.45052991807460785,HOLD,0.9010598361492157,0.25844547152519226
2023-08-03,-0.44818034395575523,HOLD,0.8963606879115105,0.2565062344074249
2023-08-04,-0.44637613743543625,HOLD,0.8927522748708725,0.2565062344074249
2023-08-07,-0.4494176097214222,HOLD,0.8988352194428444,0.2565062344074249
2023-08-08,-0.4451660066843033,HOLD,0.8903320133686066,0.2565062344074249
2023-08-09,-0.44497911632061005,HOLD,0.8899582326412201,0.2443583458662033
2023-08-10,-0.46093057841062546,HOLD,0.9218611568212509,0.24203377962112427
2023-08-11,-0.45563581585884094,HOLD,0.9112716317176819,0.2125019133090973
2023-08-14,-0.46797075122594833,HOLD,0.9359415024518967,0.18201950192451477
2023-08-15,-0.2353859841823578,HOLD,0.4707719683647156,0.2529987394809723
2023-08-16,-0.18937042355537415,HOLD,0.3787408471107483,0.26431551575660706
2023-08-17,-0.14619269967079163,HOLD,0.29238539934158325,0.26431551575660706
2023-08-18,-0.29356200993061066,HOLD,0.5871240198612213,0.28902360796928406
2023-08-21,-0.40861130505800247,HOLD,0.8172226101160049,0.26944997906684875
2023-08-22,-0.3997943550348282,HOLD,0.7995887100696564,0.26944997906684875
2023-08-23,-0.4614597000181675,HOLD,0.922919400036335,0.26944997906684875
2023-08-24,-0.4900330528616905,HOLD,0.980066105723381,0.2668895721435547
2023-08-25,-0.4902753038331866,HOLD,0.9805506076663733,0.26456499099731445
2023-08-28,-0.48992100916802883,HOLD,0.9798420183360577,0.2671253979206085
2023-08-29,-0.4715465921908617,HOLD,0.9430931843817234,0.18720108270645142
2023-08-30,-0.47349290549755096,HOLD,0.9469858109951019,0.18720108270645142
2023-08-31,-0.46944977156817913,HOLD,0.9388995431363583,0.20092211663722992
2023-09-01,-0.463418360799551,HOLD,0.926836721599102,0.17783385515213013
2023-09-05,-0.4715360179543495,HOLD,0.943072035908699,0.17364850640296936
2023-09-06,-0.47388400323688984,HOLD,0.9477680064737797,0.17011865973472595
2023-09-07,-0.4734955783933401,HOLD,0.9469911567866802,0.17102721333503723
2023-09-08,-0.4696155674755573,HOLD,0.9392311349511147,0.17102721333503723
2023-09-11,-0.4688538946211338,HOLD,0.9377077892422676,0.16331201791763306
2023-09-12,-0.4257735088467598,HOLD,0.8515470176935196,0.15442875027656555
2023-09-13,-0.4620777405798435,HOLD,0.924155481159687,0.15442875027656555
2023-09-14,-0.4504566341638565,HOLD,0.900913268327713,0.15442875027656555
2023-09-15,-0.38994213193655014,HOLD,0.7798842638731003,0.14929063618183136
2023-09-18,-0.43057531863451004,HOLD,0.8611506372690201,0.15442875027656555
2023-09-19,-0.42607032507658005,HOLD,0.8521406501531601,0.15442875027656555
2023-09-20,-0.4190721958875656,HOLD,0.8381443917751312,0.15442875027656555
2023-09-21,-0.4340413510799408,HOLD,0.8680827021598816,0.1682332456111908
2023-09-22,-0.4330237954854965,HOLD,0.866047590970993,0.1682332456111908
2023-09-25,-0.37335512042045593,HOLD,0.7467102408409119,0.1682332456111908
2023-09-26,-0.38228801637887955,HOLD,0.7645760327577591,0.15442875027656555
2023-09-27,-0.2651195675134659,HOLD,0.5302391350269318,0.14916665852069855
2023-09-28,0.20065003633499146,BUY,0.4013000726699829,0.14916665852069855
2023-09-29,0.23951846361160278,BUY,0.47903692722320557,0.1629711538553238
2023-10-02,0.330471396446228,BUY,0.660942792892456,0.14916665852069855
2023-10-03,0.3956669569015503,BUY,0.7913339138031006,0.14916665852069855
2023-10-04,0.474521279335022,BUY,0.949042558670044,0.14916665852069855
2023-10-05,0.4756320118904114,BUY,0.9512640237808228,0.14402854442596436
2023-10-06,0.48067402839660645,BUY,0.9613480567932129,0.14402854442596436
2023-10-09,0.4818047881126404,BUY,0.9636095762252808,0.14402854442596436
2023-10-10,0.47100013494491577,BUY,0.9420002698898315,0.14402854442596436
2023-10-11,0.4775586724281311,BUY,0.9551173448562622,0.14916665852069855
2023-10-12,0.42296427488327026,BUY,0.8459285497665405,0.20209766924381256
2023-10-13,0.4598255157470703,BUY,0.9196510314941406,0.1810230016708374
2023-10-16,0.43444156646728516,BUY,0.8688831329345703,0.18561647832393646
2023-10-17,0.42877131700515747,BUY,0.8575426340103149,0.18756221234798431
2023-10-18,0.4231378436088562,BUY,0.8462756872177124,0.18987002968788147
2023-10-19,0.39318543672561646,BUY,0.7863708734512329,0.18987002968788147
2023-10-20,0.4124884009361267,BUY,0.8249768018722534,0.18620038032531738
2023-10-23,0.4328804016113281,BUY,0.8657608032226562,0.19492438435554504
2023-10-24,0.43694645166397095,BUY,0.8738929033279419,0.19492438435554504
2023-10-25,0.4507283568382263,BUY,0.9014567136764526,0.18756221234798431
2023-10-26,0.4200071096420288,BUY,0.8400142192840576,0.15239188075065613
2023-10-27,0.39244329929351807,BUY,0.7848865985870361,0.15779955685138702
2023-10-30,0.4269198775291443,BUY,0.8538397550582886,0.16483454406261444
2023-10-31,0.4228466749191284,BUY,0.8456933498382568,0.15874524414539337
2023-11-01,0.3427548408508301,BUY,0.6855096817016602,0.1510300487279892
2023-11-02,0.19276785850524902,BUY,0.38553571701049805,0.15688185393810272
2023-11-03,-0.051492542028427124,HOLD,0.10298508405685425,0.16975286602973938
2023-11-06,-0.2020861804485321,HOLD,0.4041723608970642,0.1601070761680603
2023-11-07,-0.37551795691251755,HOLD,0.7510359138250351,0.1601070761680603
2023-11-08,-0.26967939734458923,HOLD,0.5393587946891785,0.15239188075065613
2023-11-09,-0.2813447564840317,HOLD,0.5626895129680634,0.17292335629463196
2023-11-10,-0.4185924008488655,HOLD,0.837184801697731,0.16619637608528137
2023-11-13,-0.3895324468612671,HOLD,0.7790648937225342,0.17905257642269135
2023-11-14,-0.4133979082107544,HOLD,0.8267958164215088,0.17905257642269135
2023-11-15,-0.4169168621301651,HOLD,0.8338337242603302,0.17991741001605988
2023-11-16,-0.43185272067785263,HOLD,0.8637054413557053,0.20420977473258972
2023-11-17,-0.4097021445631981,HOLD,0.8194042891263962,0.20549637079238892
2023-11-20,-0.43591469526290894,HOLD,0.8718293905258179,0.21655473113059998
2023-11-21,-0.43591469526290894,HOLD,0.8718293905258179,0.21655473113059998
2023-11-22,-0.4363929256796837,HOLD,0.8727858513593674,0.22870245575904846
2023-11-24,-0.43172694742679596,HOLD,0.8634538948535919,0.22870245575904846
2023-11-27,-0.42579708248376846,HOLD,0.8515941649675369,0.22870245575904846
2023-11-28,-0.4198043942451477,HOLD,0.8396087884902954,0.21655473113059998
2023-11-29,-0.4231509193778038,HOLD,0.8463018387556076,0.21655473113059998
2023-11-30,-0.42012621462345123,HOLD,0.8402524292469025,0.20302411913871765
2023-12-01,-0.3715660125017166,HOLD,0.7431320250034332,0.19326873123645782
2023-12-04,-0.307238832116127,HOLD,0.614477664232254,0.19326873123645782
2023-12-05,-0.209682434797287,HOLD,0.419364869594574,0.17315156757831573
2023-12-06,-0.14400717616081238,HOLD,0.28801435232162476,0.16350577771663666
2023-12-07,-0.20950964093208313,HOLD,0.41901928186416626,0.17905870079994202
2023-12-08,-0.24802404642105103,HOLD,0.49604809284210205,0.16119825839996338
2023-12-11,-0.357414111495018,HOLD,0.714828222990036,0.18764692544937134
2023-12-12,-0.4077812731266022,HOLD,0.8155625462532043,0.18331611156463623
2023-12-13,-0.42638546973466873,HOLD,0.8527709394693375,0.18764692544937134
2023-12-14,-0.4159917011857033,HOLD,0.8319834023714066,0.19096091389656067
2023-12-15,-0.3805835545063019,HOLD,0.7611671090126038,0.18331611156463623
2023-12-18,-0.37793996930122375,HOLD,0.7558799386024475,0.18331611156463623
2023-12-19,-0.3865611329674721,HOLD,0.7731222659349442,0.18331611156463623
2023-12-20,-0.39188922941684723,HOLD,0.7837784588336945,0.1819542795419693
2023-12-21,-0.40993162989616394,HOLD,0.8198632597923279,0.1819542795419693
2023-12-22,-0.4226667135953903,HOLD,0.8453334271907806,0.1819542795419693
2023-12-26,-0.44117362052202225,HOLD,0.8823472410440445,0.15442875027656555
2023-12-27,-0.4200521856546402,HOLD,0.8401043713092804,0.14987121522426605
2023-12-28,-0.4083654433488846,HOLD,0.8167308866977692,0.145891934633255
2023-12-29,-0.39153560996055603,HOLD,0.7830712199211121,0.145891934633255
2024-01-02,-0.39248833805322647,HOLD,0.7849766761064529,0.15239188075065613
2024-01-03,-0.38971512764692307,HOLD,0.7794302552938461,0.14725376665592194
2024-01-04,-0.40543514490127563,HOLD,0.8108702898025513,0.14402854442596436
2024-01-05,-0.4116358757019043,HOLD,0.8232717514038086,0.14402854442596436
2024-01-08,-0.43353453278541565,HOLD,0.8670690655708313,0.14402854442596436
2024-01-09,-0.4082142636179924,HOLD,0.8164285272359848,0.14402854442596436
2024-01-10,-0.20483151078224182,HOLD,0.40966302156448364,0.14402854442596436
2024-01-11,-0.2077256143093109,HOLD,0.4154512286186218,0.14402854442596436
2024-01-12,-0.37114065885543823,HOLD,0.7422813177108765,0.14402854442596436
2024-01-16,-0.4475901760160923,HOLD,0.8951803520321846,0.17429816722869873
2024-01-17,-0.4531765840947628,HOLD,0.9063531681895256,0.17555086314678192
2024-01-18,-0.4611567407846451,HOLD,0.9223134815692902,0.17855557799339294
2024-01-19,-0.4688006117939949,HOLD,0.9376012235879898,0.17855557799339294
2024-01-22,-0.4667886607348919,HOLD,0.9335773214697838,0.17855557799339294
2024-01-23,-0.45019275322556496,HOLD,0.9003855064511299,0.18756221234798431
2024-01-24,-0.4709832947701216,HOLD,0.9419665895402431,0.18756221234798431
2024-01-25,-0.4724390599876642,HOLD,0.9448781199753284,0.1866448074579239
2024-01-26,-0.4726128373295069,HOLD,0.9452256746590137,0.19169916212558746
2024-01-29,-0.4703926909714937,HOLD,0.9407853819429874,0.1810230016708374
2024-01-30,-0.46939303912222385,HOLD,0.9387860782444477,0.18987002968788147
2024-01-31,-0.46749310940504074,HOLD,0.9349862188100815,0.17991741001605988
2024-02-01,-0.3396089971065521,HOLD,0.6792179942131042,0.18424822390079498
2024-02-02,-0.30010685324668884,HOLD,0.6002137064933777,0.18987002968788147
2024-02-05,-0.44050995260477066,HOLD,0.8810199052095413,0.18756221234798431
2024-02-06,-0.42336539179086685,HOLD,0.8467307835817337,0.17991741001605988
2024-02-07,-0.4182561933994293,HOLD,0.8365123867988586,0.17855557799339294
2024-02-08,-0.4165334030985832,HOLD,0.8330668061971664,0.17855557799339294
2024-02-09,-0.42151205986738205,HOLD,0.8430241197347641,0.17855557799339294
2024-02-12,-0.41972285509109497,HOLD,0.8394457101821899,0.17769074440002441
2024-02-13,-0.42139264941215515,HOLD,0.8427852988243103,0.1510300487279892
2024-02-14,-0.3710237443447113,HOLD,0.7420474886894226,0.1510300487279892
2024-02-15,-0.3032645881175995,HOLD,0.606529176235199,0.14987121522426605
2024-02-16,-0.2688494026660919,HOLD,0.5376988053321838,0.1510300487279892
2024-02-20,-0.14785423874855042,HOLD,0.29570847749710083,0.14987121522426605
2024-02-21,0.1816173791885376,BUY,0.3632347583770752,0.1510300487279892
2024-02-22,0.254924476146698,BUY,0.509848952293396,0.1564377248287201
2024-02-23,0.4054951071739197,BUY,0.8109902143478394,0.15874524414539337
2024-02-26,0.45415735244750977,BUY,0.9083147048950195,0.15874524414539337
2024-02-27,0.46651536226272583,BUY,0.9330307245254517,0.1510300487279892
2024-02-28,0.461414098739624,BUY,0.922828197479248,0.14916665852069855
2024-02-29,0.46729952096939087,BUY,0.9345990419387817,0.14916665852069855
2024-03-01,0.4595968723297119,BUY,0.9191937446594238,0.1629711538553238
2024-03-04,0.45483672618865967,BUY,0.9096734523773193,0.15457433462142944
2024-03-05,0.44867849349975586,BUY,0.8973569869995117,0.14916665852069855
2024-03-06,0.4546114206314087,BUY,0.9092228412628174,0.14402854442596436
2024-03-07,0.41707950830459595,BUY,0.8341590166091919,0.14916665852069855
2024-03-08,0.31311601400375366,BUY,0.6262320280075073,0.14402854442596436
2024-03-11,0.2929110527038574,BUY,0.5858221054077148,0.1480078250169754
2024-03-12,-0.2630513459444046,HOLD,0.5261026918888092,0.14916665852069855
2024-03-13,-0.3156697154045105,HOLD,0.631339430809021,0.14916665852069855
2024-03-14,-0.30207590758800507,HOLD,0.6041518151760101,0.14916665852069855
2024-03-15,-0.38419434428215027,HOLD,0.7683886885643005,0.14916665852069855
2024-03-18,-0.3767242357134819,HOLD,0.7534484714269638,0.15688185393810272
2024-03-19,-0.3160310834646225,HOLD,0.632062166929245,0.14916665852069855
2024-03-20,-0.39204633235931396,HOLD,0.7840926647186279,0.16459621489048004
2024-03-21,-0.3957730010151863,HOLD,0.7915460020303726,0.1629711538553238
2024-03-22,-0.41723812371492386,HOLD,0.8344762474298477,0.1766921877861023
2024-03-25,-0.4288179874420166,HOLD,0.8576359748840332,0.17797167599201202
2024-03-26,-0.4101841524243355,HOLD,0.820368304848671,0.17797167599201202
2024-03-27,-0.3605363667011261,HOLD,0.7210727334022522,0.17797167599201202
2024-03-28,-0.23798242211341858,HOLD,0.47596484422683716,0.1766921877861023
2024-04-01,-0.44048793613910675,HOLD,0.8809758722782135,0.17368747293949127
2024-04-02,-0.4515374228358269,HOLD,0.9030748456716537,0.17502444982528687
2024-04-03,-0.4476374015212059,HOLD,0.8952748030424118,0.1766921877861023
2024-04-04,-0.4334162622690201,HOLD,0.8668325245380402,0.14916665852069855
2024-04-05,-0.42802557349205017,HOLD,0.8560511469841003,0.14916665852069855
2024-04-08,-0.4393753819167614,HOLD,0.8787507638335228,0.14402854442596436
2024-04-09,-0.40289306640625,HOLD,0.8057861328125,0.14402854442596436
2024-04-10,-0.1830899715423584,HOLD,0.3661799430847168,0.14402854442596436
2024-04-11,-0.3829549700021744,HOLD,0.7659099400043488,0.14402854442596436
2024-04-12,-0.25108350813388824,HOLD,0.5021670162677765,0.14402854442596436
2024-04-15,0.10968083143234253,BUY,0.21936166286468506,0.14916665852069855
2024-04-16,0.16762107610702515,BUY,0.3352421522140503,0.14916665852069855
2024-04-17,0.1395089030265808,BUY,0.2790178060531616,0.1480078250169754
2024-04-18,0.14591777324676514,BUY,0.2918355464935303,0.14916665852069855
2024-04-19,0.1709599494934082,BUY,0.3419198989868164,0.1629711538553238
2024-04-22,0.22549790143966675,BUY,0.4509958028793335,0.17243477702140808
2024-04-23,0.34618377685546875,BUY,0.6923675537109375,0.17368747293949127
2024-04-24,0.36152714490890503,BUY,0.7230542898178101,0.17125055193901062
2024-04-25,0.39447975158691406,BUY,0.7889595031738281,0.1665276437997818
2024-04-26,0.39447975158691406,BUY,0.7889595031738281,0.15688185393810272
2024-04-29,0.4120523929595947,BUY,0.8241047859191895,0.14916665852069855
2024-04-30,0.4066206216812134,BUY,0.8132412433624268,0.14916665852069855
2024-05-01,0.37665772438049316,BUY,0.7533154487609863,0.15688185393810272
2024-05-02,0.20049238204956055,BUY,0.4009847640991211,0.17991741001605988
2024-05-03,0.09837096929550171,BUY,0.19674193859100342,0.17991741001605988
2024-05-06,0.007175326347351074,HOLD,0.014350652694702148,0.19492438435554504
2024-05-07,-0.1687009334564209,HOLD,0.3374018669128418,0.20081107318401337
2024-05-08,-0.10733100771903992,HOLD,0.21466201543807983,0.21315602958202362
2024-05-09,0.007725715637207031,HOLD,0.015451431274414062,0.22653044760227203
2024-05-10,-0.21614062786102295,HOLD,0.4322812557220459,0.2275168001651764
2024-05-13,-0.23409050703048706,HOLD,0.4681810140609741,0.2275168001651764
2024-05-14,-0.24556973576545715,HOLD,0.4911394715309143,0.22653044760227203
2024-05-15,-0.306873083114624,HOLD,0.613746166229248,0.2275168001651764
2024-05-16,-0.29241520166397095,HOLD,0.5848304033279419,0.19713743031024933
2024-05-17,-0.4335591271519661,HOLD,0.8671182543039322,0.19713743031024933
2024-05-20,-0.4587858207523823,HOLD,0.9175716415047646,0.18331611156463623
2024-05-21,-0.4561874233186245,HOLD,0.912374846637249,0.18331611156463623
2024-05-22,-0.468718983232975,HOLD,0.93743796646595,0.17413614690303802
2024-05-23,-0.43748442083597183,HOLD,0.8749688416719437,0.15442875027656555
2024-05-24,-0.4226827025413513,HOLD,0.8453654050827026,0.15442875027656555
2024-05-28,-0.4167685881257057,HOLD,0.8335371762514114,0.17315156757831573
2024-05-29,-0.42115669697523117,HOLD,0.8423133939504623,0.1824512779712677
2024-05-30,-0.4424630142748356,HOLD,0.8849260285496712,0.17315156757831573
2024-05-31,-0.44936472177505493,HOLD,0.8987294435501099,0.17431232333183289
2024-06-03,-0.4677848108112812,HOLD,0.9355696216225624,0.1803113967180252
2024-06-04,-0.4712776280939579,HOLD,0.9425552561879158,0.15442875027656555
2024-06-05,-0.4626159705221653,HOLD,0.9252319410443306,0.15442875027656555
2024-06-06,-0.46177149936556816,HOLD,0.9235429987311363,0.17905870079994202
2024-06-07,-0.465245321393013,HOLD,0.930490642786026,0.18331611156463623
2024-06-10,-0.46381358802318573,HOLD,0.9276271760463715,0.18331611156463623
2024-06-11,-0.46430546417832375,HOLD,0.9286109283566475,0.1824512779712677
2024-06-12,-0.4631078951060772,HOLD,0.9262157902121544,0.17894956469535828
2024-06-13,-0.4518531896173954,HOLD,0.9037063792347908,0.1819542795419693
2024-06-14,-0.4496939964592457,HOLD,0.8993879929184914,0.18076862394809723
2024-06-17,-0.4200145825743675,HOLD,0.840029165148735,0.1819542795419693
2024-06-18,-0.42636772990226746,HOLD,0.8527354598045349,0.18850819766521454
2024-06-20,-0.44776445627212524,HOLD,0.8955289125442505,0.20073583722114563
2024-06-21,-0.42630933225154877,HOLD,0.8526186645030975,0.17855557799339294
2024-06-24,-0.45779333263635635,HOLD,0.9155866652727127,0.17991741001605988
2024-06-25,-0.42855869233608246,HOLD,0.8571173846721649,0.17855557799339294
2024-06-26,-0.43066878616809845,HOLD,0.8613375723361969,0.17855557799339294
2024-06-27,-0.4283684119582176,HOLD,0.8567368239164352,0.17855557799339294
2024-06-28,-0.4657028168439865,HOLD,0.931405633687973,0.17769074440002441
2024-07-01,-0.4510757550597191,HOLD,0.9021515101194382,0.17855557799339294
2024-07-02,-0.46314526349306107,HOLD,0.9262905269861221,0.16483454406261444
2024-07-03,-0.45898161083459854,HOLD,0.9179632216691971,0.15874524414539337
2024-07-05,-0.4800393395125866,HOLD,0.9600786790251732,0.15123304724693298
2024-07-08,-0.4816490635275841,HOLD,0.9632981270551682,0.1601070761680603
2024-07-09,-0.4753397088497877,HOLD,0.9506794176995754,0.15239188075065613
2024-07-10,-0.45160001516342163,HOLD,0.9032000303268433,0.16619637608528137
2024-07-11,-0.4264807924628258,HOLD,0.8529615849256516,0.16619637608528137
2024-07-12,-0.42855963855981827,HOLD,0.8571192771196365,0.16619637608528137
2024-07-15,-0.442292932420969,HOLD,0.884585864841938,0.25750887393951416
2024-07-16,-0.45872513577342033,HOLD,0.9174502715468407,0.2603187561035156
2024-07-17,-0.46304894238710403,HOLD,0.9260978847742081,0.2603187561035156
2024-07-18,-0.46241430938243866,HOLD,0.9248286187648773,0.25077176094055176
2024-07-19,-0.45599548518657684,HOLD,0.9119909703731537,0.24619196355342865
2024-07-22,-0.44881803914904594,HOLD,0.8976360782980919,0.2626432776451111
2024-07-23,-0.44663237407803535,HOLD,0.8932647481560707,0.2626432776451111
2024-07-24,-0.47041345946490765,HOLD,0.9408269189298153,0.2603187561035156
2024-07-25,-0.4775403868407011,HOLD,0.9550807736814022,0.2603187561035156
2024-07-26,-0.46122168377041817,HOLD,0.9224433675408363,0.2882424592971802
2024-07-29,-0.38612259179353714,HOLD,0.7722451835870743,0.24680356681346893
2024-07-30,-0.3924853354692459,HOLD,0.7849706709384918,0.25615379214286804
2024-07-31,-0.3940732255578041,HOLD,0.7881464511156082,0.25615379214286804
2024-08-01,-0.3795417323708534,HOLD,0.7590834647417068,0.24680356681346893
2024-08-02,-0.35422205924987793,HOLD,0.7084441184997559,0.2455635517835617
2024-08-05,-0.33413757383823395,HOLD,0.6682751476764679,0.24842852354049683
2024-08-06,-0.27279385924339294,HOLD,0.5455877184867859,0.24680356681346893
2024-08-07,-0.3355860114097595,HOLD,0.671172022819519,0.24680356681346893
2024-08-08,-0.3628026396036148,HOLD,0.7256052792072296,0.2323312759399414
2024-08-09,-0.4375082552433014,HOLD,0.8750165104866028,0.23651662468910217
2024-08-12,-0.19874542951583862,HOLD,0.39749085903167725,0.23264722526073456
2024-08-13,0.32037079334259033,BUY,0.6407415866851807,0.21792729198932648
2024-08-14,0.38056516647338867,BUY,0.7611303329467773,0.21792729198932648
2024-08-15,0.43873947858810425,BUY,0.8774789571762085,0.24866434931755066
2024-08-16,0.45072126388549805,BUY,0.9014425277709961,0.23651662468910217
2024-08-19,0.46663564443588257,BUY,0.9332712888717651,0.24866434931755066
2024-08-20,0.46903616189956665,BUY,0.9380723237991333,0.24866434931755066
2024-08-21,0.47324883937835693,BUY,0.9464976787567139,0.24866434931755066
2024-08-22,0.48893797397613525,BUY,0.9778759479522705,0.24866434931755066
2024-08-23,0.48406070470809937,BUY,0.9681214094161987,0.25418171286582947
2024-08-26,0.4658317565917969,BUY,0.9316635131835938,0.2444790005683899
2024-08-27,0.4834791421890259,BUY,0.9669582843780518,0.2444790005683899
2024-08-28,0.4849586486816406,BUY,0.9699172973632812,0.24323898553848267
2024-08-29,0.4840320944786072,BUY,0.9680641889572144,0.21792729198932648
2024-08-30,0.483989417552948,BUY,0.967978835105896,0.20525293052196503
2024-09-03,0.4613776206970215,BUY,0.922755241394043,0.19912289083003998
2024-09-04,0.4837099313735962,BUY,0.9674198627471924,0.19912289083003998
2024-09-05,0.4729169011116028,BUY,0.9458338022232056,0.19912289083003998
2024-09-06,0.48951250314712524,BUY,0.9790250062942505,0.19825805723667145
2024-09-09,0.48483169078826904,BUY,0.9696633815765381,0.19202978909015656
2024-09-10,0.49129968881607056,BUY,0.9825993776321411,0.21823367476463318
2024-09-11,0.4909810423851013,BUY,0.9819620847702026,0.21556580066680908
2024-09-12,0.4878671169281006,BUY,0.9757342338562012,0.20932142436504364
2024-09-13,0.48919010162353516,BUY,0.9783802032470703,0.20226886868476868
2024-09-16,0.4184646010398865,BUY,0.836929202079773,0.21823367476463318
2024-09-17,0.4161207675933838,BUY,0.8322415351867676,0.20226886868476868
2024-09-18,0.3797898292541504,BUY,0.7595796585083008,0.20226886868476868
2024-09-19,0.2514455318450928,BUY,0.5028910636901855,0.20226886868476868
2024-09-20,0.1942439079284668,BUY,0.3884878158569336,0.19231624901294708
2024-09-23,0.15594983100891113,BUY,0.31189966201782227,0.20932142436504364
2024-09-24,-0.11420917510986328,HOLD,0.22841835021972656,0.17859521508216858
2024-09-25,-0.2903979867696762,HOLD,0.5807959735393524,0.17859521508216858
2024-09-26,-0.3559768497943878,HOLD,0.7119536995887756,0.19231624901294708
2024-09-27,-0.4160378873348236,HOLD,0.8320757746696472,0.1862850934267044
2024-09-30,-0.4229676276445389,HOLD,0.8459352552890778,0.18959908187389374
2024-10-01,-0.4132962003350258,HOLD,0.8265924006700516,0.18959908187389374
2024-10-02,-0.42065955698490143,HOLD,0.8413191139698029,0.18959908187389374
2024-10-03,-0.41420159488916397,HOLD,0.8284031897783279,0.1919068992137909
2024-10-04,-0.4325491413474083,HOLD,0.8650982826948166,0.20166228711605072
2024-10-07,-0.42369434982538223,HOLD,0.8473886996507645,0.17787304520606995
2024-10-08,-0.4238811209797859,HOLD,0.8477622419595718,0.1819542795419693
2024-10-09,-0.4240933135151863,HOLD,0.8481866270303726,0.1819542795419693
2024-10-10,-0.40868817269802094,HOLD,0.8173763453960419,0.17894956469535828
2024-10-11,-0.4138879179954529,HOLD,0.8277758359909058,0.14929063618183136
2024-10-14,-0.3295249789953232,HOLD,0.6590499579906464,0.14929063618183136
2024-10-15,-0.17139405012130737,HOLD,0.34278810024261475,0.1481049805879593
2024-10-16,0.38245493173599243,BUY,0.7649098634719849,0.1481049805879593
2024-10-17,0.3221086859703064,BUY,0.6442173719406128,0.1481049805879593
2024-10-18,0.3681512475013733,BUY,0.7363024950027466,0.15324309468269348
2024-10-21,0.43265074491500854,BUY,0.8653014898300171,0.17060407996177673
2024-10-22,0.3370378017425537,BUY,0.6740756034851074,0.17073744535446167
2024-10-23,0.26037150621414185,BUY,0.5207430124282837,0.17565999925136566
2024-10-24,0.11790257692337036,BUY,0.23580515384674072,0.17565999925136566
2024-10-25,-0.04815632104873657,HOLD,0.09631264209747314,0.17311394214630127
2024-10-28,0.33654022216796875,BUY,0.6730804443359375,0.17905257642269135
2024-10-29,0.37717288732528687,BUY,0.7543457746505737,0.17905257642269135
2024-10-30,0.36765992641448975,BUY,0.7353198528289795,0.17991741001605988
2024-10-31,0.2533302307128906,BUY,0.5066604614257812,0.17991741001605988
2024-11-01,-0.17998993396759033,HOLD,0.35997986793518066,0.1601070761680603
2024-11-04,-0.22746393084526062,HOLD,0.45492786169052124,0.14916665852069855
2024-11-05,-0.24013391137123108,HOLD,0.48026782274246216,0.14916665852069855
2024-11-06,-0.24734708666801453,HOLD,0.49469417333602905,0.14916665852069855
2024-11-07,-0.3160855621099472,HOLD,0.6321711242198944,0.17073744535446167
2024-11-08,-0.3030916005373001,HOLD,0.6061832010746002,0.1629711538553238
2024-11-11,-0.2990492284297943,HOLD,0.5980984568595886,0.14916665852069855
2024-11-12,-0.2887577712535858,HOLD,0.5775155425071716,0.14916665852069855
2024-11-13,-0.24810895323753357,HOLD,0.49621790647506714,0.1480078250169754
2024-11-14,-0.0045355260372161865,HOLD,0.009071052074432373,0.16459621489048004
2024-11-15,-0.13664522767066956,HOLD,0.2732904553413391,0.174966961145401
2024-11-18,-0.12598484754562378,HOLD,0.25196969509124756,0.17991741001605988
2024-11-19,-0.10009244084358215,HOLD,0.2001848816871643,0.1766921877861023
2024-11-20,0.11693382263183594,BUY,0.23386764526367188,0.18230248987674713
2024-11-21,0.30936533212661743,BUY,0.6187306642532349,0.1664596050977707
2024-11-22,0.20463329553604126,BUY,0.4092665910720825,0.17311394214630127
2024-11-25,-0.060855716466903687,HOLD,0.12171143293380737,0.17429816722869873
2024-11-26,-0.11644628643989563,HOLD,0.23289257287979126,0.17015354335308075
2024-11-27,-0.31459783017635345,HOLD,0.6291956603527069,0.17243477702140808
2024-11-29,-0.411716990172863,HOLD,0.823433980345726,0.14916665852069855
2024-12-02,-0.4032859355211258,HOLD,0.8065718710422516,0.14402854442596436
2024-12-03,-0.3921070694923401,HOLD,0.7842141389846802,0.14402854442596436
2024-12-04,-0.3296118527650833,HOLD,0.6592237055301666,0.14402854442596436
2024-12-05,-0.3457212746143341,HOLD,0.6914425492286682,0.14402854442596436
2024-12-06,-0.238160640001297,HOLD,0.476321280002594,0.14402854442596436
2024-12-09,-0.1276213526725769,HOLD,0.2552427053451538,0.14402854442596436
2024-12-10,0.2885972857475281,BUY,0.5771945714950562,0.14402854442596436
2024-12-11,0.2515152096748352,BUY,0.5030304193496704,0.14402854442596436
2024-12-12,0.03458690643310547,HOLD,0.06917381286621094,0.14402854442596436
2024-12-13,0.251461386680603,BUY,0.502922773361206,0.14402854442596436
2024-12-16,0.39847201108932495,BUY,0.7969440221786499,0.14402854442596436
2024-12-17,0.45142656564712524,BUY,0.9028531312942505,0.14402854442596436
2024-12-18,0.45179444551467896,BUY,0.9035888910293579,0.15688185393810272
2024-12-19,0.42993366718292236,BUY,0.8598673343658447,0.1629711538553238
2024-12-20,0.44599008560180664,BUY,0.8919801712036133,0.17368747293949127
2024-12-23,0.47216492891311646,BUY,0.9443298578262329,0.17368747293949127
2024-12-24,0.4774583578109741,BUY,0.9549167156219482,0.17502444982528687
2024-12-26,0.4590737819671631,BUY,0.9181475639343262,0.1766921877861023
2024-12-27,0.45735490322113037,BUY,0.9147098064422607,0.1810230016708374
2024-12-30,0.4687984585762024,BUY,0.9375969171524048,0.1766921877861023
2024-12-31,0.46026772260665894,BUY,0.9205354452133179,0.1866448074579239
2025-01-02,0.4437429904937744,BUY,0.8874859809875488,0.18569092452526093
2025-01-03,0.46803486347198486,BUY,0.9360697269439697,0.17582735419273376
2025-01-06,0.4527078866958618,BUY,0.9054157733917236,0.17582735419273376
2025-01-07,0.43486154079437256,BUY,0.8697230815887451,0.17243477702140808
2025-01-08,0.43592149019241333,BUY,0.8718429803848267,0.17243477702140808
2025-01-09,0.4080122709274292,BUY,0.8160245418548584,0.17125055193901062
2025-01-10,0.37853068113327026,BUY,0.7570613622665405,0.1766921877861023
2025-01-13,0.3102104067802429,BUY,0.6204208135604858,0.19492438435554504
2025-01-14,0.27739882469177246,BUY,0.5547976493835449,0.19492438435554504
2025-01-15,0.28793758153915405,BUY,0.5758751630783081,0.18987002968788147
2025-01-16,0.17075306177139282,BUY,0.34150612354278564,0.22870245575904846
2025-01-17,0.1579878330230713,BUY,0.3159756660461426,0.21655473113059998
2025-01-21,0.09213662147521973,BUY,0.18427324295043945,0.23253704607486725
2025-01-22,-0.10089519619941711,HOLD,0.20179039239883423,0.2435123473405838
2025-01-23,-0.26262179017066956,HOLD,0.5252435803413391,0.24005848169326782
2025-01-24,-0.27906563878059387,HOLD,0.5581312775611877,0.2489723563194275
2025-01-27,-0.2585102766752243,HOLD,0.5170205533504486,0.2489723563194275
2025-01-28,-0.28483009338378906,HOLD,0.5696601867675781,0.23879943788051605
2025-01-29,-0.26716606318950653,HOLD,0.5343321263790131,0.24005848169326782
2025-01-30,-0.19822251796722412,HOLD,0.39644503593444824,0.24206817150115967
2025-01-31,-0.31300492584705353,HOLD,0.6260098516941071,0.22791075706481934
2025-02-03,-0.42985886335372925,HOLD,0.8597177267074585,0.22687822580337524
2025-02-04,-0.4244890734553337,HOLD,0.8489781469106674,0.1966470628976822
2025-02-05,-0.43160873651504517,HOLD,0.8632174730300903,0.20226886868476868
2025-02-06,-0.43642444908618927,HOLD,0.8728488981723785,0.19996105134487152
2025-02-07,-0.4328359439969063,HOLD,0.8656718879938126,0.2013149857521057
2025-02-10,-0.418726809322834,HOLD,0.837453618645668,0.1966470628976822
2025-02-11,-0.41640984266996384,HOLD,0.8328196853399277,0.1966470628976822
2025-02-12,-0.417014941573143,HOLD,0.834029883146286,0.19231624901294708
2025-02-13,-0.4161776229739189,HOLD,0.8323552459478378,0.19231624901294708
2025-02-14,-0.3641577214002609,HOLD,0.7283154428005219,0.19231624901294708
2025-02-18,-0.420351579785347,HOLD,0.840703159570694,0.17859521508216858
2025-02-19,-0.41290321201086044,HOLD,0.8258064240217209,0.16227948665618896
2025-02-20,-0.4063671678304672,HOLD,0.8127343356609344,0.16331201791763306
2025-02-21,-0.40582478046417236,HOLD,0.8116495609283447,0.16331201791763306
2025-02-24,-0.40472713857889175,HOLD,0.8094542771577835,0.16331201791763306
2025-02-25,-0.31687304377555847,HOLD,0.6337460875511169,0.15442875027656555
2025-02-26,-0.30547666549682617,HOLD,0.6109533309936523,0.15442875027656555
2025-02-27,-0.19061201810836792,HOLD,0.38122403621673584,0.14929063618183136
2025-02-28,0.11046743392944336,BUY,0.22093486785888672,0.14929063618183136
2025-03-03,0.24100369215011597,BUY,0.48200738430023193,0.15208426117897034
2025-03-04,0.1916823387145996,BUY,0.3833646774291992,0.15324309468269348
2025-03-05,0.29691314697265625,BUY,0.5938262939453125,0.16587570309638977
2025-03-06,0.18563741445541382,BUY,0.37127482891082764,0.17565999925136566
2025-03-07,0.23518317937850952,BUY,0.47036635875701904,0.17565999925136566
2025-03-10,0.36316776275634766,BUY,0.7263355255126953,0.17565999925136566
2025-03-11,0.3670397400856018,BUY,0.7340794801712036,0.17565999925136566
2025-03-12,0.3939982056617737,BUY,0.7879964113235474,0.17691269516944885
2025-03-13,0.37664496898651123,BUY,0.7532899379730225,0.17797167599201202
2025-03-14,0.3598223924636841,BUY,0.7196447849273682,0.1766921877861023
2025-03-17,0.17376768589019775,BUY,0.3475353717803955,0.17855557799339294
2025-03-18,0.0607338547706604,HOLD,0.1214677095413208,0.1665276437997818
2025-03-19,0.0840032696723938,BUY,0.1680065393447876,0.1629711538553238
2025-03-20,0.048060476779937744,HOLD,0.09612095355987549,0.14916665852069855
2025-03-21,0.20088911056518555,BUY,0.4017782211303711,0.14916665852069855
2025-03-24,0.27369797229766846,BUY,0.5473959445953369,0.14402854442596436
2025-03-25,0.3646206855773926,BUY,0.7292413711547852,0.1453164964914322
2025-03-26,0.3687986731529236,BUY,0.7375973463058472,0.14402854442596436
2025-03-27,0.2468554973602295,BUY,0.493710994720459,0.1480078250169754
2025-03-28,0.27366942167282104,BUY,0.5473388433456421,0.14916665852069855
2025-03-31,0.2769004702568054,BUY,0.5538009405136108,0.14402854442596436
2025-04-01,0.0071419477462768555,HOLD,0.014283895492553711,0.15688185393810272
2025-04-02,-0.01409226655960083,HOLD,0.02818453311920166,0.15688185393810272
2025-04-03,0.26573997735977173,BUY,0.5314799547195435,0.17582735419273376
2025-04-04,0.3359720706939697,BUY,0.6719441413879395,0.22625775635242462
2025-04-07,0.3912088871002197,BUY,0.7824177742004395,0.22653044760227203
2025-04-08,0.2709788680076599,BUY,0.5419577360153198,0.2275168001651764
2025-04-09,0.18277370929718018,BUY,0.36554741859436035,0.23215632140636444
2025-04-10,0.11451601982116699,BUY,0.22903203964233398,0.23415452241897583
2025-04-11,-0.011097073554992676,HOLD,0.02219414710998535,0.23961453139781952
2025-04-14,-0.03020283579826355,HOLD,0.0604056715965271,0.23215632140636444
2025-04-15,-0.04550701379776001,HOLD,0.09101402759552002,0.22870245575904846
2025-04-16,-0.07478126883506775,HOLD,0.1495625376701355,0.22870245575904846
2025-04-17,0.0006927847862243652,HOLD,0.0013855695724487305,0.22473101317882538
2025-04-21,0.07382476329803467,HOLD,0.14764952659606934,0.1623201221227646
2025-04-22,0.12617731094360352,BUY,0.25235462188720703,0.16133376955986023
2025-04-23,0.24764752388000488,BUY,0.49529504776000977,0.1599719375371933
2025-04-24,0.3150116801261902,BUY,0.6300233602523804,0.14987121522426605
2025-04-25,0.3051390051841736,BUY,0.6102780103683472,0.145891934633255
2025-04-28,0.1623375415802002,BUY,0.3246750831604004,0.145891934633255
2025-04-29,0.3141171932220459,BUY,0.6282343864440918,0.145891934633255
2025-04-30,0.3014640808105469,BUY,0.6029281616210938,0.145891934633255
2025-05-01,0.16456234455108643,BUY,0.32912468910217285,0.145891934633255
2025-05-02,0.23723644018173218,BUY,0.47447288036346436,0.145891934633255
2025-05-05,0.22285938262939453,BUY,0.44571876525878906,0.14711862802505493
2025-05-06,0.2198743224143982,BUY,0.4397486448287964,0.14711862802505493
2025-05-07,0.2886471748352051,BUY,0.5772943496704102,0.14711862802505493
2025-05-08,0.2776733636856079,BUY,0.5553467273712158,0.14711862802505493
2025-05-09,0.15474706888198853,BUY,0.30949413776397705,0.145891934633255
2025-05-12,-0.05230814218521118,HOLD,0.10461628437042236,0.16704759001731873
2025-05-13,-0.1418626606464386,HOLD,0.2837253212928772,0.1546049267053604
2025-05-14,-0.17795208096504211,HOLD,0.35590416193008423,0.15239188075065613
2025-05-15,0.1958795189857483,BUY,0.3917590379714966,0.1674230694770813
2025-05-16,0.1967451572418213,BUY,0.3934903144836426,0.16619637608528137
2025-05-19,0.22160327434539795,BUY,0.4432065486907959,0.15688185393810272
2025-05-20,0.22323405742645264,BUY,0.4464681148529053,0.14916665852069855
2025-05-21,0.012777626514434814,HOLD,0.02555525302886963,0.14916665852069855
2025-05-22,0.0330510139465332,HOLD,0.0661020278930664,0.14916665852069855
2025-05-23,0.1887999176979065,BUY,0.377599835395813,0.15688185393810272
2025-05-27,0.301918625831604,BUY,0.603837251663208,0.14402854442596436
2025-05-28,0.26720303297042847,BUY,0.5344060659408569,0.14402854442596436
2025-05-29,0.29449957609176636,BUY,0.5889991521835327,0.14402854442596436
2025-05-30,0.2683035135269165,BUY,0.536607027053833,0.14402854442596436
2025-06-02,0.15589159727096558,BUY,0.31178319454193115,0.14402854442596436
2025-06-03,-0.22414207458496094,HOLD,0.4482841491699219,0.14402854442596436
2025-06-04,-0.2770799696445465,HOLD,0.554159939289093,0.14402854442596436
2025-06-05,-0.2977191060781479,HOLD,0.5954382121562958,0.14402854442596436
2025-06-06,-0.31703464686870575,HOLD,0.6340692937374115,0.14402854442596436
2025-06-09,-0.32789207994937897,HOLD,0.6557841598987579,0.14402854442596436
2025-06-10,-0.23183846473693848,HOLD,0.46367692947387695,0.14402854442596436
2025-06-11,-0.10114175081253052,HOLD,0.20228350162506104,0.14402854442596436
2025-06-12,0.11572641134262085,BUY,0.2314528226852417,0.14402854442596436
2025-06-13,-0.21846133470535278,HOLD,0.43692266941070557,0.1629711538553238
2025-06-16,-0.3707496374845505,HOLD,0.741499274969101,0.15688185393810272
2025-06-17,-0.41485318541526794,HOLD,0.8297063708305359,0.15688185393810272
2025-06-18,-0.41935448348522186,HOLD,0.8387089669704437,0.15688185393810272
2025-06-20,-0.43583788722753525,HOLD,0.8716757744550705,0.1629711538553238
2025-06-23,-0.43840663880109787,HOLD,0.8768132776021957,0.16459621489048004
2025-06-24,-0.4023762121796608,HOLD,0.8047524243593216,0.17368747293949127
2025-06-25,-0.40007462352514267,HOLD,0.8001492470502853,0.1810230016708374
2025-06-26,-0.3902251124382019,HOLD,0.7804502248764038,0.1810230016708374
2025-06-27,-0.392706997692585,HOLD,0.78541399538517,0.1810230016708374
2025-06-30,-0.34126317501068115,HOLD,0.6825263500213623,0.14402854442596436
2025-07-01,-0.40301286429166794,HOLD,0.8060257285833359,0.14402854442596436
2025-07-02,-0.4371466413140297,HOLD,0.8742932826280594,0.1766921877861023
2025-07-03,-0.4387849122285843,HOLD,0.8775698244571686,0.1810230016708374
2025-07-07,-0.4181719049811363,HOLD,0.8363438099622726,0.20209766924381256
2025-07-08,-0.4420201778411865,HOLD,0.884040355682373,0.20209766924381256
2025-07-09,-0.4015152305364609,HOLD,0.8030304610729218,0.20209766924381256
2025-07-10,-0.40706726163625717,HOLD,0.8141345232725143,0.18756221234798431
2025-07-11,-0.27180829644203186,HOLD,0.5436165928840637,0.19013532996177673
2025-07-14,-0.29481951892375946,HOLD,0.5896390378475189,0.18878139555454254
2025-07-15,-0.2693963795900345,HOLD,0.538792759180069,0.18620038032531738
2025-07-16,-0.39380835741758347,HOLD,0.7876167148351669,0.20909686386585236
2025-07-17,-0.3362024128437042,HOLD,0.6724048256874084,0.17991741001605988
2025-07-18,-0.3309454619884491,HOLD,0.6618909239768982,0.17991741001605988
2025-07-21,-0.33469656109809875,HOLD,0.6693931221961975,0.16619637608528137
2025-07-22,-0.21877941489219666,HOLD,0.4375588297843933,0.16619637608528137
2025-07-23,0.32457709312438965,BUY,0.6491541862487793,0.15779955685138702
2025-07-24,0.34626078605651855,BUY,0.6925215721130371,0.15779955685138702
2025-07-25,0.35220688581466675,BUY,0.7044137716293335,0.15239188075065613
2025-07-28,0.40380632877349854,BUY,0.8076126575469971,0.15874524414539337
2025-07-29,0.4265210032463074,BUY,0.8530420064926147,0.15688185393810272
2025-07-30,0.44158732891082764,BUY,0.8831746578216553,0.14402854442596436
2025-07-31,0.44063013792037964,BUY,0.8812602758407593,0.14402854442596436
2025-08-01,0.4184202551841736,BUY,0.8368405103683472,0.14402854442596436
2025-08-04,0.4308894872665405,BUY,0.861778974533081,0.14530803263187408
2025-08-05,0.43342816829681396,BUY,0.8668563365936279,0.14530803263187408
2025-08-06,0.42710936069488525,BUY,0.8542187213897705,0.14402854442596436
2025-08-07,0.4170249104499817,BUY,0.8340498208999634,0.14402854442596436
2025-08-08,0.4507191777229309,BUY,0.9014383554458618,0.14402854442596436
2025-08-11,0.4083779454231262,BUY,0.8167558908462524,0.17769074440002441
2025-08-12,-0.0027333498001098633,HOLD,0.0054666996002197266,0.1911291927099228
2025-08-13,-0.2673783153295517,HOLD,0.5347566306591034,0.18213045597076416
2025-08-14,0.04205000400543213,HOLD,0.08410000801086426,0.18756221234798431
2025-08-15,-0.07860603928565979,HOLD,0.15721207857131958,0.1889161467552185
2025-08-18,-0.14239376783370972,HOLD,0.28478753566741943,0.18987002968788147
2025-08-19,-0.14788073301315308,HOLD,0.29576146602630615,0.19492438435554504
2025-08-20,-0.04866328835487366,HOLD,0.09732657670974731,0.18987002968788147
2025-08-21,-0.04298564791679382,HOLD,0.08597129583358765,0.19492438435554504
2025-08-22,0.04657107591629028,HOLD,0.09314215183258057,0.18850819766521454
2025-08-25,0.1612766981124878,BUY,0.3225533962249756,0.18755431473255157
2025-08-26,0.16577011346817017,BUY,0.33154022693634033,0.17555086314678192
2025-08-27,0.10507690906524658,BUY,0.21015381813049316,0.16839103400707245
2025-08-28,0.0811699628829956,BUY,0.1623399257659912,0.1510300487279892
2025-08-29,-0.10011959075927734,HOLD,0.2002391815185547,0.1510300487279892
2025-09-02,-0.18906700611114502,HOLD,0.37813401222229004,0.1510300487279892
2025-09-03,-0.15898257493972778,HOLD,0.31796514987945557,0.15874524414539337
2025-09-04,-0.12959042191505432,HOLD,0.25918084383010864,0.15874524414539337
2025-09-05,9.745359420776367e-05,HOLD,0.00019490718841552734,0.145891934633255
2025-09-08,-0.24222230911254883,HOLD,0.48444461822509766,0.145891934633255
2025-09-09,-0.19835719466209412,HOLD,0.39671438932418823,0.145891934633255
2025-09-10,-0.2241964042186737,HOLD,0.4483928084373474,0.145891934633255
2025-09-11,-0.29249298572540283,HOLD,0.5849859714508057,0.14402854442596436
2025-09-12,-0.30519212782382965,HOLD,0.6103842556476593,0.14916665852069855
2025-09-15,-0.3610594719648361,HOLD,0.7221189439296722,0.1601070761680603
2025-09-16,-0.35422520339488983,HOLD,0.7084504067897797,0.15239188075065613
2025-09-17,-0.3518775850534439,HOLD,0.7037551701068878,0.1510300487279892
2025-09-18,-0.35696448385715485,HOLD,0.7139289677143097,0.1510300487279892
2025-09-19,-0.33608703315258026,HOLD,0.6721740663051605,0.1601070761680603
2025-09-22,-0.3477482497692108,HOLD,0.6954964995384216,0.16975286602973938
2025-09-23,-0.2980867624282837,HOLD,0.5961735248565674,0.1665276437997818
2025-09-24,-0.22886380553245544,HOLD,0.4577276110649109,0.1629711538553238
2025-09-25,-0.16825035214424133,HOLD,0.33650070428848267,0.1629711538553238
2025-09-26,0.027481377124786377,HOLD,0.054962754249572754,0.14916665852069855
2025-09-29,0.21910220384597778,BUY,0.43820440769195557,0.14402854442596436
2025-09-30,0.19308686256408691,BUY,0.38617372512817383,0.14402854442596436
2025-10-01,0.24903231859207153,BUY,0.49806463718414307,0.14402854442596436
2025-10-02,0.31888347864151,BUY,0.63776695728302,0.14916665852069855
2025-10-03,0.37939679622650146,BUY,0.7587935924530029,0.1480078250169754
2025-10-06,0.37939679622650146,BUY,0.7587935924530029,0.14402854442596436
2025-10-07,0.3726634979248047,BUY,0.7453269958496094,0.14402854442596436
2025-10-08,0.28288960456848145,BUY,0.5657792091369629,0.14402854442596436
2025-10-09,0.37070971727371216,BUY,0.7414194345474243,0.14402854442596436
2025-10-10,0.32795417308807373,BUY,0.6559083461761475,0.14916665852069855
2025-10-13,0.35152971744537354,BUY,0.7030594348907471,0.14916665852069855
2025-10-14,0.39424604177474976,BUY,0.7884920835494995,0.14916665852069855
2025-10-15,0.3661840558052063,BUY,0.7323681116104126,0.14402854442596436
2025-10-16,0.3914340138435364,BUY,0.7828680276870728,0.14402854442596436
2025-10-17,0.3854230046272278,BUY,0.7708460092544556,0.14402854442596436
2025-10-20,0.28988540172576904,BUY,0.5797708034515381,0.1480078250169754
2025-10-21,0.3050214648246765,BUY,0.610042929649353,0.1480078250169754
2025-10-22,0.34109991788864136,BUY,0.6821998357772827,0.14402854442596436
2025-10-23,0.355249285697937,BUY,0.710498571395874,0.14402854442596436
2025-10-24,0.37988704442977905,BUY,0.7597740888595581,0.14402854442596436
2025-10-27,0.37033146619796753,BUY,0.7406629323959351,0.14916665852069855
2025-10-28,0.3685752749443054,BUY,0.7371505498886108,0.1480078250169754
2025-10-29,0.3742879033088684,BUY,0.7485758066177368,0.14402854442596436
2025-10-30,0.418437659740448,BUY,0.836875319480896,0.14402854442596436
2025-10-31,0.4060637354850769,BUY,0.8121274709701538,0.14402854442596436
2025-11-03,0.39218974113464355,BUY,0.7843794822692871,0.14916665852069855
2025-11-04,0.39449232816696167,BUY,0.7889846563339233,0.1629711538553238
2025-11-05,0.35818058252334595,BUY,0.7163611650466919,0.1629711538553238
2025-11-06,0.2502874732017517,BUY,0.5005749464035034,0.2072334736585617
2025-11-07,-0.033203065395355225,HOLD,0.06640613079071045,0.2072334736585617
2025-11-10,0.0026953816413879395,HOLD,0.005390763282775879,0.18792429566383362
2025-11-11,0.01855015754699707,HOLD,0.03710031509399414,0.1866448074579239
2025-11-12,-0.08640998601913452,HOLD,0.17281997203826904,0.1866448074579239
2025-11-13,-0.2970666140317917,HOLD,0.5941332280635834,0.1866448074579239
2025-11-14,-0.26470930874347687,HOLD,0.5294186174869537,0.2104586958885193
2025-11-17,-0.35549837350845337,HOLD,0.7109967470169067,0.24815596640110016
2025-11-18,-0.3480254262685776,HOLD,0.6960508525371552,0.23761633038520813
2025-11-19,-0.3254832923412323,HOLD,0.6509665846824646,0.2501542568206787
2025-11-20,-0.3112214654684067,HOLD,0.6224429309368134,0.23070065677165985
2025-11-21,-0.3446365147829056,HOLD,0.6892730295658112,0.23070065677165985
2025-11-24,-0.37231242656707764,HOLD,0.7446248531341553,0.23070065677165985
2025-11-25,-0.36146239936351776,HOLD,0.7229247987270355,0.23070065677165985
2025-11-26,-0.36966070532798767,HOLD,0.7393214106559753,0.23191983997821808
2025-11-28,-0.37391050159931183,HOLD,0.7478210031986237,0.23055800795555115
2025-12-01,-0.3599369078874588,HOLD,0.7198738157749176,0.22777222096920013
2025-12-02,-0.38714519143104553,HOLD,0.7742903828620911,0.1505098193883896
2025-12-03,-0.32307788729667664,HOLD,0.6461557745933533,0.1505098193883896
2025-12-04,-0.35068845748901367,HOLD,0.7013769149780273,0.1505098193883896
2025-12-05,-0.3874747231602669,HOLD,0.7749494463205338,0.1505098193883896
2025-12-08,-0.40182851254940033,HOLD,0.8036570250988007,0.1593930870294571
2025-12-09,-0.39955371618270874,HOLD,0.7991074323654175,0.1505098193883896
2025-12-10,-0.39955371618270874,HOLD,0.7991074323654175,0.1505098193883896
2025-12-11,-0.3879252225160599,HOLD,0.7758504450321198,0.1505098193883896
2025-12-12,-0.3970990628004074,HOLD,0.7941981256008148,0.1505098193883896
2025-12-15,-0.22580766677856445,HOLD,0.4516153335571289,0.1505098193883896
2025-12-16,-0.23181438446044922,HOLD,0.46362876892089844,0.1505098193883896
2025-12-17,-0.23677638173103333,HOLD,0.47355276346206665,0.1505098193883896
2025-12-18,-0.23922473192214966,HOLD,0.4784494638442993,0.1505098193883896
2025-12-19,-0.21521687507629395,HOLD,0.4304337501525879,0.14711111783981323
2025-12-22,-0.2142772674560547,HOLD,0.4285545349121094,0.14711111783981323
2025-12-23,-0.2201334834098816,HOLD,0.4402669668197632,0.14711111783981323
2025-12-24,-0.1749589443206787,HOLD,0.3499178886413574,0.14711111783981323
2025-12-26,-0.17172715067863464,HOLD,0.3434543013572693,0.14711111783981323
2025-12-29,0.30103611946105957,BUY,0.6020722389221191,0.14711111783981323
2025-12-30,0.3401501774787903,BUY,0.6803003549575806,0.14711111783981323
2025-12-31,0.3981451988220215,BUY,0.796290397644043,0.14524772763252258
2026-01-02,0.431000292301178,BUY,0.862000584602356,0.14524772763252258
2026-01-05,0.4382873773574829,BUY,0.8765747547149658,0.15810103714466095
2026-01-06,0.439724862575531,BUY,0.879449725151062,0.15810103714466095
2026-01-07,0.35244596004486084,BUY,0.7048919200897217,0.16419033706188202
2026-01-08,0.28313910961151123,BUY,0.5662782192230225,0.16419033706188202
2026-01-09,0.2788850665092468,BUY,0.5577701330184937,0.15810103714466095
2026-01-12,0.44192975759506226,BUY,0.8838595151901245,0.16419033706188202
2026-01-13,0.3807945251464844,BUY,0.7615890502929688,0.16581539809703827
2026-01-14,0.3798515200614929,BUY,0.7597030401229858,0.1736539602279663
2026-01-15,0.34713059663772583,BUY,0.6942611932754517,0.17791137099266052
2026-01-16,0.36330705881118774,BUY,0.7266141176223755,0.17791137099266052
2026-01-20,0.37655574083328247,BUY,0.7531114816665649,0.1736539602279663
2026-01-21,0.3817855715751648,BUY,0.7635711431503296,0.1749066561460495
2026-01-22,0.4094487428665161,BUY,0.8188974857330322,0.1736539602279663
2026-01-23,0.4023512005805969,BUY,0.8047024011611938,0.16774682700634003
2026-01-26,0.4160613417625427,BUY,0.8321226835250854,0.1736539602279663
2026-01-27,0.3969423770904541,BUY,0.7938847541809082,0.15038584172725677
2026-01-28,0.4379156827926636,BUY,0.8758313655853271,0.14653567969799042
2026-01-29,0.4739433526992798,BUY,0.9478867053985596,0.15038584172725677
2026-01-30,0.4719807505607605,BUY,0.943961501121521,0.14524772763252258
2026-02-02,0.4684174060821533,BUY,0.9368348121643066,0.14524772763252258
2026-02-03,0.46925461292266846,BUY,0.9385092258453369,0.14524772763252258
2026-02-04,0.43287551403045654,BUY,0.8657510280609131,0.15810103714466095
2026-02-05,0.40032100677490234,BUY,0.8006420135498047,0.16902631521224976
2026-02-06,0.40687960386276245,BUY,0.8137592077255249,0.16902631521224976
2026-02-09,0.40032100677490234,BUY,0.8006420135498047,0.16774682700634003
2026-02-10,0.40032100677490234,BUY,0.8006420135498047,0.16774682700634003
2026-02-11,0.38650989532470703,BUY,0.7730197906494141,0.16774682700634003
2026-02-12,0.4014078974723816,BUY,0.8028157949447632,0.16774682700634003
2026-02-13,0.39303117990493774,BUY,0.7860623598098755,0.16419033706188202
2026-02-17,0.39381295442581177,BUY,0.7876259088516235,0.15810103714466095
2026-02-18,0.42816418409347534,BUY,0.8563283681869507,0.16419033706188202
2026-02-19,0.37336117029190063,BUY,0.7467223405838013,0.14524772763252258
2026-02-20,0.43377768993377686,BUY,0.8675553798675537,0.14524772763252258
2026-02-23,0.4532776474952698,BUY,0.9065552949905396,0.14524772763252258
2026-02-24,0.46208977699279785,BUY,0.9241795539855957,0.14524772763252258
2026-02-25,0.44165241718292236,BUY,0.8833048343658447,0.14524772763252258
2026-02-26,0.43610912561416626,BUY,0.8722182512283325,0.14524772763252258
2026-02-27,0.41796547174453735,BUY,0.8359309434890747,0.14524772763252258
2026-03-02,0.4027828574180603,BUY,0.8055657148361206,0.14524772763252258
2026-03-03,0.313355028629303,BUY,0.626710057258606,0.14524772763252258
2026-03-04,0.22544753551483154,BUY,0.4508950710296631,0.14524772763252258
2026-03-05,0.2581288814544678,BUY,0.5162577629089355,0.14524772763252258
2026-03-06,0.04004216194152832,HOLD,0.08008432388305664,0.14524772763252258
2026-03-09,-0.30055461823940277,HOLD,0.6011092364788055,0.14524772763252258
2026-03-10,-0.3535621166229248,HOLD,0.7071242332458496,0.14524772763252258
2026-03-11,-0.36780786514282227,HOLD,0.7356157302856445,0.14524772763252258
2026-03-12,-0.39269834756851196,HOLD,0.7853966951370239,0.14524772763252258
2026-03-13,-0.15838921070098877,HOLD,0.31677842140197754,0.14524772763252258
2026-03-16,-0.04472595453262329,HOLD,0.08945190906524658,0.23883551359176636
2026-03-17,0.03662121295928955,HOLD,0.0732424259185791,0.23883551359176636
2026-03-18,-0.11653116345405579,HOLD,0.23306232690811157,0.23883551359176636
2026-03-19,-0.26770225167274475,HOLD,0.5354045033454895,0.23543681204319
2026-03-20,-0.12255248427391052,HOLD,0.24510496854782104,0.22652293741703033
2026-03-23,-0.1881309151649475,HOLD,0.376261830329895,0.22652293741703033
2026-03-24,0.022686243057250977,HOLD,0.04537248611450195,0.22652293741703033
2026-03-25,-0.1785007119178772,HOLD,0.3570014238357544,0.22652293741703033
2026-03-26,-0.22385349869728088,HOLD,0.44770699739456177,0.2251611053943634
2026-03-27,0.1420426368713379,BUY,0.2840852737426758,0.2251611053943634
2026-03-30,0.22675907611846924,BUY,0.4535181522369385,0.14711111783981323
2026-03-31,0.05598330497741699,HOLD,0.11196660995483398,0.15224923193454742
2026-04-01,0.012451410293579102,HOLD,0.024902820587158203,0.15224923193454742
2026-04-02,0.07321971654891968,HOLD,0.14643943309783936,0.15109039843082428
2026-04-06,0.10264217853546143,BUY,0.20528435707092285,0.14711111783981323
2026-04-07,0.1446458101272583,BUY,0.2892916202545166,0.15224923193454742
2026-04-08,0.1484365463256836,BUY,0.2968730926513672,0.14711111783981323
2026-04-09,0.19697320461273193,BUY,0.39394640922546387,0.14711111783981323
2026-04-10,0.14544856548309326,BUY,0.2908971309661865,0.14711111783981323
2026-04-13,0.3935525417327881,BUY,0.7871050834655762,0.14711111783981323
2026-04-14,0.31957703828811646,BUY,0.6391540765762329,0.14711111783981323
2026-04-15,0.36413413286209106,BUY,0.7282682657241821,0.14711111783981323
2026-04-16,0.3830009698867798,BUY,0.7660019397735596,0.14833781123161316
2026-04-17,0.38672590255737305,BUY,0.7734518051147461,0.14711111783981323
2026-04-20,0.36763834953308105,BUY,0.7352766990661621,0.14711111783981323
2026-04-21,0.2558366656303406,BUY,0.5116733312606812,0.14711111783981323
2026-04-22,0.35023319721221924,BUY,0.7004663944244385,0.14711111783981323
2026-04-23,0.34885942935943604,BUY,0.6977188587188721,0.14711111783981323
2026-04-24,0.341897189617157,BUY,0.683794379234314,0.14711111783981323
2026-04-27,0.1653079390525818,BUY,0.3306158781051636,0.14711111783981323
2026-04-28,0.2125818133354187,BUY,0.4251636266708374,0.14524772763252258
2026-04-29,0.21471107006072998,BUY,0.42942214012145996,0.14524772763252258
2026-04-30,0.22422611713409424,BUY,0.4484522342681885,0.14524772763252258
2026-05-01,0.09951847791671753,BUY,0.19903695583343506,0.14524772763252258
2026-05-04,-0.24350103735923767,HOLD,0.48700207471847534,0.14524772763252258
2026-05-05,-0.24483105540275574,HOLD,0.4896621108055115,0.15038584172725677
2026-05-06,0.011355459690093994,HOLD,0.02271091938018799,0.15810103714466095
2026-05-07,0.08953118324279785,BUY,0.1790623664855957,0.15810103714466095
2026-05-08,-0.23700955510139465,HOLD,0.4740191102027893,0.16581539809703827
2026-05-11,-0.32907402515411377,HOLD,0.6581480503082275,0.16419033706188202
2026-05-12,-0.2820661664009094,HOLD,0.5641323328018188,0.16419033706188202
2026-05-13,-0.27767351269721985,HOLD,0.5553470253944397,0.16419033706188202
2026-05-14,-0.23902618885040283,HOLD,0.47805237770080566,0.21114999055862427
2026-05-15,-0.26120735704898834,HOLD,0.5224147140979767,0.21114999055862427
2026-05-18,-0.4165787398815155,HOLD,0.833157479763031,0.22853262722492218
2026-05-19,-0.41997355222702026,HOLD,0.8399471044540405,0.22853262722492218
2026-05-20,-0.41435668617486954,HOLD,0.8287133723497391,0.22652293741703033
2026-05-21,-0.3751024082303047,HOLD,0.7502048164606094,0.22652293741703033
2026-05-22,-0.39899466931819916,HOLD,0.7979893386363983,0.22652293741703033
2026-05-26,-0.3385225385427475,HOLD,0.677045077085495,0.22652293741703033
2026-05-27,-0.32846665382385254,HOLD,0.6569333076477051,0.2251611053943634
2026-05-28,-0.36550550162792206,HOLD,0.7310110032558441,0.2251611053943634
2026-05-29,-0.19544774293899536,HOLD,0.3908954858779907,0.17977476119995117
2026-06-01,-0.17858055233955383,HOLD,0.35716110467910767,0.17977476119995117
2026-06-02,-0.11279815435409546,HOLD,0.22559630870819092,0.14833781123161316
2026-06-03,-0.12043622136116028,HOLD,0.24087244272232056,0.14932416379451752
2026-06-04,-0.022447556257247925,HOLD,0.04489511251449585,0.1570097655057907
2026-06-05,0.05773133039474487,HOLD,0.11546266078948975,0.1570097655057907
2026-06-08,0.04435932636260986,HOLD,0.08871865272521973,0.15187165141105652
2026-06-09,0.1439189314842224,BUY,0.2878378629684448,0.1505098193883896
2026-06-10,0.21107077598571777,BUY,0.42214155197143555,0.1570097655057907
2026-06-11,0.27221429347991943,BUY,0.5444285869598389,0.15187165141105652
2026-06-12,0.28415369987487793,BUY,0.5683073997497559,0.15187165141105652
2026-06-15,0.28644853830337524,BUY,0.5728970766067505,0.1570097655057907
2026-06-16,0.3661254048347473,BUY,0.7322508096694946,0.16217747330665588
2026-06-17,0.39318740367889404,BUY,0.7863748073577881,0.15347592532634735
2026-06-18,0.3933511972427368,BUY,0.7867023944854736,0.14711111783981323
2026-06-22,0.4344766139984131,BUY,0.8689532279968262,0.14711111783981323
2026-06-23,0.43681657314300537,BUY,0.8736331462860107,0.14711111783981323
2026-06-24,0.43323439359664917,BUY,0.8664687871932983,0.14956365525722504
2026-06-25,0.4405452013015747,BUY,0.8810904026031494,0.15470176935195923
2026-06-26,0.4373936057090759,BUY,0.8747872114181519,0.15085160732269287
2026-06-29,0.4274972677230835,BUY,0.854994535446167,0.16055357456207275
2026-06-30,0.43431270122528076,BUY,0.8686254024505615,0.16664287447929382
2026-07-01,0.3822024464607239,BUY,0.7644048929214478,0.16055357456207275
2026-07-02,0.2607657313346863,BUY,0.5215314626693726,0.16664287447929382
2026-07-06,0.07579243183135986,HOLD,0.15158486366271973,0.2323741763830185
2026-07-07,0.31511062383651733,BUY,0.6302212476730347,0.2323741763830185
2026-07-08,0.23971951007843018,BUY,0.47943902015686035,0.2323741763830185
2026-07-09,0.1169121265411377,BUY,0.2338242530822754,0.2323741763830185
2026-07-10,-0.17474067211151123,HOLD,0.34948134422302246,0.2323741763830185
2026-07-13,-0.2496713101863861,HOLD,0.4993426203727722,0.2299216389656067
2026-07-14,-0.35764944553375244,HOLD,0.7152988910675049,0.2177739143371582
2026-07-15,-0.3688834011554718,HOLD,0.7377668023109436,0.2177739143371582
2026-07-16,-0.44946127384901047,HOLD,0.8989225476980209,0.22855980694293976
2026-07-17,-0.42388269305229187,HOLD,0.8477653861045837,0.22855980694293976
2026-07-20,-0.4577487148344517,HOLD,0.9154974296689034,0.16826677322387695
2026-07-21,-0.4400668628513813,HOLD,0.8801337257027626,0.16119112074375153
2026-07-22,-0.4148968905210495,HOLD,0.829793781042099,0.1672804206609726
2026-07-23,-0.42538899928331375,HOLD,0.8507779985666275,0.15347592532634735
2026-07-24,-0.4243775010108948,HOLD,0.8487550020217896,0.14833781123161316
2026-07-27,-0.3881196454167366,HOLD,0.7762392908334732,0.20742715895175934
2026-07-28,-0.30347102880477905,HOLD,0.6069420576095581,0.20742715895175934
2026-07-29,-0.14980268478393555,HOLD,0.2996053695678711,0.24540145695209503
2026-07-30,0.06453961133956909,HOLD,0.12907922267913818,0.24540145695209503
2026-07-31,0.2847713828086853,BUY,0.5695427656173706,0.24540145695209503
2026-08-03,0.38373249769210815,BUY,0.7674649953842163,0.22823183238506317
2026-08-04,0.3850916028022766,BUY,0.7701832056045532,0.2309291660785675
2026-08-05,0.41370928287506104,BUY,0.8274185657501221,0.20528727769851685
2026-08-06,0.3563190698623657,BUY,0.7126381397247314,0.2123398333787918
2026-08-07,0.3867449164390564,BUY,0.7734898328781128,0.2029794603586197
2026-08-10,0.3842042088508606,BUY,0.7684084177017212,0.1740456223487854
2026-08-11,0.4018786549568176,BUY,0.8037573099136353,0.1740456223487854
2026-08-12,0.40216904878616333,BUY,0.8043380975723267,0.16119231283664703
2026-08-13,0.4208662509918213,BUY,0.8417325019836426,0.16119231283664703
2026-08-14,0.37403404712677,BUY,0.74806809425354,0.16119231283664703
2026-08-17,0.3496605157852173,BUY,0.6993210315704346,0.17437075078487396
2026-08-18,0.3614778518676758,BUY,0.7229557037353516,0.16123178601264954
2026-08-19,0.3938555121421814,BUY,0.7877110242843628,0.17081426084041595
2026-08-20,0.36939889192581177,BUY,0.7387977838516235,0.16826677322387695
2026-08-21,0.38306939601898193,BUY,0.7661387920379639,0.16826677322387695
2026-08-24,0.36330538988113403,BUY,0.7266107797622681,0.17909222841262817
2026-08-25,0.3776817321777344,BUY,0.7553634643554688,0.16353930532932281
2026-08-26,0.3526628613471985,BUY,0.705325722694397,0.17300891876220703
2026-08-27,0.3812589645385742,BUY,0.7625179290771484,0.17437075078487396
2026-08-28,0.35952454805374146,BUY,0.7190490961074829,0.18027788400650024
2026-08-31,0.35828399658203125,BUY,0.7165679931640625,0.16472496092319489
2026-09-01,0.3544844388961792,BUY,0.7089688777923584,0.18153057992458344
2026-09-02,0.3674312233924866,BUY,0.7348624467849731,0.182308629155159
2026-09-03,0.29805201292037964,BUY,0.5961040258407593,0.1789160519838333
2026-09-04,0.27186334133148193,BUY,0.5437266826629639,0.18453529477119446
2026-09-08,-0.011536628007888794,HOLD,0.023073256015777588,0.18027175962924957
2026-09-09,-0.08233746886253357,HOLD,0.16467493772506714,0.1811365932226181
2026-09-10,-0.1888231635093689,HOLD,0.3776463270187378,0.1749066561460495
2026-09-11,-0.2775987684726715,HOLD,0.555197536945343,0.21560190618038177
2026-09-14,-0.34308581054210663,HOLD,0.6861716210842133,0.21167787909507751
2026-09-15,-0.3531400114297867,HOLD,0.7062800228595734,0.2299216389656067
2026-09-16,-0.3583212047815323,HOLD,0.7166424095630646,0.21658825874328613
2026-09-17,-0.35777488350868225,HOLD,0.7155497670173645,0.2138909250497818
2026-09-18,-0.3674960732460022,HOLD,0.7349921464920044,0.2177739143371582
2026-09-21,-0.39478620886802673,HOLD,0.7895724177360535,0.2299216389656067
2026-09-22,-0.44317661598324776,HOLD,0.8863532319664955,0.2299216389656067
2026-09-23,-0.44684482365846634,HOLD,0.8936896473169327,0.22855980694293976
2026-09-24,-0.4399718940258026,HOLD,0.8799437880516052,0.21641208231449127
2026-09-25,-0.4040013328194618,HOLD,0.8080026656389236,0.18317346274852753
2026-09-28,-0.43494266271591187,HOLD,0.8698853254318237,0.21590271592140198
2026-09-29,-0.4039490073919296,HOLD,0.8078980147838593,0.18367046117782593
2026-09-30,-0.37978291511535645,HOLD,0.7595658302307129,0.182308629155159
2026-10-01,-0.3267860561609268,HOLD,0.6535721123218536,0.182308629155159
2026-10-02,-0.32210391759872437,HOLD,0.6442078351974487,0.1789160519838333
2026-10-05,-0.31761032342910767,HOLD,0.6352206468582153,0.15564793348312378
